[2026-04-16T20:58:20.777+0000] {processor.py:186} INFO - Started process (PID=180) to work on /opt/airflow/dags/dag_1.py
[2026-04-16T20:58:20.778+0000] {processor.py:914} INFO - Processing file /opt/airflow/dags/dag_1.py for tasks to queue
[2026-04-16T20:58:20.780+0000] {logging_mixin.py:190} INFO - [2026-04-16T20:58:20.779+0000] {dagbag.py:588} INFO - Filling up the DagBag from /opt/airflow/dags/dag_1.py
[2026-04-16T20:58:20.792+0000] {processor.py:925} INFO - DAG(s) 'hello_world_dag' retrieved from /opt/airflow/dags/dag_1.py
[2026-04-16T20:58:20.817+0000] {logging_mixin.py:190} INFO - [2026-04-16T20:58:20.817+0000] {dag.py:3239} INFO - Sync 1 DAGs
[2026-04-16T20:58:20.840+0000] {logging_mixin.py:190} INFO - [2026-04-16T20:58:20.840+0000] {dag.py:4180} INFO - Setting next_dagrun for hello_world_dag to None, run_after=None
[2026-04-16T20:58:20.868+0000] {processor.py:208} INFO - Processing /opt/airflow/dags/dag_1.py took 0.098 seconds
[2026-04-16T21:54:20.027+0000] {processor.py:186} INFO - Started process (PID=180) to work on /opt/airflow/dags/dag_1.py
[2026-04-16T21:54:20.028+0000] {processor.py:914} INFO - Processing file /opt/airflow/dags/dag_1.py for tasks to queue
[2026-04-16T21:54:20.030+0000] {logging_mixin.py:190} INFO - [2026-04-16T21:54:20.029+0000] {dagbag.py:588} INFO - Filling up the DagBag from /opt/airflow/dags/dag_1.py
[2026-04-16T21:54:20.039+0000] {processor.py:925} INFO - DAG(s) 'hello_world_dag' retrieved from /opt/airflow/dags/dag_1.py
[2026-04-16T21:54:20.061+0000] {logging_mixin.py:190} INFO - [2026-04-16T21:54:20.061+0000] {dag.py:3239} INFO - Sync 1 DAGs
[2026-04-16T21:54:20.077+0000] {logging_mixin.py:190} INFO - [2026-04-16T21:54:20.077+0000] {dag.py:4180} INFO - Setting next_dagrun for hello_world_dag to None, run_after=None
[2026-04-16T21:54:20.093+0000] {processor.py:208} INFO - Processing /opt/airflow/dags/dag_1.py took 0.070 seconds
[2026-04-16T21:54:50.302+0000] {processor.py:186} INFO - Started process (PID=191) to work on /opt/airflow/dags/dag_1.py
[2026-04-16T21:54:50.304+0000] {processor.py:914} INFO - Processing file /opt/airflow/dags/dag_1.py for tasks to queue
[2026-04-16T21:54:50.308+0000] {logging_mixin.py:190} INFO - [2026-04-16T21:54:50.307+0000] {dagbag.py:588} INFO - Filling up the DagBag from /opt/airflow/dags/dag_1.py
[2026-04-16T21:54:50.321+0000] {processor.py:925} INFO - DAG(s) 'hello_world_dag' retrieved from /opt/airflow/dags/dag_1.py
[2026-04-16T21:54:50.344+0000] {logging_mixin.py:190} INFO - [2026-04-16T21:54:50.344+0000] {dag.py:3239} INFO - Sync 1 DAGs
[2026-04-16T21:54:50.356+0000] {logging_mixin.py:190} INFO - [2026-04-16T21:54:50.356+0000] {dag.py:4180} INFO - Setting next_dagrun for hello_world_dag to None, run_after=None
[2026-04-16T21:54:50.372+0000] {processor.py:208} INFO - Processing /opt/airflow/dags/dag_1.py took 0.087 seconds
[2026-04-16T21:55:20.618+0000] {processor.py:186} INFO - Started process (PID=202) to work on /opt/airflow/dags/dag_1.py
[2026-04-16T21:55:20.619+0000] {processor.py:914} INFO - Processing file /opt/airflow/dags/dag_1.py for tasks to queue
[2026-04-16T21:55:20.620+0000] {logging_mixin.py:190} INFO - [2026-04-16T21:55:20.620+0000] {dagbag.py:588} INFO - Filling up the DagBag from /opt/airflow/dags/dag_1.py
[2026-04-16T21:55:20.628+0000] {processor.py:925} INFO - DAG(s) 'hello_world_dag' retrieved from /opt/airflow/dags/dag_1.py
[2026-04-16T21:55:20.648+0000] {logging_mixin.py:190} INFO - [2026-04-16T21:55:20.647+0000] {dag.py:3239} INFO - Sync 1 DAGs
[2026-04-16T21:55:20.659+0000] {logging_mixin.py:190} INFO - [2026-04-16T21:55:20.659+0000] {dag.py:4180} INFO - Setting next_dagrun for hello_world_dag to None, run_after=None
[2026-04-16T21:55:20.673+0000] {processor.py:208} INFO - Processing /opt/airflow/dags/dag_1.py took 0.060 seconds
[2026-04-16T21:55:50.890+0000] {processor.py:186} INFO - Started process (PID=213) to work on /opt/airflow/dags/dag_1.py
[2026-04-16T21:55:50.891+0000] {processor.py:914} INFO - Processing file /opt/airflow/dags/dag_1.py for tasks to queue
[2026-04-16T21:55:50.892+0000] {logging_mixin.py:190} INFO - [2026-04-16T21:55:50.892+0000] {dagbag.py:588} INFO - Filling up the DagBag from /opt/airflow/dags/dag_1.py
[2026-04-16T21:55:50.900+0000] {processor.py:925} INFO - DAG(s) 'hello_world_dag' retrieved from /opt/airflow/dags/dag_1.py
[2026-04-16T21:55:50.919+0000] {logging_mixin.py:190} INFO - [2026-04-16T21:55:50.918+0000] {dag.py:3239} INFO - Sync 1 DAGs
[2026-04-16T21:55:50.930+0000] {logging_mixin.py:190} INFO - [2026-04-16T21:55:50.930+0000] {dag.py:4180} INFO - Setting next_dagrun for hello_world_dag to None, run_after=None
[2026-04-16T21:55:50.944+0000] {processor.py:208} INFO - Processing /opt/airflow/dags/dag_1.py took 0.059 seconds
[2026-04-16T21:56:21.103+0000] {processor.py:186} INFO - Started process (PID=224) to work on /opt/airflow/dags/dag_1.py
[2026-04-16T21:56:21.109+0000] {processor.py:914} INFO - Processing file /opt/airflow/dags/dag_1.py for tasks to queue
[2026-04-16T21:56:21.111+0000] {logging_mixin.py:190} INFO - [2026-04-16T21:56:21.111+0000] {dagbag.py:588} INFO - Filling up the DagBag from /opt/airflow/dags/dag_1.py
[2026-04-16T21:56:21.118+0000] {processor.py:925} INFO - DAG(s) 'hello_world_dag' retrieved from /opt/airflow/dags/dag_1.py
[2026-04-16T21:56:21.138+0000] {logging_mixin.py:190} INFO - [2026-04-16T21:56:21.138+0000] {dag.py:3239} INFO - Sync 1 DAGs
[2026-04-16T21:56:21.149+0000] {logging_mixin.py:190} INFO - [2026-04-16T21:56:21.149+0000] {dag.py:4180} INFO - Setting next_dagrun for hello_world_dag to None, run_after=None
[2026-04-16T21:56:21.163+0000] {processor.py:208} INFO - Processing /opt/airflow/dags/dag_1.py took 0.065 seconds
[2026-04-16T21:56:51.387+0000] {processor.py:186} INFO - Started process (PID=235) to work on /opt/airflow/dags/dag_1.py
[2026-04-16T21:56:51.388+0000] {processor.py:914} INFO - Processing file /opt/airflow/dags/dag_1.py for tasks to queue
[2026-04-16T21:56:51.390+0000] {logging_mixin.py:190} INFO - [2026-04-16T21:56:51.390+0000] {dagbag.py:588} INFO - Filling up the DagBag from /opt/airflow/dags/dag_1.py
[2026-04-16T21:56:51.397+0000] {processor.py:925} INFO - DAG(s) 'hello_world_dag' retrieved from /opt/airflow/dags/dag_1.py
[2026-04-16T21:56:51.416+0000] {logging_mixin.py:190} INFO - [2026-04-16T21:56:51.416+0000] {dag.py:3239} INFO - Sync 1 DAGs
[2026-04-16T21:56:51.431+0000] {logging_mixin.py:190} INFO - [2026-04-16T21:56:51.431+0000] {dag.py:4180} INFO - Setting next_dagrun for hello_world_dag to None, run_after=None
[2026-04-16T21:56:51.445+0000] {processor.py:208} INFO - Processing /opt/airflow/dags/dag_1.py took 0.063 seconds
[2026-04-16T21:57:21.645+0000] {processor.py:186} INFO - Started process (PID=246) to work on /opt/airflow/dags/dag_1.py
[2026-04-16T21:57:21.653+0000] {processor.py:914} INFO - Processing file /opt/airflow/dags/dag_1.py for tasks to queue
[2026-04-16T21:57:21.663+0000] {logging_mixin.py:190} INFO - [2026-04-16T21:57:21.658+0000] {dagbag.py:588} INFO - Filling up the DagBag from /opt/airflow/dags/dag_1.py
[2026-04-16T21:57:21.679+0000] {processor.py:925} INFO - DAG(s) 'hello_world_dag' retrieved from /opt/airflow/dags/dag_1.py
[2026-04-16T21:57:21.700+0000] {logging_mixin.py:190} INFO - [2026-04-16T21:57:21.700+0000] {dag.py:3239} INFO - Sync 1 DAGs
[2026-04-16T21:57:21.711+0000] {logging_mixin.py:190} INFO - [2026-04-16T21:57:21.711+0000] {dag.py:4180} INFO - Setting next_dagrun for hello_world_dag to None, run_after=None
[2026-04-16T21:57:21.726+0000] {processor.py:208} INFO - Processing /opt/airflow/dags/dag_1.py took 0.094 seconds
[2026-04-16T21:57:51.926+0000] {processor.py:186} INFO - Started process (PID=257) to work on /opt/airflow/dags/dag_1.py
[2026-04-16T21:57:51.927+0000] {processor.py:914} INFO - Processing file /opt/airflow/dags/dag_1.py for tasks to queue
[2026-04-16T21:57:51.930+0000] {logging_mixin.py:190} INFO - [2026-04-16T21:57:51.930+0000] {dagbag.py:588} INFO - Filling up the DagBag from /opt/airflow/dags/dag_1.py
[2026-04-16T21:57:51.944+0000] {processor.py:925} INFO - DAG(s) 'hello_world_dag' retrieved from /opt/airflow/dags/dag_1.py
[2026-04-16T21:57:51.968+0000] {logging_mixin.py:190} INFO - [2026-04-16T21:57:51.967+0000] {dag.py:3239} INFO - Sync 1 DAGs
[2026-04-16T21:57:51.979+0000] {logging_mixin.py:190} INFO - [2026-04-16T21:57:51.979+0000] {dag.py:4180} INFO - Setting next_dagrun for hello_world_dag to None, run_after=None
[2026-04-16T21:57:51.994+0000] {processor.py:208} INFO - Processing /opt/airflow/dags/dag_1.py took 0.076 seconds
[2026-04-16T21:58:22.208+0000] {processor.py:186} INFO - Started process (PID=268) to work on /opt/airflow/dags/dag_1.py
[2026-04-16T21:58:22.215+0000] {processor.py:914} INFO - Processing file /opt/airflow/dags/dag_1.py for tasks to queue
[2026-04-16T21:58:22.217+0000] {logging_mixin.py:190} INFO - [2026-04-16T21:58:22.217+0000] {dagbag.py:588} INFO - Filling up the DagBag from /opt/airflow/dags/dag_1.py
[2026-04-16T21:58:22.225+0000] {processor.py:925} INFO - DAG(s) 'hello_world_dag' retrieved from /opt/airflow/dags/dag_1.py
[2026-04-16T21:58:22.247+0000] {logging_mixin.py:190} INFO - [2026-04-16T21:58:22.247+0000] {dag.py:3239} INFO - Sync 1 DAGs
[2026-04-16T21:58:22.260+0000] {logging_mixin.py:190} INFO - [2026-04-16T21:58:22.260+0000] {dag.py:4180} INFO - Setting next_dagrun for hello_world_dag to None, run_after=None
[2026-04-16T21:58:22.274+0000] {processor.py:208} INFO - Processing /opt/airflow/dags/dag_1.py took 0.071 seconds
[2026-04-16T21:58:52.474+0000] {processor.py:186} INFO - Started process (PID=279) to work on /opt/airflow/dags/dag_1.py
[2026-04-16T21:58:52.474+0000] {processor.py:914} INFO - Processing file /opt/airflow/dags/dag_1.py for tasks to queue
[2026-04-16T21:58:52.476+0000] {logging_mixin.py:190} INFO - [2026-04-16T21:58:52.476+0000] {dagbag.py:588} INFO - Filling up the DagBag from /opt/airflow/dags/dag_1.py
[2026-04-16T21:58:52.483+0000] {processor.py:925} INFO - DAG(s) 'hello_world_dag' retrieved from /opt/airflow/dags/dag_1.py
[2026-04-16T21:58:52.502+0000] {logging_mixin.py:190} INFO - [2026-04-16T21:58:52.502+0000] {dag.py:3239} INFO - Sync 1 DAGs
[2026-04-16T21:58:52.517+0000] {logging_mixin.py:190} INFO - [2026-04-16T21:58:52.516+0000] {dag.py:4180} INFO - Setting next_dagrun for hello_world_dag to None, run_after=None
[2026-04-16T21:58:52.534+0000] {processor.py:208} INFO - Processing /opt/airflow/dags/dag_1.py took 0.066 seconds
[2026-04-16T21:59:22.782+0000] {processor.py:186} INFO - Started process (PID=290) to work on /opt/airflow/dags/dag_1.py
[2026-04-16T21:59:22.783+0000] {processor.py:914} INFO - Processing file /opt/airflow/dags/dag_1.py for tasks to queue
[2026-04-16T21:59:22.784+0000] {logging_mixin.py:190} INFO - [2026-04-16T21:59:22.784+0000] {dagbag.py:588} INFO - Filling up the DagBag from /opt/airflow/dags/dag_1.py
[2026-04-16T21:59:22.791+0000] {processor.py:925} INFO - DAG(s) 'hello_world_dag' retrieved from /opt/airflow/dags/dag_1.py
[2026-04-16T21:59:22.811+0000] {logging_mixin.py:190} INFO - [2026-04-16T21:59:22.811+0000] {dag.py:3239} INFO - Sync 1 DAGs
[2026-04-16T21:59:22.822+0000] {logging_mixin.py:190} INFO - [2026-04-16T21:59:22.822+0000] {dag.py:4180} INFO - Setting next_dagrun for hello_world_dag to None, run_after=None
[2026-04-16T21:59:22.837+0000] {processor.py:208} INFO - Processing /opt/airflow/dags/dag_1.py took 0.060 seconds
[2026-04-16T21:59:53.020+0000] {processor.py:186} INFO - Started process (PID=301) to work on /opt/airflow/dags/dag_1.py
[2026-04-16T21:59:53.021+0000] {processor.py:914} INFO - Processing file /opt/airflow/dags/dag_1.py for tasks to queue
[2026-04-16T21:59:53.023+0000] {logging_mixin.py:190} INFO - [2026-04-16T21:59:53.022+0000] {dagbag.py:588} INFO - Filling up the DagBag from /opt/airflow/dags/dag_1.py
[2026-04-16T21:59:53.030+0000] {processor.py:925} INFO - DAG(s) 'hello_world_dag' retrieved from /opt/airflow/dags/dag_1.py
[2026-04-16T21:59:53.051+0000] {logging_mixin.py:190} INFO - [2026-04-16T21:59:53.050+0000] {dag.py:3239} INFO - Sync 1 DAGs
[2026-04-16T21:59:53.063+0000] {logging_mixin.py:190} INFO - [2026-04-16T21:59:53.062+0000] {dag.py:4180} INFO - Setting next_dagrun for hello_world_dag to None, run_after=None
[2026-04-16T21:59:53.078+0000] {processor.py:208} INFO - Processing /opt/airflow/dags/dag_1.py took 0.062 seconds
[2026-04-16T22:00:23.302+0000] {processor.py:186} INFO - Started process (PID=312) to work on /opt/airflow/dags/dag_1.py
[2026-04-16T22:00:23.309+0000] {processor.py:914} INFO - Processing file /opt/airflow/dags/dag_1.py for tasks to queue
[2026-04-16T22:00:23.310+0000] {logging_mixin.py:190} INFO - [2026-04-16T22:00:23.310+0000] {dagbag.py:588} INFO - Filling up the DagBag from /opt/airflow/dags/dag_1.py
[2026-04-16T22:00:23.317+0000] {processor.py:925} INFO - DAG(s) 'hello_world_dag' retrieved from /opt/airflow/dags/dag_1.py
[2026-04-16T22:00:23.337+0000] {logging_mixin.py:190} INFO - [2026-04-16T22:00:23.337+0000] {dag.py:3239} INFO - Sync 1 DAGs
[2026-04-16T22:00:23.348+0000] {logging_mixin.py:190} INFO - [2026-04-16T22:00:23.348+0000] {dag.py:4180} INFO - Setting next_dagrun for hello_world_dag to None, run_after=None
[2026-04-16T22:00:23.363+0000] {processor.py:208} INFO - Processing /opt/airflow/dags/dag_1.py took 0.065 seconds
[2026-04-16T22:00:53.553+0000] {processor.py:186} INFO - Started process (PID=323) to work on /opt/airflow/dags/dag_1.py
[2026-04-16T22:00:53.554+0000] {processor.py:914} INFO - Processing file /opt/airflow/dags/dag_1.py for tasks to queue
[2026-04-16T22:00:53.556+0000] {logging_mixin.py:190} INFO - [2026-04-16T22:00:53.555+0000] {dagbag.py:588} INFO - Filling up the DagBag from /opt/airflow/dags/dag_1.py
[2026-04-16T22:00:53.563+0000] {processor.py:925} INFO - DAG(s) 'hello_world_dag' retrieved from /opt/airflow/dags/dag_1.py
[2026-04-16T22:00:53.583+0000] {logging_mixin.py:190} INFO - [2026-04-16T22:00:53.582+0000] {dag.py:3239} INFO - Sync 1 DAGs
[2026-04-16T22:00:53.595+0000] {logging_mixin.py:190} INFO - [2026-04-16T22:00:53.594+0000] {dag.py:4180} INFO - Setting next_dagrun for hello_world_dag to None, run_after=None
[2026-04-16T22:00:53.609+0000] {processor.py:208} INFO - Processing /opt/airflow/dags/dag_1.py took 0.061 seconds
[2026-04-16T22:01:23.849+0000] {processor.py:186} INFO - Started process (PID=334) to work on /opt/airflow/dags/dag_1.py
[2026-04-16T22:01:23.855+0000] {processor.py:914} INFO - Processing file /opt/airflow/dags/dag_1.py for tasks to queue
[2026-04-16T22:01:23.857+0000] {logging_mixin.py:190} INFO - [2026-04-16T22:01:23.857+0000] {dagbag.py:588} INFO - Filling up the DagBag from /opt/airflow/dags/dag_1.py
[2026-04-16T22:01:23.865+0000] {processor.py:925} INFO - DAG(s) 'hello_world_dag' retrieved from /opt/airflow/dags/dag_1.py
[2026-04-16T22:01:23.887+0000] {logging_mixin.py:190} INFO - [2026-04-16T22:01:23.887+0000] {dag.py:3239} INFO - Sync 1 DAGs
[2026-04-16T22:01:23.899+0000] {logging_mixin.py:190} INFO - [2026-04-16T22:01:23.899+0000] {dag.py:4180} INFO - Setting next_dagrun for hello_world_dag to None, run_after=None
[2026-04-16T22:01:23.915+0000] {processor.py:208} INFO - Processing /opt/airflow/dags/dag_1.py took 0.071 seconds
[2026-04-16T22:01:54.093+0000] {processor.py:186} INFO - Started process (PID=345) to work on /opt/airflow/dags/dag_1.py
[2026-04-16T22:01:54.094+0000] {processor.py:914} INFO - Processing file /opt/airflow/dags/dag_1.py for tasks to queue
[2026-04-16T22:01:54.096+0000] {logging_mixin.py:190} INFO - [2026-04-16T22:01:54.095+0000] {dagbag.py:588} INFO - Filling up the DagBag from /opt/airflow/dags/dag_1.py
[2026-04-16T22:01:54.102+0000] {processor.py:925} INFO - DAG(s) 'hello_world_dag' retrieved from /opt/airflow/dags/dag_1.py
[2026-04-16T22:01:54.122+0000] {logging_mixin.py:190} INFO - [2026-04-16T22:01:54.122+0000] {dag.py:3239} INFO - Sync 1 DAGs
[2026-04-16T22:01:54.134+0000] {logging_mixin.py:190} INFO - [2026-04-16T22:01:54.134+0000] {dag.py:4180} INFO - Setting next_dagrun for hello_world_dag to None, run_after=None
[2026-04-16T22:01:54.149+0000] {processor.py:208} INFO - Processing /opt/airflow/dags/dag_1.py took 0.060 seconds
[2026-04-16T22:02:24.403+0000] {processor.py:186} INFO - Started process (PID=356) to work on /opt/airflow/dags/dag_1.py
[2026-04-16T22:02:24.403+0000] {processor.py:914} INFO - Processing file /opt/airflow/dags/dag_1.py for tasks to queue
[2026-04-16T22:02:24.405+0000] {logging_mixin.py:190} INFO - [2026-04-16T22:02:24.405+0000] {dagbag.py:588} INFO - Filling up the DagBag from /opt/airflow/dags/dag_1.py
[2026-04-16T22:02:24.412+0000] {processor.py:925} INFO - DAG(s) 'hello_world_dag' retrieved from /opt/airflow/dags/dag_1.py
[2026-04-16T22:02:24.433+0000] {logging_mixin.py:190} INFO - [2026-04-16T22:02:24.433+0000] {dag.py:3239} INFO - Sync 1 DAGs
[2026-04-16T22:02:24.445+0000] {logging_mixin.py:190} INFO - [2026-04-16T22:02:24.445+0000] {dag.py:4180} INFO - Setting next_dagrun for hello_world_dag to None, run_after=None
[2026-04-16T22:02:24.460+0000] {processor.py:208} INFO - Processing /opt/airflow/dags/dag_1.py took 0.062 seconds
[2026-04-16T22:02:54.621+0000] {processor.py:186} INFO - Started process (PID=367) to work on /opt/airflow/dags/dag_1.py
[2026-04-16T22:02:54.621+0000] {processor.py:914} INFO - Processing file /opt/airflow/dags/dag_1.py for tasks to queue
[2026-04-16T22:02:54.623+0000] {logging_mixin.py:190} INFO - [2026-04-16T22:02:54.623+0000] {dagbag.py:588} INFO - Filling up the DagBag from /opt/airflow/dags/dag_1.py
[2026-04-16T22:02:54.630+0000] {processor.py:925} INFO - DAG(s) 'hello_world_dag' retrieved from /opt/airflow/dags/dag_1.py
[2026-04-16T22:02:54.650+0000] {logging_mixin.py:190} INFO - [2026-04-16T22:02:54.650+0000] {dag.py:3239} INFO - Sync 1 DAGs
[2026-04-16T22:02:54.662+0000] {logging_mixin.py:190} INFO - [2026-04-16T22:02:54.662+0000] {dag.py:4180} INFO - Setting next_dagrun for hello_world_dag to None, run_after=None
[2026-04-16T22:02:54.677+0000] {processor.py:208} INFO - Processing /opt/airflow/dags/dag_1.py took 0.061 seconds
[2026-04-16T22:03:24.861+0000] {processor.py:186} INFO - Started process (PID=378) to work on /opt/airflow/dags/dag_1.py
[2026-04-16T22:03:24.868+0000] {processor.py:914} INFO - Processing file /opt/airflow/dags/dag_1.py for tasks to queue
[2026-04-16T22:03:24.872+0000] {logging_mixin.py:190} INFO - [2026-04-16T22:03:24.872+0000] {dagbag.py:588} INFO - Filling up the DagBag from /opt/airflow/dags/dag_1.py
[2026-04-16T22:03:24.893+0000] {processor.py:925} INFO - DAG(s) 'hello_world_dag' retrieved from /opt/airflow/dags/dag_1.py
[2026-04-16T22:03:24.929+0000] {logging_mixin.py:190} INFO - [2026-04-16T22:03:24.928+0000] {dag.py:3239} INFO - Sync 1 DAGs
[2026-04-16T22:03:24.946+0000] {logging_mixin.py:190} INFO - [2026-04-16T22:03:24.946+0000] {dag.py:4180} INFO - Setting next_dagrun for hello_world_dag to None, run_after=None
[2026-04-16T22:03:24.961+0000] {processor.py:208} INFO - Processing /opt/airflow/dags/dag_1.py took 0.105 seconds
[2026-04-16T22:03:55.138+0000] {processor.py:186} INFO - Started process (PID=389) to work on /opt/airflow/dags/dag_1.py
[2026-04-16T22:03:55.144+0000] {processor.py:914} INFO - Processing file /opt/airflow/dags/dag_1.py for tasks to queue
[2026-04-16T22:03:55.146+0000] {logging_mixin.py:190} INFO - [2026-04-16T22:03:55.146+0000] {dagbag.py:588} INFO - Filling up the DagBag from /opt/airflow/dags/dag_1.py
[2026-04-16T22:03:55.153+0000] {processor.py:925} INFO - DAG(s) 'hello_world_dag' retrieved from /opt/airflow/dags/dag_1.py
[2026-04-16T22:03:55.173+0000] {logging_mixin.py:190} INFO - [2026-04-16T22:03:55.173+0000] {dag.py:3239} INFO - Sync 1 DAGs
[2026-04-16T22:03:55.185+0000] {logging_mixin.py:190} INFO - [2026-04-16T22:03:55.185+0000] {dag.py:4180} INFO - Setting next_dagrun for hello_world_dag to None, run_after=None
[2026-04-16T22:03:55.200+0000] {processor.py:208} INFO - Processing /opt/airflow/dags/dag_1.py took 0.067 seconds
[2026-04-16T22:04:25.441+0000] {processor.py:186} INFO - Started process (PID=400) to work on /opt/airflow/dags/dag_1.py
[2026-04-16T22:04:25.442+0000] {processor.py:914} INFO - Processing file /opt/airflow/dags/dag_1.py for tasks to queue
[2026-04-16T22:04:25.444+0000] {logging_mixin.py:190} INFO - [2026-04-16T22:04:25.443+0000] {dagbag.py:588} INFO - Filling up the DagBag from /opt/airflow/dags/dag_1.py
[2026-04-16T22:04:25.451+0000] {processor.py:925} INFO - DAG(s) 'hello_world_dag' retrieved from /opt/airflow/dags/dag_1.py
[2026-04-16T22:04:25.470+0000] {logging_mixin.py:190} INFO - [2026-04-16T22:04:25.470+0000] {dag.py:3239} INFO - Sync 1 DAGs
[2026-04-16T22:04:25.485+0000] {logging_mixin.py:190} INFO - [2026-04-16T22:04:25.485+0000] {dag.py:4180} INFO - Setting next_dagrun for hello_world_dag to None, run_after=None
[2026-04-16T22:04:25.503+0000] {processor.py:208} INFO - Processing /opt/airflow/dags/dag_1.py took 0.068 seconds
[2026-04-16T22:04:55.697+0000] {processor.py:186} INFO - Started process (PID=417) to work on /opt/airflow/dags/dag_1.py
[2026-04-16T22:04:55.705+0000] {processor.py:914} INFO - Processing file /opt/airflow/dags/dag_1.py for tasks to queue
[2026-04-16T22:04:55.709+0000] {logging_mixin.py:190} INFO - [2026-04-16T22:04:55.708+0000] {dagbag.py:588} INFO - Filling up the DagBag from /opt/airflow/dags/dag_1.py
[2026-04-16T22:04:55.726+0000] {processor.py:925} INFO - DAG(s) 'hello_world_dag' retrieved from /opt/airflow/dags/dag_1.py
[2026-04-16T22:04:55.749+0000] {logging_mixin.py:190} INFO - [2026-04-16T22:04:55.749+0000] {dag.py:3239} INFO - Sync 1 DAGs
[2026-04-16T22:04:55.761+0000] {logging_mixin.py:190} INFO - [2026-04-16T22:04:55.761+0000] {dag.py:4180} INFO - Setting next_dagrun for hello_world_dag to None, run_after=None
[2026-04-16T22:04:55.776+0000] {processor.py:208} INFO - Processing /opt/airflow/dags/dag_1.py took 0.093 seconds
[2026-04-16T22:05:26.000+0000] {processor.py:186} INFO - Started process (PID=428) to work on /opt/airflow/dags/dag_1.py
[2026-04-16T22:05:26.001+0000] {processor.py:914} INFO - Processing file /opt/airflow/dags/dag_1.py for tasks to queue
[2026-04-16T22:05:26.004+0000] {logging_mixin.py:190} INFO - [2026-04-16T22:05:26.004+0000] {dagbag.py:588} INFO - Filling up the DagBag from /opt/airflow/dags/dag_1.py
[2026-04-16T22:05:26.013+0000] {processor.py:925} INFO - DAG(s) 'hello_world_dag' retrieved from /opt/airflow/dags/dag_1.py
[2026-04-16T22:05:26.033+0000] {logging_mixin.py:190} INFO - [2026-04-16T22:05:26.033+0000] {dag.py:3239} INFO - Sync 1 DAGs
[2026-04-16T22:05:26.045+0000] {logging_mixin.py:190} INFO - [2026-04-16T22:05:26.045+0000] {dag.py:4180} INFO - Setting next_dagrun for hello_world_dag to None, run_after=None
[2026-04-16T22:05:26.059+0000] {processor.py:208} INFO - Processing /opt/airflow/dags/dag_1.py took 0.069 seconds
[2026-04-16T22:05:56.228+0000] {processor.py:186} INFO - Started process (PID=439) to work on /opt/airflow/dags/dag_1.py
[2026-04-16T22:05:56.234+0000] {processor.py:914} INFO - Processing file /opt/airflow/dags/dag_1.py for tasks to queue
[2026-04-16T22:05:56.236+0000] {logging_mixin.py:190} INFO - [2026-04-16T22:05:56.236+0000] {dagbag.py:588} INFO - Filling up the DagBag from /opt/airflow/dags/dag_1.py
[2026-04-16T22:05:56.244+0000] {processor.py:925} INFO - DAG(s) 'hello_world_dag' retrieved from /opt/airflow/dags/dag_1.py
[2026-04-16T22:05:56.264+0000] {logging_mixin.py:190} INFO - [2026-04-16T22:05:56.264+0000] {dag.py:3239} INFO - Sync 1 DAGs
[2026-04-16T22:05:56.278+0000] {logging_mixin.py:190} INFO - [2026-04-16T22:05:56.277+0000] {dag.py:4180} INFO - Setting next_dagrun for hello_world_dag to None, run_after=None
[2026-04-16T22:05:56.293+0000] {processor.py:208} INFO - Processing /opt/airflow/dags/dag_1.py took 0.071 seconds
[2026-04-16T22:06:26.491+0000] {processor.py:186} INFO - Started process (PID=450) to work on /opt/airflow/dags/dag_1.py
[2026-04-16T22:06:26.491+0000] {processor.py:914} INFO - Processing file /opt/airflow/dags/dag_1.py for tasks to queue
[2026-04-16T22:06:26.493+0000] {logging_mixin.py:190} INFO - [2026-04-16T22:06:26.493+0000] {dagbag.py:588} INFO - Filling up the DagBag from /opt/airflow/dags/dag_1.py
[2026-04-16T22:06:26.501+0000] {processor.py:925} INFO - DAG(s) 'hello_world_dag' retrieved from /opt/airflow/dags/dag_1.py
[2026-04-16T22:06:26.520+0000] {logging_mixin.py:190} INFO - [2026-04-16T22:06:26.519+0000] {dag.py:3239} INFO - Sync 1 DAGs
[2026-04-16T22:06:26.532+0000] {logging_mixin.py:190} INFO - [2026-04-16T22:06:26.532+0000] {dag.py:4180} INFO - Setting next_dagrun for hello_world_dag to None, run_after=None
[2026-04-16T22:06:26.547+0000] {processor.py:208} INFO - Processing /opt/airflow/dags/dag_1.py took 0.061 seconds
[2026-04-16T22:06:56.754+0000] {processor.py:186} INFO - Started process (PID=461) to work on /opt/airflow/dags/dag_1.py
[2026-04-16T22:06:56.760+0000] {processor.py:914} INFO - Processing file /opt/airflow/dags/dag_1.py for tasks to queue
[2026-04-16T22:06:56.762+0000] {logging_mixin.py:190} INFO - [2026-04-16T22:06:56.762+0000] {dagbag.py:588} INFO - Filling up the DagBag from /opt/airflow/dags/dag_1.py
[2026-04-16T22:06:56.770+0000] {processor.py:925} INFO - DAG(s) 'hello_world_dag' retrieved from /opt/airflow/dags/dag_1.py
[2026-04-16T22:06:56.792+0000] {logging_mixin.py:190} INFO - [2026-04-16T22:06:56.792+0000] {dag.py:3239} INFO - Sync 1 DAGs
[2026-04-16T22:06:56.805+0000] {logging_mixin.py:190} INFO - [2026-04-16T22:06:56.805+0000] {dag.py:4180} INFO - Setting next_dagrun for hello_world_dag to None, run_after=None
[2026-04-16T22:06:56.820+0000] {processor.py:208} INFO - Processing /opt/airflow/dags/dag_1.py took 0.071 seconds
[2026-04-16T22:07:27.023+0000] {processor.py:186} INFO - Started process (PID=472) to work on /opt/airflow/dags/dag_1.py
[2026-04-16T22:07:27.024+0000] {processor.py:914} INFO - Processing file /opt/airflow/dags/dag_1.py for tasks to queue
[2026-04-16T22:07:27.027+0000] {logging_mixin.py:190} INFO - [2026-04-16T22:07:27.026+0000] {dagbag.py:588} INFO - Filling up the DagBag from /opt/airflow/dags/dag_1.py
[2026-04-16T22:07:27.039+0000] {processor.py:925} INFO - DAG(s) 'hello_world_dag' retrieved from /opt/airflow/dags/dag_1.py
[2026-04-16T22:07:27.070+0000] {logging_mixin.py:190} INFO - [2026-04-16T22:07:27.070+0000] {dag.py:3239} INFO - Sync 1 DAGs
[2026-04-16T22:07:27.092+0000] {logging_mixin.py:190} INFO - [2026-04-16T22:07:27.092+0000] {dag.py:4180} INFO - Setting next_dagrun for hello_world_dag to None, run_after=None
[2026-04-16T22:07:27.116+0000] {processor.py:208} INFO - Processing /opt/airflow/dags/dag_1.py took 0.102 seconds
[2026-04-16T22:07:57.257+0000] {processor.py:186} INFO - Started process (PID=483) to work on /opt/airflow/dags/dag_1.py
[2026-04-16T22:07:57.264+0000] {processor.py:914} INFO - Processing file /opt/airflow/dags/dag_1.py for tasks to queue
[2026-04-16T22:07:57.265+0000] {logging_mixin.py:190} INFO - [2026-04-16T22:07:57.265+0000] {dagbag.py:588} INFO - Filling up the DagBag from /opt/airflow/dags/dag_1.py
[2026-04-16T22:07:57.272+0000] {processor.py:925} INFO - DAG(s) 'hello_world_dag' retrieved from /opt/airflow/dags/dag_1.py
[2026-04-16T22:07:57.292+0000] {logging_mixin.py:190} INFO - [2026-04-16T22:07:57.292+0000] {dag.py:3239} INFO - Sync 1 DAGs
[2026-04-16T22:07:57.303+0000] {logging_mixin.py:190} INFO - [2026-04-16T22:07:57.303+0000] {dag.py:4180} INFO - Setting next_dagrun for hello_world_dag to None, run_after=None
[2026-04-16T22:07:57.319+0000] {processor.py:208} INFO - Processing /opt/airflow/dags/dag_1.py took 0.067 seconds
[2026-04-16T22:08:27.569+0000] {processor.py:186} INFO - Started process (PID=494) to work on /opt/airflow/dags/dag_1.py
[2026-04-16T22:08:27.569+0000] {processor.py:914} INFO - Processing file /opt/airflow/dags/dag_1.py for tasks to queue
[2026-04-16T22:08:27.571+0000] {logging_mixin.py:190} INFO - [2026-04-16T22:08:27.571+0000] {dagbag.py:588} INFO - Filling up the DagBag from /opt/airflow/dags/dag_1.py
[2026-04-16T22:08:27.580+0000] {processor.py:925} INFO - DAG(s) 'hello_world_dag' retrieved from /opt/airflow/dags/dag_1.py
[2026-04-16T22:08:27.599+0000] {logging_mixin.py:190} INFO - [2026-04-16T22:08:27.599+0000] {dag.py:3239} INFO - Sync 1 DAGs
[2026-04-16T22:08:27.611+0000] {logging_mixin.py:190} INFO - [2026-04-16T22:08:27.611+0000] {dag.py:4180} INFO - Setting next_dagrun for hello_world_dag to None, run_after=None
[2026-04-16T22:08:27.626+0000] {processor.py:208} INFO - Processing /opt/airflow/dags/dag_1.py took 0.062 seconds
[2026-04-16T22:08:57.830+0000] {processor.py:186} INFO - Started process (PID=505) to work on /opt/airflow/dags/dag_1.py
[2026-04-16T22:08:57.836+0000] {processor.py:914} INFO - Processing file /opt/airflow/dags/dag_1.py for tasks to queue
[2026-04-16T22:08:57.838+0000] {logging_mixin.py:190} INFO - [2026-04-16T22:08:57.838+0000] {dagbag.py:588} INFO - Filling up the DagBag from /opt/airflow/dags/dag_1.py
[2026-04-16T22:08:57.845+0000] {processor.py:925} INFO - DAG(s) 'hello_world_dag' retrieved from /opt/airflow/dags/dag_1.py
[2026-04-16T22:08:57.865+0000] {logging_mixin.py:190} INFO - [2026-04-16T22:08:57.865+0000] {dag.py:3239} INFO - Sync 1 DAGs
[2026-04-16T22:08:57.878+0000] {logging_mixin.py:190} INFO - [2026-04-16T22:08:57.878+0000] {dag.py:4180} INFO - Setting next_dagrun for hello_world_dag to None, run_after=None
[2026-04-16T22:08:57.893+0000] {processor.py:208} INFO - Processing /opt/airflow/dags/dag_1.py took 0.068 seconds
[2026-04-16T22:09:28.106+0000] {processor.py:186} INFO - Started process (PID=516) to work on /opt/airflow/dags/dag_1.py
[2026-04-16T22:09:28.107+0000] {processor.py:914} INFO - Processing file /opt/airflow/dags/dag_1.py for tasks to queue
[2026-04-16T22:09:28.108+0000] {logging_mixin.py:190} INFO - [2026-04-16T22:09:28.108+0000] {dagbag.py:588} INFO - Filling up the DagBag from /opt/airflow/dags/dag_1.py
[2026-04-16T22:09:28.116+0000] {processor.py:925} INFO - DAG(s) 'hello_world_dag' retrieved from /opt/airflow/dags/dag_1.py
[2026-04-16T22:09:28.135+0000] {logging_mixin.py:190} INFO - [2026-04-16T22:09:28.135+0000] {dag.py:3239} INFO - Sync 1 DAGs
[2026-04-16T22:09:28.147+0000] {logging_mixin.py:190} INFO - [2026-04-16T22:09:28.147+0000] {dag.py:4180} INFO - Setting next_dagrun for hello_world_dag to None, run_after=None
[2026-04-16T22:09:28.162+0000] {processor.py:208} INFO - Processing /opt/airflow/dags/dag_1.py took 0.061 seconds
[2026-04-16T22:09:58.355+0000] {processor.py:186} INFO - Started process (PID=527) to work on /opt/airflow/dags/dag_1.py
[2026-04-16T22:09:58.356+0000] {processor.py:914} INFO - Processing file /opt/airflow/dags/dag_1.py for tasks to queue
[2026-04-16T22:09:58.358+0000] {logging_mixin.py:190} INFO - [2026-04-16T22:09:58.358+0000] {dagbag.py:588} INFO - Filling up the DagBag from /opt/airflow/dags/dag_1.py
[2026-04-16T22:09:58.365+0000] {processor.py:925} INFO - DAG(s) 'hello_world_dag' retrieved from /opt/airflow/dags/dag_1.py
[2026-04-16T22:09:58.385+0000] {logging_mixin.py:190} INFO - [2026-04-16T22:09:58.385+0000] {dag.py:3239} INFO - Sync 1 DAGs
[2026-04-16T22:09:58.397+0000] {logging_mixin.py:190} INFO - [2026-04-16T22:09:58.397+0000] {dag.py:4180} INFO - Setting next_dagrun for hello_world_dag to None, run_after=None
[2026-04-16T22:09:58.411+0000] {processor.py:208} INFO - Processing /opt/airflow/dags/dag_1.py took 0.061 seconds
[2026-04-16T22:10:28.598+0000] {processor.py:186} INFO - Started process (PID=538) to work on /opt/airflow/dags/dag_1.py
[2026-04-16T22:10:28.599+0000] {processor.py:914} INFO - Processing file /opt/airflow/dags/dag_1.py for tasks to queue
[2026-04-16T22:10:28.601+0000] {logging_mixin.py:190} INFO - [2026-04-16T22:10:28.600+0000] {dagbag.py:588} INFO - Filling up the DagBag from /opt/airflow/dags/dag_1.py
[2026-04-16T22:10:28.608+0000] {processor.py:925} INFO - DAG(s) 'hello_world_dag' retrieved from /opt/airflow/dags/dag_1.py
[2026-04-16T22:10:28.629+0000] {logging_mixin.py:190} INFO - [2026-04-16T22:10:28.628+0000] {dag.py:3239} INFO - Sync 1 DAGs
[2026-04-16T22:10:28.641+0000] {logging_mixin.py:190} INFO - [2026-04-16T22:10:28.641+0000] {dag.py:4180} INFO - Setting next_dagrun for hello_world_dag to None, run_after=None
[2026-04-16T22:10:28.656+0000] {processor.py:208} INFO - Processing /opt/airflow/dags/dag_1.py took 0.063 seconds
[2026-04-16T22:10:58.867+0000] {processor.py:186} INFO - Started process (PID=549) to work on /opt/airflow/dags/dag_1.py
[2026-04-16T22:10:58.874+0000] {processor.py:914} INFO - Processing file /opt/airflow/dags/dag_1.py for tasks to queue
[2026-04-16T22:10:58.876+0000] {logging_mixin.py:190} INFO - [2026-04-16T22:10:58.876+0000] {dagbag.py:588} INFO - Filling up the DagBag from /opt/airflow/dags/dag_1.py
[2026-04-16T22:10:58.883+0000] {processor.py:925} INFO - DAG(s) 'hello_world_dag' retrieved from /opt/airflow/dags/dag_1.py
[2026-04-16T22:10:58.904+0000] {logging_mixin.py:190} INFO - [2026-04-16T22:10:58.903+0000] {dag.py:3239} INFO - Sync 1 DAGs
[2026-04-16T22:10:58.915+0000] {logging_mixin.py:190} INFO - [2026-04-16T22:10:58.915+0000] {dag.py:4180} INFO - Setting next_dagrun for hello_world_dag to None, run_after=None
[2026-04-16T22:10:58.931+0000] {processor.py:208} INFO - Processing /opt/airflow/dags/dag_1.py took 0.070 seconds
[2026-04-16T22:11:29.082+0000] {processor.py:186} INFO - Started process (PID=560) to work on /opt/airflow/dags/dag_1.py
[2026-04-16T22:11:29.082+0000] {processor.py:914} INFO - Processing file /opt/airflow/dags/dag_1.py for tasks to queue
[2026-04-16T22:11:29.084+0000] {logging_mixin.py:190} INFO - [2026-04-16T22:11:29.084+0000] {dagbag.py:588} INFO - Filling up the DagBag from /opt/airflow/dags/dag_1.py
[2026-04-16T22:11:29.091+0000] {processor.py:925} INFO - DAG(s) 'hello_world_dag' retrieved from /opt/airflow/dags/dag_1.py
[2026-04-16T22:11:29.112+0000] {logging_mixin.py:190} INFO - [2026-04-16T22:11:29.111+0000] {dag.py:3239} INFO - Sync 1 DAGs
[2026-04-16T22:11:29.127+0000] {logging_mixin.py:190} INFO - [2026-04-16T22:11:29.127+0000] {dag.py:4180} INFO - Setting next_dagrun for hello_world_dag to None, run_after=None
[2026-04-16T22:11:29.142+0000] {processor.py:208} INFO - Processing /opt/airflow/dags/dag_1.py took 0.066 seconds
[2026-04-16T22:11:59.339+0000] {processor.py:186} INFO - Started process (PID=572) to work on /opt/airflow/dags/dag_1.py
[2026-04-16T22:11:59.346+0000] {processor.py:914} INFO - Processing file /opt/airflow/dags/dag_1.py for tasks to queue
[2026-04-16T22:11:59.347+0000] {logging_mixin.py:190} INFO - [2026-04-16T22:11:59.347+0000] {dagbag.py:588} INFO - Filling up the DagBag from /opt/airflow/dags/dag_1.py
[2026-04-16T22:11:59.355+0000] {processor.py:925} INFO - DAG(s) 'hello_world_dag' retrieved from /opt/airflow/dags/dag_1.py
[2026-04-16T22:11:59.376+0000] {logging_mixin.py:190} INFO - [2026-04-16T22:11:59.376+0000] {dag.py:3239} INFO - Sync 1 DAGs
[2026-04-16T22:11:59.388+0000] {logging_mixin.py:190} INFO - [2026-04-16T22:11:59.388+0000] {dag.py:4180} INFO - Setting next_dagrun for hello_world_dag to None, run_after=None
[2026-04-16T22:11:59.403+0000] {processor.py:208} INFO - Processing /opt/airflow/dags/dag_1.py took 0.069 seconds
[2026-04-16T22:12:29.573+0000] {processor.py:186} INFO - Started process (PID=583) to work on /opt/airflow/dags/dag_1.py
[2026-04-16T22:12:29.574+0000] {processor.py:914} INFO - Processing file /opt/airflow/dags/dag_1.py for tasks to queue
[2026-04-16T22:12:29.575+0000] {logging_mixin.py:190} INFO - [2026-04-16T22:12:29.575+0000] {dagbag.py:588} INFO - Filling up the DagBag from /opt/airflow/dags/dag_1.py
[2026-04-16T22:12:29.582+0000] {processor.py:925} INFO - DAG(s) 'hello_world_dag' retrieved from /opt/airflow/dags/dag_1.py
[2026-04-16T22:12:29.602+0000] {logging_mixin.py:190} INFO - [2026-04-16T22:12:29.602+0000] {dag.py:3239} INFO - Sync 1 DAGs
[2026-04-16T22:12:29.615+0000] {logging_mixin.py:190} INFO - [2026-04-16T22:12:29.614+0000] {dag.py:4180} INFO - Setting next_dagrun for hello_world_dag to None, run_after=None
[2026-04-16T22:12:29.630+0000] {processor.py:208} INFO - Processing /opt/airflow/dags/dag_1.py took 0.063 seconds
[2026-04-16T22:12:59.881+0000] {processor.py:186} INFO - Started process (PID=594) to work on /opt/airflow/dags/dag_1.py
[2026-04-16T22:12:59.888+0000] {processor.py:914} INFO - Processing file /opt/airflow/dags/dag_1.py for tasks to queue
[2026-04-16T22:12:59.889+0000] {logging_mixin.py:190} INFO - [2026-04-16T22:12:59.889+0000] {dagbag.py:588} INFO - Filling up the DagBag from /opt/airflow/dags/dag_1.py
[2026-04-16T22:12:59.897+0000] {processor.py:925} INFO - DAG(s) 'hello_world_dag' retrieved from /opt/airflow/dags/dag_1.py
[2026-04-16T22:12:59.920+0000] {logging_mixin.py:190} INFO - [2026-04-16T22:12:59.920+0000] {dag.py:3239} INFO - Sync 1 DAGs
[2026-04-16T22:12:59.934+0000] {logging_mixin.py:190} INFO - [2026-04-16T22:12:59.934+0000] {dag.py:4180} INFO - Setting next_dagrun for hello_world_dag to None, run_after=None
[2026-04-16T22:12:59.949+0000] {processor.py:208} INFO - Processing /opt/airflow/dags/dag_1.py took 0.074 seconds
[2026-04-16T22:13:30.123+0000] {processor.py:186} INFO - Started process (PID=605) to work on /opt/airflow/dags/dag_1.py
[2026-04-16T22:13:30.124+0000] {processor.py:914} INFO - Processing file /opt/airflow/dags/dag_1.py for tasks to queue
[2026-04-16T22:13:30.129+0000] {logging_mixin.py:190} INFO - [2026-04-16T22:13:30.128+0000] {dagbag.py:588} INFO - Filling up the DagBag from /opt/airflow/dags/dag_1.py
[2026-04-16T22:13:30.141+0000] {processor.py:925} INFO - DAG(s) 'hello_world_dag' retrieved from /opt/airflow/dags/dag_1.py
[2026-04-16T22:13:30.162+0000] {logging_mixin.py:190} INFO - [2026-04-16T22:13:30.162+0000] {dag.py:3239} INFO - Sync 1 DAGs
[2026-04-16T22:13:30.174+0000] {logging_mixin.py:190} INFO - [2026-04-16T22:13:30.174+0000] {dag.py:4180} INFO - Setting next_dagrun for hello_world_dag to None, run_after=None
[2026-04-16T22:13:30.190+0000] {processor.py:208} INFO - Processing /opt/airflow/dags/dag_1.py took 0.085 seconds
[2026-04-16T22:14:00.426+0000] {processor.py:186} INFO - Started process (PID=616) to work on /opt/airflow/dags/dag_1.py
[2026-04-16T22:14:00.426+0000] {processor.py:914} INFO - Processing file /opt/airflow/dags/dag_1.py for tasks to queue
[2026-04-16T22:14:00.428+0000] {logging_mixin.py:190} INFO - [2026-04-16T22:14:00.428+0000] {dagbag.py:588} INFO - Filling up the DagBag from /opt/airflow/dags/dag_1.py
[2026-04-16T22:14:00.435+0000] {processor.py:925} INFO - DAG(s) 'hello_world_dag' retrieved from /opt/airflow/dags/dag_1.py
[2026-04-16T22:14:00.456+0000] {logging_mixin.py:190} INFO - [2026-04-16T22:14:00.456+0000] {dag.py:3239} INFO - Sync 1 DAGs
[2026-04-16T22:14:00.468+0000] {logging_mixin.py:190} INFO - [2026-04-16T22:14:00.468+0000] {dag.py:4180} INFO - Setting next_dagrun for hello_world_dag to None, run_after=None
[2026-04-16T22:14:00.483+0000] {processor.py:208} INFO - Processing /opt/airflow/dags/dag_1.py took 0.064 seconds
[2026-04-16T22:14:30.702+0000] {processor.py:186} INFO - Started process (PID=627) to work on /opt/airflow/dags/dag_1.py
[2026-04-16T22:14:30.703+0000] {processor.py:914} INFO - Processing file /opt/airflow/dags/dag_1.py for tasks to queue
[2026-04-16T22:14:30.705+0000] {logging_mixin.py:190} INFO - [2026-04-16T22:14:30.705+0000] {dagbag.py:588} INFO - Filling up the DagBag from /opt/airflow/dags/dag_1.py
[2026-04-16T22:14:30.712+0000] {processor.py:925} INFO - DAG(s) 'hello_world_dag' retrieved from /opt/airflow/dags/dag_1.py
[2026-04-16T22:14:30.732+0000] {logging_mixin.py:190} INFO - [2026-04-16T22:14:30.731+0000] {dag.py:3239} INFO - Sync 1 DAGs
[2026-04-16T22:14:30.744+0000] {logging_mixin.py:190} INFO - [2026-04-16T22:14:30.744+0000] {dag.py:4180} INFO - Setting next_dagrun for hello_world_dag to None, run_after=None
[2026-04-16T22:14:30.758+0000] {processor.py:208} INFO - Processing /opt/airflow/dags/dag_1.py took 0.061 seconds
[2026-04-16T22:15:00.955+0000] {processor.py:186} INFO - Started process (PID=638) to work on /opt/airflow/dags/dag_1.py
[2026-04-16T22:15:00.962+0000] {processor.py:914} INFO - Processing file /opt/airflow/dags/dag_1.py for tasks to queue
[2026-04-16T22:15:00.964+0000] {logging_mixin.py:190} INFO - [2026-04-16T22:15:00.963+0000] {dagbag.py:588} INFO - Filling up the DagBag from /opt/airflow/dags/dag_1.py
[2026-04-16T22:15:00.971+0000] {processor.py:925} INFO - DAG(s) 'hello_world_dag' retrieved from /opt/airflow/dags/dag_1.py
[2026-04-16T22:15:00.992+0000] {logging_mixin.py:190} INFO - [2026-04-16T22:15:00.991+0000] {dag.py:3239} INFO - Sync 1 DAGs
[2026-04-16T22:15:01.004+0000] {logging_mixin.py:190} INFO - [2026-04-16T22:15:01.003+0000] {dag.py:4180} INFO - Setting next_dagrun for hello_world_dag to None, run_after=None
[2026-04-16T22:15:01.018+0000] {processor.py:208} INFO - Processing /opt/airflow/dags/dag_1.py took 0.067 seconds
[2026-04-16T22:15:31.217+0000] {processor.py:186} INFO - Started process (PID=649) to work on /opt/airflow/dags/dag_1.py
[2026-04-16T22:15:31.218+0000] {processor.py:914} INFO - Processing file /opt/airflow/dags/dag_1.py for tasks to queue
[2026-04-16T22:15:31.220+0000] {logging_mixin.py:190} INFO - [2026-04-16T22:15:31.219+0000] {dagbag.py:588} INFO - Filling up the DagBag from /opt/airflow/dags/dag_1.py
[2026-04-16T22:15:31.226+0000] {processor.py:925} INFO - DAG(s) 'hello_world_dag' retrieved from /opt/airflow/dags/dag_1.py
[2026-04-16T22:15:31.246+0000] {logging_mixin.py:190} INFO - [2026-04-16T22:15:31.245+0000] {dag.py:3239} INFO - Sync 1 DAGs
[2026-04-16T22:15:31.257+0000] {logging_mixin.py:190} INFO - [2026-04-16T22:15:31.257+0000] {dag.py:4180} INFO - Setting next_dagrun for hello_world_dag to None, run_after=None
[2026-04-16T22:15:31.277+0000] {processor.py:208} INFO - Processing /opt/airflow/dags/dag_1.py took 0.065 seconds
[2026-04-16T22:16:01.494+0000] {processor.py:186} INFO - Started process (PID=660) to work on /opt/airflow/dags/dag_1.py
[2026-04-16T22:16:01.500+0000] {processor.py:914} INFO - Processing file /opt/airflow/dags/dag_1.py for tasks to queue
[2026-04-16T22:16:01.502+0000] {logging_mixin.py:190} INFO - [2026-04-16T22:16:01.501+0000] {dagbag.py:588} INFO - Filling up the DagBag from /opt/airflow/dags/dag_1.py
[2026-04-16T22:16:01.509+0000] {processor.py:925} INFO - DAG(s) 'hello_world_dag' retrieved from /opt/airflow/dags/dag_1.py
[2026-04-16T22:16:01.530+0000] {logging_mixin.py:190} INFO - [2026-04-16T22:16:01.529+0000] {dag.py:3239} INFO - Sync 1 DAGs
[2026-04-16T22:16:01.542+0000] {logging_mixin.py:190} INFO - [2026-04-16T22:16:01.542+0000] {dag.py:4180} INFO - Setting next_dagrun for hello_world_dag to None, run_after=None
[2026-04-16T22:16:01.558+0000] {processor.py:208} INFO - Processing /opt/airflow/dags/dag_1.py took 0.069 seconds
[2026-04-16T22:16:31.739+0000] {processor.py:186} INFO - Started process (PID=671) to work on /opt/airflow/dags/dag_1.py
[2026-04-16T22:16:31.739+0000] {processor.py:914} INFO - Processing file /opt/airflow/dags/dag_1.py for tasks to queue
[2026-04-16T22:16:31.741+0000] {logging_mixin.py:190} INFO - [2026-04-16T22:16:31.740+0000] {dagbag.py:588} INFO - Filling up the DagBag from /opt/airflow/dags/dag_1.py
[2026-04-16T22:16:31.747+0000] {processor.py:925} INFO - DAG(s) 'hello_world_dag' retrieved from /opt/airflow/dags/dag_1.py
[2026-04-16T22:16:31.767+0000] {logging_mixin.py:190} INFO - [2026-04-16T22:16:31.766+0000] {dag.py:3239} INFO - Sync 1 DAGs
[2026-04-16T22:16:31.778+0000] {logging_mixin.py:190} INFO - [2026-04-16T22:16:31.778+0000] {dag.py:4180} INFO - Setting next_dagrun for hello_world_dag to None, run_after=None
[2026-04-16T22:16:31.797+0000] {processor.py:208} INFO - Processing /opt/airflow/dags/dag_1.py took 0.063 seconds
[2026-04-16T22:17:02.003+0000] {processor.py:186} INFO - Started process (PID=682) to work on /opt/airflow/dags/dag_1.py
[2026-04-16T22:17:02.009+0000] {processor.py:914} INFO - Processing file /opt/airflow/dags/dag_1.py for tasks to queue
[2026-04-16T22:17:02.011+0000] {logging_mixin.py:190} INFO - [2026-04-16T22:17:02.011+0000] {dagbag.py:588} INFO - Filling up the DagBag from /opt/airflow/dags/dag_1.py
[2026-04-16T22:17:02.018+0000] {processor.py:925} INFO - DAG(s) 'hello_world_dag' retrieved from /opt/airflow/dags/dag_1.py
[2026-04-16T22:17:02.039+0000] {logging_mixin.py:190} INFO - [2026-04-16T22:17:02.038+0000] {dag.py:3239} INFO - Sync 1 DAGs
[2026-04-16T22:17:02.052+0000] {logging_mixin.py:190} INFO - [2026-04-16T22:17:02.052+0000] {dag.py:4180} INFO - Setting next_dagrun for hello_world_dag to None, run_after=None
[2026-04-16T22:17:02.072+0000] {processor.py:208} INFO - Processing /opt/airflow/dags/dag_1.py took 0.074 seconds
[2026-04-16T22:17:32.276+0000] {processor.py:186} INFO - Started process (PID=693) to work on /opt/airflow/dags/dag_1.py
[2026-04-16T22:17:32.277+0000] {processor.py:914} INFO - Processing file /opt/airflow/dags/dag_1.py for tasks to queue
[2026-04-16T22:17:32.278+0000] {logging_mixin.py:190} INFO - [2026-04-16T22:17:32.278+0000] {dagbag.py:588} INFO - Filling up the DagBag from /opt/airflow/dags/dag_1.py
[2026-04-16T22:17:32.285+0000] {processor.py:925} INFO - DAG(s) 'hello_world_dag' retrieved from /opt/airflow/dags/dag_1.py
[2026-04-16T22:17:32.305+0000] {logging_mixin.py:190} INFO - [2026-04-16T22:17:32.305+0000] {dag.py:3239} INFO - Sync 1 DAGs
[2026-04-16T22:17:32.317+0000] {logging_mixin.py:190} INFO - [2026-04-16T22:17:32.317+0000] {dag.py:4180} INFO - Setting next_dagrun for hello_world_dag to None, run_after=None
[2026-04-16T22:17:32.333+0000] {processor.py:208} INFO - Processing /opt/airflow/dags/dag_1.py took 0.062 seconds
[2026-04-16T22:18:02.542+0000] {processor.py:186} INFO - Started process (PID=704) to work on /opt/airflow/dags/dag_1.py
[2026-04-16T22:18:02.549+0000] {processor.py:914} INFO - Processing file /opt/airflow/dags/dag_1.py for tasks to queue
[2026-04-16T22:18:02.550+0000] {logging_mixin.py:190} INFO - [2026-04-16T22:18:02.550+0000] {dagbag.py:588} INFO - Filling up the DagBag from /opt/airflow/dags/dag_1.py
[2026-04-16T22:18:02.559+0000] {processor.py:925} INFO - DAG(s) 'hello_world_dag' retrieved from /opt/airflow/dags/dag_1.py
[2026-04-16T22:18:02.583+0000] {logging_mixin.py:190} INFO - [2026-04-16T22:18:02.583+0000] {dag.py:3239} INFO - Sync 1 DAGs
[2026-04-16T22:18:02.595+0000] {logging_mixin.py:190} INFO - [2026-04-16T22:18:02.595+0000] {dag.py:4180} INFO - Setting next_dagrun for hello_world_dag to None, run_after=None
[2026-04-16T22:18:02.610+0000] {processor.py:208} INFO - Processing /opt/airflow/dags/dag_1.py took 0.073 seconds
[2026-04-16T22:18:32.823+0000] {processor.py:186} INFO - Started process (PID=715) to work on /opt/airflow/dags/dag_1.py
[2026-04-16T22:18:32.824+0000] {processor.py:914} INFO - Processing file /opt/airflow/dags/dag_1.py for tasks to queue
[2026-04-16T22:18:32.826+0000] {logging_mixin.py:190} INFO - [2026-04-16T22:18:32.825+0000] {dagbag.py:588} INFO - Filling up the DagBag from /opt/airflow/dags/dag_1.py
[2026-04-16T22:18:32.835+0000] {processor.py:925} INFO - DAG(s) 'hello_world_dag' retrieved from /opt/airflow/dags/dag_1.py
[2026-04-16T22:18:32.855+0000] {logging_mixin.py:190} INFO - [2026-04-16T22:18:32.855+0000] {dag.py:3239} INFO - Sync 1 DAGs
[2026-04-16T22:18:32.868+0000] {logging_mixin.py:190} INFO - [2026-04-16T22:18:32.868+0000] {dag.py:4180} INFO - Setting next_dagrun for hello_world_dag to None, run_after=None
[2026-04-16T22:18:32.885+0000] {processor.py:208} INFO - Processing /opt/airflow/dags/dag_1.py took 0.066 seconds
[2026-04-16T22:19:03.055+0000] {processor.py:186} INFO - Started process (PID=726) to work on /opt/airflow/dags/dag_1.py
[2026-04-16T22:19:03.062+0000] {processor.py:914} INFO - Processing file /opt/airflow/dags/dag_1.py for tasks to queue
[2026-04-16T22:19:03.064+0000] {logging_mixin.py:190} INFO - [2026-04-16T22:19:03.064+0000] {dagbag.py:588} INFO - Filling up the DagBag from /opt/airflow/dags/dag_1.py
[2026-04-16T22:19:03.073+0000] {processor.py:925} INFO - DAG(s) 'hello_world_dag' retrieved from /opt/airflow/dags/dag_1.py
[2026-04-16T22:19:03.099+0000] {logging_mixin.py:190} INFO - [2026-04-16T22:19:03.098+0000] {dag.py:3239} INFO - Sync 1 DAGs
[2026-04-16T22:19:03.114+0000] {logging_mixin.py:190} INFO - [2026-04-16T22:19:03.114+0000] {dag.py:4180} INFO - Setting next_dagrun for hello_world_dag to None, run_after=None
[2026-04-16T22:19:03.129+0000] {processor.py:208} INFO - Processing /opt/airflow/dags/dag_1.py took 0.080 seconds
[2026-04-16T22:19:33.358+0000] {processor.py:186} INFO - Started process (PID=737) to work on /opt/airflow/dags/dag_1.py
[2026-04-16T22:19:33.358+0000] {processor.py:914} INFO - Processing file /opt/airflow/dags/dag_1.py for tasks to queue
[2026-04-16T22:19:33.360+0000] {logging_mixin.py:190} INFO - [2026-04-16T22:19:33.360+0000] {dagbag.py:588} INFO - Filling up the DagBag from /opt/airflow/dags/dag_1.py
[2026-04-16T22:19:33.368+0000] {processor.py:925} INFO - DAG(s) 'hello_world_dag' retrieved from /opt/airflow/dags/dag_1.py
[2026-04-16T22:19:33.388+0000] {logging_mixin.py:190} INFO - [2026-04-16T22:19:33.388+0000] {dag.py:3239} INFO - Sync 1 DAGs
[2026-04-16T22:19:33.400+0000] {logging_mixin.py:190} INFO - [2026-04-16T22:19:33.400+0000] {dag.py:4180} INFO - Setting next_dagrun for hello_world_dag to None, run_after=None
[2026-04-16T22:19:33.416+0000] {processor.py:208} INFO - Processing /opt/airflow/dags/dag_1.py took 0.063 seconds
[2026-04-16T22:20:03.634+0000] {processor.py:186} INFO - Started process (PID=748) to work on /opt/airflow/dags/dag_1.py
[2026-04-16T22:20:03.636+0000] {processor.py:914} INFO - Processing file /opt/airflow/dags/dag_1.py for tasks to queue
[2026-04-16T22:20:03.641+0000] {logging_mixin.py:190} INFO - [2026-04-16T22:20:03.641+0000] {dagbag.py:588} INFO - Filling up the DagBag from /opt/airflow/dags/dag_1.py
[2026-04-16T22:20:03.655+0000] {processor.py:925} INFO - DAG(s) 'hello_world_dag' retrieved from /opt/airflow/dags/dag_1.py
[2026-04-16T22:20:03.676+0000] {logging_mixin.py:190} INFO - [2026-04-16T22:20:03.676+0000] {dag.py:3239} INFO - Sync 1 DAGs
[2026-04-16T22:20:03.688+0000] {logging_mixin.py:190} INFO - [2026-04-16T22:20:03.688+0000] {dag.py:4180} INFO - Setting next_dagrun for hello_world_dag to None, run_after=None
[2026-04-16T22:20:03.703+0000] {processor.py:208} INFO - Processing /opt/airflow/dags/dag_1.py took 0.082 seconds
[2026-04-16T22:20:33.894+0000] {processor.py:186} INFO - Started process (PID=759) to work on /opt/airflow/dags/dag_1.py
[2026-04-16T22:20:33.894+0000] {processor.py:914} INFO - Processing file /opt/airflow/dags/dag_1.py for tasks to queue
[2026-04-16T22:20:33.896+0000] {logging_mixin.py:190} INFO - [2026-04-16T22:20:33.896+0000] {dagbag.py:588} INFO - Filling up the DagBag from /opt/airflow/dags/dag_1.py
[2026-04-16T22:20:33.904+0000] {processor.py:925} INFO - DAG(s) 'hello_world_dag' retrieved from /opt/airflow/dags/dag_1.py
[2026-04-16T22:20:33.926+0000] {logging_mixin.py:190} INFO - [2026-04-16T22:20:33.925+0000] {dag.py:3239} INFO - Sync 1 DAGs
[2026-04-16T22:20:33.941+0000] {logging_mixin.py:190} INFO - [2026-04-16T22:20:33.941+0000] {dag.py:4180} INFO - Setting next_dagrun for hello_world_dag to None, run_after=None
[2026-04-16T22:20:33.957+0000] {processor.py:208} INFO - Processing /opt/airflow/dags/dag_1.py took 0.068 seconds
[2026-04-16T22:21:04.174+0000] {processor.py:186} INFO - Started process (PID=770) to work on /opt/airflow/dags/dag_1.py
[2026-04-16T22:21:04.181+0000] {processor.py:914} INFO - Processing file /opt/airflow/dags/dag_1.py for tasks to queue
[2026-04-16T22:21:04.183+0000] {logging_mixin.py:190} INFO - [2026-04-16T22:21:04.182+0000] {dagbag.py:588} INFO - Filling up the DagBag from /opt/airflow/dags/dag_1.py
[2026-04-16T22:21:04.191+0000] {processor.py:925} INFO - DAG(s) 'hello_world_dag' retrieved from /opt/airflow/dags/dag_1.py
[2026-04-16T22:21:04.215+0000] {logging_mixin.py:190} INFO - [2026-04-16T22:21:04.215+0000] {dag.py:3239} INFO - Sync 1 DAGs
[2026-04-16T22:21:04.229+0000] {logging_mixin.py:190} INFO - [2026-04-16T22:21:04.229+0000] {dag.py:4180} INFO - Setting next_dagrun for hello_world_dag to None, run_after=None
[2026-04-16T22:21:04.245+0000] {processor.py:208} INFO - Processing /opt/airflow/dags/dag_1.py took 0.075 seconds
[2026-04-16T22:21:34.425+0000] {processor.py:186} INFO - Started process (PID=781) to work on /opt/airflow/dags/dag_1.py
[2026-04-16T22:21:34.426+0000] {processor.py:914} INFO - Processing file /opt/airflow/dags/dag_1.py for tasks to queue
[2026-04-16T22:21:34.427+0000] {logging_mixin.py:190} INFO - [2026-04-16T22:21:34.427+0000] {dagbag.py:588} INFO - Filling up the DagBag from /opt/airflow/dags/dag_1.py
[2026-04-16T22:21:34.434+0000] {processor.py:925} INFO - DAG(s) 'hello_world_dag' retrieved from /opt/airflow/dags/dag_1.py
[2026-04-16T22:21:34.454+0000] {logging_mixin.py:190} INFO - [2026-04-16T22:21:34.454+0000] {dag.py:3239} INFO - Sync 1 DAGs
[2026-04-16T22:21:34.466+0000] {logging_mixin.py:190} INFO - [2026-04-16T22:21:34.466+0000] {dag.py:4180} INFO - Setting next_dagrun for hello_world_dag to None, run_after=None
[2026-04-16T22:21:34.480+0000] {processor.py:208} INFO - Processing /opt/airflow/dags/dag_1.py took 0.061 seconds
[2026-04-16T22:22:04.719+0000] {processor.py:186} INFO - Started process (PID=792) to work on /opt/airflow/dags/dag_1.py
[2026-04-16T22:22:04.726+0000] {processor.py:914} INFO - Processing file /opt/airflow/dags/dag_1.py for tasks to queue
[2026-04-16T22:22:04.727+0000] {logging_mixin.py:190} INFO - [2026-04-16T22:22:04.727+0000] {dagbag.py:588} INFO - Filling up the DagBag from /opt/airflow/dags/dag_1.py
[2026-04-16T22:22:04.734+0000] {processor.py:925} INFO - DAG(s) 'hello_world_dag' retrieved from /opt/airflow/dags/dag_1.py
[2026-04-16T22:22:04.754+0000] {logging_mixin.py:190} INFO - [2026-04-16T22:22:04.754+0000] {dag.py:3239} INFO - Sync 1 DAGs
[2026-04-16T22:22:04.765+0000] {logging_mixin.py:190} INFO - [2026-04-16T22:22:04.765+0000] {dag.py:4180} INFO - Setting next_dagrun for hello_world_dag to None, run_after=None
[2026-04-16T22:22:04.780+0000] {processor.py:208} INFO - Processing /opt/airflow/dags/dag_1.py took 0.065 seconds
[2026-04-16T22:22:34.980+0000] {processor.py:186} INFO - Started process (PID=803) to work on /opt/airflow/dags/dag_1.py
[2026-04-16T22:22:34.982+0000] {processor.py:914} INFO - Processing file /opt/airflow/dags/dag_1.py for tasks to queue
[2026-04-16T22:22:34.987+0000] {logging_mixin.py:190} INFO - [2026-04-16T22:22:34.986+0000] {dagbag.py:588} INFO - Filling up the DagBag from /opt/airflow/dags/dag_1.py
[2026-04-16T22:22:35.000+0000] {processor.py:925} INFO - DAG(s) 'hello_world_dag' retrieved from /opt/airflow/dags/dag_1.py
[2026-04-16T22:22:35.020+0000] {logging_mixin.py:190} INFO - [2026-04-16T22:22:35.020+0000] {dag.py:3239} INFO - Sync 1 DAGs
[2026-04-16T22:22:35.033+0000] {logging_mixin.py:190} INFO - [2026-04-16T22:22:35.032+0000] {dag.py:4180} INFO - Setting next_dagrun for hello_world_dag to None, run_after=None
[2026-04-16T22:22:35.050+0000] {processor.py:208} INFO - Processing /opt/airflow/dags/dag_1.py took 0.084 seconds
[2026-04-16T22:23:05.264+0000] {processor.py:186} INFO - Started process (PID=814) to work on /opt/airflow/dags/dag_1.py
[2026-04-16T22:23:05.270+0000] {processor.py:914} INFO - Processing file /opt/airflow/dags/dag_1.py for tasks to queue
[2026-04-16T22:23:05.272+0000] {logging_mixin.py:190} INFO - [2026-04-16T22:23:05.271+0000] {dagbag.py:588} INFO - Filling up the DagBag from /opt/airflow/dags/dag_1.py
[2026-04-16T22:23:05.280+0000] {processor.py:925} INFO - DAG(s) 'hello_world_dag' retrieved from /opt/airflow/dags/dag_1.py
[2026-04-16T22:23:05.301+0000] {logging_mixin.py:190} INFO - [2026-04-16T22:23:05.301+0000] {dag.py:3239} INFO - Sync 1 DAGs
[2026-04-16T22:23:05.313+0000] {logging_mixin.py:190} INFO - [2026-04-16T22:23:05.313+0000] {dag.py:4180} INFO - Setting next_dagrun for hello_world_dag to None, run_after=None
[2026-04-16T22:23:05.333+0000] {processor.py:208} INFO - Processing /opt/airflow/dags/dag_1.py took 0.074 seconds
[2026-04-16T22:23:35.541+0000] {processor.py:186} INFO - Started process (PID=825) to work on /opt/airflow/dags/dag_1.py
[2026-04-16T22:23:35.542+0000] {processor.py:914} INFO - Processing file /opt/airflow/dags/dag_1.py for tasks to queue
[2026-04-16T22:23:35.543+0000] {logging_mixin.py:190} INFO - [2026-04-16T22:23:35.543+0000] {dagbag.py:588} INFO - Filling up the DagBag from /opt/airflow/dags/dag_1.py
[2026-04-16T22:23:35.551+0000] {processor.py:925} INFO - DAG(s) 'hello_world_dag' retrieved from /opt/airflow/dags/dag_1.py
[2026-04-16T22:23:35.570+0000] {logging_mixin.py:190} INFO - [2026-04-16T22:23:35.570+0000] {dag.py:3239} INFO - Sync 1 DAGs
[2026-04-16T22:23:35.581+0000] {logging_mixin.py:190} INFO - [2026-04-16T22:23:35.581+0000] {dag.py:4180} INFO - Setting next_dagrun for hello_world_dag to None, run_after=None
[2026-04-16T22:23:35.596+0000] {processor.py:208} INFO - Processing /opt/airflow/dags/dag_1.py took 0.060 seconds
[2026-04-16T22:24:05.803+0000] {processor.py:186} INFO - Started process (PID=836) to work on /opt/airflow/dags/dag_1.py
[2026-04-16T22:24:05.804+0000] {processor.py:914} INFO - Processing file /opt/airflow/dags/dag_1.py for tasks to queue
[2026-04-16T22:24:05.807+0000] {logging_mixin.py:190} INFO - [2026-04-16T22:24:05.807+0000] {dagbag.py:588} INFO - Filling up the DagBag from /opt/airflow/dags/dag_1.py
[2026-04-16T22:24:05.817+0000] {processor.py:925} INFO - DAG(s) 'hello_world_dag' retrieved from /opt/airflow/dags/dag_1.py
[2026-04-16T22:24:05.841+0000] {logging_mixin.py:190} INFO - [2026-04-16T22:24:05.840+0000] {dag.py:3239} INFO - Sync 1 DAGs
[2026-04-16T22:24:05.854+0000] {logging_mixin.py:190} INFO - [2026-04-16T22:24:05.854+0000] {dag.py:4180} INFO - Setting next_dagrun for hello_world_dag to None, run_after=None
[2026-04-16T22:24:05.871+0000] {processor.py:208} INFO - Processing /opt/airflow/dags/dag_1.py took 0.074 seconds
[2026-04-16T22:24:36.076+0000] {processor.py:186} INFO - Started process (PID=847) to work on /opt/airflow/dags/dag_1.py
[2026-04-16T22:24:36.077+0000] {processor.py:914} INFO - Processing file /opt/airflow/dags/dag_1.py for tasks to queue
[2026-04-16T22:24:36.079+0000] {logging_mixin.py:190} INFO - [2026-04-16T22:24:36.079+0000] {dagbag.py:588} INFO - Filling up the DagBag from /opt/airflow/dags/dag_1.py
[2026-04-16T22:24:36.086+0000] {processor.py:925} INFO - DAG(s) 'hello_world_dag' retrieved from /opt/airflow/dags/dag_1.py
[2026-04-16T22:24:36.106+0000] {logging_mixin.py:190} INFO - [2026-04-16T22:24:36.106+0000] {dag.py:3239} INFO - Sync 1 DAGs
[2026-04-16T22:24:36.118+0000] {logging_mixin.py:190} INFO - [2026-04-16T22:24:36.118+0000] {dag.py:4180} INFO - Setting next_dagrun for hello_world_dag to None, run_after=None
[2026-04-16T22:24:36.135+0000] {processor.py:208} INFO - Processing /opt/airflow/dags/dag_1.py took 0.063 seconds
[2026-04-16T22:25:06.380+0000] {processor.py:186} INFO - Started process (PID=858) to work on /opt/airflow/dags/dag_1.py
[2026-04-16T22:25:06.387+0000] {processor.py:914} INFO - Processing file /opt/airflow/dags/dag_1.py for tasks to queue
[2026-04-16T22:25:06.389+0000] {logging_mixin.py:190} INFO - [2026-04-16T22:25:06.389+0000] {dagbag.py:588} INFO - Filling up the DagBag from /opt/airflow/dags/dag_1.py
[2026-04-16T22:25:06.396+0000] {processor.py:925} INFO - DAG(s) 'hello_world_dag' retrieved from /opt/airflow/dags/dag_1.py
[2026-04-16T22:25:06.416+0000] {logging_mixin.py:190} INFO - [2026-04-16T22:25:06.416+0000] {dag.py:3239} INFO - Sync 1 DAGs
[2026-04-16T22:25:06.429+0000] {logging_mixin.py:190} INFO - [2026-04-16T22:25:06.429+0000] {dag.py:4180} INFO - Setting next_dagrun for hello_world_dag to None, run_after=None
[2026-04-16T22:25:06.448+0000] {processor.py:208} INFO - Processing /opt/airflow/dags/dag_1.py took 0.076 seconds
[2026-04-16T22:25:36.654+0000] {processor.py:186} INFO - Started process (PID=869) to work on /opt/airflow/dags/dag_1.py
[2026-04-16T22:25:36.655+0000] {processor.py:914} INFO - Processing file /opt/airflow/dags/dag_1.py for tasks to queue
[2026-04-16T22:25:36.656+0000] {logging_mixin.py:190} INFO - [2026-04-16T22:25:36.656+0000] {dagbag.py:588} INFO - Filling up the DagBag from /opt/airflow/dags/dag_1.py
[2026-04-16T22:25:36.664+0000] {processor.py:925} INFO - DAG(s) 'hello_world_dag' retrieved from /opt/airflow/dags/dag_1.py
[2026-04-16T22:25:36.684+0000] {logging_mixin.py:190} INFO - [2026-04-16T22:25:36.684+0000] {dag.py:3239} INFO - Sync 1 DAGs
[2026-04-16T22:25:36.700+0000] {logging_mixin.py:190} INFO - [2026-04-16T22:25:36.700+0000] {dag.py:4180} INFO - Setting next_dagrun for hello_world_dag to None, run_after=None
[2026-04-16T22:25:36.715+0000] {processor.py:208} INFO - Processing /opt/airflow/dags/dag_1.py took 0.065 seconds
[2026-04-16T22:26:06.938+0000] {processor.py:186} INFO - Started process (PID=880) to work on /opt/airflow/dags/dag_1.py
[2026-04-16T22:26:06.945+0000] {processor.py:914} INFO - Processing file /opt/airflow/dags/dag_1.py for tasks to queue
[2026-04-16T22:26:06.948+0000] {logging_mixin.py:190} INFO - [2026-04-16T22:26:06.947+0000] {dagbag.py:588} INFO - Filling up the DagBag from /opt/airflow/dags/dag_1.py
[2026-04-16T22:26:06.956+0000] {processor.py:925} INFO - DAG(s) 'hello_world_dag' retrieved from /opt/airflow/dags/dag_1.py
[2026-04-16T22:26:06.979+0000] {logging_mixin.py:190} INFO - [2026-04-16T22:26:06.978+0000] {dag.py:3239} INFO - Sync 1 DAGs
[2026-04-16T22:26:06.992+0000] {logging_mixin.py:190} INFO - [2026-04-16T22:26:06.992+0000] {dag.py:4180} INFO - Setting next_dagrun for hello_world_dag to None, run_after=None
[2026-04-16T22:26:07.009+0000] {processor.py:208} INFO - Processing /opt/airflow/dags/dag_1.py took 0.079 seconds
[2026-04-16T22:26:37.194+0000] {processor.py:186} INFO - Started process (PID=891) to work on /opt/airflow/dags/dag_1.py
[2026-04-16T22:26:37.195+0000] {processor.py:914} INFO - Processing file /opt/airflow/dags/dag_1.py for tasks to queue
[2026-04-16T22:26:37.197+0000] {logging_mixin.py:190} INFO - [2026-04-16T22:26:37.196+0000] {dagbag.py:588} INFO - Filling up the DagBag from /opt/airflow/dags/dag_1.py
[2026-04-16T22:26:37.204+0000] {processor.py:925} INFO - DAG(s) 'hello_world_dag' retrieved from /opt/airflow/dags/dag_1.py
[2026-04-16T22:26:37.224+0000] {logging_mixin.py:190} INFO - [2026-04-16T22:26:37.224+0000] {dag.py:3239} INFO - Sync 1 DAGs
[2026-04-16T22:26:37.237+0000] {logging_mixin.py:190} INFO - [2026-04-16T22:26:37.236+0000] {dag.py:4180} INFO - Setting next_dagrun for hello_world_dag to None, run_after=None
[2026-04-16T22:26:37.252+0000] {processor.py:208} INFO - Processing /opt/airflow/dags/dag_1.py took 0.062 seconds
[2026-04-16T22:27:07.519+0000] {processor.py:186} INFO - Started process (PID=902) to work on /opt/airflow/dags/dag_1.py
[2026-04-16T22:27:07.526+0000] {processor.py:914} INFO - Processing file /opt/airflow/dags/dag_1.py for tasks to queue
[2026-04-16T22:27:07.528+0000] {logging_mixin.py:190} INFO - [2026-04-16T22:27:07.527+0000] {dagbag.py:588} INFO - Filling up the DagBag from /opt/airflow/dags/dag_1.py
[2026-04-16T22:27:07.535+0000] {processor.py:925} INFO - DAG(s) 'hello_world_dag' retrieved from /opt/airflow/dags/dag_1.py
[2026-04-16T22:27:07.555+0000] {logging_mixin.py:190} INFO - [2026-04-16T22:27:07.554+0000] {dag.py:3239} INFO - Sync 1 DAGs
[2026-04-16T22:27:07.566+0000] {logging_mixin.py:190} INFO - [2026-04-16T22:27:07.566+0000] {dag.py:4180} INFO - Setting next_dagrun for hello_world_dag to None, run_after=None
[2026-04-16T22:27:07.580+0000] {processor.py:208} INFO - Processing /opt/airflow/dags/dag_1.py took 0.071 seconds
[2026-04-16T22:27:37.768+0000] {processor.py:186} INFO - Started process (PID=913) to work on /opt/airflow/dags/dag_1.py
[2026-04-16T22:27:37.768+0000] {processor.py:914} INFO - Processing file /opt/airflow/dags/dag_1.py for tasks to queue
[2026-04-16T22:27:37.770+0000] {logging_mixin.py:190} INFO - [2026-04-16T22:27:37.770+0000] {dagbag.py:588} INFO - Filling up the DagBag from /opt/airflow/dags/dag_1.py
[2026-04-16T22:27:37.777+0000] {processor.py:925} INFO - DAG(s) 'hello_world_dag' retrieved from /opt/airflow/dags/dag_1.py
[2026-04-16T22:27:37.798+0000] {logging_mixin.py:190} INFO - [2026-04-16T22:27:37.798+0000] {dag.py:3239} INFO - Sync 1 DAGs
[2026-04-16T22:27:37.810+0000] {logging_mixin.py:190} INFO - [2026-04-16T22:27:37.810+0000] {dag.py:4180} INFO - Setting next_dagrun for hello_world_dag to None, run_after=None
[2026-04-16T22:27:37.825+0000] {processor.py:208} INFO - Processing /opt/airflow/dags/dag_1.py took 0.062 seconds
[2026-04-16T22:28:08.072+0000] {processor.py:186} INFO - Started process (PID=924) to work on /opt/airflow/dags/dag_1.py
[2026-04-16T22:28:08.079+0000] {processor.py:914} INFO - Processing file /opt/airflow/dags/dag_1.py for tasks to queue
[2026-04-16T22:28:08.082+0000] {logging_mixin.py:190} INFO - [2026-04-16T22:28:08.081+0000] {dagbag.py:588} INFO - Filling up the DagBag from /opt/airflow/dags/dag_1.py
[2026-04-16T22:28:08.093+0000] {processor.py:925} INFO - DAG(s) 'hello_world_dag' retrieved from /opt/airflow/dags/dag_1.py
[2026-04-16T22:28:08.125+0000] {logging_mixin.py:190} INFO - [2026-04-16T22:28:08.125+0000] {dag.py:3239} INFO - Sync 1 DAGs
[2026-04-16T22:28:08.142+0000] {logging_mixin.py:190} INFO - [2026-04-16T22:28:08.142+0000] {dag.py:4180} INFO - Setting next_dagrun for hello_world_dag to None, run_after=None
[2026-04-16T22:28:08.158+0000] {processor.py:208} INFO - Processing /opt/airflow/dags/dag_1.py took 0.094 seconds
[2026-04-16T22:28:38.357+0000] {processor.py:186} INFO - Started process (PID=935) to work on /opt/airflow/dags/dag_1.py
[2026-04-16T22:28:38.359+0000] {processor.py:914} INFO - Processing file /opt/airflow/dags/dag_1.py for tasks to queue
[2026-04-16T22:28:38.364+0000] {logging_mixin.py:190} INFO - [2026-04-16T22:28:38.363+0000] {dagbag.py:588} INFO - Filling up the DagBag from /opt/airflow/dags/dag_1.py
[2026-04-16T22:28:38.376+0000] {processor.py:925} INFO - DAG(s) 'hello_world_dag' retrieved from /opt/airflow/dags/dag_1.py
[2026-04-16T22:28:38.398+0000] {logging_mixin.py:190} INFO - [2026-04-16T22:28:38.397+0000] {dag.py:3239} INFO - Sync 1 DAGs
[2026-04-16T22:28:38.411+0000] {logging_mixin.py:190} INFO - [2026-04-16T22:28:38.411+0000] {dag.py:4180} INFO - Setting next_dagrun for hello_world_dag to None, run_after=None
[2026-04-16T22:28:38.426+0000] {processor.py:208} INFO - Processing /opt/airflow/dags/dag_1.py took 0.085 seconds
[2026-04-16T22:29:08.614+0000] {processor.py:186} INFO - Started process (PID=946) to work on /opt/airflow/dags/dag_1.py
[2026-04-16T22:29:08.621+0000] {processor.py:914} INFO - Processing file /opt/airflow/dags/dag_1.py for tasks to queue
[2026-04-16T22:29:08.623+0000] {logging_mixin.py:190} INFO - [2026-04-16T22:29:08.623+0000] {dagbag.py:588} INFO - Filling up the DagBag from /opt/airflow/dags/dag_1.py
[2026-04-16T22:29:08.631+0000] {processor.py:925} INFO - DAG(s) 'hello_world_dag' retrieved from /opt/airflow/dags/dag_1.py
[2026-04-16T22:29:08.654+0000] {logging_mixin.py:190} INFO - [2026-04-16T22:29:08.653+0000] {dag.py:3239} INFO - Sync 1 DAGs
[2026-04-16T22:29:08.668+0000] {logging_mixin.py:190} INFO - [2026-04-16T22:29:08.667+0000] {dag.py:4180} INFO - Setting next_dagrun for hello_world_dag to None, run_after=None
[2026-04-16T22:29:08.683+0000] {processor.py:208} INFO - Processing /opt/airflow/dags/dag_1.py took 0.074 seconds
[2026-04-16T22:29:38.890+0000] {processor.py:186} INFO - Started process (PID=957) to work on /opt/airflow/dags/dag_1.py
[2026-04-16T22:29:38.891+0000] {processor.py:914} INFO - Processing file /opt/airflow/dags/dag_1.py for tasks to queue
[2026-04-16T22:29:38.892+0000] {logging_mixin.py:190} INFO - [2026-04-16T22:29:38.892+0000] {dagbag.py:588} INFO - Filling up the DagBag from /opt/airflow/dags/dag_1.py
[2026-04-16T22:29:38.900+0000] {processor.py:925} INFO - DAG(s) 'hello_world_dag' retrieved from /opt/airflow/dags/dag_1.py
[2026-04-16T22:29:38.919+0000] {logging_mixin.py:190} INFO - [2026-04-16T22:29:38.919+0000] {dag.py:3239} INFO - Sync 1 DAGs
[2026-04-16T22:29:38.931+0000] {logging_mixin.py:190} INFO - [2026-04-16T22:29:38.930+0000] {dag.py:4180} INFO - Setting next_dagrun for hello_world_dag to None, run_after=None
[2026-04-16T22:29:38.945+0000] {processor.py:208} INFO - Processing /opt/airflow/dags/dag_1.py took 0.060 seconds
[2026-04-16T22:30:09.162+0000] {processor.py:186} INFO - Started process (PID=968) to work on /opt/airflow/dags/dag_1.py
[2026-04-16T22:30:09.170+0000] {processor.py:914} INFO - Processing file /opt/airflow/dags/dag_1.py for tasks to queue
[2026-04-16T22:30:09.175+0000] {logging_mixin.py:190} INFO - [2026-04-16T22:30:09.174+0000] {dagbag.py:588} INFO - Filling up the DagBag from /opt/airflow/dags/dag_1.py
[2026-04-16T22:30:09.190+0000] {processor.py:925} INFO - DAG(s) 'hello_world_dag' retrieved from /opt/airflow/dags/dag_1.py
[2026-04-16T22:30:09.212+0000] {logging_mixin.py:190} INFO - [2026-04-16T22:30:09.211+0000] {dag.py:3239} INFO - Sync 1 DAGs
[2026-04-16T22:30:09.223+0000] {logging_mixin.py:190} INFO - [2026-04-16T22:30:09.223+0000] {dag.py:4180} INFO - Setting next_dagrun for hello_world_dag to None, run_after=None
[2026-04-16T22:30:09.238+0000] {processor.py:208} INFO - Processing /opt/airflow/dags/dag_1.py took 0.091 seconds
[2026-04-16T22:30:39.428+0000] {processor.py:186} INFO - Started process (PID=979) to work on /opt/airflow/dags/dag_1.py
[2026-04-16T22:30:39.429+0000] {processor.py:914} INFO - Processing file /opt/airflow/dags/dag_1.py for tasks to queue
[2026-04-16T22:30:39.430+0000] {logging_mixin.py:190} INFO - [2026-04-16T22:30:39.430+0000] {dagbag.py:588} INFO - Filling up the DagBag from /opt/airflow/dags/dag_1.py
[2026-04-16T22:30:39.437+0000] {processor.py:925} INFO - DAG(s) 'hello_world_dag' retrieved from /opt/airflow/dags/dag_1.py
[2026-04-16T22:30:39.457+0000] {logging_mixin.py:190} INFO - [2026-04-16T22:30:39.456+0000] {dag.py:3239} INFO - Sync 1 DAGs
[2026-04-16T22:30:39.468+0000] {logging_mixin.py:190} INFO - [2026-04-16T22:30:39.468+0000] {dag.py:4180} INFO - Setting next_dagrun for hello_world_dag to None, run_after=None
[2026-04-16T22:30:39.483+0000] {processor.py:208} INFO - Processing /opt/airflow/dags/dag_1.py took 0.060 seconds
[2026-04-16T22:31:09.709+0000] {processor.py:186} INFO - Started process (PID=990) to work on /opt/airflow/dags/dag_1.py
[2026-04-16T22:31:09.710+0000] {processor.py:914} INFO - Processing file /opt/airflow/dags/dag_1.py for tasks to queue
[2026-04-16T22:31:09.712+0000] {logging_mixin.py:190} INFO - [2026-04-16T22:31:09.712+0000] {dagbag.py:588} INFO - Filling up the DagBag from /opt/airflow/dags/dag_1.py
[2026-04-16T22:31:09.719+0000] {processor.py:925} INFO - DAG(s) 'hello_world_dag' retrieved from /opt/airflow/dags/dag_1.py
[2026-04-16T22:31:09.738+0000] {logging_mixin.py:190} INFO - [2026-04-16T22:31:09.738+0000] {dag.py:3239} INFO - Sync 1 DAGs
[2026-04-16T22:31:09.751+0000] {logging_mixin.py:190} INFO - [2026-04-16T22:31:09.751+0000] {dag.py:4180} INFO - Setting next_dagrun for hello_world_dag to None, run_after=None
[2026-04-16T22:31:09.766+0000] {processor.py:208} INFO - Processing /opt/airflow/dags/dag_1.py took 0.062 seconds
[2026-04-16T22:31:39.993+0000] {processor.py:186} INFO - Started process (PID=1001) to work on /opt/airflow/dags/dag_1.py
[2026-04-16T22:31:39.994+0000] {processor.py:914} INFO - Processing file /opt/airflow/dags/dag_1.py for tasks to queue
[2026-04-16T22:31:39.996+0000] {logging_mixin.py:190} INFO - [2026-04-16T22:31:39.995+0000] {dagbag.py:588} INFO - Filling up the DagBag from /opt/airflow/dags/dag_1.py
[2026-04-16T22:31:40.004+0000] {processor.py:925} INFO - DAG(s) 'hello_world_dag' retrieved from /opt/airflow/dags/dag_1.py
[2026-04-16T22:31:40.024+0000] {logging_mixin.py:190} INFO - [2026-04-16T22:31:40.023+0000] {dag.py:3239} INFO - Sync 1 DAGs
[2026-04-16T22:31:40.035+0000] {logging_mixin.py:190} INFO - [2026-04-16T22:31:40.035+0000] {dag.py:4180} INFO - Setting next_dagrun for hello_world_dag to None, run_after=None
[2026-04-16T22:31:40.050+0000] {processor.py:208} INFO - Processing /opt/airflow/dags/dag_1.py took 0.062 seconds
[2026-04-16T22:37:15.122+0000] {processor.py:186} INFO - Started process (PID=1635) to work on /opt/airflow/dags/dag_1.py
[2026-04-16T22:37:15.128+0000] {processor.py:914} INFO - Processing file /opt/airflow/dags/dag_1.py for tasks to queue
[2026-04-16T22:37:15.141+0000] {logging_mixin.py:190} INFO - [2026-04-16T22:37:15.138+0000] {dagbag.py:588} INFO - Filling up the DagBag from /opt/airflow/dags/dag_1.py
[2026-04-16T22:37:15.178+0000] {processor.py:925} INFO - DAG(s) 'hello_world_dag' retrieved from /opt/airflow/dags/dag_1.py
[2026-04-16T22:37:15.246+0000] {logging_mixin.py:190} INFO - [2026-04-16T22:37:15.245+0000] {dag.py:3239} INFO - Sync 1 DAGs
[2026-04-16T22:37:15.300+0000] {logging_mixin.py:190} INFO - [2026-04-16T22:37:15.300+0000] {dag.py:4180} INFO - Setting next_dagrun for hello_world_dag to None, run_after=None
[2026-04-16T22:37:15.321+0000] {processor.py:208} INFO - Processing /opt/airflow/dags/dag_1.py took 0.242 seconds
[2026-04-16T22:37:45.405+0000] {processor.py:186} INFO - Started process (PID=1651) to work on /opt/airflow/dags/dag_1.py
[2026-04-16T22:37:45.406+0000] {processor.py:914} INFO - Processing file /opt/airflow/dags/dag_1.py for tasks to queue
[2026-04-16T22:37:45.411+0000] {logging_mixin.py:190} INFO - [2026-04-16T22:37:45.410+0000] {dagbag.py:588} INFO - Filling up the DagBag from /opt/airflow/dags/dag_1.py
[2026-04-16T22:37:45.430+0000] {processor.py:925} INFO - DAG(s) 'hello_world_dag' retrieved from /opt/airflow/dags/dag_1.py
[2026-04-16T22:37:45.481+0000] {logging_mixin.py:190} INFO - [2026-04-16T22:37:45.480+0000] {dag.py:3239} INFO - Sync 1 DAGs
[2026-04-16T22:37:45.513+0000] {logging_mixin.py:190} INFO - [2026-04-16T22:37:45.513+0000] {dag.py:4180} INFO - Setting next_dagrun for hello_world_dag to None, run_after=None
[2026-04-16T22:37:45.551+0000] {processor.py:208} INFO - Processing /opt/airflow/dags/dag_1.py took 0.161 seconds
[2026-04-16T22:38:15.665+0000] {processor.py:186} INFO - Started process (PID=1662) to work on /opt/airflow/dags/dag_1.py
[2026-04-16T22:38:15.672+0000] {processor.py:914} INFO - Processing file /opt/airflow/dags/dag_1.py for tasks to queue
[2026-04-16T22:38:15.678+0000] {logging_mixin.py:190} INFO - [2026-04-16T22:38:15.678+0000] {dagbag.py:588} INFO - Filling up the DagBag from /opt/airflow/dags/dag_1.py
[2026-04-16T22:38:15.699+0000] {processor.py:925} INFO - DAG(s) 'hello_world_dag' retrieved from /opt/airflow/dags/dag_1.py
[2026-04-16T22:38:15.758+0000] {logging_mixin.py:190} INFO - [2026-04-16T22:38:15.758+0000] {dag.py:3239} INFO - Sync 1 DAGs
[2026-04-16T22:38:15.800+0000] {logging_mixin.py:190} INFO - [2026-04-16T22:38:15.799+0000] {dag.py:4180} INFO - Setting next_dagrun for hello_world_dag to None, run_after=None
[2026-04-16T22:38:15.849+0000] {processor.py:208} INFO - Processing /opt/airflow/dags/dag_1.py took 0.199 seconds
[2026-04-16T22:38:46.102+0000] {processor.py:186} INFO - Started process (PID=1673) to work on /opt/airflow/dags/dag_1.py
[2026-04-16T22:38:46.103+0000] {processor.py:914} INFO - Processing file /opt/airflow/dags/dag_1.py for tasks to queue
[2026-04-16T22:38:46.109+0000] {logging_mixin.py:190} INFO - [2026-04-16T22:38:46.108+0000] {dagbag.py:588} INFO - Filling up the DagBag from /opt/airflow/dags/dag_1.py
[2026-04-16T22:38:46.131+0000] {processor.py:925} INFO - DAG(s) 'hello_world_dag' retrieved from /opt/airflow/dags/dag_1.py
[2026-04-16T22:38:46.188+0000] {logging_mixin.py:190} INFO - [2026-04-16T22:38:46.188+0000] {dag.py:3239} INFO - Sync 1 DAGs
[2026-04-16T22:38:46.222+0000] {logging_mixin.py:190} INFO - [2026-04-16T22:38:46.222+0000] {dag.py:4180} INFO - Setting next_dagrun for hello_world_dag to None, run_after=None
[2026-04-16T22:38:46.265+0000] {processor.py:208} INFO - Processing /opt/airflow/dags/dag_1.py took 0.179 seconds
[2026-04-16T22:39:16.408+0000] {processor.py:186} INFO - Started process (PID=1684) to work on /opt/airflow/dags/dag_1.py
[2026-04-16T22:39:16.410+0000] {processor.py:914} INFO - Processing file /opt/airflow/dags/dag_1.py for tasks to queue
[2026-04-16T22:39:16.416+0000] {logging_mixin.py:190} INFO - [2026-04-16T22:39:16.415+0000] {dagbag.py:588} INFO - Filling up the DagBag from /opt/airflow/dags/dag_1.py
[2026-04-16T22:39:16.437+0000] {processor.py:925} INFO - DAG(s) 'hello_world_dag' retrieved from /opt/airflow/dags/dag_1.py
[2026-04-16T22:39:16.492+0000] {logging_mixin.py:190} INFO - [2026-04-16T22:39:16.492+0000] {dag.py:3239} INFO - Sync 1 DAGs
[2026-04-16T22:39:16.527+0000] {logging_mixin.py:190} INFO - [2026-04-16T22:39:16.526+0000] {dag.py:4180} INFO - Setting next_dagrun for hello_world_dag to None, run_after=None
[2026-04-16T22:39:16.575+0000] {processor.py:208} INFO - Processing /opt/airflow/dags/dag_1.py took 0.181 seconds
[2026-04-16T22:39:46.813+0000] {processor.py:186} INFO - Started process (PID=1695) to work on /opt/airflow/dags/dag_1.py
[2026-04-16T22:39:46.814+0000] {processor.py:914} INFO - Processing file /opt/airflow/dags/dag_1.py for tasks to queue
[2026-04-16T22:39:46.819+0000] {logging_mixin.py:190} INFO - [2026-04-16T22:39:46.818+0000] {dagbag.py:588} INFO - Filling up the DagBag from /opt/airflow/dags/dag_1.py
[2026-04-16T22:39:46.841+0000] {processor.py:925} INFO - DAG(s) 'hello_world_dag' retrieved from /opt/airflow/dags/dag_1.py
[2026-04-16T22:39:46.898+0000] {logging_mixin.py:190} INFO - [2026-04-16T22:39:46.898+0000] {dag.py:3239} INFO - Sync 1 DAGs
[2026-04-16T22:39:46.939+0000] {logging_mixin.py:190} INFO - [2026-04-16T22:39:46.939+0000] {dag.py:4180} INFO - Setting next_dagrun for hello_world_dag to None, run_after=None
[2026-04-16T22:39:46.990+0000] {processor.py:208} INFO - Processing /opt/airflow/dags/dag_1.py took 0.193 seconds
[2026-04-16T22:40:17.126+0000] {processor.py:186} INFO - Started process (PID=1706) to work on /opt/airflow/dags/dag_1.py
[2026-04-16T22:40:17.133+0000] {processor.py:914} INFO - Processing file /opt/airflow/dags/dag_1.py for tasks to queue
[2026-04-16T22:40:17.139+0000] {logging_mixin.py:190} INFO - [2026-04-16T22:40:17.138+0000] {dagbag.py:588} INFO - Filling up the DagBag from /opt/airflow/dags/dag_1.py
[2026-04-16T22:40:17.162+0000] {processor.py:925} INFO - DAG(s) 'hello_world_dag' retrieved from /opt/airflow/dags/dag_1.py
[2026-04-16T22:40:17.238+0000] {logging_mixin.py:190} INFO - [2026-04-16T22:40:17.237+0000] {dag.py:3239} INFO - Sync 1 DAGs
[2026-04-16T22:40:17.265+0000] {logging_mixin.py:190} INFO - [2026-04-16T22:40:17.265+0000] {dag.py:4180} INFO - Setting next_dagrun for hello_world_dag to None, run_after=None
[2026-04-16T22:40:17.286+0000] {processor.py:208} INFO - Processing /opt/airflow/dags/dag_1.py took 0.175 seconds
[2026-04-16T22:40:47.551+0000] {processor.py:186} INFO - Started process (PID=1717) to work on /opt/airflow/dags/dag_1.py
[2026-04-16T22:40:47.552+0000] {processor.py:914} INFO - Processing file /opt/airflow/dags/dag_1.py for tasks to queue
[2026-04-16T22:40:47.557+0000] {logging_mixin.py:190} INFO - [2026-04-16T22:40:47.556+0000] {dagbag.py:588} INFO - Filling up the DagBag from /opt/airflow/dags/dag_1.py
[2026-04-16T22:40:47.580+0000] {processor.py:925} INFO - DAG(s) 'hello_world_dag' retrieved from /opt/airflow/dags/dag_1.py
[2026-04-16T22:40:47.637+0000] {logging_mixin.py:190} INFO - [2026-04-16T22:40:47.636+0000] {dag.py:3239} INFO - Sync 1 DAGs
[2026-04-16T22:40:47.672+0000] {logging_mixin.py:190} INFO - [2026-04-16T22:40:47.672+0000] {dag.py:4180} INFO - Setting next_dagrun for hello_world_dag to None, run_after=None
[2026-04-16T22:40:47.719+0000] {processor.py:208} INFO - Processing /opt/airflow/dags/dag_1.py took 0.184 seconds
[2026-04-16T22:41:17.834+0000] {processor.py:186} INFO - Started process (PID=1728) to work on /opt/airflow/dags/dag_1.py
[2026-04-16T22:41:17.835+0000] {processor.py:914} INFO - Processing file /opt/airflow/dags/dag_1.py for tasks to queue
[2026-04-16T22:41:17.840+0000] {logging_mixin.py:190} INFO - [2026-04-16T22:41:17.840+0000] {dagbag.py:588} INFO - Filling up the DagBag from /opt/airflow/dags/dag_1.py
[2026-04-16T22:41:17.862+0000] {processor.py:925} INFO - DAG(s) 'hello_world_dag' retrieved from /opt/airflow/dags/dag_1.py
[2026-04-16T22:41:17.921+0000] {logging_mixin.py:190} INFO - [2026-04-16T22:41:17.921+0000] {dag.py:3239} INFO - Sync 1 DAGs
[2026-04-16T22:41:17.955+0000] {logging_mixin.py:190} INFO - [2026-04-16T22:41:17.954+0000] {dag.py:4180} INFO - Setting next_dagrun for hello_world_dag to None, run_after=None
[2026-04-16T22:41:17.998+0000] {processor.py:208} INFO - Processing /opt/airflow/dags/dag_1.py took 0.178 seconds
[2026-04-16T22:41:48.287+0000] {processor.py:186} INFO - Started process (PID=1739) to work on /opt/airflow/dags/dag_1.py
[2026-04-16T22:41:48.294+0000] {processor.py:914} INFO - Processing file /opt/airflow/dags/dag_1.py for tasks to queue
[2026-04-16T22:41:48.300+0000] {logging_mixin.py:190} INFO - [2026-04-16T22:41:48.299+0000] {dagbag.py:588} INFO - Filling up the DagBag from /opt/airflow/dags/dag_1.py
[2026-04-16T22:41:48.322+0000] {processor.py:925} INFO - DAG(s) 'hello_world_dag' retrieved from /opt/airflow/dags/dag_1.py
[2026-04-16T22:41:48.378+0000] {logging_mixin.py:190} INFO - [2026-04-16T22:41:48.378+0000] {dag.py:3239} INFO - Sync 1 DAGs
[2026-04-16T22:41:48.413+0000] {logging_mixin.py:190} INFO - [2026-04-16T22:41:48.412+0000] {dag.py:4180} INFO - Setting next_dagrun for hello_world_dag to None, run_after=None
[2026-04-16T22:41:48.455+0000] {processor.py:208} INFO - Processing /opt/airflow/dags/dag_1.py took 0.183 seconds
[2026-04-16T22:42:18.598+0000] {processor.py:186} INFO - Started process (PID=1750) to work on /opt/airflow/dags/dag_1.py
[2026-04-16T22:42:18.600+0000] {processor.py:914} INFO - Processing file /opt/airflow/dags/dag_1.py for tasks to queue
[2026-04-16T22:42:18.606+0000] {logging_mixin.py:190} INFO - [2026-04-16T22:42:18.605+0000] {dagbag.py:588} INFO - Filling up the DagBag from /opt/airflow/dags/dag_1.py
[2026-04-16T22:42:18.628+0000] {processor.py:925} INFO - DAG(s) 'hello_world_dag' retrieved from /opt/airflow/dags/dag_1.py
[2026-04-16T22:42:18.684+0000] {logging_mixin.py:190} INFO - [2026-04-16T22:42:18.684+0000] {dag.py:3239} INFO - Sync 1 DAGs
[2026-04-16T22:42:18.722+0000] {logging_mixin.py:190} INFO - [2026-04-16T22:42:18.722+0000] {dag.py:4180} INFO - Setting next_dagrun for hello_world_dag to None, run_after=None
[2026-04-16T22:42:18.884+0000] {processor.py:208} INFO - Processing /opt/airflow/dags/dag_1.py took 0.301 seconds
[2026-04-16T22:42:49.000+0000] {processor.py:186} INFO - Started process (PID=1761) to work on /opt/airflow/dags/dag_1.py
[2026-04-16T22:42:49.007+0000] {processor.py:914} INFO - Processing file /opt/airflow/dags/dag_1.py for tasks to queue
[2026-04-16T22:42:49.013+0000] {logging_mixin.py:190} INFO - [2026-04-16T22:42:49.013+0000] {dagbag.py:588} INFO - Filling up the DagBag from /opt/airflow/dags/dag_1.py
[2026-04-16T22:42:49.034+0000] {processor.py:925} INFO - DAG(s) 'hello_world_dag' retrieved from /opt/airflow/dags/dag_1.py
[2026-04-16T22:42:49.090+0000] {logging_mixin.py:190} INFO - [2026-04-16T22:42:49.090+0000] {dag.py:3239} INFO - Sync 1 DAGs
[2026-04-16T22:42:49.124+0000] {logging_mixin.py:190} INFO - [2026-04-16T22:42:49.123+0000] {dag.py:4180} INFO - Setting next_dagrun for hello_world_dag to None, run_after=None
[2026-04-16T22:42:49.162+0000] {processor.py:208} INFO - Processing /opt/airflow/dags/dag_1.py took 0.176 seconds
[2026-04-16T22:43:19.421+0000] {processor.py:186} INFO - Started process (PID=1772) to work on /opt/airflow/dags/dag_1.py
[2026-04-16T22:43:19.423+0000] {processor.py:914} INFO - Processing file /opt/airflow/dags/dag_1.py for tasks to queue
[2026-04-16T22:43:19.427+0000] {logging_mixin.py:190} INFO - [2026-04-16T22:43:19.427+0000] {dagbag.py:588} INFO - Filling up the DagBag from /opt/airflow/dags/dag_1.py
[2026-04-16T22:43:19.449+0000] {processor.py:925} INFO - DAG(s) 'hello_world_dag' retrieved from /opt/airflow/dags/dag_1.py
[2026-04-16T22:43:19.507+0000] {logging_mixin.py:190} INFO - [2026-04-16T22:43:19.507+0000] {dag.py:3239} INFO - Sync 1 DAGs
[2026-04-16T22:43:19.545+0000] {logging_mixin.py:190} INFO - [2026-04-16T22:43:19.544+0000] {dag.py:4180} INFO - Setting next_dagrun for hello_world_dag to None, run_after=None
[2026-04-16T22:43:19.592+0000] {processor.py:208} INFO - Processing /opt/airflow/dags/dag_1.py took 0.187 seconds
[2026-04-16T22:43:49.695+0000] {processor.py:186} INFO - Started process (PID=1783) to work on /opt/airflow/dags/dag_1.py
[2026-04-16T22:43:49.703+0000] {processor.py:914} INFO - Processing file /opt/airflow/dags/dag_1.py for tasks to queue
[2026-04-16T22:43:49.710+0000] {logging_mixin.py:190} INFO - [2026-04-16T22:43:49.709+0000] {dagbag.py:588} INFO - Filling up the DagBag from /opt/airflow/dags/dag_1.py
[2026-04-16T22:43:49.731+0000] {processor.py:925} INFO - DAG(s) 'hello_world_dag' retrieved from /opt/airflow/dags/dag_1.py
[2026-04-16T22:43:49.786+0000] {logging_mixin.py:190} INFO - [2026-04-16T22:43:49.786+0000] {dag.py:3239} INFO - Sync 1 DAGs
[2026-04-16T22:43:49.823+0000] {logging_mixin.py:190} INFO - [2026-04-16T22:43:49.822+0000] {dag.py:4180} INFO - Setting next_dagrun for hello_world_dag to None, run_after=None
[2026-04-16T22:43:49.870+0000] {processor.py:208} INFO - Processing /opt/airflow/dags/dag_1.py took 0.189 seconds
[2026-04-16T22:44:20.127+0000] {processor.py:186} INFO - Started process (PID=1794) to work on /opt/airflow/dags/dag_1.py
[2026-04-16T22:44:20.129+0000] {processor.py:914} INFO - Processing file /opt/airflow/dags/dag_1.py for tasks to queue
[2026-04-16T22:44:20.134+0000] {logging_mixin.py:190} INFO - [2026-04-16T22:44:20.133+0000] {dagbag.py:588} INFO - Filling up the DagBag from /opt/airflow/dags/dag_1.py
[2026-04-16T22:44:20.156+0000] {processor.py:925} INFO - DAG(s) 'hello_world_dag' retrieved from /opt/airflow/dags/dag_1.py
[2026-04-16T22:44:20.213+0000] {logging_mixin.py:190} INFO - [2026-04-16T22:44:20.212+0000] {dag.py:3239} INFO - Sync 1 DAGs
[2026-04-16T22:44:20.246+0000] {logging_mixin.py:190} INFO - [2026-04-16T22:44:20.246+0000] {dag.py:4180} INFO - Setting next_dagrun for hello_world_dag to None, run_after=None
[2026-04-16T22:44:20.289+0000] {processor.py:208} INFO - Processing /opt/airflow/dags/dag_1.py took 0.176 seconds
[2026-04-16T22:44:50.377+0000] {processor.py:186} INFO - Started process (PID=1805) to work on /opt/airflow/dags/dag_1.py
[2026-04-16T22:44:50.385+0000] {processor.py:914} INFO - Processing file /opt/airflow/dags/dag_1.py for tasks to queue
[2026-04-16T22:44:50.389+0000] {logging_mixin.py:190} INFO - [2026-04-16T22:44:50.389+0000] {dagbag.py:588} INFO - Filling up the DagBag from /opt/airflow/dags/dag_1.py
[2026-04-16T22:44:50.410+0000] {processor.py:925} INFO - DAG(s) 'hello_world_dag' retrieved from /opt/airflow/dags/dag_1.py
[2026-04-16T22:44:50.465+0000] {logging_mixin.py:190} INFO - [2026-04-16T22:44:50.465+0000] {dag.py:3239} INFO - Sync 1 DAGs
[2026-04-16T22:44:50.499+0000] {logging_mixin.py:190} INFO - [2026-04-16T22:44:50.498+0000] {dag.py:4180} INFO - Setting next_dagrun for hello_world_dag to None, run_after=None
[2026-04-16T22:44:50.548+0000] {processor.py:208} INFO - Processing /opt/airflow/dags/dag_1.py took 0.185 seconds
[2026-04-16T22:45:20.803+0000] {processor.py:186} INFO - Started process (PID=1816) to work on /opt/airflow/dags/dag_1.py
[2026-04-16T22:45:20.804+0000] {processor.py:914} INFO - Processing file /opt/airflow/dags/dag_1.py for tasks to queue
[2026-04-16T22:45:20.809+0000] {logging_mixin.py:190} INFO - [2026-04-16T22:45:20.808+0000] {dagbag.py:588} INFO - Filling up the DagBag from /opt/airflow/dags/dag_1.py
[2026-04-16T22:45:20.832+0000] {processor.py:925} INFO - DAG(s) 'hello_world_dag' retrieved from /opt/airflow/dags/dag_1.py
[2026-04-16T22:45:20.889+0000] {logging_mixin.py:190} INFO - [2026-04-16T22:45:20.889+0000] {dag.py:3239} INFO - Sync 1 DAGs
[2026-04-16T22:45:20.925+0000] {logging_mixin.py:190} INFO - [2026-04-16T22:45:20.924+0000] {dag.py:4180} INFO - Setting next_dagrun for hello_world_dag to None, run_after=None
[2026-04-16T22:45:20.971+0000] {processor.py:208} INFO - Processing /opt/airflow/dags/dag_1.py took 0.184 seconds
[2026-04-16T22:45:51.079+0000] {processor.py:186} INFO - Started process (PID=1827) to work on /opt/airflow/dags/dag_1.py
[2026-04-16T22:45:51.087+0000] {processor.py:914} INFO - Processing file /opt/airflow/dags/dag_1.py for tasks to queue
[2026-04-16T22:45:51.091+0000] {logging_mixin.py:190} INFO - [2026-04-16T22:45:51.090+0000] {dagbag.py:588} INFO - Filling up the DagBag from /opt/airflow/dags/dag_1.py
[2026-04-16T22:45:51.113+0000] {processor.py:925} INFO - DAG(s) 'hello_world_dag' retrieved from /opt/airflow/dags/dag_1.py
[2026-04-16T22:45:51.169+0000] {logging_mixin.py:190} INFO - [2026-04-16T22:45:51.169+0000] {dag.py:3239} INFO - Sync 1 DAGs
[2026-04-16T22:45:51.204+0000] {logging_mixin.py:190} INFO - [2026-04-16T22:45:51.204+0000] {dag.py:4180} INFO - Setting next_dagrun for hello_world_dag to None, run_after=None
[2026-04-16T22:45:51.247+0000] {processor.py:208} INFO - Processing /opt/airflow/dags/dag_1.py took 0.185 seconds
[2026-04-16T22:46:21.519+0000] {processor.py:186} INFO - Started process (PID=1838) to work on /opt/airflow/dags/dag_1.py
[2026-04-16T22:46:21.520+0000] {processor.py:914} INFO - Processing file /opt/airflow/dags/dag_1.py for tasks to queue
[2026-04-16T22:46:21.526+0000] {logging_mixin.py:190} INFO - [2026-04-16T22:46:21.525+0000] {dagbag.py:588} INFO - Filling up the DagBag from /opt/airflow/dags/dag_1.py
[2026-04-16T22:46:21.547+0000] {processor.py:925} INFO - DAG(s) 'hello_world_dag' retrieved from /opt/airflow/dags/dag_1.py
[2026-04-16T22:46:21.607+0000] {logging_mixin.py:190} INFO - [2026-04-16T22:46:21.607+0000] {dag.py:3239} INFO - Sync 1 DAGs
[2026-04-16T22:46:21.643+0000] {logging_mixin.py:190} INFO - [2026-04-16T22:46:21.642+0000] {dag.py:4180} INFO - Setting next_dagrun for hello_world_dag to None, run_after=None
[2026-04-16T22:46:21.682+0000] {processor.py:208} INFO - Processing /opt/airflow/dags/dag_1.py took 0.178 seconds
[2026-04-16T22:46:51.800+0000] {processor.py:186} INFO - Started process (PID=1849) to work on /opt/airflow/dags/dag_1.py
[2026-04-16T22:46:51.808+0000] {processor.py:914} INFO - Processing file /opt/airflow/dags/dag_1.py for tasks to queue
[2026-04-16T22:46:51.813+0000] {logging_mixin.py:190} INFO - [2026-04-16T22:46:51.813+0000] {dagbag.py:588} INFO - Filling up the DagBag from /opt/airflow/dags/dag_1.py
[2026-04-16T22:46:51.833+0000] {processor.py:925} INFO - DAG(s) 'hello_world_dag' retrieved from /opt/airflow/dags/dag_1.py
[2026-04-16T22:46:51.889+0000] {logging_mixin.py:190} INFO - [2026-04-16T22:46:51.889+0000] {dag.py:3239} INFO - Sync 1 DAGs
[2026-04-16T22:46:51.924+0000] {logging_mixin.py:190} INFO - [2026-04-16T22:46:51.924+0000] {dag.py:4180} INFO - Setting next_dagrun for hello_world_dag to None, run_after=None
[2026-04-16T22:46:51.970+0000] {processor.py:208} INFO - Processing /opt/airflow/dags/dag_1.py took 0.185 seconds
[2026-04-16T22:47:22.244+0000] {processor.py:186} INFO - Started process (PID=1860) to work on /opt/airflow/dags/dag_1.py
[2026-04-16T22:47:22.252+0000] {processor.py:914} INFO - Processing file /opt/airflow/dags/dag_1.py for tasks to queue
[2026-04-16T22:47:22.257+0000] {logging_mixin.py:190} INFO - [2026-04-16T22:47:22.256+0000] {dagbag.py:588} INFO - Filling up the DagBag from /opt/airflow/dags/dag_1.py
[2026-04-16T22:47:22.277+0000] {processor.py:925} INFO - DAG(s) 'hello_world_dag' retrieved from /opt/airflow/dags/dag_1.py
[2026-04-16T22:47:22.333+0000] {logging_mixin.py:190} INFO - [2026-04-16T22:47:22.332+0000] {dag.py:3239} INFO - Sync 1 DAGs
[2026-04-16T22:47:22.368+0000] {logging_mixin.py:190} INFO - [2026-04-16T22:47:22.367+0000] {dag.py:4180} INFO - Setting next_dagrun for hello_world_dag to None, run_after=None
[2026-04-16T22:47:22.414+0000] {processor.py:208} INFO - Processing /opt/airflow/dags/dag_1.py took 0.187 seconds
[2026-04-16T22:47:52.524+0000] {processor.py:186} INFO - Started process (PID=1871) to work on /opt/airflow/dags/dag_1.py
[2026-04-16T22:47:52.526+0000] {processor.py:914} INFO - Processing file /opt/airflow/dags/dag_1.py for tasks to queue
[2026-04-16T22:47:52.531+0000] {logging_mixin.py:190} INFO - [2026-04-16T22:47:52.530+0000] {dagbag.py:588} INFO - Filling up the DagBag from /opt/airflow/dags/dag_1.py
[2026-04-16T22:47:52.551+0000] {processor.py:925} INFO - DAG(s) 'hello_world_dag' retrieved from /opt/airflow/dags/dag_1.py
[2026-04-16T22:47:52.606+0000] {logging_mixin.py:190} INFO - [2026-04-16T22:47:52.606+0000] {dag.py:3239} INFO - Sync 1 DAGs
[2026-04-16T22:47:52.641+0000] {logging_mixin.py:190} INFO - [2026-04-16T22:47:52.640+0000] {dag.py:4180} INFO - Setting next_dagrun for hello_world_dag to None, run_after=None
[2026-04-16T22:47:52.828+0000] {processor.py:208} INFO - Processing /opt/airflow/dags/dag_1.py took 0.318 seconds
[2026-04-16T22:48:22.960+0000] {processor.py:186} INFO - Started process (PID=1882) to work on /opt/airflow/dags/dag_1.py
[2026-04-16T22:48:22.961+0000] {processor.py:914} INFO - Processing file /opt/airflow/dags/dag_1.py for tasks to queue
[2026-04-16T22:48:22.966+0000] {logging_mixin.py:190} INFO - [2026-04-16T22:48:22.965+0000] {dagbag.py:588} INFO - Filling up the DagBag from /opt/airflow/dags/dag_1.py
[2026-04-16T22:48:22.986+0000] {processor.py:925} INFO - DAG(s) 'hello_world_dag' retrieved from /opt/airflow/dags/dag_1.py
[2026-04-16T22:48:23.043+0000] {logging_mixin.py:190} INFO - [2026-04-16T22:48:23.042+0000] {dag.py:3239} INFO - Sync 1 DAGs
[2026-04-16T22:48:23.079+0000] {logging_mixin.py:190} INFO - [2026-04-16T22:48:23.078+0000] {dag.py:4180} INFO - Setting next_dagrun for hello_world_dag to None, run_after=None
[2026-04-16T22:48:23.128+0000] {processor.py:208} INFO - Processing /opt/airflow/dags/dag_1.py took 0.183 seconds
[2026-04-16T22:48:53.332+0000] {processor.py:186} INFO - Started process (PID=1893) to work on /opt/airflow/dags/dag_1.py
[2026-04-16T22:48:53.340+0000] {processor.py:914} INFO - Processing file /opt/airflow/dags/dag_1.py for tasks to queue
[2026-04-16T22:48:53.345+0000] {logging_mixin.py:190} INFO - [2026-04-16T22:48:53.344+0000] {dagbag.py:588} INFO - Filling up the DagBag from /opt/airflow/dags/dag_1.py
[2026-04-16T22:48:53.367+0000] {processor.py:925} INFO - DAG(s) 'hello_world_dag' retrieved from /opt/airflow/dags/dag_1.py
[2026-04-16T22:48:53.424+0000] {logging_mixin.py:190} INFO - [2026-04-16T22:48:53.424+0000] {dag.py:3239} INFO - Sync 1 DAGs
[2026-04-16T22:48:53.459+0000] {logging_mixin.py:190} INFO - [2026-04-16T22:48:53.458+0000] {dag.py:4180} INFO - Setting next_dagrun for hello_world_dag to None, run_after=None
[2026-04-16T22:48:53.505+0000] {processor.py:208} INFO - Processing /opt/airflow/dags/dag_1.py took 0.187 seconds
[2026-04-16T22:49:23.636+0000] {processor.py:186} INFO - Started process (PID=1904) to work on /opt/airflow/dags/dag_1.py
[2026-04-16T22:49:23.637+0000] {processor.py:914} INFO - Processing file /opt/airflow/dags/dag_1.py for tasks to queue
[2026-04-16T22:49:23.642+0000] {logging_mixin.py:190} INFO - [2026-04-16T22:49:23.641+0000] {dagbag.py:588} INFO - Filling up the DagBag from /opt/airflow/dags/dag_1.py
[2026-04-16T22:49:23.663+0000] {processor.py:925} INFO - DAG(s) 'hello_world_dag' retrieved from /opt/airflow/dags/dag_1.py
[2026-04-16T22:49:23.720+0000] {logging_mixin.py:190} INFO - [2026-04-16T22:49:23.719+0000] {dag.py:3239} INFO - Sync 1 DAGs
[2026-04-16T22:49:23.756+0000] {logging_mixin.py:190} INFO - [2026-04-16T22:49:23.756+0000] {dag.py:4180} INFO - Setting next_dagrun for hello_world_dag to None, run_after=None
[2026-04-16T22:49:23.805+0000] {processor.py:208} INFO - Processing /opt/airflow/dags/dag_1.py took 0.183 seconds
[2026-04-16T22:49:54.037+0000] {processor.py:186} INFO - Started process (PID=1915) to work on /opt/airflow/dags/dag_1.py
[2026-04-16T22:49:54.045+0000] {processor.py:914} INFO - Processing file /opt/airflow/dags/dag_1.py for tasks to queue
[2026-04-16T22:49:54.050+0000] {logging_mixin.py:190} INFO - [2026-04-16T22:49:54.049+0000] {dagbag.py:588} INFO - Filling up the DagBag from /opt/airflow/dags/dag_1.py
[2026-04-16T22:49:54.071+0000] {processor.py:925} INFO - DAG(s) 'hello_world_dag' retrieved from /opt/airflow/dags/dag_1.py
[2026-04-16T22:49:54.127+0000] {logging_mixin.py:190} INFO - [2026-04-16T22:49:54.127+0000] {dag.py:3239} INFO - Sync 1 DAGs
[2026-04-16T22:49:54.163+0000] {logging_mixin.py:190} INFO - [2026-04-16T22:49:54.162+0000] {dag.py:4180} INFO - Setting next_dagrun for hello_world_dag to None, run_after=None
[2026-04-16T22:49:54.208+0000] {processor.py:208} INFO - Processing /opt/airflow/dags/dag_1.py took 0.184 seconds
[2026-04-16T22:50:24.358+0000] {processor.py:186} INFO - Started process (PID=1926) to work on /opt/airflow/dags/dag_1.py
[2026-04-16T22:50:24.359+0000] {processor.py:914} INFO - Processing file /opt/airflow/dags/dag_1.py for tasks to queue
[2026-04-16T22:50:24.365+0000] {logging_mixin.py:190} INFO - [2026-04-16T22:50:24.364+0000] {dagbag.py:588} INFO - Filling up the DagBag from /opt/airflow/dags/dag_1.py
[2026-04-16T22:50:24.387+0000] {processor.py:925} INFO - DAG(s) 'hello_world_dag' retrieved from /opt/airflow/dags/dag_1.py
[2026-04-16T22:50:24.447+0000] {logging_mixin.py:190} INFO - [2026-04-16T22:50:24.446+0000] {dag.py:3239} INFO - Sync 1 DAGs
[2026-04-16T22:50:24.484+0000] {logging_mixin.py:190} INFO - [2026-04-16T22:50:24.484+0000] {dag.py:4180} INFO - Setting next_dagrun for hello_world_dag to None, run_after=None
[2026-04-16T22:50:24.531+0000] {processor.py:208} INFO - Processing /opt/airflow/dags/dag_1.py took 0.190 seconds
[2026-04-16T22:50:54.758+0000] {processor.py:186} INFO - Started process (PID=1937) to work on /opt/airflow/dags/dag_1.py
[2026-04-16T22:50:54.765+0000] {processor.py:914} INFO - Processing file /opt/airflow/dags/dag_1.py for tasks to queue
[2026-04-16T22:50:54.771+0000] {logging_mixin.py:190} INFO - [2026-04-16T22:50:54.771+0000] {dagbag.py:588} INFO - Filling up the DagBag from /opt/airflow/dags/dag_1.py
[2026-04-16T22:50:54.794+0000] {processor.py:925} INFO - DAG(s) 'hello_world_dag' retrieved from /opt/airflow/dags/dag_1.py
[2026-04-16T22:50:54.854+0000] {logging_mixin.py:190} INFO - [2026-04-16T22:50:54.854+0000] {dag.py:3239} INFO - Sync 1 DAGs
[2026-04-16T22:50:54.889+0000] {logging_mixin.py:190} INFO - [2026-04-16T22:50:54.889+0000] {dag.py:4180} INFO - Setting next_dagrun for hello_world_dag to None, run_after=None
[2026-04-16T22:50:55.025+0000] {processor.py:208} INFO - Processing /opt/airflow/dags/dag_1.py took 0.283 seconds
[2026-04-16T22:51:25.320+0000] {processor.py:186} INFO - Started process (PID=1949) to work on /opt/airflow/dags/dag_1.py
[2026-04-16T22:51:25.322+0000] {processor.py:914} INFO - Processing file /opt/airflow/dags/dag_1.py for tasks to queue
[2026-04-16T22:51:25.328+0000] {logging_mixin.py:190} INFO - [2026-04-16T22:51:25.327+0000] {dagbag.py:588} INFO - Filling up the DagBag from /opt/airflow/dags/dag_1.py
[2026-04-16T22:51:25.350+0000] {processor.py:925} INFO - DAG(s) 'hello_world_dag' retrieved from /opt/airflow/dags/dag_1.py
[2026-04-16T22:51:25.412+0000] {logging_mixin.py:190} INFO - [2026-04-16T22:51:25.411+0000] {dag.py:3239} INFO - Sync 1 DAGs
[2026-04-16T22:51:25.450+0000] {logging_mixin.py:190} INFO - [2026-04-16T22:51:25.449+0000] {dag.py:4180} INFO - Setting next_dagrun for hello_world_dag to None, run_after=None
[2026-04-16T22:51:25.500+0000] {processor.py:208} INFO - Processing /opt/airflow/dags/dag_1.py took 0.195 seconds
[2026-04-16T22:51:55.590+0000] {processor.py:186} INFO - Started process (PID=1960) to work on /opt/airflow/dags/dag_1.py
[2026-04-16T22:51:55.598+0000] {processor.py:914} INFO - Processing file /opt/airflow/dags/dag_1.py for tasks to queue
[2026-04-16T22:51:55.603+0000] {logging_mixin.py:190} INFO - [2026-04-16T22:51:55.602+0000] {dagbag.py:588} INFO - Filling up the DagBag from /opt/airflow/dags/dag_1.py
[2026-04-16T22:51:55.625+0000] {processor.py:925} INFO - DAG(s) 'hello_world_dag' retrieved from /opt/airflow/dags/dag_1.py
[2026-04-16T22:51:55.681+0000] {logging_mixin.py:190} INFO - [2026-04-16T22:51:55.680+0000] {dag.py:3239} INFO - Sync 1 DAGs
[2026-04-16T22:51:55.718+0000] {logging_mixin.py:190} INFO - [2026-04-16T22:51:55.718+0000] {dag.py:4180} INFO - Setting next_dagrun for hello_world_dag to None, run_after=None
[2026-04-16T22:51:55.765+0000] {processor.py:208} INFO - Processing /opt/airflow/dags/dag_1.py took 0.195 seconds
[2026-04-16T22:52:26.077+0000] {processor.py:186} INFO - Started process (PID=1971) to work on /opt/airflow/dags/dag_1.py
[2026-04-16T22:52:26.079+0000] {processor.py:914} INFO - Processing file /opt/airflow/dags/dag_1.py for tasks to queue
[2026-04-16T22:52:26.083+0000] {logging_mixin.py:190} INFO - [2026-04-16T22:52:26.083+0000] {dagbag.py:588} INFO - Filling up the DagBag from /opt/airflow/dags/dag_1.py
[2026-04-16T22:52:26.108+0000] {processor.py:925} INFO - DAG(s) 'hello_world_dag' retrieved from /opt/airflow/dags/dag_1.py
[2026-04-16T22:52:26.169+0000] {logging_mixin.py:190} INFO - [2026-04-16T22:52:26.168+0000] {dag.py:3239} INFO - Sync 1 DAGs
[2026-04-16T22:52:26.204+0000] {logging_mixin.py:190} INFO - [2026-04-16T22:52:26.203+0000] {dag.py:4180} INFO - Setting next_dagrun for hello_world_dag to None, run_after=None
[2026-04-16T22:52:26.244+0000] {processor.py:208} INFO - Processing /opt/airflow/dags/dag_1.py took 0.182 seconds
[2026-04-16T23:01:56.226+0000] {processor.py:186} INFO - Started process (PID=1976) to work on /opt/airflow/dags/dag_1.py
[2026-04-16T23:01:56.232+0000] {processor.py:914} INFO - Processing file /opt/airflow/dags/dag_1.py for tasks to queue
[2026-04-16T23:01:56.240+0000] {logging_mixin.py:190} INFO - [2026-04-16T23:01:56.239+0000] {dagbag.py:588} INFO - Filling up the DagBag from /opt/airflow/dags/dag_1.py
[2026-04-16T23:01:56.258+0000] {processor.py:925} INFO - DAG(s) 'hello_world_dag' retrieved from /opt/airflow/dags/dag_1.py
[2026-04-16T23:01:56.302+0000] {logging_mixin.py:190} INFO - [2026-04-16T23:01:56.301+0000] {dag.py:3239} INFO - Sync 1 DAGs
[2026-04-16T23:01:56.326+0000] {logging_mixin.py:190} INFO - [2026-04-16T23:01:56.326+0000] {dag.py:4180} INFO - Setting next_dagrun for hello_world_dag to None, run_after=None
[2026-04-16T23:01:56.363+0000] {processor.py:208} INFO - Processing /opt/airflow/dags/dag_1.py took 0.185 seconds
[2026-04-16T23:02:26.494+0000] {processor.py:186} INFO - Started process (PID=1987) to work on /opt/airflow/dags/dag_1.py
[2026-04-16T23:02:26.496+0000] {processor.py:914} INFO - Processing file /opt/airflow/dags/dag_1.py for tasks to queue
[2026-04-16T23:02:26.501+0000] {logging_mixin.py:190} INFO - [2026-04-16T23:02:26.501+0000] {dagbag.py:588} INFO - Filling up the DagBag from /opt/airflow/dags/dag_1.py
[2026-04-16T23:02:26.523+0000] {processor.py:925} INFO - DAG(s) 'hello_world_dag' retrieved from /opt/airflow/dags/dag_1.py
[2026-04-16T23:02:26.584+0000] {logging_mixin.py:190} INFO - [2026-04-16T23:02:26.583+0000] {dag.py:3239} INFO - Sync 1 DAGs
[2026-04-16T23:02:26.625+0000] {logging_mixin.py:190} INFO - [2026-04-16T23:02:26.624+0000] {dag.py:4180} INFO - Setting next_dagrun for hello_world_dag to None, run_after=None
[2026-04-16T23:02:26.670+0000] {processor.py:208} INFO - Processing /opt/airflow/dags/dag_1.py took 0.190 seconds
[2026-04-16T23:02:56.918+0000] {processor.py:186} INFO - Started process (PID=1998) to work on /opt/airflow/dags/dag_1.py
[2026-04-16T23:02:56.926+0000] {processor.py:914} INFO - Processing file /opt/airflow/dags/dag_1.py for tasks to queue
[2026-04-16T23:02:56.931+0000] {logging_mixin.py:190} INFO - [2026-04-16T23:02:56.930+0000] {dagbag.py:588} INFO - Filling up the DagBag from /opt/airflow/dags/dag_1.py
[2026-04-16T23:02:56.953+0000] {processor.py:925} INFO - DAG(s) 'hello_world_dag' retrieved from /opt/airflow/dags/dag_1.py
[2026-04-16T23:02:57.011+0000] {logging_mixin.py:190} INFO - [2026-04-16T23:02:57.011+0000] {dag.py:3239} INFO - Sync 1 DAGs
[2026-04-16T23:02:57.049+0000] {logging_mixin.py:190} INFO - [2026-04-16T23:02:57.048+0000] {dag.py:4180} INFO - Setting next_dagrun for hello_world_dag to None, run_after=None
[2026-04-16T23:02:57.232+0000] {processor.py:208} INFO - Processing /opt/airflow/dags/dag_1.py took 0.331 seconds
[2026-04-16T23:03:27.529+0000] {processor.py:186} INFO - Started process (PID=2009) to work on /opt/airflow/dags/dag_1.py
[2026-04-16T23:03:27.531+0000] {processor.py:914} INFO - Processing file /opt/airflow/dags/dag_1.py for tasks to queue
[2026-04-16T23:03:27.538+0000] {logging_mixin.py:190} INFO - [2026-04-16T23:03:27.538+0000] {dagbag.py:588} INFO - Filling up the DagBag from /opt/airflow/dags/dag_1.py
[2026-04-16T23:03:27.564+0000] {processor.py:925} INFO - DAG(s) 'hello_world_dag' retrieved from /opt/airflow/dags/dag_1.py
[2026-04-16T23:03:27.624+0000] {logging_mixin.py:190} INFO - [2026-04-16T23:03:27.624+0000] {dag.py:3239} INFO - Sync 1 DAGs
[2026-04-16T23:03:27.660+0000] {logging_mixin.py:190} INFO - [2026-04-16T23:03:27.660+0000] {dag.py:4180} INFO - Setting next_dagrun for hello_world_dag to None, run_after=None
[2026-04-16T23:03:27.708+0000] {processor.py:208} INFO - Processing /opt/airflow/dags/dag_1.py took 0.196 seconds
[2026-04-16T23:03:57.800+0000] {processor.py:186} INFO - Started process (PID=2020) to work on /opt/airflow/dags/dag_1.py
[2026-04-16T23:03:57.807+0000] {processor.py:914} INFO - Processing file /opt/airflow/dags/dag_1.py for tasks to queue
[2026-04-16T23:03:57.812+0000] {logging_mixin.py:190} INFO - [2026-04-16T23:03:57.812+0000] {dagbag.py:588} INFO - Filling up the DagBag from /opt/airflow/dags/dag_1.py
[2026-04-16T23:03:57.835+0000] {processor.py:925} INFO - DAG(s) 'hello_world_dag' retrieved from /opt/airflow/dags/dag_1.py
[2026-04-16T23:03:57.895+0000] {logging_mixin.py:190} INFO - [2026-04-16T23:03:57.894+0000] {dag.py:3239} INFO - Sync 1 DAGs
[2026-04-16T23:03:57.932+0000] {logging_mixin.py:190} INFO - [2026-04-16T23:03:57.932+0000] {dag.py:4180} INFO - Setting next_dagrun for hello_world_dag to None, run_after=None
[2026-04-16T23:03:57.980+0000] {processor.py:208} INFO - Processing /opt/airflow/dags/dag_1.py took 0.198 seconds
[2026-04-16T23:04:28.283+0000] {processor.py:186} INFO - Started process (PID=2031) to work on /opt/airflow/dags/dag_1.py
[2026-04-16T23:04:28.285+0000] {processor.py:914} INFO - Processing file /opt/airflow/dags/dag_1.py for tasks to queue
[2026-04-16T23:04:28.289+0000] {logging_mixin.py:190} INFO - [2026-04-16T23:04:28.289+0000] {dagbag.py:588} INFO - Filling up the DagBag from /opt/airflow/dags/dag_1.py
[2026-04-16T23:04:28.313+0000] {processor.py:925} INFO - DAG(s) 'hello_world_dag' retrieved from /opt/airflow/dags/dag_1.py
[2026-04-16T23:04:28.368+0000] {logging_mixin.py:190} INFO - [2026-04-16T23:04:28.367+0000] {dag.py:3239} INFO - Sync 1 DAGs
[2026-04-16T23:04:28.415+0000] {logging_mixin.py:190} INFO - [2026-04-16T23:04:28.415+0000] {dag.py:4180} INFO - Setting next_dagrun for hello_world_dag to None, run_after=None
[2026-04-16T23:04:28.441+0000] {processor.py:208} INFO - Processing /opt/airflow/dags/dag_1.py took 0.173 seconds
[2026-04-16T23:04:58.577+0000] {processor.py:186} INFO - Started process (PID=2042) to work on /opt/airflow/dags/dag_1.py
[2026-04-16T23:04:58.584+0000] {processor.py:914} INFO - Processing file /opt/airflow/dags/dag_1.py for tasks to queue
[2026-04-16T23:04:58.590+0000] {logging_mixin.py:190} INFO - [2026-04-16T23:04:58.589+0000] {dagbag.py:588} INFO - Filling up the DagBag from /opt/airflow/dags/dag_1.py
[2026-04-16T23:04:58.613+0000] {processor.py:925} INFO - DAG(s) 'hello_world_dag' retrieved from /opt/airflow/dags/dag_1.py
[2026-04-16T23:04:58.669+0000] {logging_mixin.py:190} INFO - [2026-04-16T23:04:58.669+0000] {dag.py:3239} INFO - Sync 1 DAGs
[2026-04-16T23:04:58.706+0000] {logging_mixin.py:190} INFO - [2026-04-16T23:04:58.706+0000] {dag.py:4180} INFO - Setting next_dagrun for hello_world_dag to None, run_after=None
[2026-04-16T23:04:58.753+0000] {processor.py:208} INFO - Processing /opt/airflow/dags/dag_1.py took 0.191 seconds
[2026-04-16T23:05:28.991+0000] {processor.py:186} INFO - Started process (PID=2053) to work on /opt/airflow/dags/dag_1.py
[2026-04-16T23:05:28.992+0000] {processor.py:914} INFO - Processing file /opt/airflow/dags/dag_1.py for tasks to queue
[2026-04-16T23:05:28.998+0000] {logging_mixin.py:190} INFO - [2026-04-16T23:05:28.996+0000] {dagbag.py:588} INFO - Filling up the DagBag from /opt/airflow/dags/dag_1.py
[2026-04-16T23:05:29.020+0000] {processor.py:925} INFO - DAG(s) 'hello_world_dag' retrieved from /opt/airflow/dags/dag_1.py
[2026-04-16T23:05:29.081+0000] {logging_mixin.py:190} INFO - [2026-04-16T23:05:29.080+0000] {dag.py:3239} INFO - Sync 1 DAGs
[2026-04-16T23:05:29.120+0000] {logging_mixin.py:190} INFO - [2026-04-16T23:05:29.119+0000] {dag.py:4180} INFO - Setting next_dagrun for hello_world_dag to None, run_after=None
[2026-04-16T23:05:29.168+0000] {processor.py:208} INFO - Processing /opt/airflow/dags/dag_1.py took 0.192 seconds
[2026-04-16T23:05:59.326+0000] {processor.py:186} INFO - Started process (PID=2064) to work on /opt/airflow/dags/dag_1.py
[2026-04-16T23:05:59.334+0000] {processor.py:914} INFO - Processing file /opt/airflow/dags/dag_1.py for tasks to queue
[2026-04-16T23:05:59.340+0000] {logging_mixin.py:190} INFO - [2026-04-16T23:05:59.340+0000] {dagbag.py:588} INFO - Filling up the DagBag from /opt/airflow/dags/dag_1.py
[2026-04-16T23:05:59.362+0000] {processor.py:925} INFO - DAG(s) 'hello_world_dag' retrieved from /opt/airflow/dags/dag_1.py
[2026-04-16T23:05:59.419+0000] {logging_mixin.py:190} INFO - [2026-04-16T23:05:59.419+0000] {dag.py:3239} INFO - Sync 1 DAGs
[2026-04-16T23:05:59.456+0000] {logging_mixin.py:190} INFO - [2026-04-16T23:05:59.455+0000] {dag.py:4180} INFO - Setting next_dagrun for hello_world_dag to None, run_after=None
[2026-04-16T23:05:59.613+0000] {processor.py:208} INFO - Processing /opt/airflow/dags/dag_1.py took 0.302 seconds
[2026-04-16T23:06:29.733+0000] {processor.py:186} INFO - Started process (PID=2075) to work on /opt/airflow/dags/dag_1.py
[2026-04-16T23:06:29.734+0000] {processor.py:914} INFO - Processing file /opt/airflow/dags/dag_1.py for tasks to queue
[2026-04-16T23:06:29.740+0000] {logging_mixin.py:190} INFO - [2026-04-16T23:06:29.739+0000] {dagbag.py:588} INFO - Filling up the DagBag from /opt/airflow/dags/dag_1.py
[2026-04-16T23:06:29.762+0000] {processor.py:925} INFO - DAG(s) 'hello_world_dag' retrieved from /opt/airflow/dags/dag_1.py
[2026-04-16T23:06:29.824+0000] {logging_mixin.py:190} INFO - [2026-04-16T23:06:29.823+0000] {dag.py:3239} INFO - Sync 1 DAGs
[2026-04-16T23:06:29.860+0000] {logging_mixin.py:190} INFO - [2026-04-16T23:06:29.859+0000] {dag.py:4180} INFO - Setting next_dagrun for hello_world_dag to None, run_after=None
[2026-04-16T23:06:29.906+0000] {processor.py:208} INFO - Processing /opt/airflow/dags/dag_1.py took 0.189 seconds
[2026-04-16T23:07:00.218+0000] {processor.py:186} INFO - Started process (PID=2086) to work on /opt/airflow/dags/dag_1.py
[2026-04-16T23:07:00.226+0000] {processor.py:914} INFO - Processing file /opt/airflow/dags/dag_1.py for tasks to queue
[2026-04-16T23:07:00.232+0000] {logging_mixin.py:190} INFO - [2026-04-16T23:07:00.231+0000] {dagbag.py:588} INFO - Filling up the DagBag from /opt/airflow/dags/dag_1.py
[2026-04-16T23:07:00.261+0000] {processor.py:925} INFO - DAG(s) 'hello_world_dag' retrieved from /opt/airflow/dags/dag_1.py
[2026-04-16T23:07:00.346+0000] {logging_mixin.py:190} INFO - [2026-04-16T23:07:00.345+0000] {dag.py:3239} INFO - Sync 1 DAGs
[2026-04-16T23:07:00.387+0000] {logging_mixin.py:190} INFO - [2026-04-16T23:07:00.387+0000] {dag.py:4180} INFO - Setting next_dagrun for hello_world_dag to None, run_after=None
[2026-04-16T23:07:00.411+0000] {processor.py:208} INFO - Processing /opt/airflow/dags/dag_1.py took 0.213 seconds
[2026-04-16T23:07:30.519+0000] {processor.py:186} INFO - Started process (PID=2097) to work on /opt/airflow/dags/dag_1.py
[2026-04-16T23:07:30.520+0000] {processor.py:914} INFO - Processing file /opt/airflow/dags/dag_1.py for tasks to queue
[2026-04-16T23:07:30.526+0000] {logging_mixin.py:190} INFO - [2026-04-16T23:07:30.525+0000] {dagbag.py:588} INFO - Filling up the DagBag from /opt/airflow/dags/dag_1.py
[2026-04-16T23:07:30.549+0000] {processor.py:925} INFO - DAG(s) 'hello_world_dag' retrieved from /opt/airflow/dags/dag_1.py
[2026-04-16T23:07:30.609+0000] {logging_mixin.py:190} INFO - [2026-04-16T23:07:30.608+0000] {dag.py:3239} INFO - Sync 1 DAGs
[2026-04-16T23:07:30.644+0000] {logging_mixin.py:190} INFO - [2026-04-16T23:07:30.643+0000] {dag.py:4180} INFO - Setting next_dagrun for hello_world_dag to None, run_after=None
[2026-04-16T23:07:30.691+0000] {processor.py:208} INFO - Processing /opt/airflow/dags/dag_1.py took 0.188 seconds
[2026-04-16T23:08:01.002+0000] {processor.py:186} INFO - Started process (PID=2108) to work on /opt/airflow/dags/dag_1.py
[2026-04-16T23:08:01.010+0000] {processor.py:914} INFO - Processing file /opt/airflow/dags/dag_1.py for tasks to queue
[2026-04-16T23:08:01.015+0000] {logging_mixin.py:190} INFO - [2026-04-16T23:08:01.014+0000] {dagbag.py:588} INFO - Filling up the DagBag from /opt/airflow/dags/dag_1.py
[2026-04-16T23:08:01.039+0000] {processor.py:925} INFO - DAG(s) 'hello_world_dag' retrieved from /opt/airflow/dags/dag_1.py
[2026-04-16T23:08:01.098+0000] {logging_mixin.py:190} INFO - [2026-04-16T23:08:01.098+0000] {dag.py:3239} INFO - Sync 1 DAGs
[2026-04-16T23:08:01.135+0000] {logging_mixin.py:190} INFO - [2026-04-16T23:08:01.135+0000] {dag.py:4180} INFO - Setting next_dagrun for hello_world_dag to None, run_after=None
[2026-04-16T23:08:01.181+0000] {processor.py:208} INFO - Processing /opt/airflow/dags/dag_1.py took 0.196 seconds
[2026-04-16T23:08:31.275+0000] {processor.py:186} INFO - Started process (PID=2119) to work on /opt/airflow/dags/dag_1.py
[2026-04-16T23:08:31.277+0000] {processor.py:914} INFO - Processing file /opt/airflow/dags/dag_1.py for tasks to queue
[2026-04-16T23:08:31.282+0000] {logging_mixin.py:190} INFO - [2026-04-16T23:08:31.281+0000] {dagbag.py:588} INFO - Filling up the DagBag from /opt/airflow/dags/dag_1.py
[2026-04-16T23:08:31.304+0000] {processor.py:925} INFO - DAG(s) 'hello_world_dag' retrieved from /opt/airflow/dags/dag_1.py
[2026-04-16T23:08:31.359+0000] {logging_mixin.py:190} INFO - [2026-04-16T23:08:31.358+0000] {dag.py:3239} INFO - Sync 1 DAGs
[2026-04-16T23:08:31.394+0000] {logging_mixin.py:190} INFO - [2026-04-16T23:08:31.393+0000] {dag.py:4180} INFO - Setting next_dagrun for hello_world_dag to None, run_after=None
[2026-04-16T23:08:31.442+0000] {processor.py:208} INFO - Processing /opt/airflow/dags/dag_1.py took 0.181 seconds
[2026-04-16T23:09:01.729+0000] {processor.py:186} INFO - Started process (PID=2130) to work on /opt/airflow/dags/dag_1.py
[2026-04-16T23:09:01.737+0000] {processor.py:914} INFO - Processing file /opt/airflow/dags/dag_1.py for tasks to queue
[2026-04-16T23:09:01.742+0000] {logging_mixin.py:190} INFO - [2026-04-16T23:09:01.741+0000] {dagbag.py:588} INFO - Filling up the DagBag from /opt/airflow/dags/dag_1.py
[2026-04-16T23:09:01.765+0000] {processor.py:925} INFO - DAG(s) 'hello_world_dag' retrieved from /opt/airflow/dags/dag_1.py
[2026-04-16T23:09:01.821+0000] {logging_mixin.py:190} INFO - [2026-04-16T23:09:01.821+0000] {dag.py:3239} INFO - Sync 1 DAGs
[2026-04-16T23:09:01.998+0000] {logging_mixin.py:190} INFO - [2026-04-16T23:09:01.998+0000] {dag.py:4180} INFO - Setting next_dagrun for hello_world_dag to None, run_after=None
[2026-04-16T23:09:02.021+0000] {processor.py:208} INFO - Processing /opt/airflow/dags/dag_1.py took 0.307 seconds
[2026-04-16T23:09:32.315+0000] {processor.py:186} INFO - Started process (PID=2141) to work on /opt/airflow/dags/dag_1.py
[2026-04-16T23:09:32.317+0000] {processor.py:914} INFO - Processing file /opt/airflow/dags/dag_1.py for tasks to queue
[2026-04-16T23:09:32.323+0000] {logging_mixin.py:190} INFO - [2026-04-16T23:09:32.322+0000] {dagbag.py:588} INFO - Filling up the DagBag from /opt/airflow/dags/dag_1.py
[2026-04-16T23:09:32.345+0000] {processor.py:925} INFO - DAG(s) 'hello_world_dag' retrieved from /opt/airflow/dags/dag_1.py
[2026-04-16T23:09:32.405+0000] {logging_mixin.py:190} INFO - [2026-04-16T23:09:32.404+0000] {dag.py:3239} INFO - Sync 1 DAGs
[2026-04-16T23:09:32.439+0000] {logging_mixin.py:190} INFO - [2026-04-16T23:09:32.439+0000] {dag.py:4180} INFO - Setting next_dagrun for hello_world_dag to None, run_after=None
[2026-04-16T23:09:32.484+0000] {processor.py:208} INFO - Processing /opt/airflow/dags/dag_1.py took 0.184 seconds
[2026-04-16T23:10:02.591+0000] {processor.py:186} INFO - Started process (PID=2152) to work on /opt/airflow/dags/dag_1.py
[2026-04-16T23:10:02.593+0000] {processor.py:914} INFO - Processing file /opt/airflow/dags/dag_1.py for tasks to queue
[2026-04-16T23:10:02.598+0000] {logging_mixin.py:190} INFO - [2026-04-16T23:10:02.598+0000] {dagbag.py:588} INFO - Filling up the DagBag from /opt/airflow/dags/dag_1.py
[2026-04-16T23:10:02.622+0000] {processor.py:925} INFO - DAG(s) 'hello_world_dag' retrieved from /opt/airflow/dags/dag_1.py
[2026-04-16T23:10:02.685+0000] {logging_mixin.py:190} INFO - [2026-04-16T23:10:02.684+0000] {dag.py:3239} INFO - Sync 1 DAGs
[2026-04-16T23:10:02.722+0000] {logging_mixin.py:190} INFO - [2026-04-16T23:10:02.721+0000] {dag.py:4180} INFO - Setting next_dagrun for hello_world_dag to None, run_after=None
[2026-04-16T23:10:02.763+0000] {processor.py:208} INFO - Processing /opt/airflow/dags/dag_1.py took 0.187 seconds
[2026-04-16T23:10:33.044+0000] {processor.py:186} INFO - Started process (PID=2163) to work on /opt/airflow/dags/dag_1.py
[2026-04-16T23:10:33.046+0000] {processor.py:914} INFO - Processing file /opt/airflow/dags/dag_1.py for tasks to queue
[2026-04-16T23:10:33.051+0000] {logging_mixin.py:190} INFO - [2026-04-16T23:10:33.050+0000] {dagbag.py:588} INFO - Filling up the DagBag from /opt/airflow/dags/dag_1.py
[2026-04-16T23:10:33.073+0000] {processor.py:925} INFO - DAG(s) 'hello_world_dag' retrieved from /opt/airflow/dags/dag_1.py
[2026-04-16T23:10:33.129+0000] {logging_mixin.py:190} INFO - [2026-04-16T23:10:33.129+0000] {dag.py:3239} INFO - Sync 1 DAGs
[2026-04-16T23:10:33.164+0000] {logging_mixin.py:190} INFO - [2026-04-16T23:10:33.164+0000] {dag.py:4180} INFO - Setting next_dagrun for hello_world_dag to None, run_after=None
[2026-04-16T23:10:33.211+0000] {processor.py:208} INFO - Processing /opt/airflow/dags/dag_1.py took 0.183 seconds
[2026-04-16T23:11:03.335+0000] {processor.py:186} INFO - Started process (PID=2174) to work on /opt/airflow/dags/dag_1.py
[2026-04-16T23:11:03.343+0000] {processor.py:914} INFO - Processing file /opt/airflow/dags/dag_1.py for tasks to queue
[2026-04-16T23:11:03.348+0000] {logging_mixin.py:190} INFO - [2026-04-16T23:11:03.347+0000] {dagbag.py:588} INFO - Filling up the DagBag from /opt/airflow/dags/dag_1.py
[2026-04-16T23:11:03.379+0000] {processor.py:925} INFO - DAG(s) 'hello_world_dag' retrieved from /opt/airflow/dags/dag_1.py
[2026-04-16T23:11:03.435+0000] {logging_mixin.py:190} INFO - [2026-04-16T23:11:03.434+0000] {dag.py:3239} INFO - Sync 1 DAGs
[2026-04-16T23:11:03.470+0000] {logging_mixin.py:190} INFO - [2026-04-16T23:11:03.469+0000] {dag.py:4180} INFO - Setting next_dagrun for hello_world_dag to None, run_after=None
[2026-04-16T23:11:03.518+0000] {processor.py:208} INFO - Processing /opt/airflow/dags/dag_1.py took 0.197 seconds
[2026-04-16T23:11:34.812+0000] {processor.py:186} INFO - Started process (PID=2185) to work on /opt/airflow/dags/dag_1.py
[2026-04-16T23:11:34.814+0000] {processor.py:914} INFO - Processing file /opt/airflow/dags/dag_1.py for tasks to queue
[2026-04-16T23:11:34.819+0000] {logging_mixin.py:190} INFO - [2026-04-16T23:11:34.818+0000] {dagbag.py:588} INFO - Filling up the DagBag from /opt/airflow/dags/dag_1.py
[2026-04-16T23:11:34.841+0000] {processor.py:925} INFO - DAG(s) 'hello_world_dag' retrieved from /opt/airflow/dags/dag_1.py
[2026-04-16T23:11:34.900+0000] {logging_mixin.py:190} INFO - [2026-04-16T23:11:34.900+0000] {dag.py:3239} INFO - Sync 1 DAGs
[2026-04-16T23:11:34.928+0000] {logging_mixin.py:190} INFO - [2026-04-16T23:11:34.928+0000] {dag.py:4180} INFO - Setting next_dagrun for hello_world_dag to None, run_after=None
[2026-04-16T23:11:35.078+0000] {processor.py:208} INFO - Processing /opt/airflow/dags/dag_1.py took 0.282 seconds
[2026-04-16T23:12:05.392+0000] {processor.py:186} INFO - Started process (PID=2196) to work on /opt/airflow/dags/dag_1.py
[2026-04-16T23:12:05.399+0000] {processor.py:914} INFO - Processing file /opt/airflow/dags/dag_1.py for tasks to queue
[2026-04-16T23:12:05.404+0000] {logging_mixin.py:190} INFO - [2026-04-16T23:12:05.404+0000] {dagbag.py:588} INFO - Filling up the DagBag from /opt/airflow/dags/dag_1.py
[2026-04-16T23:12:05.427+0000] {processor.py:925} INFO - DAG(s) 'hello_world_dag' retrieved from /opt/airflow/dags/dag_1.py
[2026-04-16T23:12:05.489+0000] {logging_mixin.py:190} INFO - [2026-04-16T23:12:05.489+0000] {dag.py:3239} INFO - Sync 1 DAGs
[2026-04-16T23:12:05.528+0000] {logging_mixin.py:190} INFO - [2026-04-16T23:12:05.527+0000] {dag.py:4180} INFO - Setting next_dagrun for hello_world_dag to None, run_after=None
[2026-04-16T23:12:05.570+0000] {processor.py:208} INFO - Processing /opt/airflow/dags/dag_1.py took 0.192 seconds
[2026-04-16T23:12:35.664+0000] {processor.py:186} INFO - Started process (PID=2207) to work on /opt/airflow/dags/dag_1.py
[2026-04-16T23:12:35.666+0000] {processor.py:914} INFO - Processing file /opt/airflow/dags/dag_1.py for tasks to queue
[2026-04-16T23:12:35.672+0000] {logging_mixin.py:190} INFO - [2026-04-16T23:12:35.671+0000] {dagbag.py:588} INFO - Filling up the DagBag from /opt/airflow/dags/dag_1.py
[2026-04-16T23:12:35.702+0000] {processor.py:925} INFO - DAG(s) 'hello_world_dag' retrieved from /opt/airflow/dags/dag_1.py
[2026-04-16T23:12:35.791+0000] {logging_mixin.py:190} INFO - [2026-04-16T23:12:35.790+0000] {dag.py:3239} INFO - Sync 1 DAGs
[2026-04-16T23:12:35.846+0000] {logging_mixin.py:190} INFO - [2026-04-16T23:12:35.845+0000] {dag.py:4180} INFO - Setting next_dagrun for hello_world_dag to None, run_after=None
[2026-04-16T23:12:35.910+0000] {processor.py:208} INFO - Processing /opt/airflow/dags/dag_1.py took 0.265 seconds
[2026-04-16T23:13:06.163+0000] {processor.py:186} INFO - Started process (PID=2218) to work on /opt/airflow/dags/dag_1.py
[2026-04-16T23:13:06.165+0000] {processor.py:914} INFO - Processing file /opt/airflow/dags/dag_1.py for tasks to queue
[2026-04-16T23:13:06.170+0000] {logging_mixin.py:190} INFO - [2026-04-16T23:13:06.169+0000] {dagbag.py:588} INFO - Filling up the DagBag from /opt/airflow/dags/dag_1.py
[2026-04-16T23:13:06.192+0000] {processor.py:925} INFO - DAG(s) 'hello_world_dag' retrieved from /opt/airflow/dags/dag_1.py
[2026-04-16T23:13:06.247+0000] {logging_mixin.py:190} INFO - [2026-04-16T23:13:06.246+0000] {dag.py:3239} INFO - Sync 1 DAGs
[2026-04-16T23:13:06.287+0000] {logging_mixin.py:190} INFO - [2026-04-16T23:13:06.286+0000] {dag.py:4180} INFO - Setting next_dagrun for hello_world_dag to None, run_after=None
[2026-04-16T23:13:06.333+0000] {processor.py:208} INFO - Processing /opt/airflow/dags/dag_1.py took 0.188 seconds
[2026-04-16T23:13:36.474+0000] {processor.py:186} INFO - Started process (PID=2229) to work on /opt/airflow/dags/dag_1.py
[2026-04-16T23:13:36.476+0000] {processor.py:914} INFO - Processing file /opt/airflow/dags/dag_1.py for tasks to queue
[2026-04-16T23:13:36.482+0000] {logging_mixin.py:190} INFO - [2026-04-16T23:13:36.482+0000] {dagbag.py:588} INFO - Filling up the DagBag from /opt/airflow/dags/dag_1.py
[2026-04-16T23:13:36.506+0000] {processor.py:925} INFO - DAG(s) 'hello_world_dag' retrieved from /opt/airflow/dags/dag_1.py
[2026-04-16T23:13:36.570+0000] {logging_mixin.py:190} INFO - [2026-04-16T23:13:36.569+0000] {dag.py:3239} INFO - Sync 1 DAGs
[2026-04-16T23:13:36.618+0000] {logging_mixin.py:190} INFO - [2026-04-16T23:13:36.617+0000] {dag.py:4180} INFO - Setting next_dagrun for hello_world_dag to None, run_after=None
[2026-04-16T23:13:36.669+0000] {processor.py:208} INFO - Processing /opt/airflow/dags/dag_1.py took 0.211 seconds
[2026-04-16T23:14:06.891+0000] {processor.py:186} INFO - Started process (PID=2240) to work on /opt/airflow/dags/dag_1.py
[2026-04-16T23:14:06.899+0000] {processor.py:914} INFO - Processing file /opt/airflow/dags/dag_1.py for tasks to queue
[2026-04-16T23:14:06.905+0000] {logging_mixin.py:190} INFO - [2026-04-16T23:14:06.904+0000] {dagbag.py:588} INFO - Filling up the DagBag from /opt/airflow/dags/dag_1.py
[2026-04-16T23:14:06.925+0000] {processor.py:925} INFO - DAG(s) 'hello_world_dag' retrieved from /opt/airflow/dags/dag_1.py
[2026-04-16T23:14:06.983+0000] {logging_mixin.py:190} INFO - [2026-04-16T23:14:06.983+0000] {dag.py:3239} INFO - Sync 1 DAGs
[2026-04-16T23:14:07.025+0000] {logging_mixin.py:190} INFO - [2026-04-16T23:14:07.024+0000] {dag.py:4180} INFO - Setting next_dagrun for hello_world_dag to None, run_after=None
[2026-04-16T23:14:07.068+0000] {processor.py:208} INFO - Processing /opt/airflow/dags/dag_1.py took 0.191 seconds
[2026-04-16T23:14:37.237+0000] {processor.py:186} INFO - Started process (PID=2251) to work on /opt/airflow/dags/dag_1.py
[2026-04-16T23:14:37.238+0000] {processor.py:914} INFO - Processing file /opt/airflow/dags/dag_1.py for tasks to queue
[2026-04-16T23:14:37.242+0000] {logging_mixin.py:190} INFO - [2026-04-16T23:14:37.241+0000] {dagbag.py:588} INFO - Filling up the DagBag from /opt/airflow/dags/dag_1.py
[2026-04-16T23:14:37.257+0000] {processor.py:925} INFO - DAG(s) 'hello_world_dag' retrieved from /opt/airflow/dags/dag_1.py
[2026-04-16T23:14:37.301+0000] {logging_mixin.py:190} INFO - [2026-04-16T23:14:37.301+0000] {dag.py:3239} INFO - Sync 1 DAGs
[2026-04-16T23:14:37.329+0000] {logging_mixin.py:190} INFO - [2026-04-16T23:14:37.329+0000] {dag.py:4180} INFO - Setting next_dagrun for hello_world_dag to None, run_after=None
[2026-04-16T23:14:37.468+0000] {processor.py:208} INFO - Processing /opt/airflow/dags/dag_1.py took 0.242 seconds
[2026-04-16T23:15:07.656+0000] {processor.py:186} INFO - Started process (PID=2262) to work on /opt/airflow/dags/dag_1.py
[2026-04-16T23:15:07.663+0000] {processor.py:914} INFO - Processing file /opt/airflow/dags/dag_1.py for tasks to queue
[2026-04-16T23:15:07.668+0000] {logging_mixin.py:190} INFO - [2026-04-16T23:15:07.668+0000] {dagbag.py:588} INFO - Filling up the DagBag from /opt/airflow/dags/dag_1.py
[2026-04-16T23:15:07.690+0000] {processor.py:925} INFO - DAG(s) 'hello_world_dag' retrieved from /opt/airflow/dags/dag_1.py
[2026-04-16T23:15:07.748+0000] {logging_mixin.py:190} INFO - [2026-04-16T23:15:07.747+0000] {dag.py:3239} INFO - Sync 1 DAGs
[2026-04-16T23:15:07.783+0000] {logging_mixin.py:190} INFO - [2026-04-16T23:15:07.783+0000] {dag.py:4180} INFO - Setting next_dagrun for hello_world_dag to None, run_after=None
[2026-04-16T23:15:07.832+0000] {processor.py:208} INFO - Processing /opt/airflow/dags/dag_1.py took 0.192 seconds
[2026-04-16T23:15:38.042+0000] {processor.py:186} INFO - Started process (PID=2273) to work on /opt/airflow/dags/dag_1.py
[2026-04-16T23:15:38.044+0000] {processor.py:914} INFO - Processing file /opt/airflow/dags/dag_1.py for tasks to queue
[2026-04-16T23:15:38.049+0000] {logging_mixin.py:190} INFO - [2026-04-16T23:15:38.048+0000] {dagbag.py:588} INFO - Filling up the DagBag from /opt/airflow/dags/dag_1.py
[2026-04-16T23:15:38.074+0000] {processor.py:925} INFO - DAG(s) 'hello_world_dag' retrieved from /opt/airflow/dags/dag_1.py
[2026-04-16T23:15:38.140+0000] {logging_mixin.py:190} INFO - [2026-04-16T23:15:38.139+0000] {dag.py:3239} INFO - Sync 1 DAGs
[2026-04-16T23:15:38.182+0000] {logging_mixin.py:190} INFO - [2026-04-16T23:15:38.182+0000] {dag.py:4180} INFO - Setting next_dagrun for hello_world_dag to None, run_after=None
[2026-04-16T23:15:38.236+0000] {processor.py:208} INFO - Processing /opt/airflow/dags/dag_1.py took 0.211 seconds
[2026-04-16T23:16:08.385+0000] {processor.py:186} INFO - Started process (PID=2284) to work on /opt/airflow/dags/dag_1.py
[2026-04-16T23:16:08.391+0000] {processor.py:914} INFO - Processing file /opt/airflow/dags/dag_1.py for tasks to queue
[2026-04-16T23:16:08.394+0000] {logging_mixin.py:190} INFO - [2026-04-16T23:16:08.393+0000] {dagbag.py:588} INFO - Filling up the DagBag from /opt/airflow/dags/dag_1.py
[2026-04-16T23:16:08.405+0000] {processor.py:925} INFO - DAG(s) 'hello_world_dag' retrieved from /opt/airflow/dags/dag_1.py
[2026-04-16T23:16:08.435+0000] {logging_mixin.py:190} INFO - [2026-04-16T23:16:08.434+0000] {dag.py:3239} INFO - Sync 1 DAGs
[2026-04-16T23:16:08.456+0000] {logging_mixin.py:190} INFO - [2026-04-16T23:16:08.455+0000] {dag.py:4180} INFO - Setting next_dagrun for hello_world_dag to None, run_after=None
[2026-04-16T23:16:08.476+0000] {processor.py:208} INFO - Processing /opt/airflow/dags/dag_1.py took 0.099 seconds
[2026-04-16T23:16:38.652+0000] {processor.py:186} INFO - Started process (PID=2295) to work on /opt/airflow/dags/dag_1.py
[2026-04-16T23:16:38.654+0000] {processor.py:914} INFO - Processing file /opt/airflow/dags/dag_1.py for tasks to queue
[2026-04-16T23:16:38.658+0000] {logging_mixin.py:190} INFO - [2026-04-16T23:16:38.658+0000] {dagbag.py:588} INFO - Filling up the DagBag from /opt/airflow/dags/dag_1.py
[2026-04-16T23:16:38.679+0000] {processor.py:925} INFO - DAG(s) 'hello_world_dag' retrieved from /opt/airflow/dags/dag_1.py
[2026-04-16T23:16:38.737+0000] {logging_mixin.py:190} INFO - [2026-04-16T23:16:38.736+0000] {dag.py:3239} INFO - Sync 1 DAGs
[2026-04-16T23:16:38.773+0000] {logging_mixin.py:190} INFO - [2026-04-16T23:16:38.772+0000] {dag.py:4180} INFO - Setting next_dagrun for hello_world_dag to None, run_after=None
[2026-04-16T23:16:38.818+0000] {processor.py:208} INFO - Processing /opt/airflow/dags/dag_1.py took 0.181 seconds
[2026-04-16T23:17:09.031+0000] {processor.py:186} INFO - Started process (PID=2306) to work on /opt/airflow/dags/dag_1.py
[2026-04-16T23:17:09.038+0000] {processor.py:914} INFO - Processing file /opt/airflow/dags/dag_1.py for tasks to queue
[2026-04-16T23:17:09.043+0000] {logging_mixin.py:190} INFO - [2026-04-16T23:17:09.043+0000] {dagbag.py:588} INFO - Filling up the DagBag from /opt/airflow/dags/dag_1.py
[2026-04-16T23:17:09.066+0000] {processor.py:925} INFO - DAG(s) 'hello_world_dag' retrieved from /opt/airflow/dags/dag_1.py
[2026-04-16T23:17:09.121+0000] {logging_mixin.py:190} INFO - [2026-04-16T23:17:09.120+0000] {dag.py:3239} INFO - Sync 1 DAGs
[2026-04-16T23:17:09.155+0000] {logging_mixin.py:190} INFO - [2026-04-16T23:17:09.155+0000] {dag.py:4180} INFO - Setting next_dagrun for hello_world_dag to None, run_after=None
[2026-04-16T23:17:09.206+0000] {processor.py:208} INFO - Processing /opt/airflow/dags/dag_1.py took 0.189 seconds
[2026-04-16T23:17:39.367+0000] {processor.py:186} INFO - Started process (PID=2317) to work on /opt/airflow/dags/dag_1.py
[2026-04-16T23:17:39.368+0000] {processor.py:914} INFO - Processing file /opt/airflow/dags/dag_1.py for tasks to queue
[2026-04-16T23:17:39.374+0000] {logging_mixin.py:190} INFO - [2026-04-16T23:17:39.373+0000] {dagbag.py:588} INFO - Filling up the DagBag from /opt/airflow/dags/dag_1.py
[2026-04-16T23:17:39.395+0000] {processor.py:925} INFO - DAG(s) 'hello_world_dag' retrieved from /opt/airflow/dags/dag_1.py
[2026-04-16T23:17:39.454+0000] {logging_mixin.py:190} INFO - [2026-04-16T23:17:39.454+0000] {dag.py:3239} INFO - Sync 1 DAGs
[2026-04-16T23:17:39.637+0000] {logging_mixin.py:190} INFO - [2026-04-16T23:17:39.637+0000] {dag.py:4180} INFO - Setting next_dagrun for hello_world_dag to None, run_after=None
[2026-04-16T23:17:39.658+0000] {processor.py:208} INFO - Processing /opt/airflow/dags/dag_1.py took 0.305 seconds
[2026-04-16T23:18:09.772+0000] {processor.py:186} INFO - Started process (PID=2328) to work on /opt/airflow/dags/dag_1.py
[2026-04-16T23:18:09.780+0000] {processor.py:914} INFO - Processing file /opt/airflow/dags/dag_1.py for tasks to queue
[2026-04-16T23:18:09.787+0000] {logging_mixin.py:190} INFO - [2026-04-16T23:18:09.786+0000] {dagbag.py:588} INFO - Filling up the DagBag from /opt/airflow/dags/dag_1.py
[2026-04-16T23:18:09.814+0000] {processor.py:925} INFO - DAG(s) 'hello_world_dag' retrieved from /opt/airflow/dags/dag_1.py
[2026-04-16T23:18:09.886+0000] {logging_mixin.py:190} INFO - [2026-04-16T23:18:09.885+0000] {dag.py:3239} INFO - Sync 1 DAGs
[2026-04-16T23:18:09.929+0000] {logging_mixin.py:190} INFO - [2026-04-16T23:18:09.928+0000] {dag.py:4180} INFO - Setting next_dagrun for hello_world_dag to None, run_after=None
[2026-04-16T23:18:09.979+0000] {processor.py:208} INFO - Processing /opt/airflow/dags/dag_1.py took 0.224 seconds
[2026-04-16T23:18:40.222+0000] {processor.py:186} INFO - Started process (PID=2339) to work on /opt/airflow/dags/dag_1.py
[2026-04-16T23:18:40.224+0000] {processor.py:914} INFO - Processing file /opt/airflow/dags/dag_1.py for tasks to queue
[2026-04-16T23:18:40.230+0000] {logging_mixin.py:190} INFO - [2026-04-16T23:18:40.229+0000] {dagbag.py:588} INFO - Filling up the DagBag from /opt/airflow/dags/dag_1.py
[2026-04-16T23:18:40.252+0000] {processor.py:925} INFO - DAG(s) 'hello_world_dag' retrieved from /opt/airflow/dags/dag_1.py
[2026-04-16T23:18:40.312+0000] {logging_mixin.py:190} INFO - [2026-04-16T23:18:40.311+0000] {dag.py:3239} INFO - Sync 1 DAGs
[2026-04-16T23:18:40.347+0000] {logging_mixin.py:190} INFO - [2026-04-16T23:18:40.347+0000] {dag.py:4180} INFO - Setting next_dagrun for hello_world_dag to None, run_after=None
[2026-04-16T23:18:40.393+0000] {processor.py:208} INFO - Processing /opt/airflow/dags/dag_1.py took 0.185 seconds
[2026-04-16T23:19:10.589+0000] {processor.py:186} INFO - Started process (PID=2350) to work on /opt/airflow/dags/dag_1.py
[2026-04-16T23:19:10.591+0000] {processor.py:914} INFO - Processing file /opt/airflow/dags/dag_1.py for tasks to queue
[2026-04-16T23:19:10.596+0000] {logging_mixin.py:190} INFO - [2026-04-16T23:19:10.595+0000] {dagbag.py:588} INFO - Filling up the DagBag from /opt/airflow/dags/dag_1.py
[2026-04-16T23:19:10.619+0000] {processor.py:925} INFO - DAG(s) 'hello_world_dag' retrieved from /opt/airflow/dags/dag_1.py
[2026-04-16T23:19:10.679+0000] {logging_mixin.py:190} INFO - [2026-04-16T23:19:10.679+0000] {dag.py:3239} INFO - Sync 1 DAGs
[2026-04-16T23:19:10.715+0000] {logging_mixin.py:190} INFO - [2026-04-16T23:19:10.714+0000] {dag.py:4180} INFO - Setting next_dagrun for hello_world_dag to None, run_after=None
[2026-04-16T23:19:10.762+0000] {processor.py:208} INFO - Processing /opt/airflow/dags/dag_1.py took 0.188 seconds
[2026-04-16T23:19:40.972+0000] {processor.py:186} INFO - Started process (PID=2361) to work on /opt/airflow/dags/dag_1.py
[2026-04-16T23:19:40.974+0000] {processor.py:914} INFO - Processing file /opt/airflow/dags/dag_1.py for tasks to queue
[2026-04-16T23:19:40.981+0000] {logging_mixin.py:190} INFO - [2026-04-16T23:19:40.980+0000] {dagbag.py:588} INFO - Filling up the DagBag from /opt/airflow/dags/dag_1.py
[2026-04-16T23:19:41.012+0000] {processor.py:925} INFO - DAG(s) 'hello_world_dag' retrieved from /opt/airflow/dags/dag_1.py
[2026-04-16T23:19:41.087+0000] {logging_mixin.py:190} INFO - [2026-04-16T23:19:41.087+0000] {dag.py:3239} INFO - Sync 1 DAGs
[2026-04-16T23:19:41.110+0000] {logging_mixin.py:190} INFO - [2026-04-16T23:19:41.110+0000] {dag.py:4180} INFO - Setting next_dagrun for hello_world_dag to None, run_after=None
[2026-04-16T23:19:41.135+0000] {processor.py:208} INFO - Processing /opt/airflow/dags/dag_1.py took 0.182 seconds
[2026-04-16T23:20:11.360+0000] {processor.py:186} INFO - Started process (PID=2372) to work on /opt/airflow/dags/dag_1.py
[2026-04-16T23:20:11.369+0000] {processor.py:914} INFO - Processing file /opt/airflow/dags/dag_1.py for tasks to queue
[2026-04-16T23:20:11.375+0000] {logging_mixin.py:190} INFO - [2026-04-16T23:20:11.374+0000] {dagbag.py:588} INFO - Filling up the DagBag from /opt/airflow/dags/dag_1.py
[2026-04-16T23:20:11.402+0000] {processor.py:925} INFO - DAG(s) 'hello_world_dag' retrieved from /opt/airflow/dags/dag_1.py
[2026-04-16T23:20:11.473+0000] {logging_mixin.py:190} INFO - [2026-04-16T23:20:11.472+0000] {dag.py:3239} INFO - Sync 1 DAGs
[2026-04-16T23:20:11.523+0000] {logging_mixin.py:190} INFO - [2026-04-16T23:20:11.522+0000] {dag.py:4180} INFO - Setting next_dagrun for hello_world_dag to None, run_after=None
[2026-04-16T23:20:11.760+0000] {processor.py:208} INFO - Processing /opt/airflow/dags/dag_1.py took 0.417 seconds
[2026-04-16T23:20:42.032+0000] {processor.py:186} INFO - Started process (PID=2383) to work on /opt/airflow/dags/dag_1.py
[2026-04-16T23:20:42.033+0000] {processor.py:914} INFO - Processing file /opt/airflow/dags/dag_1.py for tasks to queue
[2026-04-16T23:20:42.035+0000] {logging_mixin.py:190} INFO - [2026-04-16T23:20:42.034+0000] {dagbag.py:588} INFO - Filling up the DagBag from /opt/airflow/dags/dag_1.py
[2026-04-16T23:20:42.044+0000] {processor.py:925} INFO - DAG(s) 'hello_world_dag' retrieved from /opt/airflow/dags/dag_1.py
[2026-04-16T23:20:42.079+0000] {logging_mixin.py:190} INFO - [2026-04-16T23:20:42.078+0000] {dag.py:3239} INFO - Sync 1 DAGs
[2026-04-16T23:20:42.234+0000] {logging_mixin.py:190} INFO - [2026-04-16T23:20:42.234+0000] {dag.py:4180} INFO - Setting next_dagrun for hello_world_dag to None, run_after=None
[2026-04-16T23:20:42.259+0000] {processor.py:208} INFO - Processing /opt/airflow/dags/dag_1.py took 0.233 seconds
[2026-04-16T23:21:12.340+0000] {processor.py:186} INFO - Started process (PID=2394) to work on /opt/airflow/dags/dag_1.py
[2026-04-16T23:21:12.342+0000] {processor.py:914} INFO - Processing file /opt/airflow/dags/dag_1.py for tasks to queue
[2026-04-16T23:21:12.348+0000] {logging_mixin.py:190} INFO - [2026-04-16T23:21:12.347+0000] {dagbag.py:588} INFO - Filling up the DagBag from /opt/airflow/dags/dag_1.py
[2026-04-16T23:21:12.377+0000] {processor.py:925} INFO - DAG(s) 'hello_world_dag' retrieved from /opt/airflow/dags/dag_1.py
[2026-04-16T23:21:12.455+0000] {logging_mixin.py:190} INFO - [2026-04-16T23:21:12.455+0000] {dag.py:3239} INFO - Sync 1 DAGs
[2026-04-16T23:21:12.487+0000] {logging_mixin.py:190} INFO - [2026-04-16T23:21:12.486+0000] {dag.py:4180} INFO - Setting next_dagrun for hello_world_dag to None, run_after=None
[2026-04-16T23:21:12.514+0000] {processor.py:208} INFO - Processing /opt/airflow/dags/dag_1.py took 0.193 seconds
[2026-04-16T23:21:42.625+0000] {processor.py:186} INFO - Started process (PID=2405) to work on /opt/airflow/dags/dag_1.py
[2026-04-16T23:21:42.627+0000] {processor.py:914} INFO - Processing file /opt/airflow/dags/dag_1.py for tasks to queue
[2026-04-16T23:21:42.633+0000] {logging_mixin.py:190} INFO - [2026-04-16T23:21:42.632+0000] {dagbag.py:588} INFO - Filling up the DagBag from /opt/airflow/dags/dag_1.py
[2026-04-16T23:21:42.660+0000] {processor.py:925} INFO - DAG(s) 'hello_world_dag' retrieved from /opt/airflow/dags/dag_1.py
[2026-04-16T23:21:42.732+0000] {logging_mixin.py:190} INFO - [2026-04-16T23:21:42.731+0000] {dag.py:3239} INFO - Sync 1 DAGs
[2026-04-16T23:21:42.773+0000] {logging_mixin.py:190} INFO - [2026-04-16T23:21:42.773+0000] {dag.py:4180} INFO - Setting next_dagrun for hello_world_dag to None, run_after=None
[2026-04-16T23:21:42.805+0000] {processor.py:208} INFO - Processing /opt/airflow/dags/dag_1.py took 0.197 seconds
[2026-04-16T23:22:13.096+0000] {processor.py:186} INFO - Started process (PID=2416) to work on /opt/airflow/dags/dag_1.py
[2026-04-16T23:22:13.102+0000] {processor.py:914} INFO - Processing file /opt/airflow/dags/dag_1.py for tasks to queue
[2026-04-16T23:22:13.106+0000] {logging_mixin.py:190} INFO - [2026-04-16T23:22:13.105+0000] {dagbag.py:588} INFO - Filling up the DagBag from /opt/airflow/dags/dag_1.py
[2026-04-16T23:22:13.116+0000] {processor.py:925} INFO - DAG(s) 'hello_world_dag' retrieved from /opt/airflow/dags/dag_1.py
[2026-04-16T23:22:13.144+0000] {logging_mixin.py:190} INFO - [2026-04-16T23:22:13.143+0000] {dag.py:3239} INFO - Sync 1 DAGs
[2026-04-16T23:22:13.167+0000] {logging_mixin.py:190} INFO - [2026-04-16T23:22:13.167+0000] {dag.py:4180} INFO - Setting next_dagrun for hello_world_dag to None, run_after=None
[2026-04-16T23:22:13.190+0000] {processor.py:208} INFO - Processing /opt/airflow/dags/dag_1.py took 0.102 seconds
[2026-04-16T23:22:43.403+0000] {processor.py:186} INFO - Started process (PID=2433) to work on /opt/airflow/dags/dag_1.py
[2026-04-16T23:22:43.404+0000] {processor.py:914} INFO - Processing file /opt/airflow/dags/dag_1.py for tasks to queue
[2026-04-16T23:22:43.408+0000] {logging_mixin.py:190} INFO - [2026-04-16T23:22:43.407+0000] {dagbag.py:588} INFO - Filling up the DagBag from /opt/airflow/dags/dag_1.py
[2026-04-16T23:22:43.424+0000] {processor.py:925} INFO - DAG(s) 'hello_world_dag' retrieved from /opt/airflow/dags/dag_1.py
[2026-04-16T23:22:43.463+0000] {logging_mixin.py:190} INFO - [2026-04-16T23:22:43.462+0000] {dag.py:3239} INFO - Sync 1 DAGs
[2026-04-16T23:22:43.486+0000] {logging_mixin.py:190} INFO - [2026-04-16T23:22:43.486+0000] {dag.py:4180} INFO - Setting next_dagrun for hello_world_dag to None, run_after=None
[2026-04-16T23:22:43.512+0000] {processor.py:208} INFO - Processing /opt/airflow/dags/dag_1.py took 0.131 seconds
[2026-04-16T23:23:13.747+0000] {processor.py:186} INFO - Started process (PID=2444) to work on /opt/airflow/dags/dag_1.py
[2026-04-16T23:23:13.755+0000] {processor.py:914} INFO - Processing file /opt/airflow/dags/dag_1.py for tasks to queue
[2026-04-16T23:23:13.761+0000] {logging_mixin.py:190} INFO - [2026-04-16T23:23:13.760+0000] {dagbag.py:588} INFO - Filling up the DagBag from /opt/airflow/dags/dag_1.py
[2026-04-16T23:23:13.792+0000] {processor.py:925} INFO - DAG(s) 'hello_world_dag' retrieved from /opt/airflow/dags/dag_1.py
[2026-04-16T23:23:13.852+0000] {logging_mixin.py:190} INFO - [2026-04-16T23:23:13.851+0000] {dag.py:3239} INFO - Sync 1 DAGs
[2026-04-16T23:23:13.891+0000] {logging_mixin.py:190} INFO - [2026-04-16T23:23:13.890+0000] {dag.py:4180} INFO - Setting next_dagrun for hello_world_dag to None, run_after=None
[2026-04-16T23:23:14.041+0000] {processor.py:208} INFO - Processing /opt/airflow/dags/dag_1.py took 0.310 seconds
[2026-04-16T23:23:44.343+0000] {processor.py:186} INFO - Started process (PID=2455) to work on /opt/airflow/dags/dag_1.py
[2026-04-16T23:23:44.345+0000] {processor.py:914} INFO - Processing file /opt/airflow/dags/dag_1.py for tasks to queue
[2026-04-16T23:23:44.349+0000] {logging_mixin.py:190} INFO - [2026-04-16T23:23:44.349+0000] {dagbag.py:588} INFO - Filling up the DagBag from /opt/airflow/dags/dag_1.py
[2026-04-16T23:23:44.371+0000] {processor.py:925} INFO - DAG(s) 'hello_world_dag' retrieved from /opt/airflow/dags/dag_1.py
[2026-04-16T23:23:44.427+0000] {logging_mixin.py:190} INFO - [2026-04-16T23:23:44.426+0000] {dag.py:3239} INFO - Sync 1 DAGs
[2026-04-16T23:23:44.462+0000] {logging_mixin.py:190} INFO - [2026-04-16T23:23:44.461+0000] {dag.py:4180} INFO - Setting next_dagrun for hello_world_dag to None, run_after=None
[2026-04-16T23:23:44.508+0000] {processor.py:208} INFO - Processing /opt/airflow/dags/dag_1.py took 0.180 seconds
[2026-04-16T23:24:14.616+0000] {processor.py:186} INFO - Started process (PID=2466) to work on /opt/airflow/dags/dag_1.py
[2026-04-16T23:24:14.618+0000] {processor.py:914} INFO - Processing file /opt/airflow/dags/dag_1.py for tasks to queue
[2026-04-16T23:24:14.623+0000] {logging_mixin.py:190} INFO - [2026-04-16T23:24:14.622+0000] {dagbag.py:588} INFO - Filling up the DagBag from /opt/airflow/dags/dag_1.py
[2026-04-16T23:24:14.646+0000] {processor.py:925} INFO - DAG(s) 'hello_world_dag' retrieved from /opt/airflow/dags/dag_1.py
[2026-04-16T23:24:14.702+0000] {logging_mixin.py:190} INFO - [2026-04-16T23:24:14.702+0000] {dag.py:3239} INFO - Sync 1 DAGs
[2026-04-16T23:24:14.738+0000] {logging_mixin.py:190} INFO - [2026-04-16T23:24:14.737+0000] {dag.py:4180} INFO - Setting next_dagrun for hello_world_dag to None, run_after=None
[2026-04-16T23:24:14.784+0000] {processor.py:208} INFO - Processing /opt/airflow/dags/dag_1.py took 0.184 seconds
[2026-04-16T23:24:45.084+0000] {processor.py:186} INFO - Started process (PID=2477) to work on /opt/airflow/dags/dag_1.py
[2026-04-16T23:24:45.086+0000] {processor.py:914} INFO - Processing file /opt/airflow/dags/dag_1.py for tasks to queue
[2026-04-16T23:24:45.095+0000] {logging_mixin.py:190} INFO - [2026-04-16T23:24:45.094+0000] {dagbag.py:588} INFO - Filling up the DagBag from /opt/airflow/dags/dag_1.py
[2026-04-16T23:24:45.125+0000] {processor.py:925} INFO - DAG(s) 'hello_world_dag' retrieved from /opt/airflow/dags/dag_1.py
[2026-04-16T23:24:45.199+0000] {logging_mixin.py:190} INFO - [2026-04-16T23:24:45.198+0000] {dag.py:3239} INFO - Sync 1 DAGs
[2026-04-16T23:24:45.230+0000] {logging_mixin.py:190} INFO - [2026-04-16T23:24:45.229+0000] {dag.py:4180} INFO - Setting next_dagrun for hello_world_dag to None, run_after=None
[2026-04-16T23:24:45.261+0000] {processor.py:208} INFO - Processing /opt/airflow/dags/dag_1.py took 0.197 seconds
[2026-04-16T23:25:15.397+0000] {processor.py:186} INFO - Started process (PID=2488) to work on /opt/airflow/dags/dag_1.py
[2026-04-16T23:25:15.405+0000] {processor.py:914} INFO - Processing file /opt/airflow/dags/dag_1.py for tasks to queue
[2026-04-16T23:25:15.414+0000] {logging_mixin.py:190} INFO - [2026-04-16T23:25:15.412+0000] {dagbag.py:588} INFO - Filling up the DagBag from /opt/airflow/dags/dag_1.py
[2026-04-16T23:25:15.449+0000] {processor.py:925} INFO - DAG(s) 'hello_world_dag' retrieved from /opt/airflow/dags/dag_1.py
[2026-04-16T23:25:15.532+0000] {logging_mixin.py:190} INFO - [2026-04-16T23:25:15.531+0000] {dag.py:3239} INFO - Sync 1 DAGs
[2026-04-16T23:25:15.571+0000] {logging_mixin.py:190} INFO - [2026-04-16T23:25:15.570+0000] {dag.py:4180} INFO - Setting next_dagrun for hello_world_dag to None, run_after=None
[2026-04-16T23:25:15.610+0000] {processor.py:208} INFO - Processing /opt/airflow/dags/dag_1.py took 0.233 seconds
[2026-04-16T23:25:45.860+0000] {processor.py:186} INFO - Started process (PID=2499) to work on /opt/airflow/dags/dag_1.py
[2026-04-16T23:25:45.862+0000] {processor.py:914} INFO - Processing file /opt/airflow/dags/dag_1.py for tasks to queue
[2026-04-16T23:25:45.873+0000] {logging_mixin.py:190} INFO - [2026-04-16T23:25:45.872+0000] {dagbag.py:588} INFO - Filling up the DagBag from /opt/airflow/dags/dag_1.py
[2026-04-16T23:25:45.901+0000] {processor.py:925} INFO - DAG(s) 'hello_world_dag' retrieved from /opt/airflow/dags/dag_1.py
[2026-04-16T23:25:45.973+0000] {logging_mixin.py:190} INFO - [2026-04-16T23:25:45.972+0000] {dag.py:3239} INFO - Sync 1 DAGs
[2026-04-16T23:25:46.009+0000] {logging_mixin.py:190} INFO - [2026-04-16T23:25:46.009+0000] {dag.py:4180} INFO - Setting next_dagrun for hello_world_dag to None, run_after=None
[2026-04-16T23:25:46.040+0000] {processor.py:208} INFO - Processing /opt/airflow/dags/dag_1.py took 0.199 seconds
[2026-04-16T23:26:16.195+0000] {processor.py:186} INFO - Started process (PID=2510) to work on /opt/airflow/dags/dag_1.py
[2026-04-16T23:26:16.203+0000] {processor.py:914} INFO - Processing file /opt/airflow/dags/dag_1.py for tasks to queue
[2026-04-16T23:26:16.212+0000] {logging_mixin.py:190} INFO - [2026-04-16T23:26:16.211+0000] {dagbag.py:588} INFO - Filling up the DagBag from /opt/airflow/dags/dag_1.py
[2026-04-16T23:26:16.239+0000] {processor.py:925} INFO - DAG(s) 'hello_world_dag' retrieved from /opt/airflow/dags/dag_1.py
[2026-04-16T23:26:16.315+0000] {logging_mixin.py:190} INFO - [2026-04-16T23:26:16.314+0000] {dag.py:3239} INFO - Sync 1 DAGs
[2026-04-16T23:26:16.494+0000] {logging_mixin.py:190} INFO - [2026-04-16T23:26:16.494+0000] {dag.py:4180} INFO - Setting next_dagrun for hello_world_dag to None, run_after=None
[2026-04-16T23:26:16.518+0000] {processor.py:208} INFO - Processing /opt/airflow/dags/dag_1.py took 0.341 seconds
[2026-04-16T23:26:46.637+0000] {processor.py:186} INFO - Started process (PID=2521) to work on /opt/airflow/dags/dag_1.py
[2026-04-16T23:26:46.639+0000] {processor.py:914} INFO - Processing file /opt/airflow/dags/dag_1.py for tasks to queue
[2026-04-16T23:26:46.646+0000] {logging_mixin.py:190} INFO - [2026-04-16T23:26:46.645+0000] {dagbag.py:588} INFO - Filling up the DagBag from /opt/airflow/dags/dag_1.py
[2026-04-16T23:26:46.675+0000] {processor.py:925} INFO - DAG(s) 'hello_world_dag' retrieved from /opt/airflow/dags/dag_1.py
[2026-04-16T23:26:46.731+0000] {logging_mixin.py:190} INFO - [2026-04-16T23:26:46.731+0000] {dag.py:3239} INFO - Sync 1 DAGs
[2026-04-16T23:26:46.752+0000] {logging_mixin.py:190} INFO - [2026-04-16T23:26:46.752+0000] {dag.py:4180} INFO - Setting next_dagrun for hello_world_dag to None, run_after=None
[2026-04-16T23:26:46.777+0000] {processor.py:208} INFO - Processing /opt/airflow/dags/dag_1.py took 0.163 seconds
[2026-04-16T23:27:17.150+0000] {processor.py:186} INFO - Started process (PID=2532) to work on /opt/airflow/dags/dag_1.py
[2026-04-16T23:27:17.153+0000] {processor.py:914} INFO - Processing file /opt/airflow/dags/dag_1.py for tasks to queue
[2026-04-16T23:27:17.159+0000] {logging_mixin.py:190} INFO - [2026-04-16T23:27:17.158+0000] {dagbag.py:588} INFO - Filling up the DagBag from /opt/airflow/dags/dag_1.py
[2026-04-16T23:27:17.193+0000] {processor.py:925} INFO - DAG(s) 'hello_world_dag' retrieved from /opt/airflow/dags/dag_1.py
[2026-04-16T23:27:17.266+0000] {logging_mixin.py:190} INFO - [2026-04-16T23:27:17.265+0000] {dag.py:3239} INFO - Sync 1 DAGs
[2026-04-16T23:27:17.313+0000] {logging_mixin.py:190} INFO - [2026-04-16T23:27:17.312+0000] {dag.py:4180} INFO - Setting next_dagrun for hello_world_dag to None, run_after=None
[2026-04-16T23:27:17.373+0000] {processor.py:208} INFO - Processing /opt/airflow/dags/dag_1.py took 0.240 seconds
[2026-04-16T23:27:47.471+0000] {processor.py:186} INFO - Started process (PID=2543) to work on /opt/airflow/dags/dag_1.py
[2026-04-16T23:27:47.473+0000] {processor.py:914} INFO - Processing file /opt/airflow/dags/dag_1.py for tasks to queue
[2026-04-16T23:27:47.479+0000] {logging_mixin.py:190} INFO - [2026-04-16T23:27:47.478+0000] {dagbag.py:588} INFO - Filling up the DagBag from /opt/airflow/dags/dag_1.py
[2026-04-16T23:27:47.505+0000] {processor.py:925} INFO - DAG(s) 'hello_world_dag' retrieved from /opt/airflow/dags/dag_1.py
[2026-04-16T23:27:47.585+0000] {logging_mixin.py:190} INFO - [2026-04-16T23:27:47.585+0000] {dag.py:3239} INFO - Sync 1 DAGs
[2026-04-16T23:27:47.615+0000] {logging_mixin.py:190} INFO - [2026-04-16T23:27:47.614+0000] {dag.py:4180} INFO - Setting next_dagrun for hello_world_dag to None, run_after=None
[2026-04-16T23:27:47.636+0000] {processor.py:208} INFO - Processing /opt/airflow/dags/dag_1.py took 0.183 seconds
[2026-04-16T23:28:17.766+0000] {processor.py:186} INFO - Started process (PID=2554) to work on /opt/airflow/dags/dag_1.py
[2026-04-16T23:28:17.774+0000] {processor.py:914} INFO - Processing file /opt/airflow/dags/dag_1.py for tasks to queue
[2026-04-16T23:28:17.780+0000] {logging_mixin.py:190} INFO - [2026-04-16T23:28:17.780+0000] {dagbag.py:588} INFO - Filling up the DagBag from /opt/airflow/dags/dag_1.py
[2026-04-16T23:28:17.809+0000] {processor.py:925} INFO - DAG(s) 'hello_world_dag' retrieved from /opt/airflow/dags/dag_1.py
[2026-04-16T23:28:17.891+0000] {logging_mixin.py:190} INFO - [2026-04-16T23:28:17.890+0000] {dag.py:3239} INFO - Sync 1 DAGs
[2026-04-16T23:28:17.919+0000] {logging_mixin.py:190} INFO - [2026-04-16T23:28:17.919+0000] {dag.py:4180} INFO - Setting next_dagrun for hello_world_dag to None, run_after=None
[2026-04-16T23:28:17.939+0000] {processor.py:208} INFO - Processing /opt/airflow/dags/dag_1.py took 0.193 seconds
[2026-04-16T23:28:48.220+0000] {processor.py:186} INFO - Started process (PID=2565) to work on /opt/airflow/dags/dag_1.py
[2026-04-16T23:28:48.222+0000] {processor.py:914} INFO - Processing file /opt/airflow/dags/dag_1.py for tasks to queue
[2026-04-16T23:28:48.228+0000] {logging_mixin.py:190} INFO - [2026-04-16T23:28:48.227+0000] {dagbag.py:588} INFO - Filling up the DagBag from /opt/airflow/dags/dag_1.py
[2026-04-16T23:28:48.256+0000] {processor.py:925} INFO - DAG(s) 'hello_world_dag' retrieved from /opt/airflow/dags/dag_1.py
[2026-04-16T23:28:48.323+0000] {logging_mixin.py:190} INFO - [2026-04-16T23:28:48.323+0000] {dag.py:3239} INFO - Sync 1 DAGs
[2026-04-16T23:28:48.364+0000] {logging_mixin.py:190} INFO - [2026-04-16T23:28:48.364+0000] {dag.py:4180} INFO - Setting next_dagrun for hello_world_dag to None, run_after=None
[2026-04-16T23:28:48.601+0000] {processor.py:208} INFO - Processing /opt/airflow/dags/dag_1.py took 0.399 seconds
[2026-04-16T23:29:18.912+0000] {processor.py:186} INFO - Started process (PID=2576) to work on /opt/airflow/dags/dag_1.py
[2026-04-16T23:29:18.914+0000] {processor.py:914} INFO - Processing file /opt/airflow/dags/dag_1.py for tasks to queue
[2026-04-16T23:29:18.920+0000] {logging_mixin.py:190} INFO - [2026-04-16T23:29:18.918+0000] {dagbag.py:588} INFO - Filling up the DagBag from /opt/airflow/dags/dag_1.py
[2026-04-16T23:29:18.945+0000] {processor.py:925} INFO - DAG(s) 'hello_world_dag' retrieved from /opt/airflow/dags/dag_1.py
[2026-04-16T23:29:19.012+0000] {logging_mixin.py:190} INFO - [2026-04-16T23:29:19.012+0000] {dag.py:3239} INFO - Sync 1 DAGs
[2026-04-16T23:29:19.223+0000] {logging_mixin.py:190} INFO - [2026-04-16T23:29:19.223+0000] {dag.py:4180} INFO - Setting next_dagrun for hello_world_dag to None, run_after=None
[2026-04-16T23:29:19.245+0000] {processor.py:208} INFO - Processing /opt/airflow/dags/dag_1.py took 0.351 seconds
[2026-04-16T23:29:49.566+0000] {processor.py:186} INFO - Started process (PID=2587) to work on /opt/airflow/dags/dag_1.py
[2026-04-16T23:29:49.567+0000] {processor.py:914} INFO - Processing file /opt/airflow/dags/dag_1.py for tasks to queue
[2026-04-16T23:29:49.573+0000] {logging_mixin.py:190} INFO - [2026-04-16T23:29:49.573+0000] {dagbag.py:588} INFO - Filling up the DagBag from /opt/airflow/dags/dag_1.py
[2026-04-16T23:29:49.594+0000] {processor.py:925} INFO - DAG(s) 'hello_world_dag' retrieved from /opt/airflow/dags/dag_1.py
[2026-04-16T23:29:49.651+0000] {logging_mixin.py:190} INFO - [2026-04-16T23:29:49.651+0000] {dag.py:3239} INFO - Sync 1 DAGs
[2026-04-16T23:29:49.691+0000] {logging_mixin.py:190} INFO - [2026-04-16T23:29:49.691+0000] {dag.py:4180} INFO - Setting next_dagrun for hello_world_dag to None, run_after=None
[2026-04-16T23:29:49.738+0000] {processor.py:208} INFO - Processing /opt/airflow/dags/dag_1.py took 0.190 seconds
[2026-04-16T23:30:19.844+0000] {processor.py:186} INFO - Started process (PID=2598) to work on /opt/airflow/dags/dag_1.py
[2026-04-16T23:30:19.852+0000] {processor.py:914} INFO - Processing file /opt/airflow/dags/dag_1.py for tasks to queue
[2026-04-16T23:30:19.858+0000] {logging_mixin.py:190} INFO - [2026-04-16T23:30:19.858+0000] {dagbag.py:588} INFO - Filling up the DagBag from /opt/airflow/dags/dag_1.py
[2026-04-16T23:30:19.882+0000] {processor.py:925} INFO - DAG(s) 'hello_world_dag' retrieved from /opt/airflow/dags/dag_1.py
[2026-04-16T23:30:19.961+0000] {logging_mixin.py:190} INFO - [2026-04-16T23:30:19.960+0000] {dag.py:3239} INFO - Sync 1 DAGs
[2026-04-16T23:30:20.008+0000] {logging_mixin.py:190} INFO - [2026-04-16T23:30:20.007+0000] {dag.py:4180} INFO - Setting next_dagrun for hello_world_dag to None, run_after=None
[2026-04-16T23:30:20.070+0000] {processor.py:208} INFO - Processing /opt/airflow/dags/dag_1.py took 0.242 seconds
[2026-04-16T23:30:50.314+0000] {processor.py:186} INFO - Started process (PID=2609) to work on /opt/airflow/dags/dag_1.py
[2026-04-16T23:30:50.316+0000] {processor.py:914} INFO - Processing file /opt/airflow/dags/dag_1.py for tasks to queue
[2026-04-16T23:30:50.322+0000] {logging_mixin.py:190} INFO - [2026-04-16T23:30:50.321+0000] {dagbag.py:588} INFO - Filling up the DagBag from /opt/airflow/dags/dag_1.py
[2026-04-16T23:30:50.347+0000] {processor.py:925} INFO - DAG(s) 'hello_world_dag' retrieved from /opt/airflow/dags/dag_1.py
[2026-04-16T23:30:50.408+0000] {logging_mixin.py:190} INFO - [2026-04-16T23:30:50.408+0000] {dag.py:3239} INFO - Sync 1 DAGs
[2026-04-16T23:30:50.445+0000] {logging_mixin.py:190} INFO - [2026-04-16T23:30:50.445+0000] {dag.py:4180} INFO - Setting next_dagrun for hello_world_dag to None, run_after=None
[2026-04-16T23:30:50.491+0000] {processor.py:208} INFO - Processing /opt/airflow/dags/dag_1.py took 0.194 seconds
[2026-04-16T23:31:20.638+0000] {processor.py:186} INFO - Started process (PID=2620) to work on /opt/airflow/dags/dag_1.py
[2026-04-16T23:31:20.646+0000] {processor.py:914} INFO - Processing file /opt/airflow/dags/dag_1.py for tasks to queue
[2026-04-16T23:31:20.653+0000] {logging_mixin.py:190} INFO - [2026-04-16T23:31:20.652+0000] {dagbag.py:588} INFO - Filling up the DagBag from /opt/airflow/dags/dag_1.py
[2026-04-16T23:31:20.676+0000] {processor.py:925} INFO - DAG(s) 'hello_world_dag' retrieved from /opt/airflow/dags/dag_1.py
[2026-04-16T23:31:20.736+0000] {logging_mixin.py:190} INFO - [2026-04-16T23:31:20.736+0000] {dag.py:3239} INFO - Sync 1 DAGs
[2026-04-16T23:31:20.775+0000] {logging_mixin.py:190} INFO - [2026-04-16T23:31:20.774+0000] {dag.py:4180} INFO - Setting next_dagrun for hello_world_dag to None, run_after=None
[2026-04-16T23:31:20.824+0000] {processor.py:208} INFO - Processing /opt/airflow/dags/dag_1.py took 0.203 seconds
[2026-04-16T23:31:51.088+0000] {processor.py:186} INFO - Started process (PID=2631) to work on /opt/airflow/dags/dag_1.py
[2026-04-16T23:31:51.090+0000] {processor.py:914} INFO - Processing file /opt/airflow/dags/dag_1.py for tasks to queue
[2026-04-16T23:31:51.096+0000] {logging_mixin.py:190} INFO - [2026-04-16T23:31:51.095+0000] {dagbag.py:588} INFO - Filling up the DagBag from /opt/airflow/dags/dag_1.py
[2026-04-16T23:31:51.125+0000] {processor.py:925} INFO - DAG(s) 'hello_world_dag' retrieved from /opt/airflow/dags/dag_1.py
[2026-04-16T23:31:51.200+0000] {logging_mixin.py:190} INFO - [2026-04-16T23:31:51.199+0000] {dag.py:3239} INFO - Sync 1 DAGs
[2026-04-16T23:31:51.233+0000] {logging_mixin.py:190} INFO - [2026-04-16T23:31:51.233+0000] {dag.py:4180} INFO - Setting next_dagrun for hello_world_dag to None, run_after=None
[2026-04-16T23:31:51.374+0000] {processor.py:208} INFO - Processing /opt/airflow/dags/dag_1.py took 0.309 seconds
[2026-04-16T23:32:21.432+0000] {processor.py:186} INFO - Started process (PID=2642) to work on /opt/airflow/dags/dag_1.py
[2026-04-16T23:32:21.439+0000] {processor.py:914} INFO - Processing file /opt/airflow/dags/dag_1.py for tasks to queue
[2026-04-16T23:32:21.444+0000] {logging_mixin.py:190} INFO - [2026-04-16T23:32:21.443+0000] {dagbag.py:588} INFO - Filling up the DagBag from /opt/airflow/dags/dag_1.py
[2026-04-16T23:32:21.461+0000] {processor.py:925} INFO - DAG(s) 'hello_world_dag' retrieved from /opt/airflow/dags/dag_1.py
[2026-04-16T23:32:21.491+0000] {logging_mixin.py:190} INFO - [2026-04-16T23:32:21.490+0000] {dag.py:3239} INFO - Sync 1 DAGs
[2026-04-16T23:32:21.623+0000] {logging_mixin.py:190} INFO - [2026-04-16T23:32:21.623+0000] {dag.py:4180} INFO - Setting next_dagrun for hello_world_dag to None, run_after=None
[2026-04-16T23:32:21.655+0000] {processor.py:208} INFO - Processing /opt/airflow/dags/dag_1.py took 0.239 seconds
[2026-04-16T23:32:51.925+0000] {processor.py:186} INFO - Started process (PID=2653) to work on /opt/airflow/dags/dag_1.py
[2026-04-16T23:32:51.926+0000] {processor.py:914} INFO - Processing file /opt/airflow/dags/dag_1.py for tasks to queue
[2026-04-16T23:32:51.932+0000] {logging_mixin.py:190} INFO - [2026-04-16T23:32:51.931+0000] {dagbag.py:588} INFO - Filling up the DagBag from /opt/airflow/dags/dag_1.py
[2026-04-16T23:32:51.954+0000] {processor.py:925} INFO - DAG(s) 'hello_world_dag' retrieved from /opt/airflow/dags/dag_1.py
[2026-04-16T23:32:52.014+0000] {logging_mixin.py:190} INFO - [2026-04-16T23:32:52.013+0000] {dag.py:3239} INFO - Sync 1 DAGs
[2026-04-16T23:32:52.037+0000] {logging_mixin.py:190} INFO - [2026-04-16T23:32:52.037+0000] {dag.py:4180} INFO - Setting next_dagrun for hello_world_dag to None, run_after=None
[2026-04-16T23:32:52.066+0000] {processor.py:208} INFO - Processing /opt/airflow/dags/dag_1.py took 0.157 seconds
[2026-04-16T23:33:22.262+0000] {processor.py:186} INFO - Started process (PID=2664) to work on /opt/airflow/dags/dag_1.py
[2026-04-16T23:33:22.264+0000] {processor.py:914} INFO - Processing file /opt/airflow/dags/dag_1.py for tasks to queue
[2026-04-16T23:33:22.270+0000] {logging_mixin.py:190} INFO - [2026-04-16T23:33:22.269+0000] {dagbag.py:588} INFO - Filling up the DagBag from /opt/airflow/dags/dag_1.py
[2026-04-16T23:33:22.293+0000] {processor.py:925} INFO - DAG(s) 'hello_world_dag' retrieved from /opt/airflow/dags/dag_1.py
[2026-04-16T23:33:22.356+0000] {logging_mixin.py:190} INFO - [2026-04-16T23:33:22.355+0000] {dag.py:3239} INFO - Sync 1 DAGs
[2026-04-16T23:33:22.398+0000] {logging_mixin.py:190} INFO - [2026-04-16T23:33:22.397+0000] {dag.py:4180} INFO - Setting next_dagrun for hello_world_dag to None, run_after=None
[2026-04-16T23:33:22.449+0000] {processor.py:208} INFO - Processing /opt/airflow/dags/dag_1.py took 0.203 seconds
[2026-04-16T23:33:52.642+0000] {processor.py:186} INFO - Started process (PID=2675) to work on /opt/airflow/dags/dag_1.py
[2026-04-16T23:33:52.644+0000] {processor.py:914} INFO - Processing file /opt/airflow/dags/dag_1.py for tasks to queue
[2026-04-16T23:33:52.650+0000] {logging_mixin.py:190} INFO - [2026-04-16T23:33:52.649+0000] {dagbag.py:588} INFO - Filling up the DagBag from /opt/airflow/dags/dag_1.py
[2026-04-16T23:33:52.671+0000] {processor.py:925} INFO - DAG(s) 'hello_world_dag' retrieved from /opt/airflow/dags/dag_1.py
[2026-04-16T23:33:52.728+0000] {logging_mixin.py:190} INFO - [2026-04-16T23:33:52.728+0000] {dag.py:3239} INFO - Sync 1 DAGs
[2026-04-16T23:33:52.765+0000] {logging_mixin.py:190} INFO - [2026-04-16T23:33:52.765+0000] {dag.py:4180} INFO - Setting next_dagrun for hello_world_dag to None, run_after=None
[2026-04-16T23:33:52.811+0000] {processor.py:208} INFO - Processing /opt/airflow/dags/dag_1.py took 0.184 seconds
[2026-04-16T23:34:23.035+0000] {processor.py:186} INFO - Started process (PID=2686) to work on /opt/airflow/dags/dag_1.py
[2026-04-16T23:34:23.042+0000] {processor.py:914} INFO - Processing file /opt/airflow/dags/dag_1.py for tasks to queue
[2026-04-16T23:34:23.048+0000] {logging_mixin.py:190} INFO - [2026-04-16T23:34:23.047+0000] {dagbag.py:588} INFO - Filling up the DagBag from /opt/airflow/dags/dag_1.py
[2026-04-16T23:34:23.068+0000] {processor.py:925} INFO - DAG(s) 'hello_world_dag' retrieved from /opt/airflow/dags/dag_1.py
[2026-04-16T23:34:23.124+0000] {logging_mixin.py:190} INFO - [2026-04-16T23:34:23.124+0000] {dag.py:3239} INFO - Sync 1 DAGs
[2026-04-16T23:34:23.159+0000] {logging_mixin.py:190} INFO - [2026-04-16T23:34:23.159+0000] {dag.py:4180} INFO - Setting next_dagrun for hello_world_dag to None, run_after=None
[2026-04-16T23:34:23.208+0000] {processor.py:208} INFO - Processing /opt/airflow/dags/dag_1.py took 0.192 seconds
[2026-04-16T23:34:53.381+0000] {processor.py:186} INFO - Started process (PID=2697) to work on /opt/airflow/dags/dag_1.py
[2026-04-16T23:34:53.382+0000] {processor.py:914} INFO - Processing file /opt/airflow/dags/dag_1.py for tasks to queue
[2026-04-16T23:34:53.388+0000] {logging_mixin.py:190} INFO - [2026-04-16T23:34:53.388+0000] {dagbag.py:588} INFO - Filling up the DagBag from /opt/airflow/dags/dag_1.py
[2026-04-16T23:34:53.410+0000] {processor.py:925} INFO - DAG(s) 'hello_world_dag' retrieved from /opt/airflow/dags/dag_1.py
[2026-04-16T23:34:53.470+0000] {logging_mixin.py:190} INFO - [2026-04-16T23:34:53.470+0000] {dag.py:3239} INFO - Sync 1 DAGs
[2026-04-16T23:34:53.635+0000] {logging_mixin.py:190} INFO - [2026-04-16T23:34:53.635+0000] {dag.py:4180} INFO - Setting next_dagrun for hello_world_dag to None, run_after=None
[2026-04-16T23:34:53.655+0000] {processor.py:208} INFO - Processing /opt/airflow/dags/dag_1.py took 0.289 seconds
[2026-04-16T23:35:23.789+0000] {processor.py:186} INFO - Started process (PID=2708) to work on /opt/airflow/dags/dag_1.py
[2026-04-16T23:35:23.798+0000] {processor.py:914} INFO - Processing file /opt/airflow/dags/dag_1.py for tasks to queue
[2026-04-16T23:35:23.803+0000] {logging_mixin.py:190} INFO - [2026-04-16T23:35:23.802+0000] {dagbag.py:588} INFO - Filling up the DagBag from /opt/airflow/dags/dag_1.py
[2026-04-16T23:35:23.829+0000] {processor.py:925} INFO - DAG(s) 'hello_world_dag' retrieved from /opt/airflow/dags/dag_1.py
[2026-04-16T23:35:24.097+0000] {logging_mixin.py:190} INFO - [2026-04-16T23:35:24.097+0000] {dag.py:3239} INFO - Sync 1 DAGs
[2026-04-16T23:35:24.108+0000] {logging_mixin.py:190} INFO - [2026-04-16T23:35:24.107+0000] {dag.py:4180} INFO - Setting next_dagrun for hello_world_dag to None, run_after=None
[2026-04-16T23:35:24.128+0000] {processor.py:208} INFO - Processing /opt/airflow/dags/dag_1.py took 0.359 seconds
[2026-04-16T23:35:54.227+0000] {processor.py:186} INFO - Started process (PID=2719) to work on /opt/airflow/dags/dag_1.py
[2026-04-16T23:35:54.229+0000] {processor.py:914} INFO - Processing file /opt/airflow/dags/dag_1.py for tasks to queue
[2026-04-16T23:35:54.234+0000] {logging_mixin.py:190} INFO - [2026-04-16T23:35:54.233+0000] {dagbag.py:588} INFO - Filling up the DagBag from /opt/airflow/dags/dag_1.py
[2026-04-16T23:35:54.256+0000] {processor.py:925} INFO - DAG(s) 'hello_world_dag' retrieved from /opt/airflow/dags/dag_1.py
[2026-04-16T23:35:54.312+0000] {logging_mixin.py:190} INFO - [2026-04-16T23:35:54.312+0000] {dag.py:3239} INFO - Sync 1 DAGs
[2026-04-16T23:35:54.348+0000] {logging_mixin.py:190} INFO - [2026-04-16T23:35:54.347+0000] {dag.py:4180} INFO - Setting next_dagrun for hello_world_dag to None, run_after=None
[2026-04-16T23:35:54.396+0000] {processor.py:208} INFO - Processing /opt/airflow/dags/dag_1.py took 0.183 seconds
[2026-04-16T23:36:24.695+0000] {processor.py:186} INFO - Started process (PID=2730) to work on /opt/airflow/dags/dag_1.py
[2026-04-16T23:36:24.703+0000] {processor.py:914} INFO - Processing file /opt/airflow/dags/dag_1.py for tasks to queue
[2026-04-16T23:36:24.709+0000] {logging_mixin.py:190} INFO - [2026-04-16T23:36:24.708+0000] {dagbag.py:588} INFO - Filling up the DagBag from /opt/airflow/dags/dag_1.py
[2026-04-16T23:36:24.735+0000] {processor.py:925} INFO - DAG(s) 'hello_world_dag' retrieved from /opt/airflow/dags/dag_1.py
[2026-04-16T23:36:24.805+0000] {logging_mixin.py:190} INFO - [2026-04-16T23:36:24.804+0000] {dag.py:3239} INFO - Sync 1 DAGs
[2026-04-16T23:36:24.844+0000] {logging_mixin.py:190} INFO - [2026-04-16T23:36:24.843+0000] {dag.py:4180} INFO - Setting next_dagrun for hello_world_dag to None, run_after=None
[2026-04-16T23:36:24.881+0000] {processor.py:208} INFO - Processing /opt/airflow/dags/dag_1.py took 0.203 seconds
[2026-04-16T23:36:54.968+0000] {processor.py:186} INFO - Started process (PID=2741) to work on /opt/airflow/dags/dag_1.py
[2026-04-16T23:36:54.968+0000] {processor.py:914} INFO - Processing file /opt/airflow/dags/dag_1.py for tasks to queue
[2026-04-16T23:36:54.971+0000] {logging_mixin.py:190} INFO - [2026-04-16T23:36:54.970+0000] {dagbag.py:588} INFO - Filling up the DagBag from /opt/airflow/dags/dag_1.py
[2026-04-16T23:36:54.980+0000] {processor.py:925} INFO - DAG(s) 'hello_world_dag' retrieved from /opt/airflow/dags/dag_1.py
[2026-04-16T23:36:55.008+0000] {logging_mixin.py:190} INFO - [2026-04-16T23:36:55.008+0000] {dag.py:3239} INFO - Sync 1 DAGs
[2026-04-16T23:36:55.029+0000] {logging_mixin.py:190} INFO - [2026-04-16T23:36:55.029+0000] {dag.py:4180} INFO - Setting next_dagrun for hello_world_dag to None, run_after=None
[2026-04-16T23:36:55.057+0000] {processor.py:208} INFO - Processing /opt/airflow/dags/dag_1.py took 0.095 seconds
[2026-04-16T23:37:25.303+0000] {processor.py:186} INFO - Started process (PID=2752) to work on /opt/airflow/dags/dag_1.py
[2026-04-16T23:37:25.311+0000] {processor.py:914} INFO - Processing file /opt/airflow/dags/dag_1.py for tasks to queue
[2026-04-16T23:37:25.317+0000] {logging_mixin.py:190} INFO - [2026-04-16T23:37:25.316+0000] {dagbag.py:588} INFO - Filling up the DagBag from /opt/airflow/dags/dag_1.py
[2026-04-16T23:37:25.339+0000] {processor.py:925} INFO - DAG(s) 'hello_world_dag' retrieved from /opt/airflow/dags/dag_1.py
[2026-04-16T23:37:25.401+0000] {logging_mixin.py:190} INFO - [2026-04-16T23:37:25.401+0000] {dag.py:3239} INFO - Sync 1 DAGs
[2026-04-16T23:37:25.444+0000] {logging_mixin.py:190} INFO - [2026-04-16T23:37:25.443+0000] {dag.py:4180} INFO - Setting next_dagrun for hello_world_dag to None, run_after=None
[2026-04-16T23:37:25.616+0000] {processor.py:208} INFO - Processing /opt/airflow/dags/dag_1.py took 0.328 seconds
[2026-04-16T23:37:55.953+0000] {processor.py:186} INFO - Started process (PID=2763) to work on /opt/airflow/dags/dag_1.py
[2026-04-16T23:37:55.956+0000] {processor.py:914} INFO - Processing file /opt/airflow/dags/dag_1.py for tasks to queue
[2026-04-16T23:37:55.963+0000] {logging_mixin.py:190} INFO - [2026-04-16T23:37:55.962+0000] {dagbag.py:588} INFO - Filling up the DagBag from /opt/airflow/dags/dag_1.py
[2026-04-16T23:37:55.992+0000] {processor.py:925} INFO - DAG(s) 'hello_world_dag' retrieved from /opt/airflow/dags/dag_1.py
[2026-04-16T23:37:56.071+0000] {logging_mixin.py:190} INFO - [2026-04-16T23:37:56.070+0000] {dag.py:3239} INFO - Sync 1 DAGs
[2026-04-16T23:37:56.228+0000] {logging_mixin.py:190} INFO - [2026-04-16T23:37:56.228+0000] {dag.py:4180} INFO - Setting next_dagrun for hello_world_dag to None, run_after=None
[2026-04-16T23:37:56.250+0000] {processor.py:208} INFO - Processing /opt/airflow/dags/dag_1.py took 0.321 seconds
[2026-04-16T23:38:26.592+0000] {processor.py:186} INFO - Started process (PID=2774) to work on /opt/airflow/dags/dag_1.py
[2026-04-16T23:38:26.601+0000] {processor.py:914} INFO - Processing file /opt/airflow/dags/dag_1.py for tasks to queue
[2026-04-16T23:38:26.608+0000] {logging_mixin.py:190} INFO - [2026-04-16T23:38:26.607+0000] {dagbag.py:588} INFO - Filling up the DagBag from /opt/airflow/dags/dag_1.py
[2026-04-16T23:38:26.634+0000] {processor.py:925} INFO - DAG(s) 'hello_world_dag' retrieved from /opt/airflow/dags/dag_1.py
[2026-04-16T23:38:26.710+0000] {logging_mixin.py:190} INFO - [2026-04-16T23:38:26.709+0000] {dag.py:3239} INFO - Sync 1 DAGs
[2026-04-16T23:38:26.762+0000] {logging_mixin.py:190} INFO - [2026-04-16T23:38:26.761+0000] {dag.py:4180} INFO - Setting next_dagrun for hello_world_dag to None, run_after=None
[2026-04-16T23:38:26.819+0000] {processor.py:208} INFO - Processing /opt/airflow/dags/dag_1.py took 0.248 seconds
[2026-04-16T23:38:57.153+0000] {processor.py:186} INFO - Started process (PID=2785) to work on /opt/airflow/dags/dag_1.py
[2026-04-16T23:38:57.154+0000] {processor.py:914} INFO - Processing file /opt/airflow/dags/dag_1.py for tasks to queue
[2026-04-16T23:38:57.158+0000] {logging_mixin.py:190} INFO - [2026-04-16T23:38:57.158+0000] {dagbag.py:588} INFO - Filling up the DagBag from /opt/airflow/dags/dag_1.py
[2026-04-16T23:38:57.179+0000] {processor.py:925} INFO - DAG(s) 'hello_world_dag' retrieved from /opt/airflow/dags/dag_1.py
[2026-04-16T23:38:57.234+0000] {logging_mixin.py:190} INFO - [2026-04-16T23:38:57.234+0000] {dag.py:3239} INFO - Sync 1 DAGs
[2026-04-16T23:38:57.269+0000] {logging_mixin.py:190} INFO - [2026-04-16T23:38:57.268+0000] {dag.py:4180} INFO - Setting next_dagrun for hello_world_dag to None, run_after=None
[2026-04-16T23:38:57.313+0000] {processor.py:208} INFO - Processing /opt/airflow/dags/dag_1.py took 0.176 seconds
[2026-04-16T23:39:27.420+0000] {processor.py:186} INFO - Started process (PID=2796) to work on /opt/airflow/dags/dag_1.py
[2026-04-16T23:39:27.422+0000] {processor.py:914} INFO - Processing file /opt/airflow/dags/dag_1.py for tasks to queue
[2026-04-16T23:39:27.427+0000] {logging_mixin.py:190} INFO - [2026-04-16T23:39:27.426+0000] {dagbag.py:588} INFO - Filling up the DagBag from /opt/airflow/dags/dag_1.py
[2026-04-16T23:39:27.447+0000] {processor.py:925} INFO - DAG(s) 'hello_world_dag' retrieved from /opt/airflow/dags/dag_1.py
[2026-04-16T23:39:27.503+0000] {logging_mixin.py:190} INFO - [2026-04-16T23:39:27.502+0000] {dag.py:3239} INFO - Sync 1 DAGs
[2026-04-16T23:39:27.537+0000] {logging_mixin.py:190} INFO - [2026-04-16T23:39:27.537+0000] {dag.py:4180} INFO - Setting next_dagrun for hello_world_dag to None, run_after=None
[2026-04-16T23:39:27.581+0000] {processor.py:208} INFO - Processing /opt/airflow/dags/dag_1.py took 0.177 seconds
[2026-04-16T23:39:57.871+0000] {processor.py:186} INFO - Started process (PID=2807) to work on /opt/airflow/dags/dag_1.py
[2026-04-16T23:39:57.873+0000] {processor.py:914} INFO - Processing file /opt/airflow/dags/dag_1.py for tasks to queue
[2026-04-16T23:39:57.878+0000] {logging_mixin.py:190} INFO - [2026-04-16T23:39:57.877+0000] {dagbag.py:588} INFO - Filling up the DagBag from /opt/airflow/dags/dag_1.py
[2026-04-16T23:39:57.903+0000] {processor.py:925} INFO - DAG(s) 'hello_world_dag' retrieved from /opt/airflow/dags/dag_1.py
[2026-04-16T23:39:57.968+0000] {logging_mixin.py:190} INFO - [2026-04-16T23:39:57.967+0000] {dag.py:3239} INFO - Sync 1 DAGs
[2026-04-16T23:39:58.009+0000] {logging_mixin.py:190} INFO - [2026-04-16T23:39:58.008+0000] {dag.py:4180} INFO - Setting next_dagrun for hello_world_dag to None, run_after=None
[2026-04-16T23:39:58.061+0000] {processor.py:208} INFO - Processing /opt/airflow/dags/dag_1.py took 0.207 seconds
[2026-04-16T23:40:28.137+0000] {processor.py:186} INFO - Started process (PID=2818) to work on /opt/airflow/dags/dag_1.py
[2026-04-16T23:40:28.145+0000] {processor.py:914} INFO - Processing file /opt/airflow/dags/dag_1.py for tasks to queue
[2026-04-16T23:40:28.150+0000] {logging_mixin.py:190} INFO - [2026-04-16T23:40:28.149+0000] {dagbag.py:588} INFO - Filling up the DagBag from /opt/airflow/dags/dag_1.py
[2026-04-16T23:40:28.172+0000] {processor.py:925} INFO - DAG(s) 'hello_world_dag' retrieved from /opt/airflow/dags/dag_1.py
[2026-04-16T23:40:28.227+0000] {logging_mixin.py:190} INFO - [2026-04-16T23:40:28.227+0000] {dag.py:3239} INFO - Sync 1 DAGs
[2026-04-16T23:40:28.396+0000] {logging_mixin.py:190} INFO - [2026-04-16T23:40:28.396+0000] {dag.py:4180} INFO - Setting next_dagrun for hello_world_dag to None, run_after=None
[2026-04-16T23:40:28.416+0000] {processor.py:208} INFO - Processing /opt/airflow/dags/dag_1.py took 0.294 seconds
[2026-04-16T23:40:58.601+0000] {processor.py:186} INFO - Started process (PID=2829) to work on /opt/airflow/dags/dag_1.py
[2026-04-16T23:40:58.603+0000] {processor.py:914} INFO - Processing file /opt/airflow/dags/dag_1.py for tasks to queue
[2026-04-16T23:40:58.607+0000] {logging_mixin.py:190} INFO - [2026-04-16T23:40:58.607+0000] {dagbag.py:588} INFO - Filling up the DagBag from /opt/airflow/dags/dag_1.py
[2026-04-16T23:40:58.628+0000] {processor.py:925} INFO - DAG(s) 'hello_world_dag' retrieved from /opt/airflow/dags/dag_1.py
[2026-04-16T23:40:58.685+0000] {logging_mixin.py:190} INFO - [2026-04-16T23:40:58.685+0000] {dag.py:3239} INFO - Sync 1 DAGs
[2026-04-16T23:40:58.875+0000] {logging_mixin.py:190} INFO - [2026-04-16T23:40:58.875+0000] {dag.py:4180} INFO - Setting next_dagrun for hello_world_dag to None, run_after=None
[2026-04-16T23:40:58.895+0000] {processor.py:208} INFO - Processing /opt/airflow/dags/dag_1.py took 0.309 seconds
[2026-04-16T23:41:29.181+0000] {processor.py:186} INFO - Started process (PID=2840) to work on /opt/airflow/dags/dag_1.py
[2026-04-16T23:41:29.182+0000] {processor.py:914} INFO - Processing file /opt/airflow/dags/dag_1.py for tasks to queue
[2026-04-16T23:41:29.187+0000] {logging_mixin.py:190} INFO - [2026-04-16T23:41:29.186+0000] {dagbag.py:588} INFO - Filling up the DagBag from /opt/airflow/dags/dag_1.py
[2026-04-16T23:41:29.207+0000] {processor.py:925} INFO - DAG(s) 'hello_world_dag' retrieved from /opt/airflow/dags/dag_1.py
[2026-04-16T23:41:29.263+0000] {logging_mixin.py:190} INFO - [2026-04-16T23:41:29.263+0000] {dag.py:3239} INFO - Sync 1 DAGs
[2026-04-16T23:41:29.298+0000] {logging_mixin.py:190} INFO - [2026-04-16T23:41:29.298+0000] {dag.py:4180} INFO - Setting next_dagrun for hello_world_dag to None, run_after=None
[2026-04-16T23:41:29.345+0000] {processor.py:208} INFO - Processing /opt/airflow/dags/dag_1.py took 0.178 seconds
[2026-04-16T23:41:59.448+0000] {processor.py:186} INFO - Started process (PID=2851) to work on /opt/airflow/dags/dag_1.py
[2026-04-16T23:41:59.455+0000] {processor.py:914} INFO - Processing file /opt/airflow/dags/dag_1.py for tasks to queue
[2026-04-16T23:41:59.463+0000] {logging_mixin.py:190} INFO - [2026-04-16T23:41:59.462+0000] {dagbag.py:588} INFO - Filling up the DagBag from /opt/airflow/dags/dag_1.py
[2026-04-16T23:41:59.482+0000] {processor.py:925} INFO - DAG(s) 'hello_world_dag' retrieved from /opt/airflow/dags/dag_1.py
[2026-04-16T23:41:59.536+0000] {logging_mixin.py:190} INFO - [2026-04-16T23:41:59.536+0000] {dag.py:3239} INFO - Sync 1 DAGs
[2026-04-16T23:41:59.569+0000] {logging_mixin.py:190} INFO - [2026-04-16T23:41:59.569+0000] {dag.py:4180} INFO - Setting next_dagrun for hello_world_dag to None, run_after=None
[2026-04-16T23:41:59.605+0000] {processor.py:208} INFO - Processing /opt/airflow/dags/dag_1.py took 0.171 seconds
[2026-04-16T23:42:29.852+0000] {processor.py:186} INFO - Started process (PID=2862) to work on /opt/airflow/dags/dag_1.py
[2026-04-16T23:42:29.853+0000] {processor.py:914} INFO - Processing file /opt/airflow/dags/dag_1.py for tasks to queue
[2026-04-16T23:42:29.859+0000] {logging_mixin.py:190} INFO - [2026-04-16T23:42:29.858+0000] {dagbag.py:588} INFO - Filling up the DagBag from /opt/airflow/dags/dag_1.py
[2026-04-16T23:42:29.879+0000] {processor.py:925} INFO - DAG(s) 'hello_world_dag' retrieved from /opt/airflow/dags/dag_1.py
[2026-04-16T23:42:29.932+0000] {logging_mixin.py:190} INFO - [2026-04-16T23:42:29.931+0000] {dag.py:3239} INFO - Sync 1 DAGs
[2026-04-16T23:42:29.964+0000] {logging_mixin.py:190} INFO - [2026-04-16T23:42:29.963+0000] {dag.py:4180} INFO - Setting next_dagrun for hello_world_dag to None, run_after=None
[2026-04-16T23:42:30.001+0000] {processor.py:208} INFO - Processing /opt/airflow/dags/dag_1.py took 0.163 seconds
[2026-04-16T23:43:00.101+0000] {processor.py:186} INFO - Started process (PID=2873) to work on /opt/airflow/dags/dag_1.py
[2026-04-16T23:43:00.103+0000] {processor.py:914} INFO - Processing file /opt/airflow/dags/dag_1.py for tasks to queue
[2026-04-16T23:43:00.107+0000] {logging_mixin.py:190} INFO - [2026-04-16T23:43:00.106+0000] {dagbag.py:588} INFO - Filling up the DagBag from /opt/airflow/dags/dag_1.py
[2026-04-16T23:43:00.127+0000] {processor.py:925} INFO - DAG(s) 'hello_world_dag' retrieved from /opt/airflow/dags/dag_1.py
[2026-04-16T23:43:00.183+0000] {logging_mixin.py:190} INFO - [2026-04-16T23:43:00.182+0000] {dag.py:3239} INFO - Sync 1 DAGs
[2026-04-16T23:43:00.216+0000] {logging_mixin.py:190} INFO - [2026-04-16T23:43:00.216+0000] {dag.py:4180} INFO - Setting next_dagrun for hello_world_dag to None, run_after=None
[2026-04-16T23:43:00.444+0000] {processor.py:208} INFO - Processing /opt/airflow/dags/dag_1.py took 0.357 seconds
[2026-04-16T23:43:30.518+0000] {processor.py:186} INFO - Started process (PID=2884) to work on /opt/airflow/dags/dag_1.py
[2026-04-16T23:43:30.525+0000] {processor.py:914} INFO - Processing file /opt/airflow/dags/dag_1.py for tasks to queue
[2026-04-16T23:43:30.530+0000] {logging_mixin.py:190} INFO - [2026-04-16T23:43:30.529+0000] {dagbag.py:588} INFO - Filling up the DagBag from /opt/airflow/dags/dag_1.py
[2026-04-16T23:43:30.550+0000] {processor.py:925} INFO - DAG(s) 'hello_world_dag' retrieved from /opt/airflow/dags/dag_1.py
[2026-04-16T23:43:30.606+0000] {logging_mixin.py:190} INFO - [2026-04-16T23:43:30.605+0000] {dag.py:3239} INFO - Sync 1 DAGs
[2026-04-16T23:43:30.792+0000] {logging_mixin.py:190} INFO - [2026-04-16T23:43:30.792+0000] {dag.py:4180} INFO - Setting next_dagrun for hello_world_dag to None, run_after=None
[2026-04-16T23:43:30.816+0000] {processor.py:208} INFO - Processing /opt/airflow/dags/dag_1.py took 0.312 seconds
[2026-04-16T23:44:00.977+0000] {processor.py:186} INFO - Started process (PID=2895) to work on /opt/airflow/dags/dag_1.py
[2026-04-16T23:44:00.979+0000] {processor.py:914} INFO - Processing file /opt/airflow/dags/dag_1.py for tasks to queue
[2026-04-16T23:44:00.983+0000] {logging_mixin.py:190} INFO - [2026-04-16T23:44:00.983+0000] {dagbag.py:588} INFO - Filling up the DagBag from /opt/airflow/dags/dag_1.py
[2026-04-16T23:44:01.004+0000] {processor.py:925} INFO - DAG(s) 'hello_world_dag' retrieved from /opt/airflow/dags/dag_1.py
[2026-04-16T23:44:01.234+0000] {logging_mixin.py:190} INFO - [2026-04-16T23:44:01.233+0000] {dag.py:3239} INFO - Sync 1 DAGs
[2026-04-16T23:44:01.245+0000] {logging_mixin.py:190} INFO - [2026-04-16T23:44:01.245+0000] {dag.py:4180} INFO - Setting next_dagrun for hello_world_dag to None, run_after=None
[2026-04-16T23:44:01.259+0000] {processor.py:208} INFO - Processing /opt/airflow/dags/dag_1.py took 0.295 seconds
[2026-04-16T23:44:31.332+0000] {processor.py:186} INFO - Started process (PID=2906) to work on /opt/airflow/dags/dag_1.py
[2026-04-16T23:44:31.339+0000] {processor.py:914} INFO - Processing file /opt/airflow/dags/dag_1.py for tasks to queue
[2026-04-16T23:44:31.341+0000] {logging_mixin.py:190} INFO - [2026-04-16T23:44:31.341+0000] {dagbag.py:588} INFO - Filling up the DagBag from /opt/airflow/dags/dag_1.py
[2026-04-16T23:44:31.353+0000] {processor.py:925} INFO - DAG(s) 'hello_world_dag' retrieved from /opt/airflow/dags/dag_1.py
[2026-04-16T23:44:31.383+0000] {logging_mixin.py:190} INFO - [2026-04-16T23:44:31.383+0000] {dag.py:3239} INFO - Sync 1 DAGs
[2026-04-16T23:44:31.406+0000] {logging_mixin.py:190} INFO - [2026-04-16T23:44:31.406+0000] {dag.py:4180} INFO - Setting next_dagrun for hello_world_dag to None, run_after=None
[2026-04-16T23:44:31.433+0000] {processor.py:208} INFO - Processing /opt/airflow/dags/dag_1.py took 0.106 seconds
[2026-04-16T23:45:01.604+0000] {processor.py:186} INFO - Started process (PID=2917) to work on /opt/airflow/dags/dag_1.py
[2026-04-16T23:45:01.606+0000] {processor.py:914} INFO - Processing file /opt/airflow/dags/dag_1.py for tasks to queue
[2026-04-16T23:45:01.610+0000] {logging_mixin.py:190} INFO - [2026-04-16T23:45:01.609+0000] {dagbag.py:588} INFO - Filling up the DagBag from /opt/airflow/dags/dag_1.py
[2026-04-16T23:45:01.631+0000] {processor.py:925} INFO - DAG(s) 'hello_world_dag' retrieved from /opt/airflow/dags/dag_1.py
[2026-04-16T23:45:01.692+0000] {logging_mixin.py:190} INFO - [2026-04-16T23:45:01.692+0000] {dag.py:3239} INFO - Sync 1 DAGs
[2026-04-16T23:45:01.727+0000] {logging_mixin.py:190} INFO - [2026-04-16T23:45:01.727+0000] {dag.py:4180} INFO - Setting next_dagrun for hello_world_dag to None, run_after=None
[2026-04-16T23:45:01.767+0000] {processor.py:208} INFO - Processing /opt/airflow/dags/dag_1.py took 0.177 seconds
[2026-04-16T23:45:31.975+0000] {processor.py:186} INFO - Started process (PID=2928) to work on /opt/airflow/dags/dag_1.py
[2026-04-16T23:45:31.983+0000] {processor.py:914} INFO - Processing file /opt/airflow/dags/dag_1.py for tasks to queue
[2026-04-16T23:45:31.987+0000] {logging_mixin.py:190} INFO - [2026-04-16T23:45:31.986+0000] {dagbag.py:588} INFO - Filling up the DagBag from /opt/airflow/dags/dag_1.py
[2026-04-16T23:45:32.008+0000] {processor.py:925} INFO - DAG(s) 'hello_world_dag' retrieved from /opt/airflow/dags/dag_1.py
[2026-04-16T23:45:32.070+0000] {logging_mixin.py:190} INFO - [2026-04-16T23:45:32.069+0000] {dag.py:3239} INFO - Sync 1 DAGs
[2026-04-16T23:45:32.107+0000] {logging_mixin.py:190} INFO - [2026-04-16T23:45:32.107+0000] {dag.py:4180} INFO - Setting next_dagrun for hello_world_dag to None, run_after=None
[2026-04-16T23:45:32.153+0000] {processor.py:208} INFO - Processing /opt/airflow/dags/dag_1.py took 0.192 seconds
[2026-04-16T23:46:02.300+0000] {processor.py:186} INFO - Started process (PID=2939) to work on /opt/airflow/dags/dag_1.py
[2026-04-16T23:46:02.301+0000] {processor.py:914} INFO - Processing file /opt/airflow/dags/dag_1.py for tasks to queue
[2026-04-16T23:46:02.306+0000] {logging_mixin.py:190} INFO - [2026-04-16T23:46:02.306+0000] {dagbag.py:588} INFO - Filling up the DagBag from /opt/airflow/dags/dag_1.py
[2026-04-16T23:46:02.330+0000] {processor.py:925} INFO - DAG(s) 'hello_world_dag' retrieved from /opt/airflow/dags/dag_1.py
[2026-04-16T23:46:02.380+0000] {logging_mixin.py:190} INFO - [2026-04-16T23:46:02.380+0000] {dag.py:3239} INFO - Sync 1 DAGs
[2026-04-16T23:46:02.414+0000] {logging_mixin.py:190} INFO - [2026-04-16T23:46:02.414+0000] {dag.py:4180} INFO - Setting next_dagrun for hello_world_dag to None, run_after=None
[2026-04-16T23:46:02.575+0000] {processor.py:208} INFO - Processing /opt/airflow/dags/dag_1.py took 0.289 seconds
[2026-04-16T23:46:32.689+0000] {processor.py:186} INFO - Started process (PID=2950) to work on /opt/airflow/dags/dag_1.py
[2026-04-16T23:46:32.696+0000] {processor.py:914} INFO - Processing file /opt/airflow/dags/dag_1.py for tasks to queue
[2026-04-16T23:46:32.697+0000] {logging_mixin.py:190} INFO - [2026-04-16T23:46:32.697+0000] {dagbag.py:588} INFO - Filling up the DagBag from /opt/airflow/dags/dag_1.py
[2026-04-16T23:46:32.705+0000] {processor.py:925} INFO - DAG(s) 'hello_world_dag' retrieved from /opt/airflow/dags/dag_1.py
[2026-04-16T23:46:32.729+0000] {logging_mixin.py:190} INFO - [2026-04-16T23:46:32.728+0000] {dag.py:3239} INFO - Sync 1 DAGs
[2026-04-16T23:46:32.895+0000] {logging_mixin.py:190} INFO - [2026-04-16T23:46:32.894+0000] {dag.py:4180} INFO - Setting next_dagrun for hello_world_dag to None, run_after=None
[2026-04-16T23:46:32.914+0000] {processor.py:208} INFO - Processing /opt/airflow/dags/dag_1.py took 0.230 seconds
[2026-04-16T23:47:03.125+0000] {processor.py:186} INFO - Started process (PID=2961) to work on /opt/airflow/dags/dag_1.py
[2026-04-16T23:47:03.126+0000] {processor.py:914} INFO - Processing file /opt/airflow/dags/dag_1.py for tasks to queue
[2026-04-16T23:47:03.131+0000] {logging_mixin.py:190} INFO - [2026-04-16T23:47:03.130+0000] {dagbag.py:588} INFO - Filling up the DagBag from /opt/airflow/dags/dag_1.py
[2026-04-16T23:47:03.151+0000] {processor.py:925} INFO - DAG(s) 'hello_world_dag' retrieved from /opt/airflow/dags/dag_1.py
[2026-04-16T23:47:03.209+0000] {logging_mixin.py:190} INFO - [2026-04-16T23:47:03.209+0000] {dag.py:3239} INFO - Sync 1 DAGs
[2026-04-16T23:47:03.244+0000] {logging_mixin.py:190} INFO - [2026-04-16T23:47:03.243+0000] {dag.py:4180} INFO - Setting next_dagrun for hello_world_dag to None, run_after=None
[2026-04-16T23:47:03.290+0000] {processor.py:208} INFO - Processing /opt/airflow/dags/dag_1.py took 0.180 seconds
[2026-04-16T23:47:33.434+0000] {processor.py:186} INFO - Started process (PID=2972) to work on /opt/airflow/dags/dag_1.py
[2026-04-16T23:47:33.441+0000] {processor.py:914} INFO - Processing file /opt/airflow/dags/dag_1.py for tasks to queue
[2026-04-16T23:47:33.442+0000] {logging_mixin.py:190} INFO - [2026-04-16T23:47:33.442+0000] {dagbag.py:588} INFO - Filling up the DagBag from /opt/airflow/dags/dag_1.py
[2026-04-16T23:47:33.450+0000] {processor.py:925} INFO - DAG(s) 'hello_world_dag' retrieved from /opt/airflow/dags/dag_1.py
[2026-04-16T23:47:33.473+0000] {logging_mixin.py:190} INFO - [2026-04-16T23:47:33.473+0000] {dag.py:3239} INFO - Sync 1 DAGs
[2026-04-16T23:47:33.490+0000] {logging_mixin.py:190} INFO - [2026-04-16T23:47:33.490+0000] {dag.py:4180} INFO - Setting next_dagrun for hello_world_dag to None, run_after=None
[2026-04-16T23:47:33.511+0000] {processor.py:208} INFO - Processing /opt/airflow/dags/dag_1.py took 0.083 seconds
[2026-04-16T23:48:03.688+0000] {processor.py:186} INFO - Started process (PID=2983) to work on /opt/airflow/dags/dag_1.py
[2026-04-16T23:48:03.689+0000] {processor.py:914} INFO - Processing file /opt/airflow/dags/dag_1.py for tasks to queue
[2026-04-16T23:48:03.694+0000] {logging_mixin.py:190} INFO - [2026-04-16T23:48:03.693+0000] {dagbag.py:588} INFO - Filling up the DagBag from /opt/airflow/dags/dag_1.py
[2026-04-16T23:48:03.714+0000] {processor.py:925} INFO - DAG(s) 'hello_world_dag' retrieved from /opt/airflow/dags/dag_1.py
[2026-04-16T23:48:03.771+0000] {logging_mixin.py:190} INFO - [2026-04-16T23:48:03.770+0000] {dag.py:3239} INFO - Sync 1 DAGs
[2026-04-16T23:48:03.804+0000] {logging_mixin.py:190} INFO - [2026-04-16T23:48:03.804+0000] {dag.py:4180} INFO - Setting next_dagrun for hello_world_dag to None, run_after=None
[2026-04-16T23:48:03.847+0000] {processor.py:208} INFO - Processing /opt/airflow/dags/dag_1.py took 0.174 seconds
[2026-04-16T23:48:34.015+0000] {processor.py:186} INFO - Started process (PID=2994) to work on /opt/airflow/dags/dag_1.py
[2026-04-16T23:48:34.023+0000] {processor.py:914} INFO - Processing file /opt/airflow/dags/dag_1.py for tasks to queue
[2026-04-16T23:48:34.028+0000] {logging_mixin.py:190} INFO - [2026-04-16T23:48:34.027+0000] {dagbag.py:588} INFO - Filling up the DagBag from /opt/airflow/dags/dag_1.py
[2026-04-16T23:48:34.049+0000] {processor.py:925} INFO - DAG(s) 'hello_world_dag' retrieved from /opt/airflow/dags/dag_1.py
[2026-04-16T23:48:34.106+0000] {logging_mixin.py:190} INFO - [2026-04-16T23:48:34.105+0000] {dag.py:3239} INFO - Sync 1 DAGs
[2026-04-16T23:48:34.142+0000] {logging_mixin.py:190} INFO - [2026-04-16T23:48:34.142+0000] {dag.py:4180} INFO - Setting next_dagrun for hello_world_dag to None, run_after=None
[2026-04-16T23:48:34.183+0000] {processor.py:208} INFO - Processing /opt/airflow/dags/dag_1.py took 0.183 seconds
[2026-04-16T23:49:04.347+0000] {processor.py:186} INFO - Started process (PID=3005) to work on /opt/airflow/dags/dag_1.py
[2026-04-16T23:49:04.347+0000] {processor.py:914} INFO - Processing file /opt/airflow/dags/dag_1.py for tasks to queue
[2026-04-16T23:49:04.349+0000] {logging_mixin.py:190} INFO - [2026-04-16T23:49:04.349+0000] {dagbag.py:588} INFO - Filling up the DagBag from /opt/airflow/dags/dag_1.py
[2026-04-16T23:49:04.356+0000] {processor.py:925} INFO - DAG(s) 'hello_world_dag' retrieved from /opt/airflow/dags/dag_1.py
[2026-04-16T23:49:04.379+0000] {logging_mixin.py:190} INFO - [2026-04-16T23:49:04.379+0000] {dag.py:3239} INFO - Sync 1 DAGs
[2026-04-16T23:49:04.547+0000] {logging_mixin.py:190} INFO - [2026-04-16T23:49:04.547+0000] {dag.py:4180} INFO - Setting next_dagrun for hello_world_dag to None, run_after=None
[2026-04-16T23:49:04.561+0000] {processor.py:208} INFO - Processing /opt/airflow/dags/dag_1.py took 0.220 seconds
[2026-04-16T23:49:34.689+0000] {processor.py:186} INFO - Started process (PID=3016) to work on /opt/airflow/dags/dag_1.py
[2026-04-16T23:49:34.696+0000] {processor.py:914} INFO - Processing file /opt/airflow/dags/dag_1.py for tasks to queue
[2026-04-16T23:49:34.697+0000] {logging_mixin.py:190} INFO - [2026-04-16T23:49:34.697+0000] {dagbag.py:588} INFO - Filling up the DagBag from /opt/airflow/dags/dag_1.py
[2026-04-16T23:49:34.705+0000] {processor.py:925} INFO - DAG(s) 'hello_world_dag' retrieved from /opt/airflow/dags/dag_1.py
[2026-04-16T23:49:34.734+0000] {logging_mixin.py:190} INFO - [2026-04-16T23:49:34.734+0000] {dag.py:3239} INFO - Sync 1 DAGs
[2026-04-16T23:49:34.875+0000] {logging_mixin.py:190} INFO - [2026-04-16T23:49:34.875+0000] {dag.py:4180} INFO - Setting next_dagrun for hello_world_dag to None, run_after=None
[2026-04-16T23:49:34.896+0000] {processor.py:208} INFO - Processing /opt/airflow/dags/dag_1.py took 0.212 seconds
[2026-04-16T23:50:05.058+0000] {processor.py:186} INFO - Started process (PID=3027) to work on /opt/airflow/dags/dag_1.py
[2026-04-16T23:50:05.060+0000] {processor.py:914} INFO - Processing file /opt/airflow/dags/dag_1.py for tasks to queue
[2026-04-16T23:50:05.065+0000] {logging_mixin.py:190} INFO - [2026-04-16T23:50:05.064+0000] {dagbag.py:588} INFO - Filling up the DagBag from /opt/airflow/dags/dag_1.py
[2026-04-16T23:50:05.085+0000] {processor.py:925} INFO - DAG(s) 'hello_world_dag' retrieved from /opt/airflow/dags/dag_1.py
[2026-04-16T23:50:05.145+0000] {logging_mixin.py:190} INFO - [2026-04-16T23:50:05.144+0000] {dag.py:3239} INFO - Sync 1 DAGs
[2026-04-16T23:50:05.179+0000] {logging_mixin.py:190} INFO - [2026-04-16T23:50:05.179+0000] {dag.py:4180} INFO - Setting next_dagrun for hello_world_dag to None, run_after=None
[2026-04-16T23:50:05.223+0000] {processor.py:208} INFO - Processing /opt/airflow/dags/dag_1.py took 0.179 seconds
[2026-04-16T23:50:35.357+0000] {processor.py:186} INFO - Started process (PID=3038) to work on /opt/airflow/dags/dag_1.py
[2026-04-16T23:50:35.364+0000] {processor.py:914} INFO - Processing file /opt/airflow/dags/dag_1.py for tasks to queue
[2026-04-16T23:50:35.366+0000] {logging_mixin.py:190} INFO - [2026-04-16T23:50:35.366+0000] {dagbag.py:588} INFO - Filling up the DagBag from /opt/airflow/dags/dag_1.py
[2026-04-16T23:50:35.377+0000] {processor.py:925} INFO - DAG(s) 'hello_world_dag' retrieved from /opt/airflow/dags/dag_1.py
[2026-04-16T23:50:35.422+0000] {logging_mixin.py:190} INFO - [2026-04-16T23:50:35.421+0000] {dag.py:3239} INFO - Sync 1 DAGs
[2026-04-16T23:50:35.457+0000] {logging_mixin.py:190} INFO - [2026-04-16T23:50:35.457+0000] {dag.py:4180} INFO - Setting next_dagrun for hello_world_dag to None, run_after=None
[2026-04-16T23:50:35.501+0000] {processor.py:208} INFO - Processing /opt/airflow/dags/dag_1.py took 0.150 seconds
[2026-04-16T23:51:05.745+0000] {processor.py:186} INFO - Started process (PID=3049) to work on /opt/airflow/dags/dag_1.py
[2026-04-16T23:51:05.746+0000] {processor.py:914} INFO - Processing file /opt/airflow/dags/dag_1.py for tasks to queue
[2026-04-16T23:51:05.752+0000] {logging_mixin.py:190} INFO - [2026-04-16T23:51:05.751+0000] {dagbag.py:588} INFO - Filling up the DagBag from /opt/airflow/dags/dag_1.py
[2026-04-16T23:51:05.773+0000] {processor.py:925} INFO - DAG(s) 'hello_world_dag' retrieved from /opt/airflow/dags/dag_1.py
[2026-04-16T23:51:05.832+0000] {logging_mixin.py:190} INFO - [2026-04-16T23:51:05.831+0000] {dag.py:3239} INFO - Sync 1 DAGs
[2026-04-16T23:51:05.864+0000] {logging_mixin.py:190} INFO - [2026-04-16T23:51:05.864+0000] {dag.py:4180} INFO - Setting next_dagrun for hello_world_dag to None, run_after=None
[2026-04-16T23:51:05.907+0000] {processor.py:208} INFO - Processing /opt/airflow/dags/dag_1.py took 0.176 seconds
[2026-04-16T23:51:36.046+0000] {processor.py:186} INFO - Started process (PID=3060) to work on /opt/airflow/dags/dag_1.py
[2026-04-16T23:51:36.054+0000] {processor.py:914} INFO - Processing file /opt/airflow/dags/dag_1.py for tasks to queue
[2026-04-16T23:51:36.059+0000] {logging_mixin.py:190} INFO - [2026-04-16T23:51:36.059+0000] {dagbag.py:588} INFO - Filling up the DagBag from /opt/airflow/dags/dag_1.py
[2026-04-16T23:51:36.079+0000] {processor.py:925} INFO - DAG(s) 'hello_world_dag' retrieved from /opt/airflow/dags/dag_1.py
[2026-04-16T23:51:36.135+0000] {logging_mixin.py:190} INFO - [2026-04-16T23:51:36.134+0000] {dag.py:3239} INFO - Sync 1 DAGs
[2026-04-16T23:51:36.167+0000] {logging_mixin.py:190} INFO - [2026-04-16T23:51:36.167+0000] {dag.py:4180} INFO - Setting next_dagrun for hello_world_dag to None, run_after=None
[2026-04-16T23:51:36.212+0000] {processor.py:208} INFO - Processing /opt/airflow/dags/dag_1.py took 0.180 seconds
[2026-04-16T23:52:06.458+0000] {processor.py:186} INFO - Started process (PID=3071) to work on /opt/airflow/dags/dag_1.py
[2026-04-16T23:52:06.460+0000] {processor.py:914} INFO - Processing file /opt/airflow/dags/dag_1.py for tasks to queue
[2026-04-16T23:52:06.465+0000] {logging_mixin.py:190} INFO - [2026-04-16T23:52:06.464+0000] {dagbag.py:588} INFO - Filling up the DagBag from /opt/airflow/dags/dag_1.py
[2026-04-16T23:52:06.487+0000] {processor.py:925} INFO - DAG(s) 'hello_world_dag' retrieved from /opt/airflow/dags/dag_1.py
[2026-04-16T23:52:06.543+0000] {logging_mixin.py:190} INFO - [2026-04-16T23:52:06.542+0000] {dag.py:3239} INFO - Sync 1 DAGs
[2026-04-16T23:52:06.697+0000] {logging_mixin.py:190} INFO - [2026-04-16T23:52:06.697+0000] {dag.py:4180} INFO - Setting next_dagrun for hello_world_dag to None, run_after=None
[2026-04-16T23:52:06.717+0000] {processor.py:208} INFO - Processing /opt/airflow/dags/dag_1.py took 0.273 seconds
[2026-04-16T23:52:36.997+0000] {processor.py:186} INFO - Started process (PID=3082) to work on /opt/airflow/dags/dag_1.py
[2026-04-16T23:52:37.004+0000] {processor.py:914} INFO - Processing file /opt/airflow/dags/dag_1.py for tasks to queue
[2026-04-16T23:52:37.009+0000] {logging_mixin.py:190} INFO - [2026-04-16T23:52:37.008+0000] {dagbag.py:588} INFO - Filling up the DagBag from /opt/airflow/dags/dag_1.py
[2026-04-16T23:52:37.030+0000] {processor.py:925} INFO - DAG(s) 'hello_world_dag' retrieved from /opt/airflow/dags/dag_1.py
[2026-04-16T23:52:37.237+0000] {logging_mixin.py:190} INFO - [2026-04-16T23:52:37.237+0000] {dag.py:3239} INFO - Sync 1 DAGs
[2026-04-16T23:52:37.247+0000] {logging_mixin.py:190} INFO - [2026-04-16T23:52:37.247+0000] {dag.py:4180} INFO - Setting next_dagrun for hello_world_dag to None, run_after=None
[2026-04-16T23:52:37.266+0000] {processor.py:208} INFO - Processing /opt/airflow/dags/dag_1.py took 0.283 seconds
[2026-04-16T23:53:07.546+0000] {processor.py:186} INFO - Started process (PID=3093) to work on /opt/airflow/dags/dag_1.py
[2026-04-16T23:53:07.548+0000] {processor.py:914} INFO - Processing file /opt/airflow/dags/dag_1.py for tasks to queue
[2026-04-16T23:53:07.552+0000] {logging_mixin.py:190} INFO - [2026-04-16T23:53:07.552+0000] {dagbag.py:588} INFO - Filling up the DagBag from /opt/airflow/dags/dag_1.py
[2026-04-16T23:53:07.579+0000] {processor.py:925} INFO - DAG(s) 'hello_world_dag' retrieved from /opt/airflow/dags/dag_1.py
[2026-04-16T23:53:07.634+0000] {logging_mixin.py:190} INFO - [2026-04-16T23:53:07.633+0000] {dag.py:3239} INFO - Sync 1 DAGs
[2026-04-16T23:53:07.673+0000] {logging_mixin.py:190} INFO - [2026-04-16T23:53:07.673+0000] {dag.py:4180} INFO - Setting next_dagrun for hello_world_dag to None, run_after=None
[2026-04-16T23:53:07.715+0000] {processor.py:208} INFO - Processing /opt/airflow/dags/dag_1.py took 0.184 seconds
[2026-04-16T23:53:37.790+0000] {processor.py:186} INFO - Started process (PID=3104) to work on /opt/airflow/dags/dag_1.py
[2026-04-16T23:53:37.792+0000] {processor.py:914} INFO - Processing file /opt/airflow/dags/dag_1.py for tasks to queue
[2026-04-16T23:53:37.798+0000] {logging_mixin.py:190} INFO - [2026-04-16T23:53:37.797+0000] {dagbag.py:588} INFO - Filling up the DagBag from /opt/airflow/dags/dag_1.py
[2026-04-16T23:53:37.818+0000] {processor.py:925} INFO - DAG(s) 'hello_world_dag' retrieved from /opt/airflow/dags/dag_1.py
[2026-04-16T23:53:37.872+0000] {logging_mixin.py:190} INFO - [2026-04-16T23:53:37.871+0000] {dag.py:3239} INFO - Sync 1 DAGs
[2026-04-16T23:53:37.905+0000] {logging_mixin.py:190} INFO - [2026-04-16T23:53:37.905+0000] {dag.py:4180} INFO - Setting next_dagrun for hello_world_dag to None, run_after=None
[2026-04-16T23:53:37.948+0000] {processor.py:208} INFO - Processing /opt/airflow/dags/dag_1.py took 0.171 seconds
[2026-04-16T23:54:08.250+0000] {processor.py:186} INFO - Started process (PID=3115) to work on /opt/airflow/dags/dag_1.py
[2026-04-16T23:54:08.251+0000] {processor.py:914} INFO - Processing file /opt/airflow/dags/dag_1.py for tasks to queue
[2026-04-16T23:54:08.257+0000] {logging_mixin.py:190} INFO - [2026-04-16T23:54:08.256+0000] {dagbag.py:588} INFO - Filling up the DagBag from /opt/airflow/dags/dag_1.py
[2026-04-16T23:54:08.278+0000] {processor.py:925} INFO - DAG(s) 'hello_world_dag' retrieved from /opt/airflow/dags/dag_1.py
[2026-04-16T23:54:08.331+0000] {logging_mixin.py:190} INFO - [2026-04-16T23:54:08.331+0000] {dag.py:3239} INFO - Sync 1 DAGs
[2026-04-16T23:54:08.366+0000] {logging_mixin.py:190} INFO - [2026-04-16T23:54:08.365+0000] {dag.py:4180} INFO - Setting next_dagrun for hello_world_dag to None, run_after=None
[2026-04-16T23:54:08.411+0000] {processor.py:208} INFO - Processing /opt/airflow/dags/dag_1.py took 0.176 seconds
[2026-04-16T23:54:38.506+0000] {processor.py:186} INFO - Started process (PID=3126) to work on /opt/airflow/dags/dag_1.py
[2026-04-16T23:54:38.514+0000] {processor.py:914} INFO - Processing file /opt/airflow/dags/dag_1.py for tasks to queue
[2026-04-16T23:54:38.519+0000] {logging_mixin.py:190} INFO - [2026-04-16T23:54:38.518+0000] {dagbag.py:588} INFO - Filling up the DagBag from /opt/airflow/dags/dag_1.py
[2026-04-16T23:54:38.539+0000] {processor.py:925} INFO - DAG(s) 'hello_world_dag' retrieved from /opt/airflow/dags/dag_1.py
[2026-04-16T23:54:38.596+0000] {logging_mixin.py:190} INFO - [2026-04-16T23:54:38.596+0000] {dag.py:3239} INFO - Sync 1 DAGs
[2026-04-16T23:54:38.633+0000] {logging_mixin.py:190} INFO - [2026-04-16T23:54:38.633+0000] {dag.py:4180} INFO - Setting next_dagrun for hello_world_dag to None, run_after=None
[2026-04-16T23:54:38.815+0000] {processor.py:208} INFO - Processing /opt/airflow/dags/dag_1.py took 0.323 seconds
[2026-04-16T23:55:08.923+0000] {processor.py:186} INFO - Started process (PID=3137) to work on /opt/airflow/dags/dag_1.py
[2026-04-16T23:55:08.925+0000] {processor.py:914} INFO - Processing file /opt/airflow/dags/dag_1.py for tasks to queue
[2026-04-16T23:55:08.930+0000] {logging_mixin.py:190} INFO - [2026-04-16T23:55:08.929+0000] {dagbag.py:588} INFO - Filling up the DagBag from /opt/airflow/dags/dag_1.py
[2026-04-16T23:55:08.955+0000] {processor.py:925} INFO - DAG(s) 'hello_world_dag' retrieved from /opt/airflow/dags/dag_1.py
[2026-04-16T23:55:09.011+0000] {logging_mixin.py:190} INFO - [2026-04-16T23:55:09.011+0000] {dag.py:3239} INFO - Sync 1 DAGs
[2026-04-16T23:55:09.194+0000] {logging_mixin.py:190} INFO - [2026-04-16T23:55:09.193+0000] {dag.py:4180} INFO - Setting next_dagrun for hello_world_dag to None, run_after=None
[2026-04-16T23:55:09.213+0000] {processor.py:208} INFO - Processing /opt/airflow/dags/dag_1.py took 0.304 seconds
[2026-04-16T23:55:39.323+0000] {processor.py:186} INFO - Started process (PID=3148) to work on /opt/airflow/dags/dag_1.py
[2026-04-16T23:55:39.324+0000] {processor.py:914} INFO - Processing file /opt/airflow/dags/dag_1.py for tasks to queue
[2026-04-16T23:55:39.329+0000] {logging_mixin.py:190} INFO - [2026-04-16T23:55:39.328+0000] {dagbag.py:588} INFO - Filling up the DagBag from /opt/airflow/dags/dag_1.py
[2026-04-16T23:55:39.350+0000] {processor.py:925} INFO - DAG(s) 'hello_world_dag' retrieved from /opt/airflow/dags/dag_1.py
[2026-04-16T23:55:39.586+0000] {logging_mixin.py:190} INFO - [2026-04-16T23:55:39.586+0000] {dag.py:3239} INFO - Sync 1 DAGs
[2026-04-16T23:55:39.596+0000] {logging_mixin.py:190} INFO - [2026-04-16T23:55:39.596+0000] {dag.py:4180} INFO - Setting next_dagrun for hello_world_dag to None, run_after=None
[2026-04-16T23:55:39.610+0000] {processor.py:208} INFO - Processing /opt/airflow/dags/dag_1.py took 0.303 seconds
[2026-04-16T23:56:09.688+0000] {processor.py:186} INFO - Started process (PID=3159) to work on /opt/airflow/dags/dag_1.py
[2026-04-16T23:56:09.689+0000] {processor.py:914} INFO - Processing file /opt/airflow/dags/dag_1.py for tasks to queue
[2026-04-16T23:56:09.691+0000] {logging_mixin.py:190} INFO - [2026-04-16T23:56:09.691+0000] {dagbag.py:588} INFO - Filling up the DagBag from /opt/airflow/dags/dag_1.py
[2026-04-16T23:56:09.699+0000] {processor.py:925} INFO - DAG(s) 'hello_world_dag' retrieved from /opt/airflow/dags/dag_1.py
[2026-04-16T23:56:09.723+0000] {logging_mixin.py:190} INFO - [2026-04-16T23:56:09.723+0000] {dag.py:3239} INFO - Sync 1 DAGs
[2026-04-16T23:56:09.741+0000] {logging_mixin.py:190} INFO - [2026-04-16T23:56:09.740+0000] {dag.py:4180} INFO - Setting next_dagrun for hello_world_dag to None, run_after=None
[2026-04-16T23:56:09.761+0000] {processor.py:208} INFO - Processing /opt/airflow/dags/dag_1.py took 0.078 seconds
[2026-04-16T23:56:39.932+0000] {processor.py:186} INFO - Started process (PID=3170) to work on /opt/airflow/dags/dag_1.py
[2026-04-16T23:56:39.934+0000] {processor.py:914} INFO - Processing file /opt/airflow/dags/dag_1.py for tasks to queue
[2026-04-16T23:56:39.938+0000] {logging_mixin.py:190} INFO - [2026-04-16T23:56:39.938+0000] {dagbag.py:588} INFO - Filling up the DagBag from /opt/airflow/dags/dag_1.py
[2026-04-16T23:56:39.960+0000] {processor.py:925} INFO - DAG(s) 'hello_world_dag' retrieved from /opt/airflow/dags/dag_1.py
[2026-04-16T23:56:40.016+0000] {logging_mixin.py:190} INFO - [2026-04-16T23:56:40.016+0000] {dag.py:3239} INFO - Sync 1 DAGs
[2026-04-16T23:56:40.051+0000] {logging_mixin.py:190} INFO - [2026-04-16T23:56:40.050+0000] {dag.py:4180} INFO - Setting next_dagrun for hello_world_dag to None, run_after=None
[2026-04-16T23:56:40.095+0000] {processor.py:208} INFO - Processing /opt/airflow/dags/dag_1.py took 0.176 seconds
[2026-04-16T23:57:10.272+0000] {processor.py:186} INFO - Started process (PID=3181) to work on /opt/airflow/dags/dag_1.py
[2026-04-16T23:57:10.280+0000] {processor.py:914} INFO - Processing file /opt/airflow/dags/dag_1.py for tasks to queue
[2026-04-16T23:57:10.284+0000] {logging_mixin.py:190} INFO - [2026-04-16T23:57:10.284+0000] {dagbag.py:588} INFO - Filling up the DagBag from /opt/airflow/dags/dag_1.py
[2026-04-16T23:57:10.305+0000] {processor.py:925} INFO - DAG(s) 'hello_world_dag' retrieved from /opt/airflow/dags/dag_1.py
[2026-04-16T23:57:10.360+0000] {logging_mixin.py:190} INFO - [2026-04-16T23:57:10.360+0000] {dag.py:3239} INFO - Sync 1 DAGs
[2026-04-16T23:57:10.394+0000] {logging_mixin.py:190} INFO - [2026-04-16T23:57:10.393+0000] {dag.py:4180} INFO - Setting next_dagrun for hello_world_dag to None, run_after=None
[2026-04-16T23:57:10.438+0000] {processor.py:208} INFO - Processing /opt/airflow/dags/dag_1.py took 0.180 seconds
[2026-04-16T23:57:40.638+0000] {processor.py:186} INFO - Started process (PID=3192) to work on /opt/airflow/dags/dag_1.py
[2026-04-16T23:57:40.639+0000] {processor.py:914} INFO - Processing file /opt/airflow/dags/dag_1.py for tasks to queue
[2026-04-16T23:57:40.640+0000] {logging_mixin.py:190} INFO - [2026-04-16T23:57:40.640+0000] {dagbag.py:588} INFO - Filling up the DagBag from /opt/airflow/dags/dag_1.py
[2026-04-16T23:57:40.647+0000] {processor.py:925} INFO - DAG(s) 'hello_world_dag' retrieved from /opt/airflow/dags/dag_1.py
[2026-04-16T23:57:40.669+0000] {logging_mixin.py:190} INFO - [2026-04-16T23:57:40.669+0000] {dag.py:3239} INFO - Sync 1 DAGs
[2026-04-16T23:57:40.855+0000] {logging_mixin.py:190} INFO - [2026-04-16T23:57:40.855+0000] {dag.py:4180} INFO - Setting next_dagrun for hello_world_dag to None, run_after=None
[2026-04-16T23:57:40.875+0000] {processor.py:208} INFO - Processing /opt/airflow/dags/dag_1.py took 0.243 seconds
[2026-04-16T23:58:10.970+0000] {processor.py:186} INFO - Started process (PID=3203) to work on /opt/airflow/dags/dag_1.py
[2026-04-16T23:58:10.977+0000] {processor.py:914} INFO - Processing file /opt/airflow/dags/dag_1.py for tasks to queue
[2026-04-16T23:58:10.983+0000] {logging_mixin.py:190} INFO - [2026-04-16T23:58:10.982+0000] {dagbag.py:588} INFO - Filling up the DagBag from /opt/airflow/dags/dag_1.py
[2026-04-16T23:58:11.005+0000] {processor.py:925} INFO - DAG(s) 'hello_world_dag' retrieved from /opt/airflow/dags/dag_1.py
[2026-04-16T23:58:11.064+0000] {logging_mixin.py:190} INFO - [2026-04-16T23:58:11.064+0000] {dag.py:3239} INFO - Sync 1 DAGs
[2026-04-16T23:58:11.217+0000] {logging_mixin.py:190} INFO - [2026-04-16T23:58:11.217+0000] {dag.py:4180} INFO - Setting next_dagrun for hello_world_dag to None, run_after=None
[2026-04-16T23:58:11.237+0000] {processor.py:208} INFO - Processing /opt/airflow/dags/dag_1.py took 0.282 seconds
[2026-04-16T23:58:41.410+0000] {processor.py:186} INFO - Started process (PID=3214) to work on /opt/airflow/dags/dag_1.py
[2026-04-16T23:58:41.412+0000] {processor.py:914} INFO - Processing file /opt/airflow/dags/dag_1.py for tasks to queue
[2026-04-16T23:58:41.417+0000] {logging_mixin.py:190} INFO - [2026-04-16T23:58:41.416+0000] {dagbag.py:588} INFO - Filling up the DagBag from /opt/airflow/dags/dag_1.py
[2026-04-16T23:58:41.437+0000] {processor.py:925} INFO - DAG(s) 'hello_world_dag' retrieved from /opt/airflow/dags/dag_1.py
[2026-04-16T23:58:41.494+0000] {logging_mixin.py:190} INFO - [2026-04-16T23:58:41.494+0000] {dag.py:3239} INFO - Sync 1 DAGs
[2026-04-16T23:58:41.530+0000] {logging_mixin.py:190} INFO - [2026-04-16T23:58:41.529+0000] {dag.py:4180} INFO - Setting next_dagrun for hello_world_dag to None, run_after=None
[2026-04-16T23:58:41.575+0000] {processor.py:208} INFO - Processing /opt/airflow/dags/dag_1.py took 0.179 seconds
[2026-04-16T23:59:11.770+0000] {processor.py:186} INFO - Started process (PID=3225) to work on /opt/airflow/dags/dag_1.py
[2026-04-16T23:59:11.778+0000] {processor.py:914} INFO - Processing file /opt/airflow/dags/dag_1.py for tasks to queue
[2026-04-16T23:59:11.784+0000] {logging_mixin.py:190} INFO - [2026-04-16T23:59:11.783+0000] {dagbag.py:588} INFO - Filling up the DagBag from /opt/airflow/dags/dag_1.py
[2026-04-16T23:59:11.806+0000] {processor.py:925} INFO - DAG(s) 'hello_world_dag' retrieved from /opt/airflow/dags/dag_1.py
[2026-04-16T23:59:11.866+0000] {logging_mixin.py:190} INFO - [2026-04-16T23:59:11.865+0000] {dag.py:3239} INFO - Sync 1 DAGs
[2026-04-16T23:59:11.900+0000] {logging_mixin.py:190} INFO - [2026-04-16T23:59:11.899+0000] {dag.py:4180} INFO - Setting next_dagrun for hello_world_dag to None, run_after=None
[2026-04-16T23:59:11.943+0000] {processor.py:208} INFO - Processing /opt/airflow/dags/dag_1.py took 0.188 seconds
[2026-04-16T23:59:42.118+0000] {processor.py:186} INFO - Started process (PID=3236) to work on /opt/airflow/dags/dag_1.py
[2026-04-16T23:59:42.119+0000] {processor.py:914} INFO - Processing file /opt/airflow/dags/dag_1.py for tasks to queue
[2026-04-16T23:59:42.125+0000] {logging_mixin.py:190} INFO - [2026-04-16T23:59:42.124+0000] {dagbag.py:588} INFO - Filling up the DagBag from /opt/airflow/dags/dag_1.py
[2026-04-16T23:59:42.151+0000] {processor.py:925} INFO - DAG(s) 'hello_world_dag' retrieved from /opt/airflow/dags/dag_1.py
[2026-04-16T23:59:42.207+0000] {logging_mixin.py:190} INFO - [2026-04-16T23:59:42.206+0000] {dag.py:3239} INFO - Sync 1 DAGs
[2026-04-16T23:59:42.241+0000] {logging_mixin.py:190} INFO - [2026-04-16T23:59:42.240+0000] {dag.py:4180} INFO - Setting next_dagrun for hello_world_dag to None, run_after=None
[2026-04-16T23:59:42.284+0000] {processor.py:208} INFO - Processing /opt/airflow/dags/dag_1.py took 0.183 seconds
