[2026-04-26T09:28:29.936+0000] {processor.py:186} INFO - Started process (PID=206) to work on /opt/airflow/dags/dag2.py
[2026-04-26T09:28:29.937+0000] {processor.py:914} INFO - Processing file /opt/airflow/dags/dag2.py for tasks to queue
[2026-04-26T09:28:29.940+0000] {logging_mixin.py:190} INFO - [2026-04-26T09:28:29.940+0000] {dagbag.py:588} INFO - Filling up the DagBag from /opt/airflow/dags/dag2.py
[2026-04-26T09:28:29.958+0000] {processor.py:925} INFO - DAG(s) 'data_pipeline' retrieved from /opt/airflow/dags/dag2.py
[2026-04-26T09:28:30.011+0000] {logging_mixin.py:190} INFO - [2026-04-26T09:28:30.011+0000] {dag.py:3239} INFO - Sync 1 DAGs
[2026-04-26T09:28:30.050+0000] {logging_mixin.py:190} INFO - [2026-04-26T09:28:30.049+0000] {dag.py:4180} INFO - Setting next_dagrun for data_pipeline to 2026-04-25 15:30:00+00:00, run_after=2026-04-26 15:30:00+00:00
[2026-04-26T09:28:30.078+0000] {processor.py:208} INFO - Processing /opt/airflow/dags/dag2.py took 0.151 seconds
[2026-04-26T09:29:00.177+0000] {processor.py:186} INFO - Started process (PID=235) to work on /opt/airflow/dags/dag2.py
[2026-04-26T09:29:00.177+0000] {processor.py:914} INFO - Processing file /opt/airflow/dags/dag2.py for tasks to queue
[2026-04-26T09:29:00.181+0000] {logging_mixin.py:190} INFO - [2026-04-26T09:29:00.181+0000] {dagbag.py:588} INFO - Filling up the DagBag from /opt/airflow/dags/dag2.py
[2026-04-26T09:29:00.195+0000] {processor.py:925} INFO - DAG(s) 'data_pipeline' retrieved from /opt/airflow/dags/dag2.py
[2026-04-26T09:29:00.225+0000] {logging_mixin.py:190} INFO - [2026-04-26T09:29:00.224+0000] {dag.py:3239} INFO - Sync 1 DAGs
[2026-04-26T09:29:00.256+0000] {logging_mixin.py:190} INFO - [2026-04-26T09:29:00.256+0000] {dag.py:4180} INFO - Setting next_dagrun for data_pipeline to 2026-04-25 15:30:00+00:00, run_after=2026-04-26 15:30:00+00:00
[2026-04-26T09:29:00.274+0000] {processor.py:208} INFO - Processing /opt/airflow/dags/dag2.py took 0.104 seconds
[2026-04-26T09:29:30.612+0000] {processor.py:186} INFO - Started process (PID=251) to work on /opt/airflow/dags/dag2.py
[2026-04-26T09:29:30.615+0000] {processor.py:914} INFO - Processing file /opt/airflow/dags/dag2.py for tasks to queue
[2026-04-26T09:29:30.621+0000] {logging_mixin.py:190} INFO - [2026-04-26T09:29:30.620+0000] {dagbag.py:588} INFO - Filling up the DagBag from /opt/airflow/dags/dag2.py
[2026-04-26T09:29:30.658+0000] {processor.py:925} INFO - DAG(s) 'data_pipeline' retrieved from /opt/airflow/dags/dag2.py
[2026-04-26T09:29:30.741+0000] {logging_mixin.py:190} INFO - [2026-04-26T09:29:30.741+0000] {dag.py:3239} INFO - Sync 1 DAGs
[2026-04-26T09:29:30.772+0000] {logging_mixin.py:190} INFO - [2026-04-26T09:29:30.772+0000] {dag.py:4180} INFO - Setting next_dagrun for data_pipeline to 2026-04-25 15:30:00+00:00, run_after=2026-04-26 15:30:00+00:00
[2026-04-26T09:29:30.790+0000] {processor.py:208} INFO - Processing /opt/airflow/dags/dag2.py took 0.198 seconds
[2026-04-26T09:30:00.958+0000] {processor.py:186} INFO - Started process (PID=267) to work on /opt/airflow/dags/dag2.py
[2026-04-26T09:30:00.961+0000] {processor.py:914} INFO - Processing file /opt/airflow/dags/dag2.py for tasks to queue
[2026-04-26T09:30:00.968+0000] {logging_mixin.py:190} INFO - [2026-04-26T09:30:00.967+0000] {dagbag.py:588} INFO - Filling up the DagBag from /opt/airflow/dags/dag2.py
[2026-04-26T09:30:01.009+0000] {processor.py:925} INFO - DAG(s) 'data_pipeline' retrieved from /opt/airflow/dags/dag2.py
[2026-04-26T09:30:01.092+0000] {logging_mixin.py:190} INFO - [2026-04-26T09:30:01.091+0000] {dag.py:3239} INFO - Sync 1 DAGs
[2026-04-26T09:30:01.180+0000] {logging_mixin.py:190} INFO - [2026-04-26T09:30:01.180+0000] {dag.py:4180} INFO - Setting next_dagrun for data_pipeline to 2026-04-25 15:30:00+00:00, run_after=2026-04-26 15:30:00+00:00
[2026-04-26T09:30:01.205+0000] {processor.py:208} INFO - Processing /opt/airflow/dags/dag2.py took 0.270 seconds
[2026-04-26T09:30:31.543+0000] {processor.py:186} INFO - Started process (PID=283) to work on /opt/airflow/dags/dag2.py
[2026-04-26T09:30:31.545+0000] {processor.py:914} INFO - Processing file /opt/airflow/dags/dag2.py for tasks to queue
[2026-04-26T09:30:31.551+0000] {logging_mixin.py:190} INFO - [2026-04-26T09:30:31.550+0000] {dagbag.py:588} INFO - Filling up the DagBag from /opt/airflow/dags/dag2.py
[2026-04-26T09:30:31.590+0000] {processor.py:925} INFO - DAG(s) 'data_pipeline' retrieved from /opt/airflow/dags/dag2.py
[2026-04-26T09:30:31.667+0000] {logging_mixin.py:190} INFO - [2026-04-26T09:30:31.666+0000] {dag.py:3239} INFO - Sync 1 DAGs
[2026-04-26T09:30:31.755+0000] {logging_mixin.py:190} INFO - [2026-04-26T09:30:31.754+0000] {dag.py:4180} INFO - Setting next_dagrun for data_pipeline to 2026-04-25 15:30:00+00:00, run_after=2026-04-26 15:30:00+00:00
[2026-04-26T09:30:31.807+0000] {processor.py:208} INFO - Processing /opt/airflow/dags/dag2.py took 0.284 seconds
[2026-04-26T09:31:02.165+0000] {processor.py:186} INFO - Started process (PID=299) to work on /opt/airflow/dags/dag2.py
[2026-04-26T09:31:02.167+0000] {processor.py:914} INFO - Processing file /opt/airflow/dags/dag2.py for tasks to queue
[2026-04-26T09:31:02.175+0000] {logging_mixin.py:190} INFO - [2026-04-26T09:31:02.174+0000] {dagbag.py:588} INFO - Filling up the DagBag from /opt/airflow/dags/dag2.py
[2026-04-26T09:31:02.226+0000] {processor.py:925} INFO - DAG(s) 'data_pipeline' retrieved from /opt/airflow/dags/dag2.py
[2026-04-26T09:31:02.318+0000] {logging_mixin.py:190} INFO - [2026-04-26T09:31:02.318+0000] {dag.py:3239} INFO - Sync 1 DAGs
[2026-04-26T09:31:02.421+0000] {logging_mixin.py:190} INFO - [2026-04-26T09:31:02.419+0000] {dag.py:4180} INFO - Setting next_dagrun for data_pipeline to 2026-04-25 15:30:00+00:00, run_after=2026-04-26 15:30:00+00:00
[2026-04-26T09:31:02.484+0000] {processor.py:208} INFO - Processing /opt/airflow/dags/dag2.py took 0.339 seconds
[2026-04-26T09:31:33.326+0000] {processor.py:186} INFO - Started process (PID=315) to work on /opt/airflow/dags/dag2.py
[2026-04-26T09:31:33.327+0000] {processor.py:914} INFO - Processing file /opt/airflow/dags/dag2.py for tasks to queue
[2026-04-26T09:31:33.329+0000] {logging_mixin.py:190} INFO - [2026-04-26T09:31:33.329+0000] {dagbag.py:588} INFO - Filling up the DagBag from /opt/airflow/dags/dag2.py
[2026-04-26T09:31:33.339+0000] {processor.py:925} INFO - DAG(s) 'data_pipeline' retrieved from /opt/airflow/dags/dag2.py
[2026-04-26T09:31:33.367+0000] {logging_mixin.py:190} INFO - [2026-04-26T09:31:33.367+0000] {dag.py:3239} INFO - Sync 1 DAGs
[2026-04-26T09:31:33.396+0000] {logging_mixin.py:190} INFO - [2026-04-26T09:31:33.396+0000] {dag.py:4180} INFO - Setting next_dagrun for data_pipeline to 2026-04-25 15:30:00+00:00, run_after=2026-04-26 15:30:00+00:00
[2026-04-26T09:31:33.414+0000] {processor.py:208} INFO - Processing /opt/airflow/dags/dag2.py took 0.096 seconds
[2026-04-26T09:32:03.759+0000] {processor.py:186} INFO - Started process (PID=331) to work on /opt/airflow/dags/dag2.py
[2026-04-26T09:32:03.762+0000] {processor.py:914} INFO - Processing file /opt/airflow/dags/dag2.py for tasks to queue
[2026-04-26T09:32:03.769+0000] {logging_mixin.py:190} INFO - [2026-04-26T09:32:03.768+0000] {dagbag.py:588} INFO - Filling up the DagBag from /opt/airflow/dags/dag2.py
[2026-04-26T09:32:03.815+0000] {processor.py:925} INFO - DAG(s) 'data_pipeline' retrieved from /opt/airflow/dags/dag2.py
[2026-04-26T09:32:03.873+0000] {logging_mixin.py:190} INFO - [2026-04-26T09:32:03.872+0000] {dag.py:3239} INFO - Sync 1 DAGs
[2026-04-26T09:32:03.902+0000] {logging_mixin.py:190} INFO - [2026-04-26T09:32:03.902+0000] {dag.py:4180} INFO - Setting next_dagrun for data_pipeline to 2026-04-25 15:30:00+00:00, run_after=2026-04-26 15:30:00+00:00
[2026-04-26T09:32:03.925+0000] {processor.py:208} INFO - Processing /opt/airflow/dags/dag2.py took 0.185 seconds
[2026-04-26T09:32:34.308+0000] {processor.py:186} INFO - Started process (PID=347) to work on /opt/airflow/dags/dag2.py
[2026-04-26T09:32:34.311+0000] {processor.py:914} INFO - Processing file /opt/airflow/dags/dag2.py for tasks to queue
[2026-04-26T09:32:34.318+0000] {logging_mixin.py:190} INFO - [2026-04-26T09:32:34.317+0000] {dagbag.py:588} INFO - Filling up the DagBag from /opt/airflow/dags/dag2.py
[2026-04-26T09:32:34.357+0000] {processor.py:925} INFO - DAG(s) 'data_pipeline' retrieved from /opt/airflow/dags/dag2.py
[2026-04-26T09:32:34.443+0000] {logging_mixin.py:190} INFO - [2026-04-26T09:32:34.442+0000] {dag.py:3239} INFO - Sync 1 DAGs
[2026-04-26T09:32:34.542+0000] {logging_mixin.py:190} INFO - [2026-04-26T09:32:34.541+0000] {dag.py:4180} INFO - Setting next_dagrun for data_pipeline to 2026-04-25 15:30:00+00:00, run_after=2026-04-26 15:30:00+00:00
[2026-04-26T09:32:34.606+0000] {processor.py:208} INFO - Processing /opt/airflow/dags/dag2.py took 0.321 seconds
[2026-04-26T09:33:04.989+0000] {processor.py:186} INFO - Started process (PID=363) to work on /opt/airflow/dags/dag2.py
[2026-04-26T09:33:04.991+0000] {processor.py:914} INFO - Processing file /opt/airflow/dags/dag2.py for tasks to queue
[2026-04-26T09:33:04.999+0000] {logging_mixin.py:190} INFO - [2026-04-26T09:33:04.998+0000] {dagbag.py:588} INFO - Filling up the DagBag from /opt/airflow/dags/dag2.py
[2026-04-26T09:33:05.034+0000] {processor.py:925} INFO - DAG(s) 'data_pipeline' retrieved from /opt/airflow/dags/dag2.py
[2026-04-26T09:33:05.104+0000] {logging_mixin.py:190} INFO - [2026-04-26T09:33:05.103+0000] {dag.py:3239} INFO - Sync 1 DAGs
[2026-04-26T09:33:05.138+0000] {logging_mixin.py:190} INFO - [2026-04-26T09:33:05.138+0000] {dag.py:4180} INFO - Setting next_dagrun for data_pipeline to 2026-04-25 15:30:00+00:00, run_after=2026-04-26 15:30:00+00:00
[2026-04-26T09:33:05.163+0000] {processor.py:208} INFO - Processing /opt/airflow/dags/dag2.py took 0.197 seconds
[2026-04-26T09:33:35.318+0000] {processor.py:186} INFO - Started process (PID=379) to work on /opt/airflow/dags/dag2.py
[2026-04-26T09:33:35.321+0000] {processor.py:914} INFO - Processing file /opt/airflow/dags/dag2.py for tasks to queue
[2026-04-26T09:33:35.327+0000] {logging_mixin.py:190} INFO - [2026-04-26T09:33:35.326+0000] {dagbag.py:588} INFO - Filling up the DagBag from /opt/airflow/dags/dag2.py
[2026-04-26T09:33:35.359+0000] {processor.py:925} INFO - DAG(s) 'data_pipeline' retrieved from /opt/airflow/dags/dag2.py
[2026-04-26T09:33:35.418+0000] {logging_mixin.py:190} INFO - [2026-04-26T09:33:35.417+0000] {dag.py:3239} INFO - Sync 1 DAGs
[2026-04-26T09:33:35.481+0000] {logging_mixin.py:190} INFO - [2026-04-26T09:33:35.480+0000] {dag.py:4180} INFO - Setting next_dagrun for data_pipeline to 2026-04-25 15:30:00+00:00, run_after=2026-04-26 15:30:00+00:00
[2026-04-26T09:33:35.518+0000] {processor.py:208} INFO - Processing /opt/airflow/dags/dag2.py took 0.229 seconds
[2026-04-26T09:34:05.792+0000] {processor.py:186} INFO - Started process (PID=395) to work on /opt/airflow/dags/dag2.py
[2026-04-26T09:34:05.794+0000] {processor.py:914} INFO - Processing file /opt/airflow/dags/dag2.py for tasks to queue
[2026-04-26T09:34:05.801+0000] {logging_mixin.py:190} INFO - [2026-04-26T09:34:05.800+0000] {dagbag.py:588} INFO - Filling up the DagBag from /opt/airflow/dags/dag2.py
[2026-04-26T09:34:05.840+0000] {processor.py:925} INFO - DAG(s) 'data_pipeline' retrieved from /opt/airflow/dags/dag2.py
[2026-04-26T09:34:05.912+0000] {logging_mixin.py:190} INFO - [2026-04-26T09:34:05.912+0000] {dag.py:3239} INFO - Sync 1 DAGs
[2026-04-26T09:34:05.945+0000] {logging_mixin.py:190} INFO - [2026-04-26T09:34:05.945+0000] {dag.py:4180} INFO - Setting next_dagrun for data_pipeline to 2026-04-25 15:30:00+00:00, run_after=2026-04-26 15:30:00+00:00
[2026-04-26T09:34:05.969+0000] {processor.py:208} INFO - Processing /opt/airflow/dags/dag2.py took 0.199 seconds
[2026-04-26T09:34:36.341+0000] {processor.py:186} INFO - Started process (PID=411) to work on /opt/airflow/dags/dag2.py
[2026-04-26T09:34:36.344+0000] {processor.py:914} INFO - Processing file /opt/airflow/dags/dag2.py for tasks to queue
[2026-04-26T09:34:36.351+0000] {logging_mixin.py:190} INFO - [2026-04-26T09:34:36.350+0000] {dagbag.py:588} INFO - Filling up the DagBag from /opt/airflow/dags/dag2.py
[2026-04-26T09:34:36.389+0000] {processor.py:925} INFO - DAG(s) 'data_pipeline' retrieved from /opt/airflow/dags/dag2.py
[2026-04-26T09:34:36.441+0000] {logging_mixin.py:190} INFO - [2026-04-26T09:34:36.441+0000] {dag.py:3239} INFO - Sync 1 DAGs
[2026-04-26T09:34:36.475+0000] {logging_mixin.py:190} INFO - [2026-04-26T09:34:36.474+0000] {dag.py:4180} INFO - Setting next_dagrun for data_pipeline to 2026-04-25 15:30:00+00:00, run_after=2026-04-26 15:30:00+00:00
[2026-04-26T09:34:36.497+0000] {processor.py:208} INFO - Processing /opt/airflow/dags/dag2.py took 0.182 seconds
[2026-04-26T09:35:06.668+0000] {processor.py:186} INFO - Started process (PID=427) to work on /opt/airflow/dags/dag2.py
[2026-04-26T09:35:06.670+0000] {processor.py:914} INFO - Processing file /opt/airflow/dags/dag2.py for tasks to queue
[2026-04-26T09:35:06.676+0000] {logging_mixin.py:190} INFO - [2026-04-26T09:35:06.675+0000] {dagbag.py:588} INFO - Filling up the DagBag from /opt/airflow/dags/dag2.py
[2026-04-26T09:35:06.714+0000] {processor.py:925} INFO - DAG(s) 'data_pipeline' retrieved from /opt/airflow/dags/dag2.py
[2026-04-26T09:35:06.792+0000] {logging_mixin.py:190} INFO - [2026-04-26T09:35:06.792+0000] {dag.py:3239} INFO - Sync 1 DAGs
[2026-04-26T09:35:06.835+0000] {logging_mixin.py:190} INFO - [2026-04-26T09:35:06.835+0000] {dag.py:4180} INFO - Setting next_dagrun for data_pipeline to 2026-04-25 15:30:00+00:00, run_after=2026-04-26 15:30:00+00:00
[2026-04-26T09:35:06.862+0000] {processor.py:208} INFO - Processing /opt/airflow/dags/dag2.py took 0.213 seconds
[2026-04-26T09:35:37.120+0000] {processor.py:186} INFO - Started process (PID=443) to work on /opt/airflow/dags/dag2.py
[2026-04-26T09:35:37.122+0000] {processor.py:914} INFO - Processing file /opt/airflow/dags/dag2.py for tasks to queue
[2026-04-26T09:35:37.130+0000] {logging_mixin.py:190} INFO - [2026-04-26T09:35:37.129+0000] {dagbag.py:588} INFO - Filling up the DagBag from /opt/airflow/dags/dag2.py
[2026-04-26T09:35:37.165+0000] {processor.py:925} INFO - DAG(s) 'data_pipeline' retrieved from /opt/airflow/dags/dag2.py
[2026-04-26T09:35:37.234+0000] {logging_mixin.py:190} INFO - [2026-04-26T09:35:37.234+0000] {dag.py:3239} INFO - Sync 1 DAGs
[2026-04-26T09:35:37.263+0000] {logging_mixin.py:190} INFO - [2026-04-26T09:35:37.262+0000] {dag.py:4180} INFO - Setting next_dagrun for data_pipeline to 2026-04-25 15:30:00+00:00, run_after=2026-04-26 15:30:00+00:00
[2026-04-26T09:35:37.285+0000] {processor.py:208} INFO - Processing /opt/airflow/dags/dag2.py took 0.184 seconds
[2026-04-26T09:36:07.492+0000] {processor.py:186} INFO - Started process (PID=459) to work on /opt/airflow/dags/dag2.py
[2026-04-26T09:36:07.495+0000] {processor.py:914} INFO - Processing file /opt/airflow/dags/dag2.py for tasks to queue
[2026-04-26T09:36:07.502+0000] {logging_mixin.py:190} INFO - [2026-04-26T09:36:07.501+0000] {dagbag.py:588} INFO - Filling up the DagBag from /opt/airflow/dags/dag2.py
[2026-04-26T09:36:07.539+0000] {processor.py:925} INFO - DAG(s) 'data_pipeline' retrieved from /opt/airflow/dags/dag2.py
[2026-04-26T09:36:07.621+0000] {logging_mixin.py:190} INFO - [2026-04-26T09:36:07.620+0000] {dag.py:3239} INFO - Sync 1 DAGs
[2026-04-26T09:36:07.648+0000] {logging_mixin.py:190} INFO - [2026-04-26T09:36:07.648+0000] {dag.py:4180} INFO - Setting next_dagrun for data_pipeline to 2026-04-25 15:30:00+00:00, run_after=2026-04-26 15:30:00+00:00
[2026-04-26T09:36:07.665+0000] {processor.py:208} INFO - Processing /opt/airflow/dags/dag2.py took 0.194 seconds
[2026-04-26T09:36:37.899+0000] {processor.py:186} INFO - Started process (PID=475) to work on /opt/airflow/dags/dag2.py
[2026-04-26T09:36:37.900+0000] {processor.py:914} INFO - Processing file /opt/airflow/dags/dag2.py for tasks to queue
[2026-04-26T09:36:37.903+0000] {logging_mixin.py:190} INFO - [2026-04-26T09:36:37.903+0000] {dagbag.py:588} INFO - Filling up the DagBag from /opt/airflow/dags/dag2.py
[2026-04-26T09:36:37.918+0000] {processor.py:925} INFO - DAG(s) 'data_pipeline' retrieved from /opt/airflow/dags/dag2.py
[2026-04-26T09:36:37.952+0000] {logging_mixin.py:190} INFO - [2026-04-26T09:36:37.950+0000] {dag.py:3239} INFO - Sync 1 DAGs
[2026-04-26T09:36:37.989+0000] {logging_mixin.py:190} INFO - [2026-04-26T09:36:37.989+0000] {dag.py:4180} INFO - Setting next_dagrun for data_pipeline to 2026-04-25 15:30:00+00:00, run_after=2026-04-26 15:30:00+00:00
[2026-04-26T09:36:38.008+0000] {processor.py:208} INFO - Processing /opt/airflow/dags/dag2.py took 0.117 seconds
[2026-04-26T09:37:08.140+0000] {processor.py:186} INFO - Started process (PID=491) to work on /opt/airflow/dags/dag2.py
[2026-04-26T09:37:08.142+0000] {processor.py:914} INFO - Processing file /opt/airflow/dags/dag2.py for tasks to queue
[2026-04-26T09:37:08.145+0000] {logging_mixin.py:190} INFO - [2026-04-26T09:37:08.144+0000] {dagbag.py:588} INFO - Filling up the DagBag from /opt/airflow/dags/dag2.py
[2026-04-26T09:37:08.161+0000] {processor.py:925} INFO - DAG(s) 'data_pipeline' retrieved from /opt/airflow/dags/dag2.py
[2026-04-26T09:37:08.185+0000] {logging_mixin.py:190} INFO - [2026-04-26T09:37:08.185+0000] {dag.py:3239} INFO - Sync 1 DAGs
[2026-04-26T09:37:08.217+0000] {logging_mixin.py:190} INFO - [2026-04-26T09:37:08.217+0000] {dag.py:4180} INFO - Setting next_dagrun for data_pipeline to 2026-04-25 15:30:00+00:00, run_after=2026-04-26 15:30:00+00:00
[2026-04-26T09:37:08.241+0000] {processor.py:208} INFO - Processing /opt/airflow/dags/dag2.py took 0.110 seconds
[2026-04-26T09:37:38.437+0000] {processor.py:186} INFO - Started process (PID=507) to work on /opt/airflow/dags/dag2.py
[2026-04-26T09:37:38.439+0000] {processor.py:914} INFO - Processing file /opt/airflow/dags/dag2.py for tasks to queue
[2026-04-26T09:37:38.442+0000] {logging_mixin.py:190} INFO - [2026-04-26T09:37:38.441+0000] {dagbag.py:588} INFO - Filling up the DagBag from /opt/airflow/dags/dag2.py
[2026-04-26T09:37:38.460+0000] {processor.py:925} INFO - DAG(s) 'data_pipeline' retrieved from /opt/airflow/dags/dag2.py
[2026-04-26T09:37:38.500+0000] {logging_mixin.py:190} INFO - [2026-04-26T09:37:38.500+0000] {dag.py:3239} INFO - Sync 1 DAGs
[2026-04-26T09:37:38.548+0000] {logging_mixin.py:190} INFO - [2026-04-26T09:37:38.548+0000] {dag.py:4180} INFO - Setting next_dagrun for data_pipeline to 2026-04-25 15:30:00+00:00, run_after=2026-04-26 15:30:00+00:00
[2026-04-26T09:37:38.579+0000] {processor.py:208} INFO - Processing /opt/airflow/dags/dag2.py took 0.151 seconds
[2026-04-26T09:38:08.639+0000] {processor.py:186} INFO - Started process (PID=523) to work on /opt/airflow/dags/dag2.py
[2026-04-26T09:38:08.640+0000] {processor.py:914} INFO - Processing file /opt/airflow/dags/dag2.py for tasks to queue
[2026-04-26T09:38:08.643+0000] {logging_mixin.py:190} INFO - [2026-04-26T09:38:08.642+0000] {dagbag.py:588} INFO - Filling up the DagBag from /opt/airflow/dags/dag2.py
[2026-04-26T09:38:08.660+0000] {processor.py:925} INFO - DAG(s) 'data_pipeline' retrieved from /opt/airflow/dags/dag2.py
[2026-04-26T09:38:08.700+0000] {logging_mixin.py:190} INFO - [2026-04-26T09:38:08.699+0000] {dag.py:3239} INFO - Sync 1 DAGs
[2026-04-26T09:38:08.742+0000] {logging_mixin.py:190} INFO - [2026-04-26T09:38:08.742+0000] {dag.py:4180} INFO - Setting next_dagrun for data_pipeline to 2026-04-25 15:30:00+00:00, run_after=2026-04-26 15:30:00+00:00
[2026-04-26T09:38:08.770+0000] {processor.py:208} INFO - Processing /opt/airflow/dags/dag2.py took 0.140 seconds
[2026-04-26T09:38:38.971+0000] {processor.py:186} INFO - Started process (PID=539) to work on /opt/airflow/dags/dag2.py
[2026-04-26T09:38:38.972+0000] {processor.py:914} INFO - Processing file /opt/airflow/dags/dag2.py for tasks to queue
[2026-04-26T09:38:38.976+0000] {logging_mixin.py:190} INFO - [2026-04-26T09:38:38.975+0000] {dagbag.py:588} INFO - Filling up the DagBag from /opt/airflow/dags/dag2.py
[2026-04-26T09:38:38.993+0000] {processor.py:925} INFO - DAG(s) 'data_pipeline' retrieved from /opt/airflow/dags/dag2.py
[2026-04-26T09:38:39.020+0000] {logging_mixin.py:190} INFO - [2026-04-26T09:38:39.019+0000] {dag.py:3239} INFO - Sync 1 DAGs
[2026-04-26T09:38:39.056+0000] {logging_mixin.py:190} INFO - [2026-04-26T09:38:39.055+0000] {dag.py:4180} INFO - Setting next_dagrun for data_pipeline to 2026-04-25 15:30:00+00:00, run_after=2026-04-26 15:30:00+00:00
[2026-04-26T09:38:39.074+0000] {processor.py:208} INFO - Processing /opt/airflow/dags/dag2.py took 0.112 seconds
[2026-04-26T09:39:09.211+0000] {processor.py:186} INFO - Started process (PID=555) to work on /opt/airflow/dags/dag2.py
[2026-04-26T09:39:09.214+0000] {processor.py:914} INFO - Processing file /opt/airflow/dags/dag2.py for tasks to queue
[2026-04-26T09:39:09.216+0000] {logging_mixin.py:190} INFO - [2026-04-26T09:39:09.216+0000] {dagbag.py:588} INFO - Filling up the DagBag from /opt/airflow/dags/dag2.py
[2026-04-26T09:39:09.226+0000] {processor.py:925} INFO - DAG(s) 'data_pipeline' retrieved from /opt/airflow/dags/dag2.py
[2026-04-26T09:39:09.249+0000] {logging_mixin.py:190} INFO - [2026-04-26T09:39:09.249+0000] {dag.py:3239} INFO - Sync 1 DAGs
[2026-04-26T09:39:09.273+0000] {logging_mixin.py:190} INFO - [2026-04-26T09:39:09.272+0000] {dag.py:4180} INFO - Setting next_dagrun for data_pipeline to 2026-04-25 15:30:00+00:00, run_after=2026-04-26 15:30:00+00:00
[2026-04-26T09:39:09.288+0000] {processor.py:208} INFO - Processing /opt/airflow/dags/dag2.py took 0.083 seconds
[2026-04-26T09:39:39.453+0000] {processor.py:186} INFO - Started process (PID=571) to work on /opt/airflow/dags/dag2.py
[2026-04-26T09:39:39.454+0000] {processor.py:914} INFO - Processing file /opt/airflow/dags/dag2.py for tasks to queue
[2026-04-26T09:39:39.456+0000] {logging_mixin.py:190} INFO - [2026-04-26T09:39:39.455+0000] {dagbag.py:588} INFO - Filling up the DagBag from /opt/airflow/dags/dag2.py
[2026-04-26T09:39:39.466+0000] {processor.py:925} INFO - DAG(s) 'data_pipeline' retrieved from /opt/airflow/dags/dag2.py
[2026-04-26T09:39:39.487+0000] {logging_mixin.py:190} INFO - [2026-04-26T09:39:39.487+0000] {dag.py:3239} INFO - Sync 1 DAGs
[2026-04-26T09:39:39.509+0000] {logging_mixin.py:190} INFO - [2026-04-26T09:39:39.509+0000] {dag.py:4180} INFO - Setting next_dagrun for data_pipeline to 2026-04-25 15:30:00+00:00, run_after=2026-04-26 15:30:00+00:00
[2026-04-26T09:39:39.527+0000] {processor.py:208} INFO - Processing /opt/airflow/dags/dag2.py took 0.082 seconds
[2026-04-26T09:40:14.073+0000] {processor.py:186} INFO - Started process (PID=182) to work on /opt/airflow/dags/dag2.py
[2026-04-26T09:40:14.074+0000] {processor.py:914} INFO - Processing file /opt/airflow/dags/dag2.py for tasks to queue
[2026-04-26T09:40:14.077+0000] {logging_mixin.py:190} INFO - [2026-04-26T09:40:14.077+0000] {dagbag.py:588} INFO - Filling up the DagBag from /opt/airflow/dags/dag2.py
[2026-04-26T09:40:14.094+0000] {processor.py:925} INFO - DAG(s) 'data_pipeline' retrieved from /opt/airflow/dags/dag2.py
[2026-04-26T09:40:14.119+0000] {logging_mixin.py:190} INFO - [2026-04-26T09:40:14.119+0000] {dag.py:3239} INFO - Sync 1 DAGs
[2026-04-26T09:40:14.167+0000] {logging_mixin.py:190} INFO - [2026-04-26T09:40:14.167+0000] {dag.py:4180} INFO - Setting next_dagrun for data_pipeline to 2026-04-25 15:30:00+00:00, run_after=2026-04-26 15:30:00+00:00
[2026-04-26T09:40:14.198+0000] {processor.py:208} INFO - Processing /opt/airflow/dags/dag2.py took 0.131 seconds
[2026-04-26T09:40:44.357+0000] {processor.py:186} INFO - Started process (PID=199) to work on /opt/airflow/dags/dag2.py
[2026-04-26T09:40:44.359+0000] {processor.py:914} INFO - Processing file /opt/airflow/dags/dag2.py for tasks to queue
[2026-04-26T09:40:44.366+0000] {logging_mixin.py:190} INFO - [2026-04-26T09:40:44.365+0000] {dagbag.py:588} INFO - Filling up the DagBag from /opt/airflow/dags/dag2.py
[2026-04-26T09:40:44.399+0000] {processor.py:925} INFO - DAG(s) 'data_pipeline' retrieved from /opt/airflow/dags/dag2.py
[2026-04-26T09:40:44.474+0000] {logging_mixin.py:190} INFO - [2026-04-26T09:40:44.474+0000] {dag.py:3239} INFO - Sync 1 DAGs
[2026-04-26T09:40:44.514+0000] {logging_mixin.py:190} INFO - [2026-04-26T09:40:44.514+0000] {dag.py:4180} INFO - Setting next_dagrun for data_pipeline to 2026-04-25 15:30:00+00:00, run_after=2026-04-26 15:30:00+00:00
[2026-04-26T09:40:44.533+0000] {processor.py:208} INFO - Processing /opt/airflow/dags/dag2.py took 0.195 seconds
[2026-04-26T09:41:14.879+0000] {processor.py:186} INFO - Started process (PID=215) to work on /opt/airflow/dags/dag2.py
[2026-04-26T09:41:14.881+0000] {processor.py:914} INFO - Processing file /opt/airflow/dags/dag2.py for tasks to queue
[2026-04-26T09:41:14.886+0000] {logging_mixin.py:190} INFO - [2026-04-26T09:41:14.886+0000] {dagbag.py:588} INFO - Filling up the DagBag from /opt/airflow/dags/dag2.py
[2026-04-26T09:41:14.925+0000] {processor.py:925} INFO - DAG(s) 'data_pipeline' retrieved from /opt/airflow/dags/dag2.py
[2026-04-26T09:41:14.968+0000] {logging_mixin.py:190} INFO - [2026-04-26T09:41:14.967+0000] {dag.py:3239} INFO - Sync 1 DAGs
[2026-04-26T09:41:14.991+0000] {logging_mixin.py:190} INFO - [2026-04-26T09:41:14.991+0000] {dag.py:4180} INFO - Setting next_dagrun for data_pipeline to 2026-04-25 15:30:00+00:00, run_after=2026-04-26 15:30:00+00:00
[2026-04-26T09:41:15.011+0000] {processor.py:208} INFO - Processing /opt/airflow/dags/dag2.py took 0.148 seconds
[2026-04-26T09:41:45.222+0000] {processor.py:186} INFO - Started process (PID=231) to work on /opt/airflow/dags/dag2.py
[2026-04-26T09:41:45.223+0000] {processor.py:914} INFO - Processing file /opt/airflow/dags/dag2.py for tasks to queue
[2026-04-26T09:41:45.229+0000] {logging_mixin.py:190} INFO - [2026-04-26T09:41:45.228+0000] {dagbag.py:588} INFO - Filling up the DagBag from /opt/airflow/dags/dag2.py
[2026-04-26T09:41:45.264+0000] {processor.py:925} INFO - DAG(s) 'data_pipeline' retrieved from /opt/airflow/dags/dag2.py
[2026-04-26T09:41:45.327+0000] {logging_mixin.py:190} INFO - [2026-04-26T09:41:45.327+0000] {dag.py:3239} INFO - Sync 1 DAGs
[2026-04-26T09:41:45.359+0000] {logging_mixin.py:190} INFO - [2026-04-26T09:41:45.359+0000] {dag.py:4180} INFO - Setting next_dagrun for data_pipeline to 2026-04-25 15:30:00+00:00, run_after=2026-04-26 15:30:00+00:00
[2026-04-26T09:41:45.378+0000] {processor.py:208} INFO - Processing /opt/airflow/dags/dag2.py took 0.173 seconds
[2026-04-26T09:42:15.722+0000] {processor.py:186} INFO - Started process (PID=247) to work on /opt/airflow/dags/dag2.py
[2026-04-26T09:42:15.724+0000] {processor.py:914} INFO - Processing file /opt/airflow/dags/dag2.py for tasks to queue
[2026-04-26T09:42:15.731+0000] {logging_mixin.py:190} INFO - [2026-04-26T09:42:15.730+0000] {dagbag.py:588} INFO - Filling up the DagBag from /opt/airflow/dags/dag2.py
[2026-04-26T09:42:15.767+0000] {processor.py:925} INFO - DAG(s) 'data_pipeline' retrieved from /opt/airflow/dags/dag2.py
[2026-04-26T09:42:15.823+0000] {logging_mixin.py:190} INFO - [2026-04-26T09:42:15.823+0000] {dag.py:3239} INFO - Sync 1 DAGs
[2026-04-26T09:42:15.888+0000] {logging_mixin.py:190} INFO - [2026-04-26T09:42:15.887+0000] {dag.py:4180} INFO - Setting next_dagrun for data_pipeline to 2026-04-25 15:30:00+00:00, run_after=2026-04-26 15:30:00+00:00
[2026-04-26T09:42:15.922+0000] {processor.py:208} INFO - Processing /opt/airflow/dags/dag2.py took 0.229 seconds
[2026-04-26T09:42:46.406+0000] {processor.py:186} INFO - Started process (PID=269) to work on /opt/airflow/dags/dag2.py
[2026-04-26T09:42:46.408+0000] {processor.py:914} INFO - Processing file /opt/airflow/dags/dag2.py for tasks to queue
[2026-04-26T09:42:46.414+0000] {logging_mixin.py:190} INFO - [2026-04-26T09:42:46.413+0000] {dagbag.py:588} INFO - Filling up the DagBag from /opt/airflow/dags/dag2.py
[2026-04-26T09:42:46.453+0000] {processor.py:925} INFO - DAG(s) 'data_pipeline' retrieved from /opt/airflow/dags/dag2.py
[2026-04-26T09:42:46.550+0000] {logging_mixin.py:190} INFO - [2026-04-26T09:42:46.549+0000] {dag.py:3239} INFO - Sync 1 DAGs
[2026-04-26T09:42:46.654+0000] {logging_mixin.py:190} INFO - [2026-04-26T09:42:46.653+0000] {dag.py:4180} INFO - Setting next_dagrun for data_pipeline to 2026-04-25 15:30:00+00:00, run_after=2026-04-26 15:30:00+00:00
[2026-04-26T09:42:46.716+0000] {processor.py:208} INFO - Processing /opt/airflow/dags/dag2.py took 0.328 seconds
[2026-04-26T09:43:17.068+0000] {processor.py:186} INFO - Started process (PID=285) to work on /opt/airflow/dags/dag2.py
[2026-04-26T09:43:17.071+0000] {processor.py:914} INFO - Processing file /opt/airflow/dags/dag2.py for tasks to queue
[2026-04-26T09:43:17.079+0000] {logging_mixin.py:190} INFO - [2026-04-26T09:43:17.078+0000] {dagbag.py:588} INFO - Filling up the DagBag from /opt/airflow/dags/dag2.py
[2026-04-26T09:43:17.116+0000] {processor.py:925} INFO - DAG(s) 'data_pipeline' retrieved from /opt/airflow/dags/dag2.py
[2026-04-26T09:43:17.204+0000] {logging_mixin.py:190} INFO - [2026-04-26T09:43:17.202+0000] {dag.py:3239} INFO - Sync 1 DAGs
[2026-04-26T09:43:17.300+0000] {logging_mixin.py:190} INFO - [2026-04-26T09:43:17.299+0000] {dag.py:4180} INFO - Setting next_dagrun for data_pipeline to 2026-04-25 15:30:00+00:00, run_after=2026-04-26 15:30:00+00:00
[2026-04-26T09:43:17.360+0000] {processor.py:208} INFO - Processing /opt/airflow/dags/dag2.py took 0.315 seconds
[2026-04-26T09:43:47.745+0000] {processor.py:186} INFO - Started process (PID=301) to work on /opt/airflow/dags/dag2.py
[2026-04-26T09:43:47.747+0000] {processor.py:914} INFO - Processing file /opt/airflow/dags/dag2.py for tasks to queue
[2026-04-26T09:43:47.755+0000] {logging_mixin.py:190} INFO - [2026-04-26T09:43:47.754+0000] {dagbag.py:588} INFO - Filling up the DagBag from /opt/airflow/dags/dag2.py
[2026-04-26T09:43:47.790+0000] {processor.py:925} INFO - DAG(s) 'data_pipeline' retrieved from /opt/airflow/dags/dag2.py
[2026-04-26T09:43:47.867+0000] {logging_mixin.py:190} INFO - [2026-04-26T09:43:47.866+0000] {dag.py:3239} INFO - Sync 1 DAGs
[2026-04-26T09:43:47.910+0000] {logging_mixin.py:190} INFO - [2026-04-26T09:43:47.910+0000] {dag.py:4180} INFO - Setting next_dagrun for data_pipeline to 2026-04-25 15:30:00+00:00, run_after=2026-04-26 15:30:00+00:00
[2026-04-26T09:43:47.929+0000] {processor.py:208} INFO - Processing /opt/airflow/dags/dag2.py took 0.209 seconds
[2026-04-26T09:44:18.029+0000] {processor.py:186} INFO - Started process (PID=317) to work on /opt/airflow/dags/dag2.py
[2026-04-26T09:44:18.031+0000] {processor.py:914} INFO - Processing file /opt/airflow/dags/dag2.py for tasks to queue
[2026-04-26T09:44:18.039+0000] {logging_mixin.py:190} INFO - [2026-04-26T09:44:18.038+0000] {dagbag.py:588} INFO - Filling up the DagBag from /opt/airflow/dags/dag2.py
[2026-04-26T09:44:18.077+0000] {processor.py:925} INFO - DAG(s) 'data_pipeline' retrieved from /opt/airflow/dags/dag2.py
[2026-04-26T09:44:18.156+0000] {logging_mixin.py:190} INFO - [2026-04-26T09:44:18.156+0000] {dag.py:3239} INFO - Sync 1 DAGs
[2026-04-26T09:44:18.219+0000] {logging_mixin.py:190} INFO - [2026-04-26T09:44:18.219+0000] {dag.py:4180} INFO - Setting next_dagrun for data_pipeline to 2026-04-25 15:30:00+00:00, run_after=2026-04-26 15:30:00+00:00
[2026-04-26T09:44:18.254+0000] {processor.py:208} INFO - Processing /opt/airflow/dags/dag2.py took 0.244 seconds
[2026-04-26T09:44:48.529+0000] {processor.py:186} INFO - Started process (PID=333) to work on /opt/airflow/dags/dag2.py
[2026-04-26T09:44:48.533+0000] {processor.py:914} INFO - Processing file /opt/airflow/dags/dag2.py for tasks to queue
[2026-04-26T09:44:48.539+0000] {logging_mixin.py:190} INFO - [2026-04-26T09:44:48.538+0000] {dagbag.py:588} INFO - Filling up the DagBag from /opt/airflow/dags/dag2.py
[2026-04-26T09:44:48.574+0000] {processor.py:925} INFO - DAG(s) 'data_pipeline' retrieved from /opt/airflow/dags/dag2.py
[2026-04-26T09:44:48.651+0000] {logging_mixin.py:190} INFO - [2026-04-26T09:44:48.650+0000] {dag.py:3239} INFO - Sync 1 DAGs
[2026-04-26T09:44:48.688+0000] {logging_mixin.py:190} INFO - [2026-04-26T09:44:48.688+0000] {dag.py:4180} INFO - Setting next_dagrun for data_pipeline to 2026-04-25 15:30:00+00:00, run_after=2026-04-26 15:30:00+00:00
[2026-04-26T09:44:48.711+0000] {processor.py:208} INFO - Processing /opt/airflow/dags/dag2.py took 0.204 seconds
[2026-04-26T09:45:18.863+0000] {processor.py:186} INFO - Started process (PID=349) to work on /opt/airflow/dags/dag2.py
[2026-04-26T09:45:18.864+0000] {processor.py:914} INFO - Processing file /opt/airflow/dags/dag2.py for tasks to queue
[2026-04-26T09:45:18.866+0000] {logging_mixin.py:190} INFO - [2026-04-26T09:45:18.866+0000] {dagbag.py:588} INFO - Filling up the DagBag from /opt/airflow/dags/dag2.py
[2026-04-26T09:45:18.880+0000] {processor.py:925} INFO - DAG(s) 'data_pipeline' retrieved from /opt/airflow/dags/dag2.py
[2026-04-26T09:45:18.910+0000] {logging_mixin.py:190} INFO - [2026-04-26T09:45:18.910+0000] {dag.py:3239} INFO - Sync 1 DAGs
[2026-04-26T09:45:18.951+0000] {logging_mixin.py:190} INFO - [2026-04-26T09:45:18.951+0000] {dag.py:4180} INFO - Setting next_dagrun for data_pipeline to 2026-04-25 15:30:00+00:00, run_after=2026-04-26 15:30:00+00:00
[2026-04-26T09:45:18.976+0000] {processor.py:208} INFO - Processing /opt/airflow/dags/dag2.py took 0.120 seconds
[2026-04-26T09:45:49.320+0000] {processor.py:186} INFO - Started process (PID=365) to work on /opt/airflow/dags/dag2.py
[2026-04-26T09:45:49.323+0000] {processor.py:914} INFO - Processing file /opt/airflow/dags/dag2.py for tasks to queue
[2026-04-26T09:45:49.331+0000] {logging_mixin.py:190} INFO - [2026-04-26T09:45:49.330+0000] {dagbag.py:588} INFO - Filling up the DagBag from /opt/airflow/dags/dag2.py
[2026-04-26T09:45:49.368+0000] {processor.py:925} INFO - DAG(s) 'data_pipeline' retrieved from /opt/airflow/dags/dag2.py
[2026-04-26T09:45:49.456+0000] {logging_mixin.py:190} INFO - [2026-04-26T09:45:49.455+0000] {dag.py:3239} INFO - Sync 1 DAGs
[2026-04-26T09:45:49.552+0000] {logging_mixin.py:190} INFO - [2026-04-26T09:45:49.552+0000] {dag.py:4180} INFO - Setting next_dagrun for data_pipeline to 2026-04-25 15:30:00+00:00, run_after=2026-04-26 15:30:00+00:00
[2026-04-26T09:45:49.621+0000] {processor.py:208} INFO - Processing /opt/airflow/dags/dag2.py took 0.322 seconds
[2026-04-26T09:46:19.997+0000] {processor.py:186} INFO - Started process (PID=381) to work on /opt/airflow/dags/dag2.py
[2026-04-26T09:46:20.000+0000] {processor.py:914} INFO - Processing file /opt/airflow/dags/dag2.py for tasks to queue
[2026-04-26T09:46:20.007+0000] {logging_mixin.py:190} INFO - [2026-04-26T09:46:20.006+0000] {dagbag.py:588} INFO - Filling up the DagBag from /opt/airflow/dags/dag2.py
[2026-04-26T09:46:20.044+0000] {processor.py:925} INFO - DAG(s) 'data_pipeline' retrieved from /opt/airflow/dags/dag2.py
[2026-04-26T09:46:20.105+0000] {logging_mixin.py:190} INFO - [2026-04-26T09:46:20.104+0000] {dag.py:3239} INFO - Sync 1 DAGs
[2026-04-26T09:46:20.146+0000] {logging_mixin.py:190} INFO - [2026-04-26T09:46:20.146+0000] {dag.py:4180} INFO - Setting next_dagrun for data_pipeline to 2026-04-25 15:30:00+00:00, run_after=2026-04-26 15:30:00+00:00
[2026-04-26T09:46:20.173+0000] {processor.py:208} INFO - Processing /opt/airflow/dags/dag2.py took 0.196 seconds
[2026-04-26T09:46:50.331+0000] {processor.py:186} INFO - Started process (PID=397) to work on /opt/airflow/dags/dag2.py
[2026-04-26T09:46:50.334+0000] {processor.py:914} INFO - Processing file /opt/airflow/dags/dag2.py for tasks to queue
[2026-04-26T09:46:50.345+0000] {logging_mixin.py:190} INFO - [2026-04-26T09:46:50.344+0000] {dagbag.py:588} INFO - Filling up the DagBag from /opt/airflow/dags/dag2.py
[2026-04-26T09:46:50.397+0000] {processor.py:925} INFO - DAG(s) 'data_pipeline' retrieved from /opt/airflow/dags/dag2.py
[2026-04-26T09:46:50.485+0000] {logging_mixin.py:190} INFO - [2026-04-26T09:46:50.484+0000] {dag.py:3239} INFO - Sync 1 DAGs
[2026-04-26T09:46:50.551+0000] {logging_mixin.py:190} INFO - [2026-04-26T09:46:50.550+0000] {dag.py:4180} INFO - Setting next_dagrun for data_pipeline to 2026-04-25 15:30:00+00:00, run_after=2026-04-26 15:30:00+00:00
[2026-04-26T09:46:50.589+0000] {processor.py:208} INFO - Processing /opt/airflow/dags/dag2.py took 0.289 seconds
[2026-04-26T09:47:20.806+0000] {processor.py:186} INFO - Started process (PID=413) to work on /opt/airflow/dags/dag2.py
[2026-04-26T09:47:20.810+0000] {processor.py:914} INFO - Processing file /opt/airflow/dags/dag2.py for tasks to queue
[2026-04-26T09:47:20.821+0000] {logging_mixin.py:190} INFO - [2026-04-26T09:47:20.819+0000] {dagbag.py:588} INFO - Filling up the DagBag from /opt/airflow/dags/dag2.py
[2026-04-26T09:47:20.870+0000] {processor.py:925} INFO - DAG(s) 'data_pipeline' retrieved from /opt/airflow/dags/dag2.py
[2026-04-26T09:47:20.978+0000] {logging_mixin.py:190} INFO - [2026-04-26T09:47:20.977+0000] {dag.py:3239} INFO - Sync 1 DAGs
[2026-04-26T09:47:21.094+0000] {logging_mixin.py:190} INFO - [2026-04-26T09:47:21.093+0000] {dag.py:4180} INFO - Setting next_dagrun for data_pipeline to 2026-04-25 15:30:00+00:00, run_after=2026-04-26 15:30:00+00:00
[2026-04-26T09:47:21.166+0000] {processor.py:208} INFO - Processing /opt/airflow/dags/dag2.py took 0.381 seconds
[2026-04-26T09:47:51.502+0000] {processor.py:186} INFO - Started process (PID=429) to work on /opt/airflow/dags/dag2.py
[2026-04-26T09:47:51.504+0000] {processor.py:914} INFO - Processing file /opt/airflow/dags/dag2.py for tasks to queue
[2026-04-26T09:47:51.512+0000] {logging_mixin.py:190} INFO - [2026-04-26T09:47:51.511+0000] {dagbag.py:588} INFO - Filling up the DagBag from /opt/airflow/dags/dag2.py
[2026-04-26T09:47:51.559+0000] {processor.py:925} INFO - DAG(s) 'data_pipeline' retrieved from /opt/airflow/dags/dag2.py
[2026-04-26T09:47:51.653+0000] {logging_mixin.py:190} INFO - [2026-04-26T09:47:51.652+0000] {dag.py:3239} INFO - Sync 1 DAGs
[2026-04-26T09:47:51.765+0000] {logging_mixin.py:190} INFO - [2026-04-26T09:47:51.764+0000] {dag.py:4180} INFO - Setting next_dagrun for data_pipeline to 2026-04-25 15:30:00+00:00, run_after=2026-04-26 15:30:00+00:00
[2026-04-26T09:47:51.839+0000] {processor.py:208} INFO - Processing /opt/airflow/dags/dag2.py took 0.356 seconds
[2026-04-26T09:48:22.227+0000] {processor.py:186} INFO - Started process (PID=445) to work on /opt/airflow/dags/dag2.py
[2026-04-26T09:48:22.229+0000] {processor.py:914} INFO - Processing file /opt/airflow/dags/dag2.py for tasks to queue
[2026-04-26T09:48:22.236+0000] {logging_mixin.py:190} INFO - [2026-04-26T09:48:22.235+0000] {dagbag.py:588} INFO - Filling up the DagBag from /opt/airflow/dags/dag2.py
[2026-04-26T09:48:22.270+0000] {processor.py:925} INFO - DAG(s) 'data_pipeline' retrieved from /opt/airflow/dags/dag2.py
[2026-04-26T09:48:22.352+0000] {logging_mixin.py:190} INFO - [2026-04-26T09:48:22.351+0000] {dag.py:3239} INFO - Sync 1 DAGs
[2026-04-26T09:48:22.460+0000] {logging_mixin.py:190} INFO - [2026-04-26T09:48:22.459+0000] {dag.py:4180} INFO - Setting next_dagrun for data_pipeline to 2026-04-25 15:30:00+00:00, run_after=2026-04-26 15:30:00+00:00
[2026-04-26T09:48:22.513+0000] {processor.py:208} INFO - Processing /opt/airflow/dags/dag2.py took 0.310 seconds
[2026-04-26T09:48:52.833+0000] {processor.py:186} INFO - Started process (PID=461) to work on /opt/airflow/dags/dag2.py
[2026-04-26T09:48:52.834+0000] {processor.py:914} INFO - Processing file /opt/airflow/dags/dag2.py for tasks to queue
[2026-04-26T09:48:52.837+0000] {logging_mixin.py:190} INFO - [2026-04-26T09:48:52.837+0000] {dagbag.py:588} INFO - Filling up the DagBag from /opt/airflow/dags/dag2.py
[2026-04-26T09:48:52.859+0000] {processor.py:925} INFO - DAG(s) 'data_pipeline' retrieved from /opt/airflow/dags/dag2.py
[2026-04-26T09:48:52.902+0000] {logging_mixin.py:190} INFO - [2026-04-26T09:48:52.902+0000] {dag.py:3239} INFO - Sync 1 DAGs
[2026-04-26T09:48:52.943+0000] {logging_mixin.py:190} INFO - [2026-04-26T09:48:52.942+0000] {dag.py:4180} INFO - Setting next_dagrun for data_pipeline to 2026-04-25 15:30:00+00:00, run_after=2026-04-26 15:30:00+00:00
[2026-04-26T09:48:52.970+0000] {processor.py:208} INFO - Processing /opt/airflow/dags/dag2.py took 0.155 seconds
[2026-04-26T09:49:23.276+0000] {processor.py:186} INFO - Started process (PID=477) to work on /opt/airflow/dags/dag2.py
[2026-04-26T09:49:23.278+0000] {processor.py:914} INFO - Processing file /opt/airflow/dags/dag2.py for tasks to queue
[2026-04-26T09:49:23.284+0000] {logging_mixin.py:190} INFO - [2026-04-26T09:49:23.283+0000] {dagbag.py:588} INFO - Filling up the DagBag from /opt/airflow/dags/dag2.py
[2026-04-26T09:49:23.312+0000] {processor.py:925} INFO - DAG(s) 'data_pipeline' retrieved from /opt/airflow/dags/dag2.py
[2026-04-26T09:49:23.375+0000] {logging_mixin.py:190} INFO - [2026-04-26T09:49:23.374+0000] {dag.py:3239} INFO - Sync 1 DAGs
[2026-04-26T09:49:23.440+0000] {logging_mixin.py:190} INFO - [2026-04-26T09:49:23.440+0000] {dag.py:4180} INFO - Setting next_dagrun for data_pipeline to 2026-04-25 15:30:00+00:00, run_after=2026-04-26 15:30:00+00:00
[2026-04-26T09:49:23.483+0000] {processor.py:208} INFO - Processing /opt/airflow/dags/dag2.py took 0.220 seconds
[2026-04-26T09:49:53.815+0000] {processor.py:186} INFO - Started process (PID=493) to work on /opt/airflow/dags/dag2.py
[2026-04-26T09:49:53.816+0000] {processor.py:914} INFO - Processing file /opt/airflow/dags/dag2.py for tasks to queue
[2026-04-26T09:49:53.819+0000] {logging_mixin.py:190} INFO - [2026-04-26T09:49:53.818+0000] {dagbag.py:588} INFO - Filling up the DagBag from /opt/airflow/dags/dag2.py
[2026-04-26T09:49:53.835+0000] {processor.py:925} INFO - DAG(s) 'data_pipeline' retrieved from /opt/airflow/dags/dag2.py
[2026-04-26T09:49:53.868+0000] {logging_mixin.py:190} INFO - [2026-04-26T09:49:53.867+0000] {dag.py:3239} INFO - Sync 1 DAGs
[2026-04-26T09:49:53.901+0000] {logging_mixin.py:190} INFO - [2026-04-26T09:49:53.901+0000] {dag.py:4180} INFO - Setting next_dagrun for data_pipeline to 2026-04-25 15:30:00+00:00, run_after=2026-04-26 15:30:00+00:00
[2026-04-26T09:49:53.918+0000] {processor.py:208} INFO - Processing /opt/airflow/dags/dag2.py took 0.110 seconds
[2026-04-26T09:50:24.224+0000] {processor.py:186} INFO - Started process (PID=509) to work on /opt/airflow/dags/dag2.py
[2026-04-26T09:50:24.226+0000] {processor.py:914} INFO - Processing file /opt/airflow/dags/dag2.py for tasks to queue
[2026-04-26T09:50:24.234+0000] {logging_mixin.py:190} INFO - [2026-04-26T09:50:24.233+0000] {dagbag.py:588} INFO - Filling up the DagBag from /opt/airflow/dags/dag2.py
[2026-04-26T09:50:24.269+0000] {processor.py:925} INFO - DAG(s) 'data_pipeline' retrieved from /opt/airflow/dags/dag2.py
[2026-04-26T09:50:24.350+0000] {logging_mixin.py:190} INFO - [2026-04-26T09:50:24.350+0000] {dag.py:3239} INFO - Sync 1 DAGs
[2026-04-26T09:50:24.403+0000] {logging_mixin.py:190} INFO - [2026-04-26T09:50:24.403+0000] {dag.py:4180} INFO - Setting next_dagrun for data_pipeline to 2026-04-25 15:30:00+00:00, run_after=2026-04-26 15:30:00+00:00
[2026-04-26T09:50:24.425+0000] {processor.py:208} INFO - Processing /opt/airflow/dags/dag2.py took 0.218 seconds
[2026-04-26T09:50:54.553+0000] {processor.py:186} INFO - Started process (PID=525) to work on /opt/airflow/dags/dag2.py
[2026-04-26T09:50:54.556+0000] {processor.py:914} INFO - Processing file /opt/airflow/dags/dag2.py for tasks to queue
[2026-04-26T09:50:54.564+0000] {logging_mixin.py:190} INFO - [2026-04-26T09:50:54.563+0000] {dagbag.py:588} INFO - Filling up the DagBag from /opt/airflow/dags/dag2.py
[2026-04-26T09:50:54.608+0000] {processor.py:925} INFO - DAG(s) 'data_pipeline' retrieved from /opt/airflow/dags/dag2.py
[2026-04-26T09:50:54.699+0000] {logging_mixin.py:190} INFO - [2026-04-26T09:50:54.698+0000] {dag.py:3239} INFO - Sync 1 DAGs
[2026-04-26T09:50:54.814+0000] {logging_mixin.py:190} INFO - [2026-04-26T09:50:54.813+0000] {dag.py:4180} INFO - Setting next_dagrun for data_pipeline to 2026-04-25 15:30:00+00:00, run_after=2026-04-26 15:30:00+00:00
[2026-04-26T09:50:54.883+0000] {processor.py:208} INFO - Processing /opt/airflow/dags/dag2.py took 0.351 seconds
[2026-04-26T09:51:25.064+0000] {processor.py:186} INFO - Started process (PID=541) to work on /opt/airflow/dags/dag2.py
[2026-04-26T09:51:25.068+0000] {processor.py:914} INFO - Processing file /opt/airflow/dags/dag2.py for tasks to queue
[2026-04-26T09:51:25.075+0000] {logging_mixin.py:190} INFO - [2026-04-26T09:51:25.074+0000] {dagbag.py:588} INFO - Filling up the DagBag from /opt/airflow/dags/dag2.py
[2026-04-26T09:51:25.113+0000] {processor.py:925} INFO - DAG(s) 'data_pipeline' retrieved from /opt/airflow/dags/dag2.py
[2026-04-26T09:51:25.223+0000] {logging_mixin.py:190} INFO - [2026-04-26T09:51:25.222+0000] {dag.py:3239} INFO - Sync 1 DAGs
[2026-04-26T09:51:25.299+0000] {logging_mixin.py:190} INFO - [2026-04-26T09:51:25.298+0000] {dag.py:4180} INFO - Setting next_dagrun for data_pipeline to 2026-04-25 15:30:00+00:00, run_after=2026-04-26 15:30:00+00:00
[2026-04-26T09:51:25.320+0000] {processor.py:208} INFO - Processing /opt/airflow/dags/dag2.py took 0.278 seconds
[2026-04-26T09:51:55.598+0000] {processor.py:186} INFO - Started process (PID=557) to work on /opt/airflow/dags/dag2.py
[2026-04-26T09:51:55.599+0000] {processor.py:914} INFO - Processing file /opt/airflow/dags/dag2.py for tasks to queue
[2026-04-26T09:51:55.601+0000] {logging_mixin.py:190} INFO - [2026-04-26T09:51:55.601+0000] {dagbag.py:588} INFO - Filling up the DagBag from /opt/airflow/dags/dag2.py
[2026-04-26T09:51:55.612+0000] {processor.py:925} INFO - DAG(s) 'data_pipeline' retrieved from /opt/airflow/dags/dag2.py
[2026-04-26T09:51:55.640+0000] {logging_mixin.py:190} INFO - [2026-04-26T09:51:55.640+0000] {dag.py:3239} INFO - Sync 1 DAGs
[2026-04-26T09:51:55.667+0000] {logging_mixin.py:190} INFO - [2026-04-26T09:51:55.666+0000] {dag.py:4180} INFO - Setting next_dagrun for data_pipeline to 2026-04-25 15:30:00+00:00, run_after=2026-04-26 15:30:00+00:00
[2026-04-26T09:51:55.684+0000] {processor.py:208} INFO - Processing /opt/airflow/dags/dag2.py took 0.093 seconds
[2026-04-26T09:52:26.031+0000] {processor.py:186} INFO - Started process (PID=573) to work on /opt/airflow/dags/dag2.py
[2026-04-26T09:52:26.033+0000] {processor.py:914} INFO - Processing file /opt/airflow/dags/dag2.py for tasks to queue
[2026-04-26T09:52:26.040+0000] {logging_mixin.py:190} INFO - [2026-04-26T09:52:26.039+0000] {dagbag.py:588} INFO - Filling up the DagBag from /opt/airflow/dags/dag2.py
[2026-04-26T09:52:26.071+0000] {processor.py:925} INFO - DAG(s) 'data_pipeline' retrieved from /opt/airflow/dags/dag2.py
[2026-04-26T09:52:26.105+0000] {logging_mixin.py:190} INFO - [2026-04-26T09:52:26.105+0000] {dag.py:3239} INFO - Sync 1 DAGs
[2026-04-26T09:52:26.141+0000] {logging_mixin.py:190} INFO - [2026-04-26T09:52:26.141+0000] {dag.py:4180} INFO - Setting next_dagrun for data_pipeline to 2026-04-25 15:30:00+00:00, run_after=2026-04-26 15:30:00+00:00
[2026-04-26T09:52:26.167+0000] {processor.py:208} INFO - Processing /opt/airflow/dags/dag2.py took 0.156 seconds
[2026-04-26T09:52:56.373+0000] {processor.py:186} INFO - Started process (PID=589) to work on /opt/airflow/dags/dag2.py
[2026-04-26T09:52:56.375+0000] {processor.py:914} INFO - Processing file /opt/airflow/dags/dag2.py for tasks to queue
[2026-04-26T09:52:56.381+0000] {logging_mixin.py:190} INFO - [2026-04-26T09:52:56.380+0000] {dagbag.py:588} INFO - Filling up the DagBag from /opt/airflow/dags/dag2.py
[2026-04-26T09:52:56.417+0000] {processor.py:925} INFO - DAG(s) 'data_pipeline' retrieved from /opt/airflow/dags/dag2.py
[2026-04-26T09:52:56.460+0000] {logging_mixin.py:190} INFO - [2026-04-26T09:52:56.460+0000] {dag.py:3239} INFO - Sync 1 DAGs
[2026-04-26T09:52:56.498+0000] {logging_mixin.py:190} INFO - [2026-04-26T09:52:56.498+0000] {dag.py:4180} INFO - Setting next_dagrun for data_pipeline to 2026-04-25 15:30:00+00:00, run_after=2026-04-26 15:30:00+00:00
[2026-04-26T09:52:56.527+0000] {processor.py:208} INFO - Processing /opt/airflow/dags/dag2.py took 0.172 seconds
[2026-04-26T09:53:26.898+0000] {processor.py:186} INFO - Started process (PID=605) to work on /opt/airflow/dags/dag2.py
[2026-04-26T09:53:26.901+0000] {processor.py:914} INFO - Processing file /opt/airflow/dags/dag2.py for tasks to queue
[2026-04-26T09:53:26.909+0000] {logging_mixin.py:190} INFO - [2026-04-26T09:53:26.908+0000] {dagbag.py:588} INFO - Filling up the DagBag from /opt/airflow/dags/dag2.py
[2026-04-26T09:53:26.947+0000] {processor.py:925} INFO - DAG(s) 'data_pipeline' retrieved from /opt/airflow/dags/dag2.py
[2026-04-26T09:53:27.031+0000] {logging_mixin.py:190} INFO - [2026-04-26T09:53:27.030+0000] {dag.py:3239} INFO - Sync 1 DAGs
[2026-04-26T09:53:27.078+0000] {logging_mixin.py:190} INFO - [2026-04-26T09:53:27.077+0000] {dag.py:4180} INFO - Setting next_dagrun for data_pipeline to 2026-04-25 15:30:00+00:00, run_after=2026-04-26 15:30:00+00:00
[2026-04-26T09:53:27.099+0000] {processor.py:208} INFO - Processing /opt/airflow/dags/dag2.py took 0.224 seconds
[2026-04-26T09:53:57.215+0000] {processor.py:186} INFO - Started process (PID=621) to work on /opt/airflow/dags/dag2.py
[2026-04-26T09:53:57.217+0000] {processor.py:914} INFO - Processing file /opt/airflow/dags/dag2.py for tasks to queue
[2026-04-26T09:53:57.224+0000] {logging_mixin.py:190} INFO - [2026-04-26T09:53:57.223+0000] {dagbag.py:588} INFO - Filling up the DagBag from /opt/airflow/dags/dag2.py
[2026-04-26T09:53:57.261+0000] {processor.py:925} INFO - DAG(s) 'data_pipeline' retrieved from /opt/airflow/dags/dag2.py
[2026-04-26T09:53:57.330+0000] {logging_mixin.py:190} INFO - [2026-04-26T09:53:57.330+0000] {dag.py:3239} INFO - Sync 1 DAGs
[2026-04-26T09:53:57.360+0000] {logging_mixin.py:190} INFO - [2026-04-26T09:53:57.359+0000] {dag.py:4180} INFO - Setting next_dagrun for data_pipeline to 2026-04-25 15:30:00+00:00, run_after=2026-04-26 15:30:00+00:00
[2026-04-26T09:53:57.381+0000] {processor.py:208} INFO - Processing /opt/airflow/dags/dag2.py took 0.185 seconds
[2026-04-26T09:54:27.659+0000] {processor.py:186} INFO - Started process (PID=637) to work on /opt/airflow/dags/dag2.py
[2026-04-26T09:54:27.659+0000] {processor.py:914} INFO - Processing file /opt/airflow/dags/dag2.py for tasks to queue
[2026-04-26T09:54:27.662+0000] {logging_mixin.py:190} INFO - [2026-04-26T09:54:27.661+0000] {dagbag.py:588} INFO - Filling up the DagBag from /opt/airflow/dags/dag2.py
[2026-04-26T09:54:27.673+0000] {processor.py:925} INFO - DAG(s) 'data_pipeline' retrieved from /opt/airflow/dags/dag2.py
[2026-04-26T09:54:27.697+0000] {logging_mixin.py:190} INFO - [2026-04-26T09:54:27.697+0000] {dag.py:3239} INFO - Sync 1 DAGs
[2026-04-26T09:54:27.724+0000] {logging_mixin.py:190} INFO - [2026-04-26T09:54:27.724+0000] {dag.py:4180} INFO - Setting next_dagrun for data_pipeline to 2026-04-25 15:30:00+00:00, run_after=2026-04-26 15:30:00+00:00
[2026-04-26T09:54:27.745+0000] {processor.py:208} INFO - Processing /opt/airflow/dags/dag2.py took 0.093 seconds
[2026-04-26T09:54:58.006+0000] {processor.py:186} INFO - Started process (PID=653) to work on /opt/airflow/dags/dag2.py
[2026-04-26T09:54:58.008+0000] {processor.py:914} INFO - Processing file /opt/airflow/dags/dag2.py for tasks to queue
[2026-04-26T09:54:58.016+0000] {logging_mixin.py:190} INFO - [2026-04-26T09:54:58.015+0000] {dagbag.py:588} INFO - Filling up the DagBag from /opt/airflow/dags/dag2.py
[2026-04-26T09:54:58.052+0000] {processor.py:925} INFO - DAG(s) 'data_pipeline' retrieved from /opt/airflow/dags/dag2.py
[2026-04-26T09:54:58.112+0000] {logging_mixin.py:190} INFO - [2026-04-26T09:54:58.111+0000] {dag.py:3239} INFO - Sync 1 DAGs
[2026-04-26T09:54:58.141+0000] {logging_mixin.py:190} INFO - [2026-04-26T09:54:58.141+0000] {dag.py:4180} INFO - Setting next_dagrun for data_pipeline to 2026-04-25 15:30:00+00:00, run_after=2026-04-26 15:30:00+00:00
[2026-04-26T09:54:58.161+0000] {processor.py:208} INFO - Processing /opt/airflow/dags/dag2.py took 0.173 seconds
[2026-04-26T09:55:28.409+0000] {processor.py:186} INFO - Started process (PID=669) to work on /opt/airflow/dags/dag2.py
[2026-04-26T09:55:28.412+0000] {processor.py:914} INFO - Processing file /opt/airflow/dags/dag2.py for tasks to queue
[2026-04-26T09:55:28.421+0000] {logging_mixin.py:190} INFO - [2026-04-26T09:55:28.420+0000] {dagbag.py:588} INFO - Filling up the DagBag from /opt/airflow/dags/dag2.py
[2026-04-26T09:55:28.466+0000] {processor.py:925} INFO - DAG(s) 'data_pipeline' retrieved from /opt/airflow/dags/dag2.py
[2026-04-26T09:55:28.547+0000] {logging_mixin.py:190} INFO - [2026-04-26T09:55:28.546+0000] {dag.py:3239} INFO - Sync 1 DAGs
[2026-04-26T09:55:28.644+0000] {logging_mixin.py:190} INFO - [2026-04-26T09:55:28.643+0000] {dag.py:4180} INFO - Setting next_dagrun for data_pipeline to 2026-04-25 15:30:00+00:00, run_after=2026-04-26 15:30:00+00:00
[2026-04-26T09:55:28.706+0000] {processor.py:208} INFO - Processing /opt/airflow/dags/dag2.py took 0.326 seconds
[2026-04-26T09:55:59.074+0000] {processor.py:186} INFO - Started process (PID=685) to work on /opt/airflow/dags/dag2.py
[2026-04-26T09:55:59.076+0000] {processor.py:914} INFO - Processing file /opt/airflow/dags/dag2.py for tasks to queue
[2026-04-26T09:55:59.082+0000] {logging_mixin.py:190} INFO - [2026-04-26T09:55:59.081+0000] {dagbag.py:588} INFO - Filling up the DagBag from /opt/airflow/dags/dag2.py
[2026-04-26T09:55:59.110+0000] {processor.py:925} INFO - DAG(s) 'data_pipeline' retrieved from /opt/airflow/dags/dag2.py
[2026-04-26T09:55:59.144+0000] {logging_mixin.py:190} INFO - [2026-04-26T09:55:59.144+0000] {dag.py:3239} INFO - Sync 1 DAGs
[2026-04-26T09:55:59.170+0000] {logging_mixin.py:190} INFO - [2026-04-26T09:55:59.170+0000] {dag.py:4180} INFO - Setting next_dagrun for data_pipeline to 2026-04-25 15:30:00+00:00, run_after=2026-04-26 15:30:00+00:00
[2026-04-26T09:55:59.187+0000] {processor.py:208} INFO - Processing /opt/airflow/dags/dag2.py took 0.133 seconds
[2026-04-26T09:56:29.402+0000] {processor.py:186} INFO - Started process (PID=701) to work on /opt/airflow/dags/dag2.py
[2026-04-26T09:56:29.405+0000] {processor.py:914} INFO - Processing file /opt/airflow/dags/dag2.py for tasks to queue
[2026-04-26T09:56:29.411+0000] {logging_mixin.py:190} INFO - [2026-04-26T09:56:29.410+0000] {dagbag.py:588} INFO - Filling up the DagBag from /opt/airflow/dags/dag2.py
[2026-04-26T09:56:29.453+0000] {processor.py:925} INFO - DAG(s) 'data_pipeline' retrieved from /opt/airflow/dags/dag2.py
[2026-04-26T09:56:29.539+0000] {logging_mixin.py:190} INFO - [2026-04-26T09:56:29.538+0000] {dag.py:3239} INFO - Sync 1 DAGs
[2026-04-26T09:56:29.619+0000] {logging_mixin.py:190} INFO - [2026-04-26T09:56:29.619+0000] {dag.py:4180} INFO - Setting next_dagrun for data_pipeline to 2026-04-25 15:30:00+00:00, run_after=2026-04-26 15:30:00+00:00
[2026-04-26T09:56:29.675+0000] {processor.py:208} INFO - Processing /opt/airflow/dags/dag2.py took 0.297 seconds
[2026-04-26T09:56:59.832+0000] {processor.py:186} INFO - Started process (PID=717) to work on /opt/airflow/dags/dag2.py
[2026-04-26T09:56:59.834+0000] {processor.py:914} INFO - Processing file /opt/airflow/dags/dag2.py for tasks to queue
[2026-04-26T09:56:59.840+0000] {logging_mixin.py:190} INFO - [2026-04-26T09:56:59.839+0000] {dagbag.py:588} INFO - Filling up the DagBag from /opt/airflow/dags/dag2.py
[2026-04-26T09:56:59.887+0000] {processor.py:925} INFO - DAG(s) 'data_pipeline' retrieved from /opt/airflow/dags/dag2.py
[2026-04-26T09:56:59.996+0000] {logging_mixin.py:190} INFO - [2026-04-26T09:56:59.996+0000] {dag.py:3239} INFO - Sync 1 DAGs
[2026-04-26T09:57:00.105+0000] {logging_mixin.py:190} INFO - [2026-04-26T09:57:00.104+0000] {dag.py:4180} INFO - Setting next_dagrun for data_pipeline to 2026-04-25 15:30:00+00:00, run_after=2026-04-26 15:30:00+00:00
[2026-04-26T09:57:00.164+0000] {processor.py:208} INFO - Processing /opt/airflow/dags/dag2.py took 0.355 seconds
[2026-04-26T09:57:30.545+0000] {processor.py:186} INFO - Started process (PID=733) to work on /opt/airflow/dags/dag2.py
[2026-04-26T09:57:30.547+0000] {processor.py:914} INFO - Processing file /opt/airflow/dags/dag2.py for tasks to queue
[2026-04-26T09:57:30.553+0000] {logging_mixin.py:190} INFO - [2026-04-26T09:57:30.552+0000] {dagbag.py:588} INFO - Filling up the DagBag from /opt/airflow/dags/dag2.py
[2026-04-26T09:57:30.598+0000] {processor.py:925} INFO - DAG(s) 'data_pipeline' retrieved from /opt/airflow/dags/dag2.py
[2026-04-26T09:57:30.690+0000] {logging_mixin.py:190} INFO - [2026-04-26T09:57:30.689+0000] {dag.py:3239} INFO - Sync 1 DAGs
[2026-04-26T09:57:30.778+0000] {logging_mixin.py:190} INFO - [2026-04-26T09:57:30.778+0000] {dag.py:4180} INFO - Setting next_dagrun for data_pipeline to 2026-04-25 15:30:00+00:00, run_after=2026-04-26 15:30:00+00:00
[2026-04-26T09:57:30.829+0000] {processor.py:208} INFO - Processing /opt/airflow/dags/dag2.py took 0.308 seconds
[2026-04-26T09:58:01.205+0000] {processor.py:186} INFO - Started process (PID=749) to work on /opt/airflow/dags/dag2.py
[2026-04-26T09:58:01.208+0000] {processor.py:914} INFO - Processing file /opt/airflow/dags/dag2.py for tasks to queue
[2026-04-26T09:58:01.218+0000] {logging_mixin.py:190} INFO - [2026-04-26T09:58:01.217+0000] {dagbag.py:588} INFO - Filling up the DagBag from /opt/airflow/dags/dag2.py
[2026-04-26T09:58:01.265+0000] {processor.py:925} INFO - DAG(s) 'data_pipeline' retrieved from /opt/airflow/dags/dag2.py
[2026-04-26T09:58:01.343+0000] {logging_mixin.py:190} INFO - [2026-04-26T09:58:01.343+0000] {dag.py:3239} INFO - Sync 1 DAGs
[2026-04-26T09:58:01.440+0000] {logging_mixin.py:190} INFO - [2026-04-26T09:58:01.439+0000] {dag.py:4180} INFO - Setting next_dagrun for data_pipeline to 2026-04-25 15:30:00+00:00, run_after=2026-04-26 15:30:00+00:00
[2026-04-26T09:58:01.503+0000] {processor.py:208} INFO - Processing /opt/airflow/dags/dag2.py took 0.327 seconds
[2026-04-26T09:58:31.877+0000] {processor.py:186} INFO - Started process (PID=765) to work on /opt/airflow/dags/dag2.py
[2026-04-26T09:58:31.880+0000] {processor.py:914} INFO - Processing file /opt/airflow/dags/dag2.py for tasks to queue
[2026-04-26T09:58:31.888+0000] {logging_mixin.py:190} INFO - [2026-04-26T09:58:31.887+0000] {dagbag.py:588} INFO - Filling up the DagBag from /opt/airflow/dags/dag2.py
[2026-04-26T09:58:31.923+0000] {processor.py:925} INFO - DAG(s) 'data_pipeline' retrieved from /opt/airflow/dags/dag2.py
[2026-04-26T09:58:31.998+0000] {logging_mixin.py:190} INFO - [2026-04-26T09:58:31.998+0000] {dag.py:3239} INFO - Sync 1 DAGs
[2026-04-26T09:58:32.067+0000] {logging_mixin.py:190} INFO - [2026-04-26T09:58:32.066+0000] {dag.py:4180} INFO - Setting next_dagrun for data_pipeline to 2026-04-25 15:30:00+00:00, run_after=2026-04-26 15:30:00+00:00
[2026-04-26T09:58:32.112+0000] {processor.py:208} INFO - Processing /opt/airflow/dags/dag2.py took 0.255 seconds
[2026-04-26T09:59:02.491+0000] {processor.py:186} INFO - Started process (PID=781) to work on /opt/airflow/dags/dag2.py
[2026-04-26T09:59:02.493+0000] {processor.py:914} INFO - Processing file /opt/airflow/dags/dag2.py for tasks to queue
[2026-04-26T09:59:02.501+0000] {logging_mixin.py:190} INFO - [2026-04-26T09:59:02.500+0000] {dagbag.py:588} INFO - Filling up the DagBag from /opt/airflow/dags/dag2.py
[2026-04-26T09:59:02.545+0000] {processor.py:925} INFO - DAG(s) 'data_pipeline' retrieved from /opt/airflow/dags/dag2.py
[2026-04-26T09:59:02.627+0000] {logging_mixin.py:190} INFO - [2026-04-26T09:59:02.626+0000] {dag.py:3239} INFO - Sync 1 DAGs
[2026-04-26T09:59:02.684+0000] {logging_mixin.py:190} INFO - [2026-04-26T09:59:02.684+0000] {dag.py:4180} INFO - Setting next_dagrun for data_pipeline to 2026-04-25 15:30:00+00:00, run_after=2026-04-26 15:30:00+00:00
[2026-04-26T09:59:02.716+0000] {processor.py:208} INFO - Processing /opt/airflow/dags/dag2.py took 0.245 seconds
[2026-04-26T09:59:33.078+0000] {processor.py:186} INFO - Started process (PID=797) to work on /opt/airflow/dags/dag2.py
[2026-04-26T09:59:33.080+0000] {processor.py:914} INFO - Processing file /opt/airflow/dags/dag2.py for tasks to queue
[2026-04-26T09:59:33.086+0000] {logging_mixin.py:190} INFO - [2026-04-26T09:59:33.086+0000] {dagbag.py:588} INFO - Filling up the DagBag from /opt/airflow/dags/dag2.py
[2026-04-26T09:59:33.119+0000] {processor.py:925} INFO - DAG(s) 'data_pipeline' retrieved from /opt/airflow/dags/dag2.py
[2026-04-26T09:59:33.160+0000] {logging_mixin.py:190} INFO - [2026-04-26T09:59:33.160+0000] {dag.py:3239} INFO - Sync 1 DAGs
[2026-04-26T09:59:33.206+0000] {logging_mixin.py:190} INFO - [2026-04-26T09:59:33.206+0000] {dag.py:4180} INFO - Setting next_dagrun for data_pipeline to 2026-04-25 15:30:00+00:00, run_after=2026-04-26 15:30:00+00:00
[2026-04-26T09:59:33.242+0000] {processor.py:208} INFO - Processing /opt/airflow/dags/dag2.py took 0.183 seconds
[2026-04-26T10:00:03.405+0000] {processor.py:186} INFO - Started process (PID=813) to work on /opt/airflow/dags/dag2.py
[2026-04-26T10:00:03.407+0000] {processor.py:914} INFO - Processing file /opt/airflow/dags/dag2.py for tasks to queue
[2026-04-26T10:00:03.414+0000] {logging_mixin.py:190} INFO - [2026-04-26T10:00:03.413+0000] {dagbag.py:588} INFO - Filling up the DagBag from /opt/airflow/dags/dag2.py
[2026-04-26T10:00:03.452+0000] {processor.py:925} INFO - DAG(s) 'data_pipeline' retrieved from /opt/airflow/dags/dag2.py
[2026-04-26T10:00:03.538+0000] {logging_mixin.py:190} INFO - [2026-04-26T10:00:03.538+0000] {dag.py:3239} INFO - Sync 1 DAGs
[2026-04-26T10:00:03.630+0000] {logging_mixin.py:190} INFO - [2026-04-26T10:00:03.630+0000] {dag.py:4180} INFO - Setting next_dagrun for data_pipeline to 2026-04-25 15:30:00+00:00, run_after=2026-04-26 15:30:00+00:00
[2026-04-26T10:00:03.690+0000] {processor.py:208} INFO - Processing /opt/airflow/dags/dag2.py took 0.304 seconds
[2026-04-26T10:00:33.898+0000] {processor.py:186} INFO - Started process (PID=829) to work on /opt/airflow/dags/dag2.py
[2026-04-26T10:00:33.901+0000] {processor.py:914} INFO - Processing file /opt/airflow/dags/dag2.py for tasks to queue
[2026-04-26T10:00:33.909+0000] {logging_mixin.py:190} INFO - [2026-04-26T10:00:33.908+0000] {dagbag.py:588} INFO - Filling up the DagBag from /opt/airflow/dags/dag2.py
[2026-04-26T10:00:33.949+0000] {processor.py:925} INFO - DAG(s) 'data_pipeline' retrieved from /opt/airflow/dags/dag2.py
[2026-04-26T10:00:34.033+0000] {logging_mixin.py:190} INFO - [2026-04-26T10:00:34.032+0000] {dag.py:3239} INFO - Sync 1 DAGs
[2026-04-26T10:00:34.123+0000] {logging_mixin.py:190} INFO - [2026-04-26T10:00:34.122+0000] {dag.py:4180} INFO - Setting next_dagrun for data_pipeline to 2026-04-25 15:30:00+00:00, run_after=2026-04-26 15:30:00+00:00
[2026-04-26T10:00:34.184+0000] {processor.py:208} INFO - Processing /opt/airflow/dags/dag2.py took 0.305 seconds
[2026-04-26T10:01:04.497+0000] {processor.py:186} INFO - Started process (PID=845) to work on /opt/airflow/dags/dag2.py
[2026-04-26T10:01:04.498+0000] {processor.py:914} INFO - Processing file /opt/airflow/dags/dag2.py for tasks to queue
[2026-04-26T10:01:04.500+0000] {logging_mixin.py:190} INFO - [2026-04-26T10:01:04.499+0000] {dagbag.py:588} INFO - Filling up the DagBag from /opt/airflow/dags/dag2.py
[2026-04-26T10:01:04.510+0000] {processor.py:925} INFO - DAG(s) 'data_pipeline' retrieved from /opt/airflow/dags/dag2.py
[2026-04-26T10:01:04.538+0000] {logging_mixin.py:190} INFO - [2026-04-26T10:01:04.538+0000] {dag.py:3239} INFO - Sync 1 DAGs
[2026-04-26T10:01:04.560+0000] {logging_mixin.py:190} INFO - [2026-04-26T10:01:04.559+0000] {dag.py:4180} INFO - Setting next_dagrun for data_pipeline to 2026-04-25 15:30:00+00:00, run_after=2026-04-26 15:30:00+00:00
[2026-04-26T10:01:04.578+0000] {processor.py:208} INFO - Processing /opt/airflow/dags/dag2.py took 0.086 seconds
[2026-04-26T10:01:34.837+0000] {processor.py:186} INFO - Started process (PID=861) to work on /opt/airflow/dags/dag2.py
[2026-04-26T10:01:34.839+0000] {processor.py:914} INFO - Processing file /opt/airflow/dags/dag2.py for tasks to queue
[2026-04-26T10:01:34.847+0000] {logging_mixin.py:190} INFO - [2026-04-26T10:01:34.846+0000] {dagbag.py:588} INFO - Filling up the DagBag from /opt/airflow/dags/dag2.py
[2026-04-26T10:01:34.885+0000] {processor.py:925} INFO - DAG(s) 'data_pipeline' retrieved from /opt/airflow/dags/dag2.py
[2026-04-26T10:01:34.957+0000] {logging_mixin.py:190} INFO - [2026-04-26T10:01:34.956+0000] {dag.py:3239} INFO - Sync 1 DAGs
[2026-04-26T10:01:34.994+0000] {logging_mixin.py:190} INFO - [2026-04-26T10:01:34.994+0000] {dag.py:4180} INFO - Setting next_dagrun for data_pipeline to 2026-04-25 15:30:00+00:00, run_after=2026-04-26 15:30:00+00:00
[2026-04-26T10:01:35.012+0000] {processor.py:208} INFO - Processing /opt/airflow/dags/dag2.py took 0.195 seconds
[2026-04-26T10:02:05.191+0000] {processor.py:186} INFO - Started process (PID=877) to work on /opt/airflow/dags/dag2.py
[2026-04-26T10:02:05.193+0000] {processor.py:914} INFO - Processing file /opt/airflow/dags/dag2.py for tasks to queue
[2026-04-26T10:02:05.202+0000] {logging_mixin.py:190} INFO - [2026-04-26T10:02:05.201+0000] {dagbag.py:588} INFO - Filling up the DagBag from /opt/airflow/dags/dag2.py
[2026-04-26T10:02:05.243+0000] {processor.py:925} INFO - DAG(s) 'data_pipeline' retrieved from /opt/airflow/dags/dag2.py
[2026-04-26T10:02:05.347+0000] {logging_mixin.py:190} INFO - [2026-04-26T10:02:05.346+0000] {dag.py:3239} INFO - Sync 1 DAGs
[2026-04-26T10:02:05.431+0000] {logging_mixin.py:190} INFO - [2026-04-26T10:02:05.431+0000] {dag.py:4180} INFO - Setting next_dagrun for data_pipeline to 2026-04-25 15:30:00+00:00, run_after=2026-04-26 15:30:00+00:00
[2026-04-26T10:02:05.488+0000] {processor.py:208} INFO - Processing /opt/airflow/dags/dag2.py took 0.324 seconds
[2026-04-26T10:02:35.842+0000] {processor.py:186} INFO - Started process (PID=893) to work on /opt/airflow/dags/dag2.py
[2026-04-26T10:02:35.844+0000] {processor.py:914} INFO - Processing file /opt/airflow/dags/dag2.py for tasks to queue
[2026-04-26T10:02:35.852+0000] {logging_mixin.py:190} INFO - [2026-04-26T10:02:35.851+0000] {dagbag.py:588} INFO - Filling up the DagBag from /opt/airflow/dags/dag2.py
[2026-04-26T10:02:35.890+0000] {processor.py:925} INFO - DAG(s) 'data_pipeline' retrieved from /opt/airflow/dags/dag2.py
[2026-04-26T10:02:35.973+0000] {logging_mixin.py:190} INFO - [2026-04-26T10:02:35.972+0000] {dag.py:3239} INFO - Sync 1 DAGs
[2026-04-26T10:02:36.047+0000] {logging_mixin.py:190} INFO - [2026-04-26T10:02:36.047+0000] {dag.py:4180} INFO - Setting next_dagrun for data_pipeline to 2026-04-25 15:30:00+00:00, run_after=2026-04-26 15:30:00+00:00
[2026-04-26T10:02:36.091+0000] {processor.py:208} INFO - Processing /opt/airflow/dags/dag2.py took 0.269 seconds
[2026-04-26T10:03:06.440+0000] {processor.py:186} INFO - Started process (PID=909) to work on /opt/airflow/dags/dag2.py
[2026-04-26T10:03:06.442+0000] {processor.py:914} INFO - Processing file /opt/airflow/dags/dag2.py for tasks to queue
[2026-04-26T10:03:06.448+0000] {logging_mixin.py:190} INFO - [2026-04-26T10:03:06.447+0000] {dagbag.py:588} INFO - Filling up the DagBag from /opt/airflow/dags/dag2.py
[2026-04-26T10:03:06.489+0000] {processor.py:925} INFO - DAG(s) 'data_pipeline' retrieved from /opt/airflow/dags/dag2.py
[2026-04-26T10:03:06.566+0000] {logging_mixin.py:190} INFO - [2026-04-26T10:03:06.565+0000] {dag.py:3239} INFO - Sync 1 DAGs
[2026-04-26T10:03:06.620+0000] {logging_mixin.py:190} INFO - [2026-04-26T10:03:06.620+0000] {dag.py:4180} INFO - Setting next_dagrun for data_pipeline to 2026-04-25 15:30:00+00:00, run_after=2026-04-26 15:30:00+00:00
[2026-04-26T10:03:06.639+0000] {processor.py:208} INFO - Processing /opt/airflow/dags/dag2.py took 0.223 seconds
[2026-04-26T10:03:36.763+0000] {processor.py:186} INFO - Started process (PID=925) to work on /opt/airflow/dags/dag2.py
[2026-04-26T10:03:36.766+0000] {processor.py:914} INFO - Processing file /opt/airflow/dags/dag2.py for tasks to queue
[2026-04-26T10:03:36.772+0000] {logging_mixin.py:190} INFO - [2026-04-26T10:03:36.771+0000] {dagbag.py:588} INFO - Filling up the DagBag from /opt/airflow/dags/dag2.py
[2026-04-26T10:03:36.812+0000] {processor.py:925} INFO - DAG(s) 'data_pipeline' retrieved from /opt/airflow/dags/dag2.py
[2026-04-26T10:03:36.923+0000] {logging_mixin.py:190} INFO - [2026-04-26T10:03:36.922+0000] {dag.py:3239} INFO - Sync 1 DAGs
[2026-04-26T10:03:36.991+0000] {logging_mixin.py:190} INFO - [2026-04-26T10:03:36.991+0000] {dag.py:4180} INFO - Setting next_dagrun for data_pipeline to 2026-04-25 15:30:00+00:00, run_after=2026-04-26 15:30:00+00:00
[2026-04-26T10:03:37.009+0000] {processor.py:208} INFO - Processing /opt/airflow/dags/dag2.py took 0.265 seconds
[2026-04-26T10:04:07.350+0000] {processor.py:186} INFO - Started process (PID=941) to work on /opt/airflow/dags/dag2.py
[2026-04-26T10:04:07.352+0000] {processor.py:914} INFO - Processing file /opt/airflow/dags/dag2.py for tasks to queue
[2026-04-26T10:04:07.358+0000] {logging_mixin.py:190} INFO - [2026-04-26T10:04:07.357+0000] {dagbag.py:588} INFO - Filling up the DagBag from /opt/airflow/dags/dag2.py
[2026-04-26T10:04:07.395+0000] {processor.py:925} INFO - DAG(s) 'data_pipeline' retrieved from /opt/airflow/dags/dag2.py
[2026-04-26T10:04:07.444+0000] {logging_mixin.py:190} INFO - [2026-04-26T10:04:07.444+0000] {dag.py:3239} INFO - Sync 1 DAGs
[2026-04-26T10:04:07.470+0000] {logging_mixin.py:190} INFO - [2026-04-26T10:04:07.470+0000] {dag.py:4180} INFO - Setting next_dagrun for data_pipeline to 2026-04-25 15:30:00+00:00, run_after=2026-04-26 15:30:00+00:00
[2026-04-26T10:04:07.489+0000] {processor.py:208} INFO - Processing /opt/airflow/dags/dag2.py took 0.158 seconds
[2026-04-26T10:04:37.692+0000] {processor.py:186} INFO - Started process (PID=957) to work on /opt/airflow/dags/dag2.py
[2026-04-26T10:04:37.695+0000] {processor.py:914} INFO - Processing file /opt/airflow/dags/dag2.py for tasks to queue
[2026-04-26T10:04:37.704+0000] {logging_mixin.py:190} INFO - [2026-04-26T10:04:37.702+0000] {dagbag.py:588} INFO - Filling up the DagBag from /opt/airflow/dags/dag2.py
[2026-04-26T10:04:37.756+0000] {processor.py:925} INFO - DAG(s) 'data_pipeline' retrieved from /opt/airflow/dags/dag2.py
[2026-04-26T10:04:37.844+0000] {logging_mixin.py:190} INFO - [2026-04-26T10:04:37.843+0000] {dag.py:3239} INFO - Sync 1 DAGs
[2026-04-26T10:04:37.929+0000] {logging_mixin.py:190} INFO - [2026-04-26T10:04:37.928+0000] {dag.py:4180} INFO - Setting next_dagrun for data_pipeline to 2026-04-25 15:30:00+00:00, run_after=2026-04-26 15:30:00+00:00
[2026-04-26T10:04:37.985+0000] {processor.py:208} INFO - Processing /opt/airflow/dags/dag2.py took 0.315 seconds
[2026-04-26T10:05:08.396+0000] {processor.py:186} INFO - Started process (PID=973) to work on /opt/airflow/dags/dag2.py
[2026-04-26T10:05:08.399+0000] {processor.py:914} INFO - Processing file /opt/airflow/dags/dag2.py for tasks to queue
[2026-04-26T10:05:08.405+0000] {logging_mixin.py:190} INFO - [2026-04-26T10:05:08.404+0000] {dagbag.py:588} INFO - Filling up the DagBag from /opt/airflow/dags/dag2.py
[2026-04-26T10:05:08.442+0000] {processor.py:925} INFO - DAG(s) 'data_pipeline' retrieved from /opt/airflow/dags/dag2.py
[2026-04-26T10:05:08.527+0000] {logging_mixin.py:190} INFO - [2026-04-26T10:05:08.526+0000] {dag.py:3239} INFO - Sync 1 DAGs
[2026-04-26T10:05:08.568+0000] {logging_mixin.py:190} INFO - [2026-04-26T10:05:08.568+0000] {dag.py:4180} INFO - Setting next_dagrun for data_pipeline to 2026-04-25 15:30:00+00:00, run_after=2026-04-26 15:30:00+00:00
[2026-04-26T10:05:08.588+0000] {processor.py:208} INFO - Processing /opt/airflow/dags/dag2.py took 0.213 seconds
[2026-04-26T10:05:38.975+0000] {processor.py:186} INFO - Started process (PID=989) to work on /opt/airflow/dags/dag2.py
[2026-04-26T10:05:38.978+0000] {processor.py:914} INFO - Processing file /opt/airflow/dags/dag2.py for tasks to queue
[2026-04-26T10:05:38.985+0000] {logging_mixin.py:190} INFO - [2026-04-26T10:05:38.984+0000] {dagbag.py:588} INFO - Filling up the DagBag from /opt/airflow/dags/dag2.py
[2026-04-26T10:05:39.017+0000] {processor.py:925} INFO - DAG(s) 'data_pipeline' retrieved from /opt/airflow/dags/dag2.py
[2026-04-26T10:05:39.060+0000] {logging_mixin.py:190} INFO - [2026-04-26T10:05:39.059+0000] {dag.py:3239} INFO - Sync 1 DAGs
[2026-04-26T10:05:39.088+0000] {logging_mixin.py:190} INFO - [2026-04-26T10:05:39.088+0000] {dag.py:4180} INFO - Setting next_dagrun for data_pipeline to 2026-04-25 15:30:00+00:00, run_after=2026-04-26 15:30:00+00:00
[2026-04-26T10:05:39.107+0000] {processor.py:208} INFO - Processing /opt/airflow/dags/dag2.py took 0.151 seconds
[2026-04-26T10:06:09.313+0000] {processor.py:186} INFO - Started process (PID=1005) to work on /opt/airflow/dags/dag2.py
[2026-04-26T10:06:09.315+0000] {processor.py:914} INFO - Processing file /opt/airflow/dags/dag2.py for tasks to queue
[2026-04-26T10:06:09.323+0000] {logging_mixin.py:190} INFO - [2026-04-26T10:06:09.322+0000] {dagbag.py:588} INFO - Filling up the DagBag from /opt/airflow/dags/dag2.py
[2026-04-26T10:06:09.359+0000] {processor.py:925} INFO - DAG(s) 'data_pipeline' retrieved from /opt/airflow/dags/dag2.py
[2026-04-26T10:06:09.437+0000] {logging_mixin.py:190} INFO - [2026-04-26T10:06:09.437+0000] {dag.py:3239} INFO - Sync 1 DAGs
[2026-04-26T10:06:09.529+0000] {logging_mixin.py:190} INFO - [2026-04-26T10:06:09.528+0000] {dag.py:4180} INFO - Setting next_dagrun for data_pipeline to 2026-04-25 15:30:00+00:00, run_after=2026-04-26 15:30:00+00:00
[2026-04-26T10:06:09.582+0000] {processor.py:208} INFO - Processing /opt/airflow/dags/dag2.py took 0.289 seconds
[2026-04-26T10:06:39.957+0000] {processor.py:186} INFO - Started process (PID=1021) to work on /opt/airflow/dags/dag2.py
[2026-04-26T10:06:39.961+0000] {processor.py:914} INFO - Processing file /opt/airflow/dags/dag2.py for tasks to queue
[2026-04-26T10:06:39.968+0000] {logging_mixin.py:190} INFO - [2026-04-26T10:06:39.967+0000] {dagbag.py:588} INFO - Filling up the DagBag from /opt/airflow/dags/dag2.py
[2026-04-26T10:06:40.004+0000] {processor.py:925} INFO - DAG(s) 'data_pipeline' retrieved from /opt/airflow/dags/dag2.py
[2026-04-26T10:06:40.072+0000] {logging_mixin.py:190} INFO - [2026-04-26T10:06:40.072+0000] {dag.py:3239} INFO - Sync 1 DAGs
[2026-04-26T10:06:40.107+0000] {logging_mixin.py:190} INFO - [2026-04-26T10:06:40.107+0000] {dag.py:4180} INFO - Setting next_dagrun for data_pipeline to 2026-04-25 15:30:00+00:00, run_after=2026-04-26 15:30:00+00:00
[2026-04-26T10:06:40.128+0000] {processor.py:208} INFO - Processing /opt/airflow/dags/dag2.py took 0.195 seconds
[2026-04-26T10:07:10.285+0000] {processor.py:186} INFO - Started process (PID=1037) to work on /opt/airflow/dags/dag2.py
[2026-04-26T10:07:10.287+0000] {processor.py:914} INFO - Processing file /opt/airflow/dags/dag2.py for tasks to queue
[2026-04-26T10:07:10.294+0000] {logging_mixin.py:190} INFO - [2026-04-26T10:07:10.293+0000] {dagbag.py:588} INFO - Filling up the DagBag from /opt/airflow/dags/dag2.py
[2026-04-26T10:07:10.329+0000] {processor.py:925} INFO - DAG(s) 'data_pipeline' retrieved from /opt/airflow/dags/dag2.py
[2026-04-26T10:07:10.383+0000] {logging_mixin.py:190} INFO - [2026-04-26T10:07:10.383+0000] {dag.py:3239} INFO - Sync 1 DAGs
[2026-04-26T10:07:10.432+0000] {logging_mixin.py:190} INFO - [2026-04-26T10:07:10.431+0000] {dag.py:4180} INFO - Setting next_dagrun for data_pipeline to 2026-04-25 15:30:00+00:00, run_after=2026-04-26 15:30:00+00:00
[2026-04-26T10:07:10.465+0000] {processor.py:208} INFO - Processing /opt/airflow/dags/dag2.py took 0.199 seconds
[2026-04-26T10:07:40.828+0000] {processor.py:186} INFO - Started process (PID=1053) to work on /opt/airflow/dags/dag2.py
[2026-04-26T10:07:40.831+0000] {processor.py:914} INFO - Processing file /opt/airflow/dags/dag2.py for tasks to queue
[2026-04-26T10:07:40.838+0000] {logging_mixin.py:190} INFO - [2026-04-26T10:07:40.836+0000] {dagbag.py:588} INFO - Filling up the DagBag from /opt/airflow/dags/dag2.py
[2026-04-26T10:07:40.874+0000] {processor.py:925} INFO - DAG(s) 'data_pipeline' retrieved from /opt/airflow/dags/dag2.py
[2026-04-26T10:07:40.935+0000] {logging_mixin.py:190} INFO - [2026-04-26T10:07:40.934+0000] {dag.py:3239} INFO - Sync 1 DAGs
[2026-04-26T10:07:40.971+0000] {logging_mixin.py:190} INFO - [2026-04-26T10:07:40.971+0000] {dag.py:4180} INFO - Setting next_dagrun for data_pipeline to 2026-04-25 15:30:00+00:00, run_after=2026-04-26 15:30:00+00:00
[2026-04-26T10:07:40.987+0000] {processor.py:208} INFO - Processing /opt/airflow/dags/dag2.py took 0.177 seconds
[2026-04-26T10:08:11.335+0000] {processor.py:186} INFO - Started process (PID=1069) to work on /opt/airflow/dags/dag2.py
[2026-04-26T10:08:11.338+0000] {processor.py:914} INFO - Processing file /opt/airflow/dags/dag2.py for tasks to queue
[2026-04-26T10:08:11.345+0000] {logging_mixin.py:190} INFO - [2026-04-26T10:08:11.343+0000] {dagbag.py:588} INFO - Filling up the DagBag from /opt/airflow/dags/dag2.py
[2026-04-26T10:08:11.385+0000] {processor.py:925} INFO - DAG(s) 'data_pipeline' retrieved from /opt/airflow/dags/dag2.py
[2026-04-26T10:08:11.464+0000] {logging_mixin.py:190} INFO - [2026-04-26T10:08:11.463+0000] {dag.py:3239} INFO - Sync 1 DAGs
[2026-04-26T10:08:11.521+0000] {logging_mixin.py:190} INFO - [2026-04-26T10:08:11.521+0000] {dag.py:4180} INFO - Setting next_dagrun for data_pipeline to 2026-04-25 15:30:00+00:00, run_after=2026-04-26 15:30:00+00:00
[2026-04-26T10:08:11.552+0000] {processor.py:208} INFO - Processing /opt/airflow/dags/dag2.py took 0.236 seconds
[2026-04-26T10:08:41.653+0000] {processor.py:186} INFO - Started process (PID=1085) to work on /opt/airflow/dags/dag2.py
[2026-04-26T10:08:41.655+0000] {processor.py:914} INFO - Processing file /opt/airflow/dags/dag2.py for tasks to queue
[2026-04-26T10:08:41.661+0000] {logging_mixin.py:190} INFO - [2026-04-26T10:08:41.660+0000] {dagbag.py:588} INFO - Filling up the DagBag from /opt/airflow/dags/dag2.py
[2026-04-26T10:08:41.691+0000] {processor.py:925} INFO - DAG(s) 'data_pipeline' retrieved from /opt/airflow/dags/dag2.py
[2026-04-26T10:08:41.726+0000] {logging_mixin.py:190} INFO - [2026-04-26T10:08:41.725+0000] {dag.py:3239} INFO - Sync 1 DAGs
[2026-04-26T10:08:41.753+0000] {logging_mixin.py:190} INFO - [2026-04-26T10:08:41.753+0000] {dag.py:4180} INFO - Setting next_dagrun for data_pipeline to 2026-04-25 15:30:00+00:00, run_after=2026-04-26 15:30:00+00:00
[2026-04-26T10:08:41.773+0000] {processor.py:208} INFO - Processing /opt/airflow/dags/dag2.py took 0.140 seconds
[2026-04-26T10:09:11.934+0000] {processor.py:186} INFO - Started process (PID=1101) to work on /opt/airflow/dags/dag2.py
[2026-04-26T10:09:11.937+0000] {processor.py:914} INFO - Processing file /opt/airflow/dags/dag2.py for tasks to queue
[2026-04-26T10:09:11.943+0000] {logging_mixin.py:190} INFO - [2026-04-26T10:09:11.942+0000] {dagbag.py:588} INFO - Filling up the DagBag from /opt/airflow/dags/dag2.py
[2026-04-26T10:09:11.986+0000] {processor.py:925} INFO - DAG(s) 'data_pipeline' retrieved from /opt/airflow/dags/dag2.py
[2026-04-26T10:09:12.071+0000] {logging_mixin.py:190} INFO - [2026-04-26T10:09:12.070+0000] {dag.py:3239} INFO - Sync 1 DAGs
[2026-04-26T10:09:12.165+0000] {logging_mixin.py:190} INFO - [2026-04-26T10:09:12.164+0000] {dag.py:4180} INFO - Setting next_dagrun for data_pipeline to 2026-04-25 15:30:00+00:00, run_after=2026-04-26 15:30:00+00:00
[2026-04-26T10:09:12.215+0000] {processor.py:208} INFO - Processing /opt/airflow/dags/dag2.py took 0.300 seconds
[2026-04-26T10:09:42.379+0000] {processor.py:186} INFO - Started process (PID=1117) to work on /opt/airflow/dags/dag2.py
[2026-04-26T10:09:42.382+0000] {processor.py:914} INFO - Processing file /opt/airflow/dags/dag2.py for tasks to queue
[2026-04-26T10:09:42.391+0000] {logging_mixin.py:190} INFO - [2026-04-26T10:09:42.390+0000] {dagbag.py:588} INFO - Filling up the DagBag from /opt/airflow/dags/dag2.py
[2026-04-26T10:09:42.427+0000] {processor.py:925} INFO - DAG(s) 'data_pipeline' retrieved from /opt/airflow/dags/dag2.py
[2026-04-26T10:09:42.506+0000] {logging_mixin.py:190} INFO - [2026-04-26T10:09:42.505+0000] {dag.py:3239} INFO - Sync 1 DAGs
[2026-04-26T10:09:42.565+0000] {logging_mixin.py:190} INFO - [2026-04-26T10:09:42.565+0000] {dag.py:4180} INFO - Setting next_dagrun for data_pipeline to 2026-04-25 15:30:00+00:00, run_after=2026-04-26 15:30:00+00:00
[2026-04-26T10:09:42.584+0000] {processor.py:208} INFO - Processing /opt/airflow/dags/dag2.py took 0.229 seconds
[2026-04-26T10:10:12.863+0000] {processor.py:186} INFO - Started process (PID=1133) to work on /opt/airflow/dags/dag2.py
[2026-04-26T10:10:12.865+0000] {processor.py:914} INFO - Processing file /opt/airflow/dags/dag2.py for tasks to queue
[2026-04-26T10:10:12.869+0000] {logging_mixin.py:190} INFO - [2026-04-26T10:10:12.869+0000] {dagbag.py:588} INFO - Filling up the DagBag from /opt/airflow/dags/dag2.py
[2026-04-26T10:10:12.890+0000] {processor.py:925} INFO - DAG(s) 'data_pipeline' retrieved from /opt/airflow/dags/dag2.py
[2026-04-26T10:10:12.934+0000] {logging_mixin.py:190} INFO - [2026-04-26T10:10:12.934+0000] {dag.py:3239} INFO - Sync 1 DAGs
[2026-04-26T10:10:12.982+0000] {logging_mixin.py:190} INFO - [2026-04-26T10:10:12.981+0000] {dag.py:4180} INFO - Setting next_dagrun for data_pipeline to 2026-04-25 15:30:00+00:00, run_after=2026-04-26 15:30:00+00:00
[2026-04-26T10:10:13.011+0000] {processor.py:208} INFO - Processing /opt/airflow/dags/dag2.py took 0.159 seconds
[2026-04-26T10:10:43.225+0000] {processor.py:186} INFO - Started process (PID=1149) to work on /opt/airflow/dags/dag2.py
[2026-04-26T10:10:43.228+0000] {processor.py:914} INFO - Processing file /opt/airflow/dags/dag2.py for tasks to queue
[2026-04-26T10:10:43.234+0000] {logging_mixin.py:190} INFO - [2026-04-26T10:10:43.233+0000] {dagbag.py:588} INFO - Filling up the DagBag from /opt/airflow/dags/dag2.py
[2026-04-26T10:10:43.268+0000] {processor.py:925} INFO - DAG(s) 'data_pipeline' retrieved from /opt/airflow/dags/dag2.py
[2026-04-26T10:10:43.341+0000] {logging_mixin.py:190} INFO - [2026-04-26T10:10:43.340+0000] {dag.py:3239} INFO - Sync 1 DAGs
[2026-04-26T10:10:43.380+0000] {logging_mixin.py:190} INFO - [2026-04-26T10:10:43.379+0000] {dag.py:4180} INFO - Setting next_dagrun for data_pipeline to 2026-04-25 15:30:00+00:00, run_after=2026-04-26 15:30:00+00:00
[2026-04-26T10:10:43.401+0000] {processor.py:208} INFO - Processing /opt/airflow/dags/dag2.py took 0.195 seconds
[2026-04-26T10:11:13.670+0000] {processor.py:186} INFO - Started process (PID=1165) to work on /opt/airflow/dags/dag2.py
[2026-04-26T10:11:13.673+0000] {processor.py:914} INFO - Processing file /opt/airflow/dags/dag2.py for tasks to queue
[2026-04-26T10:11:13.679+0000] {logging_mixin.py:190} INFO - [2026-04-26T10:11:13.678+0000] {dagbag.py:588} INFO - Filling up the DagBag from /opt/airflow/dags/dag2.py
[2026-04-26T10:11:13.716+0000] {processor.py:925} INFO - DAG(s) 'data_pipeline' retrieved from /opt/airflow/dags/dag2.py
[2026-04-26T10:11:13.778+0000] {logging_mixin.py:190} INFO - [2026-04-26T10:11:13.778+0000] {dag.py:3239} INFO - Sync 1 DAGs
[2026-04-26T10:11:13.812+0000] {logging_mixin.py:190} INFO - [2026-04-26T10:11:13.812+0000] {dag.py:4180} INFO - Setting next_dagrun for data_pipeline to 2026-04-25 15:30:00+00:00, run_after=2026-04-26 15:30:00+00:00
[2026-04-26T10:11:13.830+0000] {processor.py:208} INFO - Processing /opt/airflow/dags/dag2.py took 0.180 seconds
[2026-04-26T10:11:44.028+0000] {processor.py:186} INFO - Started process (PID=1181) to work on /opt/airflow/dags/dag2.py
[2026-04-26T10:11:44.030+0000] {processor.py:914} INFO - Processing file /opt/airflow/dags/dag2.py for tasks to queue
[2026-04-26T10:11:44.037+0000] {logging_mixin.py:190} INFO - [2026-04-26T10:11:44.036+0000] {dagbag.py:588} INFO - Filling up the DagBag from /opt/airflow/dags/dag2.py
[2026-04-26T10:11:44.077+0000] {processor.py:925} INFO - DAG(s) 'data_pipeline' retrieved from /opt/airflow/dags/dag2.py
[2026-04-26T10:11:44.162+0000] {logging_mixin.py:190} INFO - [2026-04-26T10:11:44.161+0000] {dag.py:3239} INFO - Sync 1 DAGs
[2026-04-26T10:11:44.248+0000] {logging_mixin.py:190} INFO - [2026-04-26T10:11:44.248+0000] {dag.py:4180} INFO - Setting next_dagrun for data_pipeline to 2026-04-25 15:30:00+00:00, run_after=2026-04-26 15:30:00+00:00
[2026-04-26T10:11:44.286+0000] {processor.py:208} INFO - Processing /opt/airflow/dags/dag2.py took 0.283 seconds
[2026-04-26T10:12:14.644+0000] {processor.py:186} INFO - Started process (PID=1197) to work on /opt/airflow/dags/dag2.py
[2026-04-26T10:12:14.647+0000] {processor.py:914} INFO - Processing file /opt/airflow/dags/dag2.py for tasks to queue
[2026-04-26T10:12:14.657+0000] {logging_mixin.py:190} INFO - [2026-04-26T10:12:14.655+0000] {dagbag.py:588} INFO - Filling up the DagBag from /opt/airflow/dags/dag2.py
[2026-04-26T10:12:14.695+0000] {processor.py:925} INFO - DAG(s) 'data_pipeline' retrieved from /opt/airflow/dags/dag2.py
[2026-04-26T10:12:14.763+0000] {logging_mixin.py:190} INFO - [2026-04-26T10:12:14.763+0000] {dag.py:3239} INFO - Sync 1 DAGs
[2026-04-26T10:12:14.799+0000] {logging_mixin.py:190} INFO - [2026-04-26T10:12:14.798+0000] {dag.py:4180} INFO - Setting next_dagrun for data_pipeline to 2026-04-25 15:30:00+00:00, run_after=2026-04-26 15:30:00+00:00
[2026-04-26T10:12:14.824+0000] {processor.py:208} INFO - Processing /opt/airflow/dags/dag2.py took 0.205 seconds
[2026-04-26T10:12:44.961+0000] {processor.py:186} INFO - Started process (PID=1213) to work on /opt/airflow/dags/dag2.py
[2026-04-26T10:12:44.964+0000] {processor.py:914} INFO - Processing file /opt/airflow/dags/dag2.py for tasks to queue
[2026-04-26T10:12:44.970+0000] {logging_mixin.py:190} INFO - [2026-04-26T10:12:44.969+0000] {dagbag.py:588} INFO - Filling up the DagBag from /opt/airflow/dags/dag2.py
[2026-04-26T10:12:45.006+0000] {processor.py:925} INFO - DAG(s) 'data_pipeline' retrieved from /opt/airflow/dags/dag2.py
[2026-04-26T10:12:45.091+0000] {logging_mixin.py:190} INFO - [2026-04-26T10:12:45.090+0000] {dag.py:3239} INFO - Sync 1 DAGs
[2026-04-26T10:12:45.137+0000] {logging_mixin.py:190} INFO - [2026-04-26T10:12:45.136+0000] {dag.py:4180} INFO - Setting next_dagrun for data_pipeline to 2026-04-25 15:30:00+00:00, run_after=2026-04-26 15:30:00+00:00
[2026-04-26T10:12:45.164+0000] {processor.py:208} INFO - Processing /opt/airflow/dags/dag2.py took 0.222 seconds
[2026-04-26T10:13:15.534+0000] {processor.py:186} INFO - Started process (PID=1230) to work on /opt/airflow/dags/dag2.py
[2026-04-26T10:13:15.537+0000] {processor.py:914} INFO - Processing file /opt/airflow/dags/dag2.py for tasks to queue
[2026-04-26T10:13:15.545+0000] {logging_mixin.py:190} INFO - [2026-04-26T10:13:15.544+0000] {dagbag.py:588} INFO - Filling up the DagBag from /opt/airflow/dags/dag2.py
[2026-04-26T10:13:15.583+0000] {processor.py:925} INFO - DAG(s) 'data_pipeline' retrieved from /opt/airflow/dags/dag2.py
[2026-04-26T10:13:15.687+0000] {logging_mixin.py:190} INFO - [2026-04-26T10:13:15.686+0000] {dag.py:3239} INFO - Sync 1 DAGs
[2026-04-26T10:13:15.766+0000] {logging_mixin.py:190} INFO - [2026-04-26T10:13:15.766+0000] {dag.py:4180} INFO - Setting next_dagrun for data_pipeline to 2026-04-25 15:30:00+00:00, run_after=2026-04-26 15:30:00+00:00
[2026-04-26T10:13:15.791+0000] {processor.py:208} INFO - Processing /opt/airflow/dags/dag2.py took 0.284 seconds
[2026-04-26T10:13:46.122+0000] {processor.py:186} INFO - Started process (PID=1246) to work on /opt/airflow/dags/dag2.py
[2026-04-26T10:13:46.125+0000] {processor.py:914} INFO - Processing file /opt/airflow/dags/dag2.py for tasks to queue
[2026-04-26T10:13:46.132+0000] {logging_mixin.py:190} INFO - [2026-04-26T10:13:46.132+0000] {dagbag.py:588} INFO - Filling up the DagBag from /opt/airflow/dags/dag2.py
[2026-04-26T10:13:46.168+0000] {processor.py:925} INFO - DAG(s) 'data_pipeline' retrieved from /opt/airflow/dags/dag2.py
[2026-04-26T10:13:46.206+0000] {logging_mixin.py:190} INFO - [2026-04-26T10:13:46.206+0000] {dag.py:3239} INFO - Sync 1 DAGs
[2026-04-26T10:13:46.247+0000] {logging_mixin.py:190} INFO - [2026-04-26T10:13:46.247+0000] {dag.py:4180} INFO - Setting next_dagrun for data_pipeline to 2026-04-25 15:30:00+00:00, run_after=2026-04-26 15:30:00+00:00
[2026-04-26T10:13:46.274+0000] {processor.py:208} INFO - Processing /opt/airflow/dags/dag2.py took 0.174 seconds
[2026-04-26T10:14:16.463+0000] {processor.py:186} INFO - Started process (PID=1262) to work on /opt/airflow/dags/dag2.py
[2026-04-26T10:14:16.466+0000] {processor.py:914} INFO - Processing file /opt/airflow/dags/dag2.py for tasks to queue
[2026-04-26T10:14:16.474+0000] {logging_mixin.py:190} INFO - [2026-04-26T10:14:16.472+0000] {dagbag.py:588} INFO - Filling up the DagBag from /opt/airflow/dags/dag2.py
[2026-04-26T10:14:16.517+0000] {processor.py:925} INFO - DAG(s) 'data_pipeline' retrieved from /opt/airflow/dags/dag2.py
[2026-04-26T10:14:16.600+0000] {logging_mixin.py:190} INFO - [2026-04-26T10:14:16.599+0000] {dag.py:3239} INFO - Sync 1 DAGs
[2026-04-26T10:14:16.630+0000] {logging_mixin.py:190} INFO - [2026-04-26T10:14:16.630+0000] {dag.py:4180} INFO - Setting next_dagrun for data_pipeline to 2026-04-25 15:30:00+00:00, run_after=2026-04-26 15:30:00+00:00
[2026-04-26T10:14:16.647+0000] {processor.py:208} INFO - Processing /opt/airflow/dags/dag2.py took 0.205 seconds
[2026-04-26T10:14:46.966+0000] {processor.py:186} INFO - Started process (PID=1278) to work on /opt/airflow/dags/dag2.py
[2026-04-26T10:14:46.968+0000] {processor.py:914} INFO - Processing file /opt/airflow/dags/dag2.py for tasks to queue
[2026-04-26T10:14:46.974+0000] {logging_mixin.py:190} INFO - [2026-04-26T10:14:46.973+0000] {dagbag.py:588} INFO - Filling up the DagBag from /opt/airflow/dags/dag2.py
[2026-04-26T10:14:47.010+0000] {processor.py:925} INFO - DAG(s) 'data_pipeline' retrieved from /opt/airflow/dags/dag2.py
[2026-04-26T10:14:47.047+0000] {logging_mixin.py:190} INFO - [2026-04-26T10:14:47.046+0000] {dag.py:3239} INFO - Sync 1 DAGs
[2026-04-26T10:14:47.073+0000] {logging_mixin.py:190} INFO - [2026-04-26T10:14:47.073+0000] {dag.py:4180} INFO - Setting next_dagrun for data_pipeline to 2026-04-25 15:30:00+00:00, run_after=2026-04-26 15:30:00+00:00
[2026-04-26T10:14:47.094+0000] {processor.py:208} INFO - Processing /opt/airflow/dags/dag2.py took 0.150 seconds
[2026-04-26T10:15:17.316+0000] {processor.py:186} INFO - Started process (PID=1294) to work on /opt/airflow/dags/dag2.py
[2026-04-26T10:15:17.319+0000] {processor.py:914} INFO - Processing file /opt/airflow/dags/dag2.py for tasks to queue
[2026-04-26T10:15:17.325+0000] {logging_mixin.py:190} INFO - [2026-04-26T10:15:17.324+0000] {dagbag.py:588} INFO - Filling up the DagBag from /opt/airflow/dags/dag2.py
[2026-04-26T10:15:17.367+0000] {processor.py:925} INFO - DAG(s) 'data_pipeline' retrieved from /opt/airflow/dags/dag2.py
[2026-04-26T10:15:17.416+0000] {logging_mixin.py:190} INFO - [2026-04-26T10:15:17.416+0000] {dag.py:3239} INFO - Sync 1 DAGs
[2026-04-26T10:15:17.443+0000] {logging_mixin.py:190} INFO - [2026-04-26T10:15:17.443+0000] {dag.py:4180} INFO - Setting next_dagrun for data_pipeline to 2026-04-25 15:30:00+00:00, run_after=2026-04-26 15:30:00+00:00
[2026-04-26T10:15:17.465+0000] {processor.py:208} INFO - Processing /opt/airflow/dags/dag2.py took 0.169 seconds
[2026-04-26T10:15:47.702+0000] {processor.py:186} INFO - Started process (PID=1310) to work on /opt/airflow/dags/dag2.py
[2026-04-26T10:15:47.704+0000] {processor.py:914} INFO - Processing file /opt/airflow/dags/dag2.py for tasks to queue
[2026-04-26T10:15:47.711+0000] {logging_mixin.py:190} INFO - [2026-04-26T10:15:47.710+0000] {dagbag.py:588} INFO - Filling up the DagBag from /opt/airflow/dags/dag2.py
[2026-04-26T10:15:47.756+0000] {processor.py:925} INFO - DAG(s) 'data_pipeline' retrieved from /opt/airflow/dags/dag2.py
[2026-04-26T10:15:47.830+0000] {logging_mixin.py:190} INFO - [2026-04-26T10:15:47.830+0000] {dag.py:3239} INFO - Sync 1 DAGs
[2026-04-26T10:15:47.866+0000] {logging_mixin.py:190} INFO - [2026-04-26T10:15:47.866+0000] {dag.py:4180} INFO - Setting next_dagrun for data_pipeline to 2026-04-25 15:30:00+00:00, run_after=2026-04-26 15:30:00+00:00
[2026-04-26T10:15:47.886+0000] {processor.py:208} INFO - Processing /opt/airflow/dags/dag2.py took 0.203 seconds
[2026-04-26T10:16:18.236+0000] {processor.py:186} INFO - Started process (PID=1326) to work on /opt/airflow/dags/dag2.py
[2026-04-26T10:16:18.238+0000] {processor.py:914} INFO - Processing file /opt/airflow/dags/dag2.py for tasks to queue
[2026-04-26T10:16:18.244+0000] {logging_mixin.py:190} INFO - [2026-04-26T10:16:18.243+0000] {dagbag.py:588} INFO - Filling up the DagBag from /opt/airflow/dags/dag2.py
[2026-04-26T10:16:18.281+0000] {processor.py:925} INFO - DAG(s) 'data_pipeline' retrieved from /opt/airflow/dags/dag2.py
[2026-04-26T10:16:18.323+0000] {logging_mixin.py:190} INFO - [2026-04-26T10:16:18.322+0000] {dag.py:3239} INFO - Sync 1 DAGs
[2026-04-26T10:16:18.346+0000] {logging_mixin.py:190} INFO - [2026-04-26T10:16:18.346+0000] {dag.py:4180} INFO - Setting next_dagrun for data_pipeline to 2026-04-25 15:30:00+00:00, run_after=2026-04-26 15:30:00+00:00
[2026-04-26T10:16:18.366+0000] {processor.py:208} INFO - Processing /opt/airflow/dags/dag2.py took 0.150 seconds
[2026-04-26T10:16:48.565+0000] {processor.py:186} INFO - Started process (PID=1342) to work on /opt/airflow/dags/dag2.py
[2026-04-26T10:16:48.567+0000] {processor.py:914} INFO - Processing file /opt/airflow/dags/dag2.py for tasks to queue
[2026-04-26T10:16:48.575+0000] {logging_mixin.py:190} INFO - [2026-04-26T10:16:48.574+0000] {dagbag.py:588} INFO - Filling up the DagBag from /opt/airflow/dags/dag2.py
[2026-04-26T10:16:48.617+0000] {processor.py:925} INFO - DAG(s) 'data_pipeline' retrieved from /opt/airflow/dags/dag2.py
[2026-04-26T10:16:48.673+0000] {logging_mixin.py:190} INFO - [2026-04-26T10:16:48.672+0000] {dag.py:3239} INFO - Sync 1 DAGs
[2026-04-26T10:16:48.714+0000] {logging_mixin.py:190} INFO - [2026-04-26T10:16:48.713+0000] {dag.py:4180} INFO - Setting next_dagrun for data_pipeline to 2026-04-25 15:30:00+00:00, run_after=2026-04-26 15:30:00+00:00
[2026-04-26T10:16:48.733+0000] {processor.py:208} INFO - Processing /opt/airflow/dags/dag2.py took 0.188 seconds
[2026-04-26T10:17:19.089+0000] {processor.py:186} INFO - Started process (PID=1358) to work on /opt/airflow/dags/dag2.py
[2026-04-26T10:17:19.090+0000] {processor.py:914} INFO - Processing file /opt/airflow/dags/dag2.py for tasks to queue
[2026-04-26T10:17:19.097+0000] {logging_mixin.py:190} INFO - [2026-04-26T10:17:19.096+0000] {dagbag.py:588} INFO - Filling up the DagBag from /opt/airflow/dags/dag2.py
[2026-04-26T10:17:19.128+0000] {processor.py:925} INFO - DAG(s) 'data_pipeline' retrieved from /opt/airflow/dags/dag2.py
[2026-04-26T10:17:19.194+0000] {logging_mixin.py:190} INFO - [2026-04-26T10:17:19.193+0000] {dag.py:3239} INFO - Sync 1 DAGs
[2026-04-26T10:17:19.280+0000] {logging_mixin.py:190} INFO - [2026-04-26T10:17:19.279+0000] {dag.py:4180} INFO - Setting next_dagrun for data_pipeline to 2026-04-25 15:30:00+00:00, run_after=2026-04-26 15:30:00+00:00
[2026-04-26T10:17:19.317+0000] {processor.py:208} INFO - Processing /opt/airflow/dags/dag2.py took 0.250 seconds
[2026-04-26T10:17:49.684+0000] {processor.py:186} INFO - Started process (PID=1374) to work on /opt/airflow/dags/dag2.py
[2026-04-26T10:17:49.686+0000] {processor.py:914} INFO - Processing file /opt/airflow/dags/dag2.py for tasks to queue
[2026-04-26T10:17:49.695+0000] {logging_mixin.py:190} INFO - [2026-04-26T10:17:49.694+0000] {dagbag.py:588} INFO - Filling up the DagBag from /opt/airflow/dags/dag2.py
[2026-04-26T10:17:49.731+0000] {processor.py:925} INFO - DAG(s) 'data_pipeline' retrieved from /opt/airflow/dags/dag2.py
[2026-04-26T10:17:49.805+0000] {logging_mixin.py:190} INFO - [2026-04-26T10:17:49.804+0000] {dag.py:3239} INFO - Sync 1 DAGs
[2026-04-26T10:17:49.858+0000] {logging_mixin.py:190} INFO - [2026-04-26T10:17:49.857+0000] {dag.py:4180} INFO - Setting next_dagrun for data_pipeline to 2026-04-25 15:30:00+00:00, run_after=2026-04-26 15:30:00+00:00
[2026-04-26T10:17:49.887+0000] {processor.py:208} INFO - Processing /opt/airflow/dags/dag2.py took 0.221 seconds
[2026-04-26T10:18:20.254+0000] {processor.py:186} INFO - Started process (PID=1390) to work on /opt/airflow/dags/dag2.py
[2026-04-26T10:18:20.257+0000] {processor.py:914} INFO - Processing file /opt/airflow/dags/dag2.py for tasks to queue
[2026-04-26T10:18:20.266+0000] {logging_mixin.py:190} INFO - [2026-04-26T10:18:20.265+0000] {dagbag.py:588} INFO - Filling up the DagBag from /opt/airflow/dags/dag2.py
[2026-04-26T10:18:20.301+0000] {processor.py:925} INFO - DAG(s) 'data_pipeline' retrieved from /opt/airflow/dags/dag2.py
[2026-04-26T10:18:20.371+0000] {logging_mixin.py:190} INFO - [2026-04-26T10:18:20.370+0000] {dag.py:3239} INFO - Sync 1 DAGs
[2026-04-26T10:18:20.407+0000] {logging_mixin.py:190} INFO - [2026-04-26T10:18:20.407+0000] {dag.py:4180} INFO - Setting next_dagrun for data_pipeline to 2026-04-25 15:30:00+00:00, run_after=2026-04-26 15:30:00+00:00
[2026-04-26T10:18:20.428+0000] {processor.py:208} INFO - Processing /opt/airflow/dags/dag2.py took 0.199 seconds
[2026-04-26T10:18:50.569+0000] {processor.py:186} INFO - Started process (PID=1406) to work on /opt/airflow/dags/dag2.py
[2026-04-26T10:18:50.571+0000] {processor.py:914} INFO - Processing file /opt/airflow/dags/dag2.py for tasks to queue
[2026-04-26T10:18:50.577+0000] {logging_mixin.py:190} INFO - [2026-04-26T10:18:50.576+0000] {dagbag.py:588} INFO - Filling up the DagBag from /opt/airflow/dags/dag2.py
[2026-04-26T10:18:50.615+0000] {processor.py:925} INFO - DAG(s) 'data_pipeline' retrieved from /opt/airflow/dags/dag2.py
[2026-04-26T10:18:50.690+0000] {logging_mixin.py:190} INFO - [2026-04-26T10:18:50.689+0000] {dag.py:3239} INFO - Sync 1 DAGs
[2026-04-26T10:18:50.736+0000] {logging_mixin.py:190} INFO - [2026-04-26T10:18:50.736+0000] {dag.py:4180} INFO - Setting next_dagrun for data_pipeline to 2026-04-25 15:30:00+00:00, run_after=2026-04-26 15:30:00+00:00
[2026-04-26T10:18:50.766+0000] {processor.py:208} INFO - Processing /opt/airflow/dags/dag2.py took 0.216 seconds
[2026-04-26T10:19:21.111+0000] {processor.py:186} INFO - Started process (PID=1422) to work on /opt/airflow/dags/dag2.py
[2026-04-26T10:19:21.114+0000] {processor.py:914} INFO - Processing file /opt/airflow/dags/dag2.py for tasks to queue
[2026-04-26T10:19:21.120+0000] {logging_mixin.py:190} INFO - [2026-04-26T10:19:21.119+0000] {dagbag.py:588} INFO - Filling up the DagBag from /opt/airflow/dags/dag2.py
[2026-04-26T10:19:21.156+0000] {processor.py:925} INFO - DAG(s) 'data_pipeline' retrieved from /opt/airflow/dags/dag2.py
[2026-04-26T10:19:21.207+0000] {logging_mixin.py:190} INFO - [2026-04-26T10:19:21.206+0000] {dag.py:3239} INFO - Sync 1 DAGs
[2026-04-26T10:19:21.241+0000] {logging_mixin.py:190} INFO - [2026-04-26T10:19:21.240+0000] {dag.py:4180} INFO - Setting next_dagrun for data_pipeline to 2026-04-25 15:30:00+00:00, run_after=2026-04-26 15:30:00+00:00
[2026-04-26T10:19:21.259+0000] {processor.py:208} INFO - Processing /opt/airflow/dags/dag2.py took 0.164 seconds
[2026-04-26T10:19:51.617+0000] {processor.py:186} INFO - Started process (PID=1438) to work on /opt/airflow/dags/dag2.py
[2026-04-26T10:19:51.619+0000] {processor.py:914} INFO - Processing file /opt/airflow/dags/dag2.py for tasks to queue
[2026-04-26T10:19:51.624+0000] {logging_mixin.py:190} INFO - [2026-04-26T10:19:51.623+0000] {dagbag.py:588} INFO - Filling up the DagBag from /opt/airflow/dags/dag2.py
[2026-04-26T10:19:51.660+0000] {processor.py:925} INFO - DAG(s) 'data_pipeline' retrieved from /opt/airflow/dags/dag2.py
[2026-04-26T10:19:51.711+0000] {logging_mixin.py:190} INFO - [2026-04-26T10:19:51.710+0000] {dag.py:3239} INFO - Sync 1 DAGs
[2026-04-26T10:19:51.771+0000] {logging_mixin.py:190} INFO - [2026-04-26T10:19:51.770+0000] {dag.py:4180} INFO - Setting next_dagrun for data_pipeline to 2026-04-25 15:30:00+00:00, run_after=2026-04-26 15:30:00+00:00
[2026-04-26T10:19:51.806+0000] {processor.py:208} INFO - Processing /opt/airflow/dags/dag2.py took 0.207 seconds
[2026-04-26T10:20:22.175+0000] {processor.py:186} INFO - Started process (PID=1454) to work on /opt/airflow/dags/dag2.py
[2026-04-26T10:20:22.178+0000] {processor.py:914} INFO - Processing file /opt/airflow/dags/dag2.py for tasks to queue
[2026-04-26T10:20:22.189+0000] {logging_mixin.py:190} INFO - [2026-04-26T10:20:22.188+0000] {dagbag.py:588} INFO - Filling up the DagBag from /opt/airflow/dags/dag2.py
[2026-04-26T10:20:22.225+0000] {processor.py:925} INFO - DAG(s) 'data_pipeline' retrieved from /opt/airflow/dags/dag2.py
[2026-04-26T10:20:22.296+0000] {logging_mixin.py:190} INFO - [2026-04-26T10:20:22.295+0000] {dag.py:3239} INFO - Sync 1 DAGs
[2026-04-26T10:20:22.358+0000] {logging_mixin.py:190} INFO - [2026-04-26T10:20:22.357+0000] {dag.py:4180} INFO - Setting next_dagrun for data_pipeline to 2026-04-25 15:30:00+00:00, run_after=2026-04-26 15:30:00+00:00
[2026-04-26T10:20:22.393+0000] {processor.py:208} INFO - Processing /opt/airflow/dags/dag2.py took 0.240 seconds
[2026-04-26T10:20:52.762+0000] {processor.py:186} INFO - Started process (PID=1470) to work on /opt/airflow/dags/dag2.py
[2026-04-26T10:20:52.764+0000] {processor.py:914} INFO - Processing file /opt/airflow/dags/dag2.py for tasks to queue
[2026-04-26T10:20:52.771+0000] {logging_mixin.py:190} INFO - [2026-04-26T10:20:52.770+0000] {dagbag.py:588} INFO - Filling up the DagBag from /opt/airflow/dags/dag2.py
[2026-04-26T10:20:52.807+0000] {processor.py:925} INFO - DAG(s) 'data_pipeline' retrieved from /opt/airflow/dags/dag2.py
[2026-04-26T10:20:52.884+0000] {logging_mixin.py:190} INFO - [2026-04-26T10:20:52.883+0000] {dag.py:3239} INFO - Sync 1 DAGs
[2026-04-26T10:20:52.976+0000] {logging_mixin.py:190} INFO - [2026-04-26T10:20:52.975+0000] {dag.py:4180} INFO - Setting next_dagrun for data_pipeline to 2026-04-25 15:30:00+00:00, run_after=2026-04-26 15:30:00+00:00
[2026-04-26T10:20:53.013+0000] {processor.py:208} INFO - Processing /opt/airflow/dags/dag2.py took 0.272 seconds
[2026-04-26T10:21:23.366+0000] {processor.py:186} INFO - Started process (PID=1486) to work on /opt/airflow/dags/dag2.py
[2026-04-26T10:21:23.369+0000] {processor.py:914} INFO - Processing file /opt/airflow/dags/dag2.py for tasks to queue
[2026-04-26T10:21:23.375+0000] {logging_mixin.py:190} INFO - [2026-04-26T10:21:23.374+0000] {dagbag.py:588} INFO - Filling up the DagBag from /opt/airflow/dags/dag2.py
[2026-04-26T10:21:23.411+0000] {processor.py:925} INFO - DAG(s) 'data_pipeline' retrieved from /opt/airflow/dags/dag2.py
[2026-04-26T10:21:23.484+0000] {logging_mixin.py:190} INFO - [2026-04-26T10:21:23.484+0000] {dag.py:3239} INFO - Sync 1 DAGs
[2026-04-26T10:21:23.531+0000] {logging_mixin.py:190} INFO - [2026-04-26T10:21:23.531+0000] {dag.py:4180} INFO - Setting next_dagrun for data_pipeline to 2026-04-25 15:30:00+00:00, run_after=2026-04-26 15:30:00+00:00
[2026-04-26T10:21:23.565+0000] {processor.py:208} INFO - Processing /opt/airflow/dags/dag2.py took 0.217 seconds
[2026-04-26T10:21:53.679+0000] {processor.py:186} INFO - Started process (PID=1502) to work on /opt/airflow/dags/dag2.py
[2026-04-26T10:21:53.681+0000] {processor.py:914} INFO - Processing file /opt/airflow/dags/dag2.py for tasks to queue
[2026-04-26T10:21:53.688+0000] {logging_mixin.py:190} INFO - [2026-04-26T10:21:53.687+0000] {dagbag.py:588} INFO - Filling up the DagBag from /opt/airflow/dags/dag2.py
[2026-04-26T10:21:53.726+0000] {processor.py:925} INFO - DAG(s) 'data_pipeline' retrieved from /opt/airflow/dags/dag2.py
[2026-04-26T10:21:53.795+0000] {logging_mixin.py:190} INFO - [2026-04-26T10:21:53.794+0000] {dag.py:3239} INFO - Sync 1 DAGs
[2026-04-26T10:21:53.847+0000] {logging_mixin.py:190} INFO - [2026-04-26T10:21:53.847+0000] {dag.py:4180} INFO - Setting next_dagrun for data_pipeline to 2026-04-25 15:30:00+00:00, run_after=2026-04-26 15:30:00+00:00
[2026-04-26T10:21:53.868+0000] {processor.py:208} INFO - Processing /opt/airflow/dags/dag2.py took 0.207 seconds
[2026-04-26T10:22:24.186+0000] {processor.py:186} INFO - Started process (PID=1518) to work on /opt/airflow/dags/dag2.py
[2026-04-26T10:22:24.189+0000] {processor.py:914} INFO - Processing file /opt/airflow/dags/dag2.py for tasks to queue
[2026-04-26T10:22:24.195+0000] {logging_mixin.py:190} INFO - [2026-04-26T10:22:24.194+0000] {dagbag.py:588} INFO - Filling up the DagBag from /opt/airflow/dags/dag2.py
[2026-04-26T10:22:24.228+0000] {processor.py:925} INFO - DAG(s) 'data_pipeline' retrieved from /opt/airflow/dags/dag2.py
[2026-04-26T10:22:24.297+0000] {logging_mixin.py:190} INFO - [2026-04-26T10:22:24.297+0000] {dag.py:3239} INFO - Sync 1 DAGs
[2026-04-26T10:22:24.336+0000] {logging_mixin.py:190} INFO - [2026-04-26T10:22:24.336+0000] {dag.py:4180} INFO - Setting next_dagrun for data_pipeline to 2026-04-25 15:30:00+00:00, run_after=2026-04-26 15:30:00+00:00
[2026-04-26T10:22:24.359+0000] {processor.py:208} INFO - Processing /opt/airflow/dags/dag2.py took 0.194 seconds
[2026-04-26T10:22:54.515+0000] {processor.py:186} INFO - Started process (PID=1534) to work on /opt/airflow/dags/dag2.py
[2026-04-26T10:22:54.518+0000] {processor.py:914} INFO - Processing file /opt/airflow/dags/dag2.py for tasks to queue
[2026-04-26T10:22:54.523+0000] {logging_mixin.py:190} INFO - [2026-04-26T10:22:54.523+0000] {dagbag.py:588} INFO - Filling up the DagBag from /opt/airflow/dags/dag2.py
[2026-04-26T10:22:54.571+0000] {processor.py:925} INFO - DAG(s) 'data_pipeline' retrieved from /opt/airflow/dags/dag2.py
[2026-04-26T10:22:54.660+0000] {logging_mixin.py:190} INFO - [2026-04-26T10:22:54.659+0000] {dag.py:3239} INFO - Sync 1 DAGs
[2026-04-26T10:22:54.769+0000] {logging_mixin.py:190} INFO - [2026-04-26T10:22:54.768+0000] {dag.py:4180} INFO - Setting next_dagrun for data_pipeline to 2026-04-25 15:30:00+00:00, run_after=2026-04-26 15:30:00+00:00
[2026-04-26T10:22:54.836+0000] {processor.py:208} INFO - Processing /opt/airflow/dags/dag2.py took 0.341 seconds
[2026-04-26T10:23:24.977+0000] {processor.py:186} INFO - Started process (PID=1550) to work on /opt/airflow/dags/dag2.py
[2026-04-26T10:23:24.979+0000] {processor.py:914} INFO - Processing file /opt/airflow/dags/dag2.py for tasks to queue
[2026-04-26T10:23:24.986+0000] {logging_mixin.py:190} INFO - [2026-04-26T10:23:24.985+0000] {dagbag.py:588} INFO - Filling up the DagBag from /opt/airflow/dags/dag2.py
[2026-04-26T10:23:25.023+0000] {processor.py:925} INFO - DAG(s) 'data_pipeline' retrieved from /opt/airflow/dags/dag2.py
[2026-04-26T10:23:25.095+0000] {logging_mixin.py:190} INFO - [2026-04-26T10:23:25.095+0000] {dag.py:3239} INFO - Sync 1 DAGs
[2026-04-26T10:23:25.135+0000] {logging_mixin.py:190} INFO - [2026-04-26T10:23:25.135+0000] {dag.py:4180} INFO - Setting next_dagrun for data_pipeline to 2026-04-25 15:30:00+00:00, run_after=2026-04-26 15:30:00+00:00
[2026-04-26T10:23:25.157+0000] {processor.py:208} INFO - Processing /opt/airflow/dags/dag2.py took 0.198 seconds
[2026-04-26T10:23:55.488+0000] {processor.py:186} INFO - Started process (PID=1566) to work on /opt/airflow/dags/dag2.py
[2026-04-26T10:23:55.491+0000] {processor.py:914} INFO - Processing file /opt/airflow/dags/dag2.py for tasks to queue
[2026-04-26T10:23:55.501+0000] {logging_mixin.py:190} INFO - [2026-04-26T10:23:55.499+0000] {dagbag.py:588} INFO - Filling up the DagBag from /opt/airflow/dags/dag2.py
[2026-04-26T10:23:55.550+0000] {processor.py:925} INFO - DAG(s) 'data_pipeline' retrieved from /opt/airflow/dags/dag2.py
[2026-04-26T10:23:55.593+0000] {logging_mixin.py:190} INFO - [2026-04-26T10:23:55.593+0000] {dag.py:3239} INFO - Sync 1 DAGs
[2026-04-26T10:23:55.633+0000] {logging_mixin.py:190} INFO - [2026-04-26T10:23:55.632+0000] {dag.py:4180} INFO - Setting next_dagrun for data_pipeline to 2026-04-25 15:30:00+00:00, run_after=2026-04-26 15:30:00+00:00
[2026-04-26T10:23:55.656+0000] {processor.py:208} INFO - Processing /opt/airflow/dags/dag2.py took 0.197 seconds
[2026-04-26T10:24:25.997+0000] {processor.py:186} INFO - Started process (PID=1582) to work on /opt/airflow/dags/dag2.py
[2026-04-26T10:24:26.000+0000] {processor.py:914} INFO - Processing file /opt/airflow/dags/dag2.py for tasks to queue
[2026-04-26T10:24:26.008+0000] {logging_mixin.py:190} INFO - [2026-04-26T10:24:26.007+0000] {dagbag.py:588} INFO - Filling up the DagBag from /opt/airflow/dags/dag2.py
[2026-04-26T10:24:26.041+0000] {processor.py:925} INFO - DAG(s) 'data_pipeline' retrieved from /opt/airflow/dags/dag2.py
[2026-04-26T10:24:26.113+0000] {logging_mixin.py:190} INFO - [2026-04-26T10:24:26.112+0000] {dag.py:3239} INFO - Sync 1 DAGs
[2026-04-26T10:24:26.163+0000] {logging_mixin.py:190} INFO - [2026-04-26T10:24:26.162+0000] {dag.py:4180} INFO - Setting next_dagrun for data_pipeline to 2026-04-25 15:30:00+00:00, run_after=2026-04-26 15:30:00+00:00
[2026-04-26T10:24:26.190+0000] {processor.py:208} INFO - Processing /opt/airflow/dags/dag2.py took 0.218 seconds
[2026-04-26T10:24:56.545+0000] {processor.py:186} INFO - Started process (PID=1598) to work on /opt/airflow/dags/dag2.py
[2026-04-26T10:24:56.547+0000] {processor.py:914} INFO - Processing file /opt/airflow/dags/dag2.py for tasks to queue
[2026-04-26T10:24:56.554+0000] {logging_mixin.py:190} INFO - [2026-04-26T10:24:56.553+0000] {dagbag.py:588} INFO - Filling up the DagBag from /opt/airflow/dags/dag2.py
[2026-04-26T10:24:56.591+0000] {processor.py:925} INFO - DAG(s) 'data_pipeline' retrieved from /opt/airflow/dags/dag2.py
[2026-04-26T10:24:56.672+0000] {logging_mixin.py:190} INFO - [2026-04-26T10:24:56.671+0000] {dag.py:3239} INFO - Sync 1 DAGs
[2026-04-26T10:24:56.763+0000] {logging_mixin.py:190} INFO - [2026-04-26T10:24:56.762+0000] {dag.py:4180} INFO - Setting next_dagrun for data_pipeline to 2026-04-25 15:30:00+00:00, run_after=2026-04-26 15:30:00+00:00
[2026-04-26T10:24:56.824+0000] {processor.py:208} INFO - Processing /opt/airflow/dags/dag2.py took 0.304 seconds
[2026-04-26T10:25:27.227+0000] {processor.py:186} INFO - Started process (PID=1614) to work on /opt/airflow/dags/dag2.py
[2026-04-26T10:25:27.230+0000] {processor.py:914} INFO - Processing file /opt/airflow/dags/dag2.py for tasks to queue
[2026-04-26T10:25:27.236+0000] {logging_mixin.py:190} INFO - [2026-04-26T10:25:27.235+0000] {dagbag.py:588} INFO - Filling up the DagBag from /opt/airflow/dags/dag2.py
[2026-04-26T10:25:27.271+0000] {processor.py:925} INFO - DAG(s) 'data_pipeline' retrieved from /opt/airflow/dags/dag2.py
[2026-04-26T10:25:27.315+0000] {logging_mixin.py:190} INFO - [2026-04-26T10:25:27.315+0000] {dag.py:3239} INFO - Sync 1 DAGs
[2026-04-26T10:25:27.350+0000] {logging_mixin.py:190} INFO - [2026-04-26T10:25:27.350+0000] {dag.py:4180} INFO - Setting next_dagrun for data_pipeline to 2026-04-25 15:30:00+00:00, run_after=2026-04-26 15:30:00+00:00
[2026-04-26T10:25:27.369+0000] {processor.py:208} INFO - Processing /opt/airflow/dags/dag2.py took 0.167 seconds
[2026-04-26T10:25:57.728+0000] {processor.py:186} INFO - Started process (PID=1630) to work on /opt/airflow/dags/dag2.py
[2026-04-26T10:25:57.731+0000] {processor.py:914} INFO - Processing file /opt/airflow/dags/dag2.py for tasks to queue
[2026-04-26T10:25:57.737+0000] {logging_mixin.py:190} INFO - [2026-04-26T10:25:57.736+0000] {dagbag.py:588} INFO - Filling up the DagBag from /opt/airflow/dags/dag2.py
[2026-04-26T10:25:57.771+0000] {processor.py:925} INFO - DAG(s) 'data_pipeline' retrieved from /opt/airflow/dags/dag2.py
[2026-04-26T10:25:57.816+0000] {logging_mixin.py:190} INFO - [2026-04-26T10:25:57.815+0000] {dag.py:3239} INFO - Sync 1 DAGs
[2026-04-26T10:25:57.844+0000] {logging_mixin.py:190} INFO - [2026-04-26T10:25:57.844+0000] {dag.py:4180} INFO - Setting next_dagrun for data_pipeline to 2026-04-25 15:30:00+00:00, run_after=2026-04-26 15:30:00+00:00
[2026-04-26T10:25:57.866+0000] {processor.py:208} INFO - Processing /opt/airflow/dags/dag2.py took 0.165 seconds
[2026-04-26T10:26:28.048+0000] {processor.py:186} INFO - Started process (PID=1646) to work on /opt/airflow/dags/dag2.py
[2026-04-26T10:26:28.051+0000] {processor.py:914} INFO - Processing file /opt/airflow/dags/dag2.py for tasks to queue
[2026-04-26T10:26:28.061+0000] {logging_mixin.py:190} INFO - [2026-04-26T10:26:28.059+0000] {dagbag.py:588} INFO - Filling up the DagBag from /opt/airflow/dags/dag2.py
[2026-04-26T10:26:28.106+0000] {processor.py:925} INFO - DAG(s) 'data_pipeline' retrieved from /opt/airflow/dags/dag2.py
[2026-04-26T10:26:28.150+0000] {logging_mixin.py:190} INFO - [2026-04-26T10:26:28.150+0000] {dag.py:3239} INFO - Sync 1 DAGs
[2026-04-26T10:26:28.195+0000] {logging_mixin.py:190} INFO - [2026-04-26T10:26:28.195+0000] {dag.py:4180} INFO - Setting next_dagrun for data_pipeline to 2026-04-25 15:30:00+00:00, run_after=2026-04-26 15:30:00+00:00
[2026-04-26T10:26:28.228+0000] {processor.py:208} INFO - Processing /opt/airflow/dags/dag2.py took 0.206 seconds
[2026-04-26T10:26:58.470+0000] {processor.py:186} INFO - Started process (PID=1662) to work on /opt/airflow/dags/dag2.py
[2026-04-26T10:26:58.473+0000] {processor.py:914} INFO - Processing file /opt/airflow/dags/dag2.py for tasks to queue
[2026-04-26T10:26:58.480+0000] {logging_mixin.py:190} INFO - [2026-04-26T10:26:58.479+0000] {dagbag.py:588} INFO - Filling up the DagBag from /opt/airflow/dags/dag2.py
[2026-04-26T10:26:58.520+0000] {processor.py:925} INFO - DAG(s) 'data_pipeline' retrieved from /opt/airflow/dags/dag2.py
[2026-04-26T10:26:58.599+0000] {logging_mixin.py:190} INFO - [2026-04-26T10:26:58.598+0000] {dag.py:3239} INFO - Sync 1 DAGs
[2026-04-26T10:26:58.660+0000] {logging_mixin.py:190} INFO - [2026-04-26T10:26:58.659+0000] {dag.py:4180} INFO - Setting next_dagrun for data_pipeline to 2026-04-25 15:30:00+00:00, run_after=2026-04-26 15:30:00+00:00
[2026-04-26T10:26:58.681+0000] {processor.py:208} INFO - Processing /opt/airflow/dags/dag2.py took 0.229 seconds
[2026-04-26T10:27:28.860+0000] {processor.py:186} INFO - Started process (PID=1678) to work on /opt/airflow/dags/dag2.py
[2026-04-26T10:27:28.863+0000] {processor.py:914} INFO - Processing file /opt/airflow/dags/dag2.py for tasks to queue
[2026-04-26T10:27:28.873+0000] {logging_mixin.py:190} INFO - [2026-04-26T10:27:28.871+0000] {dagbag.py:588} INFO - Filling up the DagBag from /opt/airflow/dags/dag2.py
[2026-04-26T10:27:28.907+0000] {processor.py:925} INFO - DAG(s) 'data_pipeline' retrieved from /opt/airflow/dags/dag2.py
[2026-04-26T10:27:28.977+0000] {logging_mixin.py:190} INFO - [2026-04-26T10:27:28.977+0000] {dag.py:3239} INFO - Sync 1 DAGs
[2026-04-26T10:27:29.022+0000] {logging_mixin.py:190} INFO - [2026-04-26T10:27:29.021+0000] {dag.py:4180} INFO - Setting next_dagrun for data_pipeline to 2026-04-25 15:30:00+00:00, run_after=2026-04-26 15:30:00+00:00
[2026-04-26T10:27:29.045+0000] {processor.py:208} INFO - Processing /opt/airflow/dags/dag2.py took 0.205 seconds
[2026-04-26T10:27:59.280+0000] {processor.py:186} INFO - Started process (PID=1694) to work on /opt/airflow/dags/dag2.py
[2026-04-26T10:27:59.282+0000] {processor.py:914} INFO - Processing file /opt/airflow/dags/dag2.py for tasks to queue
[2026-04-26T10:27:59.290+0000] {logging_mixin.py:190} INFO - [2026-04-26T10:27:59.289+0000] {dagbag.py:588} INFO - Filling up the DagBag from /opt/airflow/dags/dag2.py
[2026-04-26T10:27:59.329+0000] {processor.py:925} INFO - DAG(s) 'data_pipeline' retrieved from /opt/airflow/dags/dag2.py
[2026-04-26T10:27:59.397+0000] {logging_mixin.py:190} INFO - [2026-04-26T10:27:59.396+0000] {dag.py:3239} INFO - Sync 1 DAGs
[2026-04-26T10:27:59.428+0000] {logging_mixin.py:190} INFO - [2026-04-26T10:27:59.428+0000] {dag.py:4180} INFO - Setting next_dagrun for data_pipeline to 2026-04-25 15:30:00+00:00, run_after=2026-04-26 15:30:00+00:00
[2026-04-26T10:27:59.445+0000] {processor.py:208} INFO - Processing /opt/airflow/dags/dag2.py took 0.184 seconds
[2026-04-26T10:28:29.654+0000] {processor.py:186} INFO - Started process (PID=1710) to work on /opt/airflow/dags/dag2.py
[2026-04-26T10:28:29.656+0000] {processor.py:914} INFO - Processing file /opt/airflow/dags/dag2.py for tasks to queue
[2026-04-26T10:28:29.664+0000] {logging_mixin.py:190} INFO - [2026-04-26T10:28:29.663+0000] {dagbag.py:588} INFO - Filling up the DagBag from /opt/airflow/dags/dag2.py
[2026-04-26T10:28:29.701+0000] {processor.py:925} INFO - DAG(s) 'data_pipeline' retrieved from /opt/airflow/dags/dag2.py
[2026-04-26T10:28:29.771+0000] {logging_mixin.py:190} INFO - [2026-04-26T10:28:29.771+0000] {dag.py:3239} INFO - Sync 1 DAGs
[2026-04-26T10:28:29.804+0000] {logging_mixin.py:190} INFO - [2026-04-26T10:28:29.803+0000] {dag.py:4180} INFO - Setting next_dagrun for data_pipeline to 2026-04-25 15:30:00+00:00, run_after=2026-04-26 15:30:00+00:00
[2026-04-26T10:28:29.823+0000] {processor.py:208} INFO - Processing /opt/airflow/dags/dag2.py took 0.188 seconds
[2026-04-26T10:29:00.177+0000] {processor.py:186} INFO - Started process (PID=1726) to work on /opt/airflow/dags/dag2.py
[2026-04-26T10:29:00.179+0000] {processor.py:914} INFO - Processing file /opt/airflow/dags/dag2.py for tasks to queue
[2026-04-26T10:29:00.185+0000] {logging_mixin.py:190} INFO - [2026-04-26T10:29:00.184+0000] {dagbag.py:588} INFO - Filling up the DagBag from /opt/airflow/dags/dag2.py
[2026-04-26T10:29:00.218+0000] {processor.py:925} INFO - DAG(s) 'data_pipeline' retrieved from /opt/airflow/dags/dag2.py
[2026-04-26T10:29:00.264+0000] {logging_mixin.py:190} INFO - [2026-04-26T10:29:00.263+0000] {dag.py:3239} INFO - Sync 1 DAGs
[2026-04-26T10:29:00.293+0000] {logging_mixin.py:190} INFO - [2026-04-26T10:29:00.293+0000] {dag.py:4180} INFO - Setting next_dagrun for data_pipeline to 2026-04-25 15:30:00+00:00, run_after=2026-04-26 15:30:00+00:00
[2026-04-26T10:29:00.311+0000] {processor.py:208} INFO - Processing /opt/airflow/dags/dag2.py took 0.162 seconds
[2026-04-26T10:29:30.660+0000] {processor.py:186} INFO - Started process (PID=1742) to work on /opt/airflow/dags/dag2.py
[2026-04-26T10:29:30.662+0000] {processor.py:914} INFO - Processing file /opt/airflow/dags/dag2.py for tasks to queue
[2026-04-26T10:29:30.668+0000] {logging_mixin.py:190} INFO - [2026-04-26T10:29:30.667+0000] {dagbag.py:588} INFO - Filling up the DagBag from /opt/airflow/dags/dag2.py
[2026-04-26T10:29:30.702+0000] {processor.py:925} INFO - DAG(s) 'data_pipeline' retrieved from /opt/airflow/dags/dag2.py
[2026-04-26T10:29:30.769+0000] {logging_mixin.py:190} INFO - [2026-04-26T10:29:30.769+0000] {dag.py:3239} INFO - Sync 1 DAGs
[2026-04-26T10:29:30.802+0000] {logging_mixin.py:190} INFO - [2026-04-26T10:29:30.802+0000] {dag.py:4180} INFO - Setting next_dagrun for data_pipeline to 2026-04-25 15:30:00+00:00, run_after=2026-04-26 15:30:00+00:00
[2026-04-26T10:29:30.824+0000] {processor.py:208} INFO - Processing /opt/airflow/dags/dag2.py took 0.189 seconds
[2026-04-26T10:30:00.985+0000] {processor.py:186} INFO - Started process (PID=1758) to work on /opt/airflow/dags/dag2.py
[2026-04-26T10:30:00.988+0000] {processor.py:914} INFO - Processing file /opt/airflow/dags/dag2.py for tasks to queue
[2026-04-26T10:30:00.994+0000] {logging_mixin.py:190} INFO - [2026-04-26T10:30:00.993+0000] {dagbag.py:588} INFO - Filling up the DagBag from /opt/airflow/dags/dag2.py
[2026-04-26T10:30:01.031+0000] {processor.py:925} INFO - DAG(s) 'data_pipeline' retrieved from /opt/airflow/dags/dag2.py
[2026-04-26T10:30:01.116+0000] {logging_mixin.py:190} INFO - [2026-04-26T10:30:01.115+0000] {dag.py:3239} INFO - Sync 1 DAGs
[2026-04-26T10:30:01.203+0000] {logging_mixin.py:190} INFO - [2026-04-26T10:30:01.202+0000] {dag.py:4180} INFO - Setting next_dagrun for data_pipeline to 2026-04-25 15:30:00+00:00, run_after=2026-04-26 15:30:00+00:00
[2026-04-26T10:30:01.257+0000] {processor.py:208} INFO - Processing /opt/airflow/dags/dag2.py took 0.293 seconds
[2026-04-26T10:30:31.651+0000] {processor.py:186} INFO - Started process (PID=1780) to work on /opt/airflow/dags/dag2.py
[2026-04-26T10:30:31.653+0000] {processor.py:914} INFO - Processing file /opt/airflow/dags/dag2.py for tasks to queue
[2026-04-26T10:30:31.660+0000] {logging_mixin.py:190} INFO - [2026-04-26T10:30:31.659+0000] {dagbag.py:588} INFO - Filling up the DagBag from /opt/airflow/dags/dag2.py
[2026-04-26T10:30:31.692+0000] {processor.py:925} INFO - DAG(s) 'data_pipeline' retrieved from /opt/airflow/dags/dag2.py
[2026-04-26T10:30:31.761+0000] {logging_mixin.py:190} INFO - [2026-04-26T10:30:31.760+0000] {dag.py:3239} INFO - Sync 1 DAGs
[2026-04-26T10:30:31.794+0000] {logging_mixin.py:190} INFO - [2026-04-26T10:30:31.793+0000] {dag.py:4180} INFO - Setting next_dagrun for data_pipeline to 2026-04-25 15:30:00+00:00, run_after=2026-04-26 15:30:00+00:00
[2026-04-26T10:30:31.811+0000] {processor.py:208} INFO - Processing /opt/airflow/dags/dag2.py took 0.176 seconds
[2026-04-26T10:31:02.160+0000] {processor.py:186} INFO - Started process (PID=1796) to work on /opt/airflow/dags/dag2.py
[2026-04-26T10:31:02.162+0000] {processor.py:914} INFO - Processing file /opt/airflow/dags/dag2.py for tasks to queue
[2026-04-26T10:31:02.170+0000] {logging_mixin.py:190} INFO - [2026-04-26T10:31:02.169+0000] {dagbag.py:588} INFO - Filling up the DagBag from /opt/airflow/dags/dag2.py
[2026-04-26T10:31:02.206+0000] {processor.py:925} INFO - DAG(s) 'data_pipeline' retrieved from /opt/airflow/dags/dag2.py
[2026-04-26T10:31:02.287+0000] {logging_mixin.py:190} INFO - [2026-04-26T10:31:02.287+0000] {dag.py:3239} INFO - Sync 1 DAGs
[2026-04-26T10:31:02.326+0000] {logging_mixin.py:190} INFO - [2026-04-26T10:31:02.326+0000] {dag.py:4180} INFO - Setting next_dagrun for data_pipeline to 2026-04-25 15:30:00+00:00, run_after=2026-04-26 15:30:00+00:00
[2026-04-26T10:31:02.347+0000] {processor.py:208} INFO - Processing /opt/airflow/dags/dag2.py took 0.208 seconds
[2026-04-26T10:31:32.482+0000] {processor.py:186} INFO - Started process (PID=1812) to work on /opt/airflow/dags/dag2.py
[2026-04-26T10:31:32.484+0000] {processor.py:914} INFO - Processing file /opt/airflow/dags/dag2.py for tasks to queue
[2026-04-26T10:31:32.492+0000] {logging_mixin.py:190} INFO - [2026-04-26T10:31:32.491+0000] {dagbag.py:588} INFO - Filling up the DagBag from /opt/airflow/dags/dag2.py
[2026-04-26T10:31:32.527+0000] {processor.py:925} INFO - DAG(s) 'data_pipeline' retrieved from /opt/airflow/dags/dag2.py
[2026-04-26T10:31:32.609+0000] {logging_mixin.py:190} INFO - [2026-04-26T10:31:32.608+0000] {dag.py:3239} INFO - Sync 1 DAGs
[2026-04-26T10:31:32.653+0000] {logging_mixin.py:190} INFO - [2026-04-26T10:31:32.652+0000] {dag.py:4180} INFO - Setting next_dagrun for data_pipeline to 2026-04-25 15:30:00+00:00, run_after=2026-04-26 15:30:00+00:00
[2026-04-26T10:31:32.672+0000] {processor.py:208} INFO - Processing /opt/airflow/dags/dag2.py took 0.209 seconds
[2026-04-26T10:32:02.962+0000] {processor.py:186} INFO - Started process (PID=1828) to work on /opt/airflow/dags/dag2.py
[2026-04-26T10:32:02.965+0000] {processor.py:914} INFO - Processing file /opt/airflow/dags/dag2.py for tasks to queue
[2026-04-26T10:32:02.971+0000] {logging_mixin.py:190} INFO - [2026-04-26T10:32:02.970+0000] {dagbag.py:588} INFO - Filling up the DagBag from /opt/airflow/dags/dag2.py
[2026-04-26T10:32:03.018+0000] {processor.py:925} INFO - DAG(s) 'data_pipeline' retrieved from /opt/airflow/dags/dag2.py
[2026-04-26T10:32:03.097+0000] {logging_mixin.py:190} INFO - [2026-04-26T10:32:03.096+0000] {dag.py:3239} INFO - Sync 1 DAGs
[2026-04-26T10:32:03.166+0000] {logging_mixin.py:190} INFO - [2026-04-26T10:32:03.166+0000] {dag.py:4180} INFO - Setting next_dagrun for data_pipeline to 2026-04-25 15:30:00+00:00, run_after=2026-04-26 15:30:00+00:00
[2026-04-26T10:32:03.186+0000] {processor.py:208} INFO - Processing /opt/airflow/dags/dag2.py took 0.243 seconds
[2026-04-26T10:32:33.540+0000] {processor.py:186} INFO - Started process (PID=1844) to work on /opt/airflow/dags/dag2.py
[2026-04-26T10:32:33.543+0000] {processor.py:914} INFO - Processing file /opt/airflow/dags/dag2.py for tasks to queue
[2026-04-26T10:32:33.549+0000] {logging_mixin.py:190} INFO - [2026-04-26T10:32:33.548+0000] {dagbag.py:588} INFO - Filling up the DagBag from /opt/airflow/dags/dag2.py
[2026-04-26T10:32:33.585+0000] {processor.py:925} INFO - DAG(s) 'data_pipeline' retrieved from /opt/airflow/dags/dag2.py
[2026-04-26T10:32:33.619+0000] {logging_mixin.py:190} INFO - [2026-04-26T10:32:33.619+0000] {dag.py:3239} INFO - Sync 1 DAGs
[2026-04-26T10:32:33.645+0000] {logging_mixin.py:190} INFO - [2026-04-26T10:32:33.645+0000] {dag.py:4180} INFO - Setting next_dagrun for data_pipeline to 2026-04-25 15:30:00+00:00, run_after=2026-04-26 15:30:00+00:00
[2026-04-26T10:32:33.668+0000] {processor.py:208} INFO - Processing /opt/airflow/dags/dag2.py took 0.146 seconds
[2026-04-26T10:33:04.023+0000] {processor.py:186} INFO - Started process (PID=1860) to work on /opt/airflow/dags/dag2.py
[2026-04-26T10:33:04.025+0000] {processor.py:914} INFO - Processing file /opt/airflow/dags/dag2.py for tasks to queue
[2026-04-26T10:33:04.031+0000] {logging_mixin.py:190} INFO - [2026-04-26T10:33:04.030+0000] {dagbag.py:588} INFO - Filling up the DagBag from /opt/airflow/dags/dag2.py
[2026-04-26T10:33:04.066+0000] {processor.py:925} INFO - DAG(s) 'data_pipeline' retrieved from /opt/airflow/dags/dag2.py
[2026-04-26T10:33:04.145+0000] {logging_mixin.py:190} INFO - [2026-04-26T10:33:04.144+0000] {dag.py:3239} INFO - Sync 1 DAGs
[2026-04-26T10:33:04.209+0000] {logging_mixin.py:190} INFO - [2026-04-26T10:33:04.209+0000] {dag.py:4180} INFO - Setting next_dagrun for data_pipeline to 2026-04-25 15:30:00+00:00, run_after=2026-04-26 15:30:00+00:00
[2026-04-26T10:33:04.235+0000] {processor.py:208} INFO - Processing /opt/airflow/dags/dag2.py took 0.230 seconds
[2026-04-26T10:33:34.334+0000] {processor.py:186} INFO - Started process (PID=1876) to work on /opt/airflow/dags/dag2.py
[2026-04-26T10:33:34.336+0000] {processor.py:914} INFO - Processing file /opt/airflow/dags/dag2.py for tasks to queue
[2026-04-26T10:33:34.342+0000] {logging_mixin.py:190} INFO - [2026-04-26T10:33:34.341+0000] {dagbag.py:588} INFO - Filling up the DagBag from /opt/airflow/dags/dag2.py
[2026-04-26T10:33:34.379+0000] {processor.py:925} INFO - DAG(s) 'data_pipeline' retrieved from /opt/airflow/dags/dag2.py
[2026-04-26T10:33:34.459+0000] {logging_mixin.py:190} INFO - [2026-04-26T10:33:34.459+0000] {dag.py:3239} INFO - Sync 1 DAGs
[2026-04-26T10:33:34.501+0000] {logging_mixin.py:190} INFO - [2026-04-26T10:33:34.501+0000] {dag.py:4180} INFO - Setting next_dagrun for data_pipeline to 2026-04-25 15:30:00+00:00, run_after=2026-04-26 15:30:00+00:00
[2026-04-26T10:33:34.523+0000] {processor.py:208} INFO - Processing /opt/airflow/dags/dag2.py took 0.207 seconds
[2026-04-26T10:34:04.832+0000] {processor.py:186} INFO - Started process (PID=1892) to work on /opt/airflow/dags/dag2.py
[2026-04-26T10:34:04.835+0000] {processor.py:914} INFO - Processing file /opt/airflow/dags/dag2.py for tasks to queue
[2026-04-26T10:34:04.841+0000] {logging_mixin.py:190} INFO - [2026-04-26T10:34:04.840+0000] {dagbag.py:588} INFO - Filling up the DagBag from /opt/airflow/dags/dag2.py
[2026-04-26T10:34:04.880+0000] {processor.py:925} INFO - DAG(s) 'data_pipeline' retrieved from /opt/airflow/dags/dag2.py
[2026-04-26T10:34:04.954+0000] {logging_mixin.py:190} INFO - [2026-04-26T10:34:04.953+0000] {dag.py:3239} INFO - Sync 1 DAGs
[2026-04-26T10:34:04.996+0000] {logging_mixin.py:190} INFO - [2026-04-26T10:34:04.996+0000] {dag.py:4180} INFO - Setting next_dagrun for data_pipeline to 2026-04-25 15:30:00+00:00, run_after=2026-04-26 15:30:00+00:00
[2026-04-26T10:34:05.029+0000] {processor.py:208} INFO - Processing /opt/airflow/dags/dag2.py took 0.215 seconds
[2026-04-26T10:41:01.252+0000] {processor.py:186} INFO - Started process (PID=1907) to work on /opt/airflow/dags/dag2.py
[2026-04-26T10:41:01.256+0000] {processor.py:914} INFO - Processing file /opt/airflow/dags/dag2.py for tasks to queue
[2026-04-26T10:41:01.261+0000] {logging_mixin.py:190} INFO - [2026-04-26T10:41:01.260+0000] {dagbag.py:588} INFO - Filling up the DagBag from /opt/airflow/dags/dag2.py
[2026-04-26T10:41:01.280+0000] {processor.py:925} INFO - DAG(s) 'data_pipeline' retrieved from /opt/airflow/dags/dag2.py
[2026-04-26T10:41:01.328+0000] {logging_mixin.py:190} INFO - [2026-04-26T10:41:01.327+0000] {dag.py:3239} INFO - Sync 1 DAGs
[2026-04-26T10:41:01.382+0000] {logging_mixin.py:190} INFO - [2026-04-26T10:41:01.381+0000] {dag.py:4180} INFO - Setting next_dagrun for data_pipeline to 2026-04-25 15:30:00+00:00, run_after=2026-04-26 15:30:00+00:00
[2026-04-26T10:41:01.413+0000] {processor.py:208} INFO - Processing /opt/airflow/dags/dag2.py took 0.168 seconds
[2026-04-26T10:41:31.734+0000] {processor.py:186} INFO - Started process (PID=1923) to work on /opt/airflow/dags/dag2.py
[2026-04-26T10:41:31.736+0000] {processor.py:914} INFO - Processing file /opt/airflow/dags/dag2.py for tasks to queue
[2026-04-26T10:41:31.750+0000] {logging_mixin.py:190} INFO - [2026-04-26T10:41:31.749+0000] {dagbag.py:588} INFO - Filling up the DagBag from /opt/airflow/dags/dag2.py
[2026-04-26T10:41:31.800+0000] {processor.py:925} INFO - DAG(s) 'data_pipeline' retrieved from /opt/airflow/dags/dag2.py
[2026-04-26T10:41:31.882+0000] {logging_mixin.py:190} INFO - [2026-04-26T10:41:31.881+0000] {dag.py:3239} INFO - Sync 1 DAGs
[2026-04-26T10:41:31.980+0000] {logging_mixin.py:190} INFO - [2026-04-26T10:41:31.979+0000] {dag.py:4180} INFO - Setting next_dagrun for data_pipeline to 2026-04-25 15:30:00+00:00, run_after=2026-04-26 15:30:00+00:00
[2026-04-26T10:41:32.043+0000] {processor.py:208} INFO - Processing /opt/airflow/dags/dag2.py took 0.338 seconds
[2026-04-26T10:42:02.400+0000] {processor.py:186} INFO - Started process (PID=1939) to work on /opt/airflow/dags/dag2.py
[2026-04-26T10:42:02.403+0000] {processor.py:914} INFO - Processing file /opt/airflow/dags/dag2.py for tasks to queue
[2026-04-26T10:42:02.411+0000] {logging_mixin.py:190} INFO - [2026-04-26T10:42:02.410+0000] {dagbag.py:588} INFO - Filling up the DagBag from /opt/airflow/dags/dag2.py
[2026-04-26T10:42:02.459+0000] {processor.py:925} INFO - DAG(s) 'data_pipeline' retrieved from /opt/airflow/dags/dag2.py
[2026-04-26T10:42:02.547+0000] {logging_mixin.py:190} INFO - [2026-04-26T10:42:02.547+0000] {dag.py:3239} INFO - Sync 1 DAGs
[2026-04-26T10:42:02.599+0000] {logging_mixin.py:190} INFO - [2026-04-26T10:42:02.598+0000] {dag.py:4180} INFO - Setting next_dagrun for data_pipeline to 2026-04-25 15:30:00+00:00, run_after=2026-04-26 15:30:00+00:00
[2026-04-26T10:42:02.630+0000] {processor.py:208} INFO - Processing /opt/airflow/dags/dag2.py took 0.254 seconds
[2026-04-26T10:42:32.733+0000] {processor.py:186} INFO - Started process (PID=1955) to work on /opt/airflow/dags/dag2.py
[2026-04-26T10:42:32.735+0000] {processor.py:914} INFO - Processing file /opt/airflow/dags/dag2.py for tasks to queue
[2026-04-26T10:42:32.742+0000] {logging_mixin.py:190} INFO - [2026-04-26T10:42:32.741+0000] {dagbag.py:588} INFO - Filling up the DagBag from /opt/airflow/dags/dag2.py
[2026-04-26T10:42:32.778+0000] {processor.py:925} INFO - DAG(s) 'data_pipeline' retrieved from /opt/airflow/dags/dag2.py
[2026-04-26T10:42:32.863+0000] {logging_mixin.py:190} INFO - [2026-04-26T10:42:32.862+0000] {dag.py:3239} INFO - Sync 1 DAGs
[2026-04-26T10:42:32.907+0000] {logging_mixin.py:190} INFO - [2026-04-26T10:42:32.906+0000] {dag.py:4180} INFO - Setting next_dagrun for data_pipeline to 2026-04-25 15:30:00+00:00, run_after=2026-04-26 15:30:00+00:00
[2026-04-26T10:42:32.926+0000] {processor.py:208} INFO - Processing /opt/airflow/dags/dag2.py took 0.216 seconds
[2026-04-26T10:43:03.239+0000] {processor.py:186} INFO - Started process (PID=1971) to work on /opt/airflow/dags/dag2.py
[2026-04-26T10:43:03.240+0000] {processor.py:914} INFO - Processing file /opt/airflow/dags/dag2.py for tasks to queue
[2026-04-26T10:43:03.244+0000] {logging_mixin.py:190} INFO - [2026-04-26T10:43:03.243+0000] {dagbag.py:588} INFO - Filling up the DagBag from /opt/airflow/dags/dag2.py
[2026-04-26T10:43:03.264+0000] {processor.py:925} INFO - DAG(s) 'data_pipeline' retrieved from /opt/airflow/dags/dag2.py
[2026-04-26T10:43:03.303+0000] {logging_mixin.py:190} INFO - [2026-04-26T10:43:03.302+0000] {dag.py:3239} INFO - Sync 1 DAGs
[2026-04-26T10:43:03.339+0000] {logging_mixin.py:190} INFO - [2026-04-26T10:43:03.339+0000] {dag.py:4180} INFO - Setting next_dagrun for data_pipeline to 2026-04-25 15:30:00+00:00, run_after=2026-04-26 15:30:00+00:00
[2026-04-26T10:43:03.359+0000] {processor.py:208} INFO - Processing /opt/airflow/dags/dag2.py took 0.131 seconds
[2026-04-26T10:43:33.741+0000] {processor.py:186} INFO - Started process (PID=1987) to work on /opt/airflow/dags/dag2.py
[2026-04-26T10:43:33.744+0000] {processor.py:914} INFO - Processing file /opt/airflow/dags/dag2.py for tasks to queue
[2026-04-26T10:43:33.756+0000] {logging_mixin.py:190} INFO - [2026-04-26T10:43:33.754+0000] {dagbag.py:588} INFO - Filling up the DagBag from /opt/airflow/dags/dag2.py
[2026-04-26T10:43:33.816+0000] {processor.py:925} INFO - DAG(s) 'data_pipeline' retrieved from /opt/airflow/dags/dag2.py
[2026-04-26T10:43:33.911+0000] {logging_mixin.py:190} INFO - [2026-04-26T10:43:33.910+0000] {dag.py:3239} INFO - Sync 1 DAGs
[2026-04-26T10:43:33.950+0000] {logging_mixin.py:190} INFO - [2026-04-26T10:43:33.950+0000] {dag.py:4180} INFO - Setting next_dagrun for data_pipeline to 2026-04-25 15:30:00+00:00, run_after=2026-04-26 15:30:00+00:00
[2026-04-26T10:43:33.975+0000] {processor.py:208} INFO - Processing /opt/airflow/dags/dag2.py took 0.262 seconds
[2026-04-26T10:44:04.326+0000] {processor.py:186} INFO - Started process (PID=2003) to work on /opt/airflow/dags/dag2.py
[2026-04-26T10:44:04.328+0000] {processor.py:914} INFO - Processing file /opt/airflow/dags/dag2.py for tasks to queue
[2026-04-26T10:44:04.334+0000] {logging_mixin.py:190} INFO - [2026-04-26T10:44:04.333+0000] {dagbag.py:588} INFO - Filling up the DagBag from /opt/airflow/dags/dag2.py
[2026-04-26T10:44:04.370+0000] {processor.py:925} INFO - DAG(s) 'data_pipeline' retrieved from /opt/airflow/dags/dag2.py
[2026-04-26T10:44:04.423+0000] {logging_mixin.py:190} INFO - [2026-04-26T10:44:04.423+0000] {dag.py:3239} INFO - Sync 1 DAGs
[2026-04-26T10:44:04.456+0000] {logging_mixin.py:190} INFO - [2026-04-26T10:44:04.455+0000] {dag.py:4180} INFO - Setting next_dagrun for data_pipeline to 2026-04-25 15:30:00+00:00, run_after=2026-04-26 15:30:00+00:00
[2026-04-26T10:44:04.479+0000] {processor.py:208} INFO - Processing /opt/airflow/dags/dag2.py took 0.177 seconds
[2026-04-26T10:44:34.661+0000] {processor.py:186} INFO - Started process (PID=2019) to work on /opt/airflow/dags/dag2.py
[2026-04-26T10:44:34.662+0000] {processor.py:914} INFO - Processing file /opt/airflow/dags/dag2.py for tasks to queue
[2026-04-26T10:44:34.669+0000] {logging_mixin.py:190} INFO - [2026-04-26T10:44:34.668+0000] {dagbag.py:588} INFO - Filling up the DagBag from /opt/airflow/dags/dag2.py
[2026-04-26T10:44:34.709+0000] {processor.py:925} INFO - DAG(s) 'data_pipeline' retrieved from /opt/airflow/dags/dag2.py
[2026-04-26T10:44:34.799+0000] {logging_mixin.py:190} INFO - [2026-04-26T10:44:34.798+0000] {dag.py:3239} INFO - Sync 1 DAGs
[2026-04-26T10:44:34.859+0000] {logging_mixin.py:190} INFO - [2026-04-26T10:44:34.858+0000] {dag.py:4180} INFO - Setting next_dagrun for data_pipeline to 2026-04-25 15:30:00+00:00, run_after=2026-04-26 15:30:00+00:00
[2026-04-26T10:44:34.884+0000] {processor.py:208} INFO - Processing /opt/airflow/dags/dag2.py took 0.244 seconds
[2026-04-26T10:45:05.232+0000] {processor.py:186} INFO - Started process (PID=2035) to work on /opt/airflow/dags/dag2.py
[2026-04-26T10:45:05.235+0000] {processor.py:914} INFO - Processing file /opt/airflow/dags/dag2.py for tasks to queue
[2026-04-26T10:45:05.244+0000] {logging_mixin.py:190} INFO - [2026-04-26T10:45:05.243+0000] {dagbag.py:588} INFO - Filling up the DagBag from /opt/airflow/dags/dag2.py
[2026-04-26T10:45:05.285+0000] {processor.py:925} INFO - DAG(s) 'data_pipeline' retrieved from /opt/airflow/dags/dag2.py
[2026-04-26T10:45:05.349+0000] {logging_mixin.py:190} INFO - [2026-04-26T10:45:05.348+0000] {dag.py:3239} INFO - Sync 1 DAGs
[2026-04-26T10:45:05.407+0000] {logging_mixin.py:190} INFO - [2026-04-26T10:45:05.407+0000] {dag.py:4180} INFO - Setting next_dagrun for data_pipeline to 2026-04-25 15:30:00+00:00, run_after=2026-04-26 15:30:00+00:00
[2026-04-26T10:45:05.446+0000] {processor.py:208} INFO - Processing /opt/airflow/dags/dag2.py took 0.242 seconds
[2026-04-26T10:45:35.557+0000] {processor.py:186} INFO - Started process (PID=2051) to work on /opt/airflow/dags/dag2.py
[2026-04-26T10:45:35.559+0000] {processor.py:914} INFO - Processing file /opt/airflow/dags/dag2.py for tasks to queue
[2026-04-26T10:45:35.566+0000] {logging_mixin.py:190} INFO - [2026-04-26T10:45:35.564+0000] {dagbag.py:588} INFO - Filling up the DagBag from /opt/airflow/dags/dag2.py
[2026-04-26T10:45:35.601+0000] {processor.py:925} INFO - DAG(s) 'data_pipeline' retrieved from /opt/airflow/dags/dag2.py
[2026-04-26T10:45:35.697+0000] {logging_mixin.py:190} INFO - [2026-04-26T10:45:35.696+0000] {dag.py:3239} INFO - Sync 1 DAGs
[2026-04-26T10:45:35.797+0000] {logging_mixin.py:190} INFO - [2026-04-26T10:45:35.796+0000] {dag.py:4180} INFO - Setting next_dagrun for data_pipeline to 2026-04-25 15:30:00+00:00, run_after=2026-04-26 15:30:00+00:00
[2026-04-26T10:45:35.857+0000] {processor.py:208} INFO - Processing /opt/airflow/dags/dag2.py took 0.322 seconds
[2026-04-26T10:46:06.203+0000] {processor.py:186} INFO - Started process (PID=2067) to work on /opt/airflow/dags/dag2.py
[2026-04-26T10:46:06.206+0000] {processor.py:914} INFO - Processing file /opt/airflow/dags/dag2.py for tasks to queue
[2026-04-26T10:46:06.213+0000] {logging_mixin.py:190} INFO - [2026-04-26T10:46:06.212+0000] {dagbag.py:588} INFO - Filling up the DagBag from /opt/airflow/dags/dag2.py
[2026-04-26T10:46:06.251+0000] {processor.py:925} INFO - DAG(s) 'data_pipeline' retrieved from /opt/airflow/dags/dag2.py
[2026-04-26T10:46:06.332+0000] {logging_mixin.py:190} INFO - [2026-04-26T10:46:06.332+0000] {dag.py:3239} INFO - Sync 1 DAGs
[2026-04-26T10:46:06.423+0000] {logging_mixin.py:190} INFO - [2026-04-26T10:46:06.422+0000] {dag.py:4180} INFO - Setting next_dagrun for data_pipeline to 2026-04-25 15:30:00+00:00, run_after=2026-04-26 15:30:00+00:00
[2026-04-26T10:46:06.478+0000] {processor.py:208} INFO - Processing /opt/airflow/dags/dag2.py took 0.294 seconds
[2026-04-26T10:46:36.791+0000] {processor.py:186} INFO - Started process (PID=2084) to work on /opt/airflow/dags/dag2.py
[2026-04-26T10:46:36.791+0000] {processor.py:914} INFO - Processing file /opt/airflow/dags/dag2.py for tasks to queue
[2026-04-26T10:46:36.793+0000] {logging_mixin.py:190} INFO - [2026-04-26T10:46:36.793+0000] {dagbag.py:588} INFO - Filling up the DagBag from /opt/airflow/dags/dag2.py
[2026-04-26T10:46:36.804+0000] {processor.py:925} INFO - DAG(s) 'data_pipeline' retrieved from /opt/airflow/dags/dag2.py
[2026-04-26T10:46:36.828+0000] {logging_mixin.py:190} INFO - [2026-04-26T10:46:36.828+0000] {dag.py:3239} INFO - Sync 1 DAGs
[2026-04-26T10:46:36.853+0000] {logging_mixin.py:190} INFO - [2026-04-26T10:46:36.852+0000] {dag.py:4180} INFO - Setting next_dagrun for data_pipeline to 2026-04-25 15:30:00+00:00, run_after=2026-04-26 15:30:00+00:00
[2026-04-26T10:46:36.870+0000] {processor.py:208} INFO - Processing /opt/airflow/dags/dag2.py took 0.085 seconds
[2026-04-26T10:47:07.231+0000] {processor.py:186} INFO - Started process (PID=2100) to work on /opt/airflow/dags/dag2.py
[2026-04-26T10:47:07.233+0000] {processor.py:914} INFO - Processing file /opt/airflow/dags/dag2.py for tasks to queue
[2026-04-26T10:47:07.239+0000] {logging_mixin.py:190} INFO - [2026-04-26T10:47:07.238+0000] {dagbag.py:588} INFO - Filling up the DagBag from /opt/airflow/dags/dag2.py
[2026-04-26T10:47:07.274+0000] {processor.py:925} INFO - DAG(s) 'data_pipeline' retrieved from /opt/airflow/dags/dag2.py
[2026-04-26T10:47:07.366+0000] {logging_mixin.py:190} INFO - [2026-04-26T10:47:07.366+0000] {dag.py:3239} INFO - Sync 1 DAGs
[2026-04-26T10:47:07.469+0000] {logging_mixin.py:190} INFO - [2026-04-26T10:47:07.468+0000] {dag.py:4180} INFO - Setting next_dagrun for data_pipeline to 2026-04-25 15:30:00+00:00, run_after=2026-04-26 15:30:00+00:00
[2026-04-26T10:47:07.536+0000] {processor.py:208} INFO - Processing /opt/airflow/dags/dag2.py took 0.324 seconds
[2026-04-26T10:47:37.937+0000] {processor.py:186} INFO - Started process (PID=2116) to work on /opt/airflow/dags/dag2.py
[2026-04-26T10:47:37.945+0000] {processor.py:914} INFO - Processing file /opt/airflow/dags/dag2.py for tasks to queue
[2026-04-26T10:47:37.955+0000] {logging_mixin.py:190} INFO - [2026-04-26T10:47:37.953+0000] {dagbag.py:588} INFO - Filling up the DagBag from /opt/airflow/dags/dag2.py
[2026-04-26T10:47:38.004+0000] {processor.py:925} INFO - DAG(s) 'data_pipeline' retrieved from /opt/airflow/dags/dag2.py
[2026-04-26T10:47:38.083+0000] {logging_mixin.py:190} INFO - [2026-04-26T10:47:38.082+0000] {dag.py:3239} INFO - Sync 1 DAGs
[2026-04-26T10:47:38.174+0000] {logging_mixin.py:190} INFO - [2026-04-26T10:47:38.173+0000] {dag.py:4180} INFO - Setting next_dagrun for data_pipeline to 2026-04-25 15:30:00+00:00, run_after=2026-04-26 15:30:00+00:00
[2026-04-26T10:47:38.225+0000] {processor.py:208} INFO - Processing /opt/airflow/dags/dag2.py took 0.319 seconds
[2026-04-26T10:48:08.579+0000] {processor.py:186} INFO - Started process (PID=2132) to work on /opt/airflow/dags/dag2.py
[2026-04-26T10:48:08.582+0000] {processor.py:914} INFO - Processing file /opt/airflow/dags/dag2.py for tasks to queue
[2026-04-26T10:48:08.588+0000] {logging_mixin.py:190} INFO - [2026-04-26T10:48:08.587+0000] {dagbag.py:588} INFO - Filling up the DagBag from /opt/airflow/dags/dag2.py
[2026-04-26T10:48:08.623+0000] {processor.py:925} INFO - DAG(s) 'data_pipeline' retrieved from /opt/airflow/dags/dag2.py
[2026-04-26T10:48:08.692+0000] {logging_mixin.py:190} INFO - [2026-04-26T10:48:08.692+0000] {dag.py:3239} INFO - Sync 1 DAGs
[2026-04-26T10:48:08.726+0000] {logging_mixin.py:190} INFO - [2026-04-26T10:48:08.725+0000] {dag.py:4180} INFO - Setting next_dagrun for data_pipeline to 2026-04-25 15:30:00+00:00, run_after=2026-04-26 15:30:00+00:00
[2026-04-26T10:48:08.744+0000] {processor.py:208} INFO - Processing /opt/airflow/dags/dag2.py took 0.184 seconds
[2026-04-26T10:48:38.903+0000] {processor.py:186} INFO - Started process (PID=2148) to work on /opt/airflow/dags/dag2.py
[2026-04-26T10:48:38.905+0000] {processor.py:914} INFO - Processing file /opt/airflow/dags/dag2.py for tasks to queue
[2026-04-26T10:48:38.914+0000] {logging_mixin.py:190} INFO - [2026-04-26T10:48:38.912+0000] {dagbag.py:588} INFO - Filling up the DagBag from /opt/airflow/dags/dag2.py
[2026-04-26T10:48:38.953+0000] {processor.py:925} INFO - DAG(s) 'data_pipeline' retrieved from /opt/airflow/dags/dag2.py
[2026-04-26T10:48:39.040+0000] {logging_mixin.py:190} INFO - [2026-04-26T10:48:39.040+0000] {dag.py:3239} INFO - Sync 1 DAGs
[2026-04-26T10:48:39.128+0000] {logging_mixin.py:190} INFO - [2026-04-26T10:48:39.128+0000] {dag.py:4180} INFO - Setting next_dagrun for data_pipeline to 2026-04-25 15:30:00+00:00, run_after=2026-04-26 15:30:00+00:00
[2026-04-26T10:48:39.185+0000] {processor.py:208} INFO - Processing /opt/airflow/dags/dag2.py took 0.303 seconds
[2026-04-26T10:49:09.332+0000] {processor.py:186} INFO - Started process (PID=2164) to work on /opt/airflow/dags/dag2.py
[2026-04-26T10:49:09.333+0000] {processor.py:914} INFO - Processing file /opt/airflow/dags/dag2.py for tasks to queue
[2026-04-26T10:49:09.336+0000] {logging_mixin.py:190} INFO - [2026-04-26T10:49:09.335+0000] {dagbag.py:588} INFO - Filling up the DagBag from /opt/airflow/dags/dag2.py
[2026-04-26T10:49:09.352+0000] {processor.py:925} INFO - DAG(s) 'data_pipeline' retrieved from /opt/airflow/dags/dag2.py
[2026-04-26T10:49:09.386+0000] {logging_mixin.py:190} INFO - [2026-04-26T10:49:09.386+0000] {dag.py:3239} INFO - Sync 1 DAGs
[2026-04-26T10:49:09.426+0000] {logging_mixin.py:190} INFO - [2026-04-26T10:49:09.425+0000] {dag.py:4180} INFO - Setting next_dagrun for data_pipeline to 2026-04-25 15:30:00+00:00, run_after=2026-04-26 15:30:00+00:00
[2026-04-26T10:49:09.451+0000] {processor.py:208} INFO - Processing /opt/airflow/dags/dag2.py took 0.127 seconds
[2026-04-26T10:49:39.660+0000] {processor.py:186} INFO - Started process (PID=2180) to work on /opt/airflow/dags/dag2.py
[2026-04-26T10:49:39.662+0000] {processor.py:914} INFO - Processing file /opt/airflow/dags/dag2.py for tasks to queue
[2026-04-26T10:49:39.668+0000] {logging_mixin.py:190} INFO - [2026-04-26T10:49:39.667+0000] {dagbag.py:588} INFO - Filling up the DagBag from /opt/airflow/dags/dag2.py
[2026-04-26T10:49:39.706+0000] {processor.py:925} INFO - DAG(s) 'data_pipeline' retrieved from /opt/airflow/dags/dag2.py
[2026-04-26T10:49:39.769+0000] {logging_mixin.py:190} INFO - [2026-04-26T10:49:39.769+0000] {dag.py:3239} INFO - Sync 1 DAGs
[2026-04-26T10:49:39.807+0000] {logging_mixin.py:190} INFO - [2026-04-26T10:49:39.806+0000] {dag.py:4180} INFO - Setting next_dagrun for data_pipeline to 2026-04-25 15:30:00+00:00, run_after=2026-04-26 15:30:00+00:00
[2026-04-26T10:49:39.830+0000] {processor.py:208} INFO - Processing /opt/airflow/dags/dag2.py took 0.189 seconds
[2026-04-26T10:50:10.159+0000] {processor.py:186} INFO - Started process (PID=2196) to work on /opt/airflow/dags/dag2.py
[2026-04-26T10:50:10.161+0000] {processor.py:914} INFO - Processing file /opt/airflow/dags/dag2.py for tasks to queue
[2026-04-26T10:50:10.168+0000] {logging_mixin.py:190} INFO - [2026-04-26T10:50:10.167+0000] {dagbag.py:588} INFO - Filling up the DagBag from /opt/airflow/dags/dag2.py
[2026-04-26T10:50:10.201+0000] {processor.py:925} INFO - DAG(s) 'data_pipeline' retrieved from /opt/airflow/dags/dag2.py
[2026-04-26T10:50:10.279+0000] {logging_mixin.py:190} INFO - [2026-04-26T10:50:10.278+0000] {dag.py:3239} INFO - Sync 1 DAGs
[2026-04-26T10:50:10.348+0000] {logging_mixin.py:190} INFO - [2026-04-26T10:50:10.348+0000] {dag.py:4180} INFO - Setting next_dagrun for data_pipeline to 2026-04-25 15:30:00+00:00, run_after=2026-04-26 15:30:00+00:00
[2026-04-26T10:50:10.376+0000] {processor.py:208} INFO - Processing /opt/airflow/dags/dag2.py took 0.235 seconds
[2026-04-26T10:50:40.507+0000] {processor.py:186} INFO - Started process (PID=2212) to work on /opt/airflow/dags/dag2.py
[2026-04-26T10:50:40.510+0000] {processor.py:914} INFO - Processing file /opt/airflow/dags/dag2.py for tasks to queue
[2026-04-26T10:50:40.520+0000] {logging_mixin.py:190} INFO - [2026-04-26T10:50:40.518+0000] {dagbag.py:588} INFO - Filling up the DagBag from /opt/airflow/dags/dag2.py
[2026-04-26T10:50:40.577+0000] {processor.py:925} INFO - DAG(s) 'data_pipeline' retrieved from /opt/airflow/dags/dag2.py
[2026-04-26T10:50:40.674+0000] {logging_mixin.py:190} INFO - [2026-04-26T10:50:40.673+0000] {dag.py:3239} INFO - Sync 1 DAGs
[2026-04-26T10:50:40.709+0000] {logging_mixin.py:190} INFO - [2026-04-26T10:50:40.709+0000] {dag.py:4180} INFO - Setting next_dagrun for data_pipeline to 2026-04-25 15:30:00+00:00, run_after=2026-04-26 15:30:00+00:00
[2026-04-26T10:50:40.728+0000] {processor.py:208} INFO - Processing /opt/airflow/dags/dag2.py took 0.247 seconds
[2026-04-26T10:51:11.055+0000] {processor.py:186} INFO - Started process (PID=2228) to work on /opt/airflow/dags/dag2.py
[2026-04-26T10:51:11.057+0000] {processor.py:914} INFO - Processing file /opt/airflow/dags/dag2.py for tasks to queue
[2026-04-26T10:51:11.064+0000] {logging_mixin.py:190} INFO - [2026-04-26T10:51:11.063+0000] {dagbag.py:588} INFO - Filling up the DagBag from /opt/airflow/dags/dag2.py
[2026-04-26T10:51:11.111+0000] {processor.py:925} INFO - DAG(s) 'data_pipeline' retrieved from /opt/airflow/dags/dag2.py
[2026-04-26T10:51:11.207+0000] {logging_mixin.py:190} INFO - [2026-04-26T10:51:11.207+0000] {dag.py:3239} INFO - Sync 1 DAGs
[2026-04-26T10:51:11.245+0000] {logging_mixin.py:190} INFO - [2026-04-26T10:51:11.245+0000] {dag.py:4180} INFO - Setting next_dagrun for data_pipeline to 2026-04-25 15:30:00+00:00, run_after=2026-04-26 15:30:00+00:00
[2026-04-26T10:51:11.271+0000] {processor.py:208} INFO - Processing /opt/airflow/dags/dag2.py took 0.243 seconds
[2026-04-26T10:51:41.603+0000] {processor.py:186} INFO - Started process (PID=2244) to work on /opt/airflow/dags/dag2.py
[2026-04-26T10:51:41.605+0000] {processor.py:914} INFO - Processing file /opt/airflow/dags/dag2.py for tasks to queue
[2026-04-26T10:51:41.611+0000] {logging_mixin.py:190} INFO - [2026-04-26T10:51:41.610+0000] {dagbag.py:588} INFO - Filling up the DagBag from /opt/airflow/dags/dag2.py
[2026-04-26T10:51:41.653+0000] {processor.py:925} INFO - DAG(s) 'data_pipeline' retrieved from /opt/airflow/dags/dag2.py
[2026-04-26T10:51:41.745+0000] {logging_mixin.py:190} INFO - [2026-04-26T10:51:41.745+0000] {dag.py:3239} INFO - Sync 1 DAGs
[2026-04-26T10:51:41.786+0000] {logging_mixin.py:190} INFO - [2026-04-26T10:51:41.785+0000] {dag.py:4180} INFO - Setting next_dagrun for data_pipeline to 2026-04-25 15:30:00+00:00, run_after=2026-04-26 15:30:00+00:00
[2026-04-26T10:51:41.809+0000] {processor.py:208} INFO - Processing /opt/airflow/dags/dag2.py took 0.226 seconds
[2026-04-26T10:52:12.177+0000] {processor.py:186} INFO - Started process (PID=2260) to work on /opt/airflow/dags/dag2.py
[2026-04-26T10:52:12.179+0000] {processor.py:914} INFO - Processing file /opt/airflow/dags/dag2.py for tasks to queue
[2026-04-26T10:52:12.187+0000] {logging_mixin.py:190} INFO - [2026-04-26T10:52:12.186+0000] {dagbag.py:588} INFO - Filling up the DagBag from /opt/airflow/dags/dag2.py
[2026-04-26T10:52:12.233+0000] {processor.py:925} INFO - DAG(s) 'data_pipeline' retrieved from /opt/airflow/dags/dag2.py
[2026-04-26T10:52:12.323+0000] {logging_mixin.py:190} INFO - [2026-04-26T10:52:12.322+0000] {dag.py:3239} INFO - Sync 1 DAGs
[2026-04-26T10:52:12.418+0000] {logging_mixin.py:190} INFO - [2026-04-26T10:52:12.417+0000] {dag.py:4180} INFO - Setting next_dagrun for data_pipeline to 2026-04-25 15:30:00+00:00, run_after=2026-04-26 15:30:00+00:00
[2026-04-26T10:52:12.471+0000] {processor.py:208} INFO - Processing /opt/airflow/dags/dag2.py took 0.319 seconds
[2026-04-26T10:52:42.849+0000] {processor.py:186} INFO - Started process (PID=2276) to work on /opt/airflow/dags/dag2.py
[2026-04-26T10:52:42.852+0000] {processor.py:914} INFO - Processing file /opt/airflow/dags/dag2.py for tasks to queue
[2026-04-26T10:52:42.858+0000] {logging_mixin.py:190} INFO - [2026-04-26T10:52:42.857+0000] {dagbag.py:588} INFO - Filling up the DagBag from /opt/airflow/dags/dag2.py
[2026-04-26T10:52:42.894+0000] {processor.py:925} INFO - DAG(s) 'data_pipeline' retrieved from /opt/airflow/dags/dag2.py
[2026-04-26T10:52:42.958+0000] {logging_mixin.py:190} INFO - [2026-04-26T10:52:42.958+0000] {dag.py:3239} INFO - Sync 1 DAGs
[2026-04-26T10:52:43.024+0000] {logging_mixin.py:190} INFO - [2026-04-26T10:52:43.024+0000] {dag.py:4180} INFO - Setting next_dagrun for data_pipeline to 2026-04-25 15:30:00+00:00, run_after=2026-04-26 15:30:00+00:00
[2026-04-26T10:52:43.062+0000] {processor.py:208} INFO - Processing /opt/airflow/dags/dag2.py took 0.237 seconds
[2026-04-26T10:53:13.416+0000] {processor.py:186} INFO - Started process (PID=2292) to work on /opt/airflow/dags/dag2.py
[2026-04-26T10:53:13.419+0000] {processor.py:914} INFO - Processing file /opt/airflow/dags/dag2.py for tasks to queue
[2026-04-26T10:53:13.426+0000] {logging_mixin.py:190} INFO - [2026-04-26T10:53:13.425+0000] {dagbag.py:588} INFO - Filling up the DagBag from /opt/airflow/dags/dag2.py
[2026-04-26T10:53:13.473+0000] {processor.py:925} INFO - DAG(s) 'data_pipeline' retrieved from /opt/airflow/dags/dag2.py
[2026-04-26T10:53:13.556+0000] {logging_mixin.py:190} INFO - [2026-04-26T10:53:13.555+0000] {dag.py:3239} INFO - Sync 1 DAGs
[2026-04-26T10:53:13.609+0000] {logging_mixin.py:190} INFO - [2026-04-26T10:53:13.609+0000] {dag.py:4180} INFO - Setting next_dagrun for data_pipeline to 2026-04-25 15:30:00+00:00, run_after=2026-04-26 15:30:00+00:00
[2026-04-26T10:53:13.638+0000] {processor.py:208} INFO - Processing /opt/airflow/dags/dag2.py took 0.244 seconds
[2026-04-26T10:53:43.996+0000] {processor.py:186} INFO - Started process (PID=2308) to work on /opt/airflow/dags/dag2.py
[2026-04-26T10:53:43.998+0000] {processor.py:914} INFO - Processing file /opt/airflow/dags/dag2.py for tasks to queue
[2026-04-26T10:53:44.007+0000] {logging_mixin.py:190} INFO - [2026-04-26T10:53:44.006+0000] {dagbag.py:588} INFO - Filling up the DagBag from /opt/airflow/dags/dag2.py
[2026-04-26T10:53:44.047+0000] {processor.py:925} INFO - DAG(s) 'data_pipeline' retrieved from /opt/airflow/dags/dag2.py
[2026-04-26T10:53:44.132+0000] {logging_mixin.py:190} INFO - [2026-04-26T10:53:44.131+0000] {dag.py:3239} INFO - Sync 1 DAGs
[2026-04-26T10:53:44.221+0000] {logging_mixin.py:190} INFO - [2026-04-26T10:53:44.220+0000] {dag.py:4180} INFO - Setting next_dagrun for data_pipeline to 2026-04-25 15:30:00+00:00, run_after=2026-04-26 15:30:00+00:00
[2026-04-26T10:53:44.278+0000] {processor.py:208} INFO - Processing /opt/airflow/dags/dag2.py took 0.302 seconds
[2026-04-26T10:54:14.628+0000] {processor.py:186} INFO - Started process (PID=2324) to work on /opt/airflow/dags/dag2.py
[2026-04-26T10:54:14.632+0000] {processor.py:914} INFO - Processing file /opt/airflow/dags/dag2.py for tasks to queue
[2026-04-26T10:54:14.639+0000] {logging_mixin.py:190} INFO - [2026-04-26T10:54:14.638+0000] {dagbag.py:588} INFO - Filling up the DagBag from /opt/airflow/dags/dag2.py
[2026-04-26T10:54:14.675+0000] {processor.py:925} INFO - DAG(s) 'data_pipeline' retrieved from /opt/airflow/dags/dag2.py
[2026-04-26T10:54:14.744+0000] {logging_mixin.py:190} INFO - [2026-04-26T10:54:14.743+0000] {dag.py:3239} INFO - Sync 1 DAGs
[2026-04-26T10:54:14.778+0000] {logging_mixin.py:190} INFO - [2026-04-26T10:54:14.777+0000] {dag.py:4180} INFO - Setting next_dagrun for data_pipeline to 2026-04-25 15:30:00+00:00, run_after=2026-04-26 15:30:00+00:00
[2026-04-26T10:54:14.797+0000] {processor.py:208} INFO - Processing /opt/airflow/dags/dag2.py took 0.187 seconds
[2026-04-26T10:54:45.107+0000] {processor.py:186} INFO - Started process (PID=2340) to work on /opt/airflow/dags/dag2.py
[2026-04-26T10:54:45.108+0000] {processor.py:914} INFO - Processing file /opt/airflow/dags/dag2.py for tasks to queue
[2026-04-26T10:54:45.111+0000] {logging_mixin.py:190} INFO - [2026-04-26T10:54:45.111+0000] {dagbag.py:588} INFO - Filling up the DagBag from /opt/airflow/dags/dag2.py
[2026-04-26T10:54:45.132+0000] {processor.py:925} INFO - DAG(s) 'data_pipeline' retrieved from /opt/airflow/dags/dag2.py
[2026-04-26T10:54:45.179+0000] {logging_mixin.py:190} INFO - [2026-04-26T10:54:45.178+0000] {dag.py:3239} INFO - Sync 1 DAGs
[2026-04-26T10:54:45.231+0000] {logging_mixin.py:190} INFO - [2026-04-26T10:54:45.230+0000] {dag.py:4180} INFO - Setting next_dagrun for data_pipeline to 2026-04-25 15:30:00+00:00, run_after=2026-04-26 15:30:00+00:00
[2026-04-26T10:54:45.259+0000] {processor.py:208} INFO - Processing /opt/airflow/dags/dag2.py took 0.164 seconds
[2026-04-26T10:55:15.430+0000] {processor.py:186} INFO - Started process (PID=2356) to work on /opt/airflow/dags/dag2.py
[2026-04-26T10:55:15.433+0000] {processor.py:914} INFO - Processing file /opt/airflow/dags/dag2.py for tasks to queue
[2026-04-26T10:55:15.441+0000] {logging_mixin.py:190} INFO - [2026-04-26T10:55:15.440+0000] {dagbag.py:588} INFO - Filling up the DagBag from /opt/airflow/dags/dag2.py
[2026-04-26T10:55:15.476+0000] {processor.py:925} INFO - DAG(s) 'data_pipeline' retrieved from /opt/airflow/dags/dag2.py
[2026-04-26T10:55:15.532+0000] {logging_mixin.py:190} INFO - [2026-04-26T10:55:15.531+0000] {dag.py:3239} INFO - Sync 1 DAGs
[2026-04-26T10:55:15.588+0000] {logging_mixin.py:190} INFO - [2026-04-26T10:55:15.587+0000] {dag.py:4180} INFO - Setting next_dagrun for data_pipeline to 2026-04-25 15:30:00+00:00, run_after=2026-04-26 15:30:00+00:00
[2026-04-26T10:55:15.623+0000] {processor.py:208} INFO - Processing /opt/airflow/dags/dag2.py took 0.214 seconds
[2026-04-26T10:55:45.965+0000] {processor.py:186} INFO - Started process (PID=2372) to work on /opt/airflow/dags/dag2.py
[2026-04-26T10:55:45.966+0000] {processor.py:914} INFO - Processing file /opt/airflow/dags/dag2.py for tasks to queue
[2026-04-26T10:55:45.968+0000] {logging_mixin.py:190} INFO - [2026-04-26T10:55:45.968+0000] {dagbag.py:588} INFO - Filling up the DagBag from /opt/airflow/dags/dag2.py
[2026-04-26T10:55:45.981+0000] {processor.py:925} INFO - DAG(s) 'data_pipeline' retrieved from /opt/airflow/dags/dag2.py
[2026-04-26T10:55:46.004+0000] {logging_mixin.py:190} INFO - [2026-04-26T10:55:46.004+0000] {dag.py:3239} INFO - Sync 1 DAGs
[2026-04-26T10:55:46.028+0000] {logging_mixin.py:190} INFO - [2026-04-26T10:55:46.028+0000] {dag.py:4180} INFO - Setting next_dagrun for data_pipeline to 2026-04-25 15:30:00+00:00, run_after=2026-04-26 15:30:00+00:00
[2026-04-26T10:55:46.047+0000] {processor.py:208} INFO - Processing /opt/airflow/dags/dag2.py took 0.092 seconds
[2026-04-26T10:56:16.436+0000] {processor.py:186} INFO - Started process (PID=2388) to work on /opt/airflow/dags/dag2.py
[2026-04-26T10:56:16.438+0000] {processor.py:914} INFO - Processing file /opt/airflow/dags/dag2.py for tasks to queue
[2026-04-26T10:56:16.445+0000] {logging_mixin.py:190} INFO - [2026-04-26T10:56:16.444+0000] {dagbag.py:588} INFO - Filling up the DagBag from /opt/airflow/dags/dag2.py
[2026-04-26T10:56:16.478+0000] {processor.py:925} INFO - DAG(s) 'data_pipeline' retrieved from /opt/airflow/dags/dag2.py
[2026-04-26T10:56:16.566+0000] {logging_mixin.py:190} INFO - [2026-04-26T10:56:16.565+0000] {dag.py:3239} INFO - Sync 1 DAGs
[2026-04-26T10:56:16.644+0000] {logging_mixin.py:190} INFO - [2026-04-26T10:56:16.643+0000] {dag.py:4180} INFO - Setting next_dagrun for data_pipeline to 2026-04-25 15:30:00+00:00, run_after=2026-04-26 15:30:00+00:00
[2026-04-26T10:56:16.690+0000] {processor.py:208} INFO - Processing /opt/airflow/dags/dag2.py took 0.279 seconds
[2026-04-26T10:56:47.053+0000] {processor.py:186} INFO - Started process (PID=2404) to work on /opt/airflow/dags/dag2.py
[2026-04-26T10:56:47.055+0000] {processor.py:914} INFO - Processing file /opt/airflow/dags/dag2.py for tasks to queue
[2026-04-26T10:56:47.063+0000] {logging_mixin.py:190} INFO - [2026-04-26T10:56:47.062+0000] {dagbag.py:588} INFO - Filling up the DagBag from /opt/airflow/dags/dag2.py
[2026-04-26T10:56:47.098+0000] {processor.py:925} INFO - DAG(s) 'data_pipeline' retrieved from /opt/airflow/dags/dag2.py
[2026-04-26T10:56:47.179+0000] {logging_mixin.py:190} INFO - [2026-04-26T10:56:47.178+0000] {dag.py:3239} INFO - Sync 1 DAGs
[2026-04-26T10:56:47.206+0000] {logging_mixin.py:190} INFO - [2026-04-26T10:56:47.205+0000] {dag.py:4180} INFO - Setting next_dagrun for data_pipeline to 2026-04-25 15:30:00+00:00, run_after=2026-04-26 15:30:00+00:00
[2026-04-26T10:56:47.223+0000] {processor.py:208} INFO - Processing /opt/airflow/dags/dag2.py took 0.188 seconds
[2026-04-26T10:57:17.359+0000] {processor.py:186} INFO - Started process (PID=2420) to work on /opt/airflow/dags/dag2.py
[2026-04-26T10:57:17.362+0000] {processor.py:914} INFO - Processing file /opt/airflow/dags/dag2.py for tasks to queue
[2026-04-26T10:57:17.370+0000] {logging_mixin.py:190} INFO - [2026-04-26T10:57:17.369+0000] {dagbag.py:588} INFO - Filling up the DagBag from /opt/airflow/dags/dag2.py
[2026-04-26T10:57:17.405+0000] {processor.py:925} INFO - DAG(s) 'data_pipeline' retrieved from /opt/airflow/dags/dag2.py
[2026-04-26T10:57:17.454+0000] {logging_mixin.py:190} INFO - [2026-04-26T10:57:17.453+0000] {dag.py:3239} INFO - Sync 1 DAGs
[2026-04-26T10:57:17.479+0000] {logging_mixin.py:190} INFO - [2026-04-26T10:57:17.479+0000] {dag.py:4180} INFO - Setting next_dagrun for data_pipeline to 2026-04-25 15:30:00+00:00, run_after=2026-04-26 15:30:00+00:00
[2026-04-26T10:57:17.497+0000] {processor.py:208} INFO - Processing /opt/airflow/dags/dag2.py took 0.162 seconds
[2026-04-26T10:57:47.852+0000] {processor.py:186} INFO - Started process (PID=2436) to work on /opt/airflow/dags/dag2.py
[2026-04-26T10:57:47.855+0000] {processor.py:914} INFO - Processing file /opt/airflow/dags/dag2.py for tasks to queue
[2026-04-26T10:57:47.861+0000] {logging_mixin.py:190} INFO - [2026-04-26T10:57:47.860+0000] {dagbag.py:588} INFO - Filling up the DagBag from /opt/airflow/dags/dag2.py
[2026-04-26T10:57:47.900+0000] {processor.py:925} INFO - DAG(s) 'data_pipeline' retrieved from /opt/airflow/dags/dag2.py
[2026-04-26T10:57:47.959+0000] {logging_mixin.py:190} INFO - [2026-04-26T10:57:47.958+0000] {dag.py:3239} INFO - Sync 1 DAGs
[2026-04-26T10:57:47.985+0000] {logging_mixin.py:190} INFO - [2026-04-26T10:57:47.985+0000] {dag.py:4180} INFO - Setting next_dagrun for data_pipeline to 2026-04-25 15:30:00+00:00, run_after=2026-04-26 15:30:00+00:00
[2026-04-26T10:57:48.001+0000] {processor.py:208} INFO - Processing /opt/airflow/dags/dag2.py took 0.172 seconds
[2026-04-26T10:58:18.164+0000] {processor.py:186} INFO - Started process (PID=2452) to work on /opt/airflow/dags/dag2.py
[2026-04-26T10:58:18.166+0000] {processor.py:914} INFO - Processing file /opt/airflow/dags/dag2.py for tasks to queue
[2026-04-26T10:58:18.173+0000] {logging_mixin.py:190} INFO - [2026-04-26T10:58:18.172+0000] {dagbag.py:588} INFO - Filling up the DagBag from /opt/airflow/dags/dag2.py
[2026-04-26T10:58:18.210+0000] {processor.py:925} INFO - DAG(s) 'data_pipeline' retrieved from /opt/airflow/dags/dag2.py
[2026-04-26T10:58:18.300+0000] {logging_mixin.py:190} INFO - [2026-04-26T10:58:18.299+0000] {dag.py:3239} INFO - Sync 1 DAGs
[2026-04-26T10:58:18.331+0000] {logging_mixin.py:190} INFO - [2026-04-26T10:58:18.331+0000] {dag.py:4180} INFO - Setting next_dagrun for data_pipeline to 2026-04-25 15:30:00+00:00, run_after=2026-04-26 15:30:00+00:00
[2026-04-26T10:58:18.351+0000] {processor.py:208} INFO - Processing /opt/airflow/dags/dag2.py took 0.208 seconds
[2026-04-26T10:58:48.698+0000] {processor.py:186} INFO - Started process (PID=2468) to work on /opt/airflow/dags/dag2.py
[2026-04-26T10:58:48.700+0000] {processor.py:914} INFO - Processing file /opt/airflow/dags/dag2.py for tasks to queue
[2026-04-26T10:58:48.705+0000] {logging_mixin.py:190} INFO - [2026-04-26T10:58:48.705+0000] {dagbag.py:588} INFO - Filling up the DagBag from /opt/airflow/dags/dag2.py
[2026-04-26T10:58:48.727+0000] {processor.py:925} INFO - DAG(s) 'data_pipeline' retrieved from /opt/airflow/dags/dag2.py
[2026-04-26T10:58:48.776+0000] {logging_mixin.py:190} INFO - [2026-04-26T10:58:48.776+0000] {dag.py:3239} INFO - Sync 1 DAGs
[2026-04-26T10:58:48.802+0000] {logging_mixin.py:190} INFO - [2026-04-26T10:58:48.802+0000] {dag.py:4180} INFO - Setting next_dagrun for data_pipeline to 2026-04-25 15:30:00+00:00, run_after=2026-04-26 15:30:00+00:00
[2026-04-26T10:58:48.819+0000] {processor.py:208} INFO - Processing /opt/airflow/dags/dag2.py took 0.138 seconds
[2026-04-26T10:59:19.169+0000] {processor.py:186} INFO - Started process (PID=2484) to work on /opt/airflow/dags/dag2.py
[2026-04-26T10:59:19.171+0000] {processor.py:914} INFO - Processing file /opt/airflow/dags/dag2.py for tasks to queue
[2026-04-26T10:59:19.177+0000] {logging_mixin.py:190} INFO - [2026-04-26T10:59:19.176+0000] {dagbag.py:588} INFO - Filling up the DagBag from /opt/airflow/dags/dag2.py
[2026-04-26T10:59:19.216+0000] {processor.py:925} INFO - DAG(s) 'data_pipeline' retrieved from /opt/airflow/dags/dag2.py
[2026-04-26T10:59:19.310+0000] {logging_mixin.py:190} INFO - [2026-04-26T10:59:19.310+0000] {dag.py:3239} INFO - Sync 1 DAGs
[2026-04-26T10:59:19.347+0000] {logging_mixin.py:190} INFO - [2026-04-26T10:59:19.346+0000] {dag.py:4180} INFO - Setting next_dagrun for data_pipeline to 2026-04-25 15:30:00+00:00, run_after=2026-04-26 15:30:00+00:00
[2026-04-26T10:59:19.365+0000] {processor.py:208} INFO - Processing /opt/airflow/dags/dag2.py took 0.216 seconds
[2026-04-26T10:59:49.491+0000] {processor.py:186} INFO - Started process (PID=2500) to work on /opt/airflow/dags/dag2.py
[2026-04-26T10:59:49.494+0000] {processor.py:914} INFO - Processing file /opt/airflow/dags/dag2.py for tasks to queue
[2026-04-26T10:59:49.500+0000] {logging_mixin.py:190} INFO - [2026-04-26T10:59:49.499+0000] {dagbag.py:588} INFO - Filling up the DagBag from /opt/airflow/dags/dag2.py
[2026-04-26T10:59:49.539+0000] {processor.py:925} INFO - DAG(s) 'data_pipeline' retrieved from /opt/airflow/dags/dag2.py
[2026-04-26T10:59:49.610+0000] {logging_mixin.py:190} INFO - [2026-04-26T10:59:49.609+0000] {dag.py:3239} INFO - Sync 1 DAGs
[2026-04-26T10:59:49.635+0000] {logging_mixin.py:190} INFO - [2026-04-26T10:59:49.635+0000] {dag.py:4180} INFO - Setting next_dagrun for data_pipeline to 2026-04-25 15:30:00+00:00, run_after=2026-04-26 15:30:00+00:00
[2026-04-26T10:59:49.650+0000] {processor.py:208} INFO - Processing /opt/airflow/dags/dag2.py took 0.179 seconds
[2026-04-26T11:00:20.010+0000] {processor.py:186} INFO - Started process (PID=2516) to work on /opt/airflow/dags/dag2.py
[2026-04-26T11:00:20.012+0000] {processor.py:914} INFO - Processing file /opt/airflow/dags/dag2.py for tasks to queue
[2026-04-26T11:00:20.020+0000] {logging_mixin.py:190} INFO - [2026-04-26T11:00:20.019+0000] {dagbag.py:588} INFO - Filling up the DagBag from /opt/airflow/dags/dag2.py
[2026-04-26T11:00:20.057+0000] {processor.py:925} INFO - DAG(s) 'data_pipeline' retrieved from /opt/airflow/dags/dag2.py
[2026-04-26T11:00:20.160+0000] {logging_mixin.py:190} INFO - [2026-04-26T11:00:20.159+0000] {dag.py:3239} INFO - Sync 1 DAGs
[2026-04-26T11:00:20.268+0000] {logging_mixin.py:190} INFO - [2026-04-26T11:00:20.268+0000] {dag.py:4180} INFO - Setting next_dagrun for data_pipeline to 2026-04-25 15:30:00+00:00, run_after=2026-04-26 15:30:00+00:00
[2026-04-26T11:00:20.417+0000] {processor.py:208} INFO - Processing /opt/airflow/dags/dag2.py took 0.428 seconds
[2026-04-26T11:00:50.762+0000] {processor.py:186} INFO - Started process (PID=2532) to work on /opt/airflow/dags/dag2.py
[2026-04-26T11:00:50.765+0000] {processor.py:914} INFO - Processing file /opt/airflow/dags/dag2.py for tasks to queue
[2026-04-26T11:00:50.772+0000] {logging_mixin.py:190} INFO - [2026-04-26T11:00:50.771+0000] {dagbag.py:588} INFO - Filling up the DagBag from /opt/airflow/dags/dag2.py
[2026-04-26T11:00:50.809+0000] {processor.py:925} INFO - DAG(s) 'data_pipeline' retrieved from /opt/airflow/dags/dag2.py
[2026-04-26T11:00:50.898+0000] {logging_mixin.py:190} INFO - [2026-04-26T11:00:50.898+0000] {dag.py:3239} INFO - Sync 1 DAGs
[2026-04-26T11:00:50.933+0000] {logging_mixin.py:190} INFO - [2026-04-26T11:00:50.933+0000] {dag.py:4180} INFO - Setting next_dagrun for data_pipeline to 2026-04-25 15:30:00+00:00, run_after=2026-04-26 15:30:00+00:00
[2026-04-26T11:00:50.950+0000] {processor.py:208} INFO - Processing /opt/airflow/dags/dag2.py took 0.205 seconds
[2026-04-26T11:01:21.283+0000] {processor.py:186} INFO - Started process (PID=2548) to work on /opt/airflow/dags/dag2.py
[2026-04-26T11:01:21.284+0000] {processor.py:914} INFO - Processing file /opt/airflow/dags/dag2.py for tasks to queue
[2026-04-26T11:01:21.287+0000] {logging_mixin.py:190} INFO - [2026-04-26T11:01:21.286+0000] {dagbag.py:588} INFO - Filling up the DagBag from /opt/airflow/dags/dag2.py
[2026-04-26T11:01:21.299+0000] {processor.py:925} INFO - DAG(s) 'data_pipeline' retrieved from /opt/airflow/dags/dag2.py
[2026-04-26T11:01:21.328+0000] {logging_mixin.py:190} INFO - [2026-04-26T11:01:21.328+0000] {dag.py:3239} INFO - Sync 1 DAGs
[2026-04-26T11:01:21.353+0000] {logging_mixin.py:190} INFO - [2026-04-26T11:01:21.352+0000] {dag.py:4180} INFO - Setting next_dagrun for data_pipeline to 2026-04-25 15:30:00+00:00, run_after=2026-04-26 15:30:00+00:00
[2026-04-26T11:01:21.373+0000] {processor.py:208} INFO - Processing /opt/airflow/dags/dag2.py took 0.097 seconds
[2026-04-26T11:01:51.624+0000] {processor.py:186} INFO - Started process (PID=2564) to work on /opt/airflow/dags/dag2.py
[2026-04-26T11:01:51.626+0000] {processor.py:914} INFO - Processing file /opt/airflow/dags/dag2.py for tasks to queue
[2026-04-26T11:01:51.633+0000] {logging_mixin.py:190} INFO - [2026-04-26T11:01:51.632+0000] {dagbag.py:588} INFO - Filling up the DagBag from /opt/airflow/dags/dag2.py
[2026-04-26T11:01:51.685+0000] {processor.py:925} INFO - DAG(s) 'data_pipeline' retrieved from /opt/airflow/dags/dag2.py
[2026-04-26T11:01:51.724+0000] {logging_mixin.py:190} INFO - [2026-04-26T11:01:51.724+0000] {dag.py:3239} INFO - Sync 1 DAGs
[2026-04-26T11:01:51.755+0000] {logging_mixin.py:190} INFO - [2026-04-26T11:01:51.754+0000] {dag.py:4180} INFO - Setting next_dagrun for data_pipeline to 2026-04-25 15:30:00+00:00, run_after=2026-04-26 15:30:00+00:00
[2026-04-26T11:01:51.776+0000] {processor.py:208} INFO - Processing /opt/airflow/dags/dag2.py took 0.172 seconds
[2026-04-26T11:02:21.999+0000] {processor.py:186} INFO - Started process (PID=2580) to work on /opt/airflow/dags/dag2.py
[2026-04-26T11:02:22.001+0000] {processor.py:914} INFO - Processing file /opt/airflow/dags/dag2.py for tasks to queue
[2026-04-26T11:02:22.007+0000] {logging_mixin.py:190} INFO - [2026-04-26T11:02:22.006+0000] {dagbag.py:588} INFO - Filling up the DagBag from /opt/airflow/dags/dag2.py
[2026-04-26T11:02:22.068+0000] {processor.py:925} INFO - DAG(s) 'data_pipeline' retrieved from /opt/airflow/dags/dag2.py
[2026-04-26T11:02:22.148+0000] {logging_mixin.py:190} INFO - [2026-04-26T11:02:22.147+0000] {dag.py:3239} INFO - Sync 1 DAGs
[2026-04-26T11:02:22.213+0000] {logging_mixin.py:190} INFO - [2026-04-26T11:02:22.212+0000] {dag.py:4180} INFO - Setting next_dagrun for data_pipeline to 2026-04-25 15:30:00+00:00, run_after=2026-04-26 15:30:00+00:00
[2026-04-26T11:02:22.256+0000] {processor.py:208} INFO - Processing /opt/airflow/dags/dag2.py took 0.276 seconds
[2026-04-26T11:02:52.606+0000] {processor.py:186} INFO - Started process (PID=2596) to work on /opt/airflow/dags/dag2.py
[2026-04-26T11:02:52.608+0000] {processor.py:914} INFO - Processing file /opt/airflow/dags/dag2.py for tasks to queue
[2026-04-26T11:02:52.614+0000] {logging_mixin.py:190} INFO - [2026-04-26T11:02:52.613+0000] {dagbag.py:588} INFO - Filling up the DagBag from /opt/airflow/dags/dag2.py
[2026-04-26T11:02:52.666+0000] {processor.py:925} INFO - DAG(s) 'data_pipeline' retrieved from /opt/airflow/dags/dag2.py
[2026-04-26T11:02:52.736+0000] {logging_mixin.py:190} INFO - [2026-04-26T11:02:52.736+0000] {dag.py:3239} INFO - Sync 1 DAGs
[2026-04-26T11:02:52.766+0000] {logging_mixin.py:190} INFO - [2026-04-26T11:02:52.766+0000] {dag.py:4180} INFO - Setting next_dagrun for data_pipeline to 2026-04-25 15:30:00+00:00, run_after=2026-04-26 15:30:00+00:00
[2026-04-26T11:02:52.789+0000] {processor.py:208} INFO - Processing /opt/airflow/dags/dag2.py took 0.206 seconds
[2026-04-26T11:03:23.146+0000] {processor.py:186} INFO - Started process (PID=2612) to work on /opt/airflow/dags/dag2.py
[2026-04-26T11:03:23.149+0000] {processor.py:914} INFO - Processing file /opt/airflow/dags/dag2.py for tasks to queue
[2026-04-26T11:03:23.156+0000] {logging_mixin.py:190} INFO - [2026-04-26T11:03:23.155+0000] {dagbag.py:588} INFO - Filling up the DagBag from /opt/airflow/dags/dag2.py
[2026-04-26T11:03:23.211+0000] {processor.py:925} INFO - DAG(s) 'data_pipeline' retrieved from /opt/airflow/dags/dag2.py
[2026-04-26T11:03:23.288+0000] {logging_mixin.py:190} INFO - [2026-04-26T11:03:23.287+0000] {dag.py:3239} INFO - Sync 1 DAGs
[2026-04-26T11:03:23.337+0000] {logging_mixin.py:190} INFO - [2026-04-26T11:03:23.336+0000] {dag.py:4180} INFO - Setting next_dagrun for data_pipeline to 2026-04-25 15:30:00+00:00, run_after=2026-04-26 15:30:00+00:00
[2026-04-26T11:03:23.475+0000] {processor.py:208} INFO - Processing /opt/airflow/dags/dag2.py took 0.352 seconds
[2026-04-26T11:03:53.814+0000] {processor.py:186} INFO - Started process (PID=2628) to work on /opt/airflow/dags/dag2.py
[2026-04-26T11:03:53.816+0000] {processor.py:914} INFO - Processing file /opt/airflow/dags/dag2.py for tasks to queue
[2026-04-26T11:03:53.823+0000] {logging_mixin.py:190} INFO - [2026-04-26T11:03:53.822+0000] {dagbag.py:588} INFO - Filling up the DagBag from /opt/airflow/dags/dag2.py
[2026-04-26T11:03:53.871+0000] {processor.py:925} INFO - DAG(s) 'data_pipeline' retrieved from /opt/airflow/dags/dag2.py
[2026-04-26T11:03:53.940+0000] {logging_mixin.py:190} INFO - [2026-04-26T11:03:53.940+0000] {dag.py:3239} INFO - Sync 1 DAGs
[2026-04-26T11:03:53.977+0000] {logging_mixin.py:190} INFO - [2026-04-26T11:03:53.977+0000] {dag.py:4180} INFO - Setting next_dagrun for data_pipeline to 2026-04-25 15:30:00+00:00, run_after=2026-04-26 15:30:00+00:00
[2026-04-26T11:03:54.001+0000] {processor.py:208} INFO - Processing /opt/airflow/dags/dag2.py took 0.205 seconds
[2026-04-26T11:04:24.118+0000] {processor.py:186} INFO - Started process (PID=2644) to work on /opt/airflow/dags/dag2.py
[2026-04-26T11:04:24.120+0000] {processor.py:914} INFO - Processing file /opt/airflow/dags/dag2.py for tasks to queue
[2026-04-26T11:04:24.129+0000] {logging_mixin.py:190} INFO - [2026-04-26T11:04:24.128+0000] {dagbag.py:588} INFO - Filling up the DagBag from /opt/airflow/dags/dag2.py
[2026-04-26T11:04:24.181+0000] {processor.py:925} INFO - DAG(s) 'data_pipeline' retrieved from /opt/airflow/dags/dag2.py
[2026-04-26T11:04:24.247+0000] {logging_mixin.py:190} INFO - [2026-04-26T11:04:24.246+0000] {dag.py:3239} INFO - Sync 1 DAGs
[2026-04-26T11:04:24.291+0000] {logging_mixin.py:190} INFO - [2026-04-26T11:04:24.291+0000] {dag.py:4180} INFO - Setting next_dagrun for data_pipeline to 2026-04-25 15:30:00+00:00, run_after=2026-04-26 15:30:00+00:00
[2026-04-26T11:04:24.323+0000] {processor.py:208} INFO - Processing /opt/airflow/dags/dag2.py took 0.223 seconds
[2026-04-26T11:04:54.669+0000] {processor.py:186} INFO - Started process (PID=2660) to work on /opt/airflow/dags/dag2.py
[2026-04-26T11:04:54.671+0000] {processor.py:914} INFO - Processing file /opt/airflow/dags/dag2.py for tasks to queue
[2026-04-26T11:04:54.677+0000] {logging_mixin.py:190} INFO - [2026-04-26T11:04:54.676+0000] {dagbag.py:588} INFO - Filling up the DagBag from /opt/airflow/dags/dag2.py
[2026-04-26T11:04:54.723+0000] {processor.py:925} INFO - DAG(s) 'data_pipeline' retrieved from /opt/airflow/dags/dag2.py
[2026-04-26T11:04:54.795+0000] {logging_mixin.py:190} INFO - [2026-04-26T11:04:54.794+0000] {dag.py:3239} INFO - Sync 1 DAGs
[2026-04-26T11:04:54.858+0000] {logging_mixin.py:190} INFO - [2026-04-26T11:04:54.857+0000] {dag.py:4180} INFO - Setting next_dagrun for data_pipeline to 2026-04-25 15:30:00+00:00, run_after=2026-04-26 15:30:00+00:00
[2026-04-26T11:04:54.892+0000] {processor.py:208} INFO - Processing /opt/airflow/dags/dag2.py took 0.241 seconds
[2026-04-26T11:05:24.988+0000] {processor.py:186} INFO - Started process (PID=2676) to work on /opt/airflow/dags/dag2.py
[2026-04-26T11:05:24.991+0000] {processor.py:914} INFO - Processing file /opt/airflow/dags/dag2.py for tasks to queue
[2026-04-26T11:05:24.997+0000] {logging_mixin.py:190} INFO - [2026-04-26T11:05:24.996+0000] {dagbag.py:588} INFO - Filling up the DagBag from /opt/airflow/dags/dag2.py
[2026-04-26T11:05:25.045+0000] {processor.py:925} INFO - DAG(s) 'data_pipeline' retrieved from /opt/airflow/dags/dag2.py
[2026-04-26T11:05:25.080+0000] {logging_mixin.py:190} INFO - [2026-04-26T11:05:25.079+0000] {dag.py:3239} INFO - Sync 1 DAGs
[2026-04-26T11:05:25.103+0000] {logging_mixin.py:190} INFO - [2026-04-26T11:05:25.103+0000] {dag.py:4180} INFO - Setting next_dagrun for data_pipeline to 2026-04-25 15:30:00+00:00, run_after=2026-04-26 15:30:00+00:00
[2026-04-26T11:05:25.123+0000] {processor.py:208} INFO - Processing /opt/airflow/dags/dag2.py took 0.153 seconds
[2026-04-26T11:05:55.282+0000] {processor.py:186} INFO - Started process (PID=2692) to work on /opt/airflow/dags/dag2.py
[2026-04-26T11:05:55.285+0000] {processor.py:914} INFO - Processing file /opt/airflow/dags/dag2.py for tasks to queue
[2026-04-26T11:05:55.292+0000] {logging_mixin.py:190} INFO - [2026-04-26T11:05:55.291+0000] {dagbag.py:588} INFO - Filling up the DagBag from /opt/airflow/dags/dag2.py
[2026-04-26T11:05:55.344+0000] {processor.py:925} INFO - DAG(s) 'data_pipeline' retrieved from /opt/airflow/dags/dag2.py
[2026-04-26T11:05:55.414+0000] {logging_mixin.py:190} INFO - [2026-04-26T11:05:55.414+0000] {dag.py:3239} INFO - Sync 1 DAGs
[2026-04-26T11:05:55.446+0000] {logging_mixin.py:190} INFO - [2026-04-26T11:05:55.446+0000] {dag.py:4180} INFO - Setting next_dagrun for data_pipeline to 2026-04-25 15:30:00+00:00, run_after=2026-04-26 15:30:00+00:00
[2026-04-26T11:05:55.464+0000] {processor.py:208} INFO - Processing /opt/airflow/dags/dag2.py took 0.202 seconds
[2026-04-26T11:06:25.850+0000] {processor.py:186} INFO - Started process (PID=2708) to work on /opt/airflow/dags/dag2.py
[2026-04-26T11:06:25.852+0000] {processor.py:914} INFO - Processing file /opt/airflow/dags/dag2.py for tasks to queue
[2026-04-26T11:06:25.859+0000] {logging_mixin.py:190} INFO - [2026-04-26T11:06:25.858+0000] {dagbag.py:588} INFO - Filling up the DagBag from /opt/airflow/dags/dag2.py
[2026-04-26T11:06:25.891+0000] {processor.py:925} INFO - DAG(s) 'data_pipeline' retrieved from /opt/airflow/dags/dag2.py
[2026-04-26T11:06:25.970+0000] {logging_mixin.py:190} INFO - [2026-04-26T11:06:25.969+0000] {dag.py:3239} INFO - Sync 1 DAGs
[2026-04-26T11:06:26.013+0000] {logging_mixin.py:190} INFO - [2026-04-26T11:06:26.013+0000] {dag.py:4180} INFO - Setting next_dagrun for data_pipeline to 2026-04-25 15:30:00+00:00, run_after=2026-04-26 15:30:00+00:00
[2026-04-26T11:06:26.033+0000] {processor.py:208} INFO - Processing /opt/airflow/dags/dag2.py took 0.201 seconds
[2026-04-26T11:06:56.162+0000] {processor.py:186} INFO - Started process (PID=2724) to work on /opt/airflow/dags/dag2.py
[2026-04-26T11:06:56.166+0000] {processor.py:914} INFO - Processing file /opt/airflow/dags/dag2.py for tasks to queue
[2026-04-26T11:06:56.174+0000] {logging_mixin.py:190} INFO - [2026-04-26T11:06:56.173+0000] {dagbag.py:588} INFO - Filling up the DagBag from /opt/airflow/dags/dag2.py
[2026-04-26T11:06:56.212+0000] {processor.py:925} INFO - DAG(s) 'data_pipeline' retrieved from /opt/airflow/dags/dag2.py
[2026-04-26T11:06:56.289+0000] {logging_mixin.py:190} INFO - [2026-04-26T11:06:56.288+0000] {dag.py:3239} INFO - Sync 1 DAGs
[2026-04-26T11:06:56.323+0000] {logging_mixin.py:190} INFO - [2026-04-26T11:06:56.322+0000] {dag.py:4180} INFO - Setting next_dagrun for data_pipeline to 2026-04-25 15:30:00+00:00, run_after=2026-04-26 15:30:00+00:00
[2026-04-26T11:06:56.340+0000] {processor.py:208} INFO - Processing /opt/airflow/dags/dag2.py took 0.196 seconds
[2026-04-26T11:07:26.677+0000] {processor.py:186} INFO - Started process (PID=2740) to work on /opt/airflow/dags/dag2.py
[2026-04-26T11:07:26.679+0000] {processor.py:914} INFO - Processing file /opt/airflow/dags/dag2.py for tasks to queue
[2026-04-26T11:07:26.686+0000] {logging_mixin.py:190} INFO - [2026-04-26T11:07:26.685+0000] {dagbag.py:588} INFO - Filling up the DagBag from /opt/airflow/dags/dag2.py
[2026-04-26T11:07:26.720+0000] {processor.py:925} INFO - DAG(s) 'data_pipeline' retrieved from /opt/airflow/dags/dag2.py
[2026-04-26T11:07:26.787+0000] {logging_mixin.py:190} INFO - [2026-04-26T11:07:26.787+0000] {dag.py:3239} INFO - Sync 1 DAGs
[2026-04-26T11:07:26.848+0000] {logging_mixin.py:190} INFO - [2026-04-26T11:07:26.848+0000] {dag.py:4180} INFO - Setting next_dagrun for data_pipeline to 2026-04-25 15:30:00+00:00, run_after=2026-04-26 15:30:00+00:00
[2026-04-26T11:07:26.882+0000] {processor.py:208} INFO - Processing /opt/airflow/dags/dag2.py took 0.232 seconds
[2026-04-26T11:07:56.991+0000] {processor.py:186} INFO - Started process (PID=2756) to work on /opt/airflow/dags/dag2.py
[2026-04-26T11:07:56.993+0000] {processor.py:914} INFO - Processing file /opt/airflow/dags/dag2.py for tasks to queue
[2026-04-26T11:07:57.001+0000] {logging_mixin.py:190} INFO - [2026-04-26T11:07:57.000+0000] {dagbag.py:588} INFO - Filling up the DagBag from /opt/airflow/dags/dag2.py
[2026-04-26T11:07:57.035+0000] {processor.py:925} INFO - DAG(s) 'data_pipeline' retrieved from /opt/airflow/dags/dag2.py
[2026-04-26T11:07:57.112+0000] {logging_mixin.py:190} INFO - [2026-04-26T11:07:57.111+0000] {dag.py:3239} INFO - Sync 1 DAGs
[2026-04-26T11:07:57.176+0000] {logging_mixin.py:190} INFO - [2026-04-26T11:07:57.176+0000] {dag.py:4180} INFO - Setting next_dagrun for data_pipeline to 2026-04-25 15:30:00+00:00, run_after=2026-04-26 15:30:00+00:00
[2026-04-26T11:07:57.201+0000] {processor.py:208} INFO - Processing /opt/airflow/dags/dag2.py took 0.228 seconds
[2026-04-26T11:08:27.540+0000] {processor.py:186} INFO - Started process (PID=2772) to work on /opt/airflow/dags/dag2.py
[2026-04-26T11:08:27.542+0000] {processor.py:914} INFO - Processing file /opt/airflow/dags/dag2.py for tasks to queue
[2026-04-26T11:08:27.547+0000] {logging_mixin.py:190} INFO - [2026-04-26T11:08:27.546+0000] {dagbag.py:588} INFO - Filling up the DagBag from /opt/airflow/dags/dag2.py
[2026-04-26T11:08:27.582+0000] {processor.py:925} INFO - DAG(s) 'data_pipeline' retrieved from /opt/airflow/dags/dag2.py
[2026-04-26T11:08:27.637+0000] {logging_mixin.py:190} INFO - [2026-04-26T11:08:27.637+0000] {dag.py:3239} INFO - Sync 1 DAGs
[2026-04-26T11:08:27.668+0000] {logging_mixin.py:190} INFO - [2026-04-26T11:08:27.668+0000] {dag.py:4180} INFO - Setting next_dagrun for data_pipeline to 2026-04-25 15:30:00+00:00, run_after=2026-04-26 15:30:00+00:00
[2026-04-26T11:08:27.684+0000] {processor.py:208} INFO - Processing /opt/airflow/dags/dag2.py took 0.162 seconds
[2026-04-26T11:08:57.861+0000] {processor.py:186} INFO - Started process (PID=2788) to work on /opt/airflow/dags/dag2.py
[2026-04-26T11:08:57.863+0000] {processor.py:914} INFO - Processing file /opt/airflow/dags/dag2.py for tasks to queue
[2026-04-26T11:08:57.869+0000] {logging_mixin.py:190} INFO - [2026-04-26T11:08:57.868+0000] {dagbag.py:588} INFO - Filling up the DagBag from /opt/airflow/dags/dag2.py
[2026-04-26T11:08:57.903+0000] {processor.py:925} INFO - DAG(s) 'data_pipeline' retrieved from /opt/airflow/dags/dag2.py
[2026-04-26T11:08:57.985+0000] {logging_mixin.py:190} INFO - [2026-04-26T11:08:57.984+0000] {dag.py:3239} INFO - Sync 1 DAGs
[2026-04-26T11:08:58.025+0000] {logging_mixin.py:190} INFO - [2026-04-26T11:08:58.024+0000] {dag.py:4180} INFO - Setting next_dagrun for data_pipeline to 2026-04-25 15:30:00+00:00, run_after=2026-04-26 15:30:00+00:00
[2026-04-26T11:08:58.169+0000] {processor.py:208} INFO - Processing /opt/airflow/dags/dag2.py took 0.328 seconds
[2026-04-26T11:09:28.281+0000] {processor.py:186} INFO - Started process (PID=2804) to work on /opt/airflow/dags/dag2.py
[2026-04-26T11:09:28.284+0000] {processor.py:914} INFO - Processing file /opt/airflow/dags/dag2.py for tasks to queue
[2026-04-26T11:09:28.290+0000] {logging_mixin.py:190} INFO - [2026-04-26T11:09:28.289+0000] {dagbag.py:588} INFO - Filling up the DagBag from /opt/airflow/dags/dag2.py
[2026-04-26T11:09:28.323+0000] {processor.py:925} INFO - DAG(s) 'data_pipeline' retrieved from /opt/airflow/dags/dag2.py
[2026-04-26T11:09:28.398+0000] {logging_mixin.py:190} INFO - [2026-04-26T11:09:28.397+0000] {dag.py:3239} INFO - Sync 1 DAGs
[2026-04-26T11:09:28.432+0000] {logging_mixin.py:190} INFO - [2026-04-26T11:09:28.432+0000] {dag.py:4180} INFO - Setting next_dagrun for data_pipeline to 2026-04-25 15:30:00+00:00, run_after=2026-04-26 15:30:00+00:00
[2026-04-26T11:09:28.448+0000] {processor.py:208} INFO - Processing /opt/airflow/dags/dag2.py took 0.184 seconds
[2026-04-26T11:09:58.772+0000] {processor.py:186} INFO - Started process (PID=2820) to work on /opt/airflow/dags/dag2.py
[2026-04-26T11:09:58.774+0000] {processor.py:914} INFO - Processing file /opt/airflow/dags/dag2.py for tasks to queue
[2026-04-26T11:09:58.780+0000] {logging_mixin.py:190} INFO - [2026-04-26T11:09:58.779+0000] {dagbag.py:588} INFO - Filling up the DagBag from /opt/airflow/dags/dag2.py
[2026-04-26T11:09:58.817+0000] {processor.py:925} INFO - DAG(s) 'data_pipeline' retrieved from /opt/airflow/dags/dag2.py
[2026-04-26T11:09:58.872+0000] {logging_mixin.py:190} INFO - [2026-04-26T11:09:58.872+0000] {dag.py:3239} INFO - Sync 1 DAGs
[2026-04-26T11:09:58.900+0000] {logging_mixin.py:190} INFO - [2026-04-26T11:09:58.900+0000] {dag.py:4180} INFO - Setting next_dagrun for data_pipeline to 2026-04-25 15:30:00+00:00, run_after=2026-04-26 15:30:00+00:00
[2026-04-26T11:09:58.916+0000] {processor.py:208} INFO - Processing /opt/airflow/dags/dag2.py took 0.161 seconds
[2026-04-26T11:10:29.103+0000] {processor.py:186} INFO - Started process (PID=2837) to work on /opt/airflow/dags/dag2.py
[2026-04-26T11:10:29.105+0000] {processor.py:914} INFO - Processing file /opt/airflow/dags/dag2.py for tasks to queue
[2026-04-26T11:10:29.111+0000] {logging_mixin.py:190} INFO - [2026-04-26T11:10:29.110+0000] {dagbag.py:588} INFO - Filling up the DagBag from /opt/airflow/dags/dag2.py
[2026-04-26T11:10:29.150+0000] {processor.py:925} INFO - DAG(s) 'data_pipeline' retrieved from /opt/airflow/dags/dag2.py
[2026-04-26T11:10:29.225+0000] {logging_mixin.py:190} INFO - [2026-04-26T11:10:29.224+0000] {dag.py:3239} INFO - Sync 1 DAGs
[2026-04-26T11:10:29.259+0000] {logging_mixin.py:190} INFO - [2026-04-26T11:10:29.258+0000] {dag.py:4180} INFO - Setting next_dagrun for data_pipeline to 2026-04-25 15:30:00+00:00, run_after=2026-04-26 15:30:00+00:00
[2026-04-26T11:10:29.279+0000] {processor.py:208} INFO - Processing /opt/airflow/dags/dag2.py took 0.194 seconds
[2026-04-26T11:10:59.505+0000] {processor.py:186} INFO - Started process (PID=2853) to work on /opt/airflow/dags/dag2.py
[2026-04-26T11:10:59.506+0000] {processor.py:914} INFO - Processing file /opt/airflow/dags/dag2.py for tasks to queue
[2026-04-26T11:10:59.509+0000] {logging_mixin.py:190} INFO - [2026-04-26T11:10:59.508+0000] {dagbag.py:588} INFO - Filling up the DagBag from /opt/airflow/dags/dag2.py
[2026-04-26T11:10:59.519+0000] {processor.py:925} INFO - DAG(s) 'data_pipeline' retrieved from /opt/airflow/dags/dag2.py
[2026-04-26T11:10:59.540+0000] {logging_mixin.py:190} INFO - [2026-04-26T11:10:59.540+0000] {dag.py:3239} INFO - Sync 1 DAGs
[2026-04-26T11:10:59.563+0000] {logging_mixin.py:190} INFO - [2026-04-26T11:10:59.563+0000] {dag.py:4180} INFO - Setting next_dagrun for data_pipeline to 2026-04-25 15:30:00+00:00, run_after=2026-04-26 15:30:00+00:00
[2026-04-26T11:10:59.578+0000] {processor.py:208} INFO - Processing /opt/airflow/dags/dag2.py took 0.080 seconds
[2026-04-26T11:11:29.907+0000] {processor.py:186} INFO - Started process (PID=2869) to work on /opt/airflow/dags/dag2.py
[2026-04-26T11:11:29.908+0000] {processor.py:914} INFO - Processing file /opt/airflow/dags/dag2.py for tasks to queue
[2026-04-26T11:11:29.910+0000] {logging_mixin.py:190} INFO - [2026-04-26T11:11:29.910+0000] {dagbag.py:588} INFO - Filling up the DagBag from /opt/airflow/dags/dag2.py
[2026-04-26T11:11:29.920+0000] {processor.py:925} INFO - DAG(s) 'data_pipeline' retrieved from /opt/airflow/dags/dag2.py
[2026-04-26T11:11:29.941+0000] {logging_mixin.py:190} INFO - [2026-04-26T11:11:29.941+0000] {dag.py:3239} INFO - Sync 1 DAGs
[2026-04-26T11:11:29.963+0000] {logging_mixin.py:190} INFO - [2026-04-26T11:11:29.963+0000] {dag.py:4180} INFO - Setting next_dagrun for data_pipeline to 2026-04-25 15:30:00+00:00, run_after=2026-04-26 15:30:00+00:00
[2026-04-26T11:11:29.981+0000] {processor.py:208} INFO - Processing /opt/airflow/dags/dag2.py took 0.080 seconds
[2026-04-26T11:12:00.281+0000] {processor.py:186} INFO - Started process (PID=2885) to work on /opt/airflow/dags/dag2.py
[2026-04-26T11:12:00.282+0000] {processor.py:914} INFO - Processing file /opt/airflow/dags/dag2.py for tasks to queue
[2026-04-26T11:12:00.284+0000] {logging_mixin.py:190} INFO - [2026-04-26T11:12:00.283+0000] {dagbag.py:588} INFO - Filling up the DagBag from /opt/airflow/dags/dag2.py
[2026-04-26T11:12:00.293+0000] {processor.py:925} INFO - DAG(s) 'data_pipeline' retrieved from /opt/airflow/dags/dag2.py
[2026-04-26T11:12:00.322+0000] {logging_mixin.py:190} INFO - [2026-04-26T11:12:00.321+0000] {dag.py:3239} INFO - Sync 1 DAGs
[2026-04-26T11:12:00.469+0000] {logging_mixin.py:190} INFO - [2026-04-26T11:12:00.468+0000] {dag.py:4180} INFO - Setting next_dagrun for data_pipeline to 2026-04-25 15:30:00+00:00, run_after=2026-04-26 15:30:00+00:00
[2026-04-26T11:12:00.484+0000] {processor.py:208} INFO - Processing /opt/airflow/dags/dag2.py took 0.208 seconds
[2026-04-26T11:12:30.563+0000] {processor.py:186} INFO - Started process (PID=2901) to work on /opt/airflow/dags/dag2.py
[2026-04-26T11:12:30.564+0000] {processor.py:914} INFO - Processing file /opt/airflow/dags/dag2.py for tasks to queue
[2026-04-26T11:12:30.566+0000] {logging_mixin.py:190} INFO - [2026-04-26T11:12:30.566+0000] {dagbag.py:588} INFO - Filling up the DagBag from /opt/airflow/dags/dag2.py
[2026-04-26T11:12:30.577+0000] {processor.py:925} INFO - DAG(s) 'data_pipeline' retrieved from /opt/airflow/dags/dag2.py
[2026-04-26T11:12:30.599+0000] {logging_mixin.py:190} INFO - [2026-04-26T11:12:30.599+0000] {dag.py:3239} INFO - Sync 1 DAGs
[2026-04-26T11:12:30.621+0000] {logging_mixin.py:190} INFO - [2026-04-26T11:12:30.621+0000] {dag.py:4180} INFO - Setting next_dagrun for data_pipeline to 2026-04-25 15:30:00+00:00, run_after=2026-04-26 15:30:00+00:00
[2026-04-26T11:12:30.639+0000] {processor.py:208} INFO - Processing /opt/airflow/dags/dag2.py took 0.083 seconds
[2026-04-26T11:13:00.841+0000] {processor.py:186} INFO - Started process (PID=2917) to work on /opt/airflow/dags/dag2.py
[2026-04-26T11:13:00.842+0000] {processor.py:914} INFO - Processing file /opt/airflow/dags/dag2.py for tasks to queue
[2026-04-26T11:13:00.844+0000] {logging_mixin.py:190} INFO - [2026-04-26T11:13:00.844+0000] {dagbag.py:588} INFO - Filling up the DagBag from /opt/airflow/dags/dag2.py
[2026-04-26T11:13:00.854+0000] {processor.py:925} INFO - DAG(s) 'data_pipeline' retrieved from /opt/airflow/dags/dag2.py
[2026-04-26T11:13:00.876+0000] {logging_mixin.py:190} INFO - [2026-04-26T11:13:00.876+0000] {dag.py:3239} INFO - Sync 1 DAGs
[2026-04-26T11:13:00.899+0000] {logging_mixin.py:190} INFO - [2026-04-26T11:13:00.899+0000] {dag.py:4180} INFO - Setting next_dagrun for data_pipeline to 2026-04-25 15:30:00+00:00, run_after=2026-04-26 15:30:00+00:00
[2026-04-26T11:13:00.916+0000] {processor.py:208} INFO - Processing /opt/airflow/dags/dag2.py took 0.081 seconds
[2026-04-26T11:13:31.250+0000] {processor.py:186} INFO - Started process (PID=2933) to work on /opt/airflow/dags/dag2.py
[2026-04-26T11:13:31.251+0000] {processor.py:914} INFO - Processing file /opt/airflow/dags/dag2.py for tasks to queue
[2026-04-26T11:13:31.253+0000] {logging_mixin.py:190} INFO - [2026-04-26T11:13:31.252+0000] {dagbag.py:588} INFO - Filling up the DagBag from /opt/airflow/dags/dag2.py
[2026-04-26T11:13:31.263+0000] {processor.py:925} INFO - DAG(s) 'data_pipeline' retrieved from /opt/airflow/dags/dag2.py
[2026-04-26T11:13:31.284+0000] {logging_mixin.py:190} INFO - [2026-04-26T11:13:31.284+0000] {dag.py:3239} INFO - Sync 1 DAGs
[2026-04-26T11:13:31.306+0000] {logging_mixin.py:190} INFO - [2026-04-26T11:13:31.306+0000] {dag.py:4180} INFO - Setting next_dagrun for data_pipeline to 2026-04-25 15:30:00+00:00, run_after=2026-04-26 15:30:00+00:00
[2026-04-26T11:13:31.323+0000] {processor.py:208} INFO - Processing /opt/airflow/dags/dag2.py took 0.079 seconds
[2026-04-26T11:14:01.563+0000] {processor.py:186} INFO - Started process (PID=2949) to work on /opt/airflow/dags/dag2.py
[2026-04-26T11:14:01.563+0000] {processor.py:914} INFO - Processing file /opt/airflow/dags/dag2.py for tasks to queue
[2026-04-26T11:14:01.565+0000] {logging_mixin.py:190} INFO - [2026-04-26T11:14:01.565+0000] {dagbag.py:588} INFO - Filling up the DagBag from /opt/airflow/dags/dag2.py
[2026-04-26T11:14:01.576+0000] {processor.py:925} INFO - DAG(s) 'data_pipeline' retrieved from /opt/airflow/dags/dag2.py
[2026-04-26T11:14:01.598+0000] {logging_mixin.py:190} INFO - [2026-04-26T11:14:01.598+0000] {dag.py:3239} INFO - Sync 1 DAGs
[2026-04-26T11:14:01.621+0000] {logging_mixin.py:190} INFO - [2026-04-26T11:14:01.620+0000] {dag.py:4180} INFO - Setting next_dagrun for data_pipeline to 2026-04-25 15:30:00+00:00, run_after=2026-04-26 15:30:00+00:00
[2026-04-26T11:14:01.638+0000] {processor.py:208} INFO - Processing /opt/airflow/dags/dag2.py took 0.081 seconds
[2026-04-26T11:14:31.917+0000] {processor.py:186} INFO - Started process (PID=2965) to work on /opt/airflow/dags/dag2.py
[2026-04-26T11:14:31.918+0000] {processor.py:914} INFO - Processing file /opt/airflow/dags/dag2.py for tasks to queue
[2026-04-26T11:14:31.921+0000] {logging_mixin.py:190} INFO - [2026-04-26T11:14:31.920+0000] {dagbag.py:588} INFO - Filling up the DagBag from /opt/airflow/dags/dag2.py
[2026-04-26T11:14:31.932+0000] {processor.py:925} INFO - DAG(s) 'data_pipeline' retrieved from /opt/airflow/dags/dag2.py
[2026-04-26T11:14:31.956+0000] {logging_mixin.py:190} INFO - [2026-04-26T11:14:31.955+0000] {dag.py:3239} INFO - Sync 1 DAGs
[2026-04-26T11:14:31.978+0000] {logging_mixin.py:190} INFO - [2026-04-26T11:14:31.978+0000] {dag.py:4180} INFO - Setting next_dagrun for data_pipeline to 2026-04-25 15:30:00+00:00, run_after=2026-04-26 15:30:00+00:00
[2026-04-26T11:14:32.112+0000] {processor.py:208} INFO - Processing /opt/airflow/dags/dag2.py took 0.202 seconds
[2026-04-26T11:15:02.226+0000] {processor.py:186} INFO - Started process (PID=2981) to work on /opt/airflow/dags/dag2.py
[2026-04-26T11:15:02.227+0000] {processor.py:914} INFO - Processing file /opt/airflow/dags/dag2.py for tasks to queue
[2026-04-26T11:15:02.229+0000] {logging_mixin.py:190} INFO - [2026-04-26T11:15:02.229+0000] {dagbag.py:588} INFO - Filling up the DagBag from /opt/airflow/dags/dag2.py
[2026-04-26T11:15:02.241+0000] {processor.py:925} INFO - DAG(s) 'data_pipeline' retrieved from /opt/airflow/dags/dag2.py
[2026-04-26T11:15:02.264+0000] {logging_mixin.py:190} INFO - [2026-04-26T11:15:02.263+0000] {dag.py:3239} INFO - Sync 1 DAGs
[2026-04-26T11:15:02.288+0000] {logging_mixin.py:190} INFO - [2026-04-26T11:15:02.287+0000] {dag.py:4180} INFO - Setting next_dagrun for data_pipeline to 2026-04-25 15:30:00+00:00, run_after=2026-04-26 15:30:00+00:00
[2026-04-26T11:15:02.305+0000] {processor.py:208} INFO - Processing /opt/airflow/dags/dag2.py took 0.087 seconds
[2026-04-26T11:15:32.427+0000] {processor.py:186} INFO - Started process (PID=2994) to work on /opt/airflow/dags/dag2.py
[2026-04-26T11:15:32.429+0000] {processor.py:914} INFO - Processing file /opt/airflow/dags/dag2.py for tasks to queue
[2026-04-26T11:15:32.434+0000] {logging_mixin.py:190} INFO - [2026-04-26T11:15:32.434+0000] {dagbag.py:588} INFO - Filling up the DagBag from /opt/airflow/dags/dag2.py
[2026-04-26T11:15:32.449+0000] {processor.py:925} INFO - DAG(s) 'data_pipeline' retrieved from /opt/airflow/dags/dag2.py
[2026-04-26T11:15:32.472+0000] {logging_mixin.py:190} INFO - [2026-04-26T11:15:32.472+0000] {dag.py:3239} INFO - Sync 1 DAGs
[2026-04-26T11:15:32.494+0000] {logging_mixin.py:190} INFO - [2026-04-26T11:15:32.494+0000] {dag.py:4180} INFO - Setting next_dagrun for data_pipeline to 2026-04-25 15:30:00+00:00, run_after=2026-04-26 15:30:00+00:00
[2026-04-26T11:15:32.511+0000] {processor.py:208} INFO - Processing /opt/airflow/dags/dag2.py took 0.103 seconds
[2026-04-26T11:16:02.824+0000] {processor.py:186} INFO - Started process (PID=3013) to work on /opt/airflow/dags/dag2.py
[2026-04-26T11:16:02.825+0000] {processor.py:914} INFO - Processing file /opt/airflow/dags/dag2.py for tasks to queue
[2026-04-26T11:16:02.827+0000] {logging_mixin.py:190} INFO - [2026-04-26T11:16:02.827+0000] {dagbag.py:588} INFO - Filling up the DagBag from /opt/airflow/dags/dag2.py
[2026-04-26T11:16:02.837+0000] {processor.py:925} INFO - DAG(s) 'data_pipeline' retrieved from /opt/airflow/dags/dag2.py
[2026-04-26T11:16:02.865+0000] {logging_mixin.py:190} INFO - [2026-04-26T11:16:02.864+0000] {dag.py:3239} INFO - Sync 1 DAGs
[2026-04-26T11:16:02.887+0000] {logging_mixin.py:190} INFO - [2026-04-26T11:16:02.887+0000] {dag.py:4180} INFO - Setting next_dagrun for data_pipeline to 2026-04-25 15:30:00+00:00, run_after=2026-04-26 15:30:00+00:00
[2026-04-26T11:16:02.908+0000] {processor.py:208} INFO - Processing /opt/airflow/dags/dag2.py took 0.090 seconds
[2026-04-26T11:16:33.161+0000] {processor.py:186} INFO - Started process (PID=3029) to work on /opt/airflow/dags/dag2.py
[2026-04-26T11:16:33.162+0000] {processor.py:914} INFO - Processing file /opt/airflow/dags/dag2.py for tasks to queue
[2026-04-26T11:16:33.165+0000] {logging_mixin.py:190} INFO - [2026-04-26T11:16:33.164+0000] {dagbag.py:588} INFO - Filling up the DagBag from /opt/airflow/dags/dag2.py
[2026-04-26T11:16:33.180+0000] {processor.py:925} INFO - DAG(s) 'data_pipeline' retrieved from /opt/airflow/dags/dag2.py
[2026-04-26T11:16:33.203+0000] {logging_mixin.py:190} INFO - [2026-04-26T11:16:33.203+0000] {dag.py:3239} INFO - Sync 1 DAGs
[2026-04-26T11:16:33.226+0000] {logging_mixin.py:190} INFO - [2026-04-26T11:16:33.225+0000] {dag.py:4180} INFO - Setting next_dagrun for data_pipeline to 2026-04-25 15:30:00+00:00, run_after=2026-04-26 15:30:00+00:00
[2026-04-26T11:16:33.245+0000] {processor.py:208} INFO - Processing /opt/airflow/dags/dag2.py took 0.092 seconds
[2026-04-26T11:17:03.544+0000] {processor.py:186} INFO - Started process (PID=3045) to work on /opt/airflow/dags/dag2.py
[2026-04-26T11:17:03.545+0000] {processor.py:914} INFO - Processing file /opt/airflow/dags/dag2.py for tasks to queue
[2026-04-26T11:17:03.547+0000] {logging_mixin.py:190} INFO - [2026-04-26T11:17:03.547+0000] {dagbag.py:588} INFO - Filling up the DagBag from /opt/airflow/dags/dag2.py
[2026-04-26T11:17:03.558+0000] {processor.py:925} INFO - DAG(s) 'data_pipeline' retrieved from /opt/airflow/dags/dag2.py
[2026-04-26T11:17:03.579+0000] {logging_mixin.py:190} INFO - [2026-04-26T11:17:03.579+0000] {dag.py:3239} INFO - Sync 1 DAGs
[2026-04-26T11:17:03.606+0000] {logging_mixin.py:190} INFO - [2026-04-26T11:17:03.606+0000] {dag.py:4180} INFO - Setting next_dagrun for data_pipeline to 2026-04-25 15:30:00+00:00, run_after=2026-04-26 15:30:00+00:00
[2026-04-26T11:17:03.623+0000] {processor.py:208} INFO - Processing /opt/airflow/dags/dag2.py took 0.086 seconds
[2026-04-26T11:17:33.842+0000] {processor.py:186} INFO - Started process (PID=3061) to work on /opt/airflow/dags/dag2.py
[2026-04-26T11:17:33.843+0000] {processor.py:914} INFO - Processing file /opt/airflow/dags/dag2.py for tasks to queue
[2026-04-26T11:17:33.845+0000] {logging_mixin.py:190} INFO - [2026-04-26T11:17:33.845+0000] {dagbag.py:588} INFO - Filling up the DagBag from /opt/airflow/dags/dag2.py
[2026-04-26T11:17:33.856+0000] {processor.py:925} INFO - DAG(s) 'data_pipeline' retrieved from /opt/airflow/dags/dag2.py
[2026-04-26T11:17:33.880+0000] {logging_mixin.py:190} INFO - [2026-04-26T11:17:33.880+0000] {dag.py:3239} INFO - Sync 1 DAGs
[2026-04-26T11:17:33.907+0000] {logging_mixin.py:190} INFO - [2026-04-26T11:17:33.906+0000] {dag.py:4180} INFO - Setting next_dagrun for data_pipeline to 2026-04-25 15:30:00+00:00, run_after=2026-04-26 15:30:00+00:00
[2026-04-26T11:17:34.051+0000] {processor.py:208} INFO - Processing /opt/airflow/dags/dag2.py took 0.216 seconds
[2026-04-26T11:18:04.178+0000] {processor.py:186} INFO - Started process (PID=3077) to work on /opt/airflow/dags/dag2.py
[2026-04-26T11:18:04.179+0000] {processor.py:914} INFO - Processing file /opt/airflow/dags/dag2.py for tasks to queue
[2026-04-26T11:18:04.181+0000] {logging_mixin.py:190} INFO - [2026-04-26T11:18:04.180+0000] {dagbag.py:588} INFO - Filling up the DagBag from /opt/airflow/dags/dag2.py
[2026-04-26T11:18:04.191+0000] {processor.py:925} INFO - DAG(s) 'data_pipeline' retrieved from /opt/airflow/dags/dag2.py
[2026-04-26T11:18:04.217+0000] {logging_mixin.py:190} INFO - [2026-04-26T11:18:04.217+0000] {dag.py:3239} INFO - Sync 1 DAGs
[2026-04-26T11:18:04.241+0000] {logging_mixin.py:190} INFO - [2026-04-26T11:18:04.241+0000] {dag.py:4180} INFO - Setting next_dagrun for data_pipeline to 2026-04-25 15:30:00+00:00, run_after=2026-04-26 15:30:00+00:00
[2026-04-26T11:18:04.258+0000] {processor.py:208} INFO - Processing /opt/airflow/dags/dag2.py took 0.086 seconds
[2026-04-26T11:18:34.587+0000] {processor.py:186} INFO - Started process (PID=3093) to work on /opt/airflow/dags/dag2.py
[2026-04-26T11:18:34.588+0000] {processor.py:914} INFO - Processing file /opt/airflow/dags/dag2.py for tasks to queue
[2026-04-26T11:18:34.590+0000] {logging_mixin.py:190} INFO - [2026-04-26T11:18:34.590+0000] {dagbag.py:588} INFO - Filling up the DagBag from /opt/airflow/dags/dag2.py
[2026-04-26T11:18:34.601+0000] {processor.py:925} INFO - DAG(s) 'data_pipeline' retrieved from /opt/airflow/dags/dag2.py
[2026-04-26T11:18:34.623+0000] {logging_mixin.py:190} INFO - [2026-04-26T11:18:34.623+0000] {dag.py:3239} INFO - Sync 1 DAGs
[2026-04-26T11:18:34.647+0000] {logging_mixin.py:190} INFO - [2026-04-26T11:18:34.647+0000] {dag.py:4180} INFO - Setting next_dagrun for data_pipeline to 2026-04-25 15:30:00+00:00, run_after=2026-04-26 15:30:00+00:00
[2026-04-26T11:18:34.664+0000] {processor.py:208} INFO - Processing /opt/airflow/dags/dag2.py took 0.084 seconds
[2026-04-26T11:19:04.869+0000] {processor.py:186} INFO - Started process (PID=3109) to work on /opt/airflow/dags/dag2.py
[2026-04-26T11:19:04.870+0000] {processor.py:914} INFO - Processing file /opt/airflow/dags/dag2.py for tasks to queue
[2026-04-26T11:19:04.873+0000] {logging_mixin.py:190} INFO - [2026-04-26T11:19:04.873+0000] {dagbag.py:588} INFO - Filling up the DagBag from /opt/airflow/dags/dag2.py
[2026-04-26T11:19:04.888+0000] {processor.py:925} INFO - DAG(s) 'data_pipeline' retrieved from /opt/airflow/dags/dag2.py
[2026-04-26T11:19:04.910+0000] {logging_mixin.py:190} INFO - [2026-04-26T11:19:04.910+0000] {dag.py:3239} INFO - Sync 1 DAGs
[2026-04-26T11:19:04.938+0000] {logging_mixin.py:190} INFO - [2026-04-26T11:19:04.937+0000] {dag.py:4180} INFO - Setting next_dagrun for data_pipeline to 2026-04-25 15:30:00+00:00, run_after=2026-04-26 15:30:00+00:00
[2026-04-26T11:19:04.959+0000] {processor.py:208} INFO - Processing /opt/airflow/dags/dag2.py took 0.097 seconds
[2026-04-26T11:19:35.268+0000] {processor.py:186} INFO - Started process (PID=3125) to work on /opt/airflow/dags/dag2.py
[2026-04-26T11:19:35.269+0000] {processor.py:914} INFO - Processing file /opt/airflow/dags/dag2.py for tasks to queue
[2026-04-26T11:19:35.271+0000] {logging_mixin.py:190} INFO - [2026-04-26T11:19:35.271+0000] {dagbag.py:588} INFO - Filling up the DagBag from /opt/airflow/dags/dag2.py
[2026-04-26T11:19:35.281+0000] {processor.py:925} INFO - DAG(s) 'data_pipeline' retrieved from /opt/airflow/dags/dag2.py
[2026-04-26T11:19:35.303+0000] {logging_mixin.py:190} INFO - [2026-04-26T11:19:35.302+0000] {dag.py:3239} INFO - Sync 1 DAGs
[2026-04-26T11:19:35.330+0000] {logging_mixin.py:190} INFO - [2026-04-26T11:19:35.330+0000] {dag.py:4180} INFO - Setting next_dagrun for data_pipeline to 2026-04-25 15:30:00+00:00, run_after=2026-04-26 15:30:00+00:00
[2026-04-26T11:19:35.346+0000] {processor.py:208} INFO - Processing /opt/airflow/dags/dag2.py took 0.084 seconds
[2026-04-26T11:20:05.622+0000] {processor.py:186} INFO - Started process (PID=3141) to work on /opt/airflow/dags/dag2.py
[2026-04-26T11:20:05.624+0000] {processor.py:914} INFO - Processing file /opt/airflow/dags/dag2.py for tasks to queue
[2026-04-26T11:20:05.626+0000] {logging_mixin.py:190} INFO - [2026-04-26T11:20:05.626+0000] {dagbag.py:588} INFO - Filling up the DagBag from /opt/airflow/dags/dag2.py
[2026-04-26T11:20:05.639+0000] {processor.py:925} INFO - DAG(s) 'data_pipeline' retrieved from /opt/airflow/dags/dag2.py
[2026-04-26T11:20:05.664+0000] {logging_mixin.py:190} INFO - [2026-04-26T11:20:05.664+0000] {dag.py:3239} INFO - Sync 1 DAGs
[2026-04-26T11:20:05.686+0000] {logging_mixin.py:190} INFO - [2026-04-26T11:20:05.686+0000] {dag.py:4180} INFO - Setting next_dagrun for data_pipeline to 2026-04-25 15:30:00+00:00, run_after=2026-04-26 15:30:00+00:00
[2026-04-26T11:20:05.703+0000] {processor.py:208} INFO - Processing /opt/airflow/dags/dag2.py took 0.088 seconds
[2026-04-26T11:20:35.903+0000] {processor.py:186} INFO - Started process (PID=3157) to work on /opt/airflow/dags/dag2.py
[2026-04-26T11:20:35.903+0000] {processor.py:914} INFO - Processing file /opt/airflow/dags/dag2.py for tasks to queue
[2026-04-26T11:20:35.906+0000] {logging_mixin.py:190} INFO - [2026-04-26T11:20:35.906+0000] {dagbag.py:588} INFO - Filling up the DagBag from /opt/airflow/dags/dag2.py
[2026-04-26T11:20:35.918+0000] {processor.py:925} INFO - DAG(s) 'data_pipeline' retrieved from /opt/airflow/dags/dag2.py
[2026-04-26T11:20:35.941+0000] {logging_mixin.py:190} INFO - [2026-04-26T11:20:35.941+0000] {dag.py:3239} INFO - Sync 1 DAGs
[2026-04-26T11:20:36.086+0000] {logging_mixin.py:190} INFO - [2026-04-26T11:20:36.086+0000] {dag.py:4180} INFO - Setting next_dagrun for data_pipeline to 2026-04-25 15:30:00+00:00, run_after=2026-04-26 15:30:00+00:00
[2026-04-26T11:20:36.108+0000] {processor.py:208} INFO - Processing /opt/airflow/dags/dag2.py took 0.212 seconds
[2026-04-26T11:21:06.317+0000] {processor.py:186} INFO - Started process (PID=3173) to work on /opt/airflow/dags/dag2.py
[2026-04-26T11:21:06.318+0000] {processor.py:914} INFO - Processing file /opt/airflow/dags/dag2.py for tasks to queue
[2026-04-26T11:21:06.320+0000] {logging_mixin.py:190} INFO - [2026-04-26T11:21:06.320+0000] {dagbag.py:588} INFO - Filling up the DagBag from /opt/airflow/dags/dag2.py
[2026-04-26T11:21:06.331+0000] {processor.py:925} INFO - DAG(s) 'data_pipeline' retrieved from /opt/airflow/dags/dag2.py
[2026-04-26T11:21:06.356+0000] {logging_mixin.py:190} INFO - [2026-04-26T11:21:06.356+0000] {dag.py:3239} INFO - Sync 1 DAGs
[2026-04-26T11:21:06.382+0000] {logging_mixin.py:190} INFO - [2026-04-26T11:21:06.382+0000] {dag.py:4180} INFO - Setting next_dagrun for data_pipeline to 2026-04-25 15:30:00+00:00, run_after=2026-04-26 15:30:00+00:00
[2026-04-26T11:21:06.399+0000] {processor.py:208} INFO - Processing /opt/airflow/dags/dag2.py took 0.089 seconds
[2026-04-26T11:21:36.683+0000] {processor.py:186} INFO - Started process (PID=3189) to work on /opt/airflow/dags/dag2.py
[2026-04-26T11:21:36.683+0000] {processor.py:914} INFO - Processing file /opt/airflow/dags/dag2.py for tasks to queue
[2026-04-26T11:21:36.686+0000] {logging_mixin.py:190} INFO - [2026-04-26T11:21:36.685+0000] {dagbag.py:588} INFO - Filling up the DagBag from /opt/airflow/dags/dag2.py
[2026-04-26T11:21:36.700+0000] {processor.py:925} INFO - DAG(s) 'data_pipeline' retrieved from /opt/airflow/dags/dag2.py
[2026-04-26T11:21:36.733+0000] {logging_mixin.py:190} INFO - [2026-04-26T11:21:36.733+0000] {dag.py:3239} INFO - Sync 1 DAGs
[2026-04-26T11:21:36.766+0000] {logging_mixin.py:190} INFO - [2026-04-26T11:21:36.766+0000] {dag.py:4180} INFO - Setting next_dagrun for data_pipeline to 2026-04-25 15:30:00+00:00, run_after=2026-04-26 15:30:00+00:00
[2026-04-26T11:21:36.784+0000] {processor.py:208} INFO - Processing /opt/airflow/dags/dag2.py took 0.108 seconds
[2026-04-26T11:22:06.979+0000] {processor.py:186} INFO - Started process (PID=3205) to work on /opt/airflow/dags/dag2.py
[2026-04-26T11:22:06.979+0000] {processor.py:914} INFO - Processing file /opt/airflow/dags/dag2.py for tasks to queue
[2026-04-26T11:22:06.982+0000] {logging_mixin.py:190} INFO - [2026-04-26T11:22:06.981+0000] {dagbag.py:588} INFO - Filling up the DagBag from /opt/airflow/dags/dag2.py
[2026-04-26T11:22:06.993+0000] {processor.py:925} INFO - DAG(s) 'data_pipeline' retrieved from /opt/airflow/dags/dag2.py
[2026-04-26T11:22:07.018+0000] {logging_mixin.py:190} INFO - [2026-04-26T11:22:07.018+0000] {dag.py:3239} INFO - Sync 1 DAGs
[2026-04-26T11:22:07.044+0000] {logging_mixin.py:190} INFO - [2026-04-26T11:22:07.044+0000] {dag.py:4180} INFO - Setting next_dagrun for data_pipeline to 2026-04-25 15:30:00+00:00, run_after=2026-04-26 15:30:00+00:00
[2026-04-26T11:22:07.062+0000] {processor.py:208} INFO - Processing /opt/airflow/dags/dag2.py took 0.091 seconds
[2026-04-26T11:22:37.267+0000] {processor.py:186} INFO - Started process (PID=3221) to work on /opt/airflow/dags/dag2.py
[2026-04-26T11:22:37.268+0000] {processor.py:914} INFO - Processing file /opt/airflow/dags/dag2.py for tasks to queue
[2026-04-26T11:22:37.271+0000] {logging_mixin.py:190} INFO - [2026-04-26T11:22:37.270+0000] {dagbag.py:588} INFO - Filling up the DagBag from /opt/airflow/dags/dag2.py
[2026-04-26T11:22:37.286+0000] {processor.py:925} INFO - DAG(s) 'data_pipeline' retrieved from /opt/airflow/dags/dag2.py
[2026-04-26T11:22:37.316+0000] {logging_mixin.py:190} INFO - [2026-04-26T11:22:37.316+0000] {dag.py:3239} INFO - Sync 1 DAGs
[2026-04-26T11:22:37.343+0000] {logging_mixin.py:190} INFO - [2026-04-26T11:22:37.343+0000] {dag.py:4180} INFO - Setting next_dagrun for data_pipeline to 2026-04-25 15:30:00+00:00, run_after=2026-04-26 15:30:00+00:00
[2026-04-26T11:22:37.361+0000] {processor.py:208} INFO - Processing /opt/airflow/dags/dag2.py took 0.103 seconds
[2026-04-26T11:23:07.645+0000] {processor.py:186} INFO - Started process (PID=3237) to work on /opt/airflow/dags/dag2.py
[2026-04-26T11:23:07.646+0000] {processor.py:914} INFO - Processing file /opt/airflow/dags/dag2.py for tasks to queue
[2026-04-26T11:23:07.648+0000] {logging_mixin.py:190} INFO - [2026-04-26T11:23:07.648+0000] {dagbag.py:588} INFO - Filling up the DagBag from /opt/airflow/dags/dag2.py
[2026-04-26T11:23:07.658+0000] {processor.py:925} INFO - DAG(s) 'data_pipeline' retrieved from /opt/airflow/dags/dag2.py
[2026-04-26T11:23:07.681+0000] {logging_mixin.py:190} INFO - [2026-04-26T11:23:07.681+0000] {dag.py:3239} INFO - Sync 1 DAGs
[2026-04-26T11:23:07.704+0000] {logging_mixin.py:190} INFO - [2026-04-26T11:23:07.704+0000] {dag.py:4180} INFO - Setting next_dagrun for data_pipeline to 2026-04-25 15:30:00+00:00, run_after=2026-04-26 15:30:00+00:00
[2026-04-26T11:23:07.841+0000] {processor.py:208} INFO - Processing /opt/airflow/dags/dag2.py took 0.202 seconds
[2026-04-26T11:23:38.135+0000] {processor.py:186} INFO - Started process (PID=3253) to work on /opt/airflow/dags/dag2.py
[2026-04-26T11:23:38.136+0000] {processor.py:914} INFO - Processing file /opt/airflow/dags/dag2.py for tasks to queue
[2026-04-26T11:23:38.139+0000] {logging_mixin.py:190} INFO - [2026-04-26T11:23:38.138+0000] {dagbag.py:588} INFO - Filling up the DagBag from /opt/airflow/dags/dag2.py
[2026-04-26T11:23:38.149+0000] {processor.py:925} INFO - DAG(s) 'data_pipeline' retrieved from /opt/airflow/dags/dag2.py
[2026-04-26T11:23:38.176+0000] {logging_mixin.py:190} INFO - [2026-04-26T11:23:38.176+0000] {dag.py:3239} INFO - Sync 1 DAGs
[2026-04-26T11:23:38.333+0000] {logging_mixin.py:190} INFO - [2026-04-26T11:23:38.333+0000] {dag.py:4180} INFO - Setting next_dagrun for data_pipeline to 2026-04-25 15:30:00+00:00, run_after=2026-04-26 15:30:00+00:00
[2026-04-26T11:23:38.358+0000] {processor.py:208} INFO - Processing /opt/airflow/dags/dag2.py took 0.229 seconds
[2026-04-26T11:24:08.634+0000] {processor.py:186} INFO - Started process (PID=3269) to work on /opt/airflow/dags/dag2.py
[2026-04-26T11:24:08.635+0000] {processor.py:914} INFO - Processing file /opt/airflow/dags/dag2.py for tasks to queue
[2026-04-26T11:24:08.637+0000] {logging_mixin.py:190} INFO - [2026-04-26T11:24:08.636+0000] {dagbag.py:588} INFO - Filling up the DagBag from /opt/airflow/dags/dag2.py
[2026-04-26T11:24:08.647+0000] {processor.py:925} INFO - DAG(s) 'data_pipeline' retrieved from /opt/airflow/dags/dag2.py
[2026-04-26T11:24:08.669+0000] {logging_mixin.py:190} INFO - [2026-04-26T11:24:08.669+0000] {dag.py:3239} INFO - Sync 1 DAGs
[2026-04-26T11:24:08.699+0000] {logging_mixin.py:190} INFO - [2026-04-26T11:24:08.699+0000] {dag.py:4180} INFO - Setting next_dagrun for data_pipeline to 2026-04-25 15:30:00+00:00, run_after=2026-04-26 15:30:00+00:00
[2026-04-26T11:24:08.719+0000] {processor.py:208} INFO - Processing /opt/airflow/dags/dag2.py took 0.094 seconds
[2026-04-26T11:24:39.037+0000] {processor.py:186} INFO - Started process (PID=3285) to work on /opt/airflow/dags/dag2.py
[2026-04-26T11:24:39.038+0000] {processor.py:914} INFO - Processing file /opt/airflow/dags/dag2.py for tasks to queue
[2026-04-26T11:24:39.041+0000] {logging_mixin.py:190} INFO - [2026-04-26T11:24:39.041+0000] {dagbag.py:588} INFO - Filling up the DagBag from /opt/airflow/dags/dag2.py
[2026-04-26T11:24:39.057+0000] {processor.py:925} INFO - DAG(s) 'data_pipeline' retrieved from /opt/airflow/dags/dag2.py
[2026-04-26T11:24:39.087+0000] {logging_mixin.py:190} INFO - [2026-04-26T11:24:39.087+0000] {dag.py:3239} INFO - Sync 1 DAGs
[2026-04-26T11:24:39.118+0000] {logging_mixin.py:190} INFO - [2026-04-26T11:24:39.118+0000] {dag.py:4180} INFO - Setting next_dagrun for data_pipeline to 2026-04-25 15:30:00+00:00, run_after=2026-04-26 15:30:00+00:00
[2026-04-26T11:24:39.135+0000] {processor.py:208} INFO - Processing /opt/airflow/dags/dag2.py took 0.106 seconds
[2026-04-26T11:25:09.326+0000] {processor.py:186} INFO - Started process (PID=3301) to work on /opt/airflow/dags/dag2.py
[2026-04-26T11:25:09.327+0000] {processor.py:914} INFO - Processing file /opt/airflow/dags/dag2.py for tasks to queue
[2026-04-26T11:25:09.330+0000] {logging_mixin.py:190} INFO - [2026-04-26T11:25:09.329+0000] {dagbag.py:588} INFO - Filling up the DagBag from /opt/airflow/dags/dag2.py
[2026-04-26T11:25:09.344+0000] {processor.py:925} INFO - DAG(s) 'data_pipeline' retrieved from /opt/airflow/dags/dag2.py
[2026-04-26T11:25:09.375+0000] {logging_mixin.py:190} INFO - [2026-04-26T11:25:09.374+0000] {dag.py:3239} INFO - Sync 1 DAGs
[2026-04-26T11:25:09.405+0000] {logging_mixin.py:190} INFO - [2026-04-26T11:25:09.404+0000] {dag.py:4180} INFO - Setting next_dagrun for data_pipeline to 2026-04-25 15:30:00+00:00, run_after=2026-04-26 15:30:00+00:00
[2026-04-26T11:25:09.420+0000] {processor.py:208} INFO - Processing /opt/airflow/dags/dag2.py took 0.104 seconds
[2026-04-26T11:25:39.719+0000] {processor.py:186} INFO - Started process (PID=3317) to work on /opt/airflow/dags/dag2.py
[2026-04-26T11:25:39.719+0000] {processor.py:914} INFO - Processing file /opt/airflow/dags/dag2.py for tasks to queue
[2026-04-26T11:25:39.721+0000] {logging_mixin.py:190} INFO - [2026-04-26T11:25:39.721+0000] {dagbag.py:588} INFO - Filling up the DagBag from /opt/airflow/dags/dag2.py
[2026-04-26T11:25:39.737+0000] {processor.py:925} INFO - DAG(s) 'data_pipeline' retrieved from /opt/airflow/dags/dag2.py
[2026-04-26T11:25:39.767+0000] {logging_mixin.py:190} INFO - [2026-04-26T11:25:39.767+0000] {dag.py:3239} INFO - Sync 1 DAGs
[2026-04-26T11:25:39.799+0000] {logging_mixin.py:190} INFO - [2026-04-26T11:25:39.799+0000] {dag.py:4180} INFO - Setting next_dagrun for data_pipeline to 2026-04-25 15:30:00+00:00, run_after=2026-04-26 15:30:00+00:00
[2026-04-26T11:25:39.818+0000] {processor.py:208} INFO - Processing /opt/airflow/dags/dag2.py took 0.107 seconds
[2026-04-26T11:26:10.147+0000] {processor.py:186} INFO - Started process (PID=3333) to work on /opt/airflow/dags/dag2.py
[2026-04-26T11:26:10.148+0000] {processor.py:914} INFO - Processing file /opt/airflow/dags/dag2.py for tasks to queue
[2026-04-26T11:26:10.151+0000] {logging_mixin.py:190} INFO - [2026-04-26T11:26:10.151+0000] {dagbag.py:588} INFO - Filling up the DagBag from /opt/airflow/dags/dag2.py
[2026-04-26T11:26:10.165+0000] {processor.py:925} INFO - DAG(s) 'data_pipeline' retrieved from /opt/airflow/dags/dag2.py
[2026-04-26T11:26:10.195+0000] {logging_mixin.py:190} INFO - [2026-04-26T11:26:10.195+0000] {dag.py:3239} INFO - Sync 1 DAGs
[2026-04-26T11:26:10.227+0000] {logging_mixin.py:190} INFO - [2026-04-26T11:26:10.227+0000] {dag.py:4180} INFO - Setting next_dagrun for data_pipeline to 2026-04-25 15:30:00+00:00, run_after=2026-04-26 15:30:00+00:00
[2026-04-26T11:26:10.368+0000] {processor.py:208} INFO - Processing /opt/airflow/dags/dag2.py took 0.232 seconds
[2026-04-26T11:26:40.523+0000] {processor.py:186} INFO - Started process (PID=3351) to work on /opt/airflow/dags/dag2.py
[2026-04-26T11:26:40.524+0000] {processor.py:914} INFO - Processing file /opt/airflow/dags/dag2.py for tasks to queue
[2026-04-26T11:26:40.527+0000] {logging_mixin.py:190} INFO - [2026-04-26T11:26:40.527+0000] {dagbag.py:588} INFO - Filling up the DagBag from /opt/airflow/dags/dag2.py
[2026-04-26T11:26:40.537+0000] {processor.py:925} INFO - DAG(s) 'data_pipeline' retrieved from /opt/airflow/dags/dag2.py
[2026-04-26T11:26:40.561+0000] {logging_mixin.py:190} INFO - [2026-04-26T11:26:40.561+0000] {dag.py:3239} INFO - Sync 1 DAGs
[2026-04-26T11:26:40.589+0000] {logging_mixin.py:190} INFO - [2026-04-26T11:26:40.589+0000] {dag.py:4180} INFO - Setting next_dagrun for data_pipeline to 2026-04-25 15:30:00+00:00, run_after=2026-04-26 15:30:00+00:00
[2026-04-26T11:26:40.605+0000] {processor.py:208} INFO - Processing /opt/airflow/dags/dag2.py took 0.088 seconds
[2026-04-26T11:27:10.824+0000] {processor.py:186} INFO - Started process (PID=3365) to work on /opt/airflow/dags/dag2.py
[2026-04-26T11:27:10.825+0000] {processor.py:914} INFO - Processing file /opt/airflow/dags/dag2.py for tasks to queue
[2026-04-26T11:27:10.828+0000] {logging_mixin.py:190} INFO - [2026-04-26T11:27:10.828+0000] {dagbag.py:588} INFO - Filling up the DagBag from /opt/airflow/dags/dag2.py
[2026-04-26T11:27:10.840+0000] {processor.py:925} INFO - DAG(s) 'data_pipeline' retrieved from /opt/airflow/dags/dag2.py
[2026-04-26T11:27:10.865+0000] {logging_mixin.py:190} INFO - [2026-04-26T11:27:10.865+0000] {dag.py:3239} INFO - Sync 1 DAGs
[2026-04-26T11:27:10.888+0000] {logging_mixin.py:190} INFO - [2026-04-26T11:27:10.888+0000] {dag.py:4180} INFO - Setting next_dagrun for data_pipeline to 2026-04-25 15:30:00+00:00, run_after=2026-04-26 15:30:00+00:00
[2026-04-26T11:27:10.903+0000] {processor.py:208} INFO - Processing /opt/airflow/dags/dag2.py took 0.090 seconds
[2026-04-26T11:27:41.207+0000] {processor.py:186} INFO - Started process (PID=3381) to work on /opt/airflow/dags/dag2.py
[2026-04-26T11:27:41.209+0000] {processor.py:914} INFO - Processing file /opt/airflow/dags/dag2.py for tasks to queue
[2026-04-26T11:27:41.210+0000] {logging_mixin.py:190} INFO - [2026-04-26T11:27:41.210+0000] {dagbag.py:588} INFO - Filling up the DagBag from /opt/airflow/dags/dag2.py
[2026-04-26T11:27:41.220+0000] {processor.py:925} INFO - DAG(s) 'data_pipeline' retrieved from /opt/airflow/dags/dag2.py
[2026-04-26T11:27:41.243+0000] {logging_mixin.py:190} INFO - [2026-04-26T11:27:41.242+0000] {dag.py:3239} INFO - Sync 1 DAGs
[2026-04-26T11:27:41.265+0000] {logging_mixin.py:190} INFO - [2026-04-26T11:27:41.265+0000] {dag.py:4180} INFO - Setting next_dagrun for data_pipeline to 2026-04-25 15:30:00+00:00, run_after=2026-04-26 15:30:00+00:00
[2026-04-26T11:27:41.286+0000] {processor.py:208} INFO - Processing /opt/airflow/dags/dag2.py took 0.085 seconds
[2026-04-26T11:28:11.463+0000] {processor.py:186} INFO - Started process (PID=3397) to work on /opt/airflow/dags/dag2.py
[2026-04-26T11:28:11.463+0000] {processor.py:914} INFO - Processing file /opt/airflow/dags/dag2.py for tasks to queue
[2026-04-26T11:28:11.466+0000] {logging_mixin.py:190} INFO - [2026-04-26T11:28:11.466+0000] {dagbag.py:588} INFO - Filling up the DagBag from /opt/airflow/dags/dag2.py
[2026-04-26T11:28:11.482+0000] {processor.py:925} INFO - DAG(s) 'data_pipeline' retrieved from /opt/airflow/dags/dag2.py
[2026-04-26T11:28:11.511+0000] {logging_mixin.py:190} INFO - [2026-04-26T11:28:11.511+0000] {dag.py:3239} INFO - Sync 1 DAGs
[2026-04-26T11:28:11.537+0000] {logging_mixin.py:190} INFO - [2026-04-26T11:28:11.537+0000] {dag.py:4180} INFO - Setting next_dagrun for data_pipeline to 2026-04-25 15:30:00+00:00, run_after=2026-04-26 15:30:00+00:00
[2026-04-26T11:28:11.554+0000] {processor.py:208} INFO - Processing /opt/airflow/dags/dag2.py took 0.100 seconds
[2026-04-26T11:28:41.804+0000] {processor.py:186} INFO - Started process (PID=3413) to work on /opt/airflow/dags/dag2.py
[2026-04-26T11:28:41.805+0000] {processor.py:914} INFO - Processing file /opt/airflow/dags/dag2.py for tasks to queue
[2026-04-26T11:28:41.807+0000] {logging_mixin.py:190} INFO - [2026-04-26T11:28:41.806+0000] {dagbag.py:588} INFO - Filling up the DagBag from /opt/airflow/dags/dag2.py
[2026-04-26T11:28:41.819+0000] {processor.py:925} INFO - DAG(s) 'data_pipeline' retrieved from /opt/airflow/dags/dag2.py
[2026-04-26T11:28:41.854+0000] {logging_mixin.py:190} INFO - [2026-04-26T11:28:41.853+0000] {dag.py:3239} INFO - Sync 1 DAGs
[2026-04-26T11:28:41.880+0000] {logging_mixin.py:190} INFO - [2026-04-26T11:28:41.880+0000] {dag.py:4180} INFO - Setting next_dagrun for data_pipeline to 2026-04-25 15:30:00+00:00, run_after=2026-04-26 15:30:00+00:00
[2026-04-26T11:28:41.898+0000] {processor.py:208} INFO - Processing /opt/airflow/dags/dag2.py took 0.099 seconds
[2026-04-26T11:29:12.208+0000] {processor.py:186} INFO - Started process (PID=3429) to work on /opt/airflow/dags/dag2.py
[2026-04-26T11:29:12.209+0000] {processor.py:914} INFO - Processing file /opt/airflow/dags/dag2.py for tasks to queue
[2026-04-26T11:29:12.211+0000] {logging_mixin.py:190} INFO - [2026-04-26T11:29:12.211+0000] {dagbag.py:588} INFO - Filling up the DagBag from /opt/airflow/dags/dag2.py
[2026-04-26T11:29:12.227+0000] {processor.py:925} INFO - DAG(s) 'data_pipeline' retrieved from /opt/airflow/dags/dag2.py
[2026-04-26T11:29:12.252+0000] {logging_mixin.py:190} INFO - [2026-04-26T11:29:12.252+0000] {dag.py:3239} INFO - Sync 1 DAGs
[2026-04-26T11:29:12.392+0000] {logging_mixin.py:190} INFO - [2026-04-26T11:29:12.392+0000] {dag.py:4180} INFO - Setting next_dagrun for data_pipeline to 2026-04-25 15:30:00+00:00, run_after=2026-04-26 15:30:00+00:00
[2026-04-26T11:29:12.412+0000] {processor.py:208} INFO - Processing /opt/airflow/dags/dag2.py took 0.215 seconds
[2026-04-26T11:29:42.511+0000] {processor.py:186} INFO - Started process (PID=3445) to work on /opt/airflow/dags/dag2.py
[2026-04-26T11:29:42.511+0000] {processor.py:914} INFO - Processing file /opt/airflow/dags/dag2.py for tasks to queue
[2026-04-26T11:29:42.514+0000] {logging_mixin.py:190} INFO - [2026-04-26T11:29:42.514+0000] {dagbag.py:588} INFO - Filling up the DagBag from /opt/airflow/dags/dag2.py
[2026-04-26T11:29:42.525+0000] {processor.py:925} INFO - DAG(s) 'data_pipeline' retrieved from /opt/airflow/dags/dag2.py
[2026-04-26T11:29:42.554+0000] {logging_mixin.py:190} INFO - [2026-04-26T11:29:42.554+0000] {dag.py:3239} INFO - Sync 1 DAGs
[2026-04-26T11:29:42.576+0000] {logging_mixin.py:190} INFO - [2026-04-26T11:29:42.576+0000] {dag.py:4180} INFO - Setting next_dagrun for data_pipeline to 2026-04-25 15:30:00+00:00, run_after=2026-04-26 15:30:00+00:00
[2026-04-26T11:29:42.593+0000] {processor.py:208} INFO - Processing /opt/airflow/dags/dag2.py took 0.089 seconds
[2026-04-26T11:30:12.801+0000] {processor.py:186} INFO - Started process (PID=3461) to work on /opt/airflow/dags/dag2.py
[2026-04-26T11:30:12.802+0000] {processor.py:914} INFO - Processing file /opt/airflow/dags/dag2.py for tasks to queue
[2026-04-26T11:30:12.805+0000] {logging_mixin.py:190} INFO - [2026-04-26T11:30:12.804+0000] {dagbag.py:588} INFO - Filling up the DagBag from /opt/airflow/dags/dag2.py
[2026-04-26T11:30:12.816+0000] {processor.py:925} INFO - DAG(s) 'data_pipeline' retrieved from /opt/airflow/dags/dag2.py
[2026-04-26T11:30:12.838+0000] {logging_mixin.py:190} INFO - [2026-04-26T11:30:12.838+0000] {dag.py:3239} INFO - Sync 1 DAGs
[2026-04-26T11:30:12.860+0000] {logging_mixin.py:190} INFO - [2026-04-26T11:30:12.860+0000] {dag.py:4180} INFO - Setting next_dagrun for data_pipeline to 2026-04-25 15:30:00+00:00, run_after=2026-04-26 15:30:00+00:00
[2026-04-26T11:30:12.879+0000] {processor.py:208} INFO - Processing /opt/airflow/dags/dag2.py took 0.085 seconds
[2026-04-26T11:30:43.170+0000] {processor.py:186} INFO - Started process (PID=3477) to work on /opt/airflow/dags/dag2.py
[2026-04-26T11:30:43.171+0000] {processor.py:914} INFO - Processing file /opt/airflow/dags/dag2.py for tasks to queue
[2026-04-26T11:30:43.173+0000] {logging_mixin.py:190} INFO - [2026-04-26T11:30:43.173+0000] {dagbag.py:588} INFO - Filling up the DagBag from /opt/airflow/dags/dag2.py
[2026-04-26T11:30:43.184+0000] {processor.py:925} INFO - DAG(s) 'data_pipeline' retrieved from /opt/airflow/dags/dag2.py
[2026-04-26T11:30:43.205+0000] {logging_mixin.py:190} INFO - [2026-04-26T11:30:43.204+0000] {dag.py:3239} INFO - Sync 1 DAGs
[2026-04-26T11:30:43.228+0000] {logging_mixin.py:190} INFO - [2026-04-26T11:30:43.227+0000] {dag.py:4180} INFO - Setting next_dagrun for data_pipeline to 2026-04-25 15:30:00+00:00, run_after=2026-04-26 15:30:00+00:00
[2026-04-26T11:30:43.244+0000] {processor.py:208} INFO - Processing /opt/airflow/dags/dag2.py took 0.080 seconds
[2026-04-26T11:31:13.496+0000] {processor.py:186} INFO - Started process (PID=3493) to work on /opt/airflow/dags/dag2.py
[2026-04-26T11:31:13.500+0000] {processor.py:914} INFO - Processing file /opt/airflow/dags/dag2.py for tasks to queue
[2026-04-26T11:31:13.502+0000] {logging_mixin.py:190} INFO - [2026-04-26T11:31:13.502+0000] {dagbag.py:588} INFO - Filling up the DagBag from /opt/airflow/dags/dag2.py
[2026-04-26T11:31:13.511+0000] {processor.py:925} INFO - DAG(s) 'data_pipeline' retrieved from /opt/airflow/dags/dag2.py
[2026-04-26T11:31:13.533+0000] {logging_mixin.py:190} INFO - [2026-04-26T11:31:13.533+0000] {dag.py:3239} INFO - Sync 1 DAGs
[2026-04-26T11:31:13.556+0000] {logging_mixin.py:190} INFO - [2026-04-26T11:31:13.555+0000] {dag.py:4180} INFO - Setting next_dagrun for data_pipeline to 2026-04-25 15:30:00+00:00, run_after=2026-04-26 15:30:00+00:00
[2026-04-26T11:31:13.574+0000] {processor.py:208} INFO - Processing /opt/airflow/dags/dag2.py took 0.084 seconds
[2026-04-26T11:31:43.785+0000] {processor.py:186} INFO - Started process (PID=3509) to work on /opt/airflow/dags/dag2.py
[2026-04-26T11:31:43.786+0000] {processor.py:914} INFO - Processing file /opt/airflow/dags/dag2.py for tasks to queue
[2026-04-26T11:31:43.788+0000] {logging_mixin.py:190} INFO - [2026-04-26T11:31:43.788+0000] {dagbag.py:588} INFO - Filling up the DagBag from /opt/airflow/dags/dag2.py
[2026-04-26T11:31:43.799+0000] {processor.py:925} INFO - DAG(s) 'data_pipeline' retrieved from /opt/airflow/dags/dag2.py
[2026-04-26T11:31:43.822+0000] {logging_mixin.py:190} INFO - [2026-04-26T11:31:43.822+0000] {dag.py:3239} INFO - Sync 1 DAGs
[2026-04-26T11:31:43.846+0000] {logging_mixin.py:190} INFO - [2026-04-26T11:31:43.846+0000] {dag.py:4180} INFO - Setting next_dagrun for data_pipeline to 2026-04-25 15:30:00+00:00, run_after=2026-04-26 15:30:00+00:00
[2026-04-26T11:31:43.992+0000] {processor.py:208} INFO - Processing /opt/airflow/dags/dag2.py took 0.212 seconds
[2026-04-26T11:32:14.121+0000] {processor.py:186} INFO - Started process (PID=3525) to work on /opt/airflow/dags/dag2.py
[2026-04-26T11:32:14.122+0000] {processor.py:914} INFO - Processing file /opt/airflow/dags/dag2.py for tasks to queue
[2026-04-26T11:32:14.124+0000] {logging_mixin.py:190} INFO - [2026-04-26T11:32:14.124+0000] {dagbag.py:588} INFO - Filling up the DagBag from /opt/airflow/dags/dag2.py
[2026-04-26T11:32:14.141+0000] {processor.py:925} INFO - DAG(s) 'data_pipeline' retrieved from /opt/airflow/dags/dag2.py
[2026-04-26T11:32:14.166+0000] {logging_mixin.py:190} INFO - [2026-04-26T11:32:14.165+0000] {dag.py:3239} INFO - Sync 1 DAGs
[2026-04-26T11:32:14.307+0000] {logging_mixin.py:190} INFO - [2026-04-26T11:32:14.307+0000] {dag.py:4180} INFO - Setting next_dagrun for data_pipeline to 2026-04-25 15:30:00+00:00, run_after=2026-04-26 15:30:00+00:00
[2026-04-26T11:32:14.328+0000] {processor.py:208} INFO - Processing /opt/airflow/dags/dag2.py took 0.214 seconds
[2026-04-26T11:32:44.546+0000] {processor.py:186} INFO - Started process (PID=3541) to work on /opt/airflow/dags/dag2.py
[2026-04-26T11:32:44.547+0000] {processor.py:914} INFO - Processing file /opt/airflow/dags/dag2.py for tasks to queue
[2026-04-26T11:32:44.549+0000] {logging_mixin.py:190} INFO - [2026-04-26T11:32:44.549+0000] {dagbag.py:588} INFO - Filling up the DagBag from /opt/airflow/dags/dag2.py
[2026-04-26T11:32:44.561+0000] {processor.py:925} INFO - DAG(s) 'data_pipeline' retrieved from /opt/airflow/dags/dag2.py
[2026-04-26T11:32:44.585+0000] {logging_mixin.py:190} INFO - [2026-04-26T11:32:44.585+0000] {dag.py:3239} INFO - Sync 1 DAGs
[2026-04-26T11:32:44.610+0000] {logging_mixin.py:190} INFO - [2026-04-26T11:32:44.609+0000] {dag.py:4180} INFO - Setting next_dagrun for data_pipeline to 2026-04-25 15:30:00+00:00, run_after=2026-04-26 15:30:00+00:00
[2026-04-26T11:32:44.629+0000] {processor.py:208} INFO - Processing /opt/airflow/dags/dag2.py took 0.090 seconds
[2026-04-26T11:33:14.917+0000] {processor.py:186} INFO - Started process (PID=3563) to work on /opt/airflow/dags/dag2.py
[2026-04-26T11:33:14.917+0000] {processor.py:914} INFO - Processing file /opt/airflow/dags/dag2.py for tasks to queue
[2026-04-26T11:33:14.920+0000] {logging_mixin.py:190} INFO - [2026-04-26T11:33:14.920+0000] {dagbag.py:588} INFO - Filling up the DagBag from /opt/airflow/dags/dag2.py
[2026-04-26T11:33:14.930+0000] {processor.py:925} INFO - DAG(s) 'data_pipeline' retrieved from /opt/airflow/dags/dag2.py
[2026-04-26T11:33:14.951+0000] {logging_mixin.py:190} INFO - [2026-04-26T11:33:14.951+0000] {dag.py:3239} INFO - Sync 1 DAGs
[2026-04-26T11:33:14.978+0000] {logging_mixin.py:190} INFO - [2026-04-26T11:33:14.977+0000] {dag.py:4180} INFO - Setting next_dagrun for data_pipeline to 2026-04-25 15:30:00+00:00, run_after=2026-04-26 15:30:00+00:00
[2026-04-26T11:33:14.995+0000] {processor.py:208} INFO - Processing /opt/airflow/dags/dag2.py took 0.086 seconds
[2026-04-26T11:33:45.299+0000] {processor.py:186} INFO - Started process (PID=3579) to work on /opt/airflow/dags/dag2.py
[2026-04-26T11:33:45.300+0000] {processor.py:914} INFO - Processing file /opt/airflow/dags/dag2.py for tasks to queue
[2026-04-26T11:33:45.303+0000] {logging_mixin.py:190} INFO - [2026-04-26T11:33:45.302+0000] {dagbag.py:588} INFO - Filling up the DagBag from /opt/airflow/dags/dag2.py
[2026-04-26T11:33:45.320+0000] {processor.py:925} INFO - DAG(s) 'data_pipeline' retrieved from /opt/airflow/dags/dag2.py
[2026-04-26T11:33:45.340+0000] {logging_mixin.py:190} INFO - [2026-04-26T11:33:45.340+0000] {dag.py:3239} INFO - Sync 1 DAGs
[2026-04-26T11:33:45.363+0000] {logging_mixin.py:190} INFO - [2026-04-26T11:33:45.362+0000] {dag.py:4180} INFO - Setting next_dagrun for data_pipeline to 2026-04-25 15:30:00+00:00, run_after=2026-04-26 15:30:00+00:00
[2026-04-26T11:33:45.379+0000] {processor.py:208} INFO - Processing /opt/airflow/dags/dag2.py took 0.089 seconds
[2026-04-26T11:34:15.688+0000] {processor.py:186} INFO - Started process (PID=3595) to work on /opt/airflow/dags/dag2.py
[2026-04-26T11:34:15.689+0000] {processor.py:914} INFO - Processing file /opt/airflow/dags/dag2.py for tasks to queue
[2026-04-26T11:34:15.692+0000] {logging_mixin.py:190} INFO - [2026-04-26T11:34:15.691+0000] {dagbag.py:588} INFO - Filling up the DagBag from /opt/airflow/dags/dag2.py
[2026-04-26T11:34:15.705+0000] {processor.py:925} INFO - DAG(s) 'data_pipeline' retrieved from /opt/airflow/dags/dag2.py
[2026-04-26T11:34:15.726+0000] {logging_mixin.py:190} INFO - [2026-04-26T11:34:15.725+0000] {dag.py:3239} INFO - Sync 1 DAGs
[2026-04-26T11:34:15.748+0000] {logging_mixin.py:190} INFO - [2026-04-26T11:34:15.748+0000] {dag.py:4180} INFO - Setting next_dagrun for data_pipeline to 2026-04-25 15:30:00+00:00, run_after=2026-04-26 15:30:00+00:00
[2026-04-26T11:34:15.768+0000] {processor.py:208} INFO - Processing /opt/airflow/dags/dag2.py took 0.090 seconds
[2026-04-26T11:34:46.083+0000] {processor.py:186} INFO - Started process (PID=3611) to work on /opt/airflow/dags/dag2.py
[2026-04-26T11:34:46.083+0000] {processor.py:914} INFO - Processing file /opt/airflow/dags/dag2.py for tasks to queue
[2026-04-26T11:34:46.085+0000] {logging_mixin.py:190} INFO - [2026-04-26T11:34:46.085+0000] {dagbag.py:588} INFO - Filling up the DagBag from /opt/airflow/dags/dag2.py
[2026-04-26T11:34:46.096+0000] {processor.py:925} INFO - DAG(s) 'data_pipeline' retrieved from /opt/airflow/dags/dag2.py
[2026-04-26T11:34:46.117+0000] {logging_mixin.py:190} INFO - [2026-04-26T11:34:46.116+0000] {dag.py:3239} INFO - Sync 1 DAGs
[2026-04-26T11:34:46.257+0000] {logging_mixin.py:190} INFO - [2026-04-26T11:34:46.256+0000] {dag.py:4180} INFO - Setting next_dagrun for data_pipeline to 2026-04-25 15:30:00+00:00, run_after=2026-04-26 15:30:00+00:00
[2026-04-26T11:34:46.277+0000] {processor.py:208} INFO - Processing /opt/airflow/dags/dag2.py took 0.202 seconds
[2026-04-26T11:35:16.379+0000] {processor.py:186} INFO - Started process (PID=3627) to work on /opt/airflow/dags/dag2.py
[2026-04-26T11:35:16.379+0000] {processor.py:914} INFO - Processing file /opt/airflow/dags/dag2.py for tasks to queue
[2026-04-26T11:35:16.382+0000] {logging_mixin.py:190} INFO - [2026-04-26T11:35:16.381+0000] {dagbag.py:588} INFO - Filling up the DagBag from /opt/airflow/dags/dag2.py
[2026-04-26T11:35:16.395+0000] {processor.py:925} INFO - DAG(s) 'data_pipeline' retrieved from /opt/airflow/dags/dag2.py
[2026-04-26T11:35:16.424+0000] {logging_mixin.py:190} INFO - [2026-04-26T11:35:16.424+0000] {dag.py:3239} INFO - Sync 1 DAGs
[2026-04-26T11:35:16.449+0000] {logging_mixin.py:190} INFO - [2026-04-26T11:35:16.449+0000] {dag.py:4180} INFO - Setting next_dagrun for data_pipeline to 2026-04-25 15:30:00+00:00, run_after=2026-04-26 15:30:00+00:00
[2026-04-26T11:35:16.469+0000] {processor.py:208} INFO - Processing /opt/airflow/dags/dag2.py took 0.097 seconds
[2026-04-26T11:35:46.679+0000] {processor.py:186} INFO - Started process (PID=3643) to work on /opt/airflow/dags/dag2.py
[2026-04-26T11:35:46.679+0000] {processor.py:914} INFO - Processing file /opt/airflow/dags/dag2.py for tasks to queue
[2026-04-26T11:35:46.681+0000] {logging_mixin.py:190} INFO - [2026-04-26T11:35:46.681+0000] {dagbag.py:588} INFO - Filling up the DagBag from /opt/airflow/dags/dag2.py
[2026-04-26T11:35:46.691+0000] {processor.py:925} INFO - DAG(s) 'data_pipeline' retrieved from /opt/airflow/dags/dag2.py
[2026-04-26T11:35:46.714+0000] {logging_mixin.py:190} INFO - [2026-04-26T11:35:46.713+0000] {dag.py:3239} INFO - Sync 1 DAGs
[2026-04-26T11:35:46.736+0000] {logging_mixin.py:190} INFO - [2026-04-26T11:35:46.736+0000] {dag.py:4180} INFO - Setting next_dagrun for data_pipeline to 2026-04-25 15:30:00+00:00, run_after=2026-04-26 15:30:00+00:00
[2026-04-26T11:35:46.755+0000] {processor.py:208} INFO - Processing /opt/airflow/dags/dag2.py took 0.084 seconds
[2026-04-26T11:36:17.080+0000] {processor.py:186} INFO - Started process (PID=3659) to work on /opt/airflow/dags/dag2.py
[2026-04-26T11:36:17.083+0000] {processor.py:914} INFO - Processing file /opt/airflow/dags/dag2.py for tasks to queue
[2026-04-26T11:36:17.084+0000] {logging_mixin.py:190} INFO - [2026-04-26T11:36:17.084+0000] {dagbag.py:588} INFO - Filling up the DagBag from /opt/airflow/dags/dag2.py
[2026-04-26T11:36:17.094+0000] {processor.py:925} INFO - DAG(s) 'data_pipeline' retrieved from /opt/airflow/dags/dag2.py
[2026-04-26T11:36:17.115+0000] {logging_mixin.py:190} INFO - [2026-04-26T11:36:17.115+0000] {dag.py:3239} INFO - Sync 1 DAGs
[2026-04-26T11:36:17.137+0000] {logging_mixin.py:190} INFO - [2026-04-26T11:36:17.137+0000] {dag.py:4180} INFO - Setting next_dagrun for data_pipeline to 2026-04-25 15:30:00+00:00, run_after=2026-04-26 15:30:00+00:00
[2026-04-26T11:36:17.153+0000] {processor.py:208} INFO - Processing /opt/airflow/dags/dag2.py took 0.078 seconds
[2026-04-26T11:36:47.400+0000] {processor.py:186} INFO - Started process (PID=3675) to work on /opt/airflow/dags/dag2.py
[2026-04-26T11:36:47.400+0000] {processor.py:914} INFO - Processing file /opt/airflow/dags/dag2.py for tasks to queue
[2026-04-26T11:36:47.403+0000] {logging_mixin.py:190} INFO - [2026-04-26T11:36:47.402+0000] {dagbag.py:588} INFO - Filling up the DagBag from /opt/airflow/dags/dag2.py
[2026-04-26T11:36:47.413+0000] {processor.py:925} INFO - DAG(s) 'data_pipeline' retrieved from /opt/airflow/dags/dag2.py
[2026-04-26T11:36:47.435+0000] {logging_mixin.py:190} INFO - [2026-04-26T11:36:47.434+0000] {dag.py:3239} INFO - Sync 1 DAGs
[2026-04-26T11:36:47.457+0000] {logging_mixin.py:190} INFO - [2026-04-26T11:36:47.457+0000] {dag.py:4180} INFO - Setting next_dagrun for data_pipeline to 2026-04-25 15:30:00+00:00, run_after=2026-04-26 15:30:00+00:00
[2026-04-26T11:36:47.474+0000] {processor.py:208} INFO - Processing /opt/airflow/dags/dag2.py took 0.082 seconds
[2026-04-26T11:37:17.683+0000] {processor.py:186} INFO - Started process (PID=3691) to work on /opt/airflow/dags/dag2.py
[2026-04-26T11:37:17.684+0000] {processor.py:914} INFO - Processing file /opt/airflow/dags/dag2.py for tasks to queue
[2026-04-26T11:37:17.688+0000] {logging_mixin.py:190} INFO - [2026-04-26T11:37:17.687+0000] {dagbag.py:588} INFO - Filling up the DagBag from /opt/airflow/dags/dag2.py
[2026-04-26T11:37:17.702+0000] {processor.py:925} INFO - DAG(s) 'data_pipeline' retrieved from /opt/airflow/dags/dag2.py
[2026-04-26T11:37:17.726+0000] {logging_mixin.py:190} INFO - [2026-04-26T11:37:17.726+0000] {dag.py:3239} INFO - Sync 1 DAGs
[2026-04-26T11:37:17.749+0000] {logging_mixin.py:190} INFO - [2026-04-26T11:37:17.749+0000] {dag.py:4180} INFO - Setting next_dagrun for data_pipeline to 2026-04-25 15:30:00+00:00, run_after=2026-04-26 15:30:00+00:00
[2026-04-26T11:37:17.888+0000] {processor.py:208} INFO - Processing /opt/airflow/dags/dag2.py took 0.217 seconds
[2026-04-26T11:37:48.158+0000] {processor.py:186} INFO - Started process (PID=3707) to work on /opt/airflow/dags/dag2.py
[2026-04-26T11:37:48.158+0000] {processor.py:914} INFO - Processing file /opt/airflow/dags/dag2.py for tasks to queue
[2026-04-26T11:37:48.161+0000] {logging_mixin.py:190} INFO - [2026-04-26T11:37:48.160+0000] {dagbag.py:588} INFO - Filling up the DagBag from /opt/airflow/dags/dag2.py
[2026-04-26T11:37:48.170+0000] {processor.py:925} INFO - DAG(s) 'data_pipeline' retrieved from /opt/airflow/dags/dag2.py
[2026-04-26T11:37:48.191+0000] {logging_mixin.py:190} INFO - [2026-04-26T11:37:48.191+0000] {dag.py:3239} INFO - Sync 1 DAGs
[2026-04-26T11:37:48.334+0000] {logging_mixin.py:190} INFO - [2026-04-26T11:37:48.334+0000] {dag.py:4180} INFO - Setting next_dagrun for data_pipeline to 2026-04-25 15:30:00+00:00, run_after=2026-04-26 15:30:00+00:00
[2026-04-26T11:37:48.349+0000] {processor.py:208} INFO - Processing /opt/airflow/dags/dag2.py took 0.196 seconds
[2026-04-26T11:38:18.459+0000] {processor.py:186} INFO - Started process (PID=3723) to work on /opt/airflow/dags/dag2.py
[2026-04-26T11:38:18.460+0000] {processor.py:914} INFO - Processing file /opt/airflow/dags/dag2.py for tasks to queue
[2026-04-26T11:38:18.463+0000] {logging_mixin.py:190} INFO - [2026-04-26T11:38:18.462+0000] {dagbag.py:588} INFO - Filling up the DagBag from /opt/airflow/dags/dag2.py
[2026-04-26T11:38:18.475+0000] {processor.py:925} INFO - DAG(s) 'data_pipeline' retrieved from /opt/airflow/dags/dag2.py
[2026-04-26T11:38:18.498+0000] {logging_mixin.py:190} INFO - [2026-04-26T11:38:18.498+0000] {dag.py:3239} INFO - Sync 1 DAGs
[2026-04-26T11:38:18.520+0000] {logging_mixin.py:190} INFO - [2026-04-26T11:38:18.520+0000] {dag.py:4180} INFO - Setting next_dagrun for data_pipeline to 2026-04-25 15:30:00+00:00, run_after=2026-04-26 15:30:00+00:00
[2026-04-26T11:38:18.536+0000] {processor.py:208} INFO - Processing /opt/airflow/dags/dag2.py took 0.088 seconds
[2026-04-26T11:38:48.725+0000] {processor.py:186} INFO - Started process (PID=3739) to work on /opt/airflow/dags/dag2.py
[2026-04-26T11:38:48.725+0000] {processor.py:914} INFO - Processing file /opt/airflow/dags/dag2.py for tasks to queue
[2026-04-26T11:38:48.727+0000] {logging_mixin.py:190} INFO - [2026-04-26T11:38:48.727+0000] {dagbag.py:588} INFO - Filling up the DagBag from /opt/airflow/dags/dag2.py
[2026-04-26T11:38:48.737+0000] {processor.py:925} INFO - DAG(s) 'data_pipeline' retrieved from /opt/airflow/dags/dag2.py
[2026-04-26T11:38:48.760+0000] {logging_mixin.py:190} INFO - [2026-04-26T11:38:48.760+0000] {dag.py:3239} INFO - Sync 1 DAGs
[2026-04-26T11:38:48.786+0000] {logging_mixin.py:190} INFO - [2026-04-26T11:38:48.785+0000] {dag.py:4180} INFO - Setting next_dagrun for data_pipeline to 2026-04-25 15:30:00+00:00, run_after=2026-04-26 15:30:00+00:00
[2026-04-26T11:38:48.805+0000] {processor.py:208} INFO - Processing /opt/airflow/dags/dag2.py took 0.085 seconds
[2026-04-26T11:39:19.111+0000] {processor.py:186} INFO - Started process (PID=3755) to work on /opt/airflow/dags/dag2.py
[2026-04-26T11:39:19.112+0000] {processor.py:914} INFO - Processing file /opt/airflow/dags/dag2.py for tasks to queue
[2026-04-26T11:39:19.114+0000] {logging_mixin.py:190} INFO - [2026-04-26T11:39:19.113+0000] {dagbag.py:588} INFO - Filling up the DagBag from /opt/airflow/dags/dag2.py
[2026-04-26T11:39:19.125+0000] {processor.py:925} INFO - DAG(s) 'data_pipeline' retrieved from /opt/airflow/dags/dag2.py
[2026-04-26T11:39:19.148+0000] {logging_mixin.py:190} INFO - [2026-04-26T11:39:19.148+0000] {dag.py:3239} INFO - Sync 1 DAGs
[2026-04-26T11:39:19.170+0000] {logging_mixin.py:190} INFO - [2026-04-26T11:39:19.170+0000] {dag.py:4180} INFO - Setting next_dagrun for data_pipeline to 2026-04-25 15:30:00+00:00, run_after=2026-04-26 15:30:00+00:00
[2026-04-26T11:39:19.187+0000] {processor.py:208} INFO - Processing /opt/airflow/dags/dag2.py took 0.083 seconds
[2026-04-26T11:39:49.403+0000] {processor.py:186} INFO - Started process (PID=3771) to work on /opt/airflow/dags/dag2.py
[2026-04-26T11:39:49.403+0000] {processor.py:914} INFO - Processing file /opt/airflow/dags/dag2.py for tasks to queue
[2026-04-26T11:39:49.405+0000] {logging_mixin.py:190} INFO - [2026-04-26T11:39:49.405+0000] {dagbag.py:588} INFO - Filling up the DagBag from /opt/airflow/dags/dag2.py
[2026-04-26T11:39:49.416+0000] {processor.py:925} INFO - DAG(s) 'data_pipeline' retrieved from /opt/airflow/dags/dag2.py
[2026-04-26T11:39:49.438+0000] {logging_mixin.py:190} INFO - [2026-04-26T11:39:49.437+0000] {dag.py:3239} INFO - Sync 1 DAGs
[2026-04-26T11:39:49.459+0000] {logging_mixin.py:190} INFO - [2026-04-26T11:39:49.459+0000] {dag.py:4180} INFO - Setting next_dagrun for data_pipeline to 2026-04-25 15:30:00+00:00, run_after=2026-04-26 15:30:00+00:00
[2026-04-26T11:39:49.476+0000] {processor.py:208} INFO - Processing /opt/airflow/dags/dag2.py took 0.080 seconds
[2026-04-26T11:40:19.784+0000] {processor.py:186} INFO - Started process (PID=3787) to work on /opt/airflow/dags/dag2.py
[2026-04-26T11:40:19.786+0000] {processor.py:914} INFO - Processing file /opt/airflow/dags/dag2.py for tasks to queue
[2026-04-26T11:40:19.788+0000] {logging_mixin.py:190} INFO - [2026-04-26T11:40:19.788+0000] {dagbag.py:588} INFO - Filling up the DagBag from /opt/airflow/dags/dag2.py
[2026-04-26T11:40:19.804+0000] {processor.py:925} INFO - DAG(s) 'data_pipeline' retrieved from /opt/airflow/dags/dag2.py
[2026-04-26T11:40:19.825+0000] {logging_mixin.py:190} INFO - [2026-04-26T11:40:19.825+0000] {dag.py:3239} INFO - Sync 1 DAGs
[2026-04-26T11:40:19.848+0000] {logging_mixin.py:190} INFO - [2026-04-26T11:40:19.848+0000] {dag.py:4180} INFO - Setting next_dagrun for data_pipeline to 2026-04-25 15:30:00+00:00, run_after=2026-04-26 15:30:00+00:00
[2026-04-26T11:40:19.987+0000] {processor.py:208} INFO - Processing /opt/airflow/dags/dag2.py took 0.211 seconds
[2026-04-26T11:40:50.060+0000] {processor.py:186} INFO - Started process (PID=3803) to work on /opt/airflow/dags/dag2.py
[2026-04-26T11:40:50.060+0000] {processor.py:914} INFO - Processing file /opt/airflow/dags/dag2.py for tasks to queue
[2026-04-26T11:40:50.063+0000] {logging_mixin.py:190} INFO - [2026-04-26T11:40:50.062+0000] {dagbag.py:588} INFO - Filling up the DagBag from /opt/airflow/dags/dag2.py
[2026-04-26T11:40:50.076+0000] {processor.py:925} INFO - DAG(s) 'data_pipeline' retrieved from /opt/airflow/dags/dag2.py
[2026-04-26T11:40:50.099+0000] {logging_mixin.py:190} INFO - [2026-04-26T11:40:50.099+0000] {dag.py:3239} INFO - Sync 1 DAGs
[2026-04-26T11:40:50.248+0000] {logging_mixin.py:190} INFO - [2026-04-26T11:40:50.248+0000] {dag.py:4180} INFO - Setting next_dagrun for data_pipeline to 2026-04-25 15:30:00+00:00, run_after=2026-04-26 15:30:00+00:00
[2026-04-26T11:40:50.271+0000] {processor.py:208} INFO - Processing /opt/airflow/dags/dag2.py took 0.218 seconds
[2026-04-26T11:41:20.514+0000] {processor.py:186} INFO - Started process (PID=3819) to work on /opt/airflow/dags/dag2.py
[2026-04-26T11:41:20.515+0000] {processor.py:914} INFO - Processing file /opt/airflow/dags/dag2.py for tasks to queue
[2026-04-26T11:41:20.517+0000] {logging_mixin.py:190} INFO - [2026-04-26T11:41:20.517+0000] {dagbag.py:588} INFO - Filling up the DagBag from /opt/airflow/dags/dag2.py
[2026-04-26T11:41:20.526+0000] {processor.py:925} INFO - DAG(s) 'data_pipeline' retrieved from /opt/airflow/dags/dag2.py
[2026-04-26T11:41:20.549+0000] {logging_mixin.py:190} INFO - [2026-04-26T11:41:20.548+0000] {dag.py:3239} INFO - Sync 1 DAGs
[2026-04-26T11:41:20.572+0000] {logging_mixin.py:190} INFO - [2026-04-26T11:41:20.572+0000] {dag.py:4180} INFO - Setting next_dagrun for data_pipeline to 2026-04-25 15:30:00+00:00, run_after=2026-04-26 15:30:00+00:00
[2026-04-26T11:41:20.590+0000] {processor.py:208} INFO - Processing /opt/airflow/dags/dag2.py took 0.083 seconds
[2026-04-26T11:41:50.813+0000] {processor.py:186} INFO - Started process (PID=3835) to work on /opt/airflow/dags/dag2.py
[2026-04-26T11:41:50.814+0000] {processor.py:914} INFO - Processing file /opt/airflow/dags/dag2.py for tasks to queue
[2026-04-26T11:41:50.816+0000] {logging_mixin.py:190} INFO - [2026-04-26T11:41:50.815+0000] {dagbag.py:588} INFO - Filling up the DagBag from /opt/airflow/dags/dag2.py
[2026-04-26T11:41:50.828+0000] {processor.py:925} INFO - DAG(s) 'data_pipeline' retrieved from /opt/airflow/dags/dag2.py
[2026-04-26T11:41:50.855+0000] {logging_mixin.py:190} INFO - [2026-04-26T11:41:50.855+0000] {dag.py:3239} INFO - Sync 1 DAGs
[2026-04-26T11:41:50.880+0000] {logging_mixin.py:190} INFO - [2026-04-26T11:41:50.880+0000] {dag.py:4180} INFO - Setting next_dagrun for data_pipeline to 2026-04-25 15:30:00+00:00, run_after=2026-04-26 15:30:00+00:00
[2026-04-26T11:41:50.902+0000] {processor.py:208} INFO - Processing /opt/airflow/dags/dag2.py took 0.096 seconds
[2026-04-26T11:42:21.086+0000] {processor.py:186} INFO - Started process (PID=3851) to work on /opt/airflow/dags/dag2.py
[2026-04-26T11:42:21.087+0000] {processor.py:914} INFO - Processing file /opt/airflow/dags/dag2.py for tasks to queue
[2026-04-26T11:42:21.089+0000] {logging_mixin.py:190} INFO - [2026-04-26T11:42:21.089+0000] {dagbag.py:588} INFO - Filling up the DagBag from /opt/airflow/dags/dag2.py
[2026-04-26T11:42:21.101+0000] {processor.py:925} INFO - DAG(s) 'data_pipeline' retrieved from /opt/airflow/dags/dag2.py
[2026-04-26T11:42:21.127+0000] {logging_mixin.py:190} INFO - [2026-04-26T11:42:21.126+0000] {dag.py:3239} INFO - Sync 1 DAGs
[2026-04-26T11:42:21.159+0000] {logging_mixin.py:190} INFO - [2026-04-26T11:42:21.159+0000] {dag.py:4180} INFO - Setting next_dagrun for data_pipeline to 2026-04-25 15:30:00+00:00, run_after=2026-04-26 15:30:00+00:00
[2026-04-26T11:42:21.178+0000] {processor.py:208} INFO - Processing /opt/airflow/dags/dag2.py took 0.099 seconds
[2026-04-26T11:42:51.407+0000] {processor.py:186} INFO - Started process (PID=3867) to work on /opt/airflow/dags/dag2.py
[2026-04-26T11:42:51.408+0000] {processor.py:914} INFO - Processing file /opt/airflow/dags/dag2.py for tasks to queue
[2026-04-26T11:42:51.410+0000] {logging_mixin.py:190} INFO - [2026-04-26T11:42:51.410+0000] {dagbag.py:588} INFO - Filling up the DagBag from /opt/airflow/dags/dag2.py
[2026-04-26T11:42:51.424+0000] {processor.py:925} INFO - DAG(s) 'data_pipeline' retrieved from /opt/airflow/dags/dag2.py
[2026-04-26T11:42:51.447+0000] {logging_mixin.py:190} INFO - [2026-04-26T11:42:51.447+0000] {dag.py:3239} INFO - Sync 1 DAGs
[2026-04-26T11:42:51.470+0000] {logging_mixin.py:190} INFO - [2026-04-26T11:42:51.470+0000] {dag.py:4180} INFO - Setting next_dagrun for data_pipeline to 2026-04-25 15:30:00+00:00, run_after=2026-04-26 15:30:00+00:00
[2026-04-26T11:42:51.492+0000] {processor.py:208} INFO - Processing /opt/airflow/dags/dag2.py took 0.093 seconds
[2026-04-26T11:43:21.753+0000] {processor.py:186} INFO - Started process (PID=3883) to work on /opt/airflow/dags/dag2.py
[2026-04-26T11:43:21.754+0000] {processor.py:914} INFO - Processing file /opt/airflow/dags/dag2.py for tasks to queue
[2026-04-26T11:43:21.756+0000] {logging_mixin.py:190} INFO - [2026-04-26T11:43:21.756+0000] {dagbag.py:588} INFO - Filling up the DagBag from /opt/airflow/dags/dag2.py
[2026-04-26T11:43:21.769+0000] {processor.py:925} INFO - DAG(s) 'data_pipeline' retrieved from /opt/airflow/dags/dag2.py
[2026-04-26T11:43:21.791+0000] {logging_mixin.py:190} INFO - [2026-04-26T11:43:21.790+0000] {dag.py:3239} INFO - Sync 1 DAGs
[2026-04-26T11:43:21.931+0000] {logging_mixin.py:190} INFO - [2026-04-26T11:43:21.931+0000] {dag.py:4180} INFO - Setting next_dagrun for data_pipeline to 2026-04-25 15:30:00+00:00, run_after=2026-04-26 15:30:00+00:00
[2026-04-26T11:43:21.951+0000] {processor.py:208} INFO - Processing /opt/airflow/dags/dag2.py took 0.206 seconds
[2026-04-26T11:43:52.237+0000] {processor.py:186} INFO - Started process (PID=3899) to work on /opt/airflow/dags/dag2.py
[2026-04-26T11:43:52.238+0000] {processor.py:914} INFO - Processing file /opt/airflow/dags/dag2.py for tasks to queue
[2026-04-26T11:43:52.240+0000] {logging_mixin.py:190} INFO - [2026-04-26T11:43:52.240+0000] {dagbag.py:588} INFO - Filling up the DagBag from /opt/airflow/dags/dag2.py
[2026-04-26T11:43:52.251+0000] {processor.py:925} INFO - DAG(s) 'data_pipeline' retrieved from /opt/airflow/dags/dag2.py
[2026-04-26T11:43:52.277+0000] {logging_mixin.py:190} INFO - [2026-04-26T11:43:52.277+0000] {dag.py:3239} INFO - Sync 1 DAGs
[2026-04-26T11:43:52.424+0000] {logging_mixin.py:190} INFO - [2026-04-26T11:43:52.424+0000] {dag.py:4180} INFO - Setting next_dagrun for data_pipeline to 2026-04-25 15:30:00+00:00, run_after=2026-04-26 15:30:00+00:00
[2026-04-26T11:43:52.445+0000] {processor.py:208} INFO - Processing /opt/airflow/dags/dag2.py took 0.216 seconds
[2026-04-26T11:44:22.502+0000] {processor.py:186} INFO - Started process (PID=3912) to work on /opt/airflow/dags/dag2.py
[2026-04-26T11:44:22.503+0000] {processor.py:914} INFO - Processing file /opt/airflow/dags/dag2.py for tasks to queue
[2026-04-26T11:44:22.506+0000] {logging_mixin.py:190} INFO - [2026-04-26T11:44:22.505+0000] {dagbag.py:588} INFO - Filling up the DagBag from /opt/airflow/dags/dag2.py
[2026-04-26T11:44:22.517+0000] {processor.py:925} INFO - DAG(s) 'data_pipeline' retrieved from /opt/airflow/dags/dag2.py
[2026-04-26T11:44:22.540+0000] {logging_mixin.py:190} INFO - [2026-04-26T11:44:22.540+0000] {dag.py:3239} INFO - Sync 1 DAGs
[2026-04-26T11:44:22.562+0000] {logging_mixin.py:190} INFO - [2026-04-26T11:44:22.562+0000] {dag.py:4180} INFO - Setting next_dagrun for data_pipeline to 2026-04-25 15:30:00+00:00, run_after=2026-04-26 15:30:00+00:00
[2026-04-26T11:44:22.577+0000] {processor.py:208} INFO - Processing /opt/airflow/dags/dag2.py took 0.083 seconds
[2026-04-26T11:44:52.828+0000] {processor.py:186} INFO - Started process (PID=3931) to work on /opt/airflow/dags/dag2.py
[2026-04-26T11:44:52.829+0000] {processor.py:914} INFO - Processing file /opt/airflow/dags/dag2.py for tasks to queue
[2026-04-26T11:44:52.833+0000] {logging_mixin.py:190} INFO - [2026-04-26T11:44:52.832+0000] {dagbag.py:588} INFO - Filling up the DagBag from /opt/airflow/dags/dag2.py
[2026-04-26T11:44:52.849+0000] {processor.py:925} INFO - DAG(s) 'data_pipeline' retrieved from /opt/airflow/dags/dag2.py
[2026-04-26T11:44:52.873+0000] {logging_mixin.py:190} INFO - [2026-04-26T11:44:52.873+0000] {dag.py:3239} INFO - Sync 1 DAGs
[2026-04-26T11:44:52.899+0000] {logging_mixin.py:190} INFO - [2026-04-26T11:44:52.899+0000] {dag.py:4180} INFO - Setting next_dagrun for data_pipeline to 2026-04-25 15:30:00+00:00, run_after=2026-04-26 15:30:00+00:00
[2026-04-26T11:44:52.915+0000] {processor.py:208} INFO - Processing /opt/airflow/dags/dag2.py took 0.095 seconds
[2026-04-26T11:45:23.157+0000] {processor.py:186} INFO - Started process (PID=3947) to work on /opt/airflow/dags/dag2.py
[2026-04-26T11:45:23.158+0000] {processor.py:914} INFO - Processing file /opt/airflow/dags/dag2.py for tasks to queue
[2026-04-26T11:45:23.160+0000] {logging_mixin.py:190} INFO - [2026-04-26T11:45:23.160+0000] {dagbag.py:588} INFO - Filling up the DagBag from /opt/airflow/dags/dag2.py
[2026-04-26T11:45:23.171+0000] {processor.py:925} INFO - DAG(s) 'data_pipeline' retrieved from /opt/airflow/dags/dag2.py
[2026-04-26T11:45:23.193+0000] {logging_mixin.py:190} INFO - [2026-04-26T11:45:23.193+0000] {dag.py:3239} INFO - Sync 1 DAGs
[2026-04-26T11:45:23.216+0000] {logging_mixin.py:190} INFO - [2026-04-26T11:45:23.216+0000] {dag.py:4180} INFO - Setting next_dagrun for data_pipeline to 2026-04-25 15:30:00+00:00, run_after=2026-04-26 15:30:00+00:00
[2026-04-26T11:45:23.233+0000] {processor.py:208} INFO - Processing /opt/airflow/dags/dag2.py took 0.084 seconds
[2026-04-26T11:45:53.568+0000] {processor.py:186} INFO - Started process (PID=3963) to work on /opt/airflow/dags/dag2.py
[2026-04-26T11:45:53.569+0000] {processor.py:914} INFO - Processing file /opt/airflow/dags/dag2.py for tasks to queue
[2026-04-26T11:45:53.571+0000] {logging_mixin.py:190} INFO - [2026-04-26T11:45:53.571+0000] {dagbag.py:588} INFO - Filling up the DagBag from /opt/airflow/dags/dag2.py
[2026-04-26T11:45:53.582+0000] {processor.py:925} INFO - DAG(s) 'data_pipeline' retrieved from /opt/airflow/dags/dag2.py
[2026-04-26T11:45:53.604+0000] {logging_mixin.py:190} INFO - [2026-04-26T11:45:53.604+0000] {dag.py:3239} INFO - Sync 1 DAGs
[2026-04-26T11:45:53.629+0000] {logging_mixin.py:190} INFO - [2026-04-26T11:45:53.628+0000] {dag.py:4180} INFO - Setting next_dagrun for data_pipeline to 2026-04-25 15:30:00+00:00, run_after=2026-04-26 15:30:00+00:00
[2026-04-26T11:45:53.764+0000] {processor.py:208} INFO - Processing /opt/airflow/dags/dag2.py took 0.203 seconds
[2026-04-26T11:46:24.116+0000] {processor.py:186} INFO - Started process (PID=3979) to work on /opt/airflow/dags/dag2.py
[2026-04-26T11:46:24.116+0000] {processor.py:914} INFO - Processing file /opt/airflow/dags/dag2.py for tasks to queue
[2026-04-26T11:46:24.118+0000] {logging_mixin.py:190} INFO - [2026-04-26T11:46:24.118+0000] {dagbag.py:588} INFO - Filling up the DagBag from /opt/airflow/dags/dag2.py
[2026-04-26T11:46:24.131+0000] {processor.py:925} INFO - DAG(s) 'data_pipeline' retrieved from /opt/airflow/dags/dag2.py
[2026-04-26T11:46:24.159+0000] {logging_mixin.py:190} INFO - [2026-04-26T11:46:24.159+0000] {dag.py:3239} INFO - Sync 1 DAGs
[2026-04-26T11:46:24.323+0000] {logging_mixin.py:190} INFO - [2026-04-26T11:46:24.322+0000] {dag.py:4180} INFO - Setting next_dagrun for data_pipeline to 2026-04-25 15:30:00+00:00, run_after=2026-04-26 15:30:00+00:00
[2026-04-26T11:46:24.344+0000] {processor.py:208} INFO - Processing /opt/airflow/dags/dag2.py took 0.235 seconds
[2026-04-26T11:46:54.475+0000] {processor.py:186} INFO - Started process (PID=3997) to work on /opt/airflow/dags/dag2.py
[2026-04-26T11:46:54.476+0000] {processor.py:914} INFO - Processing file /opt/airflow/dags/dag2.py for tasks to queue
[2026-04-26T11:46:54.478+0000] {logging_mixin.py:190} INFO - [2026-04-26T11:46:54.477+0000] {dagbag.py:588} INFO - Filling up the DagBag from /opt/airflow/dags/dag2.py
[2026-04-26T11:46:54.488+0000] {processor.py:925} INFO - DAG(s) 'data_pipeline' retrieved from /opt/airflow/dags/dag2.py
[2026-04-26T11:46:54.511+0000] {logging_mixin.py:190} INFO - [2026-04-26T11:46:54.511+0000] {dag.py:3239} INFO - Sync 1 DAGs
[2026-04-26T11:46:54.534+0000] {logging_mixin.py:190} INFO - [2026-04-26T11:46:54.534+0000] {dag.py:4180} INFO - Setting next_dagrun for data_pipeline to 2026-04-25 15:30:00+00:00, run_after=2026-04-26 15:30:00+00:00
[2026-04-26T11:46:54.550+0000] {processor.py:208} INFO - Processing /opt/airflow/dags/dag2.py took 0.080 seconds
[2026-04-26T11:47:24.762+0000] {processor.py:186} INFO - Started process (PID=4011) to work on /opt/airflow/dags/dag2.py
[2026-04-26T11:47:24.762+0000] {processor.py:914} INFO - Processing file /opt/airflow/dags/dag2.py for tasks to queue
[2026-04-26T11:47:24.764+0000] {logging_mixin.py:190} INFO - [2026-04-26T11:47:24.764+0000] {dagbag.py:588} INFO - Filling up the DagBag from /opt/airflow/dags/dag2.py
[2026-04-26T11:47:24.774+0000] {processor.py:925} INFO - DAG(s) 'data_pipeline' retrieved from /opt/airflow/dags/dag2.py
[2026-04-26T11:47:24.797+0000] {logging_mixin.py:190} INFO - [2026-04-26T11:47:24.797+0000] {dag.py:3239} INFO - Sync 1 DAGs
[2026-04-26T11:47:24.824+0000] {logging_mixin.py:190} INFO - [2026-04-26T11:47:24.824+0000] {dag.py:4180} INFO - Setting next_dagrun for data_pipeline to 2026-04-25 15:30:00+00:00, run_after=2026-04-26 15:30:00+00:00
[2026-04-26T11:47:24.840+0000] {processor.py:208} INFO - Processing /opt/airflow/dags/dag2.py took 0.084 seconds
[2026-04-26T11:47:55.159+0000] {processor.py:186} INFO - Started process (PID=4027) to work on /opt/airflow/dags/dag2.py
[2026-04-26T11:47:55.160+0000] {processor.py:914} INFO - Processing file /opt/airflow/dags/dag2.py for tasks to queue
[2026-04-26T11:47:55.162+0000] {logging_mixin.py:190} INFO - [2026-04-26T11:47:55.162+0000] {dagbag.py:588} INFO - Filling up the DagBag from /opt/airflow/dags/dag2.py
[2026-04-26T11:47:55.172+0000] {processor.py:925} INFO - DAG(s) 'data_pipeline' retrieved from /opt/airflow/dags/dag2.py
[2026-04-26T11:47:55.193+0000] {logging_mixin.py:190} INFO - [2026-04-26T11:47:55.193+0000] {dag.py:3239} INFO - Sync 1 DAGs
[2026-04-26T11:47:55.215+0000] {logging_mixin.py:190} INFO - [2026-04-26T11:47:55.215+0000] {dag.py:4180} INFO - Setting next_dagrun for data_pipeline to 2026-04-25 15:30:00+00:00, run_after=2026-04-26 15:30:00+00:00
[2026-04-26T11:47:55.237+0000] {processor.py:208} INFO - Processing /opt/airflow/dags/dag2.py took 0.085 seconds
[2026-04-26T11:48:25.471+0000] {processor.py:186} INFO - Started process (PID=4043) to work on /opt/airflow/dags/dag2.py
[2026-04-26T11:48:25.472+0000] {processor.py:914} INFO - Processing file /opt/airflow/dags/dag2.py for tasks to queue
[2026-04-26T11:48:25.475+0000] {logging_mixin.py:190} INFO - [2026-04-26T11:48:25.474+0000] {dagbag.py:588} INFO - Filling up the DagBag from /opt/airflow/dags/dag2.py
[2026-04-26T11:48:25.487+0000] {processor.py:925} INFO - DAG(s) 'data_pipeline' retrieved from /opt/airflow/dags/dag2.py
[2026-04-26T11:48:25.509+0000] {logging_mixin.py:190} INFO - [2026-04-26T11:48:25.509+0000] {dag.py:3239} INFO - Sync 1 DAGs
[2026-04-26T11:48:25.532+0000] {logging_mixin.py:190} INFO - [2026-04-26T11:48:25.532+0000] {dag.py:4180} INFO - Setting next_dagrun for data_pipeline to 2026-04-25 15:30:00+00:00, run_after=2026-04-26 15:30:00+00:00
[2026-04-26T11:48:25.550+0000] {processor.py:208} INFO - Processing /opt/airflow/dags/dag2.py took 0.087 seconds
[2026-04-26T11:48:55.882+0000] {processor.py:186} INFO - Started process (PID=4059) to work on /opt/airflow/dags/dag2.py
[2026-04-26T11:48:55.883+0000] {processor.py:914} INFO - Processing file /opt/airflow/dags/dag2.py for tasks to queue
[2026-04-26T11:48:55.885+0000] {logging_mixin.py:190} INFO - [2026-04-26T11:48:55.885+0000] {dagbag.py:588} INFO - Filling up the DagBag from /opt/airflow/dags/dag2.py
[2026-04-26T11:48:55.896+0000] {processor.py:925} INFO - DAG(s) 'data_pipeline' retrieved from /opt/airflow/dags/dag2.py
[2026-04-26T11:48:55.917+0000] {logging_mixin.py:190} INFO - [2026-04-26T11:48:55.917+0000] {dag.py:3239} INFO - Sync 1 DAGs
[2026-04-26T11:48:55.942+0000] {logging_mixin.py:190} INFO - [2026-04-26T11:48:55.941+0000] {dag.py:4180} INFO - Setting next_dagrun for data_pipeline to 2026-04-25 15:30:00+00:00, run_after=2026-04-26 15:30:00+00:00
[2026-04-26T11:48:56.081+0000] {processor.py:208} INFO - Processing /opt/airflow/dags/dag2.py took 0.206 seconds
[2026-04-26T11:49:26.191+0000] {processor.py:186} INFO - Started process (PID=4075) to work on /opt/airflow/dags/dag2.py
[2026-04-26T11:49:26.192+0000] {processor.py:914} INFO - Processing file /opt/airflow/dags/dag2.py for tasks to queue
[2026-04-26T11:49:26.194+0000] {logging_mixin.py:190} INFO - [2026-04-26T11:49:26.194+0000] {dagbag.py:588} INFO - Filling up the DagBag from /opt/airflow/dags/dag2.py
[2026-04-26T11:49:26.205+0000] {processor.py:925} INFO - DAG(s) 'data_pipeline' retrieved from /opt/airflow/dags/dag2.py
[2026-04-26T11:49:26.228+0000] {logging_mixin.py:190} INFO - [2026-04-26T11:49:26.227+0000] {dag.py:3239} INFO - Sync 1 DAGs
[2026-04-26T11:49:26.369+0000] {logging_mixin.py:190} INFO - [2026-04-26T11:49:26.369+0000] {dag.py:4180} INFO - Setting next_dagrun for data_pipeline to 2026-04-25 15:30:00+00:00, run_after=2026-04-26 15:30:00+00:00
[2026-04-26T11:49:26.387+0000] {processor.py:208} INFO - Processing /opt/airflow/dags/dag2.py took 0.204 seconds
[2026-04-26T11:49:56.641+0000] {processor.py:186} INFO - Started process (PID=4091) to work on /opt/airflow/dags/dag2.py
[2026-04-26T11:49:56.642+0000] {processor.py:914} INFO - Processing file /opt/airflow/dags/dag2.py for tasks to queue
[2026-04-26T11:49:56.644+0000] {logging_mixin.py:190} INFO - [2026-04-26T11:49:56.644+0000] {dagbag.py:588} INFO - Filling up the DagBag from /opt/airflow/dags/dag2.py
[2026-04-26T11:49:56.655+0000] {processor.py:925} INFO - DAG(s) 'data_pipeline' retrieved from /opt/airflow/dags/dag2.py
[2026-04-26T11:49:56.677+0000] {logging_mixin.py:190} INFO - [2026-04-26T11:49:56.677+0000] {dag.py:3239} INFO - Sync 1 DAGs
[2026-04-26T11:49:56.699+0000] {logging_mixin.py:190} INFO - [2026-04-26T11:49:56.699+0000] {dag.py:4180} INFO - Setting next_dagrun for data_pipeline to 2026-04-25 15:30:00+00:00, run_after=2026-04-26 15:30:00+00:00
[2026-04-26T11:49:56.716+0000] {processor.py:208} INFO - Processing /opt/airflow/dags/dag2.py took 0.082 seconds
[2026-04-26T11:50:26.925+0000] {processor.py:186} INFO - Started process (PID=4107) to work on /opt/airflow/dags/dag2.py
[2026-04-26T11:50:26.926+0000] {processor.py:914} INFO - Processing file /opt/airflow/dags/dag2.py for tasks to queue
[2026-04-26T11:50:26.929+0000] {logging_mixin.py:190} INFO - [2026-04-26T11:50:26.929+0000] {dagbag.py:588} INFO - Filling up the DagBag from /opt/airflow/dags/dag2.py
[2026-04-26T11:50:26.943+0000] {processor.py:925} INFO - DAG(s) 'data_pipeline' retrieved from /opt/airflow/dags/dag2.py
[2026-04-26T11:50:26.966+0000] {logging_mixin.py:190} INFO - [2026-04-26T11:50:26.966+0000] {dag.py:3239} INFO - Sync 1 DAGs
[2026-04-26T11:50:26.991+0000] {logging_mixin.py:190} INFO - [2026-04-26T11:50:26.991+0000] {dag.py:4180} INFO - Setting next_dagrun for data_pipeline to 2026-04-25 15:30:00+00:00, run_after=2026-04-26 15:30:00+00:00
[2026-04-26T11:50:27.007+0000] {processor.py:208} INFO - Processing /opt/airflow/dags/dag2.py took 0.090 seconds
[2026-04-26T11:50:57.319+0000] {processor.py:186} INFO - Started process (PID=4123) to work on /opt/airflow/dags/dag2.py
[2026-04-26T11:50:57.320+0000] {processor.py:914} INFO - Processing file /opt/airflow/dags/dag2.py for tasks to queue
[2026-04-26T11:50:57.322+0000] {logging_mixin.py:190} INFO - [2026-04-26T11:50:57.321+0000] {dagbag.py:588} INFO - Filling up the DagBag from /opt/airflow/dags/dag2.py
[2026-04-26T11:50:57.332+0000] {processor.py:925} INFO - DAG(s) 'data_pipeline' retrieved from /opt/airflow/dags/dag2.py
[2026-04-26T11:50:57.355+0000] {logging_mixin.py:190} INFO - [2026-04-26T11:50:57.355+0000] {dag.py:3239} INFO - Sync 1 DAGs
[2026-04-26T11:50:57.381+0000] {logging_mixin.py:190} INFO - [2026-04-26T11:50:57.380+0000] {dag.py:4180} INFO - Setting next_dagrun for data_pipeline to 2026-04-25 15:30:00+00:00, run_after=2026-04-26 15:30:00+00:00
[2026-04-26T11:50:57.398+0000] {processor.py:208} INFO - Processing /opt/airflow/dags/dag2.py took 0.086 seconds
[2026-04-26T11:51:27.659+0000] {processor.py:186} INFO - Started process (PID=4139) to work on /opt/airflow/dags/dag2.py
[2026-04-26T11:51:27.660+0000] {processor.py:914} INFO - Processing file /opt/airflow/dags/dag2.py for tasks to queue
[2026-04-26T11:51:27.662+0000] {logging_mixin.py:190} INFO - [2026-04-26T11:51:27.662+0000] {dagbag.py:588} INFO - Filling up the DagBag from /opt/airflow/dags/dag2.py
[2026-04-26T11:51:27.672+0000] {processor.py:925} INFO - DAG(s) 'data_pipeline' retrieved from /opt/airflow/dags/dag2.py
[2026-04-26T11:51:27.695+0000] {logging_mixin.py:190} INFO - [2026-04-26T11:51:27.695+0000] {dag.py:3239} INFO - Sync 1 DAGs
[2026-04-26T11:51:27.721+0000] {logging_mixin.py:190} INFO - [2026-04-26T11:51:27.721+0000] {dag.py:4180} INFO - Setting next_dagrun for data_pipeline to 2026-04-25 15:30:00+00:00, run_after=2026-04-26 15:30:00+00:00
[2026-04-26T11:51:27.873+0000] {processor.py:208} INFO - Processing /opt/airflow/dags/dag2.py took 0.220 seconds
[2026-04-26T11:51:57.947+0000] {processor.py:186} INFO - Started process (PID=4155) to work on /opt/airflow/dags/dag2.py
[2026-04-26T11:51:57.948+0000] {processor.py:914} INFO - Processing file /opt/airflow/dags/dag2.py for tasks to queue
[2026-04-26T11:51:57.952+0000] {logging_mixin.py:190} INFO - [2026-04-26T11:51:57.952+0000] {dagbag.py:588} INFO - Filling up the DagBag from /opt/airflow/dags/dag2.py
[2026-04-26T11:51:57.964+0000] {processor.py:925} INFO - DAG(s) 'data_pipeline' retrieved from /opt/airflow/dags/dag2.py
[2026-04-26T11:51:57.988+0000] {logging_mixin.py:190} INFO - [2026-04-26T11:51:57.988+0000] {dag.py:3239} INFO - Sync 1 DAGs
[2026-04-26T11:51:58.137+0000] {logging_mixin.py:190} INFO - [2026-04-26T11:51:58.137+0000] {dag.py:4180} INFO - Setting next_dagrun for data_pipeline to 2026-04-25 15:30:00+00:00, run_after=2026-04-26 15:30:00+00:00
[2026-04-26T11:51:58.154+0000] {processor.py:208} INFO - Processing /opt/airflow/dags/dag2.py took 0.219 seconds
[2026-04-26T11:52:28.390+0000] {processor.py:186} INFO - Started process (PID=4171) to work on /opt/airflow/dags/dag2.py
[2026-04-26T11:52:28.394+0000] {processor.py:914} INFO - Processing file /opt/airflow/dags/dag2.py for tasks to queue
[2026-04-26T11:52:28.396+0000] {logging_mixin.py:190} INFO - [2026-04-26T11:52:28.396+0000] {dagbag.py:588} INFO - Filling up the DagBag from /opt/airflow/dags/dag2.py
[2026-04-26T11:52:28.406+0000] {processor.py:925} INFO - DAG(s) 'data_pipeline' retrieved from /opt/airflow/dags/dag2.py
[2026-04-26T11:52:28.429+0000] {logging_mixin.py:190} INFO - [2026-04-26T11:52:28.428+0000] {dag.py:3239} INFO - Sync 1 DAGs
[2026-04-26T11:52:28.573+0000] {logging_mixin.py:190} INFO - [2026-04-26T11:52:28.573+0000] {dag.py:4180} INFO - Setting next_dagrun for data_pipeline to 2026-04-25 15:30:00+00:00, run_after=2026-04-26 15:30:00+00:00
[2026-04-26T11:52:28.592+0000] {processor.py:208} INFO - Processing /opt/airflow/dags/dag2.py took 0.210 seconds
[2026-04-26T11:52:58.702+0000] {processor.py:186} INFO - Started process (PID=4187) to work on /opt/airflow/dags/dag2.py
[2026-04-26T11:52:58.702+0000] {processor.py:914} INFO - Processing file /opt/airflow/dags/dag2.py for tasks to queue
[2026-04-26T11:52:58.705+0000] {logging_mixin.py:190} INFO - [2026-04-26T11:52:58.704+0000] {dagbag.py:588} INFO - Filling up the DagBag from /opt/airflow/dags/dag2.py
[2026-04-26T11:52:58.716+0000] {processor.py:925} INFO - DAG(s) 'data_pipeline' retrieved from /opt/airflow/dags/dag2.py
[2026-04-26T11:52:58.739+0000] {logging_mixin.py:190} INFO - [2026-04-26T11:52:58.739+0000] {dag.py:3239} INFO - Sync 1 DAGs
[2026-04-26T11:52:58.769+0000] {logging_mixin.py:190} INFO - [2026-04-26T11:52:58.769+0000] {dag.py:4180} INFO - Setting next_dagrun for data_pipeline to 2026-04-25 15:30:00+00:00, run_after=2026-04-26 15:30:00+00:00
[2026-04-26T11:52:58.787+0000] {processor.py:208} INFO - Processing /opt/airflow/dags/dag2.py took 0.093 seconds
[2026-04-26T11:53:29.105+0000] {processor.py:186} INFO - Started process (PID=4203) to work on /opt/airflow/dags/dag2.py
[2026-04-26T11:53:29.106+0000] {processor.py:914} INFO - Processing file /opt/airflow/dags/dag2.py for tasks to queue
[2026-04-26T11:53:29.109+0000] {logging_mixin.py:190} INFO - [2026-04-26T11:53:29.109+0000] {dagbag.py:588} INFO - Filling up the DagBag from /opt/airflow/dags/dag2.py
[2026-04-26T11:53:29.121+0000] {processor.py:925} INFO - DAG(s) 'data_pipeline' retrieved from /opt/airflow/dags/dag2.py
[2026-04-26T11:53:29.142+0000] {logging_mixin.py:190} INFO - [2026-04-26T11:53:29.142+0000] {dag.py:3239} INFO - Sync 1 DAGs
[2026-04-26T11:53:29.164+0000] {logging_mixin.py:190} INFO - [2026-04-26T11:53:29.164+0000] {dag.py:4180} INFO - Setting next_dagrun for data_pipeline to 2026-04-25 15:30:00+00:00, run_after=2026-04-26 15:30:00+00:00
[2026-04-26T11:53:29.182+0000] {processor.py:208} INFO - Processing /opt/airflow/dags/dag2.py took 0.087 seconds
[2026-04-26T11:53:59.400+0000] {processor.py:186} INFO - Started process (PID=4219) to work on /opt/airflow/dags/dag2.py
[2026-04-26T11:53:59.401+0000] {processor.py:914} INFO - Processing file /opt/airflow/dags/dag2.py for tasks to queue
[2026-04-26T11:53:59.403+0000] {logging_mixin.py:190} INFO - [2026-04-26T11:53:59.403+0000] {dagbag.py:588} INFO - Filling up the DagBag from /opt/airflow/dags/dag2.py
[2026-04-26T11:53:59.416+0000] {processor.py:925} INFO - DAG(s) 'data_pipeline' retrieved from /opt/airflow/dags/dag2.py
[2026-04-26T11:53:59.438+0000] {logging_mixin.py:190} INFO - [2026-04-26T11:53:59.438+0000] {dag.py:3239} INFO - Sync 1 DAGs
[2026-04-26T11:53:59.461+0000] {logging_mixin.py:190} INFO - [2026-04-26T11:53:59.460+0000] {dag.py:4180} INFO - Setting next_dagrun for data_pipeline to 2026-04-25 15:30:00+00:00, run_after=2026-04-26 15:30:00+00:00
[2026-04-26T11:53:59.478+0000] {processor.py:208} INFO - Processing /opt/airflow/dags/dag2.py took 0.085 seconds
[2026-04-26T11:54:29.777+0000] {processor.py:186} INFO - Started process (PID=4235) to work on /opt/airflow/dags/dag2.py
[2026-04-26T11:54:29.778+0000] {processor.py:914} INFO - Processing file /opt/airflow/dags/dag2.py for tasks to queue
[2026-04-26T11:54:29.780+0000] {logging_mixin.py:190} INFO - [2026-04-26T11:54:29.780+0000] {dagbag.py:588} INFO - Filling up the DagBag from /opt/airflow/dags/dag2.py
[2026-04-26T11:54:29.792+0000] {processor.py:925} INFO - DAG(s) 'data_pipeline' retrieved from /opt/airflow/dags/dag2.py
[2026-04-26T11:54:29.820+0000] {logging_mixin.py:190} INFO - [2026-04-26T11:54:29.820+0000] {dag.py:3239} INFO - Sync 1 DAGs
[2026-04-26T11:54:29.848+0000] {logging_mixin.py:190} INFO - [2026-04-26T11:54:29.848+0000] {dag.py:4180} INFO - Setting next_dagrun for data_pipeline to 2026-04-25 15:30:00+00:00, run_after=2026-04-26 15:30:00+00:00
[2026-04-26T11:54:29.989+0000] {processor.py:208} INFO - Processing /opt/airflow/dags/dag2.py took 0.219 seconds
[2026-04-26T11:55:00.079+0000] {processor.py:186} INFO - Started process (PID=4251) to work on /opt/airflow/dags/dag2.py
[2026-04-26T11:55:00.080+0000] {processor.py:914} INFO - Processing file /opt/airflow/dags/dag2.py for tasks to queue
[2026-04-26T11:55:00.083+0000] {logging_mixin.py:190} INFO - [2026-04-26T11:55:00.082+0000] {dagbag.py:588} INFO - Filling up the DagBag from /opt/airflow/dags/dag2.py
[2026-04-26T11:55:00.093+0000] {processor.py:925} INFO - DAG(s) 'data_pipeline' retrieved from /opt/airflow/dags/dag2.py
[2026-04-26T11:55:00.116+0000] {logging_mixin.py:190} INFO - [2026-04-26T11:55:00.116+0000] {dag.py:3239} INFO - Sync 1 DAGs
[2026-04-26T11:55:00.269+0000] {logging_mixin.py:190} INFO - [2026-04-26T11:55:00.269+0000] {dag.py:4180} INFO - Setting next_dagrun for data_pipeline to 2026-04-25 15:30:00+00:00, run_after=2026-04-26 15:30:00+00:00
[2026-04-26T11:55:00.286+0000] {processor.py:208} INFO - Processing /opt/airflow/dags/dag2.py took 0.215 seconds
[2026-04-26T11:55:30.560+0000] {processor.py:186} INFO - Started process (PID=4267) to work on /opt/airflow/dags/dag2.py
[2026-04-26T11:55:30.561+0000] {processor.py:914} INFO - Processing file /opt/airflow/dags/dag2.py for tasks to queue
[2026-04-26T11:55:30.563+0000] {logging_mixin.py:190} INFO - [2026-04-26T11:55:30.563+0000] {dagbag.py:588} INFO - Filling up the DagBag from /opt/airflow/dags/dag2.py
[2026-04-26T11:55:30.573+0000] {processor.py:925} INFO - DAG(s) 'data_pipeline' retrieved from /opt/airflow/dags/dag2.py
[2026-04-26T11:55:30.715+0000] {logging_mixin.py:190} INFO - [2026-04-26T11:55:30.715+0000] {dag.py:3239} INFO - Sync 1 DAGs
[2026-04-26T11:55:30.736+0000] {logging_mixin.py:190} INFO - [2026-04-26T11:55:30.736+0000] {dag.py:4180} INFO - Setting next_dagrun for data_pipeline to 2026-04-25 15:30:00+00:00, run_after=2026-04-26 15:30:00+00:00
[2026-04-26T11:55:30.753+0000] {processor.py:208} INFO - Processing /opt/airflow/dags/dag2.py took 0.200 seconds
[2026-04-26T11:56:00.845+0000] {processor.py:186} INFO - Started process (PID=4283) to work on /opt/airflow/dags/dag2.py
[2026-04-26T11:56:00.845+0000] {processor.py:914} INFO - Processing file /opt/airflow/dags/dag2.py for tasks to queue
[2026-04-26T11:56:00.849+0000] {logging_mixin.py:190} INFO - [2026-04-26T11:56:00.848+0000] {dagbag.py:588} INFO - Filling up the DagBag from /opt/airflow/dags/dag2.py
[2026-04-26T11:56:00.864+0000] {processor.py:925} INFO - DAG(s) 'data_pipeline' retrieved from /opt/airflow/dags/dag2.py
[2026-04-26T11:56:00.895+0000] {logging_mixin.py:190} INFO - [2026-04-26T11:56:00.895+0000] {dag.py:3239} INFO - Sync 1 DAGs
[2026-04-26T11:56:00.921+0000] {logging_mixin.py:190} INFO - [2026-04-26T11:56:00.920+0000] {dag.py:4180} INFO - Setting next_dagrun for data_pipeline to 2026-04-25 15:30:00+00:00, run_after=2026-04-26 15:30:00+00:00
[2026-04-26T11:56:00.937+0000] {processor.py:208} INFO - Processing /opt/airflow/dags/dag2.py took 0.100 seconds
[2026-04-26T11:56:31.259+0000] {processor.py:186} INFO - Started process (PID=4299) to work on /opt/airflow/dags/dag2.py
[2026-04-26T11:56:31.260+0000] {processor.py:914} INFO - Processing file /opt/airflow/dags/dag2.py for tasks to queue
[2026-04-26T11:56:31.262+0000] {logging_mixin.py:190} INFO - [2026-04-26T11:56:31.261+0000] {dagbag.py:588} INFO - Filling up the DagBag from /opt/airflow/dags/dag2.py
[2026-04-26T11:56:31.272+0000] {processor.py:925} INFO - DAG(s) 'data_pipeline' retrieved from /opt/airflow/dags/dag2.py
[2026-04-26T11:56:31.294+0000] {logging_mixin.py:190} INFO - [2026-04-26T11:56:31.293+0000] {dag.py:3239} INFO - Sync 1 DAGs
[2026-04-26T11:56:31.315+0000] {logging_mixin.py:190} INFO - [2026-04-26T11:56:31.315+0000] {dag.py:4180} INFO - Setting next_dagrun for data_pipeline to 2026-04-25 15:30:00+00:00, run_after=2026-04-26 15:30:00+00:00
[2026-04-26T11:56:31.332+0000] {processor.py:208} INFO - Processing /opt/airflow/dags/dag2.py took 0.080 seconds
[2026-04-26T11:57:01.566+0000] {processor.py:186} INFO - Started process (PID=4315) to work on /opt/airflow/dags/dag2.py
[2026-04-26T11:57:01.566+0000] {processor.py:914} INFO - Processing file /opt/airflow/dags/dag2.py for tasks to queue
[2026-04-26T11:57:01.569+0000] {logging_mixin.py:190} INFO - [2026-04-26T11:57:01.568+0000] {dagbag.py:588} INFO - Filling up the DagBag from /opt/airflow/dags/dag2.py
[2026-04-26T11:57:01.579+0000] {processor.py:925} INFO - DAG(s) 'data_pipeline' retrieved from /opt/airflow/dags/dag2.py
[2026-04-26T11:57:01.602+0000] {logging_mixin.py:190} INFO - [2026-04-26T11:57:01.602+0000] {dag.py:3239} INFO - Sync 1 DAGs
[2026-04-26T11:57:01.627+0000] {logging_mixin.py:190} INFO - [2026-04-26T11:57:01.626+0000] {dag.py:4180} INFO - Setting next_dagrun for data_pipeline to 2026-04-25 15:30:00+00:00, run_after=2026-04-26 15:30:00+00:00
[2026-04-26T11:57:01.646+0000] {processor.py:208} INFO - Processing /opt/airflow/dags/dag2.py took 0.088 seconds
[2026-04-26T11:57:31.879+0000] {processor.py:186} INFO - Started process (PID=4331) to work on /opt/airflow/dags/dag2.py
[2026-04-26T11:57:31.882+0000] {processor.py:914} INFO - Processing file /opt/airflow/dags/dag2.py for tasks to queue
[2026-04-26T11:57:31.884+0000] {logging_mixin.py:190} INFO - [2026-04-26T11:57:31.884+0000] {dagbag.py:588} INFO - Filling up the DagBag from /opt/airflow/dags/dag2.py
[2026-04-26T11:57:31.895+0000] {processor.py:925} INFO - DAG(s) 'data_pipeline' retrieved from /opt/airflow/dags/dag2.py
[2026-04-26T11:57:31.918+0000] {logging_mixin.py:190} INFO - [2026-04-26T11:57:31.918+0000] {dag.py:3239} INFO - Sync 1 DAGs
[2026-04-26T11:57:32.062+0000] {logging_mixin.py:190} INFO - [2026-04-26T11:57:32.062+0000] {dag.py:4180} INFO - Setting next_dagrun for data_pipeline to 2026-04-25 15:30:00+00:00, run_after=2026-04-26 15:30:00+00:00
[2026-04-26T11:57:32.084+0000] {processor.py:208} INFO - Processing /opt/airflow/dags/dag2.py took 0.213 seconds
[2026-04-26T11:58:02.194+0000] {processor.py:186} INFO - Started process (PID=4347) to work on /opt/airflow/dags/dag2.py
[2026-04-26T11:58:02.195+0000] {processor.py:914} INFO - Processing file /opt/airflow/dags/dag2.py for tasks to queue
[2026-04-26T11:58:02.198+0000] {logging_mixin.py:190} INFO - [2026-04-26T11:58:02.197+0000] {dagbag.py:588} INFO - Filling up the DagBag from /opt/airflow/dags/dag2.py
[2026-04-26T11:58:02.208+0000] {processor.py:925} INFO - DAG(s) 'data_pipeline' retrieved from /opt/airflow/dags/dag2.py
[2026-04-26T11:58:02.238+0000] {logging_mixin.py:190} INFO - [2026-04-26T11:58:02.237+0000] {dag.py:3239} INFO - Sync 1 DAGs
[2026-04-26T11:58:02.383+0000] {logging_mixin.py:190} INFO - [2026-04-26T11:58:02.383+0000] {dag.py:4180} INFO - Setting next_dagrun for data_pipeline to 2026-04-25 15:30:00+00:00, run_after=2026-04-26 15:30:00+00:00
[2026-04-26T11:58:02.405+0000] {processor.py:208} INFO - Processing /opt/airflow/dags/dag2.py took 0.218 seconds
[2026-04-26T11:58:32.620+0000] {processor.py:186} INFO - Started process (PID=4363) to work on /opt/airflow/dags/dag2.py
[2026-04-26T11:58:32.621+0000] {processor.py:914} INFO - Processing file /opt/airflow/dags/dag2.py for tasks to queue
[2026-04-26T11:58:32.623+0000] {logging_mixin.py:190} INFO - [2026-04-26T11:58:32.623+0000] {dagbag.py:588} INFO - Filling up the DagBag from /opt/airflow/dags/dag2.py
[2026-04-26T11:58:32.634+0000] {processor.py:925} INFO - DAG(s) 'data_pipeline' retrieved from /opt/airflow/dags/dag2.py
[2026-04-26T11:58:32.656+0000] {logging_mixin.py:190} INFO - [2026-04-26T11:58:32.656+0000] {dag.py:3239} INFO - Sync 1 DAGs
[2026-04-26T11:58:32.678+0000] {logging_mixin.py:190} INFO - [2026-04-26T11:58:32.678+0000] {dag.py:4180} INFO - Setting next_dagrun for data_pipeline to 2026-04-25 15:30:00+00:00, run_after=2026-04-26 15:30:00+00:00
[2026-04-26T11:58:32.695+0000] {processor.py:208} INFO - Processing /opt/airflow/dags/dag2.py took 0.081 seconds
[2026-04-26T11:59:02.951+0000] {processor.py:186} INFO - Started process (PID=4379) to work on /opt/airflow/dags/dag2.py
[2026-04-26T11:59:02.951+0000] {processor.py:914} INFO - Processing file /opt/airflow/dags/dag2.py for tasks to queue
[2026-04-26T11:59:02.954+0000] {logging_mixin.py:190} INFO - [2026-04-26T11:59:02.953+0000] {dagbag.py:588} INFO - Filling up the DagBag from /opt/airflow/dags/dag2.py
[2026-04-26T11:59:02.964+0000] {processor.py:925} INFO - DAG(s) 'data_pipeline' retrieved from /opt/airflow/dags/dag2.py
[2026-04-26T11:59:02.988+0000] {logging_mixin.py:190} INFO - [2026-04-26T11:59:02.988+0000] {dag.py:3239} INFO - Sync 1 DAGs
[2026-04-26T11:59:03.014+0000] {logging_mixin.py:190} INFO - [2026-04-26T11:59:03.013+0000] {dag.py:4180} INFO - Setting next_dagrun for data_pipeline to 2026-04-25 15:30:00+00:00, run_after=2026-04-26 15:30:00+00:00
[2026-04-26T11:59:03.030+0000] {processor.py:208} INFO - Processing /opt/airflow/dags/dag2.py took 0.087 seconds
[2026-04-26T11:59:33.341+0000] {processor.py:186} INFO - Started process (PID=4395) to work on /opt/airflow/dags/dag2.py
[2026-04-26T11:59:33.342+0000] {processor.py:914} INFO - Processing file /opt/airflow/dags/dag2.py for tasks to queue
[2026-04-26T11:59:33.345+0000] {logging_mixin.py:190} INFO - [2026-04-26T11:59:33.345+0000] {dagbag.py:588} INFO - Filling up the DagBag from /opt/airflow/dags/dag2.py
[2026-04-26T11:59:33.360+0000] {processor.py:925} INFO - DAG(s) 'data_pipeline' retrieved from /opt/airflow/dags/dag2.py
[2026-04-26T11:59:33.381+0000] {logging_mixin.py:190} INFO - [2026-04-26T11:59:33.381+0000] {dag.py:3239} INFO - Sync 1 DAGs
[2026-04-26T11:59:33.406+0000] {logging_mixin.py:190} INFO - [2026-04-26T11:59:33.406+0000] {dag.py:4180} INFO - Setting next_dagrun for data_pipeline to 2026-04-25 15:30:00+00:00, run_after=2026-04-26 15:30:00+00:00
[2026-04-26T11:59:33.425+0000] {processor.py:208} INFO - Processing /opt/airflow/dags/dag2.py took 0.093 seconds
[2026-04-26T12:00:03.718+0000] {processor.py:186} INFO - Started process (PID=4411) to work on /opt/airflow/dags/dag2.py
[2026-04-26T12:00:03.719+0000] {processor.py:914} INFO - Processing file /opt/airflow/dags/dag2.py for tasks to queue
[2026-04-26T12:00:03.720+0000] {logging_mixin.py:190} INFO - [2026-04-26T12:00:03.720+0000] {dagbag.py:588} INFO - Filling up the DagBag from /opt/airflow/dags/dag2.py
[2026-04-26T12:00:03.731+0000] {processor.py:925} INFO - DAG(s) 'data_pipeline' retrieved from /opt/airflow/dags/dag2.py
[2026-04-26T12:00:03.761+0000] {logging_mixin.py:190} INFO - [2026-04-26T12:00:03.761+0000] {dag.py:3239} INFO - Sync 1 DAGs
[2026-04-26T12:00:03.790+0000] {logging_mixin.py:190} INFO - [2026-04-26T12:00:03.790+0000] {dag.py:4180} INFO - Setting next_dagrun for data_pipeline to 2026-04-25 15:30:00+00:00, run_after=2026-04-26 15:30:00+00:00
[2026-04-26T12:00:03.926+0000] {processor.py:208} INFO - Processing /opt/airflow/dags/dag2.py took 0.216 seconds
[2026-04-26T12:00:33.988+0000] {processor.py:186} INFO - Started process (PID=4427) to work on /opt/airflow/dags/dag2.py
[2026-04-26T12:00:33.989+0000] {processor.py:914} INFO - Processing file /opt/airflow/dags/dag2.py for tasks to queue
[2026-04-26T12:00:33.991+0000] {logging_mixin.py:190} INFO - [2026-04-26T12:00:33.991+0000] {dagbag.py:588} INFO - Filling up the DagBag from /opt/airflow/dags/dag2.py
[2026-04-26T12:00:34.002+0000] {processor.py:925} INFO - DAG(s) 'data_pipeline' retrieved from /opt/airflow/dags/dag2.py
[2026-04-26T12:00:34.024+0000] {logging_mixin.py:190} INFO - [2026-04-26T12:00:34.024+0000] {dag.py:3239} INFO - Sync 1 DAGs
[2026-04-26T12:00:34.169+0000] {logging_mixin.py:190} INFO - [2026-04-26T12:00:34.169+0000] {dag.py:4180} INFO - Setting next_dagrun for data_pipeline to 2026-04-25 15:30:00+00:00, run_after=2026-04-26 15:30:00+00:00
[2026-04-26T12:00:34.185+0000] {processor.py:208} INFO - Processing /opt/airflow/dags/dag2.py took 0.206 seconds
[2026-04-26T12:01:04.488+0000] {processor.py:186} INFO - Started process (PID=4443) to work on /opt/airflow/dags/dag2.py
[2026-04-26T12:01:04.488+0000] {processor.py:914} INFO - Processing file /opt/airflow/dags/dag2.py for tasks to queue
[2026-04-26T12:01:04.490+0000] {logging_mixin.py:190} INFO - [2026-04-26T12:01:04.490+0000] {dagbag.py:588} INFO - Filling up the DagBag from /opt/airflow/dags/dag2.py
[2026-04-26T12:01:04.500+0000] {processor.py:925} INFO - DAG(s) 'data_pipeline' retrieved from /opt/airflow/dags/dag2.py
[2026-04-26T12:01:04.522+0000] {logging_mixin.py:190} INFO - [2026-04-26T12:01:04.522+0000] {dag.py:3239} INFO - Sync 1 DAGs
[2026-04-26T12:01:04.660+0000] {logging_mixin.py:190} INFO - [2026-04-26T12:01:04.660+0000] {dag.py:4180} INFO - Setting next_dagrun for data_pipeline to 2026-04-25 15:30:00+00:00, run_after=2026-04-26 15:30:00+00:00
[2026-04-26T12:01:04.681+0000] {processor.py:208} INFO - Processing /opt/airflow/dags/dag2.py took 0.200 seconds
[2026-04-26T12:01:34.791+0000] {processor.py:186} INFO - Started process (PID=4459) to work on /opt/airflow/dags/dag2.py
[2026-04-26T12:01:34.792+0000] {processor.py:914} INFO - Processing file /opt/airflow/dags/dag2.py for tasks to queue
[2026-04-26T12:01:34.794+0000] {logging_mixin.py:190} INFO - [2026-04-26T12:01:34.793+0000] {dagbag.py:588} INFO - Filling up the DagBag from /opt/airflow/dags/dag2.py
[2026-04-26T12:01:34.805+0000] {processor.py:925} INFO - DAG(s) 'data_pipeline' retrieved from /opt/airflow/dags/dag2.py
[2026-04-26T12:01:34.827+0000] {logging_mixin.py:190} INFO - [2026-04-26T12:01:34.827+0000] {dag.py:3239} INFO - Sync 1 DAGs
[2026-04-26T12:01:34.850+0000] {logging_mixin.py:190} INFO - [2026-04-26T12:01:34.850+0000] {dag.py:4180} INFO - Setting next_dagrun for data_pipeline to 2026-04-25 15:30:00+00:00, run_after=2026-04-26 15:30:00+00:00
[2026-04-26T12:01:34.867+0000] {processor.py:208} INFO - Processing /opt/airflow/dags/dag2.py took 0.082 seconds
[2026-04-26T12:02:05.065+0000] {processor.py:186} INFO - Started process (PID=4475) to work on /opt/airflow/dags/dag2.py
[2026-04-26T12:02:05.065+0000] {processor.py:914} INFO - Processing file /opt/airflow/dags/dag2.py for tasks to queue
[2026-04-26T12:02:05.067+0000] {logging_mixin.py:190} INFO - [2026-04-26T12:02:05.067+0000] {dagbag.py:588} INFO - Filling up the DagBag from /opt/airflow/dags/dag2.py
[2026-04-26T12:02:05.078+0000] {processor.py:925} INFO - DAG(s) 'data_pipeline' retrieved from /opt/airflow/dags/dag2.py
[2026-04-26T12:02:05.100+0000] {logging_mixin.py:190} INFO - [2026-04-26T12:02:05.100+0000] {dag.py:3239} INFO - Sync 1 DAGs
[2026-04-26T12:02:05.121+0000] {logging_mixin.py:190} INFO - [2026-04-26T12:02:05.121+0000] {dag.py:4180} INFO - Setting next_dagrun for data_pipeline to 2026-04-25 15:30:00+00:00, run_after=2026-04-26 15:30:00+00:00
[2026-04-26T12:02:05.137+0000] {processor.py:208} INFO - Processing /opt/airflow/dags/dag2.py took 0.079 seconds
[2026-04-26T12:02:35.428+0000] {processor.py:186} INFO - Started process (PID=4491) to work on /opt/airflow/dags/dag2.py
[2026-04-26T12:02:35.429+0000] {processor.py:914} INFO - Processing file /opt/airflow/dags/dag2.py for tasks to queue
[2026-04-26T12:02:35.431+0000] {logging_mixin.py:190} INFO - [2026-04-26T12:02:35.430+0000] {dagbag.py:588} INFO - Filling up the DagBag from /opt/airflow/dags/dag2.py
[2026-04-26T12:02:35.441+0000] {processor.py:925} INFO - DAG(s) 'data_pipeline' retrieved from /opt/airflow/dags/dag2.py
[2026-04-26T12:02:35.463+0000] {logging_mixin.py:190} INFO - [2026-04-26T12:02:35.463+0000] {dag.py:3239} INFO - Sync 1 DAGs
[2026-04-26T12:02:35.486+0000] {logging_mixin.py:190} INFO - [2026-04-26T12:02:35.486+0000] {dag.py:4180} INFO - Setting next_dagrun for data_pipeline to 2026-04-25 15:30:00+00:00, run_after=2026-04-26 15:30:00+00:00
[2026-04-26T12:02:35.504+0000] {processor.py:208} INFO - Processing /opt/airflow/dags/dag2.py took 0.084 seconds
[2026-04-26T12:03:05.717+0000] {processor.py:186} INFO - Started process (PID=4507) to work on /opt/airflow/dags/dag2.py
[2026-04-26T12:03:05.718+0000] {processor.py:914} INFO - Processing file /opt/airflow/dags/dag2.py for tasks to queue
[2026-04-26T12:03:05.721+0000] {logging_mixin.py:190} INFO - [2026-04-26T12:03:05.720+0000] {dagbag.py:588} INFO - Filling up the DagBag from /opt/airflow/dags/dag2.py
[2026-04-26T12:03:05.735+0000] {processor.py:925} INFO - DAG(s) 'data_pipeline' retrieved from /opt/airflow/dags/dag2.py
[2026-04-26T12:03:05.757+0000] {logging_mixin.py:190} INFO - [2026-04-26T12:03:05.757+0000] {dag.py:3239} INFO - Sync 1 DAGs
[2026-04-26T12:03:05.780+0000] {logging_mixin.py:190} INFO - [2026-04-26T12:03:05.780+0000] {dag.py:4180} INFO - Setting next_dagrun for data_pipeline to 2026-04-25 15:30:00+00:00, run_after=2026-04-26 15:30:00+00:00
[2026-04-26T12:03:05.929+0000] {processor.py:208} INFO - Processing /opt/airflow/dags/dag2.py took 0.220 seconds
[2026-04-26T12:03:36.049+0000] {processor.py:186} INFO - Started process (PID=4523) to work on /opt/airflow/dags/dag2.py
[2026-04-26T12:03:36.049+0000] {processor.py:914} INFO - Processing file /opt/airflow/dags/dag2.py for tasks to queue
[2026-04-26T12:03:36.053+0000] {logging_mixin.py:190} INFO - [2026-04-26T12:03:36.052+0000] {dagbag.py:588} INFO - Filling up the DagBag from /opt/airflow/dags/dag2.py
[2026-04-26T12:03:36.065+0000] {processor.py:925} INFO - DAG(s) 'data_pipeline' retrieved from /opt/airflow/dags/dag2.py
[2026-04-26T12:03:36.087+0000] {logging_mixin.py:190} INFO - [2026-04-26T12:03:36.087+0000] {dag.py:3239} INFO - Sync 1 DAGs
[2026-04-26T12:03:36.231+0000] {logging_mixin.py:190} INFO - [2026-04-26T12:03:36.230+0000] {dag.py:4180} INFO - Setting next_dagrun for data_pipeline to 2026-04-25 15:30:00+00:00, run_after=2026-04-26 15:30:00+00:00
[2026-04-26T12:03:36.257+0000] {processor.py:208} INFO - Processing /opt/airflow/dags/dag2.py took 0.216 seconds
[2026-04-26T12:04:06.571+0000] {processor.py:186} INFO - Started process (PID=4539) to work on /opt/airflow/dags/dag2.py
[2026-04-26T12:04:06.572+0000] {processor.py:914} INFO - Processing file /opt/airflow/dags/dag2.py for tasks to queue
[2026-04-26T12:04:06.574+0000] {logging_mixin.py:190} INFO - [2026-04-26T12:04:06.574+0000] {dagbag.py:588} INFO - Filling up the DagBag from /opt/airflow/dags/dag2.py
[2026-04-26T12:04:06.588+0000] {processor.py:925} INFO - DAG(s) 'data_pipeline' retrieved from /opt/airflow/dags/dag2.py
[2026-04-26T12:04:06.732+0000] {logging_mixin.py:190} INFO - [2026-04-26T12:04:06.732+0000] {dag.py:3239} INFO - Sync 1 DAGs
[2026-04-26T12:04:06.751+0000] {logging_mixin.py:190} INFO - [2026-04-26T12:04:06.751+0000] {dag.py:4180} INFO - Setting next_dagrun for data_pipeline to 2026-04-25 15:30:00+00:00, run_after=2026-04-26 15:30:00+00:00
[2026-04-26T12:04:06.772+0000] {processor.py:208} INFO - Processing /opt/airflow/dags/dag2.py took 0.211 seconds
[2026-04-26T12:04:36.839+0000] {processor.py:186} INFO - Started process (PID=4555) to work on /opt/airflow/dags/dag2.py
[2026-04-26T12:04:36.840+0000] {processor.py:914} INFO - Processing file /opt/airflow/dags/dag2.py for tasks to queue
[2026-04-26T12:04:36.841+0000] {logging_mixin.py:190} INFO - [2026-04-26T12:04:36.841+0000] {dagbag.py:588} INFO - Filling up the DagBag from /opt/airflow/dags/dag2.py
[2026-04-26T12:04:36.851+0000] {processor.py:925} INFO - DAG(s) 'data_pipeline' retrieved from /opt/airflow/dags/dag2.py
[2026-04-26T12:04:36.878+0000] {logging_mixin.py:190} INFO - [2026-04-26T12:04:36.878+0000] {dag.py:3239} INFO - Sync 1 DAGs
[2026-04-26T12:04:36.900+0000] {logging_mixin.py:190} INFO - [2026-04-26T12:04:36.900+0000] {dag.py:4180} INFO - Setting next_dagrun for data_pipeline to 2026-04-25 15:30:00+00:00, run_after=2026-04-26 15:30:00+00:00
[2026-04-26T12:04:36.917+0000] {processor.py:208} INFO - Processing /opt/airflow/dags/dag2.py took 0.086 seconds
[2026-04-26T12:05:07.222+0000] {processor.py:186} INFO - Started process (PID=4571) to work on /opt/airflow/dags/dag2.py
[2026-04-26T12:05:07.223+0000] {processor.py:914} INFO - Processing file /opt/airflow/dags/dag2.py for tasks to queue
[2026-04-26T12:05:07.225+0000] {logging_mixin.py:190} INFO - [2026-04-26T12:05:07.225+0000] {dagbag.py:588} INFO - Filling up the DagBag from /opt/airflow/dags/dag2.py
[2026-04-26T12:05:07.235+0000] {processor.py:925} INFO - DAG(s) 'data_pipeline' retrieved from /opt/airflow/dags/dag2.py
[2026-04-26T12:05:07.258+0000] {logging_mixin.py:190} INFO - [2026-04-26T12:05:07.258+0000] {dag.py:3239} INFO - Sync 1 DAGs
[2026-04-26T12:05:07.281+0000] {logging_mixin.py:190} INFO - [2026-04-26T12:05:07.281+0000] {dag.py:4180} INFO - Setting next_dagrun for data_pipeline to 2026-04-25 15:30:00+00:00, run_after=2026-04-26 15:30:00+00:00
[2026-04-26T12:05:07.299+0000] {processor.py:208} INFO - Processing /opt/airflow/dags/dag2.py took 0.084 seconds
[2026-04-26T12:05:37.604+0000] {processor.py:186} INFO - Started process (PID=4587) to work on /opt/airflow/dags/dag2.py
[2026-04-26T12:05:37.605+0000] {processor.py:914} INFO - Processing file /opt/airflow/dags/dag2.py for tasks to queue
[2026-04-26T12:05:37.606+0000] {logging_mixin.py:190} INFO - [2026-04-26T12:05:37.606+0000] {dagbag.py:588} INFO - Filling up the DagBag from /opt/airflow/dags/dag2.py
[2026-04-26T12:05:37.617+0000] {processor.py:925} INFO - DAG(s) 'data_pipeline' retrieved from /opt/airflow/dags/dag2.py
[2026-04-26T12:05:37.638+0000] {logging_mixin.py:190} INFO - [2026-04-26T12:05:37.638+0000] {dag.py:3239} INFO - Sync 1 DAGs
[2026-04-26T12:05:37.661+0000] {logging_mixin.py:190} INFO - [2026-04-26T12:05:37.661+0000] {dag.py:4180} INFO - Setting next_dagrun for data_pipeline to 2026-04-25 15:30:00+00:00, run_after=2026-04-26 15:30:00+00:00
[2026-04-26T12:05:37.679+0000] {processor.py:208} INFO - Processing /opt/airflow/dags/dag2.py took 0.082 seconds
[2026-04-26T12:06:07.977+0000] {processor.py:186} INFO - Started process (PID=4603) to work on /opt/airflow/dags/dag2.py
[2026-04-26T12:06:07.978+0000] {processor.py:914} INFO - Processing file /opt/airflow/dags/dag2.py for tasks to queue
[2026-04-26T12:06:07.980+0000] {logging_mixin.py:190} INFO - [2026-04-26T12:06:07.979+0000] {dagbag.py:588} INFO - Filling up the DagBag from /opt/airflow/dags/dag2.py
[2026-04-26T12:06:07.991+0000] {processor.py:925} INFO - DAG(s) 'data_pipeline' retrieved from /opt/airflow/dags/dag2.py
[2026-04-26T12:06:08.020+0000] {logging_mixin.py:190} INFO - [2026-04-26T12:06:08.020+0000] {dag.py:3239} INFO - Sync 1 DAGs
[2026-04-26T12:06:08.166+0000] {logging_mixin.py:190} INFO - [2026-04-26T12:06:08.165+0000] {dag.py:4180} INFO - Setting next_dagrun for data_pipeline to 2026-04-25 15:30:00+00:00, run_after=2026-04-26 15:30:00+00:00
[2026-04-26T12:06:08.181+0000] {processor.py:208} INFO - Processing /opt/airflow/dags/dag2.py took 0.211 seconds
[2026-04-26T12:06:38.524+0000] {processor.py:186} INFO - Started process (PID=4619) to work on /opt/airflow/dags/dag2.py
[2026-04-26T12:06:38.525+0000] {processor.py:914} INFO - Processing file /opt/airflow/dags/dag2.py for tasks to queue
[2026-04-26T12:06:38.527+0000] {logging_mixin.py:190} INFO - [2026-04-26T12:06:38.527+0000] {dagbag.py:588} INFO - Filling up the DagBag from /opt/airflow/dags/dag2.py
[2026-04-26T12:06:38.538+0000] {processor.py:925} INFO - DAG(s) 'data_pipeline' retrieved from /opt/airflow/dags/dag2.py
[2026-04-26T12:06:38.561+0000] {logging_mixin.py:190} INFO - [2026-04-26T12:06:38.561+0000] {dag.py:3239} INFO - Sync 1 DAGs
[2026-04-26T12:06:38.711+0000] {logging_mixin.py:190} INFO - [2026-04-26T12:06:38.711+0000] {dag.py:4180} INFO - Setting next_dagrun for data_pipeline to 2026-04-25 15:30:00+00:00, run_after=2026-04-26 15:30:00+00:00
[2026-04-26T12:06:38.732+0000] {processor.py:208} INFO - Processing /opt/airflow/dags/dag2.py took 0.215 seconds
[2026-04-26T12:07:08.816+0000] {processor.py:186} INFO - Started process (PID=4635) to work on /opt/airflow/dags/dag2.py
[2026-04-26T12:07:08.817+0000] {processor.py:914} INFO - Processing file /opt/airflow/dags/dag2.py for tasks to queue
[2026-04-26T12:07:08.819+0000] {logging_mixin.py:190} INFO - [2026-04-26T12:07:08.818+0000] {dagbag.py:588} INFO - Filling up the DagBag from /opt/airflow/dags/dag2.py
[2026-04-26T12:07:08.830+0000] {processor.py:925} INFO - DAG(s) 'data_pipeline' retrieved from /opt/airflow/dags/dag2.py
[2026-04-26T12:07:08.853+0000] {logging_mixin.py:190} INFO - [2026-04-26T12:07:08.853+0000] {dag.py:3239} INFO - Sync 1 DAGs
[2026-04-26T12:07:08.875+0000] {logging_mixin.py:190} INFO - [2026-04-26T12:07:08.875+0000] {dag.py:4180} INFO - Setting next_dagrun for data_pipeline to 2026-04-25 15:30:00+00:00, run_after=2026-04-26 15:30:00+00:00
[2026-04-26T12:07:08.891+0000] {processor.py:208} INFO - Processing /opt/airflow/dags/dag2.py took 0.084 seconds
[2026-04-26T12:07:39.122+0000] {processor.py:186} INFO - Started process (PID=4651) to work on /opt/airflow/dags/dag2.py
[2026-04-26T12:07:39.123+0000] {processor.py:914} INFO - Processing file /opt/airflow/dags/dag2.py for tasks to queue
[2026-04-26T12:07:39.126+0000] {logging_mixin.py:190} INFO - [2026-04-26T12:07:39.125+0000] {dagbag.py:588} INFO - Filling up the DagBag from /opt/airflow/dags/dag2.py
[2026-04-26T12:07:39.138+0000] {processor.py:925} INFO - DAG(s) 'data_pipeline' retrieved from /opt/airflow/dags/dag2.py
[2026-04-26T12:07:39.159+0000] {logging_mixin.py:190} INFO - [2026-04-26T12:07:39.159+0000] {dag.py:3239} INFO - Sync 1 DAGs
[2026-04-26T12:07:39.181+0000] {logging_mixin.py:190} INFO - [2026-04-26T12:07:39.181+0000] {dag.py:4180} INFO - Setting next_dagrun for data_pipeline to 2026-04-25 15:30:00+00:00, run_after=2026-04-26 15:30:00+00:00
[2026-04-26T12:07:39.198+0000] {processor.py:208} INFO - Processing /opt/airflow/dags/dag2.py took 0.084 seconds
[2026-04-26T12:08:09.436+0000] {processor.py:186} INFO - Started process (PID=4667) to work on /opt/airflow/dags/dag2.py
[2026-04-26T12:08:09.436+0000] {processor.py:914} INFO - Processing file /opt/airflow/dags/dag2.py for tasks to queue
[2026-04-26T12:08:09.438+0000] {logging_mixin.py:190} INFO - [2026-04-26T12:08:09.438+0000] {dagbag.py:588} INFO - Filling up the DagBag from /opt/airflow/dags/dag2.py
[2026-04-26T12:08:09.452+0000] {processor.py:925} INFO - DAG(s) 'data_pipeline' retrieved from /opt/airflow/dags/dag2.py
[2026-04-26T12:08:09.473+0000] {logging_mixin.py:190} INFO - [2026-04-26T12:08:09.472+0000] {dag.py:3239} INFO - Sync 1 DAGs
[2026-04-26T12:08:09.496+0000] {logging_mixin.py:190} INFO - [2026-04-26T12:08:09.496+0000] {dag.py:4180} INFO - Setting next_dagrun for data_pipeline to 2026-04-25 15:30:00+00:00, run_after=2026-04-26 15:30:00+00:00
[2026-04-26T12:08:09.516+0000] {processor.py:208} INFO - Processing /opt/airflow/dags/dag2.py took 0.087 seconds
[2026-04-26T12:08:39.829+0000] {processor.py:186} INFO - Started process (PID=4683) to work on /opt/airflow/dags/dag2.py
[2026-04-26T12:08:39.829+0000] {processor.py:914} INFO - Processing file /opt/airflow/dags/dag2.py for tasks to queue
[2026-04-26T12:08:39.831+0000] {logging_mixin.py:190} INFO - [2026-04-26T12:08:39.831+0000] {dagbag.py:588} INFO - Filling up the DagBag from /opt/airflow/dags/dag2.py
[2026-04-26T12:08:39.842+0000] {processor.py:925} INFO - DAG(s) 'data_pipeline' retrieved from /opt/airflow/dags/dag2.py
[2026-04-26T12:08:39.864+0000] {logging_mixin.py:190} INFO - [2026-04-26T12:08:39.864+0000] {dag.py:3239} INFO - Sync 1 DAGs
[2026-04-26T12:08:39.887+0000] {logging_mixin.py:190} INFO - [2026-04-26T12:08:39.886+0000] {dag.py:4180} INFO - Setting next_dagrun for data_pipeline to 2026-04-25 15:30:00+00:00, run_after=2026-04-26 15:30:00+00:00
[2026-04-26T12:08:40.021+0000] {processor.py:208} INFO - Processing /opt/airflow/dags/dag2.py took 0.200 seconds
[2026-04-26T12:09:10.135+0000] {processor.py:186} INFO - Started process (PID=4699) to work on /opt/airflow/dags/dag2.py
[2026-04-26T12:09:10.136+0000] {processor.py:914} INFO - Processing file /opt/airflow/dags/dag2.py for tasks to queue
[2026-04-26T12:09:10.138+0000] {logging_mixin.py:190} INFO - [2026-04-26T12:09:10.138+0000] {dagbag.py:588} INFO - Filling up the DagBag from /opt/airflow/dags/dag2.py
[2026-04-26T12:09:10.149+0000] {processor.py:925} INFO - DAG(s) 'data_pipeline' retrieved from /opt/airflow/dags/dag2.py
[2026-04-26T12:09:10.171+0000] {logging_mixin.py:190} INFO - [2026-04-26T12:09:10.171+0000] {dag.py:3239} INFO - Sync 1 DAGs
[2026-04-26T12:09:10.316+0000] {logging_mixin.py:190} INFO - [2026-04-26T12:09:10.315+0000] {dag.py:4180} INFO - Setting next_dagrun for data_pipeline to 2026-04-25 15:30:00+00:00, run_after=2026-04-26 15:30:00+00:00
[2026-04-26T12:09:10.331+0000] {processor.py:208} INFO - Processing /opt/airflow/dags/dag2.py took 0.203 seconds
[2026-04-26T12:09:40.583+0000] {processor.py:186} INFO - Started process (PID=4715) to work on /opt/airflow/dags/dag2.py
[2026-04-26T12:09:40.584+0000] {processor.py:914} INFO - Processing file /opt/airflow/dags/dag2.py for tasks to queue
[2026-04-26T12:09:40.586+0000] {logging_mixin.py:190} INFO - [2026-04-26T12:09:40.586+0000] {dagbag.py:588} INFO - Filling up the DagBag from /opt/airflow/dags/dag2.py
[2026-04-26T12:09:40.596+0000] {processor.py:925} INFO - DAG(s) 'data_pipeline' retrieved from /opt/airflow/dags/dag2.py
[2026-04-26T12:09:40.624+0000] {logging_mixin.py:190} INFO - [2026-04-26T12:09:40.624+0000] {dag.py:3239} INFO - Sync 1 DAGs
[2026-04-26T12:09:40.768+0000] {logging_mixin.py:190} INFO - [2026-04-26T12:09:40.768+0000] {dag.py:4180} INFO - Setting next_dagrun for data_pipeline to 2026-04-25 15:30:00+00:00, run_after=2026-04-26 15:30:00+00:00
[2026-04-26T12:09:40.789+0000] {processor.py:208} INFO - Processing /opt/airflow/dags/dag2.py took 0.212 seconds
[2026-04-26T12:10:10.853+0000] {processor.py:186} INFO - Started process (PID=4731) to work on /opt/airflow/dags/dag2.py
[2026-04-26T12:10:10.853+0000] {processor.py:914} INFO - Processing file /opt/airflow/dags/dag2.py for tasks to queue
[2026-04-26T12:10:10.855+0000] {logging_mixin.py:190} INFO - [2026-04-26T12:10:10.855+0000] {dagbag.py:588} INFO - Filling up the DagBag from /opt/airflow/dags/dag2.py
[2026-04-26T12:10:10.866+0000] {processor.py:925} INFO - DAG(s) 'data_pipeline' retrieved from /opt/airflow/dags/dag2.py
[2026-04-26T12:10:10.894+0000] {logging_mixin.py:190} INFO - [2026-04-26T12:10:10.894+0000] {dag.py:3239} INFO - Sync 1 DAGs
[2026-04-26T12:10:10.925+0000] {logging_mixin.py:190} INFO - [2026-04-26T12:10:10.925+0000] {dag.py:4180} INFO - Setting next_dagrun for data_pipeline to 2026-04-25 15:30:00+00:00, run_after=2026-04-26 15:30:00+00:00
[2026-04-26T12:10:10.945+0000] {processor.py:208} INFO - Processing /opt/airflow/dags/dag2.py took 0.098 seconds
[2026-04-26T12:10:41.266+0000] {processor.py:186} INFO - Started process (PID=4747) to work on /opt/airflow/dags/dag2.py
[2026-04-26T12:10:41.267+0000] {processor.py:914} INFO - Processing file /opt/airflow/dags/dag2.py for tasks to queue
[2026-04-26T12:10:41.269+0000] {logging_mixin.py:190} INFO - [2026-04-26T12:10:41.269+0000] {dagbag.py:588} INFO - Filling up the DagBag from /opt/airflow/dags/dag2.py
[2026-04-26T12:10:41.280+0000] {processor.py:925} INFO - DAG(s) 'data_pipeline' retrieved from /opt/airflow/dags/dag2.py
[2026-04-26T12:10:41.307+0000] {logging_mixin.py:190} INFO - [2026-04-26T12:10:41.307+0000] {dag.py:3239} INFO - Sync 1 DAGs
[2026-04-26T12:10:41.333+0000] {logging_mixin.py:190} INFO - [2026-04-26T12:10:41.333+0000] {dag.py:4180} INFO - Setting next_dagrun for data_pipeline to 2026-04-25 15:30:00+00:00, run_after=2026-04-26 15:30:00+00:00
[2026-04-26T12:10:41.351+0000] {processor.py:208} INFO - Processing /opt/airflow/dags/dag2.py took 0.091 seconds
[2026-04-26T12:11:11.601+0000] {processor.py:186} INFO - Started process (PID=4763) to work on /opt/airflow/dags/dag2.py
[2026-04-26T12:11:11.602+0000] {processor.py:914} INFO - Processing file /opt/airflow/dags/dag2.py for tasks to queue
[2026-04-26T12:11:11.604+0000] {logging_mixin.py:190} INFO - [2026-04-26T12:11:11.604+0000] {dagbag.py:588} INFO - Filling up the DagBag from /opt/airflow/dags/dag2.py
[2026-04-26T12:11:11.615+0000] {processor.py:925} INFO - DAG(s) 'data_pipeline' retrieved from /opt/airflow/dags/dag2.py
[2026-04-26T12:11:11.642+0000] {logging_mixin.py:190} INFO - [2026-04-26T12:11:11.642+0000] {dag.py:3239} INFO - Sync 1 DAGs
[2026-04-26T12:11:11.664+0000] {logging_mixin.py:190} INFO - [2026-04-26T12:11:11.664+0000] {dag.py:4180} INFO - Setting next_dagrun for data_pipeline to 2026-04-25 15:30:00+00:00, run_after=2026-04-26 15:30:00+00:00
[2026-04-26T12:11:11.682+0000] {processor.py:208} INFO - Processing /opt/airflow/dags/dag2.py took 0.088 seconds
[2026-04-26T12:11:41.905+0000] {processor.py:186} INFO - Started process (PID=4779) to work on /opt/airflow/dags/dag2.py
[2026-04-26T12:11:41.906+0000] {processor.py:914} INFO - Processing file /opt/airflow/dags/dag2.py for tasks to queue
[2026-04-26T12:11:41.908+0000] {logging_mixin.py:190} INFO - [2026-04-26T12:11:41.908+0000] {dagbag.py:588} INFO - Filling up the DagBag from /opt/airflow/dags/dag2.py
[2026-04-26T12:11:41.918+0000] {processor.py:925} INFO - DAG(s) 'data_pipeline' retrieved from /opt/airflow/dags/dag2.py
[2026-04-26T12:11:41.941+0000] {logging_mixin.py:190} INFO - [2026-04-26T12:11:41.940+0000] {dag.py:3239} INFO - Sync 1 DAGs
[2026-04-26T12:11:42.084+0000] {logging_mixin.py:190} INFO - [2026-04-26T12:11:42.084+0000] {dag.py:4180} INFO - Setting next_dagrun for data_pipeline to 2026-04-25 15:30:00+00:00, run_after=2026-04-26 15:30:00+00:00
[2026-04-26T12:11:42.105+0000] {processor.py:208} INFO - Processing /opt/airflow/dags/dag2.py took 0.207 seconds
[2026-04-26T12:12:12.236+0000] {processor.py:186} INFO - Started process (PID=4796) to work on /opt/airflow/dags/dag2.py
[2026-04-26T12:12:12.236+0000] {processor.py:914} INFO - Processing file /opt/airflow/dags/dag2.py for tasks to queue
[2026-04-26T12:12:12.239+0000] {logging_mixin.py:190} INFO - [2026-04-26T12:12:12.238+0000] {dagbag.py:588} INFO - Filling up the DagBag from /opt/airflow/dags/dag2.py
[2026-04-26T12:12:12.249+0000] {processor.py:925} INFO - DAG(s) 'data_pipeline' retrieved from /opt/airflow/dags/dag2.py
[2026-04-26T12:12:12.272+0000] {logging_mixin.py:190} INFO - [2026-04-26T12:12:12.271+0000] {dag.py:3239} INFO - Sync 1 DAGs
[2026-04-26T12:12:12.422+0000] {logging_mixin.py:190} INFO - [2026-04-26T12:12:12.421+0000] {dag.py:4180} INFO - Setting next_dagrun for data_pipeline to 2026-04-25 15:30:00+00:00, run_after=2026-04-26 15:30:00+00:00
[2026-04-26T12:12:12.436+0000] {processor.py:208} INFO - Processing /opt/airflow/dags/dag2.py took 0.208 seconds
[2026-04-26T12:12:42.732+0000] {processor.py:186} INFO - Started process (PID=4812) to work on /opt/airflow/dags/dag2.py
[2026-04-26T12:12:42.733+0000] {processor.py:914} INFO - Processing file /opt/airflow/dags/dag2.py for tasks to queue
[2026-04-26T12:12:42.735+0000] {logging_mixin.py:190} INFO - [2026-04-26T12:12:42.735+0000] {dagbag.py:588} INFO - Filling up the DagBag from /opt/airflow/dags/dag2.py
[2026-04-26T12:12:42.746+0000] {processor.py:925} INFO - DAG(s) 'data_pipeline' retrieved from /opt/airflow/dags/dag2.py
[2026-04-26T12:12:42.891+0000] {logging_mixin.py:190} INFO - [2026-04-26T12:12:42.891+0000] {dag.py:3239} INFO - Sync 1 DAGs
[2026-04-26T12:12:42.911+0000] {logging_mixin.py:190} INFO - [2026-04-26T12:12:42.911+0000] {dag.py:4180} INFO - Setting next_dagrun for data_pipeline to 2026-04-25 15:30:00+00:00, run_after=2026-04-26 15:30:00+00:00
[2026-04-26T12:12:42.932+0000] {processor.py:208} INFO - Processing /opt/airflow/dags/dag2.py took 0.206 seconds
[2026-04-26T12:13:13.033+0000] {processor.py:186} INFO - Started process (PID=4828) to work on /opt/airflow/dags/dag2.py
[2026-04-26T12:13:13.034+0000] {processor.py:914} INFO - Processing file /opt/airflow/dags/dag2.py for tasks to queue
[2026-04-26T12:13:13.036+0000] {logging_mixin.py:190} INFO - [2026-04-26T12:13:13.036+0000] {dagbag.py:588} INFO - Filling up the DagBag from /opt/airflow/dags/dag2.py
[2026-04-26T12:13:13.048+0000] {processor.py:925} INFO - DAG(s) 'data_pipeline' retrieved from /opt/airflow/dags/dag2.py
[2026-04-26T12:13:13.072+0000] {logging_mixin.py:190} INFO - [2026-04-26T12:13:13.072+0000] {dag.py:3239} INFO - Sync 1 DAGs
[2026-04-26T12:13:13.094+0000] {logging_mixin.py:190} INFO - [2026-04-26T12:13:13.094+0000] {dag.py:4180} INFO - Setting next_dagrun for data_pipeline to 2026-04-25 15:30:00+00:00, run_after=2026-04-26 15:30:00+00:00
[2026-04-26T12:13:13.111+0000] {processor.py:208} INFO - Processing /opt/airflow/dags/dag2.py took 0.084 seconds
[2026-04-26T12:13:43.409+0000] {processor.py:186} INFO - Started process (PID=4845) to work on /opt/airflow/dags/dag2.py
[2026-04-26T12:13:43.410+0000] {processor.py:914} INFO - Processing file /opt/airflow/dags/dag2.py for tasks to queue
[2026-04-26T12:13:43.412+0000] {logging_mixin.py:190} INFO - [2026-04-26T12:13:43.412+0000] {dagbag.py:588} INFO - Filling up the DagBag from /opt/airflow/dags/dag2.py
[2026-04-26T12:13:43.423+0000] {processor.py:925} INFO - DAG(s) 'data_pipeline' retrieved from /opt/airflow/dags/dag2.py
[2026-04-26T12:13:43.445+0000] {logging_mixin.py:190} INFO - [2026-04-26T12:13:43.445+0000] {dag.py:3239} INFO - Sync 1 DAGs
[2026-04-26T12:13:43.467+0000] {logging_mixin.py:190} INFO - [2026-04-26T12:13:43.467+0000] {dag.py:4180} INFO - Setting next_dagrun for data_pipeline to 2026-04-25 15:30:00+00:00, run_after=2026-04-26 15:30:00+00:00
[2026-04-26T12:13:43.483+0000] {processor.py:208} INFO - Processing /opt/airflow/dags/dag2.py took 0.081 seconds
[2026-04-26T12:14:13.720+0000] {processor.py:186} INFO - Started process (PID=4861) to work on /opt/airflow/dags/dag2.py
[2026-04-26T12:14:13.721+0000] {processor.py:914} INFO - Processing file /opt/airflow/dags/dag2.py for tasks to queue
[2026-04-26T12:14:13.723+0000] {logging_mixin.py:190} INFO - [2026-04-26T12:14:13.723+0000] {dagbag.py:588} INFO - Filling up the DagBag from /opt/airflow/dags/dag2.py
[2026-04-26T12:14:13.734+0000] {processor.py:925} INFO - DAG(s) 'data_pipeline' retrieved from /opt/airflow/dags/dag2.py
[2026-04-26T12:14:13.755+0000] {logging_mixin.py:190} INFO - [2026-04-26T12:14:13.755+0000] {dag.py:3239} INFO - Sync 1 DAGs
[2026-04-26T12:14:13.777+0000] {logging_mixin.py:190} INFO - [2026-04-26T12:14:13.777+0000] {dag.py:4180} INFO - Setting next_dagrun for data_pipeline to 2026-04-25 15:30:00+00:00, run_after=2026-04-26 15:30:00+00:00
[2026-04-26T12:14:13.916+0000] {processor.py:208} INFO - Processing /opt/airflow/dags/dag2.py took 0.203 seconds
[2026-04-26T12:14:44.208+0000] {processor.py:186} INFO - Started process (PID=4878) to work on /opt/airflow/dags/dag2.py
[2026-04-26T12:14:44.208+0000] {processor.py:914} INFO - Processing file /opt/airflow/dags/dag2.py for tasks to queue
[2026-04-26T12:14:44.211+0000] {logging_mixin.py:190} INFO - [2026-04-26T12:14:44.210+0000] {dagbag.py:588} INFO - Filling up the DagBag from /opt/airflow/dags/dag2.py
[2026-04-26T12:14:44.221+0000] {processor.py:925} INFO - DAG(s) 'data_pipeline' retrieved from /opt/airflow/dags/dag2.py
[2026-04-26T12:14:44.245+0000] {logging_mixin.py:190} INFO - [2026-04-26T12:14:44.244+0000] {dag.py:3239} INFO - Sync 1 DAGs
[2026-04-26T12:14:44.387+0000] {logging_mixin.py:190} INFO - [2026-04-26T12:14:44.387+0000] {dag.py:4180} INFO - Setting next_dagrun for data_pipeline to 2026-04-25 15:30:00+00:00, run_after=2026-04-26 15:30:00+00:00
[2026-04-26T12:14:44.405+0000] {processor.py:208} INFO - Processing /opt/airflow/dags/dag2.py took 0.204 seconds
[2026-04-26T12:15:14.694+0000] {processor.py:186} INFO - Started process (PID=4894) to work on /opt/airflow/dags/dag2.py
[2026-04-26T12:15:14.694+0000] {processor.py:914} INFO - Processing file /opt/airflow/dags/dag2.py for tasks to queue
[2026-04-26T12:15:14.696+0000] {logging_mixin.py:190} INFO - [2026-04-26T12:15:14.696+0000] {dagbag.py:588} INFO - Filling up the DagBag from /opt/airflow/dags/dag2.py
[2026-04-26T12:15:14.706+0000] {processor.py:925} INFO - DAG(s) 'data_pipeline' retrieved from /opt/airflow/dags/dag2.py
[2026-04-26T12:15:14.728+0000] {logging_mixin.py:190} INFO - [2026-04-26T12:15:14.728+0000] {dag.py:3239} INFO - Sync 1 DAGs
[2026-04-26T12:15:14.868+0000] {logging_mixin.py:190} INFO - [2026-04-26T12:15:14.868+0000] {dag.py:4180} INFO - Setting next_dagrun for data_pipeline to 2026-04-25 15:30:00+00:00, run_after=2026-04-26 15:30:00+00:00
[2026-04-26T12:15:14.887+0000] {processor.py:208} INFO - Processing /opt/airflow/dags/dag2.py took 0.199 seconds
[2026-04-26T12:15:45.184+0000] {processor.py:186} INFO - Started process (PID=4910) to work on /opt/airflow/dags/dag2.py
[2026-04-26T12:15:45.184+0000] {processor.py:914} INFO - Processing file /opt/airflow/dags/dag2.py for tasks to queue
[2026-04-26T12:15:45.186+0000] {logging_mixin.py:190} INFO - [2026-04-26T12:15:45.186+0000] {dagbag.py:588} INFO - Filling up the DagBag from /opt/airflow/dags/dag2.py
[2026-04-26T12:15:45.197+0000] {processor.py:925} INFO - DAG(s) 'data_pipeline' retrieved from /opt/airflow/dags/dag2.py
[2026-04-26T12:15:45.227+0000] {logging_mixin.py:190} INFO - [2026-04-26T12:15:45.227+0000] {dag.py:3239} INFO - Sync 1 DAGs
[2026-04-26T12:15:45.254+0000] {logging_mixin.py:190} INFO - [2026-04-26T12:15:45.254+0000] {dag.py:4180} INFO - Setting next_dagrun for data_pipeline to 2026-04-25 15:30:00+00:00, run_after=2026-04-26 15:30:00+00:00
[2026-04-26T12:15:45.271+0000] {processor.py:208} INFO - Processing /opt/airflow/dags/dag2.py took 0.093 seconds
[2026-04-26T12:16:15.532+0000] {processor.py:186} INFO - Started process (PID=4926) to work on /opt/airflow/dags/dag2.py
[2026-04-26T12:16:15.532+0000] {processor.py:914} INFO - Processing file /opt/airflow/dags/dag2.py for tasks to queue
[2026-04-26T12:16:15.535+0000] {logging_mixin.py:190} INFO - [2026-04-26T12:16:15.535+0000] {dagbag.py:588} INFO - Filling up the DagBag from /opt/airflow/dags/dag2.py
[2026-04-26T12:16:15.549+0000] {processor.py:925} INFO - DAG(s) 'data_pipeline' retrieved from /opt/airflow/dags/dag2.py
[2026-04-26T12:16:15.571+0000] {logging_mixin.py:190} INFO - [2026-04-26T12:16:15.570+0000] {dag.py:3239} INFO - Sync 1 DAGs
[2026-04-26T12:16:15.593+0000] {logging_mixin.py:190} INFO - [2026-04-26T12:16:15.593+0000] {dag.py:4180} INFO - Setting next_dagrun for data_pipeline to 2026-04-25 15:30:00+00:00, run_after=2026-04-26 15:30:00+00:00
[2026-04-26T12:16:15.612+0000] {processor.py:208} INFO - Processing /opt/airflow/dags/dag2.py took 0.090 seconds
[2026-04-26T12:16:45.911+0000] {processor.py:186} INFO - Started process (PID=4942) to work on /opt/airflow/dags/dag2.py
[2026-04-26T12:16:45.912+0000] {processor.py:914} INFO - Processing file /opt/airflow/dags/dag2.py for tasks to queue
[2026-04-26T12:16:45.914+0000] {logging_mixin.py:190} INFO - [2026-04-26T12:16:45.914+0000] {dagbag.py:588} INFO - Filling up the DagBag from /opt/airflow/dags/dag2.py
[2026-04-26T12:16:45.923+0000] {processor.py:925} INFO - DAG(s) 'data_pipeline' retrieved from /opt/airflow/dags/dag2.py
[2026-04-26T12:16:45.944+0000] {logging_mixin.py:190} INFO - [2026-04-26T12:16:45.944+0000] {dag.py:3239} INFO - Sync 1 DAGs
[2026-04-26T12:16:45.971+0000] {logging_mixin.py:190} INFO - [2026-04-26T12:16:45.971+0000] {dag.py:4180} INFO - Setting next_dagrun for data_pipeline to 2026-04-25 15:30:00+00:00, run_after=2026-04-26 15:30:00+00:00
[2026-04-26T12:16:45.993+0000] {processor.py:208} INFO - Processing /opt/airflow/dags/dag2.py took 0.087 seconds
[2026-04-26T12:17:16.307+0000] {processor.py:186} INFO - Started process (PID=4958) to work on /opt/airflow/dags/dag2.py
[2026-04-26T12:17:16.308+0000] {processor.py:914} INFO - Processing file /opt/airflow/dags/dag2.py for tasks to queue
[2026-04-26T12:17:16.310+0000] {logging_mixin.py:190} INFO - [2026-04-26T12:17:16.310+0000] {dagbag.py:588} INFO - Filling up the DagBag from /opt/airflow/dags/dag2.py
[2026-04-26T12:17:16.320+0000] {processor.py:925} INFO - DAG(s) 'data_pipeline' retrieved from /opt/airflow/dags/dag2.py
[2026-04-26T12:17:16.342+0000] {logging_mixin.py:190} INFO - [2026-04-26T12:17:16.341+0000] {dag.py:3239} INFO - Sync 1 DAGs
[2026-04-26T12:17:16.370+0000] {logging_mixin.py:190} INFO - [2026-04-26T12:17:16.370+0000] {dag.py:4180} INFO - Setting next_dagrun for data_pipeline to 2026-04-25 15:30:00+00:00, run_after=2026-04-26 15:30:00+00:00
[2026-04-26T12:17:16.512+0000] {processor.py:208} INFO - Processing /opt/airflow/dags/dag2.py took 0.211 seconds
[2026-04-26T12:17:46.608+0000] {processor.py:186} INFO - Started process (PID=4974) to work on /opt/airflow/dags/dag2.py
[2026-04-26T12:17:46.609+0000] {processor.py:914} INFO - Processing file /opt/airflow/dags/dag2.py for tasks to queue
[2026-04-26T12:17:46.611+0000] {logging_mixin.py:190} INFO - [2026-04-26T12:17:46.611+0000] {dagbag.py:588} INFO - Filling up the DagBag from /opt/airflow/dags/dag2.py
[2026-04-26T12:17:46.621+0000] {processor.py:925} INFO - DAG(s) 'data_pipeline' retrieved from /opt/airflow/dags/dag2.py
[2026-04-26T12:17:46.643+0000] {logging_mixin.py:190} INFO - [2026-04-26T12:17:46.643+0000] {dag.py:3239} INFO - Sync 1 DAGs
[2026-04-26T12:17:46.788+0000] {logging_mixin.py:190} INFO - [2026-04-26T12:17:46.787+0000] {dag.py:4180} INFO - Setting next_dagrun for data_pipeline to 2026-04-25 15:30:00+00:00, run_after=2026-04-26 15:30:00+00:00
[2026-04-26T12:17:46.809+0000] {processor.py:208} INFO - Processing /opt/airflow/dags/dag2.py took 0.208 seconds
[2026-04-26T12:18:17.079+0000] {processor.py:186} INFO - Started process (PID=4990) to work on /opt/airflow/dags/dag2.py
[2026-04-26T12:18:17.080+0000] {processor.py:914} INFO - Processing file /opt/airflow/dags/dag2.py for tasks to queue
[2026-04-26T12:18:17.083+0000] {logging_mixin.py:190} INFO - [2026-04-26T12:18:17.082+0000] {dagbag.py:588} INFO - Filling up the DagBag from /opt/airflow/dags/dag2.py
[2026-04-26T12:18:17.098+0000] {processor.py:925} INFO - DAG(s) 'data_pipeline' retrieved from /opt/airflow/dags/dag2.py
[2026-04-26T12:18:17.239+0000] {logging_mixin.py:190} INFO - [2026-04-26T12:18:17.239+0000] {dag.py:3239} INFO - Sync 1 DAGs
[2026-04-26T12:18:17.260+0000] {logging_mixin.py:190} INFO - [2026-04-26T12:18:17.260+0000] {dag.py:4180} INFO - Setting next_dagrun for data_pipeline to 2026-04-25 15:30:00+00:00, run_after=2026-04-26 15:30:00+00:00
[2026-04-26T12:18:17.282+0000] {processor.py:208} INFO - Processing /opt/airflow/dags/dag2.py took 0.213 seconds
[2026-04-26T12:18:47.351+0000] {processor.py:186} INFO - Started process (PID=5006) to work on /opt/airflow/dags/dag2.py
[2026-04-26T12:18:47.352+0000] {processor.py:914} INFO - Processing file /opt/airflow/dags/dag2.py for tasks to queue
[2026-04-26T12:18:47.354+0000] {logging_mixin.py:190} INFO - [2026-04-26T12:18:47.354+0000] {dagbag.py:588} INFO - Filling up the DagBag from /opt/airflow/dags/dag2.py
[2026-04-26T12:18:47.364+0000] {processor.py:925} INFO - DAG(s) 'data_pipeline' retrieved from /opt/airflow/dags/dag2.py
[2026-04-26T12:18:47.387+0000] {logging_mixin.py:190} INFO - [2026-04-26T12:18:47.387+0000] {dag.py:3239} INFO - Sync 1 DAGs
[2026-04-26T12:18:47.410+0000] {logging_mixin.py:190} INFO - [2026-04-26T12:18:47.410+0000] {dag.py:4180} INFO - Setting next_dagrun for data_pipeline to 2026-04-25 15:30:00+00:00, run_after=2026-04-26 15:30:00+00:00
[2026-04-26T12:18:47.428+0000] {processor.py:208} INFO - Processing /opt/airflow/dags/dag2.py took 0.082 seconds
[2026-04-26T12:19:17.638+0000] {processor.py:186} INFO - Started process (PID=5022) to work on /opt/airflow/dags/dag2.py
[2026-04-26T12:19:17.639+0000] {processor.py:914} INFO - Processing file /opt/airflow/dags/dag2.py for tasks to queue
[2026-04-26T12:19:17.641+0000] {logging_mixin.py:190} INFO - [2026-04-26T12:19:17.640+0000] {dagbag.py:588} INFO - Filling up the DagBag from /opt/airflow/dags/dag2.py
[2026-04-26T12:19:17.652+0000] {processor.py:925} INFO - DAG(s) 'data_pipeline' retrieved from /opt/airflow/dags/dag2.py
[2026-04-26T12:19:17.683+0000] {logging_mixin.py:190} INFO - [2026-04-26T12:19:17.683+0000] {dag.py:3239} INFO - Sync 1 DAGs
[2026-04-26T12:19:17.706+0000] {logging_mixin.py:190} INFO - [2026-04-26T12:19:17.705+0000] {dag.py:4180} INFO - Setting next_dagrun for data_pipeline to 2026-04-25 15:30:00+00:00, run_after=2026-04-26 15:30:00+00:00
[2026-04-26T12:19:17.722+0000] {processor.py:208} INFO - Processing /opt/airflow/dags/dag2.py took 0.092 seconds
[2026-04-26T12:19:48.046+0000] {processor.py:186} INFO - Started process (PID=5038) to work on /opt/airflow/dags/dag2.py
[2026-04-26T12:19:48.047+0000] {processor.py:914} INFO - Processing file /opt/airflow/dags/dag2.py for tasks to queue
[2026-04-26T12:19:48.049+0000] {logging_mixin.py:190} INFO - [2026-04-26T12:19:48.049+0000] {dagbag.py:588} INFO - Filling up the DagBag from /opt/airflow/dags/dag2.py
[2026-04-26T12:19:48.060+0000] {processor.py:925} INFO - DAG(s) 'data_pipeline' retrieved from /opt/airflow/dags/dag2.py
[2026-04-26T12:19:48.080+0000] {logging_mixin.py:190} INFO - [2026-04-26T12:19:48.080+0000] {dag.py:3239} INFO - Sync 1 DAGs
[2026-04-26T12:19:48.103+0000] {logging_mixin.py:190} INFO - [2026-04-26T12:19:48.103+0000] {dag.py:4180} INFO - Setting next_dagrun for data_pipeline to 2026-04-25 15:30:00+00:00, run_after=2026-04-26 15:30:00+00:00
[2026-04-26T12:19:48.121+0000] {processor.py:208} INFO - Processing /opt/airflow/dags/dag2.py took 0.083 seconds
[2026-04-26T12:20:18.338+0000] {processor.py:186} INFO - Started process (PID=5054) to work on /opt/airflow/dags/dag2.py
[2026-04-26T12:20:18.338+0000] {processor.py:914} INFO - Processing file /opt/airflow/dags/dag2.py for tasks to queue
[2026-04-26T12:20:18.341+0000] {logging_mixin.py:190} INFO - [2026-04-26T12:20:18.341+0000] {dagbag.py:588} INFO - Filling up the DagBag from /opt/airflow/dags/dag2.py
[2026-04-26T12:20:18.357+0000] {processor.py:925} INFO - DAG(s) 'data_pipeline' retrieved from /opt/airflow/dags/dag2.py
[2026-04-26T12:20:18.386+0000] {logging_mixin.py:190} INFO - [2026-04-26T12:20:18.386+0000] {dag.py:3239} INFO - Sync 1 DAGs
[2026-04-26T12:20:18.542+0000] {logging_mixin.py:190} INFO - [2026-04-26T12:20:18.542+0000] {dag.py:4180} INFO - Setting next_dagrun for data_pipeline to 2026-04-25 15:30:00+00:00, run_after=2026-04-26 15:30:00+00:00
[2026-04-26T12:20:18.560+0000] {processor.py:208} INFO - Processing /opt/airflow/dags/dag2.py took 0.230 seconds
[2026-04-26T12:20:48.667+0000] {processor.py:186} INFO - Started process (PID=5070) to work on /opt/airflow/dags/dag2.py
[2026-04-26T12:20:48.668+0000] {processor.py:914} INFO - Processing file /opt/airflow/dags/dag2.py for tasks to queue
[2026-04-26T12:20:48.670+0000] {logging_mixin.py:190} INFO - [2026-04-26T12:20:48.670+0000] {dagbag.py:588} INFO - Filling up the DagBag from /opt/airflow/dags/dag2.py
[2026-04-26T12:20:48.682+0000] {processor.py:925} INFO - DAG(s) 'data_pipeline' retrieved from /opt/airflow/dags/dag2.py
[2026-04-26T12:20:48.704+0000] {logging_mixin.py:190} INFO - [2026-04-26T12:20:48.704+0000] {dag.py:3239} INFO - Sync 1 DAGs
[2026-04-26T12:20:48.846+0000] {logging_mixin.py:190} INFO - [2026-04-26T12:20:48.846+0000] {dag.py:4180} INFO - Setting next_dagrun for data_pipeline to 2026-04-25 15:30:00+00:00, run_after=2026-04-26 15:30:00+00:00
[2026-04-26T12:20:48.863+0000] {processor.py:208} INFO - Processing /opt/airflow/dags/dag2.py took 0.202 seconds
[2026-04-26T12:21:19.129+0000] {processor.py:186} INFO - Started process (PID=5086) to work on /opt/airflow/dags/dag2.py
[2026-04-26T12:21:19.130+0000] {processor.py:914} INFO - Processing file /opt/airflow/dags/dag2.py for tasks to queue
[2026-04-26T12:21:19.133+0000] {logging_mixin.py:190} INFO - [2026-04-26T12:21:19.132+0000] {dagbag.py:588} INFO - Filling up the DagBag from /opt/airflow/dags/dag2.py
[2026-04-26T12:21:19.144+0000] {processor.py:925} INFO - DAG(s) 'data_pipeline' retrieved from /opt/airflow/dags/dag2.py
[2026-04-26T12:21:19.293+0000] {logging_mixin.py:190} INFO - [2026-04-26T12:21:19.293+0000] {dag.py:3239} INFO - Sync 1 DAGs
[2026-04-26T12:21:19.313+0000] {logging_mixin.py:190} INFO - [2026-04-26T12:21:19.313+0000] {dag.py:4180} INFO - Setting next_dagrun for data_pipeline to 2026-04-25 15:30:00+00:00, run_after=2026-04-26 15:30:00+00:00
[2026-04-26T12:21:19.328+0000] {processor.py:208} INFO - Processing /opt/airflow/dags/dag2.py took 0.207 seconds
[2026-04-26T12:21:49.653+0000] {processor.py:186} INFO - Started process (PID=5102) to work on /opt/airflow/dags/dag2.py
[2026-04-26T12:21:49.654+0000] {processor.py:914} INFO - Processing file /opt/airflow/dags/dag2.py for tasks to queue
[2026-04-26T12:21:49.657+0000] {logging_mixin.py:190} INFO - [2026-04-26T12:21:49.657+0000] {dagbag.py:588} INFO - Filling up the DagBag from /opt/airflow/dags/dag2.py
[2026-04-26T12:21:49.671+0000] {processor.py:925} INFO - DAG(s) 'data_pipeline' retrieved from /opt/airflow/dags/dag2.py
[2026-04-26T12:21:49.697+0000] {logging_mixin.py:190} INFO - [2026-04-26T12:21:49.697+0000] {dag.py:3239} INFO - Sync 1 DAGs
[2026-04-26T12:21:49.719+0000] {logging_mixin.py:190} INFO - [2026-04-26T12:21:49.719+0000] {dag.py:4180} INFO - Setting next_dagrun for data_pipeline to 2026-04-25 15:30:00+00:00, run_after=2026-04-26 15:30:00+00:00
[2026-04-26T12:21:49.736+0000] {processor.py:208} INFO - Processing /opt/airflow/dags/dag2.py took 0.094 seconds
[2026-04-26T12:22:19.949+0000] {processor.py:186} INFO - Started process (PID=5118) to work on /opt/airflow/dags/dag2.py
[2026-04-26T12:22:19.950+0000] {processor.py:914} INFO - Processing file /opt/airflow/dags/dag2.py for tasks to queue
[2026-04-26T12:22:19.952+0000] {logging_mixin.py:190} INFO - [2026-04-26T12:22:19.952+0000] {dagbag.py:588} INFO - Filling up the DagBag from /opt/airflow/dags/dag2.py
[2026-04-26T12:22:19.963+0000] {processor.py:925} INFO - DAG(s) 'data_pipeline' retrieved from /opt/airflow/dags/dag2.py
[2026-04-26T12:22:19.992+0000] {logging_mixin.py:190} INFO - [2026-04-26T12:22:19.992+0000] {dag.py:3239} INFO - Sync 1 DAGs
[2026-04-26T12:22:20.017+0000] {logging_mixin.py:190} INFO - [2026-04-26T12:22:20.017+0000] {dag.py:4180} INFO - Setting next_dagrun for data_pipeline to 2026-04-25 15:30:00+00:00, run_after=2026-04-26 15:30:00+00:00
[2026-04-26T12:22:20.034+0000] {processor.py:208} INFO - Processing /opt/airflow/dags/dag2.py took 0.093 seconds
[2026-04-26T12:22:50.276+0000] {processor.py:186} INFO - Started process (PID=5134) to work on /opt/airflow/dags/dag2.py
[2026-04-26T12:22:50.277+0000] {processor.py:914} INFO - Processing file /opt/airflow/dags/dag2.py for tasks to queue
[2026-04-26T12:22:50.279+0000] {logging_mixin.py:190} INFO - [2026-04-26T12:22:50.278+0000] {dagbag.py:588} INFO - Filling up the DagBag from /opt/airflow/dags/dag2.py
[2026-04-26T12:22:50.291+0000] {processor.py:925} INFO - DAG(s) 'data_pipeline' retrieved from /opt/airflow/dags/dag2.py
[2026-04-26T12:22:50.313+0000] {logging_mixin.py:190} INFO - [2026-04-26T12:22:50.313+0000] {dag.py:3239} INFO - Sync 1 DAGs
[2026-04-26T12:22:50.339+0000] {logging_mixin.py:190} INFO - [2026-04-26T12:22:50.338+0000] {dag.py:4180} INFO - Setting next_dagrun for data_pipeline to 2026-04-25 15:30:00+00:00, run_after=2026-04-26 15:30:00+00:00
[2026-04-26T12:22:50.478+0000] {processor.py:208} INFO - Processing /opt/airflow/dags/dag2.py took 0.209 seconds
[2026-04-26T12:23:20.785+0000] {processor.py:186} INFO - Started process (PID=5150) to work on /opt/airflow/dags/dag2.py
[2026-04-26T12:23:20.786+0000] {processor.py:914} INFO - Processing file /opt/airflow/dags/dag2.py for tasks to queue
[2026-04-26T12:23:20.788+0000] {logging_mixin.py:190} INFO - [2026-04-26T12:23:20.788+0000] {dagbag.py:588} INFO - Filling up the DagBag from /opt/airflow/dags/dag2.py
[2026-04-26T12:23:20.802+0000] {processor.py:925} INFO - DAG(s) 'data_pipeline' retrieved from /opt/airflow/dags/dag2.py
[2026-04-26T12:23:20.823+0000] {logging_mixin.py:190} INFO - [2026-04-26T12:23:20.823+0000] {dag.py:3239} INFO - Sync 1 DAGs
[2026-04-26T12:23:20.966+0000] {logging_mixin.py:190} INFO - [2026-04-26T12:23:20.966+0000] {dag.py:4180} INFO - Setting next_dagrun for data_pipeline to 2026-04-25 15:30:00+00:00, run_after=2026-04-26 15:30:00+00:00
[2026-04-26T12:23:20.986+0000] {processor.py:208} INFO - Processing /opt/airflow/dags/dag2.py took 0.208 seconds
[2026-04-26T12:23:51.101+0000] {processor.py:186} INFO - Started process (PID=5166) to work on /opt/airflow/dags/dag2.py
[2026-04-26T12:23:51.102+0000] {processor.py:914} INFO - Processing file /opt/airflow/dags/dag2.py for tasks to queue
[2026-04-26T12:23:51.104+0000] {logging_mixin.py:190} INFO - [2026-04-26T12:23:51.104+0000] {dagbag.py:588} INFO - Filling up the DagBag from /opt/airflow/dags/dag2.py
[2026-04-26T12:23:51.115+0000] {processor.py:925} INFO - DAG(s) 'data_pipeline' retrieved from /opt/airflow/dags/dag2.py
[2026-04-26T12:23:51.138+0000] {logging_mixin.py:190} INFO - [2026-04-26T12:23:51.137+0000] {dag.py:3239} INFO - Sync 1 DAGs
[2026-04-26T12:23:51.276+0000] {logging_mixin.py:190} INFO - [2026-04-26T12:23:51.276+0000] {dag.py:4180} INFO - Setting next_dagrun for data_pipeline to 2026-04-25 15:30:00+00:00, run_after=2026-04-26 15:30:00+00:00
[2026-04-26T12:23:51.296+0000] {processor.py:208} INFO - Processing /opt/airflow/dags/dag2.py took 0.201 seconds
[2026-04-26T12:24:21.563+0000] {processor.py:186} INFO - Started process (PID=5182) to work on /opt/airflow/dags/dag2.py
[2026-04-26T12:24:21.564+0000] {processor.py:914} INFO - Processing file /opt/airflow/dags/dag2.py for tasks to queue
[2026-04-26T12:24:21.566+0000] {logging_mixin.py:190} INFO - [2026-04-26T12:24:21.566+0000] {dagbag.py:588} INFO - Filling up the DagBag from /opt/airflow/dags/dag2.py
[2026-04-26T12:24:21.577+0000] {processor.py:925} INFO - DAG(s) 'data_pipeline' retrieved from /opt/airflow/dags/dag2.py
[2026-04-26T12:24:21.717+0000] {logging_mixin.py:190} INFO - [2026-04-26T12:24:21.716+0000] {dag.py:3239} INFO - Sync 1 DAGs
[2026-04-26T12:24:21.737+0000] {logging_mixin.py:190} INFO - [2026-04-26T12:24:21.736+0000] {dag.py:4180} INFO - Setting next_dagrun for data_pipeline to 2026-04-25 15:30:00+00:00, run_after=2026-04-26 15:30:00+00:00
[2026-04-26T12:24:21.760+0000] {processor.py:208} INFO - Processing /opt/airflow/dags/dag2.py took 0.204 seconds
[2026-04-26T12:24:51.859+0000] {processor.py:186} INFO - Started process (PID=5198) to work on /opt/airflow/dags/dag2.py
[2026-04-26T12:24:51.860+0000] {processor.py:914} INFO - Processing file /opt/airflow/dags/dag2.py for tasks to queue
[2026-04-26T12:24:51.862+0000] {logging_mixin.py:190} INFO - [2026-04-26T12:24:51.862+0000] {dagbag.py:588} INFO - Filling up the DagBag from /opt/airflow/dags/dag2.py
[2026-04-26T12:24:51.875+0000] {processor.py:925} INFO - DAG(s) 'data_pipeline' retrieved from /opt/airflow/dags/dag2.py
[2026-04-26T12:24:51.905+0000] {logging_mixin.py:190} INFO - [2026-04-26T12:24:51.905+0000] {dag.py:3239} INFO - Sync 1 DAGs
[2026-04-26T12:24:51.932+0000] {logging_mixin.py:190} INFO - [2026-04-26T12:24:51.931+0000] {dag.py:4180} INFO - Setting next_dagrun for data_pipeline to 2026-04-25 15:30:00+00:00, run_after=2026-04-26 15:30:00+00:00
[2026-04-26T12:24:51.947+0000] {processor.py:208} INFO - Processing /opt/airflow/dags/dag2.py took 0.094 seconds
[2026-04-26T12:25:22.257+0000] {processor.py:186} INFO - Started process (PID=5214) to work on /opt/airflow/dags/dag2.py
[2026-04-26T12:25:22.261+0000] {processor.py:914} INFO - Processing file /opt/airflow/dags/dag2.py for tasks to queue
[2026-04-26T12:25:22.263+0000] {logging_mixin.py:190} INFO - [2026-04-26T12:25:22.263+0000] {dagbag.py:588} INFO - Filling up the DagBag from /opt/airflow/dags/dag2.py
[2026-04-26T12:25:22.273+0000] {processor.py:925} INFO - DAG(s) 'data_pipeline' retrieved from /opt/airflow/dags/dag2.py
[2026-04-26T12:25:22.295+0000] {logging_mixin.py:190} INFO - [2026-04-26T12:25:22.295+0000] {dag.py:3239} INFO - Sync 1 DAGs
[2026-04-26T12:25:22.319+0000] {logging_mixin.py:190} INFO - [2026-04-26T12:25:22.319+0000] {dag.py:4180} INFO - Setting next_dagrun for data_pipeline to 2026-04-25 15:30:00+00:00, run_after=2026-04-26 15:30:00+00:00
[2026-04-26T12:25:22.338+0000] {processor.py:208} INFO - Processing /opt/airflow/dags/dag2.py took 0.085 seconds
[2026-04-26T12:25:52.581+0000] {processor.py:186} INFO - Started process (PID=5230) to work on /opt/airflow/dags/dag2.py
[2026-04-26T12:25:52.582+0000] {processor.py:914} INFO - Processing file /opt/airflow/dags/dag2.py for tasks to queue
[2026-04-26T12:25:52.584+0000] {logging_mixin.py:190} INFO - [2026-04-26T12:25:52.584+0000] {dagbag.py:588} INFO - Filling up the DagBag from /opt/airflow/dags/dag2.py
[2026-04-26T12:25:52.595+0000] {processor.py:925} INFO - DAG(s) 'data_pipeline' retrieved from /opt/airflow/dags/dag2.py
[2026-04-26T12:25:52.617+0000] {logging_mixin.py:190} INFO - [2026-04-26T12:25:52.617+0000] {dag.py:3239} INFO - Sync 1 DAGs
[2026-04-26T12:25:52.640+0000] {logging_mixin.py:190} INFO - [2026-04-26T12:25:52.640+0000] {dag.py:4180} INFO - Setting next_dagrun for data_pipeline to 2026-04-25 15:30:00+00:00, run_after=2026-04-26 15:30:00+00:00
[2026-04-26T12:25:52.778+0000] {processor.py:208} INFO - Processing /opt/airflow/dags/dag2.py took 0.204 seconds
[2026-04-26T12:26:22.939+0000] {processor.py:186} INFO - Started process (PID=5246) to work on /opt/airflow/dags/dag2.py
[2026-04-26T12:26:22.942+0000] {processor.py:914} INFO - Processing file /opt/airflow/dags/dag2.py for tasks to queue
[2026-04-26T12:26:22.944+0000] {logging_mixin.py:190} INFO - [2026-04-26T12:26:22.944+0000] {dagbag.py:588} INFO - Filling up the DagBag from /opt/airflow/dags/dag2.py
[2026-04-26T12:26:22.954+0000] {processor.py:925} INFO - DAG(s) 'data_pipeline' retrieved from /opt/airflow/dags/dag2.py
[2026-04-26T12:26:22.977+0000] {logging_mixin.py:190} INFO - [2026-04-26T12:26:22.977+0000] {dag.py:3239} INFO - Sync 1 DAGs
[2026-04-26T12:26:23.124+0000] {logging_mixin.py:190} INFO - [2026-04-26T12:26:23.124+0000] {dag.py:4180} INFO - Setting next_dagrun for data_pipeline to 2026-04-25 15:30:00+00:00, run_after=2026-04-26 15:30:00+00:00
[2026-04-26T12:26:23.142+0000] {processor.py:208} INFO - Processing /opt/airflow/dags/dag2.py took 0.209 seconds
[2026-04-26T12:26:53.350+0000] {processor.py:186} INFO - Started process (PID=5263) to work on /opt/airflow/dags/dag2.py
[2026-04-26T12:26:53.350+0000] {processor.py:914} INFO - Processing file /opt/airflow/dags/dag2.py for tasks to queue
[2026-04-26T12:26:53.353+0000] {logging_mixin.py:190} INFO - [2026-04-26T12:26:53.353+0000] {dagbag.py:588} INFO - Filling up the DagBag from /opt/airflow/dags/dag2.py
[2026-04-26T12:26:53.365+0000] {processor.py:925} INFO - DAG(s) 'data_pipeline' retrieved from /opt/airflow/dags/dag2.py
[2026-04-26T12:26:53.510+0000] {logging_mixin.py:190} INFO - [2026-04-26T12:26:53.509+0000] {dag.py:3239} INFO - Sync 1 DAGs
[2026-04-26T12:26:53.532+0000] {logging_mixin.py:190} INFO - [2026-04-26T12:26:53.532+0000] {dag.py:4180} INFO - Setting next_dagrun for data_pipeline to 2026-04-25 15:30:00+00:00, run_after=2026-04-26 15:30:00+00:00
[2026-04-26T12:26:53.547+0000] {processor.py:208} INFO - Processing /opt/airflow/dags/dag2.py took 0.209 seconds
[2026-04-26T12:27:23.701+0000] {processor.py:186} INFO - Started process (PID=5279) to work on /opt/airflow/dags/dag2.py
[2026-04-26T12:27:23.702+0000] {processor.py:914} INFO - Processing file /opt/airflow/dags/dag2.py for tasks to queue
[2026-04-26T12:27:23.703+0000] {logging_mixin.py:190} INFO - [2026-04-26T12:27:23.703+0000] {dagbag.py:588} INFO - Filling up the DagBag from /opt/airflow/dags/dag2.py
[2026-04-26T12:27:23.714+0000] {processor.py:925} INFO - DAG(s) 'data_pipeline' retrieved from /opt/airflow/dags/dag2.py
[2026-04-26T12:27:23.735+0000] {logging_mixin.py:190} INFO - [2026-04-26T12:27:23.735+0000] {dag.py:3239} INFO - Sync 1 DAGs
[2026-04-26T12:27:23.757+0000] {logging_mixin.py:190} INFO - [2026-04-26T12:27:23.757+0000] {dag.py:4180} INFO - Setting next_dagrun for data_pipeline to 2026-04-25 15:30:00+00:00, run_after=2026-04-26 15:30:00+00:00
[2026-04-26T12:27:23.775+0000] {processor.py:208} INFO - Processing /opt/airflow/dags/dag2.py took 0.081 seconds
[2026-04-26T12:27:53.995+0000] {processor.py:186} INFO - Started process (PID=5295) to work on /opt/airflow/dags/dag2.py
[2026-04-26T12:27:53.996+0000] {processor.py:914} INFO - Processing file /opt/airflow/dags/dag2.py for tasks to queue
[2026-04-26T12:27:53.999+0000] {logging_mixin.py:190} INFO - [2026-04-26T12:27:53.998+0000] {dagbag.py:588} INFO - Filling up the DagBag from /opt/airflow/dags/dag2.py
[2026-04-26T12:27:54.012+0000] {processor.py:925} INFO - DAG(s) 'data_pipeline' retrieved from /opt/airflow/dags/dag2.py
[2026-04-26T12:27:54.034+0000] {logging_mixin.py:190} INFO - [2026-04-26T12:27:54.034+0000] {dag.py:3239} INFO - Sync 1 DAGs
[2026-04-26T12:27:54.060+0000] {logging_mixin.py:190} INFO - [2026-04-26T12:27:54.060+0000] {dag.py:4180} INFO - Setting next_dagrun for data_pipeline to 2026-04-25 15:30:00+00:00, run_after=2026-04-26 15:30:00+00:00
[2026-04-26T12:27:54.077+0000] {processor.py:208} INFO - Processing /opt/airflow/dags/dag2.py took 0.092 seconds
[2026-04-26T12:28:24.400+0000] {processor.py:186} INFO - Started process (PID=5311) to work on /opt/airflow/dags/dag2.py
[2026-04-26T12:28:24.401+0000] {processor.py:914} INFO - Processing file /opt/airflow/dags/dag2.py for tasks to queue
[2026-04-26T12:28:24.404+0000] {logging_mixin.py:190} INFO - [2026-04-26T12:28:24.403+0000] {dagbag.py:588} INFO - Filling up the DagBag from /opt/airflow/dags/dag2.py
[2026-04-26T12:28:24.419+0000] {processor.py:925} INFO - DAG(s) 'data_pipeline' retrieved from /opt/airflow/dags/dag2.py
[2026-04-26T12:28:24.444+0000] {logging_mixin.py:190} INFO - [2026-04-26T12:28:24.444+0000] {dag.py:3239} INFO - Sync 1 DAGs
[2026-04-26T12:28:24.467+0000] {logging_mixin.py:190} INFO - [2026-04-26T12:28:24.466+0000] {dag.py:4180} INFO - Setting next_dagrun for data_pipeline to 2026-04-25 15:30:00+00:00, run_after=2026-04-26 15:30:00+00:00
[2026-04-26T12:28:24.487+0000] {processor.py:208} INFO - Processing /opt/airflow/dags/dag2.py took 0.095 seconds
[2026-04-26T12:28:54.690+0000] {processor.py:186} INFO - Started process (PID=5327) to work on /opt/airflow/dags/dag2.py
[2026-04-26T12:28:54.691+0000] {processor.py:914} INFO - Processing file /opt/airflow/dags/dag2.py for tasks to queue
[2026-04-26T12:28:54.693+0000] {logging_mixin.py:190} INFO - [2026-04-26T12:28:54.692+0000] {dagbag.py:588} INFO - Filling up the DagBag from /opt/airflow/dags/dag2.py
[2026-04-26T12:28:54.704+0000] {processor.py:925} INFO - DAG(s) 'data_pipeline' retrieved from /opt/airflow/dags/dag2.py
[2026-04-26T12:28:54.729+0000] {logging_mixin.py:190} INFO - [2026-04-26T12:28:54.728+0000] {dag.py:3239} INFO - Sync 1 DAGs
[2026-04-26T12:28:54.873+0000] {logging_mixin.py:190} INFO - [2026-04-26T12:28:54.873+0000] {dag.py:4180} INFO - Setting next_dagrun for data_pipeline to 2026-04-25 15:30:00+00:00, run_after=2026-04-26 15:30:00+00:00
[2026-04-26T12:28:54.891+0000] {processor.py:208} INFO - Processing /opt/airflow/dags/dag2.py took 0.208 seconds
[2026-04-26T12:29:25.045+0000] {processor.py:186} INFO - Started process (PID=5346) to work on /opt/airflow/dags/dag2.py
[2026-04-26T12:29:25.046+0000] {processor.py:914} INFO - Processing file /opt/airflow/dags/dag2.py for tasks to queue
[2026-04-26T12:29:25.049+0000] {logging_mixin.py:190} INFO - [2026-04-26T12:29:25.048+0000] {dagbag.py:588} INFO - Filling up the DagBag from /opt/airflow/dags/dag2.py
[2026-04-26T12:29:25.063+0000] {processor.py:925} INFO - DAG(s) 'data_pipeline' retrieved from /opt/airflow/dags/dag2.py
[2026-04-26T12:29:25.087+0000] {logging_mixin.py:190} INFO - [2026-04-26T12:29:25.086+0000] {dag.py:3239} INFO - Sync 1 DAGs
[2026-04-26T12:29:25.234+0000] {logging_mixin.py:190} INFO - [2026-04-26T12:29:25.234+0000] {dag.py:4180} INFO - Setting next_dagrun for data_pipeline to 2026-04-25 15:30:00+00:00, run_after=2026-04-26 15:30:00+00:00
[2026-04-26T12:29:25.252+0000] {processor.py:208} INFO - Processing /opt/airflow/dags/dag2.py took 0.217 seconds
[2026-04-26T12:29:55.549+0000] {processor.py:186} INFO - Started process (PID=5365) to work on /opt/airflow/dags/dag2.py
[2026-04-26T12:29:55.550+0000] {processor.py:914} INFO - Processing file /opt/airflow/dags/dag2.py for tasks to queue
[2026-04-26T12:29:55.552+0000] {logging_mixin.py:190} INFO - [2026-04-26T12:29:55.552+0000] {dagbag.py:588} INFO - Filling up the DagBag from /opt/airflow/dags/dag2.py
[2026-04-26T12:29:55.562+0000] {processor.py:925} INFO - DAG(s) 'data_pipeline' retrieved from /opt/airflow/dags/dag2.py
[2026-04-26T12:29:55.706+0000] {logging_mixin.py:190} INFO - [2026-04-26T12:29:55.706+0000] {dag.py:3239} INFO - Sync 1 DAGs
[2026-04-26T12:29:55.727+0000] {logging_mixin.py:190} INFO - [2026-04-26T12:29:55.727+0000] {dag.py:4180} INFO - Setting next_dagrun for data_pipeline to 2026-04-25 15:30:00+00:00, run_after=2026-04-26 15:30:00+00:00
[2026-04-26T12:29:55.742+0000] {processor.py:208} INFO - Processing /opt/airflow/dags/dag2.py took 0.201 seconds
[2026-04-26T12:30:25.844+0000] {processor.py:186} INFO - Started process (PID=5381) to work on /opt/airflow/dags/dag2.py
[2026-04-26T12:30:25.844+0000] {processor.py:914} INFO - Processing file /opt/airflow/dags/dag2.py for tasks to queue
[2026-04-26T12:30:25.976+0000] {logging_mixin.py:190} INFO - [2026-04-26T12:30:25.975+0000] {dagbag.py:588} INFO - Filling up the DagBag from /opt/airflow/dags/dag2.py
[2026-04-26T12:30:25.984+0000] {processor.py:925} INFO - DAG(s) 'data_pipeline' retrieved from /opt/airflow/dags/dag2.py
[2026-04-26T12:30:26.003+0000] {logging_mixin.py:190} INFO - [2026-04-26T12:30:26.002+0000] {dag.py:3239} INFO - Sync 1 DAGs
[2026-04-26T12:30:26.023+0000] {logging_mixin.py:190} INFO - [2026-04-26T12:30:26.023+0000] {dag.py:4180} INFO - Setting next_dagrun for data_pipeline to 2026-04-25 15:30:00+00:00, run_after=2026-04-26 15:30:00+00:00
[2026-04-26T12:30:26.039+0000] {processor.py:208} INFO - Processing /opt/airflow/dags/dag2.py took 0.203 seconds
[2026-04-26T12:30:56.482+0000] {processor.py:186} INFO - Started process (PID=5397) to work on /opt/airflow/dags/dag2.py
[2026-04-26T12:30:56.483+0000] {processor.py:914} INFO - Processing file /opt/airflow/dags/dag2.py for tasks to queue
[2026-04-26T12:30:56.486+0000] {logging_mixin.py:190} INFO - [2026-04-26T12:30:56.486+0000] {dagbag.py:588} INFO - Filling up the DagBag from /opt/airflow/dags/dag2.py
[2026-04-26T12:30:56.499+0000] {processor.py:925} INFO - DAG(s) 'data_pipeline' retrieved from /opt/airflow/dags/dag2.py
[2026-04-26T12:30:56.523+0000] {logging_mixin.py:190} INFO - [2026-04-26T12:30:56.522+0000] {dag.py:3239} INFO - Sync 1 DAGs
[2026-04-26T12:30:56.547+0000] {logging_mixin.py:190} INFO - [2026-04-26T12:30:56.547+0000] {dag.py:4180} INFO - Setting next_dagrun for data_pipeline to 2026-04-25 15:30:00+00:00, run_after=2026-04-26 15:30:00+00:00
[2026-04-26T12:30:56.565+0000] {processor.py:208} INFO - Processing /opt/airflow/dags/dag2.py took 0.093 seconds
[2026-04-26T12:31:26.894+0000] {processor.py:186} INFO - Started process (PID=5413) to work on /opt/airflow/dags/dag2.py
[2026-04-26T12:31:26.894+0000] {processor.py:914} INFO - Processing file /opt/airflow/dags/dag2.py for tasks to queue
[2026-04-26T12:31:26.896+0000] {logging_mixin.py:190} INFO - [2026-04-26T12:31:26.896+0000] {dagbag.py:588} INFO - Filling up the DagBag from /opt/airflow/dags/dag2.py
[2026-04-26T12:31:26.907+0000] {processor.py:925} INFO - DAG(s) 'data_pipeline' retrieved from /opt/airflow/dags/dag2.py
[2026-04-26T12:31:26.929+0000] {logging_mixin.py:190} INFO - [2026-04-26T12:31:26.928+0000] {dag.py:3239} INFO - Sync 1 DAGs
[2026-04-26T12:31:26.952+0000] {logging_mixin.py:190} INFO - [2026-04-26T12:31:26.951+0000] {dag.py:4180} INFO - Setting next_dagrun for data_pipeline to 2026-04-25 15:30:00+00:00, run_after=2026-04-26 15:30:00+00:00
[2026-04-26T12:31:26.969+0000] {processor.py:208} INFO - Processing /opt/airflow/dags/dag2.py took 0.082 seconds
[2026-04-26T12:31:57.287+0000] {processor.py:186} INFO - Started process (PID=5430) to work on /opt/airflow/dags/dag2.py
[2026-04-26T12:31:57.287+0000] {processor.py:914} INFO - Processing file /opt/airflow/dags/dag2.py for tasks to queue
[2026-04-26T12:31:57.290+0000] {logging_mixin.py:190} INFO - [2026-04-26T12:31:57.289+0000] {dagbag.py:588} INFO - Filling up the DagBag from /opt/airflow/dags/dag2.py
[2026-04-26T12:31:57.304+0000] {processor.py:925} INFO - DAG(s) 'data_pipeline' retrieved from /opt/airflow/dags/dag2.py
[2026-04-26T12:31:57.326+0000] {logging_mixin.py:190} INFO - [2026-04-26T12:31:57.326+0000] {dag.py:3239} INFO - Sync 1 DAGs
[2026-04-26T12:31:57.350+0000] {logging_mixin.py:190} INFO - [2026-04-26T12:31:57.349+0000] {dag.py:4180} INFO - Setting next_dagrun for data_pipeline to 2026-04-25 15:30:00+00:00, run_after=2026-04-26 15:30:00+00:00
[2026-04-26T12:31:57.366+0000] {processor.py:208} INFO - Processing /opt/airflow/dags/dag2.py took 0.089 seconds
[2026-04-26T12:32:27.589+0000] {processor.py:186} INFO - Started process (PID=5446) to work on /opt/airflow/dags/dag2.py
[2026-04-26T12:32:27.590+0000] {processor.py:914} INFO - Processing file /opt/airflow/dags/dag2.py for tasks to queue
[2026-04-26T12:32:27.593+0000] {logging_mixin.py:190} INFO - [2026-04-26T12:32:27.593+0000] {dagbag.py:588} INFO - Filling up the DagBag from /opt/airflow/dags/dag2.py
[2026-04-26T12:32:27.607+0000] {processor.py:925} INFO - DAG(s) 'data_pipeline' retrieved from /opt/airflow/dags/dag2.py
[2026-04-26T12:32:27.630+0000] {logging_mixin.py:190} INFO - [2026-04-26T12:32:27.630+0000] {dag.py:3239} INFO - Sync 1 DAGs
[2026-04-26T12:32:27.654+0000] {logging_mixin.py:190} INFO - [2026-04-26T12:32:27.654+0000] {dag.py:4180} INFO - Setting next_dagrun for data_pipeline to 2026-04-25 15:30:00+00:00, run_after=2026-04-26 15:30:00+00:00
[2026-04-26T12:32:27.672+0000] {processor.py:208} INFO - Processing /opt/airflow/dags/dag2.py took 0.093 seconds
[2026-04-26T12:32:57.955+0000] {processor.py:186} INFO - Started process (PID=5462) to work on /opt/airflow/dags/dag2.py
[2026-04-26T12:32:57.956+0000] {processor.py:914} INFO - Processing file /opt/airflow/dags/dag2.py for tasks to queue
[2026-04-26T12:32:57.958+0000] {logging_mixin.py:190} INFO - [2026-04-26T12:32:57.958+0000] {dagbag.py:588} INFO - Filling up the DagBag from /opt/airflow/dags/dag2.py
[2026-04-26T12:32:57.968+0000] {processor.py:925} INFO - DAG(s) 'data_pipeline' retrieved from /opt/airflow/dags/dag2.py
[2026-04-26T12:32:57.997+0000] {logging_mixin.py:190} INFO - [2026-04-26T12:32:57.996+0000] {dag.py:3239} INFO - Sync 1 DAGs
[2026-04-26T12:32:58.024+0000] {logging_mixin.py:190} INFO - [2026-04-26T12:32:58.023+0000] {dag.py:4180} INFO - Setting next_dagrun for data_pipeline to 2026-04-25 15:30:00+00:00, run_after=2026-04-26 15:30:00+00:00
[2026-04-26T12:32:58.040+0000] {processor.py:208} INFO - Processing /opt/airflow/dags/dag2.py took 0.090 seconds
[2026-04-26T12:33:28.254+0000] {processor.py:186} INFO - Started process (PID=5478) to work on /opt/airflow/dags/dag2.py
[2026-04-26T12:33:28.255+0000] {processor.py:914} INFO - Processing file /opt/airflow/dags/dag2.py for tasks to queue
[2026-04-26T12:33:28.257+0000] {logging_mixin.py:190} INFO - [2026-04-26T12:33:28.257+0000] {dagbag.py:588} INFO - Filling up the DagBag from /opt/airflow/dags/dag2.py
[2026-04-26T12:33:28.267+0000] {processor.py:925} INFO - DAG(s) 'data_pipeline' retrieved from /opt/airflow/dags/dag2.py
[2026-04-26T12:33:28.289+0000] {logging_mixin.py:190} INFO - [2026-04-26T12:33:28.289+0000] {dag.py:3239} INFO - Sync 1 DAGs
[2026-04-26T12:33:28.311+0000] {logging_mixin.py:190} INFO - [2026-04-26T12:33:28.311+0000] {dag.py:4180} INFO - Setting next_dagrun for data_pipeline to 2026-04-25 15:30:00+00:00, run_after=2026-04-26 15:30:00+00:00
[2026-04-26T12:33:28.328+0000] {processor.py:208} INFO - Processing /opt/airflow/dags/dag2.py took 0.080 seconds
[2026-04-26T12:33:58.588+0000] {processor.py:186} INFO - Started process (PID=5494) to work on /opt/airflow/dags/dag2.py
[2026-04-26T12:33:58.591+0000] {processor.py:914} INFO - Processing file /opt/airflow/dags/dag2.py for tasks to queue
[2026-04-26T12:33:58.593+0000] {logging_mixin.py:190} INFO - [2026-04-26T12:33:58.593+0000] {dagbag.py:588} INFO - Filling up the DagBag from /opt/airflow/dags/dag2.py
[2026-04-26T12:33:58.603+0000] {processor.py:925} INFO - DAG(s) 'data_pipeline' retrieved from /opt/airflow/dags/dag2.py
[2026-04-26T12:33:58.625+0000] {logging_mixin.py:190} INFO - [2026-04-26T12:33:58.625+0000] {dag.py:3239} INFO - Sync 1 DAGs
[2026-04-26T12:33:58.647+0000] {logging_mixin.py:190} INFO - [2026-04-26T12:33:58.647+0000] {dag.py:4180} INFO - Setting next_dagrun for data_pipeline to 2026-04-25 15:30:00+00:00, run_after=2026-04-26 15:30:00+00:00
[2026-04-26T12:33:58.665+0000] {processor.py:208} INFO - Processing /opt/airflow/dags/dag2.py took 0.084 seconds
[2026-04-26T12:34:28.906+0000] {processor.py:186} INFO - Started process (PID=5510) to work on /opt/airflow/dags/dag2.py
[2026-04-26T12:34:28.907+0000] {processor.py:914} INFO - Processing file /opt/airflow/dags/dag2.py for tasks to queue
[2026-04-26T12:34:28.910+0000] {logging_mixin.py:190} INFO - [2026-04-26T12:34:28.909+0000] {dagbag.py:588} INFO - Filling up the DagBag from /opt/airflow/dags/dag2.py
[2026-04-26T12:34:28.922+0000] {processor.py:925} INFO - DAG(s) 'data_pipeline' retrieved from /opt/airflow/dags/dag2.py
[2026-04-26T12:34:28.944+0000] {logging_mixin.py:190} INFO - [2026-04-26T12:34:28.944+0000] {dag.py:3239} INFO - Sync 1 DAGs
[2026-04-26T12:34:28.968+0000] {logging_mixin.py:190} INFO - [2026-04-26T12:34:28.968+0000] {dag.py:4180} INFO - Setting next_dagrun for data_pipeline to 2026-04-25 15:30:00+00:00, run_after=2026-04-26 15:30:00+00:00
[2026-04-26T12:34:28.984+0000] {processor.py:208} INFO - Processing /opt/airflow/dags/dag2.py took 0.087 seconds
[2026-04-26T12:34:59.303+0000] {processor.py:186} INFO - Started process (PID=5526) to work on /opt/airflow/dags/dag2.py
[2026-04-26T12:34:59.304+0000] {processor.py:914} INFO - Processing file /opt/airflow/dags/dag2.py for tasks to queue
[2026-04-26T12:34:59.306+0000] {logging_mixin.py:190} INFO - [2026-04-26T12:34:59.306+0000] {dagbag.py:588} INFO - Filling up the DagBag from /opt/airflow/dags/dag2.py
[2026-04-26T12:34:59.320+0000] {processor.py:925} INFO - DAG(s) 'data_pipeline' retrieved from /opt/airflow/dags/dag2.py
[2026-04-26T12:34:59.342+0000] {logging_mixin.py:190} INFO - [2026-04-26T12:34:59.342+0000] {dag.py:3239} INFO - Sync 1 DAGs
[2026-04-26T12:34:59.367+0000] {logging_mixin.py:190} INFO - [2026-04-26T12:34:59.366+0000] {dag.py:4180} INFO - Setting next_dagrun for data_pipeline to 2026-04-25 15:30:00+00:00, run_after=2026-04-26 15:30:00+00:00
[2026-04-26T12:34:59.385+0000] {processor.py:208} INFO - Processing /opt/airflow/dags/dag2.py took 0.090 seconds
[2026-04-26T12:35:29.703+0000] {processor.py:186} INFO - Started process (PID=5542) to work on /opt/airflow/dags/dag2.py
[2026-04-26T12:35:29.704+0000] {processor.py:914} INFO - Processing file /opt/airflow/dags/dag2.py for tasks to queue
[2026-04-26T12:35:29.705+0000] {logging_mixin.py:190} INFO - [2026-04-26T12:35:29.705+0000] {dagbag.py:588} INFO - Filling up the DagBag from /opt/airflow/dags/dag2.py
[2026-04-26T12:35:29.716+0000] {processor.py:925} INFO - DAG(s) 'data_pipeline' retrieved from /opt/airflow/dags/dag2.py
[2026-04-26T12:35:29.737+0000] {logging_mixin.py:190} INFO - [2026-04-26T12:35:29.737+0000] {dag.py:3239} INFO - Sync 1 DAGs
[2026-04-26T12:35:29.760+0000] {logging_mixin.py:190} INFO - [2026-04-26T12:35:29.759+0000] {dag.py:4180} INFO - Setting next_dagrun for data_pipeline to 2026-04-25 15:30:00+00:00, run_after=2026-04-26 15:30:00+00:00
[2026-04-26T12:35:29.779+0000] {processor.py:208} INFO - Processing /opt/airflow/dags/dag2.py took 0.084 seconds
[2026-04-26T12:36:00.091+0000] {processor.py:186} INFO - Started process (PID=5558) to work on /opt/airflow/dags/dag2.py
[2026-04-26T12:36:00.092+0000] {processor.py:914} INFO - Processing file /opt/airflow/dags/dag2.py for tasks to queue
[2026-04-26T12:36:00.095+0000] {logging_mixin.py:190} INFO - [2026-04-26T12:36:00.094+0000] {dagbag.py:588} INFO - Filling up the DagBag from /opt/airflow/dags/dag2.py
[2026-04-26T12:36:00.109+0000] {processor.py:925} INFO - DAG(s) 'data_pipeline' retrieved from /opt/airflow/dags/dag2.py
[2026-04-26T12:36:00.131+0000] {logging_mixin.py:190} INFO - [2026-04-26T12:36:00.130+0000] {dag.py:3239} INFO - Sync 1 DAGs
[2026-04-26T12:36:00.153+0000] {logging_mixin.py:190} INFO - [2026-04-26T12:36:00.153+0000] {dag.py:4180} INFO - Setting next_dagrun for data_pipeline to 2026-04-25 15:30:00+00:00, run_after=2026-04-26 15:30:00+00:00
[2026-04-26T12:36:00.171+0000] {processor.py:208} INFO - Processing /opt/airflow/dags/dag2.py took 0.091 seconds
[2026-04-26T12:36:30.514+0000] {processor.py:186} INFO - Started process (PID=5574) to work on /opt/airflow/dags/dag2.py
[2026-04-26T12:36:30.514+0000] {processor.py:914} INFO - Processing file /opt/airflow/dags/dag2.py for tasks to queue
[2026-04-26T12:36:30.517+0000] {logging_mixin.py:190} INFO - [2026-04-26T12:36:30.516+0000] {dagbag.py:588} INFO - Filling up the DagBag from /opt/airflow/dags/dag2.py
[2026-04-26T12:36:30.529+0000] {processor.py:925} INFO - DAG(s) 'data_pipeline' retrieved from /opt/airflow/dags/dag2.py
[2026-04-26T12:36:30.551+0000] {logging_mixin.py:190} INFO - [2026-04-26T12:36:30.551+0000] {dag.py:3239} INFO - Sync 1 DAGs
[2026-04-26T12:36:30.574+0000] {logging_mixin.py:190} INFO - [2026-04-26T12:36:30.573+0000] {dag.py:4180} INFO - Setting next_dagrun for data_pipeline to 2026-04-25 15:30:00+00:00, run_after=2026-04-26 15:30:00+00:00
[2026-04-26T12:36:30.590+0000] {processor.py:208} INFO - Processing /opt/airflow/dags/dag2.py took 0.085 seconds
[2026-04-26T12:37:00.913+0000] {processor.py:186} INFO - Started process (PID=5590) to work on /opt/airflow/dags/dag2.py
[2026-04-26T12:37:00.914+0000] {processor.py:914} INFO - Processing file /opt/airflow/dags/dag2.py for tasks to queue
[2026-04-26T12:37:00.916+0000] {logging_mixin.py:190} INFO - [2026-04-26T12:37:00.916+0000] {dagbag.py:588} INFO - Filling up the DagBag from /opt/airflow/dags/dag2.py
[2026-04-26T12:37:00.929+0000] {processor.py:925} INFO - DAG(s) 'data_pipeline' retrieved from /opt/airflow/dags/dag2.py
[2026-04-26T12:37:00.950+0000] {logging_mixin.py:190} INFO - [2026-04-26T12:37:00.950+0000] {dag.py:3239} INFO - Sync 1 DAGs
[2026-04-26T12:37:00.975+0000] {logging_mixin.py:190} INFO - [2026-04-26T12:37:00.975+0000] {dag.py:4180} INFO - Setting next_dagrun for data_pipeline to 2026-04-25 15:30:00+00:00, run_after=2026-04-26 15:30:00+00:00
[2026-04-26T12:37:00.992+0000] {processor.py:208} INFO - Processing /opt/airflow/dags/dag2.py took 0.090 seconds
[2026-04-26T12:37:31.170+0000] {processor.py:186} INFO - Started process (PID=5606) to work on /opt/airflow/dags/dag2.py
[2026-04-26T12:37:31.171+0000] {processor.py:914} INFO - Processing file /opt/airflow/dags/dag2.py for tasks to queue
[2026-04-26T12:37:31.173+0000] {logging_mixin.py:190} INFO - [2026-04-26T12:37:31.173+0000] {dagbag.py:588} INFO - Filling up the DagBag from /opt/airflow/dags/dag2.py
[2026-04-26T12:37:31.183+0000] {processor.py:925} INFO - DAG(s) 'data_pipeline' retrieved from /opt/airflow/dags/dag2.py
[2026-04-26T12:37:31.205+0000] {logging_mixin.py:190} INFO - [2026-04-26T12:37:31.205+0000] {dag.py:3239} INFO - Sync 1 DAGs
[2026-04-26T12:37:31.228+0000] {logging_mixin.py:190} INFO - [2026-04-26T12:37:31.228+0000] {dag.py:4180} INFO - Setting next_dagrun for data_pipeline to 2026-04-25 15:30:00+00:00, run_after=2026-04-26 15:30:00+00:00
[2026-04-26T12:37:31.245+0000] {processor.py:208} INFO - Processing /opt/airflow/dags/dag2.py took 0.082 seconds
[2026-04-26T12:38:01.535+0000] {processor.py:186} INFO - Started process (PID=5622) to work on /opt/airflow/dags/dag2.py
[2026-04-26T12:38:01.535+0000] {processor.py:914} INFO - Processing file /opt/airflow/dags/dag2.py for tasks to queue
[2026-04-26T12:38:01.537+0000] {logging_mixin.py:190} INFO - [2026-04-26T12:38:01.537+0000] {dagbag.py:588} INFO - Filling up the DagBag from /opt/airflow/dags/dag2.py
[2026-04-26T12:38:01.548+0000] {processor.py:925} INFO - DAG(s) 'data_pipeline' retrieved from /opt/airflow/dags/dag2.py
[2026-04-26T12:38:01.571+0000] {logging_mixin.py:190} INFO - [2026-04-26T12:38:01.571+0000] {dag.py:3239} INFO - Sync 1 DAGs
[2026-04-26T12:38:01.593+0000] {logging_mixin.py:190} INFO - [2026-04-26T12:38:01.593+0000] {dag.py:4180} INFO - Setting next_dagrun for data_pipeline to 2026-04-25 15:30:00+00:00, run_after=2026-04-26 15:30:00+00:00
[2026-04-26T12:38:01.610+0000] {processor.py:208} INFO - Processing /opt/airflow/dags/dag2.py took 0.082 seconds
[2026-04-26T12:38:31.897+0000] {processor.py:186} INFO - Started process (PID=5638) to work on /opt/airflow/dags/dag2.py
[2026-04-26T12:38:31.898+0000] {processor.py:914} INFO - Processing file /opt/airflow/dags/dag2.py for tasks to queue
[2026-04-26T12:38:31.901+0000] {logging_mixin.py:190} INFO - [2026-04-26T12:38:31.900+0000] {dagbag.py:588} INFO - Filling up the DagBag from /opt/airflow/dags/dag2.py
[2026-04-26T12:38:31.912+0000] {processor.py:925} INFO - DAG(s) 'data_pipeline' retrieved from /opt/airflow/dags/dag2.py
[2026-04-26T12:38:31.934+0000] {logging_mixin.py:190} INFO - [2026-04-26T12:38:31.934+0000] {dag.py:3239} INFO - Sync 1 DAGs
[2026-04-26T12:38:31.957+0000] {logging_mixin.py:190} INFO - [2026-04-26T12:38:31.956+0000] {dag.py:4180} INFO - Setting next_dagrun for data_pipeline to 2026-04-25 15:30:00+00:00, run_after=2026-04-26 15:30:00+00:00
[2026-04-26T12:38:31.974+0000] {processor.py:208} INFO - Processing /opt/airflow/dags/dag2.py took 0.084 seconds
[2026-04-26T12:39:02.177+0000] {processor.py:186} INFO - Started process (PID=5654) to work on /opt/airflow/dags/dag2.py
[2026-04-26T12:39:02.178+0000] {processor.py:914} INFO - Processing file /opt/airflow/dags/dag2.py for tasks to queue
[2026-04-26T12:39:02.180+0000] {logging_mixin.py:190} INFO - [2026-04-26T12:39:02.179+0000] {dagbag.py:588} INFO - Filling up the DagBag from /opt/airflow/dags/dag2.py
[2026-04-26T12:39:02.190+0000] {processor.py:925} INFO - DAG(s) 'data_pipeline' retrieved from /opt/airflow/dags/dag2.py
[2026-04-26T12:39:02.214+0000] {logging_mixin.py:190} INFO - [2026-04-26T12:39:02.213+0000] {dag.py:3239} INFO - Sync 1 DAGs
[2026-04-26T12:39:02.236+0000] {logging_mixin.py:190} INFO - [2026-04-26T12:39:02.236+0000] {dag.py:4180} INFO - Setting next_dagrun for data_pipeline to 2026-04-25 15:30:00+00:00, run_after=2026-04-26 15:30:00+00:00
[2026-04-26T12:39:02.252+0000] {processor.py:208} INFO - Processing /opt/airflow/dags/dag2.py took 0.082 seconds
[2026-04-26T12:39:32.579+0000] {processor.py:186} INFO - Started process (PID=5670) to work on /opt/airflow/dags/dag2.py
[2026-04-26T12:39:32.580+0000] {processor.py:914} INFO - Processing file /opt/airflow/dags/dag2.py for tasks to queue
[2026-04-26T12:39:32.583+0000] {logging_mixin.py:190} INFO - [2026-04-26T12:39:32.582+0000] {dagbag.py:588} INFO - Filling up the DagBag from /opt/airflow/dags/dag2.py
[2026-04-26T12:39:32.593+0000] {processor.py:925} INFO - DAG(s) 'data_pipeline' retrieved from /opt/airflow/dags/dag2.py
[2026-04-26T12:39:32.619+0000] {logging_mixin.py:190} INFO - [2026-04-26T12:39:32.619+0000] {dag.py:3239} INFO - Sync 1 DAGs
[2026-04-26T12:39:32.646+0000] {logging_mixin.py:190} INFO - [2026-04-26T12:39:32.645+0000] {dag.py:4180} INFO - Setting next_dagrun for data_pipeline to 2026-04-25 15:30:00+00:00, run_after=2026-04-26 15:30:00+00:00
[2026-04-26T12:39:32.664+0000] {processor.py:208} INFO - Processing /opt/airflow/dags/dag2.py took 0.094 seconds
[2026-04-26T12:40:02.861+0000] {processor.py:186} INFO - Started process (PID=5686) to work on /opt/airflow/dags/dag2.py
[2026-04-26T12:40:02.861+0000] {processor.py:914} INFO - Processing file /opt/airflow/dags/dag2.py for tasks to queue
[2026-04-26T12:40:02.863+0000] {logging_mixin.py:190} INFO - [2026-04-26T12:40:02.863+0000] {dagbag.py:588} INFO - Filling up the DagBag from /opt/airflow/dags/dag2.py
[2026-04-26T12:40:02.873+0000] {processor.py:925} INFO - DAG(s) 'data_pipeline' retrieved from /opt/airflow/dags/dag2.py
[2026-04-26T12:40:02.895+0000] {logging_mixin.py:190} INFO - [2026-04-26T12:40:02.895+0000] {dag.py:3239} INFO - Sync 1 DAGs
[2026-04-26T12:40:02.918+0000] {logging_mixin.py:190} INFO - [2026-04-26T12:40:02.918+0000] {dag.py:4180} INFO - Setting next_dagrun for data_pipeline to 2026-04-25 15:30:00+00:00, run_after=2026-04-26 15:30:00+00:00
[2026-04-26T12:40:02.935+0000] {processor.py:208} INFO - Processing /opt/airflow/dags/dag2.py took 0.080 seconds
[2026-04-26T12:40:33.234+0000] {processor.py:186} INFO - Started process (PID=5702) to work on /opt/airflow/dags/dag2.py
[2026-04-26T12:40:33.234+0000] {processor.py:914} INFO - Processing file /opt/airflow/dags/dag2.py for tasks to queue
[2026-04-26T12:40:33.237+0000] {logging_mixin.py:190} INFO - [2026-04-26T12:40:33.236+0000] {dagbag.py:588} INFO - Filling up the DagBag from /opt/airflow/dags/dag2.py
[2026-04-26T12:40:33.247+0000] {processor.py:925} INFO - DAG(s) 'data_pipeline' retrieved from /opt/airflow/dags/dag2.py
[2026-04-26T12:40:33.270+0000] {logging_mixin.py:190} INFO - [2026-04-26T12:40:33.269+0000] {dag.py:3239} INFO - Sync 1 DAGs
[2026-04-26T12:40:33.294+0000] {logging_mixin.py:190} INFO - [2026-04-26T12:40:33.294+0000] {dag.py:4180} INFO - Setting next_dagrun for data_pipeline to 2026-04-25 15:30:00+00:00, run_after=2026-04-26 15:30:00+00:00
[2026-04-26T12:40:33.311+0000] {processor.py:208} INFO - Processing /opt/airflow/dags/dag2.py took 0.084 seconds
[2026-04-26T12:41:03.547+0000] {processor.py:186} INFO - Started process (PID=5718) to work on /opt/airflow/dags/dag2.py
[2026-04-26T12:41:03.548+0000] {processor.py:914} INFO - Processing file /opt/airflow/dags/dag2.py for tasks to queue
[2026-04-26T12:41:03.550+0000] {logging_mixin.py:190} INFO - [2026-04-26T12:41:03.550+0000] {dagbag.py:588} INFO - Filling up the DagBag from /opt/airflow/dags/dag2.py
[2026-04-26T12:41:03.568+0000] {processor.py:925} INFO - DAG(s) 'data_pipeline' retrieved from /opt/airflow/dags/dag2.py
[2026-04-26T12:41:03.596+0000] {logging_mixin.py:190} INFO - [2026-04-26T12:41:03.596+0000] {dag.py:3239} INFO - Sync 1 DAGs
[2026-04-26T12:41:03.619+0000] {logging_mixin.py:190} INFO - [2026-04-26T12:41:03.619+0000] {dag.py:4180} INFO - Setting next_dagrun for data_pipeline to 2026-04-25 15:30:00+00:00, run_after=2026-04-26 15:30:00+00:00
[2026-04-26T12:41:03.635+0000] {processor.py:208} INFO - Processing /opt/airflow/dags/dag2.py took 0.096 seconds
[2026-04-26T12:41:33.960+0000] {processor.py:186} INFO - Started process (PID=5734) to work on /opt/airflow/dags/dag2.py
[2026-04-26T12:41:33.960+0000] {processor.py:914} INFO - Processing file /opt/airflow/dags/dag2.py for tasks to queue
[2026-04-26T12:41:33.963+0000] {logging_mixin.py:190} INFO - [2026-04-26T12:41:33.962+0000] {dagbag.py:588} INFO - Filling up the DagBag from /opt/airflow/dags/dag2.py
[2026-04-26T12:41:33.974+0000] {processor.py:925} INFO - DAG(s) 'data_pipeline' retrieved from /opt/airflow/dags/dag2.py
[2026-04-26T12:41:34.003+0000] {logging_mixin.py:190} INFO - [2026-04-26T12:41:34.003+0000] {dag.py:3239} INFO - Sync 1 DAGs
[2026-04-26T12:41:34.028+0000] {logging_mixin.py:190} INFO - [2026-04-26T12:41:34.028+0000] {dag.py:4180} INFO - Setting next_dagrun for data_pipeline to 2026-04-25 15:30:00+00:00, run_after=2026-04-26 15:30:00+00:00
[2026-04-26T12:41:34.044+0000] {processor.py:208} INFO - Processing /opt/airflow/dags/dag2.py took 0.092 seconds
[2026-04-26T12:42:04.274+0000] {processor.py:186} INFO - Started process (PID=5750) to work on /opt/airflow/dags/dag2.py
[2026-04-26T12:42:04.274+0000] {processor.py:914} INFO - Processing file /opt/airflow/dags/dag2.py for tasks to queue
[2026-04-26T12:42:04.276+0000] {logging_mixin.py:190} INFO - [2026-04-26T12:42:04.276+0000] {dagbag.py:588} INFO - Filling up the DagBag from /opt/airflow/dags/dag2.py
[2026-04-26T12:42:04.287+0000] {processor.py:925} INFO - DAG(s) 'data_pipeline' retrieved from /opt/airflow/dags/dag2.py
[2026-04-26T12:42:04.310+0000] {logging_mixin.py:190} INFO - [2026-04-26T12:42:04.310+0000] {dag.py:3239} INFO - Sync 1 DAGs
[2026-04-26T12:42:04.334+0000] {logging_mixin.py:190} INFO - [2026-04-26T12:42:04.334+0000] {dag.py:4180} INFO - Setting next_dagrun for data_pipeline to 2026-04-25 15:30:00+00:00, run_after=2026-04-26 15:30:00+00:00
[2026-04-26T12:42:04.350+0000] {processor.py:208} INFO - Processing /opt/airflow/dags/dag2.py took 0.084 seconds
[2026-04-26T12:42:34.632+0000] {processor.py:186} INFO - Started process (PID=5766) to work on /opt/airflow/dags/dag2.py
[2026-04-26T12:42:34.633+0000] {processor.py:914} INFO - Processing file /opt/airflow/dags/dag2.py for tasks to queue
[2026-04-26T12:42:34.635+0000] {logging_mixin.py:190} INFO - [2026-04-26T12:42:34.635+0000] {dagbag.py:588} INFO - Filling up the DagBag from /opt/airflow/dags/dag2.py
[2026-04-26T12:42:34.651+0000] {processor.py:925} INFO - DAG(s) 'data_pipeline' retrieved from /opt/airflow/dags/dag2.py
[2026-04-26T12:42:34.673+0000] {logging_mixin.py:190} INFO - [2026-04-26T12:42:34.672+0000] {dag.py:3239} INFO - Sync 1 DAGs
[2026-04-26T12:42:34.696+0000] {logging_mixin.py:190} INFO - [2026-04-26T12:42:34.696+0000] {dag.py:4180} INFO - Setting next_dagrun for data_pipeline to 2026-04-25 15:30:00+00:00, run_after=2026-04-26 15:30:00+00:00
[2026-04-26T12:42:34.714+0000] {processor.py:208} INFO - Processing /opt/airflow/dags/dag2.py took 0.092 seconds
[2026-04-26T12:43:05.009+0000] {processor.py:186} INFO - Started process (PID=5782) to work on /opt/airflow/dags/dag2.py
[2026-04-26T12:43:05.010+0000] {processor.py:914} INFO - Processing file /opt/airflow/dags/dag2.py for tasks to queue
[2026-04-26T12:43:05.012+0000] {logging_mixin.py:190} INFO - [2026-04-26T12:43:05.012+0000] {dagbag.py:588} INFO - Filling up the DagBag from /opt/airflow/dags/dag2.py
[2026-04-26T12:43:05.023+0000] {processor.py:925} INFO - DAG(s) 'data_pipeline' retrieved from /opt/airflow/dags/dag2.py
[2026-04-26T12:43:05.045+0000] {logging_mixin.py:190} INFO - [2026-04-26T12:43:05.044+0000] {dag.py:3239} INFO - Sync 1 DAGs
[2026-04-26T12:43:05.068+0000] {logging_mixin.py:190} INFO - [2026-04-26T12:43:05.068+0000] {dag.py:4180} INFO - Setting next_dagrun for data_pipeline to 2026-04-25 15:30:00+00:00, run_after=2026-04-26 15:30:00+00:00
[2026-04-26T12:43:05.084+0000] {processor.py:208} INFO - Processing /opt/airflow/dags/dag2.py took 0.083 seconds
[2026-04-26T12:43:35.374+0000] {processor.py:186} INFO - Started process (PID=5798) to work on /opt/airflow/dags/dag2.py
[2026-04-26T12:43:35.375+0000] {processor.py:914} INFO - Processing file /opt/airflow/dags/dag2.py for tasks to queue
[2026-04-26T12:43:35.377+0000] {logging_mixin.py:190} INFO - [2026-04-26T12:43:35.377+0000] {dagbag.py:588} INFO - Filling up the DagBag from /opt/airflow/dags/dag2.py
[2026-04-26T12:43:35.387+0000] {processor.py:925} INFO - DAG(s) 'data_pipeline' retrieved from /opt/airflow/dags/dag2.py
[2026-04-26T12:43:35.409+0000] {logging_mixin.py:190} INFO - [2026-04-26T12:43:35.409+0000] {dag.py:3239} INFO - Sync 1 DAGs
[2026-04-26T12:43:35.432+0000] {logging_mixin.py:190} INFO - [2026-04-26T12:43:35.432+0000] {dag.py:4180} INFO - Setting next_dagrun for data_pipeline to 2026-04-25 15:30:00+00:00, run_after=2026-04-26 15:30:00+00:00
[2026-04-26T12:43:35.450+0000] {processor.py:208} INFO - Processing /opt/airflow/dags/dag2.py took 0.082 seconds
[2026-04-26T12:44:05.660+0000] {processor.py:186} INFO - Started process (PID=5814) to work on /opt/airflow/dags/dag2.py
[2026-04-26T12:44:05.662+0000] {processor.py:914} INFO - Processing file /opt/airflow/dags/dag2.py for tasks to queue
[2026-04-26T12:44:05.664+0000] {logging_mixin.py:190} INFO - [2026-04-26T12:44:05.664+0000] {dagbag.py:588} INFO - Filling up the DagBag from /opt/airflow/dags/dag2.py
[2026-04-26T12:44:05.676+0000] {processor.py:925} INFO - DAG(s) 'data_pipeline' retrieved from /opt/airflow/dags/dag2.py
[2026-04-26T12:44:05.699+0000] {logging_mixin.py:190} INFO - [2026-04-26T12:44:05.698+0000] {dag.py:3239} INFO - Sync 1 DAGs
[2026-04-26T12:44:05.721+0000] {logging_mixin.py:190} INFO - [2026-04-26T12:44:05.721+0000] {dag.py:4180} INFO - Setting next_dagrun for data_pipeline to 2026-04-25 15:30:00+00:00, run_after=2026-04-26 15:30:00+00:00
[2026-04-26T12:44:05.738+0000] {processor.py:208} INFO - Processing /opt/airflow/dags/dag2.py took 0.087 seconds
[2026-04-26T12:44:36.055+0000] {processor.py:186} INFO - Started process (PID=5830) to work on /opt/airflow/dags/dag2.py
[2026-04-26T12:44:36.056+0000] {processor.py:914} INFO - Processing file /opt/airflow/dags/dag2.py for tasks to queue
[2026-04-26T12:44:36.058+0000] {logging_mixin.py:190} INFO - [2026-04-26T12:44:36.057+0000] {dagbag.py:588} INFO - Filling up the DagBag from /opt/airflow/dags/dag2.py
[2026-04-26T12:44:36.068+0000] {processor.py:925} INFO - DAG(s) 'data_pipeline' retrieved from /opt/airflow/dags/dag2.py
[2026-04-26T12:44:36.091+0000] {logging_mixin.py:190} INFO - [2026-04-26T12:44:36.091+0000] {dag.py:3239} INFO - Sync 1 DAGs
[2026-04-26T12:44:36.113+0000] {logging_mixin.py:190} INFO - [2026-04-26T12:44:36.113+0000] {dag.py:4180} INFO - Setting next_dagrun for data_pipeline to 2026-04-25 15:30:00+00:00, run_after=2026-04-26 15:30:00+00:00
[2026-04-26T12:44:36.128+0000] {processor.py:208} INFO - Processing /opt/airflow/dags/dag2.py took 0.081 seconds
[2026-04-26T12:45:06.380+0000] {processor.py:186} INFO - Started process (PID=5846) to work on /opt/airflow/dags/dag2.py
[2026-04-26T12:45:06.381+0000] {processor.py:914} INFO - Processing file /opt/airflow/dags/dag2.py for tasks to queue
[2026-04-26T12:45:06.385+0000] {logging_mixin.py:190} INFO - [2026-04-26T12:45:06.384+0000] {dagbag.py:588} INFO - Filling up the DagBag from /opt/airflow/dags/dag2.py
[2026-04-26T12:45:06.400+0000] {processor.py:925} INFO - DAG(s) 'data_pipeline' retrieved from /opt/airflow/dags/dag2.py
[2026-04-26T12:45:06.429+0000] {logging_mixin.py:190} INFO - [2026-04-26T12:45:06.428+0000] {dag.py:3239} INFO - Sync 1 DAGs
[2026-04-26T12:45:06.456+0000] {logging_mixin.py:190} INFO - [2026-04-26T12:45:06.456+0000] {dag.py:4180} INFO - Setting next_dagrun for data_pipeline to 2026-04-25 15:30:00+00:00, run_after=2026-04-26 15:30:00+00:00
[2026-04-26T12:45:06.473+0000] {processor.py:208} INFO - Processing /opt/airflow/dags/dag2.py took 0.107 seconds
[2026-04-26T12:45:36.787+0000] {processor.py:186} INFO - Started process (PID=5862) to work on /opt/airflow/dags/dag2.py
[2026-04-26T12:45:36.787+0000] {processor.py:914} INFO - Processing file /opt/airflow/dags/dag2.py for tasks to queue
[2026-04-26T12:45:36.789+0000] {logging_mixin.py:190} INFO - [2026-04-26T12:45:36.789+0000] {dagbag.py:588} INFO - Filling up the DagBag from /opt/airflow/dags/dag2.py
[2026-04-26T12:45:36.799+0000] {processor.py:925} INFO - DAG(s) 'data_pipeline' retrieved from /opt/airflow/dags/dag2.py
[2026-04-26T12:45:36.828+0000] {logging_mixin.py:190} INFO - [2026-04-26T12:45:36.828+0000] {dag.py:3239} INFO - Sync 1 DAGs
[2026-04-26T12:45:36.855+0000] {logging_mixin.py:190} INFO - [2026-04-26T12:45:36.854+0000] {dag.py:4180} INFO - Setting next_dagrun for data_pipeline to 2026-04-25 15:30:00+00:00, run_after=2026-04-26 15:30:00+00:00
[2026-04-26T12:45:36.877+0000] {processor.py:208} INFO - Processing /opt/airflow/dags/dag2.py took 0.098 seconds
[2026-04-26T12:46:07.197+0000] {processor.py:186} INFO - Started process (PID=5878) to work on /opt/airflow/dags/dag2.py
[2026-04-26T12:46:07.197+0000] {processor.py:914} INFO - Processing file /opt/airflow/dags/dag2.py for tasks to queue
[2026-04-26T12:46:07.200+0000] {logging_mixin.py:190} INFO - [2026-04-26T12:46:07.200+0000] {dagbag.py:588} INFO - Filling up the DagBag from /opt/airflow/dags/dag2.py
[2026-04-26T12:46:07.215+0000] {processor.py:925} INFO - DAG(s) 'data_pipeline' retrieved from /opt/airflow/dags/dag2.py
[2026-04-26T12:46:07.238+0000] {logging_mixin.py:190} INFO - [2026-04-26T12:46:07.237+0000] {dag.py:3239} INFO - Sync 1 DAGs
[2026-04-26T12:46:07.260+0000] {logging_mixin.py:190} INFO - [2026-04-26T12:46:07.260+0000] {dag.py:4180} INFO - Setting next_dagrun for data_pipeline to 2026-04-25 15:30:00+00:00, run_after=2026-04-26 15:30:00+00:00
[2026-04-26T12:46:07.277+0000] {processor.py:208} INFO - Processing /opt/airflow/dags/dag2.py took 0.089 seconds
[2026-04-26T12:46:37.528+0000] {processor.py:186} INFO - Started process (PID=5894) to work on /opt/airflow/dags/dag2.py
[2026-04-26T12:46:37.529+0000] {processor.py:914} INFO - Processing file /opt/airflow/dags/dag2.py for tasks to queue
[2026-04-26T12:46:37.532+0000] {logging_mixin.py:190} INFO - [2026-04-26T12:46:37.531+0000] {dagbag.py:588} INFO - Filling up the DagBag from /opt/airflow/dags/dag2.py
[2026-04-26T12:46:37.542+0000] {processor.py:925} INFO - DAG(s) 'data_pipeline' retrieved from /opt/airflow/dags/dag2.py
[2026-04-26T12:46:37.569+0000] {logging_mixin.py:190} INFO - [2026-04-26T12:46:37.569+0000] {dag.py:3239} INFO - Sync 1 DAGs
[2026-04-26T12:46:37.591+0000] {logging_mixin.py:190} INFO - [2026-04-26T12:46:37.591+0000] {dag.py:4180} INFO - Setting next_dagrun for data_pipeline to 2026-04-25 15:30:00+00:00, run_after=2026-04-26 15:30:00+00:00
[2026-04-26T12:46:37.609+0000] {processor.py:208} INFO - Processing /opt/airflow/dags/dag2.py took 0.090 seconds
[2026-04-26T12:47:07.936+0000] {processor.py:186} INFO - Started process (PID=5910) to work on /opt/airflow/dags/dag2.py
[2026-04-26T12:47:07.936+0000] {processor.py:914} INFO - Processing file /opt/airflow/dags/dag2.py for tasks to queue
[2026-04-26T12:47:07.938+0000] {logging_mixin.py:190} INFO - [2026-04-26T12:47:07.938+0000] {dagbag.py:588} INFO - Filling up the DagBag from /opt/airflow/dags/dag2.py
[2026-04-26T12:47:07.949+0000] {processor.py:925} INFO - DAG(s) 'data_pipeline' retrieved from /opt/airflow/dags/dag2.py
[2026-04-26T12:47:07.972+0000] {logging_mixin.py:190} INFO - [2026-04-26T12:47:07.972+0000] {dag.py:3239} INFO - Sync 1 DAGs
[2026-04-26T12:47:07.998+0000] {logging_mixin.py:190} INFO - [2026-04-26T12:47:07.998+0000] {dag.py:4180} INFO - Setting next_dagrun for data_pipeline to 2026-04-25 15:30:00+00:00, run_after=2026-04-26 15:30:00+00:00
[2026-04-26T12:47:08.016+0000] {processor.py:208} INFO - Processing /opt/airflow/dags/dag2.py took 0.088 seconds
[2026-04-26T12:47:38.345+0000] {processor.py:186} INFO - Started process (PID=5926) to work on /opt/airflow/dags/dag2.py
[2026-04-26T12:47:38.346+0000] {processor.py:914} INFO - Processing file /opt/airflow/dags/dag2.py for tasks to queue
[2026-04-26T12:47:38.348+0000] {logging_mixin.py:190} INFO - [2026-04-26T12:47:38.348+0000] {dagbag.py:588} INFO - Filling up the DagBag from /opt/airflow/dags/dag2.py
[2026-04-26T12:47:38.358+0000] {processor.py:925} INFO - DAG(s) 'data_pipeline' retrieved from /opt/airflow/dags/dag2.py
[2026-04-26T12:47:38.384+0000] {logging_mixin.py:190} INFO - [2026-04-26T12:47:38.384+0000] {dag.py:3239} INFO - Sync 1 DAGs
[2026-04-26T12:47:38.406+0000] {logging_mixin.py:190} INFO - [2026-04-26T12:47:38.405+0000] {dag.py:4180} INFO - Setting next_dagrun for data_pipeline to 2026-04-25 15:30:00+00:00, run_after=2026-04-26 15:30:00+00:00
[2026-04-26T12:47:38.423+0000] {processor.py:208} INFO - Processing /opt/airflow/dags/dag2.py took 0.085 seconds
[2026-04-26T12:48:08.640+0000] {processor.py:186} INFO - Started process (PID=5942) to work on /opt/airflow/dags/dag2.py
[2026-04-26T12:48:08.641+0000] {processor.py:914} INFO - Processing file /opt/airflow/dags/dag2.py for tasks to queue
[2026-04-26T12:48:08.643+0000] {logging_mixin.py:190} INFO - [2026-04-26T12:48:08.642+0000] {dagbag.py:588} INFO - Filling up the DagBag from /opt/airflow/dags/dag2.py
[2026-04-26T12:48:08.653+0000] {processor.py:925} INFO - DAG(s) 'data_pipeline' retrieved from /opt/airflow/dags/dag2.py
[2026-04-26T12:48:08.676+0000] {logging_mixin.py:190} INFO - [2026-04-26T12:48:08.676+0000] {dag.py:3239} INFO - Sync 1 DAGs
[2026-04-26T12:48:08.701+0000] {logging_mixin.py:190} INFO - [2026-04-26T12:48:08.701+0000] {dag.py:4180} INFO - Setting next_dagrun for data_pipeline to 2026-04-25 15:30:00+00:00, run_after=2026-04-26 15:30:00+00:00
[2026-04-26T12:48:08.719+0000] {processor.py:208} INFO - Processing /opt/airflow/dags/dag2.py took 0.084 seconds
[2026-04-26T12:48:39.004+0000] {processor.py:186} INFO - Started process (PID=5958) to work on /opt/airflow/dags/dag2.py
[2026-04-26T12:48:39.004+0000] {processor.py:914} INFO - Processing file /opt/airflow/dags/dag2.py for tasks to queue
[2026-04-26T12:48:39.006+0000] {logging_mixin.py:190} INFO - [2026-04-26T12:48:39.006+0000] {dagbag.py:588} INFO - Filling up the DagBag from /opt/airflow/dags/dag2.py
[2026-04-26T12:48:39.017+0000] {processor.py:925} INFO - DAG(s) 'data_pipeline' retrieved from /opt/airflow/dags/dag2.py
[2026-04-26T12:48:39.042+0000] {logging_mixin.py:190} INFO - [2026-04-26T12:48:39.041+0000] {dag.py:3239} INFO - Sync 1 DAGs
[2026-04-26T12:48:39.065+0000] {logging_mixin.py:190} INFO - [2026-04-26T12:48:39.064+0000] {dag.py:4180} INFO - Setting next_dagrun for data_pipeline to 2026-04-25 15:30:00+00:00, run_after=2026-04-26 15:30:00+00:00
[2026-04-26T12:48:39.084+0000] {processor.py:208} INFO - Processing /opt/airflow/dags/dag2.py took 0.088 seconds
[2026-04-26T12:49:09.400+0000] {processor.py:186} INFO - Started process (PID=5974) to work on /opt/airflow/dags/dag2.py
[2026-04-26T12:49:09.401+0000] {processor.py:914} INFO - Processing file /opt/airflow/dags/dag2.py for tasks to queue
[2026-04-26T12:49:09.403+0000] {logging_mixin.py:190} INFO - [2026-04-26T12:49:09.403+0000] {dagbag.py:588} INFO - Filling up the DagBag from /opt/airflow/dags/dag2.py
[2026-04-26T12:49:09.416+0000] {processor.py:925} INFO - DAG(s) 'data_pipeline' retrieved from /opt/airflow/dags/dag2.py
[2026-04-26T12:49:09.439+0000] {logging_mixin.py:190} INFO - [2026-04-26T12:49:09.438+0000] {dag.py:3239} INFO - Sync 1 DAGs
[2026-04-26T12:49:09.461+0000] {logging_mixin.py:190} INFO - [2026-04-26T12:49:09.461+0000] {dag.py:4180} INFO - Setting next_dagrun for data_pipeline to 2026-04-25 15:30:00+00:00, run_after=2026-04-26 15:30:00+00:00
[2026-04-26T12:49:09.480+0000] {processor.py:208} INFO - Processing /opt/airflow/dags/dag2.py took 0.090 seconds
[2026-04-26T12:49:39.796+0000] {processor.py:186} INFO - Started process (PID=5990) to work on /opt/airflow/dags/dag2.py
[2026-04-26T12:49:39.796+0000] {processor.py:914} INFO - Processing file /opt/airflow/dags/dag2.py for tasks to queue
[2026-04-26T12:49:39.799+0000] {logging_mixin.py:190} INFO - [2026-04-26T12:49:39.798+0000] {dagbag.py:588} INFO - Filling up the DagBag from /opt/airflow/dags/dag2.py
[2026-04-26T12:49:39.809+0000] {processor.py:925} INFO - DAG(s) 'data_pipeline' retrieved from /opt/airflow/dags/dag2.py
[2026-04-26T12:49:39.836+0000] {logging_mixin.py:190} INFO - [2026-04-26T12:49:39.835+0000] {dag.py:3239} INFO - Sync 1 DAGs
[2026-04-26T12:49:39.858+0000] {logging_mixin.py:190} INFO - [2026-04-26T12:49:39.858+0000] {dag.py:4180} INFO - Setting next_dagrun for data_pipeline to 2026-04-25 15:30:00+00:00, run_after=2026-04-26 15:30:00+00:00
[2026-04-26T12:49:39.875+0000] {processor.py:208} INFO - Processing /opt/airflow/dags/dag2.py took 0.086 seconds
[2026-04-26T12:50:10.075+0000] {processor.py:186} INFO - Started process (PID=6006) to work on /opt/airflow/dags/dag2.py
[2026-04-26T12:50:10.075+0000] {processor.py:914} INFO - Processing file /opt/airflow/dags/dag2.py for tasks to queue
[2026-04-26T12:50:10.079+0000] {logging_mixin.py:190} INFO - [2026-04-26T12:50:10.078+0000] {dagbag.py:588} INFO - Filling up the DagBag from /opt/airflow/dags/dag2.py
[2026-04-26T12:50:10.093+0000] {processor.py:925} INFO - DAG(s) 'data_pipeline' retrieved from /opt/airflow/dags/dag2.py
[2026-04-26T12:50:10.119+0000] {logging_mixin.py:190} INFO - [2026-04-26T12:50:10.118+0000] {dag.py:3239} INFO - Sync 1 DAGs
[2026-04-26T12:50:10.143+0000] {logging_mixin.py:190} INFO - [2026-04-26T12:50:10.143+0000] {dag.py:4180} INFO - Setting next_dagrun for data_pipeline to 2026-04-25 15:30:00+00:00, run_after=2026-04-26 15:30:00+00:00
[2026-04-26T12:50:10.160+0000] {processor.py:208} INFO - Processing /opt/airflow/dags/dag2.py took 0.094 seconds
[2026-04-26T12:50:40.466+0000] {processor.py:186} INFO - Started process (PID=6022) to work on /opt/airflow/dags/dag2.py
[2026-04-26T12:50:40.467+0000] {processor.py:914} INFO - Processing file /opt/airflow/dags/dag2.py for tasks to queue
[2026-04-26T12:50:40.470+0000] {logging_mixin.py:190} INFO - [2026-04-26T12:50:40.470+0000] {dagbag.py:588} INFO - Filling up the DagBag from /opt/airflow/dags/dag2.py
[2026-04-26T12:50:40.485+0000] {processor.py:925} INFO - DAG(s) 'data_pipeline' retrieved from /opt/airflow/dags/dag2.py
[2026-04-26T12:50:40.509+0000] {logging_mixin.py:190} INFO - [2026-04-26T12:50:40.509+0000] {dag.py:3239} INFO - Sync 1 DAGs
[2026-04-26T12:50:40.530+0000] {logging_mixin.py:190} INFO - [2026-04-26T12:50:40.530+0000] {dag.py:4180} INFO - Setting next_dagrun for data_pipeline to 2026-04-25 15:30:00+00:00, run_after=2026-04-26 15:30:00+00:00
[2026-04-26T12:50:40.547+0000] {processor.py:208} INFO - Processing /opt/airflow/dags/dag2.py took 0.089 seconds
[2026-04-26T12:51:10.878+0000] {processor.py:186} INFO - Started process (PID=6038) to work on /opt/airflow/dags/dag2.py
[2026-04-26T12:51:10.879+0000] {processor.py:914} INFO - Processing file /opt/airflow/dags/dag2.py for tasks to queue
[2026-04-26T12:51:10.881+0000] {logging_mixin.py:190} INFO - [2026-04-26T12:51:10.881+0000] {dagbag.py:588} INFO - Filling up the DagBag from /opt/airflow/dags/dag2.py
[2026-04-26T12:51:10.892+0000] {processor.py:925} INFO - DAG(s) 'data_pipeline' retrieved from /opt/airflow/dags/dag2.py
[2026-04-26T12:51:10.913+0000] {logging_mixin.py:190} INFO - [2026-04-26T12:51:10.913+0000] {dag.py:3239} INFO - Sync 1 DAGs
[2026-04-26T12:51:10.937+0000] {logging_mixin.py:190} INFO - [2026-04-26T12:51:10.937+0000] {dag.py:4180} INFO - Setting next_dagrun for data_pipeline to 2026-04-25 15:30:00+00:00, run_after=2026-04-26 15:30:00+00:00
[2026-04-26T12:51:10.957+0000] {processor.py:208} INFO - Processing /opt/airflow/dags/dag2.py took 0.086 seconds
[2026-04-26T12:51:41.311+0000] {processor.py:186} INFO - Started process (PID=6054) to work on /opt/airflow/dags/dag2.py
[2026-04-26T12:51:41.315+0000] {processor.py:914} INFO - Processing file /opt/airflow/dags/dag2.py for tasks to queue
[2026-04-26T12:51:41.317+0000] {logging_mixin.py:190} INFO - [2026-04-26T12:51:41.317+0000] {dagbag.py:588} INFO - Filling up the DagBag from /opt/airflow/dags/dag2.py
[2026-04-26T12:51:41.327+0000] {processor.py:925} INFO - DAG(s) 'data_pipeline' retrieved from /opt/airflow/dags/dag2.py
[2026-04-26T12:51:41.349+0000] {logging_mixin.py:190} INFO - [2026-04-26T12:51:41.349+0000] {dag.py:3239} INFO - Sync 1 DAGs
[2026-04-26T12:51:41.374+0000] {logging_mixin.py:190} INFO - [2026-04-26T12:51:41.374+0000] {dag.py:4180} INFO - Setting next_dagrun for data_pipeline to 2026-04-25 15:30:00+00:00, run_after=2026-04-26 15:30:00+00:00
[2026-04-26T12:51:41.391+0000] {processor.py:208} INFO - Processing /opt/airflow/dags/dag2.py took 0.087 seconds
[2026-04-26T12:52:11.626+0000] {processor.py:186} INFO - Started process (PID=6070) to work on /opt/airflow/dags/dag2.py
[2026-04-26T12:52:11.627+0000] {processor.py:914} INFO - Processing file /opt/airflow/dags/dag2.py for tasks to queue
[2026-04-26T12:52:11.631+0000] {logging_mixin.py:190} INFO - [2026-04-26T12:52:11.630+0000] {dagbag.py:588} INFO - Filling up the DagBag from /opt/airflow/dags/dag2.py
[2026-04-26T12:52:11.646+0000] {processor.py:925} INFO - DAG(s) 'data_pipeline' retrieved from /opt/airflow/dags/dag2.py
[2026-04-26T12:52:11.669+0000] {logging_mixin.py:190} INFO - [2026-04-26T12:52:11.669+0000] {dag.py:3239} INFO - Sync 1 DAGs
[2026-04-26T12:52:11.693+0000] {logging_mixin.py:190} INFO - [2026-04-26T12:52:11.693+0000] {dag.py:4180} INFO - Setting next_dagrun for data_pipeline to 2026-04-25 15:30:00+00:00, run_after=2026-04-26 15:30:00+00:00
[2026-04-26T12:52:11.710+0000] {processor.py:208} INFO - Processing /opt/airflow/dags/dag2.py took 0.095 seconds
[2026-04-26T12:52:41.932+0000] {processor.py:186} INFO - Started process (PID=6086) to work on /opt/airflow/dags/dag2.py
[2026-04-26T12:52:41.932+0000] {processor.py:914} INFO - Processing file /opt/airflow/dags/dag2.py for tasks to queue
[2026-04-26T12:52:41.934+0000] {logging_mixin.py:190} INFO - [2026-04-26T12:52:41.934+0000] {dagbag.py:588} INFO - Filling up the DagBag from /opt/airflow/dags/dag2.py
[2026-04-26T12:52:41.946+0000] {processor.py:925} INFO - DAG(s) 'data_pipeline' retrieved from /opt/airflow/dags/dag2.py
[2026-04-26T12:52:41.969+0000] {logging_mixin.py:190} INFO - [2026-04-26T12:52:41.969+0000] {dag.py:3239} INFO - Sync 1 DAGs
[2026-04-26T12:52:41.992+0000] {logging_mixin.py:190} INFO - [2026-04-26T12:52:41.992+0000] {dag.py:4180} INFO - Setting next_dagrun for data_pipeline to 2026-04-25 15:30:00+00:00, run_after=2026-04-26 15:30:00+00:00
[2026-04-26T12:52:42.009+0000] {processor.py:208} INFO - Processing /opt/airflow/dags/dag2.py took 0.085 seconds
[2026-04-26T12:53:12.270+0000] {processor.py:186} INFO - Started process (PID=6102) to work on /opt/airflow/dags/dag2.py
[2026-04-26T12:53:12.271+0000] {processor.py:914} INFO - Processing file /opt/airflow/dags/dag2.py for tasks to queue
[2026-04-26T12:53:12.273+0000] {logging_mixin.py:190} INFO - [2026-04-26T12:53:12.273+0000] {dagbag.py:588} INFO - Filling up the DagBag from /opt/airflow/dags/dag2.py
[2026-04-26T12:53:12.283+0000] {processor.py:925} INFO - DAG(s) 'data_pipeline' retrieved from /opt/airflow/dags/dag2.py
[2026-04-26T12:53:12.305+0000] {logging_mixin.py:190} INFO - [2026-04-26T12:53:12.305+0000] {dag.py:3239} INFO - Sync 1 DAGs
[2026-04-26T12:53:12.329+0000] {logging_mixin.py:190} INFO - [2026-04-26T12:53:12.328+0000] {dag.py:4180} INFO - Setting next_dagrun for data_pipeline to 2026-04-25 15:30:00+00:00, run_after=2026-04-26 15:30:00+00:00
[2026-04-26T12:53:12.352+0000] {processor.py:208} INFO - Processing /opt/airflow/dags/dag2.py took 0.093 seconds
[2026-04-26T12:53:42.653+0000] {processor.py:186} INFO - Started process (PID=6118) to work on /opt/airflow/dags/dag2.py
[2026-04-26T12:53:42.654+0000] {processor.py:914} INFO - Processing file /opt/airflow/dags/dag2.py for tasks to queue
[2026-04-26T12:53:42.656+0000] {logging_mixin.py:190} INFO - [2026-04-26T12:53:42.656+0000] {dagbag.py:588} INFO - Filling up the DagBag from /opt/airflow/dags/dag2.py
[2026-04-26T12:53:42.667+0000] {processor.py:925} INFO - DAG(s) 'data_pipeline' retrieved from /opt/airflow/dags/dag2.py
[2026-04-26T12:53:42.687+0000] {logging_mixin.py:190} INFO - [2026-04-26T12:53:42.687+0000] {dag.py:3239} INFO - Sync 1 DAGs
[2026-04-26T12:53:42.714+0000] {logging_mixin.py:190} INFO - [2026-04-26T12:53:42.714+0000] {dag.py:4180} INFO - Setting next_dagrun for data_pipeline to 2026-04-25 15:30:00+00:00, run_after=2026-04-26 15:30:00+00:00
[2026-04-26T12:53:42.732+0000] {processor.py:208} INFO - Processing /opt/airflow/dags/dag2.py took 0.087 seconds
[2026-04-26T12:54:13.049+0000] {processor.py:186} INFO - Started process (PID=6134) to work on /opt/airflow/dags/dag2.py
[2026-04-26T12:54:13.050+0000] {processor.py:914} INFO - Processing file /opt/airflow/dags/dag2.py for tasks to queue
[2026-04-26T12:54:13.052+0000] {logging_mixin.py:190} INFO - [2026-04-26T12:54:13.051+0000] {dagbag.py:588} INFO - Filling up the DagBag from /opt/airflow/dags/dag2.py
[2026-04-26T12:54:13.062+0000] {processor.py:925} INFO - DAG(s) 'data_pipeline' retrieved from /opt/airflow/dags/dag2.py
[2026-04-26T12:54:13.083+0000] {logging_mixin.py:190} INFO - [2026-04-26T12:54:13.083+0000] {dag.py:3239} INFO - Sync 1 DAGs
[2026-04-26T12:54:13.107+0000] {logging_mixin.py:190} INFO - [2026-04-26T12:54:13.106+0000] {dag.py:4180} INFO - Setting next_dagrun for data_pipeline to 2026-04-25 15:30:00+00:00, run_after=2026-04-26 15:30:00+00:00
[2026-04-26T12:54:13.123+0000] {processor.py:208} INFO - Processing /opt/airflow/dags/dag2.py took 0.080 seconds
[2026-04-26T12:54:43.407+0000] {processor.py:186} INFO - Started process (PID=6150) to work on /opt/airflow/dags/dag2.py
[2026-04-26T12:54:43.407+0000] {processor.py:914} INFO - Processing file /opt/airflow/dags/dag2.py for tasks to queue
[2026-04-26T12:54:43.410+0000] {logging_mixin.py:190} INFO - [2026-04-26T12:54:43.410+0000] {dagbag.py:588} INFO - Filling up the DagBag from /opt/airflow/dags/dag2.py
[2026-04-26T12:54:43.425+0000] {processor.py:925} INFO - DAG(s) 'data_pipeline' retrieved from /opt/airflow/dags/dag2.py
[2026-04-26T12:54:43.450+0000] {logging_mixin.py:190} INFO - [2026-04-26T12:54:43.449+0000] {dag.py:3239} INFO - Sync 1 DAGs
[2026-04-26T12:54:43.479+0000] {logging_mixin.py:190} INFO - [2026-04-26T12:54:43.479+0000] {dag.py:4180} INFO - Setting next_dagrun for data_pipeline to 2026-04-25 15:30:00+00:00, run_after=2026-04-26 15:30:00+00:00
[2026-04-26T12:54:43.500+0000] {processor.py:208} INFO - Processing /opt/airflow/dags/dag2.py took 0.100 seconds
[2026-04-26T12:55:13.691+0000] {processor.py:186} INFO - Started process (PID=6165) to work on /opt/airflow/dags/dag2.py
[2026-04-26T12:55:13.691+0000] {processor.py:914} INFO - Processing file /opt/airflow/dags/dag2.py for tasks to queue
[2026-04-26T12:55:13.693+0000] {logging_mixin.py:190} INFO - [2026-04-26T12:55:13.693+0000] {dagbag.py:588} INFO - Filling up the DagBag from /opt/airflow/dags/dag2.py
[2026-04-26T12:55:13.704+0000] {processor.py:925} INFO - DAG(s) 'data_pipeline' retrieved from /opt/airflow/dags/dag2.py
[2026-04-26T12:55:13.728+0000] {logging_mixin.py:190} INFO - [2026-04-26T12:55:13.727+0000] {dag.py:3239} INFO - Sync 1 DAGs
[2026-04-26T12:55:13.753+0000] {logging_mixin.py:190} INFO - [2026-04-26T12:55:13.752+0000] {dag.py:4180} INFO - Setting next_dagrun for data_pipeline to 2026-04-25 15:30:00+00:00, run_after=2026-04-26 15:30:00+00:00
[2026-04-26T12:55:13.770+0000] {processor.py:208} INFO - Processing /opt/airflow/dags/dag2.py took 0.087 seconds
[2026-04-26T12:55:44.082+0000] {processor.py:186} INFO - Started process (PID=6181) to work on /opt/airflow/dags/dag2.py
[2026-04-26T12:55:44.083+0000] {processor.py:914} INFO - Processing file /opt/airflow/dags/dag2.py for tasks to queue
[2026-04-26T12:55:44.086+0000] {logging_mixin.py:190} INFO - [2026-04-26T12:55:44.085+0000] {dagbag.py:588} INFO - Filling up the DagBag from /opt/airflow/dags/dag2.py
[2026-04-26T12:55:44.100+0000] {processor.py:925} INFO - DAG(s) 'data_pipeline' retrieved from /opt/airflow/dags/dag2.py
[2026-04-26T12:55:44.122+0000] {logging_mixin.py:190} INFO - [2026-04-26T12:55:44.122+0000] {dag.py:3239} INFO - Sync 1 DAGs
[2026-04-26T12:55:44.144+0000] {logging_mixin.py:190} INFO - [2026-04-26T12:55:44.144+0000] {dag.py:4180} INFO - Setting next_dagrun for data_pipeline to 2026-04-25 15:30:00+00:00, run_after=2026-04-26 15:30:00+00:00
[2026-04-26T12:55:44.161+0000] {processor.py:208} INFO - Processing /opt/airflow/dags/dag2.py took 0.089 seconds
[2026-04-26T12:56:14.364+0000] {processor.py:186} INFO - Started process (PID=6197) to work on /opt/airflow/dags/dag2.py
[2026-04-26T12:56:14.365+0000] {processor.py:914} INFO - Processing file /opt/airflow/dags/dag2.py for tasks to queue
[2026-04-26T12:56:14.367+0000] {logging_mixin.py:190} INFO - [2026-04-26T12:56:14.367+0000] {dagbag.py:588} INFO - Filling up the DagBag from /opt/airflow/dags/dag2.py
[2026-04-26T12:56:14.378+0000] {processor.py:925} INFO - DAG(s) 'data_pipeline' retrieved from /opt/airflow/dags/dag2.py
[2026-04-26T12:56:14.400+0000] {logging_mixin.py:190} INFO - [2026-04-26T12:56:14.400+0000] {dag.py:3239} INFO - Sync 1 DAGs
[2026-04-26T12:56:14.422+0000] {logging_mixin.py:190} INFO - [2026-04-26T12:56:14.422+0000] {dag.py:4180} INFO - Setting next_dagrun for data_pipeline to 2026-04-25 15:30:00+00:00, run_after=2026-04-26 15:30:00+00:00
[2026-04-26T12:56:14.437+0000] {processor.py:208} INFO - Processing /opt/airflow/dags/dag2.py took 0.080 seconds
[2026-04-26T12:56:44.728+0000] {processor.py:186} INFO - Started process (PID=6213) to work on /opt/airflow/dags/dag2.py
[2026-04-26T12:56:44.728+0000] {processor.py:914} INFO - Processing file /opt/airflow/dags/dag2.py for tasks to queue
[2026-04-26T12:56:44.731+0000] {logging_mixin.py:190} INFO - [2026-04-26T12:56:44.731+0000] {dagbag.py:588} INFO - Filling up the DagBag from /opt/airflow/dags/dag2.py
[2026-04-26T12:56:44.741+0000] {processor.py:925} INFO - DAG(s) 'data_pipeline' retrieved from /opt/airflow/dags/dag2.py
[2026-04-26T12:56:44.763+0000] {logging_mixin.py:190} INFO - [2026-04-26T12:56:44.763+0000] {dag.py:3239} INFO - Sync 1 DAGs
[2026-04-26T12:56:44.786+0000] {logging_mixin.py:190} INFO - [2026-04-26T12:56:44.786+0000] {dag.py:4180} INFO - Setting next_dagrun for data_pipeline to 2026-04-25 15:30:00+00:00, run_after=2026-04-26 15:30:00+00:00
[2026-04-26T12:56:44.801+0000] {processor.py:208} INFO - Processing /opt/airflow/dags/dag2.py took 0.081 seconds
[2026-04-26T12:57:15.031+0000] {processor.py:186} INFO - Started process (PID=6229) to work on /opt/airflow/dags/dag2.py
[2026-04-26T12:57:15.031+0000] {processor.py:914} INFO - Processing file /opt/airflow/dags/dag2.py for tasks to queue
[2026-04-26T12:57:15.035+0000] {logging_mixin.py:190} INFO - [2026-04-26T12:57:15.035+0000] {dagbag.py:588} INFO - Filling up the DagBag from /opt/airflow/dags/dag2.py
[2026-04-26T12:57:15.050+0000] {processor.py:925} INFO - DAG(s) 'data_pipeline' retrieved from /opt/airflow/dags/dag2.py
[2026-04-26T12:57:15.081+0000] {logging_mixin.py:190} INFO - [2026-04-26T12:57:15.080+0000] {dag.py:3239} INFO - Sync 1 DAGs
[2026-04-26T12:57:15.105+0000] {logging_mixin.py:190} INFO - [2026-04-26T12:57:15.105+0000] {dag.py:4180} INFO - Setting next_dagrun for data_pipeline to 2026-04-25 15:30:00+00:00, run_after=2026-04-26 15:30:00+00:00
[2026-04-26T12:57:15.121+0000] {processor.py:208} INFO - Processing /opt/airflow/dags/dag2.py took 0.101 seconds
[2026-04-26T12:57:45.447+0000] {processor.py:186} INFO - Started process (PID=6245) to work on /opt/airflow/dags/dag2.py
[2026-04-26T12:57:45.448+0000] {processor.py:914} INFO - Processing file /opt/airflow/dags/dag2.py for tasks to queue
[2026-04-26T12:57:45.449+0000] {logging_mixin.py:190} INFO - [2026-04-26T12:57:45.449+0000] {dagbag.py:588} INFO - Filling up the DagBag from /opt/airflow/dags/dag2.py
[2026-04-26T12:57:45.460+0000] {processor.py:925} INFO - DAG(s) 'data_pipeline' retrieved from /opt/airflow/dags/dag2.py
[2026-04-26T12:57:45.482+0000] {logging_mixin.py:190} INFO - [2026-04-26T12:57:45.482+0000] {dag.py:3239} INFO - Sync 1 DAGs
[2026-04-26T12:57:45.504+0000] {logging_mixin.py:190} INFO - [2026-04-26T12:57:45.503+0000] {dag.py:4180} INFO - Setting next_dagrun for data_pipeline to 2026-04-25 15:30:00+00:00, run_after=2026-04-26 15:30:00+00:00
[2026-04-26T12:57:45.521+0000] {processor.py:208} INFO - Processing /opt/airflow/dags/dag2.py took 0.084 seconds
[2026-04-26T12:58:15.844+0000] {processor.py:186} INFO - Started process (PID=6261) to work on /opt/airflow/dags/dag2.py
[2026-04-26T12:58:15.845+0000] {processor.py:914} INFO - Processing file /opt/airflow/dags/dag2.py for tasks to queue
[2026-04-26T12:58:15.847+0000] {logging_mixin.py:190} INFO - [2026-04-26T12:58:15.846+0000] {dagbag.py:588} INFO - Filling up the DagBag from /opt/airflow/dags/dag2.py
[2026-04-26T12:58:15.857+0000] {processor.py:925} INFO - DAG(s) 'data_pipeline' retrieved from /opt/airflow/dags/dag2.py
[2026-04-26T12:58:15.881+0000] {logging_mixin.py:190} INFO - [2026-04-26T12:58:15.880+0000] {dag.py:3239} INFO - Sync 1 DAGs
[2026-04-26T12:58:15.906+0000] {logging_mixin.py:190} INFO - [2026-04-26T12:58:15.906+0000] {dag.py:4180} INFO - Setting next_dagrun for data_pipeline to 2026-04-25 15:30:00+00:00, run_after=2026-04-26 15:30:00+00:00
[2026-04-26T12:58:15.922+0000] {processor.py:208} INFO - Processing /opt/airflow/dags/dag2.py took 0.086 seconds
[2026-04-26T12:58:46.156+0000] {processor.py:186} INFO - Started process (PID=6277) to work on /opt/airflow/dags/dag2.py
[2026-04-26T12:58:46.157+0000] {processor.py:914} INFO - Processing file /opt/airflow/dags/dag2.py for tasks to queue
[2026-04-26T12:58:46.160+0000] {logging_mixin.py:190} INFO - [2026-04-26T12:58:46.159+0000] {dagbag.py:588} INFO - Filling up the DagBag from /opt/airflow/dags/dag2.py
[2026-04-26T12:58:46.174+0000] {processor.py:925} INFO - DAG(s) 'data_pipeline' retrieved from /opt/airflow/dags/dag2.py
[2026-04-26T12:58:46.200+0000] {logging_mixin.py:190} INFO - [2026-04-26T12:58:46.200+0000] {dag.py:3239} INFO - Sync 1 DAGs
[2026-04-26T12:58:46.223+0000] {logging_mixin.py:190} INFO - [2026-04-26T12:58:46.223+0000] {dag.py:4180} INFO - Setting next_dagrun for data_pipeline to 2026-04-25 15:30:00+00:00, run_after=2026-04-26 15:30:00+00:00
[2026-04-26T12:58:46.239+0000] {processor.py:208} INFO - Processing /opt/airflow/dags/dag2.py took 0.094 seconds
[2026-04-26T12:59:16.565+0000] {processor.py:186} INFO - Started process (PID=6293) to work on /opt/airflow/dags/dag2.py
[2026-04-26T12:59:16.565+0000] {processor.py:914} INFO - Processing file /opt/airflow/dags/dag2.py for tasks to queue
[2026-04-26T12:59:16.567+0000] {logging_mixin.py:190} INFO - [2026-04-26T12:59:16.567+0000] {dagbag.py:588} INFO - Filling up the DagBag from /opt/airflow/dags/dag2.py
[2026-04-26T12:59:16.578+0000] {processor.py:925} INFO - DAG(s) 'data_pipeline' retrieved from /opt/airflow/dags/dag2.py
[2026-04-26T12:59:16.601+0000] {logging_mixin.py:190} INFO - [2026-04-26T12:59:16.601+0000] {dag.py:3239} INFO - Sync 1 DAGs
[2026-04-26T12:59:16.624+0000] {logging_mixin.py:190} INFO - [2026-04-26T12:59:16.624+0000] {dag.py:4180} INFO - Setting next_dagrun for data_pipeline to 2026-04-25 15:30:00+00:00, run_after=2026-04-26 15:30:00+00:00
[2026-04-26T12:59:16.642+0000] {processor.py:208} INFO - Processing /opt/airflow/dags/dag2.py took 0.085 seconds
