[2026-04-15T09:06:29.085+0000] {processor.py:186} INFO - Started process (PID=542) to work on /opt/airflow/dags/dag_1.py
[2026-04-15T09:06:29.087+0000] {processor.py:914} INFO - Processing file /opt/airflow/dags/dag_1.py for tasks to queue
[2026-04-15T09:06:29.093+0000] {logging_mixin.py:190} INFO - [2026-04-15T09:06:29.092+0000] {dagbag.py:588} INFO - Filling up the DagBag from /opt/airflow/dags/dag_1.py
[2026-04-15T09:06:29.165+0000] {processor.py:925} INFO - DAG(s) 'hello_world_dag' retrieved from /opt/airflow/dags/dag_1.py
[2026-04-15T09:06:29.947+0000] {logging_mixin.py:190} INFO - [2026-04-15T09:06:29.946+0000] {override.py:1911} INFO - Created Permission View: can read on DAG:hello_world_dag
[2026-04-15T09:06:29.956+0000] {logging_mixin.py:190} INFO - [2026-04-15T09:06:29.956+0000] {override.py:1911} INFO - Created Permission View: can delete on DAG:hello_world_dag
[2026-04-15T09:06:29.962+0000] {logging_mixin.py:190} INFO - [2026-04-15T09:06:29.962+0000] {override.py:1911} INFO - Created Permission View: can edit on DAG:hello_world_dag
[2026-04-15T09:06:29.969+0000] {logging_mixin.py:190} INFO - [2026-04-15T09:06:29.969+0000] {override.py:1911} INFO - Created Permission View: menu access on DAG Run:hello_world_dag
[2026-04-15T09:06:29.975+0000] {logging_mixin.py:190} INFO - [2026-04-15T09:06:29.975+0000] {override.py:1911} INFO - Created Permission View: can read on DAG Run:hello_world_dag
[2026-04-15T09:06:29.981+0000] {logging_mixin.py:190} INFO - [2026-04-15T09:06:29.981+0000] {override.py:1911} INFO - Created Permission View: can create on DAG Run:hello_world_dag
[2026-04-15T09:06:29.988+0000] {logging_mixin.py:190} INFO - [2026-04-15T09:06:29.987+0000] {override.py:1911} INFO - Created Permission View: can delete on DAG Run:hello_world_dag
[2026-04-15T09:06:29.988+0000] {logging_mixin.py:190} INFO - [2026-04-15T09:06:29.988+0000] {dag.py:3239} INFO - Sync 1 DAGs
[2026-04-15T09:06:30.001+0000] {logging_mixin.py:190} INFO - [2026-04-15T09:06:30.000+0000] {dag.py:3262} INFO - Creating ORM DAG for hello_world_dag
[2026-04-15T09:06:30.001+0000] {logging_mixin.py:190} INFO - [2026-04-15T09:06:30.001+0000] {dag.py:4180} INFO - Setting next_dagrun for hello_world_dag to None, run_after=None
[2026-04-15T09:06:30.015+0000] {processor.py:208} INFO - Processing /opt/airflow/dags/dag_1.py took 0.948 seconds
[2026-04-15T09:07:00.345+0000] {processor.py:186} INFO - Started process (PID=553) to work on /opt/airflow/dags/dag_1.py
[2026-04-15T09:07:00.347+0000] {processor.py:914} INFO - Processing file /opt/airflow/dags/dag_1.py for tasks to queue
[2026-04-15T09:07:00.351+0000] {logging_mixin.py:190} INFO - [2026-04-15T09:07:00.351+0000] {dagbag.py:588} INFO - Filling up the DagBag from /opt/airflow/dags/dag_1.py
[2026-04-15T09:07:00.367+0000] {processor.py:925} INFO - DAG(s) 'hello_world_dag' retrieved from /opt/airflow/dags/dag_1.py
[2026-04-15T09:07:00.404+0000] {logging_mixin.py:190} INFO - [2026-04-15T09:07:00.403+0000] {dag.py:3239} INFO - Sync 1 DAGs
[2026-04-15T09:07:00.422+0000] {logging_mixin.py:190} INFO - [2026-04-15T09:07:00.422+0000] {dag.py:4180} INFO - Setting next_dagrun for hello_world_dag to None, run_after=None
[2026-04-15T09:07:00.441+0000] {processor.py:208} INFO - Processing /opt/airflow/dags/dag_1.py took 0.115 seconds
[2026-04-15T13:07:49.440+0000] {processor.py:186} INFO - Started process (PID=180) to work on /opt/airflow/dags/dag_1.py
[2026-04-15T13:07:49.441+0000] {processor.py:914} INFO - Processing file /opt/airflow/dags/dag_1.py for tasks to queue
[2026-04-15T13:07:49.442+0000] {logging_mixin.py:190} INFO - [2026-04-15T13:07:49.442+0000] {dagbag.py:588} INFO - Filling up the DagBag from /opt/airflow/dags/dag_1.py
[2026-04-15T13:07:49.458+0000] {processor.py:925} INFO - DAG(s) 'hello_world_dag' retrieved from /opt/airflow/dags/dag_1.py
[2026-04-15T13:07:49.485+0000] {logging_mixin.py:190} INFO - [2026-04-15T13:07:49.485+0000] {dag.py:3239} INFO - Sync 1 DAGs
[2026-04-15T13:07:49.505+0000] {logging_mixin.py:190} INFO - [2026-04-15T13:07:49.504+0000] {dag.py:4180} INFO - Setting next_dagrun for hello_world_dag to None, run_after=None
[2026-04-15T13:07:49.524+0000] {processor.py:208} INFO - Processing /opt/airflow/dags/dag_1.py took 0.091 seconds
[2026-04-15T13:08:19.696+0000] {processor.py:186} INFO - Started process (PID=191) to work on /opt/airflow/dags/dag_1.py
[2026-04-15T13:08:19.696+0000] {processor.py:914} INFO - Processing file /opt/airflow/dags/dag_1.py for tasks to queue
[2026-04-15T13:08:19.698+0000] {logging_mixin.py:190} INFO - [2026-04-15T13:08:19.698+0000] {dagbag.py:588} INFO - Filling up the DagBag from /opt/airflow/dags/dag_1.py
[2026-04-15T13:08:19.705+0000] {processor.py:925} INFO - DAG(s) 'hello_world_dag' retrieved from /opt/airflow/dags/dag_1.py
[2026-04-15T13:08:19.727+0000] {logging_mixin.py:190} INFO - [2026-04-15T13:08:19.727+0000] {dag.py:3239} INFO - Sync 1 DAGs
[2026-04-15T13:08:19.739+0000] {logging_mixin.py:190} INFO - [2026-04-15T13:08:19.739+0000] {dag.py:4180} INFO - Setting next_dagrun for hello_world_dag to None, run_after=None
[2026-04-15T13:08:19.754+0000] {processor.py:208} INFO - Processing /opt/airflow/dags/dag_1.py took 0.063 seconds
[2026-04-15T13:08:50.046+0000] {processor.py:186} INFO - Started process (PID=202) to work on /opt/airflow/dags/dag_1.py
[2026-04-15T13:08:50.047+0000] {processor.py:914} INFO - Processing file /opt/airflow/dags/dag_1.py for tasks to queue
[2026-04-15T13:08:50.052+0000] {logging_mixin.py:190} INFO - [2026-04-15T13:08:50.051+0000] {dagbag.py:588} INFO - Filling up the DagBag from /opt/airflow/dags/dag_1.py
[2026-04-15T13:08:50.079+0000] {processor.py:925} INFO - DAG(s) 'hello_world_dag' retrieved from /opt/airflow/dags/dag_1.py
[2026-04-15T13:08:50.137+0000] {logging_mixin.py:190} INFO - [2026-04-15T13:08:50.137+0000] {dag.py:3239} INFO - Sync 1 DAGs
[2026-04-15T13:08:50.173+0000] {logging_mixin.py:190} INFO - [2026-04-15T13:08:50.172+0000] {dag.py:4180} INFO - Setting next_dagrun for hello_world_dag to None, run_after=None
[2026-04-15T13:08:50.218+0000] {processor.py:208} INFO - Processing /opt/airflow/dags/dag_1.py took 0.188 seconds
[2026-04-15T13:09:20.331+0000] {processor.py:186} INFO - Started process (PID=213) to work on /opt/airflow/dags/dag_1.py
[2026-04-15T13:09:20.338+0000] {processor.py:914} INFO - Processing file /opt/airflow/dags/dag_1.py for tasks to queue
[2026-04-15T13:09:20.345+0000] {logging_mixin.py:190} INFO - [2026-04-15T13:09:20.344+0000] {dagbag.py:588} INFO - Filling up the DagBag from /opt/airflow/dags/dag_1.py
[2026-04-15T13:09:20.372+0000] {processor.py:925} INFO - DAG(s) 'hello_world_dag' retrieved from /opt/airflow/dags/dag_1.py
[2026-04-15T13:09:20.449+0000] {logging_mixin.py:190} INFO - [2026-04-15T13:09:20.448+0000] {dag.py:3239} INFO - Sync 1 DAGs
[2026-04-15T13:09:20.484+0000] {logging_mixin.py:190} INFO - [2026-04-15T13:09:20.484+0000] {dag.py:4180} INFO - Setting next_dagrun for hello_world_dag to None, run_after=None
[2026-04-15T13:09:20.515+0000] {processor.py:208} INFO - Processing /opt/airflow/dags/dag_1.py took 0.202 seconds
[2026-04-15T13:09:50.800+0000] {processor.py:186} INFO - Started process (PID=224) to work on /opt/airflow/dags/dag_1.py
[2026-04-15T13:09:50.801+0000] {processor.py:914} INFO - Processing file /opt/airflow/dags/dag_1.py for tasks to queue
[2026-04-15T13:09:50.807+0000] {logging_mixin.py:190} INFO - [2026-04-15T13:09:50.806+0000] {dagbag.py:588} INFO - Filling up the DagBag from /opt/airflow/dags/dag_1.py
[2026-04-15T13:09:50.836+0000] {processor.py:925} INFO - DAG(s) 'hello_world_dag' retrieved from /opt/airflow/dags/dag_1.py
[2026-04-15T13:09:50.911+0000] {logging_mixin.py:190} INFO - [2026-04-15T13:09:50.911+0000] {dag.py:3239} INFO - Sync 1 DAGs
[2026-04-15T13:09:50.959+0000] {logging_mixin.py:190} INFO - [2026-04-15T13:09:50.959+0000] {dag.py:4180} INFO - Setting next_dagrun for hello_world_dag to None, run_after=None
[2026-04-15T13:09:51.012+0000] {processor.py:208} INFO - Processing /opt/airflow/dags/dag_1.py took 0.230 seconds
[2026-04-15T13:10:21.127+0000] {processor.py:186} INFO - Started process (PID=235) to work on /opt/airflow/dags/dag_1.py
[2026-04-15T13:10:21.129+0000] {processor.py:914} INFO - Processing file /opt/airflow/dags/dag_1.py for tasks to queue
[2026-04-15T13:10:21.134+0000] {logging_mixin.py:190} INFO - [2026-04-15T13:10:21.134+0000] {dagbag.py:588} INFO - Filling up the DagBag from /opt/airflow/dags/dag_1.py
[2026-04-15T13:10:21.162+0000] {processor.py:925} INFO - DAG(s) 'hello_world_dag' retrieved from /opt/airflow/dags/dag_1.py
[2026-04-15T13:10:21.238+0000] {logging_mixin.py:190} INFO - [2026-04-15T13:10:21.237+0000] {dag.py:3239} INFO - Sync 1 DAGs
[2026-04-15T13:10:21.276+0000] {logging_mixin.py:190} INFO - [2026-04-15T13:10:21.276+0000] {dag.py:4180} INFO - Setting next_dagrun for hello_world_dag to None, run_after=None
[2026-04-15T13:10:21.305+0000] {processor.py:208} INFO - Processing /opt/airflow/dags/dag_1.py took 0.196 seconds
[2026-04-15T13:10:51.631+0000] {processor.py:186} INFO - Started process (PID=246) to work on /opt/airflow/dags/dag_1.py
[2026-04-15T13:10:51.638+0000] {processor.py:914} INFO - Processing file /opt/airflow/dags/dag_1.py for tasks to queue
[2026-04-15T13:10:51.644+0000] {logging_mixin.py:190} INFO - [2026-04-15T13:10:51.643+0000] {dagbag.py:588} INFO - Filling up the DagBag from /opt/airflow/dags/dag_1.py
[2026-04-15T13:10:51.672+0000] {processor.py:925} INFO - DAG(s) 'hello_world_dag' retrieved from /opt/airflow/dags/dag_1.py
[2026-04-15T13:10:51.748+0000] {logging_mixin.py:190} INFO - [2026-04-15T13:10:51.747+0000] {dag.py:3239} INFO - Sync 1 DAGs
[2026-04-15T13:10:51.797+0000] {logging_mixin.py:190} INFO - [2026-04-15T13:10:51.796+0000] {dag.py:4180} INFO - Setting next_dagrun for hello_world_dag to None, run_after=None
[2026-04-15T13:10:51.840+0000] {processor.py:208} INFO - Processing /opt/airflow/dags/dag_1.py took 0.226 seconds
[2026-04-15T13:11:21.938+0000] {processor.py:186} INFO - Started process (PID=257) to work on /opt/airflow/dags/dag_1.py
[2026-04-15T13:11:21.940+0000] {processor.py:914} INFO - Processing file /opt/airflow/dags/dag_1.py for tasks to queue
[2026-04-15T13:11:21.948+0000] {logging_mixin.py:190} INFO - [2026-04-15T13:11:21.947+0000] {dagbag.py:588} INFO - Filling up the DagBag from /opt/airflow/dags/dag_1.py
[2026-04-15T13:11:21.978+0000] {processor.py:925} INFO - DAG(s) 'hello_world_dag' retrieved from /opt/airflow/dags/dag_1.py
[2026-04-15T13:11:22.053+0000] {logging_mixin.py:190} INFO - [2026-04-15T13:11:22.052+0000] {dag.py:3239} INFO - Sync 1 DAGs
[2026-04-15T13:11:22.090+0000] {logging_mixin.py:190} INFO - [2026-04-15T13:11:22.090+0000] {dag.py:4180} INFO - Setting next_dagrun for hello_world_dag to None, run_after=None
[2026-04-15T13:11:22.117+0000] {processor.py:208} INFO - Processing /opt/airflow/dags/dag_1.py took 0.197 seconds
[2026-04-15T13:11:52.444+0000] {processor.py:186} INFO - Started process (PID=268) to work on /opt/airflow/dags/dag_1.py
[2026-04-15T13:11:52.452+0000] {processor.py:914} INFO - Processing file /opt/airflow/dags/dag_1.py for tasks to queue
[2026-04-15T13:11:52.459+0000] {logging_mixin.py:190} INFO - [2026-04-15T13:11:52.458+0000] {dagbag.py:588} INFO - Filling up the DagBag from /opt/airflow/dags/dag_1.py
[2026-04-15T13:11:52.487+0000] {processor.py:925} INFO - DAG(s) 'hello_world_dag' retrieved from /opt/airflow/dags/dag_1.py
[2026-04-15T13:11:52.560+0000] {logging_mixin.py:190} INFO - [2026-04-15T13:11:52.560+0000] {dag.py:3239} INFO - Sync 1 DAGs
[2026-04-15T13:11:52.606+0000] {logging_mixin.py:190} INFO - [2026-04-15T13:11:52.606+0000] {dag.py:4180} INFO - Setting next_dagrun for hello_world_dag to None, run_after=None
[2026-04-15T13:11:52.653+0000] {processor.py:208} INFO - Processing /opt/airflow/dags/dag_1.py took 0.229 seconds
[2026-04-15T13:12:22.753+0000] {processor.py:186} INFO - Started process (PID=279) to work on /opt/airflow/dags/dag_1.py
[2026-04-15T13:12:22.755+0000] {processor.py:914} INFO - Processing file /opt/airflow/dags/dag_1.py for tasks to queue
[2026-04-15T13:12:22.762+0000] {logging_mixin.py:190} INFO - [2026-04-15T13:12:22.761+0000] {dagbag.py:588} INFO - Filling up the DagBag from /opt/airflow/dags/dag_1.py
[2026-04-15T13:12:22.788+0000] {processor.py:925} INFO - DAG(s) 'hello_world_dag' retrieved from /opt/airflow/dags/dag_1.py
[2026-04-15T13:12:22.869+0000] {logging_mixin.py:190} INFO - [2026-04-15T13:12:22.868+0000] {dag.py:3239} INFO - Sync 1 DAGs
[2026-04-15T13:12:22.901+0000] {logging_mixin.py:190} INFO - [2026-04-15T13:12:22.900+0000] {dag.py:4180} INFO - Setting next_dagrun for hello_world_dag to None, run_after=None
[2026-04-15T13:12:22.931+0000] {processor.py:208} INFO - Processing /opt/airflow/dags/dag_1.py took 0.196 seconds
[2026-04-15T13:12:53.300+0000] {processor.py:186} INFO - Started process (PID=290) to work on /opt/airflow/dags/dag_1.py
[2026-04-15T13:12:53.302+0000] {processor.py:914} INFO - Processing file /opt/airflow/dags/dag_1.py for tasks to queue
[2026-04-15T13:12:53.308+0000] {logging_mixin.py:190} INFO - [2026-04-15T13:12:53.307+0000] {dagbag.py:588} INFO - Filling up the DagBag from /opt/airflow/dags/dag_1.py
[2026-04-15T13:12:53.336+0000] {processor.py:925} INFO - DAG(s) 'hello_world_dag' retrieved from /opt/airflow/dags/dag_1.py
[2026-04-15T13:12:53.410+0000] {logging_mixin.py:190} INFO - [2026-04-15T13:12:53.409+0000] {dag.py:3239} INFO - Sync 1 DAGs
[2026-04-15T13:12:53.435+0000] {logging_mixin.py:190} INFO - [2026-04-15T13:12:53.435+0000] {dag.py:4180} INFO - Setting next_dagrun for hello_world_dag to None, run_after=None
[2026-04-15T13:12:53.462+0000] {processor.py:208} INFO - Processing /opt/airflow/dags/dag_1.py took 0.184 seconds
[2026-04-15T13:13:23.611+0000] {processor.py:186} INFO - Started process (PID=301) to work on /opt/airflow/dags/dag_1.py
[2026-04-15T13:13:23.613+0000] {processor.py:914} INFO - Processing file /opt/airflow/dags/dag_1.py for tasks to queue
[2026-04-15T13:13:23.620+0000] {logging_mixin.py:190} INFO - [2026-04-15T13:13:23.619+0000] {dagbag.py:588} INFO - Filling up the DagBag from /opt/airflow/dags/dag_1.py
[2026-04-15T13:13:23.648+0000] {processor.py:925} INFO - DAG(s) 'hello_world_dag' retrieved from /opt/airflow/dags/dag_1.py
[2026-04-15T13:13:23.741+0000] {logging_mixin.py:190} INFO - [2026-04-15T13:13:23.740+0000] {dag.py:3239} INFO - Sync 1 DAGs
[2026-04-15T13:13:23.794+0000] {logging_mixin.py:190} INFO - [2026-04-15T13:13:23.793+0000] {dag.py:4180} INFO - Setting next_dagrun for hello_world_dag to None, run_after=None
[2026-04-15T13:13:23.858+0000] {processor.py:208} INFO - Processing /opt/airflow/dags/dag_1.py took 0.266 seconds
[2026-04-15T13:13:54.056+0000] {processor.py:186} INFO - Started process (PID=318) to work on /opt/airflow/dags/dag_1.py
[2026-04-15T13:13:54.063+0000] {processor.py:914} INFO - Processing file /opt/airflow/dags/dag_1.py for tasks to queue
[2026-04-15T13:13:54.068+0000] {logging_mixin.py:190} INFO - [2026-04-15T13:13:54.067+0000] {dagbag.py:588} INFO - Filling up the DagBag from /opt/airflow/dags/dag_1.py
[2026-04-15T13:13:54.088+0000] {processor.py:925} INFO - DAG(s) 'hello_world_dag' retrieved from /opt/airflow/dags/dag_1.py
[2026-04-15T13:13:54.150+0000] {logging_mixin.py:190} INFO - [2026-04-15T13:13:54.150+0000] {dag.py:3239} INFO - Sync 1 DAGs
[2026-04-15T13:13:54.194+0000] {logging_mixin.py:190} INFO - [2026-04-15T13:13:54.194+0000] {dag.py:4180} INFO - Setting next_dagrun for hello_world_dag to None, run_after=None
[2026-04-15T13:13:54.243+0000] {processor.py:208} INFO - Processing /opt/airflow/dags/dag_1.py took 0.200 seconds
[2026-04-15T13:14:24.468+0000] {processor.py:186} INFO - Started process (PID=329) to work on /opt/airflow/dags/dag_1.py
[2026-04-15T13:14:24.470+0000] {processor.py:914} INFO - Processing file /opt/airflow/dags/dag_1.py for tasks to queue
[2026-04-15T13:14:24.476+0000] {logging_mixin.py:190} INFO - [2026-04-15T13:14:24.475+0000] {dagbag.py:588} INFO - Filling up the DagBag from /opt/airflow/dags/dag_1.py
[2026-04-15T13:14:24.503+0000] {processor.py:925} INFO - DAG(s) 'hello_world_dag' retrieved from /opt/airflow/dags/dag_1.py
[2026-04-15T13:14:24.576+0000] {logging_mixin.py:190} INFO - [2026-04-15T13:14:24.575+0000] {dag.py:3239} INFO - Sync 1 DAGs
[2026-04-15T13:14:24.617+0000] {logging_mixin.py:190} INFO - [2026-04-15T13:14:24.616+0000] {dag.py:4180} INFO - Setting next_dagrun for hello_world_dag to None, run_after=None
[2026-04-15T13:14:24.645+0000] {processor.py:208} INFO - Processing /opt/airflow/dags/dag_1.py took 0.194 seconds
[2026-04-15T13:14:54.866+0000] {processor.py:186} INFO - Started process (PID=340) to work on /opt/airflow/dags/dag_1.py
[2026-04-15T13:14:54.874+0000] {processor.py:914} INFO - Processing file /opt/airflow/dags/dag_1.py for tasks to queue
[2026-04-15T13:14:54.881+0000] {logging_mixin.py:190} INFO - [2026-04-15T13:14:54.880+0000] {dagbag.py:588} INFO - Filling up the DagBag from /opt/airflow/dags/dag_1.py
[2026-04-15T13:14:54.908+0000] {processor.py:925} INFO - DAG(s) 'hello_world_dag' retrieved from /opt/airflow/dags/dag_1.py
[2026-04-15T13:14:54.983+0000] {logging_mixin.py:190} INFO - [2026-04-15T13:14:54.983+0000] {dag.py:3239} INFO - Sync 1 DAGs
[2026-04-15T13:14:55.031+0000] {logging_mixin.py:190} INFO - [2026-04-15T13:14:55.030+0000] {dag.py:4180} INFO - Setting next_dagrun for hello_world_dag to None, run_after=None
[2026-04-15T13:14:55.084+0000] {processor.py:208} INFO - Processing /opt/airflow/dags/dag_1.py took 0.236 seconds
[2026-04-15T13:15:25.237+0000] {processor.py:186} INFO - Started process (PID=351) to work on /opt/airflow/dags/dag_1.py
[2026-04-15T13:15:25.239+0000] {processor.py:914} INFO - Processing file /opt/airflow/dags/dag_1.py for tasks to queue
[2026-04-15T13:15:25.247+0000] {logging_mixin.py:190} INFO - [2026-04-15T13:15:25.245+0000] {dagbag.py:588} INFO - Filling up the DagBag from /opt/airflow/dags/dag_1.py
[2026-04-15T13:15:25.274+0000] {processor.py:925} INFO - DAG(s) 'hello_world_dag' retrieved from /opt/airflow/dags/dag_1.py
[2026-04-15T13:15:25.351+0000] {logging_mixin.py:190} INFO - [2026-04-15T13:15:25.351+0000] {dag.py:3239} INFO - Sync 1 DAGs
[2026-04-15T13:15:25.400+0000] {logging_mixin.py:190} INFO - [2026-04-15T13:15:25.400+0000] {dag.py:4180} INFO - Setting next_dagrun for hello_world_dag to None, run_after=None
[2026-04-15T13:15:25.460+0000] {processor.py:208} INFO - Processing /opt/airflow/dags/dag_1.py took 0.241 seconds
[2026-04-15T13:15:55.704+0000] {processor.py:186} INFO - Started process (PID=362) to work on /opt/airflow/dags/dag_1.py
[2026-04-15T13:15:55.712+0000] {processor.py:914} INFO - Processing file /opt/airflow/dags/dag_1.py for tasks to queue
[2026-04-15T13:15:55.719+0000] {logging_mixin.py:190} INFO - [2026-04-15T13:15:55.718+0000] {dagbag.py:588} INFO - Filling up the DagBag from /opt/airflow/dags/dag_1.py
[2026-04-15T13:15:55.746+0000] {processor.py:925} INFO - DAG(s) 'hello_world_dag' retrieved from /opt/airflow/dags/dag_1.py
[2026-04-15T13:15:55.818+0000] {logging_mixin.py:190} INFO - [2026-04-15T13:15:55.817+0000] {dag.py:3239} INFO - Sync 1 DAGs
[2026-04-15T13:15:55.864+0000] {logging_mixin.py:190} INFO - [2026-04-15T13:15:55.864+0000] {dag.py:4180} INFO - Setting next_dagrun for hello_world_dag to None, run_after=None
[2026-04-15T13:15:55.926+0000] {processor.py:208} INFO - Processing /opt/airflow/dags/dag_1.py took 0.239 seconds
[2026-04-15T13:16:26.072+0000] {processor.py:186} INFO - Started process (PID=373) to work on /opt/airflow/dags/dag_1.py
[2026-04-15T13:16:26.073+0000] {processor.py:914} INFO - Processing file /opt/airflow/dags/dag_1.py for tasks to queue
[2026-04-15T13:16:26.080+0000] {logging_mixin.py:190} INFO - [2026-04-15T13:16:26.079+0000] {dagbag.py:588} INFO - Filling up the DagBag from /opt/airflow/dags/dag_1.py
[2026-04-15T13:16:26.110+0000] {processor.py:925} INFO - DAG(s) 'hello_world_dag' retrieved from /opt/airflow/dags/dag_1.py
[2026-04-15T13:16:26.184+0000] {logging_mixin.py:190} INFO - [2026-04-15T13:16:26.183+0000] {dag.py:3239} INFO - Sync 1 DAGs
[2026-04-15T13:16:26.225+0000] {logging_mixin.py:190} INFO - [2026-04-15T13:16:26.225+0000] {dag.py:4180} INFO - Setting next_dagrun for hello_world_dag to None, run_after=None
[2026-04-15T13:16:26.268+0000] {processor.py:208} INFO - Processing /opt/airflow/dags/dag_1.py took 0.214 seconds
[2026-04-15T13:16:56.553+0000] {processor.py:186} INFO - Started process (PID=384) to work on /opt/airflow/dags/dag_1.py
[2026-04-15T13:16:56.561+0000] {processor.py:914} INFO - Processing file /opt/airflow/dags/dag_1.py for tasks to queue
[2026-04-15T13:16:56.568+0000] {logging_mixin.py:190} INFO - [2026-04-15T13:16:56.567+0000] {dagbag.py:588} INFO - Filling up the DagBag from /opt/airflow/dags/dag_1.py
[2026-04-15T13:16:56.597+0000] {processor.py:925} INFO - DAG(s) 'hello_world_dag' retrieved from /opt/airflow/dags/dag_1.py
[2026-04-15T13:16:56.672+0000] {logging_mixin.py:190} INFO - [2026-04-15T13:16:56.671+0000] {dag.py:3239} INFO - Sync 1 DAGs
[2026-04-15T13:16:56.708+0000] {logging_mixin.py:190} INFO - [2026-04-15T13:16:56.708+0000] {dag.py:4180} INFO - Setting next_dagrun for hello_world_dag to None, run_after=None
[2026-04-15T13:16:56.743+0000] {processor.py:208} INFO - Processing /opt/airflow/dags/dag_1.py took 0.210 seconds
[2026-04-15T13:17:26.882+0000] {processor.py:186} INFO - Started process (PID=395) to work on /opt/airflow/dags/dag_1.py
[2026-04-15T13:17:26.884+0000] {processor.py:914} INFO - Processing file /opt/airflow/dags/dag_1.py for tasks to queue
[2026-04-15T13:17:26.890+0000] {logging_mixin.py:190} INFO - [2026-04-15T13:17:26.889+0000] {dagbag.py:588} INFO - Filling up the DagBag from /opt/airflow/dags/dag_1.py
[2026-04-15T13:17:26.923+0000] {processor.py:925} INFO - DAG(s) 'hello_world_dag' retrieved from /opt/airflow/dags/dag_1.py
[2026-04-15T13:17:26.995+0000] {logging_mixin.py:190} INFO - [2026-04-15T13:17:26.994+0000] {dag.py:3239} INFO - Sync 1 DAGs
[2026-04-15T13:17:27.034+0000] {logging_mixin.py:190} INFO - [2026-04-15T13:17:27.033+0000] {dag.py:4180} INFO - Setting next_dagrun for hello_world_dag to None, run_after=None
[2026-04-15T13:17:27.062+0000] {processor.py:208} INFO - Processing /opt/airflow/dags/dag_1.py took 0.197 seconds
[2026-04-15T13:17:57.362+0000] {processor.py:186} INFO - Started process (PID=406) to work on /opt/airflow/dags/dag_1.py
[2026-04-15T13:17:57.363+0000] {processor.py:914} INFO - Processing file /opt/airflow/dags/dag_1.py for tasks to queue
[2026-04-15T13:17:57.369+0000] {logging_mixin.py:190} INFO - [2026-04-15T13:17:57.368+0000] {dagbag.py:588} INFO - Filling up the DagBag from /opt/airflow/dags/dag_1.py
[2026-04-15T13:17:57.397+0000] {processor.py:925} INFO - DAG(s) 'hello_world_dag' retrieved from /opt/airflow/dags/dag_1.py
[2026-04-15T13:17:57.470+0000] {logging_mixin.py:190} INFO - [2026-04-15T13:17:57.469+0000] {dag.py:3239} INFO - Sync 1 DAGs
[2026-04-15T13:17:57.498+0000] {logging_mixin.py:190} INFO - [2026-04-15T13:17:57.498+0000] {dag.py:4180} INFO - Setting next_dagrun for hello_world_dag to None, run_after=None
[2026-04-15T13:17:57.523+0000] {processor.py:208} INFO - Processing /opt/airflow/dags/dag_1.py took 0.181 seconds
[2026-04-15T13:18:27.680+0000] {processor.py:186} INFO - Started process (PID=417) to work on /opt/airflow/dags/dag_1.py
[2026-04-15T13:18:27.688+0000] {processor.py:914} INFO - Processing file /opt/airflow/dags/dag_1.py for tasks to queue
[2026-04-15T13:18:27.695+0000] {logging_mixin.py:190} INFO - [2026-04-15T13:18:27.693+0000] {dagbag.py:588} INFO - Filling up the DagBag from /opt/airflow/dags/dag_1.py
[2026-04-15T13:18:27.721+0000] {processor.py:925} INFO - DAG(s) 'hello_world_dag' retrieved from /opt/airflow/dags/dag_1.py
[2026-04-15T13:18:27.795+0000] {logging_mixin.py:190} INFO - [2026-04-15T13:18:27.794+0000] {dag.py:3239} INFO - Sync 1 DAGs
[2026-04-15T13:18:27.837+0000] {logging_mixin.py:190} INFO - [2026-04-15T13:18:27.837+0000] {dag.py:4180} INFO - Setting next_dagrun for hello_world_dag to None, run_after=None
[2026-04-15T13:18:27.867+0000] {processor.py:208} INFO - Processing /opt/airflow/dags/dag_1.py took 0.206 seconds
[2026-04-15T13:18:58.135+0000] {processor.py:186} INFO - Started process (PID=428) to work on /opt/airflow/dags/dag_1.py
[2026-04-15T13:18:58.137+0000] {processor.py:914} INFO - Processing file /opt/airflow/dags/dag_1.py for tasks to queue
[2026-04-15T13:18:58.146+0000] {logging_mixin.py:190} INFO - [2026-04-15T13:18:58.145+0000] {dagbag.py:588} INFO - Filling up the DagBag from /opt/airflow/dags/dag_1.py
[2026-04-15T13:18:58.176+0000] {processor.py:925} INFO - DAG(s) 'hello_world_dag' retrieved from /opt/airflow/dags/dag_1.py
[2026-04-15T13:18:58.249+0000] {logging_mixin.py:190} INFO - [2026-04-15T13:18:58.249+0000] {dag.py:3239} INFO - Sync 1 DAGs
[2026-04-15T13:18:58.302+0000] {logging_mixin.py:190} INFO - [2026-04-15T13:18:58.301+0000] {dag.py:4180} INFO - Setting next_dagrun for hello_world_dag to None, run_after=None
[2026-04-15T13:18:58.362+0000] {processor.py:208} INFO - Processing /opt/airflow/dags/dag_1.py took 0.245 seconds
[2026-04-15T13:19:28.479+0000] {processor.py:186} INFO - Started process (PID=439) to work on /opt/airflow/dags/dag_1.py
[2026-04-15T13:19:28.487+0000] {processor.py:914} INFO - Processing file /opt/airflow/dags/dag_1.py for tasks to queue
[2026-04-15T13:19:28.494+0000] {logging_mixin.py:190} INFO - [2026-04-15T13:19:28.493+0000] {dagbag.py:588} INFO - Filling up the DagBag from /opt/airflow/dags/dag_1.py
[2026-04-15T13:19:28.522+0000] {processor.py:925} INFO - DAG(s) 'hello_world_dag' retrieved from /opt/airflow/dags/dag_1.py
[2026-04-15T13:19:28.596+0000] {logging_mixin.py:190} INFO - [2026-04-15T13:19:28.596+0000] {dag.py:3239} INFO - Sync 1 DAGs
[2026-04-15T13:19:28.644+0000] {logging_mixin.py:190} INFO - [2026-04-15T13:19:28.643+0000] {dag.py:4180} INFO - Setting next_dagrun for hello_world_dag to None, run_after=None
[2026-04-15T13:19:28.701+0000] {processor.py:208} INFO - Processing /opt/airflow/dags/dag_1.py took 0.241 seconds
[2026-04-15T13:19:58.986+0000] {processor.py:186} INFO - Started process (PID=450) to work on /opt/airflow/dags/dag_1.py
[2026-04-15T13:19:58.988+0000] {processor.py:914} INFO - Processing file /opt/airflow/dags/dag_1.py for tasks to queue
[2026-04-15T13:19:58.994+0000] {logging_mixin.py:190} INFO - [2026-04-15T13:19:58.994+0000] {dagbag.py:588} INFO - Filling up the DagBag from /opt/airflow/dags/dag_1.py
[2026-04-15T13:19:59.023+0000] {processor.py:925} INFO - DAG(s) 'hello_world_dag' retrieved from /opt/airflow/dags/dag_1.py
[2026-04-15T13:19:59.097+0000] {logging_mixin.py:190} INFO - [2026-04-15T13:19:59.096+0000] {dag.py:3239} INFO - Sync 1 DAGs
[2026-04-15T13:19:59.146+0000] {logging_mixin.py:190} INFO - [2026-04-15T13:19:59.145+0000] {dag.py:4180} INFO - Setting next_dagrun for hello_world_dag to None, run_after=None
[2026-04-15T13:19:59.205+0000] {processor.py:208} INFO - Processing /opt/airflow/dags/dag_1.py took 0.237 seconds
[2026-04-15T13:20:29.318+0000] {processor.py:186} INFO - Started process (PID=461) to work on /opt/airflow/dags/dag_1.py
[2026-04-15T13:20:29.326+0000] {processor.py:914} INFO - Processing file /opt/airflow/dags/dag_1.py for tasks to queue
[2026-04-15T13:20:29.332+0000] {logging_mixin.py:190} INFO - [2026-04-15T13:20:29.331+0000] {dagbag.py:588} INFO - Filling up the DagBag from /opt/airflow/dags/dag_1.py
[2026-04-15T13:20:29.362+0000] {processor.py:925} INFO - DAG(s) 'hello_world_dag' retrieved from /opt/airflow/dags/dag_1.py
[2026-04-15T13:20:29.434+0000] {logging_mixin.py:190} INFO - [2026-04-15T13:20:29.433+0000] {dag.py:3239} INFO - Sync 1 DAGs
[2026-04-15T13:20:29.471+0000] {logging_mixin.py:190} INFO - [2026-04-15T13:20:29.471+0000] {dag.py:4180} INFO - Setting next_dagrun for hello_world_dag to None, run_after=None
[2026-04-15T13:20:29.506+0000] {processor.py:208} INFO - Processing /opt/airflow/dags/dag_1.py took 0.207 seconds
[2026-04-15T13:20:59.821+0000] {processor.py:186} INFO - Started process (PID=472) to work on /opt/airflow/dags/dag_1.py
[2026-04-15T13:20:59.823+0000] {processor.py:914} INFO - Processing file /opt/airflow/dags/dag_1.py for tasks to queue
[2026-04-15T13:20:59.828+0000] {logging_mixin.py:190} INFO - [2026-04-15T13:20:59.828+0000] {dagbag.py:588} INFO - Filling up the DagBag from /opt/airflow/dags/dag_1.py
[2026-04-15T13:20:59.858+0000] {processor.py:925} INFO - DAG(s) 'hello_world_dag' retrieved from /opt/airflow/dags/dag_1.py
[2026-04-15T13:20:59.931+0000] {logging_mixin.py:190} INFO - [2026-04-15T13:20:59.931+0000] {dag.py:3239} INFO - Sync 1 DAGs
[2026-04-15T13:20:59.978+0000] {logging_mixin.py:190} INFO - [2026-04-15T13:20:59.978+0000] {dag.py:4180} INFO - Setting next_dagrun for hello_world_dag to None, run_after=None
[2026-04-15T13:21:00.041+0000] {processor.py:208} INFO - Processing /opt/airflow/dags/dag_1.py took 0.238 seconds
[2026-04-15T13:21:30.128+0000] {processor.py:186} INFO - Started process (PID=483) to work on /opt/airflow/dags/dag_1.py
[2026-04-15T13:21:30.135+0000] {processor.py:914} INFO - Processing file /opt/airflow/dags/dag_1.py for tasks to queue
[2026-04-15T13:21:30.141+0000] {logging_mixin.py:190} INFO - [2026-04-15T13:21:30.140+0000] {dagbag.py:588} INFO - Filling up the DagBag from /opt/airflow/dags/dag_1.py
[2026-04-15T13:21:30.169+0000] {processor.py:925} INFO - DAG(s) 'hello_world_dag' retrieved from /opt/airflow/dags/dag_1.py
[2026-04-15T13:21:30.242+0000] {logging_mixin.py:190} INFO - [2026-04-15T13:21:30.241+0000] {dag.py:3239} INFO - Sync 1 DAGs
[2026-04-15T13:21:30.278+0000] {logging_mixin.py:190} INFO - [2026-04-15T13:21:30.278+0000] {dag.py:4180} INFO - Setting next_dagrun for hello_world_dag to None, run_after=None
[2026-04-15T13:21:30.312+0000] {processor.py:208} INFO - Processing /opt/airflow/dags/dag_1.py took 0.204 seconds
[2026-04-15T13:22:00.426+0000] {processor.py:186} INFO - Started process (PID=494) to work on /opt/airflow/dags/dag_1.py
[2026-04-15T13:22:00.428+0000] {processor.py:914} INFO - Processing file /opt/airflow/dags/dag_1.py for tasks to queue
[2026-04-15T13:22:00.435+0000] {logging_mixin.py:190} INFO - [2026-04-15T13:22:00.434+0000] {dagbag.py:588} INFO - Filling up the DagBag from /opt/airflow/dags/dag_1.py
[2026-04-15T13:22:00.464+0000] {processor.py:925} INFO - DAG(s) 'hello_world_dag' retrieved from /opt/airflow/dags/dag_1.py
[2026-04-15T13:22:00.539+0000] {logging_mixin.py:190} INFO - [2026-04-15T13:22:00.538+0000] {dag.py:3239} INFO - Sync 1 DAGs
[2026-04-15T13:22:00.591+0000] {logging_mixin.py:190} INFO - [2026-04-15T13:22:00.590+0000] {dag.py:4180} INFO - Setting next_dagrun for hello_world_dag to None, run_after=None
[2026-04-15T13:22:00.657+0000] {processor.py:208} INFO - Processing /opt/airflow/dags/dag_1.py took 0.248 seconds
[2026-04-15T13:22:30.925+0000] {processor.py:186} INFO - Started process (PID=505) to work on /opt/airflow/dags/dag_1.py
[2026-04-15T13:22:30.927+0000] {processor.py:914} INFO - Processing file /opt/airflow/dags/dag_1.py for tasks to queue
[2026-04-15T13:22:30.933+0000] {logging_mixin.py:190} INFO - [2026-04-15T13:22:30.932+0000] {dagbag.py:588} INFO - Filling up the DagBag from /opt/airflow/dags/dag_1.py
[2026-04-15T13:22:30.962+0000] {processor.py:925} INFO - DAG(s) 'hello_world_dag' retrieved from /opt/airflow/dags/dag_1.py
[2026-04-15T13:22:31.036+0000] {logging_mixin.py:190} INFO - [2026-04-15T13:22:31.035+0000] {dag.py:3239} INFO - Sync 1 DAGs
[2026-04-15T13:22:31.085+0000] {logging_mixin.py:190} INFO - [2026-04-15T13:22:31.085+0000] {dag.py:4180} INFO - Setting next_dagrun for hello_world_dag to None, run_after=None
[2026-04-15T13:22:31.150+0000] {processor.py:208} INFO - Processing /opt/airflow/dags/dag_1.py took 0.245 seconds
[2026-04-15T13:23:01.284+0000] {processor.py:186} INFO - Started process (PID=516) to work on /opt/airflow/dags/dag_1.py
[2026-04-15T13:23:01.286+0000] {processor.py:914} INFO - Processing file /opt/airflow/dags/dag_1.py for tasks to queue
[2026-04-15T13:23:01.293+0000] {logging_mixin.py:190} INFO - [2026-04-15T13:23:01.292+0000] {dagbag.py:588} INFO - Filling up the DagBag from /opt/airflow/dags/dag_1.py
[2026-04-15T13:23:01.319+0000] {processor.py:925} INFO - DAG(s) 'hello_world_dag' retrieved from /opt/airflow/dags/dag_1.py
[2026-04-15T13:23:01.395+0000] {logging_mixin.py:190} INFO - [2026-04-15T13:23:01.394+0000] {dag.py:3239} INFO - Sync 1 DAGs
[2026-04-15T13:23:01.432+0000] {logging_mixin.py:190} INFO - [2026-04-15T13:23:01.431+0000] {dag.py:4180} INFO - Setting next_dagrun for hello_world_dag to None, run_after=None
[2026-04-15T13:23:01.457+0000] {processor.py:208} INFO - Processing /opt/airflow/dags/dag_1.py took 0.192 seconds
[2026-04-15T13:23:31.577+0000] {processor.py:186} INFO - Started process (PID=527) to work on /opt/airflow/dags/dag_1.py
[2026-04-15T13:23:31.579+0000] {processor.py:914} INFO - Processing file /opt/airflow/dags/dag_1.py for tasks to queue
[2026-04-15T13:23:31.589+0000] {logging_mixin.py:190} INFO - [2026-04-15T13:23:31.588+0000] {dagbag.py:588} INFO - Filling up the DagBag from /opt/airflow/dags/dag_1.py
[2026-04-15T13:23:31.617+0000] {processor.py:925} INFO - DAG(s) 'hello_world_dag' retrieved from /opt/airflow/dags/dag_1.py
[2026-04-15T13:23:31.656+0000] {logging_mixin.py:190} INFO - [2026-04-15T13:23:31.655+0000] {dag.py:3239} INFO - Sync 1 DAGs
[2026-04-15T13:23:31.672+0000] {logging_mixin.py:190} INFO - [2026-04-15T13:23:31.672+0000] {dag.py:4180} INFO - Setting next_dagrun for hello_world_dag to None, run_after=None
[2026-04-15T13:23:31.694+0000] {processor.py:208} INFO - Processing /opt/airflow/dags/dag_1.py took 0.135 seconds
[2026-04-15T13:24:01.861+0000] {processor.py:186} INFO - Started process (PID=538) to work on /opt/airflow/dags/dag_1.py
[2026-04-15T13:24:01.869+0000] {processor.py:914} INFO - Processing file /opt/airflow/dags/dag_1.py for tasks to queue
[2026-04-15T13:24:01.876+0000] {logging_mixin.py:190} INFO - [2026-04-15T13:24:01.875+0000] {dagbag.py:588} INFO - Filling up the DagBag from /opt/airflow/dags/dag_1.py
[2026-04-15T13:24:01.903+0000] {processor.py:925} INFO - DAG(s) 'hello_world_dag' retrieved from /opt/airflow/dags/dag_1.py
[2026-04-15T13:24:01.978+0000] {logging_mixin.py:190} INFO - [2026-04-15T13:24:01.977+0000] {dag.py:3239} INFO - Sync 1 DAGs
[2026-04-15T13:24:02.012+0000] {logging_mixin.py:190} INFO - [2026-04-15T13:24:02.011+0000] {dag.py:4180} INFO - Setting next_dagrun for hello_world_dag to None, run_after=None
[2026-04-15T13:24:02.043+0000] {processor.py:208} INFO - Processing /opt/airflow/dags/dag_1.py took 0.200 seconds
[2026-04-15T13:24:32.282+0000] {processor.py:186} INFO - Started process (PID=549) to work on /opt/airflow/dags/dag_1.py
[2026-04-15T13:24:32.284+0000] {processor.py:914} INFO - Processing file /opt/airflow/dags/dag_1.py for tasks to queue
[2026-04-15T13:24:32.291+0000] {logging_mixin.py:190} INFO - [2026-04-15T13:24:32.290+0000] {dagbag.py:588} INFO - Filling up the DagBag from /opt/airflow/dags/dag_1.py
[2026-04-15T13:24:32.317+0000] {processor.py:925} INFO - DAG(s) 'hello_world_dag' retrieved from /opt/airflow/dags/dag_1.py
[2026-04-15T13:24:32.389+0000] {logging_mixin.py:190} INFO - [2026-04-15T13:24:32.388+0000] {dag.py:3239} INFO - Sync 1 DAGs
[2026-04-15T13:24:32.428+0000] {logging_mixin.py:190} INFO - [2026-04-15T13:24:32.428+0000] {dag.py:4180} INFO - Setting next_dagrun for hello_world_dag to None, run_after=None
[2026-04-15T13:24:32.473+0000] {processor.py:208} INFO - Processing /opt/airflow/dags/dag_1.py took 0.209 seconds
[2026-04-15T13:25:02.650+0000] {processor.py:186} INFO - Started process (PID=560) to work on /opt/airflow/dags/dag_1.py
[2026-04-15T13:25:02.658+0000] {processor.py:914} INFO - Processing file /opt/airflow/dags/dag_1.py for tasks to queue
[2026-04-15T13:25:02.664+0000] {logging_mixin.py:190} INFO - [2026-04-15T13:25:02.663+0000] {dagbag.py:588} INFO - Filling up the DagBag from /opt/airflow/dags/dag_1.py
[2026-04-15T13:25:02.693+0000] {processor.py:925} INFO - DAG(s) 'hello_world_dag' retrieved from /opt/airflow/dags/dag_1.py
[2026-04-15T13:25:02.768+0000] {logging_mixin.py:190} INFO - [2026-04-15T13:25:02.768+0000] {dag.py:3239} INFO - Sync 1 DAGs
[2026-04-15T13:25:02.802+0000] {logging_mixin.py:190} INFO - [2026-04-15T13:25:02.802+0000] {dag.py:4180} INFO - Setting next_dagrun for hello_world_dag to None, run_after=None
[2026-04-15T13:25:02.825+0000] {processor.py:208} INFO - Processing /opt/airflow/dags/dag_1.py took 0.196 seconds
[2026-04-15T13:25:33.102+0000] {processor.py:186} INFO - Started process (PID=571) to work on /opt/airflow/dags/dag_1.py
[2026-04-15T13:25:33.103+0000] {processor.py:914} INFO - Processing file /opt/airflow/dags/dag_1.py for tasks to queue
[2026-04-15T13:25:33.109+0000] {logging_mixin.py:190} INFO - [2026-04-15T13:25:33.108+0000] {dagbag.py:588} INFO - Filling up the DagBag from /opt/airflow/dags/dag_1.py
[2026-04-15T13:25:33.135+0000] {processor.py:925} INFO - DAG(s) 'hello_world_dag' retrieved from /opt/airflow/dags/dag_1.py
[2026-04-15T13:25:33.211+0000] {logging_mixin.py:190} INFO - [2026-04-15T13:25:33.210+0000] {dag.py:3239} INFO - Sync 1 DAGs
[2026-04-15T13:25:33.248+0000] {logging_mixin.py:190} INFO - [2026-04-15T13:25:33.248+0000] {dag.py:4180} INFO - Setting next_dagrun for hello_world_dag to None, run_after=None
[2026-04-15T13:25:33.283+0000] {processor.py:208} INFO - Processing /opt/airflow/dags/dag_1.py took 0.199 seconds
[2026-04-15T13:26:03.435+0000] {processor.py:186} INFO - Started process (PID=582) to work on /opt/airflow/dags/dag_1.py
[2026-04-15T13:26:03.443+0000] {processor.py:914} INFO - Processing file /opt/airflow/dags/dag_1.py for tasks to queue
[2026-04-15T13:26:03.450+0000] {logging_mixin.py:190} INFO - [2026-04-15T13:26:03.449+0000] {dagbag.py:588} INFO - Filling up the DagBag from /opt/airflow/dags/dag_1.py
[2026-04-15T13:26:03.480+0000] {processor.py:925} INFO - DAG(s) 'hello_world_dag' retrieved from /opt/airflow/dags/dag_1.py
[2026-04-15T13:26:03.554+0000] {logging_mixin.py:190} INFO - [2026-04-15T13:26:03.553+0000] {dag.py:3239} INFO - Sync 1 DAGs
[2026-04-15T13:26:03.592+0000] {logging_mixin.py:190} INFO - [2026-04-15T13:26:03.591+0000] {dag.py:4180} INFO - Setting next_dagrun for hello_world_dag to None, run_after=None
[2026-04-15T13:26:03.623+0000] {processor.py:208} INFO - Processing /opt/airflow/dags/dag_1.py took 0.208 seconds
[2026-04-15T13:26:33.901+0000] {processor.py:186} INFO - Started process (PID=593) to work on /opt/airflow/dags/dag_1.py
[2026-04-15T13:26:33.903+0000] {processor.py:914} INFO - Processing file /opt/airflow/dags/dag_1.py for tasks to queue
[2026-04-15T13:26:33.909+0000] {logging_mixin.py:190} INFO - [2026-04-15T13:26:33.908+0000] {dagbag.py:588} INFO - Filling up the DagBag from /opt/airflow/dags/dag_1.py
[2026-04-15T13:26:33.940+0000] {processor.py:925} INFO - DAG(s) 'hello_world_dag' retrieved from /opt/airflow/dags/dag_1.py
[2026-04-15T13:26:34.020+0000] {logging_mixin.py:190} INFO - [2026-04-15T13:26:34.020+0000] {dag.py:3239} INFO - Sync 1 DAGs
[2026-04-15T13:26:34.046+0000] {logging_mixin.py:190} INFO - [2026-04-15T13:26:34.046+0000] {dag.py:4180} INFO - Setting next_dagrun for hello_world_dag to None, run_after=None
[2026-04-15T13:26:34.067+0000] {processor.py:208} INFO - Processing /opt/airflow/dags/dag_1.py took 0.183 seconds
[2026-04-15T13:27:04.232+0000] {processor.py:186} INFO - Started process (PID=604) to work on /opt/airflow/dags/dag_1.py
[2026-04-15T13:27:04.234+0000] {processor.py:914} INFO - Processing file /opt/airflow/dags/dag_1.py for tasks to queue
[2026-04-15T13:27:04.240+0000] {logging_mixin.py:190} INFO - [2026-04-15T13:27:04.239+0000] {dagbag.py:588} INFO - Filling up the DagBag from /opt/airflow/dags/dag_1.py
[2026-04-15T13:27:04.260+0000] {processor.py:925} INFO - DAG(s) 'hello_world_dag' retrieved from /opt/airflow/dags/dag_1.py
[2026-04-15T13:27:04.312+0000] {logging_mixin.py:190} INFO - [2026-04-15T13:27:04.312+0000] {dag.py:3239} INFO - Sync 1 DAGs
[2026-04-15T13:27:04.347+0000] {logging_mixin.py:190} INFO - [2026-04-15T13:27:04.347+0000] {dag.py:4180} INFO - Setting next_dagrun for hello_world_dag to None, run_after=None
[2026-04-15T13:27:04.388+0000] {processor.py:208} INFO - Processing /opt/airflow/dags/dag_1.py took 0.168 seconds
[2026-04-15T13:27:34.672+0000] {processor.py:186} INFO - Started process (PID=615) to work on /opt/airflow/dags/dag_1.py
[2026-04-15T13:27:34.673+0000] {processor.py:914} INFO - Processing file /opt/airflow/dags/dag_1.py for tasks to queue
[2026-04-15T13:27:34.680+0000] {logging_mixin.py:190} INFO - [2026-04-15T13:27:34.678+0000] {dagbag.py:588} INFO - Filling up the DagBag from /opt/airflow/dags/dag_1.py
[2026-04-15T13:27:34.706+0000] {processor.py:925} INFO - DAG(s) 'hello_world_dag' retrieved from /opt/airflow/dags/dag_1.py
[2026-04-15T13:27:34.779+0000] {logging_mixin.py:190} INFO - [2026-04-15T13:27:34.778+0000] {dag.py:3239} INFO - Sync 1 DAGs
[2026-04-15T13:27:34.829+0000] {logging_mixin.py:190} INFO - [2026-04-15T13:27:34.828+0000] {dag.py:4180} INFO - Setting next_dagrun for hello_world_dag to None, run_after=None
[2026-04-15T13:27:34.889+0000] {processor.py:208} INFO - Processing /opt/airflow/dags/dag_1.py took 0.237 seconds
[2026-04-15T13:28:05.020+0000] {processor.py:186} INFO - Started process (PID=626) to work on /opt/airflow/dags/dag_1.py
[2026-04-15T13:28:05.028+0000] {processor.py:914} INFO - Processing file /opt/airflow/dags/dag_1.py for tasks to queue
[2026-04-15T13:28:05.035+0000] {logging_mixin.py:190} INFO - [2026-04-15T13:28:05.034+0000] {dagbag.py:588} INFO - Filling up the DagBag from /opt/airflow/dags/dag_1.py
[2026-04-15T13:28:05.061+0000] {processor.py:925} INFO - DAG(s) 'hello_world_dag' retrieved from /opt/airflow/dags/dag_1.py
[2026-04-15T13:28:05.142+0000] {logging_mixin.py:190} INFO - [2026-04-15T13:28:05.141+0000] {dag.py:3239} INFO - Sync 1 DAGs
[2026-04-15T13:28:05.191+0000] {logging_mixin.py:190} INFO - [2026-04-15T13:28:05.191+0000] {dag.py:4180} INFO - Setting next_dagrun for hello_world_dag to None, run_after=None
[2026-04-15T13:28:05.253+0000] {processor.py:208} INFO - Processing /opt/airflow/dags/dag_1.py took 0.252 seconds
[2026-04-15T13:28:35.517+0000] {processor.py:186} INFO - Started process (PID=637) to work on /opt/airflow/dags/dag_1.py
[2026-04-15T13:28:35.519+0000] {processor.py:914} INFO - Processing file /opt/airflow/dags/dag_1.py for tasks to queue
[2026-04-15T13:28:35.525+0000] {logging_mixin.py:190} INFO - [2026-04-15T13:28:35.524+0000] {dagbag.py:588} INFO - Filling up the DagBag from /opt/airflow/dags/dag_1.py
[2026-04-15T13:28:35.554+0000] {processor.py:925} INFO - DAG(s) 'hello_world_dag' retrieved from /opt/airflow/dags/dag_1.py
[2026-04-15T13:28:35.626+0000] {logging_mixin.py:190} INFO - [2026-04-15T13:28:35.626+0000] {dag.py:3239} INFO - Sync 1 DAGs
[2026-04-15T13:28:35.661+0000] {logging_mixin.py:190} INFO - [2026-04-15T13:28:35.661+0000] {dag.py:4180} INFO - Setting next_dagrun for hello_world_dag to None, run_after=None
[2026-04-15T13:28:35.693+0000] {processor.py:208} INFO - Processing /opt/airflow/dags/dag_1.py took 0.196 seconds
[2026-04-15T13:29:05.888+0000] {processor.py:186} INFO - Started process (PID=649) to work on /opt/airflow/dags/dag_1.py
[2026-04-15T13:29:05.895+0000] {processor.py:914} INFO - Processing file /opt/airflow/dags/dag_1.py for tasks to queue
[2026-04-15T13:29:05.901+0000] {logging_mixin.py:190} INFO - [2026-04-15T13:29:05.900+0000] {dagbag.py:588} INFO - Filling up the DagBag from /opt/airflow/dags/dag_1.py
[2026-04-15T13:29:05.928+0000] {processor.py:925} INFO - DAG(s) 'hello_world_dag' retrieved from /opt/airflow/dags/dag_1.py
[2026-04-15T13:29:06.002+0000] {logging_mixin.py:190} INFO - [2026-04-15T13:29:06.001+0000] {dag.py:3239} INFO - Sync 1 DAGs
[2026-04-15T13:29:06.050+0000] {logging_mixin.py:190} INFO - [2026-04-15T13:29:06.049+0000] {dag.py:4180} INFO - Setting next_dagrun for hello_world_dag to None, run_after=None
[2026-04-15T13:29:06.108+0000] {processor.py:208} INFO - Processing /opt/airflow/dags/dag_1.py took 0.240 seconds
[2026-04-15T13:29:36.301+0000] {processor.py:186} INFO - Started process (PID=660) to work on /opt/airflow/dags/dag_1.py
[2026-04-15T13:29:36.303+0000] {processor.py:914} INFO - Processing file /opt/airflow/dags/dag_1.py for tasks to queue
[2026-04-15T13:29:36.309+0000] {logging_mixin.py:190} INFO - [2026-04-15T13:29:36.308+0000] {dagbag.py:588} INFO - Filling up the DagBag from /opt/airflow/dags/dag_1.py
[2026-04-15T13:29:36.338+0000] {processor.py:925} INFO - DAG(s) 'hello_world_dag' retrieved from /opt/airflow/dags/dag_1.py
[2026-04-15T13:29:36.415+0000] {logging_mixin.py:190} INFO - [2026-04-15T13:29:36.414+0000] {dag.py:3239} INFO - Sync 1 DAGs
[2026-04-15T13:29:36.450+0000] {logging_mixin.py:190} INFO - [2026-04-15T13:29:36.450+0000] {dag.py:4180} INFO - Setting next_dagrun for hello_world_dag to None, run_after=None
[2026-04-15T13:29:36.483+0000] {processor.py:208} INFO - Processing /opt/airflow/dags/dag_1.py took 0.200 seconds
[2026-04-15T13:30:06.734+0000] {processor.py:186} INFO - Started process (PID=671) to work on /opt/airflow/dags/dag_1.py
[2026-04-15T13:30:06.742+0000] {processor.py:914} INFO - Processing file /opt/airflow/dags/dag_1.py for tasks to queue
[2026-04-15T13:30:06.748+0000] {logging_mixin.py:190} INFO - [2026-04-15T13:30:06.747+0000] {dagbag.py:588} INFO - Filling up the DagBag from /opt/airflow/dags/dag_1.py
[2026-04-15T13:30:06.774+0000] {processor.py:925} INFO - DAG(s) 'hello_world_dag' retrieved from /opt/airflow/dags/dag_1.py
[2026-04-15T13:30:06.847+0000] {logging_mixin.py:190} INFO - [2026-04-15T13:30:06.846+0000] {dag.py:3239} INFO - Sync 1 DAGs
[2026-04-15T13:30:06.889+0000] {logging_mixin.py:190} INFO - [2026-04-15T13:30:06.888+0000] {dag.py:4180} INFO - Setting next_dagrun for hello_world_dag to None, run_after=None
[2026-04-15T13:30:06.932+0000] {processor.py:208} INFO - Processing /opt/airflow/dags/dag_1.py took 0.216 seconds
[2026-04-15T13:30:37.081+0000] {processor.py:186} INFO - Started process (PID=682) to work on /opt/airflow/dags/dag_1.py
[2026-04-15T13:30:37.083+0000] {processor.py:914} INFO - Processing file /opt/airflow/dags/dag_1.py for tasks to queue
[2026-04-15T13:30:37.089+0000] {logging_mixin.py:190} INFO - [2026-04-15T13:30:37.088+0000] {dagbag.py:588} INFO - Filling up the DagBag from /opt/airflow/dags/dag_1.py
[2026-04-15T13:30:37.117+0000] {processor.py:925} INFO - DAG(s) 'hello_world_dag' retrieved from /opt/airflow/dags/dag_1.py
[2026-04-15T13:30:37.192+0000] {logging_mixin.py:190} INFO - [2026-04-15T13:30:37.192+0000] {dag.py:3239} INFO - Sync 1 DAGs
[2026-04-15T13:30:37.243+0000] {logging_mixin.py:190} INFO - [2026-04-15T13:30:37.242+0000] {dag.py:4180} INFO - Setting next_dagrun for hello_world_dag to None, run_after=None
[2026-04-15T13:30:37.303+0000] {processor.py:208} INFO - Processing /opt/airflow/dags/dag_1.py took 0.245 seconds
[2026-04-15T13:31:07.539+0000] {processor.py:186} INFO - Started process (PID=694) to work on /opt/airflow/dags/dag_1.py
[2026-04-15T13:31:07.541+0000] {processor.py:914} INFO - Processing file /opt/airflow/dags/dag_1.py for tasks to queue
[2026-04-15T13:31:07.547+0000] {logging_mixin.py:190} INFO - [2026-04-15T13:31:07.546+0000] {dagbag.py:588} INFO - Filling up the DagBag from /opt/airflow/dags/dag_1.py
[2026-04-15T13:31:07.575+0000] {processor.py:925} INFO - DAG(s) 'hello_world_dag' retrieved from /opt/airflow/dags/dag_1.py
[2026-04-15T13:31:07.657+0000] {logging_mixin.py:190} INFO - [2026-04-15T13:31:07.657+0000] {dag.py:3239} INFO - Sync 1 DAGs
[2026-04-15T13:31:07.680+0000] {logging_mixin.py:190} INFO - [2026-04-15T13:31:07.680+0000] {dag.py:4180} INFO - Setting next_dagrun for hello_world_dag to None, run_after=None
[2026-04-15T13:31:07.702+0000] {processor.py:208} INFO - Processing /opt/airflow/dags/dag_1.py took 0.181 seconds
[2026-04-15T13:31:37.913+0000] {processor.py:186} INFO - Started process (PID=705) to work on /opt/airflow/dags/dag_1.py
[2026-04-15T13:31:37.921+0000] {processor.py:914} INFO - Processing file /opt/airflow/dags/dag_1.py for tasks to queue
[2026-04-15T13:31:37.928+0000] {logging_mixin.py:190} INFO - [2026-04-15T13:31:37.927+0000] {dagbag.py:588} INFO - Filling up the DagBag from /opt/airflow/dags/dag_1.py
[2026-04-15T13:31:37.961+0000] {processor.py:925} INFO - DAG(s) 'hello_world_dag' retrieved from /opt/airflow/dags/dag_1.py
[2026-04-15T13:31:38.036+0000] {logging_mixin.py:190} INFO - [2026-04-15T13:31:38.035+0000] {dag.py:3239} INFO - Sync 1 DAGs
[2026-04-15T13:31:38.083+0000] {logging_mixin.py:190} INFO - [2026-04-15T13:31:38.082+0000] {dag.py:4180} INFO - Setting next_dagrun for hello_world_dag to None, run_after=None
[2026-04-15T13:31:38.144+0000] {processor.py:208} INFO - Processing /opt/airflow/dags/dag_1.py took 0.249 seconds
[2026-04-15T13:32:08.300+0000] {processor.py:186} INFO - Started process (PID=716) to work on /opt/airflow/dags/dag_1.py
[2026-04-15T13:32:08.302+0000] {processor.py:914} INFO - Processing file /opt/airflow/dags/dag_1.py for tasks to queue
[2026-04-15T13:32:08.309+0000] {logging_mixin.py:190} INFO - [2026-04-15T13:32:08.308+0000] {dagbag.py:588} INFO - Filling up the DagBag from /opt/airflow/dags/dag_1.py
[2026-04-15T13:32:08.336+0000] {processor.py:925} INFO - DAG(s) 'hello_world_dag' retrieved from /opt/airflow/dags/dag_1.py
[2026-04-15T13:32:08.412+0000] {logging_mixin.py:190} INFO - [2026-04-15T13:32:08.411+0000] {dag.py:3239} INFO - Sync 1 DAGs
[2026-04-15T13:32:08.467+0000] {logging_mixin.py:190} INFO - [2026-04-15T13:32:08.466+0000] {dag.py:4180} INFO - Setting next_dagrun for hello_world_dag to None, run_after=None
[2026-04-15T13:32:08.525+0000] {processor.py:208} INFO - Processing /opt/airflow/dags/dag_1.py took 0.243 seconds
[2026-04-15T13:32:38.764+0000] {processor.py:186} INFO - Started process (PID=727) to work on /opt/airflow/dags/dag_1.py
[2026-04-15T13:32:38.772+0000] {processor.py:914} INFO - Processing file /opt/airflow/dags/dag_1.py for tasks to queue
[2026-04-15T13:32:38.779+0000] {logging_mixin.py:190} INFO - [2026-04-15T13:32:38.778+0000] {dagbag.py:588} INFO - Filling up the DagBag from /opt/airflow/dags/dag_1.py
[2026-04-15T13:32:38.805+0000] {processor.py:925} INFO - DAG(s) 'hello_world_dag' retrieved from /opt/airflow/dags/dag_1.py
[2026-04-15T13:32:38.882+0000] {logging_mixin.py:190} INFO - [2026-04-15T13:32:38.882+0000] {dag.py:3239} INFO - Sync 1 DAGs
[2026-04-15T13:32:38.932+0000] {logging_mixin.py:190} INFO - [2026-04-15T13:32:38.931+0000] {dag.py:4180} INFO - Setting next_dagrun for hello_world_dag to None, run_after=None
[2026-04-15T13:32:38.990+0000] {processor.py:208} INFO - Processing /opt/airflow/dags/dag_1.py took 0.244 seconds
[2026-04-15T13:33:09.169+0000] {processor.py:186} INFO - Started process (PID=738) to work on /opt/airflow/dags/dag_1.py
[2026-04-15T13:33:09.171+0000] {processor.py:914} INFO - Processing file /opt/airflow/dags/dag_1.py for tasks to queue
[2026-04-15T13:33:09.177+0000] {logging_mixin.py:190} INFO - [2026-04-15T13:33:09.176+0000] {dagbag.py:588} INFO - Filling up the DagBag from /opt/airflow/dags/dag_1.py
[2026-04-15T13:33:09.203+0000] {processor.py:925} INFO - DAG(s) 'hello_world_dag' retrieved from /opt/airflow/dags/dag_1.py
[2026-04-15T13:33:09.280+0000] {logging_mixin.py:190} INFO - [2026-04-15T13:33:09.279+0000] {dag.py:3239} INFO - Sync 1 DAGs
[2026-04-15T13:33:09.315+0000] {logging_mixin.py:190} INFO - [2026-04-15T13:33:09.314+0000] {dag.py:4180} INFO - Setting next_dagrun for hello_world_dag to None, run_after=None
[2026-04-15T13:33:09.347+0000] {processor.py:208} INFO - Processing /opt/airflow/dags/dag_1.py took 0.195 seconds
[2026-04-15T13:33:39.637+0000] {processor.py:186} INFO - Started process (PID=749) to work on /opt/airflow/dags/dag_1.py
[2026-04-15T13:33:39.644+0000] {processor.py:914} INFO - Processing file /opt/airflow/dags/dag_1.py for tasks to queue
[2026-04-15T13:33:39.650+0000] {logging_mixin.py:190} INFO - [2026-04-15T13:33:39.649+0000] {dagbag.py:588} INFO - Filling up the DagBag from /opt/airflow/dags/dag_1.py
[2026-04-15T13:33:39.676+0000] {processor.py:925} INFO - DAG(s) 'hello_world_dag' retrieved from /opt/airflow/dags/dag_1.py
[2026-04-15T13:33:39.746+0000] {logging_mixin.py:190} INFO - [2026-04-15T13:33:39.746+0000] {dag.py:3239} INFO - Sync 1 DAGs
[2026-04-15T13:33:39.793+0000] {logging_mixin.py:190} INFO - [2026-04-15T13:33:39.793+0000] {dag.py:4180} INFO - Setting next_dagrun for hello_world_dag to None, run_after=None
[2026-04-15T13:33:39.851+0000] {processor.py:208} INFO - Processing /opt/airflow/dags/dag_1.py took 0.232 seconds
[2026-04-15T13:34:09.962+0000] {processor.py:186} INFO - Started process (PID=760) to work on /opt/airflow/dags/dag_1.py
[2026-04-15T13:34:09.964+0000] {processor.py:914} INFO - Processing file /opt/airflow/dags/dag_1.py for tasks to queue
[2026-04-15T13:34:09.970+0000] {logging_mixin.py:190} INFO - [2026-04-15T13:34:09.969+0000] {dagbag.py:588} INFO - Filling up the DagBag from /opt/airflow/dags/dag_1.py
[2026-04-15T13:34:09.997+0000] {processor.py:925} INFO - DAG(s) 'hello_world_dag' retrieved from /opt/airflow/dags/dag_1.py
[2026-04-15T13:34:10.071+0000] {logging_mixin.py:190} INFO - [2026-04-15T13:34:10.070+0000] {dag.py:3239} INFO - Sync 1 DAGs
[2026-04-15T13:34:10.108+0000] {logging_mixin.py:190} INFO - [2026-04-15T13:34:10.108+0000] {dag.py:4180} INFO - Setting next_dagrun for hello_world_dag to None, run_after=None
[2026-04-15T13:34:10.142+0000] {processor.py:208} INFO - Processing /opt/airflow/dags/dag_1.py took 0.201 seconds
[2026-04-15T13:34:40.479+0000] {processor.py:186} INFO - Started process (PID=771) to work on /opt/airflow/dags/dag_1.py
[2026-04-15T13:34:40.487+0000] {processor.py:914} INFO - Processing file /opt/airflow/dags/dag_1.py for tasks to queue
[2026-04-15T13:34:40.493+0000] {logging_mixin.py:190} INFO - [2026-04-15T13:34:40.492+0000] {dagbag.py:588} INFO - Filling up the DagBag from /opt/airflow/dags/dag_1.py
[2026-04-15T13:34:40.518+0000] {processor.py:925} INFO - DAG(s) 'hello_world_dag' retrieved from /opt/airflow/dags/dag_1.py
[2026-04-15T13:34:40.589+0000] {logging_mixin.py:190} INFO - [2026-04-15T13:34:40.588+0000] {dag.py:3239} INFO - Sync 1 DAGs
[2026-04-15T13:34:40.631+0000] {logging_mixin.py:190} INFO - [2026-04-15T13:34:40.631+0000] {dag.py:4180} INFO - Setting next_dagrun for hello_world_dag to None, run_after=None
[2026-04-15T13:34:40.674+0000] {processor.py:208} INFO - Processing /opt/airflow/dags/dag_1.py took 0.212 seconds
[2026-04-15T13:35:10.795+0000] {processor.py:186} INFO - Started process (PID=782) to work on /opt/airflow/dags/dag_1.py
[2026-04-15T13:35:10.797+0000] {processor.py:914} INFO - Processing file /opt/airflow/dags/dag_1.py for tasks to queue
[2026-04-15T13:35:10.803+0000] {logging_mixin.py:190} INFO - [2026-04-15T13:35:10.802+0000] {dagbag.py:588} INFO - Filling up the DagBag from /opt/airflow/dags/dag_1.py
[2026-04-15T13:35:10.832+0000] {processor.py:925} INFO - DAG(s) 'hello_world_dag' retrieved from /opt/airflow/dags/dag_1.py
[2026-04-15T13:35:10.905+0000] {logging_mixin.py:190} INFO - [2026-04-15T13:35:10.905+0000] {dag.py:3239} INFO - Sync 1 DAGs
[2026-04-15T13:35:10.948+0000] {logging_mixin.py:190} INFO - [2026-04-15T13:35:10.947+0000] {dag.py:4180} INFO - Setting next_dagrun for hello_world_dag to None, run_after=None
[2026-04-15T13:35:10.979+0000] {processor.py:208} INFO - Processing /opt/airflow/dags/dag_1.py took 0.203 seconds
[2026-04-15T13:35:41.309+0000] {processor.py:186} INFO - Started process (PID=793) to work on /opt/airflow/dags/dag_1.py
[2026-04-15T13:35:41.311+0000] {processor.py:914} INFO - Processing file /opt/airflow/dags/dag_1.py for tasks to queue
[2026-04-15T13:35:41.318+0000] {logging_mixin.py:190} INFO - [2026-04-15T13:35:41.317+0000] {dagbag.py:588} INFO - Filling up the DagBag from /opt/airflow/dags/dag_1.py
[2026-04-15T13:35:41.343+0000] {processor.py:925} INFO - DAG(s) 'hello_world_dag' retrieved from /opt/airflow/dags/dag_1.py
[2026-04-15T13:35:41.413+0000] {logging_mixin.py:190} INFO - [2026-04-15T13:35:41.412+0000] {dag.py:3239} INFO - Sync 1 DAGs
[2026-04-15T13:35:41.452+0000] {logging_mixin.py:190} INFO - [2026-04-15T13:35:41.452+0000] {dag.py:4180} INFO - Setting next_dagrun for hello_world_dag to None, run_after=None
[2026-04-15T13:35:41.495+0000] {processor.py:208} INFO - Processing /opt/airflow/dags/dag_1.py took 0.203 seconds
[2026-04-15T13:36:11.617+0000] {processor.py:186} INFO - Started process (PID=804) to work on /opt/airflow/dags/dag_1.py
[2026-04-15T13:36:11.619+0000] {processor.py:914} INFO - Processing file /opt/airflow/dags/dag_1.py for tasks to queue
[2026-04-15T13:36:11.626+0000] {logging_mixin.py:190} INFO - [2026-04-15T13:36:11.625+0000] {dagbag.py:588} INFO - Filling up the DagBag from /opt/airflow/dags/dag_1.py
[2026-04-15T13:36:11.651+0000] {processor.py:925} INFO - DAG(s) 'hello_world_dag' retrieved from /opt/airflow/dags/dag_1.py
[2026-04-15T13:36:11.724+0000] {logging_mixin.py:190} INFO - [2026-04-15T13:36:11.723+0000] {dag.py:3239} INFO - Sync 1 DAGs
[2026-04-15T13:36:11.773+0000] {logging_mixin.py:190} INFO - [2026-04-15T13:36:11.773+0000] {dag.py:4180} INFO - Setting next_dagrun for hello_world_dag to None, run_after=None
[2026-04-15T13:36:11.799+0000] {processor.py:208} INFO - Processing /opt/airflow/dags/dag_1.py took 0.200 seconds
[2026-04-15T13:36:42.112+0000] {processor.py:186} INFO - Started process (PID=815) to work on /opt/airflow/dags/dag_1.py
[2026-04-15T13:36:42.120+0000] {processor.py:914} INFO - Processing file /opt/airflow/dags/dag_1.py for tasks to queue
[2026-04-15T13:36:42.127+0000] {logging_mixin.py:190} INFO - [2026-04-15T13:36:42.126+0000] {dagbag.py:588} INFO - Filling up the DagBag from /opt/airflow/dags/dag_1.py
[2026-04-15T13:36:42.152+0000] {processor.py:925} INFO - DAG(s) 'hello_world_dag' retrieved from /opt/airflow/dags/dag_1.py
[2026-04-15T13:36:42.224+0000] {logging_mixin.py:190} INFO - [2026-04-15T13:36:42.223+0000] {dag.py:3239} INFO - Sync 1 DAGs
[2026-04-15T13:36:42.272+0000] {logging_mixin.py:190} INFO - [2026-04-15T13:36:42.272+0000] {dag.py:4180} INFO - Setting next_dagrun for hello_world_dag to None, run_after=None
[2026-04-15T13:36:42.330+0000] {processor.py:208} INFO - Processing /opt/airflow/dags/dag_1.py took 0.235 seconds
[2026-04-15T13:37:12.428+0000] {processor.py:186} INFO - Started process (PID=826) to work on /opt/airflow/dags/dag_1.py
[2026-04-15T13:37:12.430+0000] {processor.py:914} INFO - Processing file /opt/airflow/dags/dag_1.py for tasks to queue
[2026-04-15T13:37:12.436+0000] {logging_mixin.py:190} INFO - [2026-04-15T13:37:12.435+0000] {dagbag.py:588} INFO - Filling up the DagBag from /opt/airflow/dags/dag_1.py
[2026-04-15T13:37:12.464+0000] {processor.py:925} INFO - DAG(s) 'hello_world_dag' retrieved from /opt/airflow/dags/dag_1.py
[2026-04-15T13:37:12.538+0000] {logging_mixin.py:190} INFO - [2026-04-15T13:37:12.538+0000] {dag.py:3239} INFO - Sync 1 DAGs
[2026-04-15T13:37:12.592+0000] {logging_mixin.py:190} INFO - [2026-04-15T13:37:12.591+0000] {dag.py:4180} INFO - Setting next_dagrun for hello_world_dag to None, run_after=None
[2026-04-15T13:37:12.655+0000] {processor.py:208} INFO - Processing /opt/airflow/dags/dag_1.py took 0.248 seconds
[2026-04-15T13:37:42.959+0000] {processor.py:186} INFO - Started process (PID=837) to work on /opt/airflow/dags/dag_1.py
[2026-04-15T13:37:42.961+0000] {processor.py:914} INFO - Processing file /opt/airflow/dags/dag_1.py for tasks to queue
[2026-04-15T13:37:42.966+0000] {logging_mixin.py:190} INFO - [2026-04-15T13:37:42.965+0000] {dagbag.py:588} INFO - Filling up the DagBag from /opt/airflow/dags/dag_1.py
[2026-04-15T13:37:42.994+0000] {processor.py:925} INFO - DAG(s) 'hello_world_dag' retrieved from /opt/airflow/dags/dag_1.py
[2026-04-15T13:37:43.070+0000] {logging_mixin.py:190} INFO - [2026-04-15T13:37:43.070+0000] {dag.py:3239} INFO - Sync 1 DAGs
[2026-04-15T13:37:43.105+0000] {logging_mixin.py:190} INFO - [2026-04-15T13:37:43.105+0000] {dag.py:4180} INFO - Setting next_dagrun for hello_world_dag to None, run_after=None
[2026-04-15T13:37:43.130+0000] {processor.py:208} INFO - Processing /opt/airflow/dags/dag_1.py took 0.189 seconds
[2026-04-15T13:38:13.331+0000] {processor.py:186} INFO - Started process (PID=848) to work on /opt/airflow/dags/dag_1.py
[2026-04-15T13:38:13.333+0000] {processor.py:914} INFO - Processing file /opt/airflow/dags/dag_1.py for tasks to queue
[2026-04-15T13:38:13.341+0000] {logging_mixin.py:190} INFO - [2026-04-15T13:38:13.339+0000] {dagbag.py:588} INFO - Filling up the DagBag from /opt/airflow/dags/dag_1.py
[2026-04-15T13:38:13.368+0000] {processor.py:925} INFO - DAG(s) 'hello_world_dag' retrieved from /opt/airflow/dags/dag_1.py
[2026-04-15T13:38:13.447+0000] {logging_mixin.py:190} INFO - [2026-04-15T13:38:13.446+0000] {dag.py:3239} INFO - Sync 1 DAGs
[2026-04-15T13:38:13.496+0000] {logging_mixin.py:190} INFO - [2026-04-15T13:38:13.495+0000] {dag.py:4180} INFO - Setting next_dagrun for hello_world_dag to None, run_after=None
[2026-04-15T13:38:13.556+0000] {processor.py:208} INFO - Processing /opt/airflow/dags/dag_1.py took 0.245 seconds
[2026-04-15T13:38:43.742+0000] {processor.py:186} INFO - Started process (PID=859) to work on /opt/airflow/dags/dag_1.py
[2026-04-15T13:38:43.750+0000] {processor.py:914} INFO - Processing file /opt/airflow/dags/dag_1.py for tasks to queue
[2026-04-15T13:38:43.757+0000] {logging_mixin.py:190} INFO - [2026-04-15T13:38:43.755+0000] {dagbag.py:588} INFO - Filling up the DagBag from /opt/airflow/dags/dag_1.py
[2026-04-15T13:38:43.783+0000] {processor.py:925} INFO - DAG(s) 'hello_world_dag' retrieved from /opt/airflow/dags/dag_1.py
[2026-04-15T13:38:43.862+0000] {logging_mixin.py:190} INFO - [2026-04-15T13:38:43.862+0000] {dag.py:3239} INFO - Sync 1 DAGs
[2026-04-15T13:38:43.912+0000] {logging_mixin.py:190} INFO - [2026-04-15T13:38:43.912+0000] {dag.py:4180} INFO - Setting next_dagrun for hello_world_dag to None, run_after=None
[2026-04-15T13:38:43.974+0000] {processor.py:208} INFO - Processing /opt/airflow/dags/dag_1.py took 0.251 seconds
[2026-04-15T13:39:14.190+0000] {processor.py:186} INFO - Started process (PID=870) to work on /opt/airflow/dags/dag_1.py
[2026-04-15T13:39:14.191+0000] {processor.py:914} INFO - Processing file /opt/airflow/dags/dag_1.py for tasks to queue
[2026-04-15T13:39:14.198+0000] {logging_mixin.py:190} INFO - [2026-04-15T13:39:14.197+0000] {dagbag.py:588} INFO - Filling up the DagBag from /opt/airflow/dags/dag_1.py
[2026-04-15T13:39:14.225+0000] {processor.py:925} INFO - DAG(s) 'hello_world_dag' retrieved from /opt/airflow/dags/dag_1.py
[2026-04-15T13:39:14.308+0000] {logging_mixin.py:190} INFO - [2026-04-15T13:39:14.308+0000] {dag.py:3239} INFO - Sync 1 DAGs
[2026-04-15T13:39:14.361+0000] {logging_mixin.py:190} INFO - [2026-04-15T13:39:14.361+0000] {dag.py:4180} INFO - Setting next_dagrun for hello_world_dag to None, run_after=None
[2026-04-15T13:39:14.420+0000] {processor.py:208} INFO - Processing /opt/airflow/dags/dag_1.py took 0.249 seconds
[2026-04-15T13:39:44.624+0000] {processor.py:186} INFO - Started process (PID=881) to work on /opt/airflow/dags/dag_1.py
[2026-04-15T13:39:44.626+0000] {processor.py:914} INFO - Processing file /opt/airflow/dags/dag_1.py for tasks to queue
[2026-04-15T13:39:44.633+0000] {logging_mixin.py:190} INFO - [2026-04-15T13:39:44.632+0000] {dagbag.py:588} INFO - Filling up the DagBag from /opt/airflow/dags/dag_1.py
[2026-04-15T13:39:44.659+0000] {processor.py:925} INFO - DAG(s) 'hello_world_dag' retrieved from /opt/airflow/dags/dag_1.py
[2026-04-15T13:39:44.731+0000] {logging_mixin.py:190} INFO - [2026-04-15T13:39:44.731+0000] {dag.py:3239} INFO - Sync 1 DAGs
[2026-04-15T13:39:44.777+0000] {logging_mixin.py:190} INFO - [2026-04-15T13:39:44.776+0000] {dag.py:4180} INFO - Setting next_dagrun for hello_world_dag to None, run_after=None
[2026-04-15T13:39:44.835+0000] {processor.py:208} INFO - Processing /opt/airflow/dags/dag_1.py took 0.228 seconds
[2026-04-15T13:40:15.071+0000] {processor.py:186} INFO - Started process (PID=892) to work on /opt/airflow/dags/dag_1.py
[2026-04-15T13:40:15.073+0000] {processor.py:914} INFO - Processing file /opt/airflow/dags/dag_1.py for tasks to queue
[2026-04-15T13:40:15.080+0000] {logging_mixin.py:190} INFO - [2026-04-15T13:40:15.079+0000] {dagbag.py:588} INFO - Filling up the DagBag from /opt/airflow/dags/dag_1.py
[2026-04-15T13:40:15.105+0000] {processor.py:925} INFO - DAG(s) 'hello_world_dag' retrieved from /opt/airflow/dags/dag_1.py
[2026-04-15T13:40:15.182+0000] {logging_mixin.py:190} INFO - [2026-04-15T13:40:15.181+0000] {dag.py:3239} INFO - Sync 1 DAGs
[2026-04-15T13:40:15.206+0000] {logging_mixin.py:190} INFO - [2026-04-15T13:40:15.206+0000] {dag.py:4180} INFO - Setting next_dagrun for hello_world_dag to None, run_after=None
[2026-04-15T13:40:15.230+0000] {processor.py:208} INFO - Processing /opt/airflow/dags/dag_1.py took 0.179 seconds
[2026-04-15T13:40:45.472+0000] {processor.py:186} INFO - Started process (PID=903) to work on /opt/airflow/dags/dag_1.py
[2026-04-15T13:40:45.474+0000] {processor.py:914} INFO - Processing file /opt/airflow/dags/dag_1.py for tasks to queue
[2026-04-15T13:40:45.479+0000] {logging_mixin.py:190} INFO - [2026-04-15T13:40:45.478+0000] {dagbag.py:588} INFO - Filling up the DagBag from /opt/airflow/dags/dag_1.py
[2026-04-15T13:40:45.505+0000] {processor.py:925} INFO - DAG(s) 'hello_world_dag' retrieved from /opt/airflow/dags/dag_1.py
[2026-04-15T13:40:45.576+0000] {logging_mixin.py:190} INFO - [2026-04-15T13:40:45.576+0000] {dag.py:3239} INFO - Sync 1 DAGs
[2026-04-15T13:40:45.618+0000] {logging_mixin.py:190} INFO - [2026-04-15T13:40:45.618+0000] {dag.py:4180} INFO - Setting next_dagrun for hello_world_dag to None, run_after=None
[2026-04-15T13:40:45.662+0000] {processor.py:208} INFO - Processing /opt/airflow/dags/dag_1.py took 0.210 seconds
[2026-04-15T13:41:15.816+0000] {processor.py:186} INFO - Started process (PID=914) to work on /opt/airflow/dags/dag_1.py
[2026-04-15T13:41:15.823+0000] {processor.py:914} INFO - Processing file /opt/airflow/dags/dag_1.py for tasks to queue
[2026-04-15T13:41:15.829+0000] {logging_mixin.py:190} INFO - [2026-04-15T13:41:15.828+0000] {dagbag.py:588} INFO - Filling up the DagBag from /opt/airflow/dags/dag_1.py
[2026-04-15T13:41:15.855+0000] {processor.py:925} INFO - DAG(s) 'hello_world_dag' retrieved from /opt/airflow/dags/dag_1.py
[2026-04-15T13:41:15.926+0000] {logging_mixin.py:190} INFO - [2026-04-15T13:41:15.925+0000] {dag.py:3239} INFO - Sync 1 DAGs
[2026-04-15T13:41:15.966+0000] {logging_mixin.py:190} INFO - [2026-04-15T13:41:15.966+0000] {dag.py:4180} INFO - Setting next_dagrun for hello_world_dag to None, run_after=None
[2026-04-15T13:41:16.011+0000] {processor.py:208} INFO - Processing /opt/airflow/dags/dag_1.py took 0.213 seconds
[2026-04-15T13:41:46.283+0000] {processor.py:186} INFO - Started process (PID=925) to work on /opt/airflow/dags/dag_1.py
[2026-04-15T13:41:46.285+0000] {processor.py:914} INFO - Processing file /opt/airflow/dags/dag_1.py for tasks to queue
[2026-04-15T13:41:46.291+0000] {logging_mixin.py:190} INFO - [2026-04-15T13:41:46.290+0000] {dagbag.py:588} INFO - Filling up the DagBag from /opt/airflow/dags/dag_1.py
[2026-04-15T13:41:46.317+0000] {processor.py:925} INFO - DAG(s) 'hello_world_dag' retrieved from /opt/airflow/dags/dag_1.py
[2026-04-15T13:41:46.388+0000] {logging_mixin.py:190} INFO - [2026-04-15T13:41:46.387+0000] {dag.py:3239} INFO - Sync 1 DAGs
[2026-04-15T13:41:46.434+0000] {logging_mixin.py:190} INFO - [2026-04-15T13:41:46.433+0000] {dag.py:4180} INFO - Setting next_dagrun for hello_world_dag to None, run_after=None
[2026-04-15T13:41:46.493+0000] {processor.py:208} INFO - Processing /opt/airflow/dags/dag_1.py took 0.232 seconds
[2026-04-15T13:42:16.638+0000] {processor.py:186} INFO - Started process (PID=936) to work on /opt/airflow/dags/dag_1.py
[2026-04-15T13:42:16.646+0000] {processor.py:914} INFO - Processing file /opt/airflow/dags/dag_1.py for tasks to queue
[2026-04-15T13:42:16.652+0000] {logging_mixin.py:190} INFO - [2026-04-15T13:42:16.651+0000] {dagbag.py:588} INFO - Filling up the DagBag from /opt/airflow/dags/dag_1.py
[2026-04-15T13:42:16.679+0000] {processor.py:925} INFO - DAG(s) 'hello_world_dag' retrieved from /opt/airflow/dags/dag_1.py
[2026-04-15T13:42:16.751+0000] {logging_mixin.py:190} INFO - [2026-04-15T13:42:16.751+0000] {dag.py:3239} INFO - Sync 1 DAGs
[2026-04-15T13:42:16.795+0000] {logging_mixin.py:190} INFO - [2026-04-15T13:42:16.794+0000] {dag.py:4180} INFO - Setting next_dagrun for hello_world_dag to None, run_after=None
[2026-04-15T13:42:16.838+0000] {processor.py:208} INFO - Processing /opt/airflow/dags/dag_1.py took 0.217 seconds
[2026-04-15T13:42:47.143+0000] {processor.py:186} INFO - Started process (PID=947) to work on /opt/airflow/dags/dag_1.py
[2026-04-15T13:42:47.146+0000] {processor.py:914} INFO - Processing file /opt/airflow/dags/dag_1.py for tasks to queue
[2026-04-15T13:42:47.155+0000] {logging_mixin.py:190} INFO - [2026-04-15T13:42:47.154+0000] {dagbag.py:588} INFO - Filling up the DagBag from /opt/airflow/dags/dag_1.py
[2026-04-15T13:42:47.180+0000] {processor.py:925} INFO - DAG(s) 'hello_world_dag' retrieved from /opt/airflow/dags/dag_1.py
[2026-04-15T13:42:47.258+0000] {logging_mixin.py:190} INFO - [2026-04-15T13:42:47.257+0000] {dag.py:3239} INFO - Sync 1 DAGs
[2026-04-15T13:42:47.304+0000] {logging_mixin.py:190} INFO - [2026-04-15T13:42:47.304+0000] {dag.py:4180} INFO - Setting next_dagrun for hello_world_dag to None, run_after=None
[2026-04-15T13:42:47.363+0000] {processor.py:208} INFO - Processing /opt/airflow/dags/dag_1.py took 0.240 seconds
[2026-04-15T13:43:17.487+0000] {processor.py:186} INFO - Started process (PID=958) to work on /opt/airflow/dags/dag_1.py
[2026-04-15T13:43:17.489+0000] {processor.py:914} INFO - Processing file /opt/airflow/dags/dag_1.py for tasks to queue
[2026-04-15T13:43:17.496+0000] {logging_mixin.py:190} INFO - [2026-04-15T13:43:17.495+0000] {dagbag.py:588} INFO - Filling up the DagBag from /opt/airflow/dags/dag_1.py
[2026-04-15T13:43:17.522+0000] {processor.py:925} INFO - DAG(s) 'hello_world_dag' retrieved from /opt/airflow/dags/dag_1.py
[2026-04-15T13:43:17.594+0000] {logging_mixin.py:190} INFO - [2026-04-15T13:43:17.594+0000] {dag.py:3239} INFO - Sync 1 DAGs
[2026-04-15T13:43:17.641+0000] {logging_mixin.py:190} INFO - [2026-04-15T13:43:17.640+0000] {dag.py:4180} INFO - Setting next_dagrun for hello_world_dag to None, run_after=None
[2026-04-15T13:43:17.697+0000] {processor.py:208} INFO - Processing /opt/airflow/dags/dag_1.py took 0.227 seconds
[2026-04-15T13:43:48.008+0000] {processor.py:186} INFO - Started process (PID=969) to work on /opt/airflow/dags/dag_1.py
[2026-04-15T13:43:48.009+0000] {processor.py:914} INFO - Processing file /opt/airflow/dags/dag_1.py for tasks to queue
[2026-04-15T13:43:48.021+0000] {logging_mixin.py:190} INFO - [2026-04-15T13:43:48.019+0000] {dagbag.py:588} INFO - Filling up the DagBag from /opt/airflow/dags/dag_1.py
[2026-04-15T13:43:48.046+0000] {processor.py:925} INFO - DAG(s) 'hello_world_dag' retrieved from /opt/airflow/dags/dag_1.py
[2026-04-15T13:43:48.117+0000] {logging_mixin.py:190} INFO - [2026-04-15T13:43:48.116+0000] {dag.py:3239} INFO - Sync 1 DAGs
[2026-04-15T13:43:48.158+0000] {logging_mixin.py:190} INFO - [2026-04-15T13:43:48.158+0000] {dag.py:4180} INFO - Setting next_dagrun for hello_world_dag to None, run_after=None
[2026-04-15T13:43:48.193+0000] {processor.py:208} INFO - Processing /opt/airflow/dags/dag_1.py took 0.203 seconds
[2026-04-15T13:44:18.329+0000] {processor.py:186} INFO - Started process (PID=980) to work on /opt/airflow/dags/dag_1.py
[2026-04-15T13:44:18.337+0000] {processor.py:914} INFO - Processing file /opt/airflow/dags/dag_1.py for tasks to queue
[2026-04-15T13:44:18.344+0000] {logging_mixin.py:190} INFO - [2026-04-15T13:44:18.343+0000] {dagbag.py:588} INFO - Filling up the DagBag from /opt/airflow/dags/dag_1.py
[2026-04-15T13:44:18.371+0000] {processor.py:925} INFO - DAG(s) 'hello_world_dag' retrieved from /opt/airflow/dags/dag_1.py
[2026-04-15T13:44:18.443+0000] {logging_mixin.py:190} INFO - [2026-04-15T13:44:18.443+0000] {dag.py:3239} INFO - Sync 1 DAGs
[2026-04-15T13:44:18.483+0000] {logging_mixin.py:190} INFO - [2026-04-15T13:44:18.482+0000] {dag.py:4180} INFO - Setting next_dagrun for hello_world_dag to None, run_after=None
[2026-04-15T13:44:18.526+0000] {processor.py:208} INFO - Processing /opt/airflow/dags/dag_1.py took 0.214 seconds
[2026-04-15T13:44:48.799+0000] {processor.py:186} INFO - Started process (PID=991) to work on /opt/airflow/dags/dag_1.py
[2026-04-15T13:44:48.799+0000] {processor.py:914} INFO - Processing file /opt/airflow/dags/dag_1.py for tasks to queue
[2026-04-15T13:44:48.801+0000] {logging_mixin.py:190} INFO - [2026-04-15T13:44:48.801+0000] {dagbag.py:588} INFO - Filling up the DagBag from /opt/airflow/dags/dag_1.py
[2026-04-15T13:44:48.809+0000] {processor.py:925} INFO - DAG(s) 'hello_world_dag' retrieved from /opt/airflow/dags/dag_1.py
[2026-04-15T13:44:48.829+0000] {logging_mixin.py:190} INFO - [2026-04-15T13:44:48.829+0000] {dag.py:3239} INFO - Sync 1 DAGs
[2026-04-15T13:44:48.842+0000] {logging_mixin.py:190} INFO - [2026-04-15T13:44:48.842+0000] {dag.py:4180} INFO - Setting next_dagrun for hello_world_dag to None, run_after=None
[2026-04-15T13:44:48.858+0000] {processor.py:208} INFO - Processing /opt/airflow/dags/dag_1.py took 0.065 seconds
[2026-04-15T13:45:19.150+0000] {processor.py:186} INFO - Started process (PID=1002) to work on /opt/airflow/dags/dag_1.py
[2026-04-15T13:45:19.157+0000] {processor.py:914} INFO - Processing file /opt/airflow/dags/dag_1.py for tasks to queue
[2026-04-15T13:45:19.164+0000] {logging_mixin.py:190} INFO - [2026-04-15T13:45:19.163+0000] {dagbag.py:588} INFO - Filling up the DagBag from /opt/airflow/dags/dag_1.py
[2026-04-15T13:45:19.196+0000] {processor.py:925} INFO - DAG(s) 'hello_world_dag' retrieved from /opt/airflow/dags/dag_1.py
[2026-04-15T13:45:19.275+0000] {logging_mixin.py:190} INFO - [2026-04-15T13:45:19.274+0000] {dag.py:3239} INFO - Sync 1 DAGs
[2026-04-15T13:45:19.303+0000] {logging_mixin.py:190} INFO - [2026-04-15T13:45:19.302+0000] {dag.py:4180} INFO - Setting next_dagrun for hello_world_dag to None, run_after=None
[2026-04-15T13:45:19.328+0000] {processor.py:208} INFO - Processing /opt/airflow/dags/dag_1.py took 0.195 seconds
[2026-04-15T13:45:49.461+0000] {processor.py:186} INFO - Started process (PID=1013) to work on /opt/airflow/dags/dag_1.py
[2026-04-15T13:45:49.463+0000] {processor.py:914} INFO - Processing file /opt/airflow/dags/dag_1.py for tasks to queue
[2026-04-15T13:45:49.468+0000] {logging_mixin.py:190} INFO - [2026-04-15T13:45:49.467+0000] {dagbag.py:588} INFO - Filling up the DagBag from /opt/airflow/dags/dag_1.py
[2026-04-15T13:45:49.494+0000] {processor.py:925} INFO - DAG(s) 'hello_world_dag' retrieved from /opt/airflow/dags/dag_1.py
[2026-04-15T13:45:49.567+0000] {logging_mixin.py:190} INFO - [2026-04-15T13:45:49.567+0000] {dag.py:3239} INFO - Sync 1 DAGs
[2026-04-15T13:45:49.615+0000] {logging_mixin.py:190} INFO - [2026-04-15T13:45:49.614+0000] {dag.py:4180} INFO - Setting next_dagrun for hello_world_dag to None, run_after=None
[2026-04-15T13:45:49.673+0000] {processor.py:208} INFO - Processing /opt/airflow/dags/dag_1.py took 0.230 seconds
[2026-04-15T13:46:19.933+0000] {processor.py:186} INFO - Started process (PID=1024) to work on /opt/airflow/dags/dag_1.py
[2026-04-15T13:46:19.935+0000] {processor.py:914} INFO - Processing file /opt/airflow/dags/dag_1.py for tasks to queue
[2026-04-15T13:46:19.941+0000] {logging_mixin.py:190} INFO - [2026-04-15T13:46:19.940+0000] {dagbag.py:588} INFO - Filling up the DagBag from /opt/airflow/dags/dag_1.py
[2026-04-15T13:46:19.974+0000] {processor.py:925} INFO - DAG(s) 'hello_world_dag' retrieved from /opt/airflow/dags/dag_1.py
[2026-04-15T13:46:20.044+0000] {logging_mixin.py:190} INFO - [2026-04-15T13:46:20.043+0000] {dag.py:3239} INFO - Sync 1 DAGs
[2026-04-15T13:46:20.090+0000] {logging_mixin.py:190} INFO - [2026-04-15T13:46:20.090+0000] {dag.py:4180} INFO - Setting next_dagrun for hello_world_dag to None, run_after=None
[2026-04-15T13:46:20.147+0000] {processor.py:208} INFO - Processing /opt/airflow/dags/dag_1.py took 0.232 seconds
[2026-04-15T13:46:50.297+0000] {processor.py:186} INFO - Started process (PID=1035) to work on /opt/airflow/dags/dag_1.py
[2026-04-15T13:46:50.299+0000] {processor.py:914} INFO - Processing file /opt/airflow/dags/dag_1.py for tasks to queue
[2026-04-15T13:46:50.304+0000] {logging_mixin.py:190} INFO - [2026-04-15T13:46:50.303+0000] {dagbag.py:588} INFO - Filling up the DagBag from /opt/airflow/dags/dag_1.py
[2026-04-15T13:46:50.331+0000] {processor.py:925} INFO - DAG(s) 'hello_world_dag' retrieved from /opt/airflow/dags/dag_1.py
[2026-04-15T13:46:50.403+0000] {logging_mixin.py:190} INFO - [2026-04-15T13:46:50.402+0000] {dag.py:3239} INFO - Sync 1 DAGs
[2026-04-15T13:46:50.440+0000] {logging_mixin.py:190} INFO - [2026-04-15T13:46:50.439+0000] {dag.py:4180} INFO - Setting next_dagrun for hello_world_dag to None, run_after=None
[2026-04-15T13:46:50.474+0000] {processor.py:208} INFO - Processing /opt/airflow/dags/dag_1.py took 0.201 seconds
[2026-04-15T13:47:20.773+0000] {processor.py:186} INFO - Started process (PID=1046) to work on /opt/airflow/dags/dag_1.py
[2026-04-15T13:47:20.781+0000] {processor.py:914} INFO - Processing file /opt/airflow/dags/dag_1.py for tasks to queue
[2026-04-15T13:47:20.789+0000] {logging_mixin.py:190} INFO - [2026-04-15T13:47:20.787+0000] {dagbag.py:588} INFO - Filling up the DagBag from /opt/airflow/dags/dag_1.py
[2026-04-15T13:47:20.815+0000] {processor.py:925} INFO - DAG(s) 'hello_world_dag' retrieved from /opt/airflow/dags/dag_1.py
[2026-04-15T13:47:20.886+0000] {logging_mixin.py:190} INFO - [2026-04-15T13:47:20.885+0000] {dag.py:3239} INFO - Sync 1 DAGs
[2026-04-15T13:47:20.931+0000] {logging_mixin.py:190} INFO - [2026-04-15T13:47:20.931+0000] {dag.py:4180} INFO - Setting next_dagrun for hello_world_dag to None, run_after=None
[2026-04-15T13:47:20.991+0000] {processor.py:208} INFO - Processing /opt/airflow/dags/dag_1.py took 0.236 seconds
[2026-04-15T13:47:51.097+0000] {processor.py:186} INFO - Started process (PID=1057) to work on /opt/airflow/dags/dag_1.py
[2026-04-15T13:47:51.098+0000] {processor.py:914} INFO - Processing file /opt/airflow/dags/dag_1.py for tasks to queue
[2026-04-15T13:47:51.105+0000] {logging_mixin.py:190} INFO - [2026-04-15T13:47:51.104+0000] {dagbag.py:588} INFO - Filling up the DagBag from /opt/airflow/dags/dag_1.py
[2026-04-15T13:47:51.132+0000] {processor.py:925} INFO - DAG(s) 'hello_world_dag' retrieved from /opt/airflow/dags/dag_1.py
[2026-04-15T13:47:51.206+0000] {logging_mixin.py:190} INFO - [2026-04-15T13:47:51.205+0000] {dag.py:3239} INFO - Sync 1 DAGs
[2026-04-15T13:47:51.254+0000] {logging_mixin.py:190} INFO - [2026-04-15T13:47:51.253+0000] {dag.py:4180} INFO - Setting next_dagrun for hello_world_dag to None, run_after=None
[2026-04-15T13:47:51.310+0000] {processor.py:208} INFO - Processing /opt/airflow/dags/dag_1.py took 0.232 seconds
[2026-04-15T13:48:21.654+0000] {processor.py:186} INFO - Started process (PID=1068) to work on /opt/airflow/dags/dag_1.py
[2026-04-15T13:48:21.662+0000] {processor.py:914} INFO - Processing file /opt/airflow/dags/dag_1.py for tasks to queue
[2026-04-15T13:48:21.667+0000] {logging_mixin.py:190} INFO - [2026-04-15T13:48:21.667+0000] {dagbag.py:588} INFO - Filling up the DagBag from /opt/airflow/dags/dag_1.py
[2026-04-15T13:48:21.693+0000] {processor.py:925} INFO - DAG(s) 'hello_world_dag' retrieved from /opt/airflow/dags/dag_1.py
[2026-04-15T13:48:21.764+0000] {logging_mixin.py:190} INFO - [2026-04-15T13:48:21.763+0000] {dag.py:3239} INFO - Sync 1 DAGs
[2026-04-15T13:48:21.807+0000] {logging_mixin.py:190} INFO - [2026-04-15T13:48:21.807+0000] {dag.py:4180} INFO - Setting next_dagrun for hello_world_dag to None, run_after=None
[2026-04-15T13:48:21.840+0000] {processor.py:208} INFO - Processing /opt/airflow/dags/dag_1.py took 0.205 seconds
[2026-04-15T13:48:51.970+0000] {processor.py:186} INFO - Started process (PID=1079) to work on /opt/airflow/dags/dag_1.py
[2026-04-15T13:48:51.972+0000] {processor.py:914} INFO - Processing file /opt/airflow/dags/dag_1.py for tasks to queue
[2026-04-15T13:48:51.977+0000] {logging_mixin.py:190} INFO - [2026-04-15T13:48:51.976+0000] {dagbag.py:588} INFO - Filling up the DagBag from /opt/airflow/dags/dag_1.py
[2026-04-15T13:48:52.004+0000] {processor.py:925} INFO - DAG(s) 'hello_world_dag' retrieved from /opt/airflow/dags/dag_1.py
[2026-04-15T13:48:52.077+0000] {logging_mixin.py:190} INFO - [2026-04-15T13:48:52.076+0000] {dag.py:3239} INFO - Sync 1 DAGs
[2026-04-15T13:48:52.111+0000] {logging_mixin.py:190} INFO - [2026-04-15T13:48:52.110+0000] {dag.py:4180} INFO - Setting next_dagrun for hello_world_dag to None, run_after=None
[2026-04-15T13:48:52.145+0000] {processor.py:208} INFO - Processing /opt/airflow/dags/dag_1.py took 0.193 seconds
[2026-04-15T13:49:22.460+0000] {processor.py:186} INFO - Started process (PID=1090) to work on /opt/airflow/dags/dag_1.py
[2026-04-15T13:49:22.467+0000] {processor.py:914} INFO - Processing file /opt/airflow/dags/dag_1.py for tasks to queue
[2026-04-15T13:49:22.474+0000] {logging_mixin.py:190} INFO - [2026-04-15T13:49:22.473+0000] {dagbag.py:588} INFO - Filling up the DagBag from /opt/airflow/dags/dag_1.py
[2026-04-15T13:49:22.505+0000] {processor.py:925} INFO - DAG(s) 'hello_world_dag' retrieved from /opt/airflow/dags/dag_1.py
[2026-04-15T13:49:22.576+0000] {logging_mixin.py:190} INFO - [2026-04-15T13:49:22.575+0000] {dag.py:3239} INFO - Sync 1 DAGs
[2026-04-15T13:49:22.622+0000] {logging_mixin.py:190} INFO - [2026-04-15T13:49:22.621+0000] {dag.py:4180} INFO - Setting next_dagrun for hello_world_dag to None, run_after=None
[2026-04-15T13:49:22.680+0000] {processor.py:208} INFO - Processing /opt/airflow/dags/dag_1.py took 0.240 seconds
[2026-04-15T13:49:52.776+0000] {processor.py:186} INFO - Started process (PID=1101) to work on /opt/airflow/dags/dag_1.py
[2026-04-15T13:49:52.778+0000] {processor.py:914} INFO - Processing file /opt/airflow/dags/dag_1.py for tasks to queue
[2026-04-15T13:49:52.783+0000] {logging_mixin.py:190} INFO - [2026-04-15T13:49:52.782+0000] {dagbag.py:588} INFO - Filling up the DagBag from /opt/airflow/dags/dag_1.py
[2026-04-15T13:49:52.809+0000] {processor.py:925} INFO - DAG(s) 'hello_world_dag' retrieved from /opt/airflow/dags/dag_1.py
[2026-04-15T13:49:52.882+0000] {logging_mixin.py:190} INFO - [2026-04-15T13:49:52.881+0000] {dag.py:3239} INFO - Sync 1 DAGs
[2026-04-15T13:49:52.922+0000] {logging_mixin.py:190} INFO - [2026-04-15T13:49:52.921+0000] {dag.py:4180} INFO - Setting next_dagrun for hello_world_dag to None, run_after=None
[2026-04-15T13:49:52.953+0000] {processor.py:208} INFO - Processing /opt/airflow/dags/dag_1.py took 0.195 seconds
[2026-04-15T13:50:23.094+0000] {processor.py:186} INFO - Started process (PID=1112) to work on /opt/airflow/dags/dag_1.py
[2026-04-15T13:50:23.096+0000] {processor.py:914} INFO - Processing file /opt/airflow/dags/dag_1.py for tasks to queue
[2026-04-15T13:50:23.101+0000] {logging_mixin.py:190} INFO - [2026-04-15T13:50:23.101+0000] {dagbag.py:588} INFO - Filling up the DagBag from /opt/airflow/dags/dag_1.py
[2026-04-15T13:50:23.128+0000] {processor.py:925} INFO - DAG(s) 'hello_world_dag' retrieved from /opt/airflow/dags/dag_1.py
[2026-04-15T13:50:23.199+0000] {logging_mixin.py:190} INFO - [2026-04-15T13:50:23.198+0000] {dag.py:3239} INFO - Sync 1 DAGs
[2026-04-15T13:50:23.241+0000] {logging_mixin.py:190} INFO - [2026-04-15T13:50:23.241+0000] {dag.py:4180} INFO - Setting next_dagrun for hello_world_dag to None, run_after=None
[2026-04-15T13:50:23.284+0000] {processor.py:208} INFO - Processing /opt/airflow/dags/dag_1.py took 0.213 seconds
[2026-04-15T13:50:53.579+0000] {processor.py:186} INFO - Started process (PID=1123) to work on /opt/airflow/dags/dag_1.py
[2026-04-15T13:50:53.581+0000] {processor.py:914} INFO - Processing file /opt/airflow/dags/dag_1.py for tasks to queue
[2026-04-15T13:50:53.586+0000] {logging_mixin.py:190} INFO - [2026-04-15T13:50:53.585+0000] {dagbag.py:588} INFO - Filling up the DagBag from /opt/airflow/dags/dag_1.py
[2026-04-15T13:50:53.612+0000] {processor.py:925} INFO - DAG(s) 'hello_world_dag' retrieved from /opt/airflow/dags/dag_1.py
[2026-04-15T13:50:53.687+0000] {logging_mixin.py:190} INFO - [2026-04-15T13:50:53.686+0000] {dag.py:3239} INFO - Sync 1 DAGs
[2026-04-15T13:50:53.729+0000] {logging_mixin.py:190} INFO - [2026-04-15T13:50:53.729+0000] {dag.py:4180} INFO - Setting next_dagrun for hello_world_dag to None, run_after=None
[2026-04-15T13:50:53.775+0000] {processor.py:208} INFO - Processing /opt/airflow/dags/dag_1.py took 0.214 seconds
[2026-04-15T13:51:23.910+0000] {processor.py:186} INFO - Started process (PID=1134) to work on /opt/airflow/dags/dag_1.py
[2026-04-15T13:51:23.918+0000] {processor.py:914} INFO - Processing file /opt/airflow/dags/dag_1.py for tasks to queue
[2026-04-15T13:51:23.925+0000] {logging_mixin.py:190} INFO - [2026-04-15T13:51:23.924+0000] {dagbag.py:588} INFO - Filling up the DagBag from /opt/airflow/dags/dag_1.py
[2026-04-15T13:51:23.950+0000] {processor.py:925} INFO - DAG(s) 'hello_world_dag' retrieved from /opt/airflow/dags/dag_1.py
[2026-04-15T13:51:24.023+0000] {logging_mixin.py:190} INFO - [2026-04-15T13:51:24.023+0000] {dag.py:3239} INFO - Sync 1 DAGs
[2026-04-15T13:51:24.071+0000] {logging_mixin.py:190} INFO - [2026-04-15T13:51:24.070+0000] {dag.py:4180} INFO - Setting next_dagrun for hello_world_dag to None, run_after=None
[2026-04-15T13:51:24.126+0000] {processor.py:208} INFO - Processing /opt/airflow/dags/dag_1.py took 0.234 seconds
[2026-04-15T13:51:54.408+0000] {processor.py:186} INFO - Started process (PID=1145) to work on /opt/airflow/dags/dag_1.py
[2026-04-15T13:51:54.410+0000] {processor.py:914} INFO - Processing file /opt/airflow/dags/dag_1.py for tasks to queue
[2026-04-15T13:51:54.417+0000] {logging_mixin.py:190} INFO - [2026-04-15T13:51:54.416+0000] {dagbag.py:588} INFO - Filling up the DagBag from /opt/airflow/dags/dag_1.py
[2026-04-15T13:51:54.442+0000] {processor.py:925} INFO - DAG(s) 'hello_world_dag' retrieved from /opt/airflow/dags/dag_1.py
[2026-04-15T13:51:54.519+0000] {logging_mixin.py:190} INFO - [2026-04-15T13:51:54.518+0000] {dag.py:3239} INFO - Sync 1 DAGs
[2026-04-15T13:51:54.544+0000] {logging_mixin.py:190} INFO - [2026-04-15T13:51:54.544+0000] {dag.py:4180} INFO - Setting next_dagrun for hello_world_dag to None, run_after=None
[2026-04-15T13:51:54.572+0000] {processor.py:208} INFO - Processing /opt/airflow/dags/dag_1.py took 0.182 seconds
[2026-04-15T13:52:24.739+0000] {processor.py:186} INFO - Started process (PID=1156) to work on /opt/airflow/dags/dag_1.py
[2026-04-15T13:52:24.747+0000] {processor.py:914} INFO - Processing file /opt/airflow/dags/dag_1.py for tasks to queue
[2026-04-15T13:52:24.754+0000] {logging_mixin.py:190} INFO - [2026-04-15T13:52:24.753+0000] {dagbag.py:588} INFO - Filling up the DagBag from /opt/airflow/dags/dag_1.py
[2026-04-15T13:52:24.780+0000] {processor.py:925} INFO - DAG(s) 'hello_world_dag' retrieved from /opt/airflow/dags/dag_1.py
[2026-04-15T13:52:24.852+0000] {logging_mixin.py:190} INFO - [2026-04-15T13:52:24.851+0000] {dag.py:3239} INFO - Sync 1 DAGs
[2026-04-15T13:52:24.898+0000] {logging_mixin.py:190} INFO - [2026-04-15T13:52:24.897+0000] {dag.py:4180} INFO - Setting next_dagrun for hello_world_dag to None, run_after=None
[2026-04-15T13:52:24.954+0000] {processor.py:208} INFO - Processing /opt/airflow/dags/dag_1.py took 0.233 seconds
[2026-04-15T13:52:55.204+0000] {processor.py:186} INFO - Started process (PID=1167) to work on /opt/airflow/dags/dag_1.py
[2026-04-15T13:52:55.206+0000] {processor.py:914} INFO - Processing file /opt/airflow/dags/dag_1.py for tasks to queue
[2026-04-15T13:52:55.211+0000] {logging_mixin.py:190} INFO - [2026-04-15T13:52:55.210+0000] {dagbag.py:588} INFO - Filling up the DagBag from /opt/airflow/dags/dag_1.py
[2026-04-15T13:52:55.238+0000] {processor.py:925} INFO - DAG(s) 'hello_world_dag' retrieved from /opt/airflow/dags/dag_1.py
[2026-04-15T13:52:55.314+0000] {logging_mixin.py:190} INFO - [2026-04-15T13:52:55.313+0000] {dag.py:3239} INFO - Sync 1 DAGs
[2026-04-15T13:52:55.350+0000] {logging_mixin.py:190} INFO - [2026-04-15T13:52:55.350+0000] {dag.py:4180} INFO - Setting next_dagrun for hello_world_dag to None, run_after=None
[2026-04-15T13:52:55.384+0000] {processor.py:208} INFO - Processing /opt/airflow/dags/dag_1.py took 0.197 seconds
[2026-04-15T13:53:25.579+0000] {processor.py:186} INFO - Started process (PID=1178) to work on /opt/airflow/dags/dag_1.py
[2026-04-15T13:53:25.587+0000] {processor.py:914} INFO - Processing file /opt/airflow/dags/dag_1.py for tasks to queue
[2026-04-15T13:53:25.593+0000] {logging_mixin.py:190} INFO - [2026-04-15T13:53:25.592+0000] {dagbag.py:588} INFO - Filling up the DagBag from /opt/airflow/dags/dag_1.py
[2026-04-15T13:53:25.619+0000] {processor.py:925} INFO - DAG(s) 'hello_world_dag' retrieved from /opt/airflow/dags/dag_1.py
[2026-04-15T13:53:25.694+0000] {logging_mixin.py:190} INFO - [2026-04-15T13:53:25.694+0000] {dag.py:3239} INFO - Sync 1 DAGs
[2026-04-15T13:53:25.739+0000] {logging_mixin.py:190} INFO - [2026-04-15T13:53:25.738+0000] {dag.py:4180} INFO - Setting next_dagrun for hello_world_dag to None, run_after=None
[2026-04-15T13:53:25.767+0000] {processor.py:208} INFO - Processing /opt/airflow/dags/dag_1.py took 0.206 seconds
[2026-04-15T13:53:55.997+0000] {processor.py:186} INFO - Started process (PID=1189) to work on /opt/airflow/dags/dag_1.py
[2026-04-15T13:53:55.999+0000] {processor.py:914} INFO - Processing file /opt/airflow/dags/dag_1.py for tasks to queue
[2026-04-15T13:53:56.004+0000] {logging_mixin.py:190} INFO - [2026-04-15T13:53:56.003+0000] {dagbag.py:588} INFO - Filling up the DagBag from /opt/airflow/dags/dag_1.py
[2026-04-15T13:53:56.030+0000] {processor.py:925} INFO - DAG(s) 'hello_world_dag' retrieved from /opt/airflow/dags/dag_1.py
[2026-04-15T13:53:56.103+0000] {logging_mixin.py:190} INFO - [2026-04-15T13:53:56.102+0000] {dag.py:3239} INFO - Sync 1 DAGs
[2026-04-15T13:53:56.152+0000] {logging_mixin.py:190} INFO - [2026-04-15T13:53:56.151+0000] {dag.py:4180} INFO - Setting next_dagrun for hello_world_dag to None, run_after=None
[2026-04-15T13:53:56.211+0000] {processor.py:208} INFO - Processing /opt/airflow/dags/dag_1.py took 0.232 seconds
[2026-04-15T13:54:34.000+0000] {processor.py:186} INFO - Started process (PID=1200) to work on /opt/airflow/dags/dag_1.py
[2026-04-15T13:54:34.005+0000] {processor.py:914} INFO - Processing file /opt/airflow/dags/dag_1.py for tasks to queue
[2026-04-15T13:54:34.018+0000] {logging_mixin.py:190} INFO - [2026-04-15T13:54:34.016+0000] {dagbag.py:588} INFO - Filling up the DagBag from /opt/airflow/dags/dag_1.py
[2026-04-15T13:54:34.055+0000] {processor.py:925} INFO - DAG(s) 'hello_world_dag' retrieved from /opt/airflow/dags/dag_1.py
[2026-04-15T13:54:34.152+0000] {logging_mixin.py:190} INFO - [2026-04-15T13:54:34.151+0000] {dag.py:3239} INFO - Sync 1 DAGs
[2026-04-15T13:54:34.182+0000] {logging_mixin.py:190} INFO - [2026-04-15T13:54:34.182+0000] {dag.py:4180} INFO - Setting next_dagrun for hello_world_dag to None, run_after=None
[2026-04-15T13:54:34.212+0000] {processor.py:208} INFO - Processing /opt/airflow/dags/dag_1.py took 0.246 seconds
[2026-04-15T13:55:04.537+0000] {processor.py:186} INFO - Started process (PID=1211) to work on /opt/airflow/dags/dag_1.py
[2026-04-15T13:55:04.538+0000] {processor.py:914} INFO - Processing file /opt/airflow/dags/dag_1.py for tasks to queue
[2026-04-15T13:55:04.545+0000] {logging_mixin.py:190} INFO - [2026-04-15T13:55:04.545+0000] {dagbag.py:588} INFO - Filling up the DagBag from /opt/airflow/dags/dag_1.py
[2026-04-15T13:55:04.574+0000] {processor.py:925} INFO - DAG(s) 'hello_world_dag' retrieved from /opt/airflow/dags/dag_1.py
[2026-04-15T13:55:04.650+0000] {logging_mixin.py:190} INFO - [2026-04-15T13:55:04.650+0000] {dag.py:3239} INFO - Sync 1 DAGs
[2026-04-15T13:55:04.684+0000] {logging_mixin.py:190} INFO - [2026-04-15T13:55:04.684+0000] {dag.py:4180} INFO - Setting next_dagrun for hello_world_dag to None, run_after=None
[2026-04-15T13:55:04.722+0000] {processor.py:208} INFO - Processing /opt/airflow/dags/dag_1.py took 0.203 seconds
[2026-04-15T13:55:34.833+0000] {processor.py:186} INFO - Started process (PID=1222) to work on /opt/airflow/dags/dag_1.py
[2026-04-15T13:55:34.841+0000] {processor.py:914} INFO - Processing file /opt/airflow/dags/dag_1.py for tasks to queue
[2026-04-15T13:55:34.846+0000] {logging_mixin.py:190} INFO - [2026-04-15T13:55:34.845+0000] {dagbag.py:588} INFO - Filling up the DagBag from /opt/airflow/dags/dag_1.py
[2026-04-15T13:55:34.872+0000] {processor.py:925} INFO - DAG(s) 'hello_world_dag' retrieved from /opt/airflow/dags/dag_1.py
[2026-04-15T13:55:34.944+0000] {logging_mixin.py:190} INFO - [2026-04-15T13:55:34.944+0000] {dag.py:3239} INFO - Sync 1 DAGs
[2026-04-15T13:55:34.994+0000] {logging_mixin.py:190} INFO - [2026-04-15T13:55:34.993+0000] {dag.py:4180} INFO - Setting next_dagrun for hello_world_dag to None, run_after=None
[2026-04-15T13:55:35.049+0000] {processor.py:208} INFO - Processing /opt/airflow/dags/dag_1.py took 0.235 seconds
[2026-04-15T13:56:05.344+0000] {processor.py:186} INFO - Started process (PID=1233) to work on /opt/airflow/dags/dag_1.py
[2026-04-15T13:56:05.351+0000] {processor.py:914} INFO - Processing file /opt/airflow/dags/dag_1.py for tasks to queue
[2026-04-15T13:56:05.357+0000] {logging_mixin.py:190} INFO - [2026-04-15T13:56:05.356+0000] {dagbag.py:588} INFO - Filling up the DagBag from /opt/airflow/dags/dag_1.py
[2026-04-15T13:56:05.383+0000] {processor.py:925} INFO - DAG(s) 'hello_world_dag' retrieved from /opt/airflow/dags/dag_1.py
[2026-04-15T13:56:05.454+0000] {logging_mixin.py:190} INFO - [2026-04-15T13:56:05.453+0000] {dag.py:3239} INFO - Sync 1 DAGs
[2026-04-15T13:56:05.495+0000] {logging_mixin.py:190} INFO - [2026-04-15T13:56:05.495+0000] {dag.py:4180} INFO - Setting next_dagrun for hello_world_dag to None, run_after=None
[2026-04-15T13:56:05.527+0000] {processor.py:208} INFO - Processing /opt/airflow/dags/dag_1.py took 0.206 seconds
[2026-04-15T13:56:35.665+0000] {processor.py:186} INFO - Started process (PID=1244) to work on /opt/airflow/dags/dag_1.py
[2026-04-15T13:56:35.667+0000] {processor.py:914} INFO - Processing file /opt/airflow/dags/dag_1.py for tasks to queue
[2026-04-15T13:56:35.672+0000] {logging_mixin.py:190} INFO - [2026-04-15T13:56:35.672+0000] {dagbag.py:588} INFO - Filling up the DagBag from /opt/airflow/dags/dag_1.py
[2026-04-15T13:56:35.699+0000] {processor.py:925} INFO - DAG(s) 'hello_world_dag' retrieved from /opt/airflow/dags/dag_1.py
[2026-04-15T13:56:35.770+0000] {logging_mixin.py:190} INFO - [2026-04-15T13:56:35.769+0000] {dag.py:3239} INFO - Sync 1 DAGs
[2026-04-15T13:56:35.818+0000] {logging_mixin.py:190} INFO - [2026-04-15T13:56:35.817+0000] {dag.py:4180} INFO - Setting next_dagrun for hello_world_dag to None, run_after=None
[2026-04-15T13:56:35.875+0000] {processor.py:208} INFO - Processing /opt/airflow/dags/dag_1.py took 0.227 seconds
[2026-04-15T13:57:06.141+0000] {processor.py:186} INFO - Started process (PID=1255) to work on /opt/airflow/dags/dag_1.py
[2026-04-15T13:57:06.143+0000] {processor.py:914} INFO - Processing file /opt/airflow/dags/dag_1.py for tasks to queue
[2026-04-15T13:57:06.149+0000] {logging_mixin.py:190} INFO - [2026-04-15T13:57:06.148+0000] {dagbag.py:588} INFO - Filling up the DagBag from /opt/airflow/dags/dag_1.py
[2026-04-15T13:57:06.175+0000] {processor.py:925} INFO - DAG(s) 'hello_world_dag' retrieved from /opt/airflow/dags/dag_1.py
[2026-04-15T13:57:06.246+0000] {logging_mixin.py:190} INFO - [2026-04-15T13:57:06.245+0000] {dag.py:3239} INFO - Sync 1 DAGs
[2026-04-15T13:57:06.287+0000] {logging_mixin.py:190} INFO - [2026-04-15T13:57:06.286+0000] {dag.py:4180} INFO - Setting next_dagrun for hello_world_dag to None, run_after=None
[2026-04-15T13:57:06.329+0000] {processor.py:208} INFO - Processing /opt/airflow/dags/dag_1.py took 0.206 seconds
[2026-04-15T13:57:36.487+0000] {processor.py:186} INFO - Started process (PID=1266) to work on /opt/airflow/dags/dag_1.py
[2026-04-15T13:57:36.488+0000] {processor.py:914} INFO - Processing file /opt/airflow/dags/dag_1.py for tasks to queue
[2026-04-15T13:57:36.494+0000] {logging_mixin.py:190} INFO - [2026-04-15T13:57:36.493+0000] {dagbag.py:588} INFO - Filling up the DagBag from /opt/airflow/dags/dag_1.py
[2026-04-15T13:57:36.520+0000] {processor.py:925} INFO - DAG(s) 'hello_world_dag' retrieved from /opt/airflow/dags/dag_1.py
[2026-04-15T13:57:36.591+0000] {logging_mixin.py:190} INFO - [2026-04-15T13:57:36.590+0000] {dag.py:3239} INFO - Sync 1 DAGs
[2026-04-15T13:57:36.629+0000] {logging_mixin.py:190} INFO - [2026-04-15T13:57:36.629+0000] {dag.py:4180} INFO - Setting next_dagrun for hello_world_dag to None, run_after=None
[2026-04-15T13:57:36.663+0000] {processor.py:208} INFO - Processing /opt/airflow/dags/dag_1.py took 0.194 seconds
[2026-04-15T13:58:06.966+0000] {processor.py:186} INFO - Started process (PID=1277) to work on /opt/airflow/dags/dag_1.py
[2026-04-15T13:58:06.974+0000] {processor.py:914} INFO - Processing file /opt/airflow/dags/dag_1.py for tasks to queue
[2026-04-15T13:58:06.983+0000] {logging_mixin.py:190} INFO - [2026-04-15T13:58:06.982+0000] {dagbag.py:588} INFO - Filling up the DagBag from /opt/airflow/dags/dag_1.py
[2026-04-15T13:58:07.008+0000] {processor.py:925} INFO - DAG(s) 'hello_world_dag' retrieved from /opt/airflow/dags/dag_1.py
[2026-04-15T13:58:07.078+0000] {logging_mixin.py:190} INFO - [2026-04-15T13:58:07.078+0000] {dag.py:3239} INFO - Sync 1 DAGs
[2026-04-15T13:58:07.122+0000] {logging_mixin.py:190} INFO - [2026-04-15T13:58:07.122+0000] {dag.py:4180} INFO - Setting next_dagrun for hello_world_dag to None, run_after=None
[2026-04-15T13:58:07.166+0000] {processor.py:208} INFO - Processing /opt/airflow/dags/dag_1.py took 0.217 seconds
[2026-04-15T13:58:37.266+0000] {processor.py:186} INFO - Started process (PID=1288) to work on /opt/airflow/dags/dag_1.py
[2026-04-15T13:58:37.268+0000] {processor.py:914} INFO - Processing file /opt/airflow/dags/dag_1.py for tasks to queue
[2026-04-15T13:58:37.275+0000] {logging_mixin.py:190} INFO - [2026-04-15T13:58:37.274+0000] {dagbag.py:588} INFO - Filling up the DagBag from /opt/airflow/dags/dag_1.py
[2026-04-15T13:58:37.300+0000] {processor.py:925} INFO - DAG(s) 'hello_world_dag' retrieved from /opt/airflow/dags/dag_1.py
[2026-04-15T13:58:37.373+0000] {logging_mixin.py:190} INFO - [2026-04-15T13:58:37.372+0000] {dag.py:3239} INFO - Sync 1 DAGs
[2026-04-15T13:58:37.418+0000] {logging_mixin.py:190} INFO - [2026-04-15T13:58:37.417+0000] {dag.py:4180} INFO - Setting next_dagrun for hello_world_dag to None, run_after=None
[2026-04-15T13:58:37.480+0000] {processor.py:208} INFO - Processing /opt/airflow/dags/dag_1.py took 0.232 seconds
[2026-04-15T13:59:07.785+0000] {processor.py:186} INFO - Started process (PID=1299) to work on /opt/airflow/dags/dag_1.py
[2026-04-15T13:59:07.793+0000] {processor.py:914} INFO - Processing file /opt/airflow/dags/dag_1.py for tasks to queue
[2026-04-15T13:59:07.798+0000] {logging_mixin.py:190} INFO - [2026-04-15T13:59:07.798+0000] {dagbag.py:588} INFO - Filling up the DagBag from /opt/airflow/dags/dag_1.py
[2026-04-15T13:59:07.824+0000] {processor.py:925} INFO - DAG(s) 'hello_world_dag' retrieved from /opt/airflow/dags/dag_1.py
[2026-04-15T13:59:07.895+0000] {logging_mixin.py:190} INFO - [2026-04-15T13:59:07.894+0000] {dag.py:3239} INFO - Sync 1 DAGs
[2026-04-15T13:59:07.935+0000] {logging_mixin.py:190} INFO - [2026-04-15T13:59:07.935+0000] {dag.py:4180} INFO - Setting next_dagrun for hello_world_dag to None, run_after=None
[2026-04-15T13:59:07.980+0000] {processor.py:208} INFO - Processing /opt/airflow/dags/dag_1.py took 0.214 seconds
[2026-04-15T13:59:38.095+0000] {processor.py:186} INFO - Started process (PID=1310) to work on /opt/airflow/dags/dag_1.py
[2026-04-15T13:59:38.097+0000] {processor.py:914} INFO - Processing file /opt/airflow/dags/dag_1.py for tasks to queue
[2026-04-15T13:59:38.103+0000] {logging_mixin.py:190} INFO - [2026-04-15T13:59:38.102+0000] {dagbag.py:588} INFO - Filling up the DagBag from /opt/airflow/dags/dag_1.py
[2026-04-15T13:59:38.130+0000] {processor.py:925} INFO - DAG(s) 'hello_world_dag' retrieved from /opt/airflow/dags/dag_1.py
[2026-04-15T13:59:38.200+0000] {logging_mixin.py:190} INFO - [2026-04-15T13:59:38.200+0000] {dag.py:3239} INFO - Sync 1 DAGs
[2026-04-15T13:59:38.242+0000] {logging_mixin.py:190} INFO - [2026-04-15T13:59:38.242+0000] {dag.py:4180} INFO - Setting next_dagrun for hello_world_dag to None, run_after=None
[2026-04-15T13:59:38.285+0000] {processor.py:208} INFO - Processing /opt/airflow/dags/dag_1.py took 0.207 seconds
[2026-04-15T14:00:08.599+0000] {processor.py:186} INFO - Started process (PID=1321) to work on /opt/airflow/dags/dag_1.py
[2026-04-15T14:00:08.607+0000] {processor.py:914} INFO - Processing file /opt/airflow/dags/dag_1.py for tasks to queue
[2026-04-15T14:00:08.612+0000] {logging_mixin.py:190} INFO - [2026-04-15T14:00:08.612+0000] {dagbag.py:588} INFO - Filling up the DagBag from /opt/airflow/dags/dag_1.py
[2026-04-15T14:00:08.638+0000] {processor.py:925} INFO - DAG(s) 'hello_world_dag' retrieved from /opt/airflow/dags/dag_1.py
[2026-04-15T14:00:08.709+0000] {logging_mixin.py:190} INFO - [2026-04-15T14:00:08.709+0000] {dag.py:3239} INFO - Sync 1 DAGs
[2026-04-15T14:00:08.750+0000] {logging_mixin.py:190} INFO - [2026-04-15T14:00:08.749+0000] {dag.py:4180} INFO - Setting next_dagrun for hello_world_dag to None, run_after=None
[2026-04-15T14:00:08.793+0000] {processor.py:208} INFO - Processing /opt/airflow/dags/dag_1.py took 0.211 seconds
[2026-04-15T14:00:38.920+0000] {processor.py:186} INFO - Started process (PID=1332) to work on /opt/airflow/dags/dag_1.py
[2026-04-15T14:00:38.921+0000] {processor.py:914} INFO - Processing file /opt/airflow/dags/dag_1.py for tasks to queue
[2026-04-15T14:00:38.927+0000] {logging_mixin.py:190} INFO - [2026-04-15T14:00:38.926+0000] {dagbag.py:588} INFO - Filling up the DagBag from /opt/airflow/dags/dag_1.py
[2026-04-15T14:00:38.954+0000] {processor.py:925} INFO - DAG(s) 'hello_world_dag' retrieved from /opt/airflow/dags/dag_1.py
[2026-04-15T14:00:39.025+0000] {logging_mixin.py:190} INFO - [2026-04-15T14:00:39.025+0000] {dag.py:3239} INFO - Sync 1 DAGs
[2026-04-15T14:00:39.065+0000] {logging_mixin.py:190} INFO - [2026-04-15T14:00:39.065+0000] {dag.py:4180} INFO - Setting next_dagrun for hello_world_dag to None, run_after=None
[2026-04-15T14:00:39.113+0000] {processor.py:208} INFO - Processing /opt/airflow/dags/dag_1.py took 0.212 seconds
[2026-04-15T14:01:09.418+0000] {processor.py:186} INFO - Started process (PID=1343) to work on /opt/airflow/dags/dag_1.py
[2026-04-15T14:01:09.420+0000] {processor.py:914} INFO - Processing file /opt/airflow/dags/dag_1.py for tasks to queue
[2026-04-15T14:01:09.426+0000] {logging_mixin.py:190} INFO - [2026-04-15T14:01:09.425+0000] {dagbag.py:588} INFO - Filling up the DagBag from /opt/airflow/dags/dag_1.py
[2026-04-15T14:01:09.452+0000] {processor.py:925} INFO - DAG(s) 'hello_world_dag' retrieved from /opt/airflow/dags/dag_1.py
[2026-04-15T14:01:09.528+0000] {logging_mixin.py:190} INFO - [2026-04-15T14:01:09.527+0000] {dag.py:3239} INFO - Sync 1 DAGs
[2026-04-15T14:01:09.575+0000] {logging_mixin.py:190} INFO - [2026-04-15T14:01:09.574+0000] {dag.py:4180} INFO - Setting next_dagrun for hello_world_dag to None, run_after=None
[2026-04-15T14:01:09.632+0000] {processor.py:208} INFO - Processing /opt/airflow/dags/dag_1.py took 0.230 seconds
[2026-04-15T14:01:39.713+0000] {processor.py:186} INFO - Started process (PID=1354) to work on /opt/airflow/dags/dag_1.py
[2026-04-15T14:01:39.715+0000] {processor.py:914} INFO - Processing file /opt/airflow/dags/dag_1.py for tasks to queue
[2026-04-15T14:01:39.721+0000] {logging_mixin.py:190} INFO - [2026-04-15T14:01:39.720+0000] {dagbag.py:588} INFO - Filling up the DagBag from /opt/airflow/dags/dag_1.py
[2026-04-15T14:01:39.747+0000] {processor.py:925} INFO - DAG(s) 'hello_world_dag' retrieved from /opt/airflow/dags/dag_1.py
[2026-04-15T14:01:39.818+0000] {logging_mixin.py:190} INFO - [2026-04-15T14:01:39.817+0000] {dag.py:3239} INFO - Sync 1 DAGs
[2026-04-15T14:01:39.864+0000] {logging_mixin.py:190} INFO - [2026-04-15T14:01:39.863+0000] {dag.py:4180} INFO - Setting next_dagrun for hello_world_dag to None, run_after=None
[2026-04-15T14:01:39.921+0000] {processor.py:208} INFO - Processing /opt/airflow/dags/dag_1.py took 0.230 seconds
[2026-04-15T14:02:10.264+0000] {processor.py:186} INFO - Started process (PID=1365) to work on /opt/airflow/dags/dag_1.py
[2026-04-15T14:02:10.272+0000] {processor.py:914} INFO - Processing file /opt/airflow/dags/dag_1.py for tasks to queue
[2026-04-15T14:02:10.279+0000] {logging_mixin.py:190} INFO - [2026-04-15T14:02:10.278+0000] {dagbag.py:588} INFO - Filling up the DagBag from /opt/airflow/dags/dag_1.py
[2026-04-15T14:02:10.304+0000] {processor.py:925} INFO - DAG(s) 'hello_world_dag' retrieved from /opt/airflow/dags/dag_1.py
[2026-04-15T14:02:10.379+0000] {logging_mixin.py:190} INFO - [2026-04-15T14:02:10.378+0000] {dag.py:3239} INFO - Sync 1 DAGs
[2026-04-15T14:02:10.416+0000] {logging_mixin.py:190} INFO - [2026-04-15T14:02:10.416+0000] {dag.py:4180} INFO - Setting next_dagrun for hello_world_dag to None, run_after=None
[2026-04-15T14:02:10.450+0000] {processor.py:208} INFO - Processing /opt/airflow/dags/dag_1.py took 0.205 seconds
[2026-04-15T14:02:40.585+0000] {processor.py:186} INFO - Started process (PID=1376) to work on /opt/airflow/dags/dag_1.py
[2026-04-15T14:02:40.593+0000] {processor.py:914} INFO - Processing file /opt/airflow/dags/dag_1.py for tasks to queue
[2026-04-15T14:02:40.600+0000] {logging_mixin.py:190} INFO - [2026-04-15T14:02:40.599+0000] {dagbag.py:588} INFO - Filling up the DagBag from /opt/airflow/dags/dag_1.py
[2026-04-15T14:02:40.625+0000] {processor.py:925} INFO - DAG(s) 'hello_world_dag' retrieved from /opt/airflow/dags/dag_1.py
[2026-04-15T14:02:40.698+0000] {logging_mixin.py:190} INFO - [2026-04-15T14:02:40.697+0000] {dag.py:3239} INFO - Sync 1 DAGs
[2026-04-15T14:02:40.747+0000] {logging_mixin.py:190} INFO - [2026-04-15T14:02:40.746+0000] {dag.py:4180} INFO - Setting next_dagrun for hello_world_dag to None, run_after=None
[2026-04-15T14:02:40.794+0000] {processor.py:208} INFO - Processing /opt/airflow/dags/dag_1.py took 0.227 seconds
[2026-04-15T14:03:11.096+0000] {processor.py:186} INFO - Started process (PID=1387) to work on /opt/airflow/dags/dag_1.py
[2026-04-15T14:03:11.097+0000] {processor.py:914} INFO - Processing file /opt/airflow/dags/dag_1.py for tasks to queue
[2026-04-15T14:03:11.103+0000] {logging_mixin.py:190} INFO - [2026-04-15T14:03:11.102+0000] {dagbag.py:588} INFO - Filling up the DagBag from /opt/airflow/dags/dag_1.py
[2026-04-15T14:03:11.128+0000] {processor.py:925} INFO - DAG(s) 'hello_world_dag' retrieved from /opt/airflow/dags/dag_1.py
[2026-04-15T14:03:11.197+0000] {logging_mixin.py:190} INFO - [2026-04-15T14:03:11.197+0000] {dag.py:3239} INFO - Sync 1 DAGs
[2026-04-15T14:03:11.244+0000] {logging_mixin.py:190} INFO - [2026-04-15T14:03:11.244+0000] {dag.py:4180} INFO - Setting next_dagrun for hello_world_dag to None, run_after=None
[2026-04-15T14:03:11.281+0000] {processor.py:208} INFO - Processing /opt/airflow/dags/dag_1.py took 0.206 seconds
[2026-04-15T14:03:41.413+0000] {processor.py:186} INFO - Started process (PID=1398) to work on /opt/airflow/dags/dag_1.py
[2026-04-15T14:03:41.421+0000] {processor.py:914} INFO - Processing file /opt/airflow/dags/dag_1.py for tasks to queue
[2026-04-15T14:03:41.427+0000] {logging_mixin.py:190} INFO - [2026-04-15T14:03:41.425+0000] {dagbag.py:588} INFO - Filling up the DagBag from /opt/airflow/dags/dag_1.py
[2026-04-15T14:03:41.453+0000] {processor.py:925} INFO - DAG(s) 'hello_world_dag' retrieved from /opt/airflow/dags/dag_1.py
[2026-04-15T14:03:41.524+0000] {logging_mixin.py:190} INFO - [2026-04-15T14:03:41.524+0000] {dag.py:3239} INFO - Sync 1 DAGs
[2026-04-15T14:03:41.565+0000] {logging_mixin.py:190} INFO - [2026-04-15T14:03:41.565+0000] {dag.py:4180} INFO - Setting next_dagrun for hello_world_dag to None, run_after=None
[2026-04-15T14:03:41.609+0000] {processor.py:208} INFO - Processing /opt/airflow/dags/dag_1.py took 0.215 seconds
[2026-04-15T14:04:11.900+0000] {processor.py:186} INFO - Started process (PID=1409) to work on /opt/airflow/dags/dag_1.py
[2026-04-15T14:04:11.902+0000] {processor.py:914} INFO - Processing file /opt/airflow/dags/dag_1.py for tasks to queue
[2026-04-15T14:04:11.907+0000] {logging_mixin.py:190} INFO - [2026-04-15T14:04:11.907+0000] {dagbag.py:588} INFO - Filling up the DagBag from /opt/airflow/dags/dag_1.py
[2026-04-15T14:04:11.934+0000] {processor.py:925} INFO - DAG(s) 'hello_world_dag' retrieved from /opt/airflow/dags/dag_1.py
[2026-04-15T14:04:12.008+0000] {logging_mixin.py:190} INFO - [2026-04-15T14:04:12.007+0000] {dag.py:3239} INFO - Sync 1 DAGs
[2026-04-15T14:04:12.047+0000] {logging_mixin.py:190} INFO - [2026-04-15T14:04:12.047+0000] {dag.py:4180} INFO - Setting next_dagrun for hello_world_dag to None, run_after=None
[2026-04-15T14:04:12.093+0000] {processor.py:208} INFO - Processing /opt/airflow/dags/dag_1.py took 0.210 seconds
[2026-04-15T14:04:42.222+0000] {processor.py:186} INFO - Started process (PID=1420) to work on /opt/airflow/dags/dag_1.py
[2026-04-15T14:04:42.230+0000] {processor.py:914} INFO - Processing file /opt/airflow/dags/dag_1.py for tasks to queue
[2026-04-15T14:04:42.235+0000] {logging_mixin.py:190} INFO - [2026-04-15T14:04:42.235+0000] {dagbag.py:588} INFO - Filling up the DagBag from /opt/airflow/dags/dag_1.py
[2026-04-15T14:04:42.262+0000] {processor.py:925} INFO - DAG(s) 'hello_world_dag' retrieved from /opt/airflow/dags/dag_1.py
[2026-04-15T14:04:42.333+0000] {logging_mixin.py:190} INFO - [2026-04-15T14:04:42.332+0000] {dag.py:3239} INFO - Sync 1 DAGs
[2026-04-15T14:04:42.378+0000] {logging_mixin.py:190} INFO - [2026-04-15T14:04:42.378+0000] {dag.py:4180} INFO - Setting next_dagrun for hello_world_dag to None, run_after=None
[2026-04-15T14:04:42.438+0000] {processor.py:208} INFO - Processing /opt/airflow/dags/dag_1.py took 0.233 seconds
[2026-04-15T14:05:12.704+0000] {processor.py:186} INFO - Started process (PID=1431) to work on /opt/airflow/dags/dag_1.py
[2026-04-15T14:05:12.705+0000] {processor.py:914} INFO - Processing file /opt/airflow/dags/dag_1.py for tasks to queue
[2026-04-15T14:05:12.711+0000] {logging_mixin.py:190} INFO - [2026-04-15T14:05:12.710+0000] {dagbag.py:588} INFO - Filling up the DagBag from /opt/airflow/dags/dag_1.py
[2026-04-15T14:05:12.738+0000] {processor.py:925} INFO - DAG(s) 'hello_world_dag' retrieved from /opt/airflow/dags/dag_1.py
[2026-04-15T14:05:12.815+0000] {logging_mixin.py:190} INFO - [2026-04-15T14:05:12.814+0000] {dag.py:3239} INFO - Sync 1 DAGs
[2026-04-15T14:05:12.854+0000] {logging_mixin.py:190} INFO - [2026-04-15T14:05:12.853+0000] {dag.py:4180} INFO - Setting next_dagrun for hello_world_dag to None, run_after=None
[2026-04-15T14:05:12.876+0000] {processor.py:208} INFO - Processing /opt/airflow/dags/dag_1.py took 0.193 seconds
[2026-04-15T14:05:43.047+0000] {processor.py:186} INFO - Started process (PID=1443) to work on /opt/airflow/dags/dag_1.py
[2026-04-15T14:05:43.055+0000] {processor.py:914} INFO - Processing file /opt/airflow/dags/dag_1.py for tasks to queue
[2026-04-15T14:05:43.062+0000] {logging_mixin.py:190} INFO - [2026-04-15T14:05:43.060+0000] {dagbag.py:588} INFO - Filling up the DagBag from /opt/airflow/dags/dag_1.py
[2026-04-15T14:05:43.087+0000] {processor.py:925} INFO - DAG(s) 'hello_world_dag' retrieved from /opt/airflow/dags/dag_1.py
[2026-04-15T14:05:43.159+0000] {logging_mixin.py:190} INFO - [2026-04-15T14:05:43.158+0000] {dag.py:3239} INFO - Sync 1 DAGs
[2026-04-15T14:05:43.200+0000] {logging_mixin.py:190} INFO - [2026-04-15T14:05:43.199+0000] {dag.py:4180} INFO - Setting next_dagrun for hello_world_dag to None, run_after=None
[2026-04-15T14:05:43.242+0000] {processor.py:208} INFO - Processing /opt/airflow/dags/dag_1.py took 0.212 seconds
[2026-04-15T14:06:13.479+0000] {processor.py:186} INFO - Started process (PID=1454) to work on /opt/airflow/dags/dag_1.py
[2026-04-15T14:06:13.481+0000] {processor.py:914} INFO - Processing file /opt/airflow/dags/dag_1.py for tasks to queue
[2026-04-15T14:06:13.487+0000] {logging_mixin.py:190} INFO - [2026-04-15T14:06:13.486+0000] {dagbag.py:588} INFO - Filling up the DagBag from /opt/airflow/dags/dag_1.py
[2026-04-15T14:06:13.513+0000] {processor.py:925} INFO - DAG(s) 'hello_world_dag' retrieved from /opt/airflow/dags/dag_1.py
[2026-04-15T14:06:13.583+0000] {logging_mixin.py:190} INFO - [2026-04-15T14:06:13.582+0000] {dag.py:3239} INFO - Sync 1 DAGs
[2026-04-15T14:06:13.623+0000] {logging_mixin.py:190} INFO - [2026-04-15T14:06:13.623+0000] {dag.py:4180} INFO - Setting next_dagrun for hello_world_dag to None, run_after=None
[2026-04-15T14:06:13.666+0000] {processor.py:208} INFO - Processing /opt/airflow/dags/dag_1.py took 0.205 seconds
[2026-04-15T14:06:43.851+0000] {processor.py:186} INFO - Started process (PID=1465) to work on /opt/airflow/dags/dag_1.py
[2026-04-15T14:06:43.859+0000] {processor.py:914} INFO - Processing file /opt/airflow/dags/dag_1.py for tasks to queue
[2026-04-15T14:06:43.866+0000] {logging_mixin.py:190} INFO - [2026-04-15T14:06:43.865+0000] {dagbag.py:588} INFO - Filling up the DagBag from /opt/airflow/dags/dag_1.py
[2026-04-15T14:06:43.891+0000] {processor.py:925} INFO - DAG(s) 'hello_world_dag' retrieved from /opt/airflow/dags/dag_1.py
[2026-04-15T14:06:43.965+0000] {logging_mixin.py:190} INFO - [2026-04-15T14:06:43.964+0000] {dag.py:3239} INFO - Sync 1 DAGs
[2026-04-15T14:06:44.002+0000] {logging_mixin.py:190} INFO - [2026-04-15T14:06:44.002+0000] {dag.py:4180} INFO - Setting next_dagrun for hello_world_dag to None, run_after=None
[2026-04-15T14:06:44.036+0000] {processor.py:208} INFO - Processing /opt/airflow/dags/dag_1.py took 0.203 seconds
[2026-04-15T14:07:14.278+0000] {processor.py:186} INFO - Started process (PID=1476) to work on /opt/airflow/dags/dag_1.py
[2026-04-15T14:07:14.280+0000] {processor.py:914} INFO - Processing file /opt/airflow/dags/dag_1.py for tasks to queue
[2026-04-15T14:07:14.287+0000] {logging_mixin.py:190} INFO - [2026-04-15T14:07:14.286+0000] {dagbag.py:588} INFO - Filling up the DagBag from /opt/airflow/dags/dag_1.py
[2026-04-15T14:07:14.312+0000] {processor.py:925} INFO - DAG(s) 'hello_world_dag' retrieved from /opt/airflow/dags/dag_1.py
[2026-04-15T14:07:14.387+0000] {logging_mixin.py:190} INFO - [2026-04-15T14:07:14.386+0000] {dag.py:3239} INFO - Sync 1 DAGs
[2026-04-15T14:07:14.432+0000] {logging_mixin.py:190} INFO - [2026-04-15T14:07:14.431+0000] {dag.py:4180} INFO - Setting next_dagrun for hello_world_dag to None, run_after=None
[2026-04-15T14:07:14.489+0000] {processor.py:208} INFO - Processing /opt/airflow/dags/dag_1.py took 0.228 seconds
[2026-04-15T14:07:44.653+0000] {processor.py:186} INFO - Started process (PID=1487) to work on /opt/airflow/dags/dag_1.py
[2026-04-15T14:07:44.660+0000] {processor.py:914} INFO - Processing file /opt/airflow/dags/dag_1.py for tasks to queue
[2026-04-15T14:07:44.666+0000] {logging_mixin.py:190} INFO - [2026-04-15T14:07:44.665+0000] {dagbag.py:588} INFO - Filling up the DagBag from /opt/airflow/dags/dag_1.py
[2026-04-15T14:07:44.692+0000] {processor.py:925} INFO - DAG(s) 'hello_world_dag' retrieved from /opt/airflow/dags/dag_1.py
[2026-04-15T14:07:44.769+0000] {logging_mixin.py:190} INFO - [2026-04-15T14:07:44.768+0000] {dag.py:3239} INFO - Sync 1 DAGs
[2026-04-15T14:07:44.815+0000] {logging_mixin.py:190} INFO - [2026-04-15T14:07:44.815+0000] {dag.py:4180} INFO - Setting next_dagrun for hello_world_dag to None, run_after=None
[2026-04-15T14:07:44.869+0000] {processor.py:208} INFO - Processing /opt/airflow/dags/dag_1.py took 0.236 seconds
[2026-04-15T14:08:15.162+0000] {processor.py:186} INFO - Started process (PID=1498) to work on /opt/airflow/dags/dag_1.py
[2026-04-15T14:08:15.164+0000] {processor.py:914} INFO - Processing file /opt/airflow/dags/dag_1.py for tasks to queue
[2026-04-15T14:08:15.169+0000] {logging_mixin.py:190} INFO - [2026-04-15T14:08:15.168+0000] {dagbag.py:588} INFO - Filling up the DagBag from /opt/airflow/dags/dag_1.py
[2026-04-15T14:08:15.195+0000] {processor.py:925} INFO - DAG(s) 'hello_world_dag' retrieved from /opt/airflow/dags/dag_1.py
[2026-04-15T14:08:15.265+0000] {logging_mixin.py:190} INFO - [2026-04-15T14:08:15.264+0000] {dag.py:3239} INFO - Sync 1 DAGs
[2026-04-15T14:08:15.303+0000] {logging_mixin.py:190} INFO - [2026-04-15T14:08:15.302+0000] {dag.py:4180} INFO - Setting next_dagrun for hello_world_dag to None, run_after=None
[2026-04-15T14:08:15.334+0000] {processor.py:208} INFO - Processing /opt/airflow/dags/dag_1.py took 0.190 seconds
[2026-04-15T14:08:45.486+0000] {processor.py:186} INFO - Started process (PID=1509) to work on /opt/airflow/dags/dag_1.py
[2026-04-15T14:08:45.494+0000] {processor.py:914} INFO - Processing file /opt/airflow/dags/dag_1.py for tasks to queue
[2026-04-15T14:08:45.499+0000] {logging_mixin.py:190} INFO - [2026-04-15T14:08:45.499+0000] {dagbag.py:588} INFO - Filling up the DagBag from /opt/airflow/dags/dag_1.py
[2026-04-15T14:08:45.526+0000] {processor.py:925} INFO - DAG(s) 'hello_world_dag' retrieved from /opt/airflow/dags/dag_1.py
[2026-04-15T14:08:45.598+0000] {logging_mixin.py:190} INFO - [2026-04-15T14:08:45.598+0000] {dag.py:3239} INFO - Sync 1 DAGs
[2026-04-15T14:08:45.641+0000] {logging_mixin.py:190} INFO - [2026-04-15T14:08:45.640+0000] {dag.py:4180} INFO - Setting next_dagrun for hello_world_dag to None, run_after=None
[2026-04-15T14:08:45.684+0000] {processor.py:208} INFO - Processing /opt/airflow/dags/dag_1.py took 0.217 seconds
[2026-04-15T14:09:15.908+0000] {processor.py:186} INFO - Started process (PID=1520) to work on /opt/airflow/dags/dag_1.py
[2026-04-15T14:09:15.909+0000] {processor.py:914} INFO - Processing file /opt/airflow/dags/dag_1.py for tasks to queue
[2026-04-15T14:09:15.910+0000] {logging_mixin.py:190} INFO - [2026-04-15T14:09:15.910+0000] {dagbag.py:588} INFO - Filling up the DagBag from /opt/airflow/dags/dag_1.py
[2026-04-15T14:09:15.919+0000] {processor.py:925} INFO - DAG(s) 'hello_world_dag' retrieved from /opt/airflow/dags/dag_1.py
[2026-04-15T14:09:15.951+0000] {logging_mixin.py:190} INFO - [2026-04-15T14:09:15.950+0000] {dag.py:3239} INFO - Sync 1 DAGs
[2026-04-15T14:09:15.974+0000] {logging_mixin.py:190} INFO - [2026-04-15T14:09:15.974+0000] {dag.py:4180} INFO - Setting next_dagrun for hello_world_dag to None, run_after=None
[2026-04-15T14:09:16.001+0000] {processor.py:208} INFO - Processing /opt/airflow/dags/dag_1.py took 0.098 seconds
[2026-04-15T18:04:32.085+0000] {processor.py:186} INFO - Started process (PID=1531) to work on /opt/airflow/dags/dag_1.py
[2026-04-15T18:04:32.088+0000] {processor.py:914} INFO - Processing file /opt/airflow/dags/dag_1.py for tasks to queue
[2026-04-15T18:04:32.096+0000] {logging_mixin.py:190} INFO - [2026-04-15T18:04:32.094+0000] {dagbag.py:588} INFO - Filling up the DagBag from /opt/airflow/dags/dag_1.py
[2026-04-15T18:04:32.118+0000] {processor.py:925} INFO - DAG(s) 'hello_world_dag' retrieved from /opt/airflow/dags/dag_1.py
[2026-04-15T18:04:32.144+0000] {logging_mixin.py:190} INFO - [2026-04-15T18:04:32.143+0000] {dag.py:3239} INFO - Sync 1 DAGs
[2026-04-15T18:04:32.159+0000] {logging_mixin.py:190} INFO - [2026-04-15T18:04:32.159+0000] {dag.py:4180} INFO - Setting next_dagrun for hello_world_dag to None, run_after=None
[2026-04-15T18:04:32.181+0000] {processor.py:208} INFO - Processing /opt/airflow/dags/dag_1.py took 0.126 seconds
[2026-04-15T18:05:02.329+0000] {processor.py:186} INFO - Started process (PID=1542) to work on /opt/airflow/dags/dag_1.py
[2026-04-15T18:05:02.331+0000] {processor.py:914} INFO - Processing file /opt/airflow/dags/dag_1.py for tasks to queue
[2026-04-15T18:05:02.337+0000] {logging_mixin.py:190} INFO - [2026-04-15T18:05:02.336+0000] {dagbag.py:588} INFO - Filling up the DagBag from /opt/airflow/dags/dag_1.py
[2026-04-15T18:05:02.363+0000] {processor.py:925} INFO - DAG(s) 'hello_world_dag' retrieved from /opt/airflow/dags/dag_1.py
[2026-04-15T18:05:02.435+0000] {logging_mixin.py:190} INFO - [2026-04-15T18:05:02.435+0000] {dag.py:3239} INFO - Sync 1 DAGs
[2026-04-15T18:05:02.472+0000] {logging_mixin.py:190} INFO - [2026-04-15T18:05:02.472+0000] {dag.py:4180} INFO - Setting next_dagrun for hello_world_dag to None, run_after=None
[2026-04-15T18:05:02.501+0000] {processor.py:208} INFO - Processing /opt/airflow/dags/dag_1.py took 0.189 seconds
[2026-04-15T18:05:32.775+0000] {processor.py:186} INFO - Started process (PID=1553) to work on /opt/airflow/dags/dag_1.py
[2026-04-15T18:05:32.783+0000] {processor.py:914} INFO - Processing file /opt/airflow/dags/dag_1.py for tasks to queue
[2026-04-15T18:05:32.788+0000] {logging_mixin.py:190} INFO - [2026-04-15T18:05:32.787+0000] {dagbag.py:588} INFO - Filling up the DagBag from /opt/airflow/dags/dag_1.py
[2026-04-15T18:05:32.815+0000] {processor.py:925} INFO - DAG(s) 'hello_world_dag' retrieved from /opt/airflow/dags/dag_1.py
[2026-04-15T18:05:32.893+0000] {logging_mixin.py:190} INFO - [2026-04-15T18:05:32.892+0000] {dag.py:3239} INFO - Sync 1 DAGs
[2026-04-15T18:05:32.942+0000] {logging_mixin.py:190} INFO - [2026-04-15T18:05:32.941+0000] {dag.py:4180} INFO - Setting next_dagrun for hello_world_dag to None, run_after=None
[2026-04-15T18:05:32.995+0000] {processor.py:208} INFO - Processing /opt/airflow/dags/dag_1.py took 0.238 seconds
[2026-04-15T18:06:03.112+0000] {processor.py:186} INFO - Started process (PID=1564) to work on /opt/airflow/dags/dag_1.py
[2026-04-15T18:06:03.114+0000] {processor.py:914} INFO - Processing file /opt/airflow/dags/dag_1.py for tasks to queue
[2026-04-15T18:06:03.120+0000] {logging_mixin.py:190} INFO - [2026-04-15T18:06:03.119+0000] {dagbag.py:588} INFO - Filling up the DagBag from /opt/airflow/dags/dag_1.py
[2026-04-15T18:06:03.146+0000] {processor.py:925} INFO - DAG(s) 'hello_world_dag' retrieved from /opt/airflow/dags/dag_1.py
[2026-04-15T18:06:03.219+0000] {logging_mixin.py:190} INFO - [2026-04-15T18:06:03.218+0000] {dag.py:3239} INFO - Sync 1 DAGs
[2026-04-15T18:06:03.261+0000] {logging_mixin.py:190} INFO - [2026-04-15T18:06:03.260+0000] {dag.py:4180} INFO - Setting next_dagrun for hello_world_dag to None, run_after=None
[2026-04-15T18:06:03.303+0000] {processor.py:208} INFO - Processing /opt/airflow/dags/dag_1.py took 0.209 seconds
[2026-04-15T18:06:33.629+0000] {processor.py:186} INFO - Started process (PID=1575) to work on /opt/airflow/dags/dag_1.py
[2026-04-15T18:06:33.637+0000] {processor.py:914} INFO - Processing file /opt/airflow/dags/dag_1.py for tasks to queue
[2026-04-15T18:06:33.643+0000] {logging_mixin.py:190} INFO - [2026-04-15T18:06:33.642+0000] {dagbag.py:588} INFO - Filling up the DagBag from /opt/airflow/dags/dag_1.py
[2026-04-15T18:06:33.669+0000] {processor.py:925} INFO - DAG(s) 'hello_world_dag' retrieved from /opt/airflow/dags/dag_1.py
[2026-04-15T18:06:33.743+0000] {logging_mixin.py:190} INFO - [2026-04-15T18:06:33.742+0000] {dag.py:3239} INFO - Sync 1 DAGs
[2026-04-15T18:06:33.789+0000] {logging_mixin.py:190} INFO - [2026-04-15T18:06:33.789+0000] {dag.py:4180} INFO - Setting next_dagrun for hello_world_dag to None, run_after=None
[2026-04-15T18:06:33.849+0000] {processor.py:208} INFO - Processing /opt/airflow/dags/dag_1.py took 0.241 seconds
[2026-04-15T18:07:03.933+0000] {processor.py:186} INFO - Started process (PID=1586) to work on /opt/airflow/dags/dag_1.py
[2026-04-15T18:07:03.935+0000] {processor.py:914} INFO - Processing file /opt/airflow/dags/dag_1.py for tasks to queue
[2026-04-15T18:07:03.942+0000] {logging_mixin.py:190} INFO - [2026-04-15T18:07:03.941+0000] {dagbag.py:588} INFO - Filling up the DagBag from /opt/airflow/dags/dag_1.py
[2026-04-15T18:07:03.969+0000] {processor.py:925} INFO - DAG(s) 'hello_world_dag' retrieved from /opt/airflow/dags/dag_1.py
[2026-04-15T18:07:04.040+0000] {logging_mixin.py:190} INFO - [2026-04-15T18:07:04.039+0000] {dag.py:3239} INFO - Sync 1 DAGs
[2026-04-15T18:07:04.085+0000] {logging_mixin.py:190} INFO - [2026-04-15T18:07:04.085+0000] {dag.py:4180} INFO - Setting next_dagrun for hello_world_dag to None, run_after=None
[2026-04-15T18:07:04.128+0000] {processor.py:208} INFO - Processing /opt/airflow/dags/dag_1.py took 0.213 seconds
[2026-04-15T18:07:34.253+0000] {processor.py:186} INFO - Started process (PID=1597) to work on /opt/airflow/dags/dag_1.py
[2026-04-15T18:07:34.261+0000] {processor.py:914} INFO - Processing file /opt/airflow/dags/dag_1.py for tasks to queue
[2026-04-15T18:07:34.268+0000] {logging_mixin.py:190} INFO - [2026-04-15T18:07:34.267+0000] {dagbag.py:588} INFO - Filling up the DagBag from /opt/airflow/dags/dag_1.py
[2026-04-15T18:07:34.293+0000] {processor.py:925} INFO - DAG(s) 'hello_world_dag' retrieved from /opt/airflow/dags/dag_1.py
[2026-04-15T18:07:34.365+0000] {logging_mixin.py:190} INFO - [2026-04-15T18:07:34.364+0000] {dag.py:3239} INFO - Sync 1 DAGs
[2026-04-15T18:07:34.412+0000] {logging_mixin.py:190} INFO - [2026-04-15T18:07:34.411+0000] {dag.py:4180} INFO - Setting next_dagrun for hello_world_dag to None, run_after=None
[2026-04-15T18:07:34.464+0000] {processor.py:208} INFO - Processing /opt/airflow/dags/dag_1.py took 0.229 seconds
[2026-04-15T18:08:04.772+0000] {processor.py:186} INFO - Started process (PID=1608) to work on /opt/airflow/dags/dag_1.py
[2026-04-15T18:08:04.774+0000] {processor.py:914} INFO - Processing file /opt/airflow/dags/dag_1.py for tasks to queue
[2026-04-15T18:08:04.780+0000] {logging_mixin.py:190} INFO - [2026-04-15T18:08:04.780+0000] {dagbag.py:588} INFO - Filling up the DagBag from /opt/airflow/dags/dag_1.py
[2026-04-15T18:08:04.805+0000] {processor.py:925} INFO - DAG(s) 'hello_world_dag' retrieved from /opt/airflow/dags/dag_1.py
[2026-04-15T18:08:04.879+0000] {logging_mixin.py:190} INFO - [2026-04-15T18:08:04.878+0000] {dag.py:3239} INFO - Sync 1 DAGs
[2026-04-15T18:08:04.924+0000] {logging_mixin.py:190} INFO - [2026-04-15T18:08:04.924+0000] {dag.py:4180} INFO - Setting next_dagrun for hello_world_dag to None, run_after=None
[2026-04-15T18:08:04.983+0000] {processor.py:208} INFO - Processing /opt/airflow/dags/dag_1.py took 0.229 seconds
[2026-04-15T18:08:35.105+0000] {processor.py:186} INFO - Started process (PID=1619) to work on /opt/airflow/dags/dag_1.py
[2026-04-15T18:08:35.114+0000] {processor.py:914} INFO - Processing file /opt/airflow/dags/dag_1.py for tasks to queue
[2026-04-15T18:08:35.121+0000] {logging_mixin.py:190} INFO - [2026-04-15T18:08:35.120+0000] {dagbag.py:588} INFO - Filling up the DagBag from /opt/airflow/dags/dag_1.py
[2026-04-15T18:08:35.147+0000] {processor.py:925} INFO - DAG(s) 'hello_world_dag' retrieved from /opt/airflow/dags/dag_1.py
[2026-04-15T18:08:35.220+0000] {logging_mixin.py:190} INFO - [2026-04-15T18:08:35.219+0000] {dag.py:3239} INFO - Sync 1 DAGs
[2026-04-15T18:08:35.256+0000] {logging_mixin.py:190} INFO - [2026-04-15T18:08:35.256+0000] {dag.py:4180} INFO - Setting next_dagrun for hello_world_dag to None, run_after=None
[2026-04-15T18:08:35.289+0000] {processor.py:208} INFO - Processing /opt/airflow/dags/dag_1.py took 0.203 seconds
[2026-04-15T18:09:05.635+0000] {processor.py:186} INFO - Started process (PID=1630) to work on /opt/airflow/dags/dag_1.py
[2026-04-15T18:09:05.637+0000] {processor.py:914} INFO - Processing file /opt/airflow/dags/dag_1.py for tasks to queue
[2026-04-15T18:09:05.642+0000] {logging_mixin.py:190} INFO - [2026-04-15T18:09:05.641+0000] {dagbag.py:588} INFO - Filling up the DagBag from /opt/airflow/dags/dag_1.py
[2026-04-15T18:09:05.668+0000] {processor.py:925} INFO - DAG(s) 'hello_world_dag' retrieved from /opt/airflow/dags/dag_1.py
[2026-04-15T18:09:05.743+0000] {logging_mixin.py:190} INFO - [2026-04-15T18:09:05.743+0000] {dag.py:3239} INFO - Sync 1 DAGs
[2026-04-15T18:09:05.782+0000] {logging_mixin.py:190} INFO - [2026-04-15T18:09:05.781+0000] {dag.py:4180} INFO - Setting next_dagrun for hello_world_dag to None, run_after=None
[2026-04-15T18:09:05.814+0000] {processor.py:208} INFO - Processing /opt/airflow/dags/dag_1.py took 0.202 seconds
[2026-04-15T18:09:35.942+0000] {processor.py:186} INFO - Started process (PID=1641) to work on /opt/airflow/dags/dag_1.py
[2026-04-15T18:09:35.950+0000] {processor.py:914} INFO - Processing file /opt/airflow/dags/dag_1.py for tasks to queue
[2026-04-15T18:09:35.956+0000] {logging_mixin.py:190} INFO - [2026-04-15T18:09:35.955+0000] {dagbag.py:588} INFO - Filling up the DagBag from /opt/airflow/dags/dag_1.py
[2026-04-15T18:09:35.983+0000] {processor.py:925} INFO - DAG(s) 'hello_world_dag' retrieved from /opt/airflow/dags/dag_1.py
[2026-04-15T18:09:36.056+0000] {logging_mixin.py:190} INFO - [2026-04-15T18:09:36.055+0000] {dag.py:3239} INFO - Sync 1 DAGs
[2026-04-15T18:09:36.101+0000] {logging_mixin.py:190} INFO - [2026-04-15T18:09:36.101+0000] {dag.py:4180} INFO - Setting next_dagrun for hello_world_dag to None, run_after=None
[2026-04-15T18:09:36.160+0000] {processor.py:208} INFO - Processing /opt/airflow/dags/dag_1.py took 0.235 seconds
[2026-04-15T18:10:06.462+0000] {processor.py:186} INFO - Started process (PID=1652) to work on /opt/airflow/dags/dag_1.py
[2026-04-15T18:10:06.464+0000] {processor.py:914} INFO - Processing file /opt/airflow/dags/dag_1.py for tasks to queue
[2026-04-15T18:10:06.469+0000] {logging_mixin.py:190} INFO - [2026-04-15T18:10:06.468+0000] {dagbag.py:588} INFO - Filling up the DagBag from /opt/airflow/dags/dag_1.py
[2026-04-15T18:10:06.496+0000] {processor.py:925} INFO - DAG(s) 'hello_world_dag' retrieved from /opt/airflow/dags/dag_1.py
[2026-04-15T18:10:06.567+0000] {logging_mixin.py:190} INFO - [2026-04-15T18:10:06.566+0000] {dag.py:3239} INFO - Sync 1 DAGs
[2026-04-15T18:10:06.613+0000] {logging_mixin.py:190} INFO - [2026-04-15T18:10:06.612+0000] {dag.py:4180} INFO - Setting next_dagrun for hello_world_dag to None, run_after=None
[2026-04-15T18:10:06.666+0000] {processor.py:208} INFO - Processing /opt/airflow/dags/dag_1.py took 0.222 seconds
[2026-04-15T18:10:36.802+0000] {processor.py:186} INFO - Started process (PID=1663) to work on /opt/airflow/dags/dag_1.py
[2026-04-15T18:10:36.810+0000] {processor.py:914} INFO - Processing file /opt/airflow/dags/dag_1.py for tasks to queue
[2026-04-15T18:10:36.816+0000] {logging_mixin.py:190} INFO - [2026-04-15T18:10:36.815+0000] {dagbag.py:588} INFO - Filling up the DagBag from /opt/airflow/dags/dag_1.py
[2026-04-15T18:10:36.842+0000] {processor.py:925} INFO - DAG(s) 'hello_world_dag' retrieved from /opt/airflow/dags/dag_1.py
[2026-04-15T18:10:36.918+0000] {logging_mixin.py:190} INFO - [2026-04-15T18:10:36.917+0000] {dag.py:3239} INFO - Sync 1 DAGs
[2026-04-15T18:10:36.965+0000] {logging_mixin.py:190} INFO - [2026-04-15T18:10:36.964+0000] {dag.py:4180} INFO - Setting next_dagrun for hello_world_dag to None, run_after=None
[2026-04-15T18:10:37.015+0000] {processor.py:208} INFO - Processing /opt/airflow/dags/dag_1.py took 0.232 seconds
[2026-04-15T18:11:07.288+0000] {processor.py:186} INFO - Started process (PID=1674) to work on /opt/airflow/dags/dag_1.py
[2026-04-15T18:11:07.290+0000] {processor.py:914} INFO - Processing file /opt/airflow/dags/dag_1.py for tasks to queue
[2026-04-15T18:11:07.297+0000] {logging_mixin.py:190} INFO - [2026-04-15T18:11:07.296+0000] {dagbag.py:588} INFO - Filling up the DagBag from /opt/airflow/dags/dag_1.py
[2026-04-15T18:11:07.330+0000] {processor.py:925} INFO - DAG(s) 'hello_world_dag' retrieved from /opt/airflow/dags/dag_1.py
[2026-04-15T18:11:07.400+0000] {logging_mixin.py:190} INFO - [2026-04-15T18:11:07.399+0000] {dag.py:3239} INFO - Sync 1 DAGs
[2026-04-15T18:11:07.446+0000] {logging_mixin.py:190} INFO - [2026-04-15T18:11:07.446+0000] {dag.py:4180} INFO - Setting next_dagrun for hello_world_dag to None, run_after=None
[2026-04-15T18:11:07.505+0000] {processor.py:208} INFO - Processing /opt/airflow/dags/dag_1.py took 0.234 seconds
[2026-04-15T18:11:37.650+0000] {processor.py:186} INFO - Started process (PID=1685) to work on /opt/airflow/dags/dag_1.py
[2026-04-15T18:11:37.652+0000] {processor.py:914} INFO - Processing file /opt/airflow/dags/dag_1.py for tasks to queue
[2026-04-15T18:11:37.659+0000] {logging_mixin.py:190} INFO - [2026-04-15T18:11:37.658+0000] {dagbag.py:588} INFO - Filling up the DagBag from /opt/airflow/dags/dag_1.py
[2026-04-15T18:11:37.684+0000] {processor.py:925} INFO - DAG(s) 'hello_world_dag' retrieved from /opt/airflow/dags/dag_1.py
[2026-04-15T18:11:37.756+0000] {logging_mixin.py:190} INFO - [2026-04-15T18:11:37.756+0000] {dag.py:3239} INFO - Sync 1 DAGs
[2026-04-15T18:11:37.798+0000] {logging_mixin.py:190} INFO - [2026-04-15T18:11:37.798+0000] {dag.py:4180} INFO - Setting next_dagrun for hello_world_dag to None, run_after=None
[2026-04-15T18:11:37.841+0000] {processor.py:208} INFO - Processing /opt/airflow/dags/dag_1.py took 0.209 seconds
[2026-04-15T18:12:08.154+0000] {processor.py:186} INFO - Started process (PID=1696) to work on /opt/airflow/dags/dag_1.py
[2026-04-15T18:12:08.162+0000] {processor.py:914} INFO - Processing file /opt/airflow/dags/dag_1.py for tasks to queue
[2026-04-15T18:12:08.169+0000] {logging_mixin.py:190} INFO - [2026-04-15T18:12:08.168+0000] {dagbag.py:588} INFO - Filling up the DagBag from /opt/airflow/dags/dag_1.py
[2026-04-15T18:12:08.195+0000] {processor.py:925} INFO - DAG(s) 'hello_world_dag' retrieved from /opt/airflow/dags/dag_1.py
[2026-04-15T18:12:08.266+0000] {logging_mixin.py:190} INFO - [2026-04-15T18:12:08.265+0000] {dag.py:3239} INFO - Sync 1 DAGs
[2026-04-15T18:12:08.309+0000] {logging_mixin.py:190} INFO - [2026-04-15T18:12:08.308+0000] {dag.py:4180} INFO - Setting next_dagrun for hello_world_dag to None, run_after=None
[2026-04-15T18:12:08.353+0000] {processor.py:208} INFO - Processing /opt/airflow/dags/dag_1.py took 0.216 seconds
[2026-04-15T18:12:38.472+0000] {processor.py:186} INFO - Started process (PID=1708) to work on /opt/airflow/dags/dag_1.py
[2026-04-15T18:12:38.474+0000] {processor.py:914} INFO - Processing file /opt/airflow/dags/dag_1.py for tasks to queue
[2026-04-15T18:12:38.481+0000] {logging_mixin.py:190} INFO - [2026-04-15T18:12:38.480+0000] {dagbag.py:588} INFO - Filling up the DagBag from /opt/airflow/dags/dag_1.py
[2026-04-15T18:12:38.508+0000] {processor.py:925} INFO - DAG(s) 'hello_world_dag' retrieved from /opt/airflow/dags/dag_1.py
[2026-04-15T18:12:38.580+0000] {logging_mixin.py:190} INFO - [2026-04-15T18:12:38.579+0000] {dag.py:3239} INFO - Sync 1 DAGs
[2026-04-15T18:12:38.616+0000] {logging_mixin.py:190} INFO - [2026-04-15T18:12:38.615+0000] {dag.py:4180} INFO - Setting next_dagrun for hello_world_dag to None, run_after=None
[2026-04-15T18:12:38.650+0000] {processor.py:208} INFO - Processing /opt/airflow/dags/dag_1.py took 0.197 seconds
[2026-04-15T18:13:08.986+0000] {processor.py:186} INFO - Started process (PID=1719) to work on /opt/airflow/dags/dag_1.py
[2026-04-15T18:13:08.988+0000] {processor.py:914} INFO - Processing file /opt/airflow/dags/dag_1.py for tasks to queue
[2026-04-15T18:13:08.993+0000] {logging_mixin.py:190} INFO - [2026-04-15T18:13:08.992+0000] {dagbag.py:588} INFO - Filling up the DagBag from /opt/airflow/dags/dag_1.py
[2026-04-15T18:13:09.020+0000] {processor.py:925} INFO - DAG(s) 'hello_world_dag' retrieved from /opt/airflow/dags/dag_1.py
[2026-04-15T18:13:09.102+0000] {logging_mixin.py:190} INFO - [2026-04-15T18:13:09.101+0000] {dag.py:3239} INFO - Sync 1 DAGs
[2026-04-15T18:13:09.148+0000] {logging_mixin.py:190} INFO - [2026-04-15T18:13:09.147+0000] {dag.py:4180} INFO - Setting next_dagrun for hello_world_dag to None, run_after=None
[2026-04-15T18:13:09.200+0000] {processor.py:208} INFO - Processing /opt/airflow/dags/dag_1.py took 0.232 seconds
[2026-04-15T18:13:39.305+0000] {processor.py:186} INFO - Started process (PID=1730) to work on /opt/airflow/dags/dag_1.py
[2026-04-15T18:13:39.307+0000] {processor.py:914} INFO - Processing file /opt/airflow/dags/dag_1.py for tasks to queue
[2026-04-15T18:13:39.313+0000] {logging_mixin.py:190} INFO - [2026-04-15T18:13:39.312+0000] {dagbag.py:588} INFO - Filling up the DagBag from /opt/airflow/dags/dag_1.py
[2026-04-15T18:13:39.340+0000] {processor.py:925} INFO - DAG(s) 'hello_world_dag' retrieved from /opt/airflow/dags/dag_1.py
[2026-04-15T18:13:39.413+0000] {logging_mixin.py:190} INFO - [2026-04-15T18:13:39.412+0000] {dag.py:3239} INFO - Sync 1 DAGs
[2026-04-15T18:13:39.461+0000] {logging_mixin.py:190} INFO - [2026-04-15T18:13:39.460+0000] {dag.py:4180} INFO - Setting next_dagrun for hello_world_dag to None, run_after=None
[2026-04-15T18:13:39.521+0000] {processor.py:208} INFO - Processing /opt/airflow/dags/dag_1.py took 0.235 seconds
[2026-04-15T18:14:09.837+0000] {processor.py:186} INFO - Started process (PID=1741) to work on /opt/airflow/dags/dag_1.py
[2026-04-15T18:14:09.844+0000] {processor.py:914} INFO - Processing file /opt/airflow/dags/dag_1.py for tasks to queue
[2026-04-15T18:14:09.850+0000] {logging_mixin.py:190} INFO - [2026-04-15T18:14:09.849+0000] {dagbag.py:588} INFO - Filling up the DagBag from /opt/airflow/dags/dag_1.py
[2026-04-15T18:14:09.876+0000] {processor.py:925} INFO - DAG(s) 'hello_world_dag' retrieved from /opt/airflow/dags/dag_1.py
[2026-04-15T18:14:09.946+0000] {logging_mixin.py:190} INFO - [2026-04-15T18:14:09.945+0000] {dag.py:3239} INFO - Sync 1 DAGs
[2026-04-15T18:14:09.987+0000] {logging_mixin.py:190} INFO - [2026-04-15T18:14:09.987+0000] {dag.py:4180} INFO - Setting next_dagrun for hello_world_dag to None, run_after=None
[2026-04-15T18:14:10.029+0000] {processor.py:208} INFO - Processing /opt/airflow/dags/dag_1.py took 0.210 seconds
[2026-04-15T18:14:40.152+0000] {processor.py:186} INFO - Started process (PID=1752) to work on /opt/airflow/dags/dag_1.py
[2026-04-15T18:14:40.154+0000] {processor.py:914} INFO - Processing file /opt/airflow/dags/dag_1.py for tasks to queue
[2026-04-15T18:14:40.159+0000] {logging_mixin.py:190} INFO - [2026-04-15T18:14:40.159+0000] {dagbag.py:588} INFO - Filling up the DagBag from /opt/airflow/dags/dag_1.py
[2026-04-15T18:14:40.186+0000] {processor.py:925} INFO - DAG(s) 'hello_world_dag' retrieved from /opt/airflow/dags/dag_1.py
[2026-04-15T18:14:40.256+0000] {logging_mixin.py:190} INFO - [2026-04-15T18:14:40.255+0000] {dag.py:3239} INFO - Sync 1 DAGs
[2026-04-15T18:14:40.298+0000] {logging_mixin.py:190} INFO - [2026-04-15T18:14:40.297+0000] {dag.py:4180} INFO - Setting next_dagrun for hello_world_dag to None, run_after=None
[2026-04-15T18:14:40.341+0000] {processor.py:208} INFO - Processing /opt/airflow/dags/dag_1.py took 0.207 seconds
[2026-04-15T18:15:10.688+0000] {processor.py:186} INFO - Started process (PID=1763) to work on /opt/airflow/dags/dag_1.py
[2026-04-15T18:15:10.690+0000] {processor.py:914} INFO - Processing file /opt/airflow/dags/dag_1.py for tasks to queue
[2026-04-15T18:15:10.697+0000] {logging_mixin.py:190} INFO - [2026-04-15T18:15:10.696+0000] {dagbag.py:588} INFO - Filling up the DagBag from /opt/airflow/dags/dag_1.py
[2026-04-15T18:15:10.723+0000] {processor.py:925} INFO - DAG(s) 'hello_world_dag' retrieved from /opt/airflow/dags/dag_1.py
[2026-04-15T18:15:10.794+0000] {logging_mixin.py:190} INFO - [2026-04-15T18:15:10.793+0000] {dag.py:3239} INFO - Sync 1 DAGs
[2026-04-15T18:15:10.840+0000] {logging_mixin.py:190} INFO - [2026-04-15T18:15:10.840+0000] {dag.py:4180} INFO - Setting next_dagrun for hello_world_dag to None, run_after=None
[2026-04-15T18:15:10.897+0000] {processor.py:208} INFO - Processing /opt/airflow/dags/dag_1.py took 0.228 seconds
[2026-04-15T18:15:40.993+0000] {processor.py:186} INFO - Started process (PID=1774) to work on /opt/airflow/dags/dag_1.py
[2026-04-15T18:15:40.995+0000] {processor.py:914} INFO - Processing file /opt/airflow/dags/dag_1.py for tasks to queue
[2026-04-15T18:15:41.002+0000] {logging_mixin.py:190} INFO - [2026-04-15T18:15:41.001+0000] {dagbag.py:588} INFO - Filling up the DagBag from /opt/airflow/dags/dag_1.py
[2026-04-15T18:15:41.027+0000] {processor.py:925} INFO - DAG(s) 'hello_world_dag' retrieved from /opt/airflow/dags/dag_1.py
[2026-04-15T18:15:41.100+0000] {logging_mixin.py:190} INFO - [2026-04-15T18:15:41.099+0000] {dag.py:3239} INFO - Sync 1 DAGs
[2026-04-15T18:15:41.141+0000] {logging_mixin.py:190} INFO - [2026-04-15T18:15:41.141+0000] {dag.py:4180} INFO - Setting next_dagrun for hello_world_dag to None, run_after=None
[2026-04-15T18:15:41.178+0000] {processor.py:208} INFO - Processing /opt/airflow/dags/dag_1.py took 0.202 seconds
[2026-04-15T18:16:11.516+0000] {processor.py:186} INFO - Started process (PID=1785) to work on /opt/airflow/dags/dag_1.py
[2026-04-15T18:16:11.524+0000] {processor.py:914} INFO - Processing file /opt/airflow/dags/dag_1.py for tasks to queue
[2026-04-15T18:16:11.530+0000] {logging_mixin.py:190} INFO - [2026-04-15T18:16:11.530+0000] {dagbag.py:588} INFO - Filling up the DagBag from /opt/airflow/dags/dag_1.py
[2026-04-15T18:16:11.557+0000] {processor.py:925} INFO - DAG(s) 'hello_world_dag' retrieved from /opt/airflow/dags/dag_1.py
[2026-04-15T18:16:11.632+0000] {logging_mixin.py:190} INFO - [2026-04-15T18:16:11.631+0000] {dag.py:3239} INFO - Sync 1 DAGs
[2026-04-15T18:16:11.669+0000] {logging_mixin.py:190} INFO - [2026-04-15T18:16:11.668+0000] {dag.py:4180} INFO - Setting next_dagrun for hello_world_dag to None, run_after=None
[2026-04-15T18:16:11.697+0000] {processor.py:208} INFO - Processing /opt/airflow/dags/dag_1.py took 0.200 seconds
[2026-04-15T18:16:41.829+0000] {processor.py:186} INFO - Started process (PID=1796) to work on /opt/airflow/dags/dag_1.py
[2026-04-15T18:16:41.831+0000] {processor.py:914} INFO - Processing file /opt/airflow/dags/dag_1.py for tasks to queue
[2026-04-15T18:16:41.836+0000] {logging_mixin.py:190} INFO - [2026-04-15T18:16:41.836+0000] {dagbag.py:588} INFO - Filling up the DagBag from /opt/airflow/dags/dag_1.py
[2026-04-15T18:16:41.862+0000] {processor.py:925} INFO - DAG(s) 'hello_world_dag' retrieved from /opt/airflow/dags/dag_1.py
[2026-04-15T18:16:41.933+0000] {logging_mixin.py:190} INFO - [2026-04-15T18:16:41.933+0000] {dag.py:3239} INFO - Sync 1 DAGs
[2026-04-15T18:16:41.973+0000] {logging_mixin.py:190} INFO - [2026-04-15T18:16:41.973+0000] {dag.py:4180} INFO - Setting next_dagrun for hello_world_dag to None, run_after=None
[2026-04-15T18:16:42.018+0000] {processor.py:208} INFO - Processing /opt/airflow/dags/dag_1.py took 0.208 seconds
[2026-04-15T18:17:12.321+0000] {processor.py:186} INFO - Started process (PID=1807) to work on /opt/airflow/dags/dag_1.py
[2026-04-15T18:17:12.329+0000] {processor.py:914} INFO - Processing file /opt/airflow/dags/dag_1.py for tasks to queue
[2026-04-15T18:17:12.335+0000] {logging_mixin.py:190} INFO - [2026-04-15T18:17:12.334+0000] {dagbag.py:588} INFO - Filling up the DagBag from /opt/airflow/dags/dag_1.py
[2026-04-15T18:17:12.362+0000] {processor.py:925} INFO - DAG(s) 'hello_world_dag' retrieved from /opt/airflow/dags/dag_1.py
[2026-04-15T18:17:12.435+0000] {logging_mixin.py:190} INFO - [2026-04-15T18:17:12.435+0000] {dag.py:3239} INFO - Sync 1 DAGs
[2026-04-15T18:17:12.473+0000] {logging_mixin.py:190} INFO - [2026-04-15T18:17:12.473+0000] {dag.py:4180} INFO - Setting next_dagrun for hello_world_dag to None, run_after=None
[2026-04-15T18:17:12.509+0000] {processor.py:208} INFO - Processing /opt/airflow/dags/dag_1.py took 0.211 seconds
[2026-04-15T18:17:42.628+0000] {processor.py:186} INFO - Started process (PID=1818) to work on /opt/airflow/dags/dag_1.py
[2026-04-15T18:17:42.630+0000] {processor.py:914} INFO - Processing file /opt/airflow/dags/dag_1.py for tasks to queue
[2026-04-15T18:17:42.636+0000] {logging_mixin.py:190} INFO - [2026-04-15T18:17:42.635+0000] {dagbag.py:588} INFO - Filling up the DagBag from /opt/airflow/dags/dag_1.py
[2026-04-15T18:17:42.664+0000] {processor.py:925} INFO - DAG(s) 'hello_world_dag' retrieved from /opt/airflow/dags/dag_1.py
[2026-04-15T18:17:42.741+0000] {logging_mixin.py:190} INFO - [2026-04-15T18:17:42.740+0000] {dag.py:3239} INFO - Sync 1 DAGs
[2026-04-15T18:17:42.774+0000] {logging_mixin.py:190} INFO - [2026-04-15T18:17:42.774+0000] {dag.py:4180} INFO - Setting next_dagrun for hello_world_dag to None, run_after=None
[2026-04-15T18:17:42.810+0000] {processor.py:208} INFO - Processing /opt/airflow/dags/dag_1.py took 0.200 seconds
[2026-04-15T18:18:13.113+0000] {processor.py:186} INFO - Started process (PID=1829) to work on /opt/airflow/dags/dag_1.py
[2026-04-15T18:18:13.121+0000] {processor.py:914} INFO - Processing file /opt/airflow/dags/dag_1.py for tasks to queue
[2026-04-15T18:18:13.128+0000] {logging_mixin.py:190} INFO - [2026-04-15T18:18:13.127+0000] {dagbag.py:588} INFO - Filling up the DagBag from /opt/airflow/dags/dag_1.py
[2026-04-15T18:18:13.158+0000] {processor.py:925} INFO - DAG(s) 'hello_world_dag' retrieved from /opt/airflow/dags/dag_1.py
[2026-04-15T18:18:13.228+0000] {logging_mixin.py:190} INFO - [2026-04-15T18:18:13.227+0000] {dag.py:3239} INFO - Sync 1 DAGs
[2026-04-15T18:18:13.264+0000] {logging_mixin.py:190} INFO - [2026-04-15T18:18:13.263+0000] {dag.py:4180} INFO - Setting next_dagrun for hello_world_dag to None, run_after=None
[2026-04-15T18:18:13.291+0000] {processor.py:208} INFO - Processing /opt/airflow/dags/dag_1.py took 0.197 seconds
[2026-04-15T18:18:43.425+0000] {processor.py:186} INFO - Started process (PID=1846) to work on /opt/airflow/dags/dag_1.py
[2026-04-15T18:18:43.427+0000] {processor.py:914} INFO - Processing file /opt/airflow/dags/dag_1.py for tasks to queue
[2026-04-15T18:18:43.434+0000] {logging_mixin.py:190} INFO - [2026-04-15T18:18:43.433+0000] {dagbag.py:588} INFO - Filling up the DagBag from /opt/airflow/dags/dag_1.py
[2026-04-15T18:18:43.461+0000] {processor.py:925} INFO - DAG(s) 'hello_world_dag' retrieved from /opt/airflow/dags/dag_1.py
[2026-04-15T18:18:43.532+0000] {logging_mixin.py:190} INFO - [2026-04-15T18:18:43.532+0000] {dag.py:3239} INFO - Sync 1 DAGs
[2026-04-15T18:18:43.569+0000] {logging_mixin.py:190} INFO - [2026-04-15T18:18:43.569+0000] {dag.py:4180} INFO - Setting next_dagrun for hello_world_dag to None, run_after=None
[2026-04-15T18:18:43.603+0000] {processor.py:208} INFO - Processing /opt/airflow/dags/dag_1.py took 0.199 seconds
[2026-04-15T18:19:13.906+0000] {processor.py:186} INFO - Started process (PID=1857) to work on /opt/airflow/dags/dag_1.py
[2026-04-15T18:19:13.914+0000] {processor.py:914} INFO - Processing file /opt/airflow/dags/dag_1.py for tasks to queue
[2026-04-15T18:19:13.920+0000] {logging_mixin.py:190} INFO - [2026-04-15T18:19:13.919+0000] {dagbag.py:588} INFO - Filling up the DagBag from /opt/airflow/dags/dag_1.py
[2026-04-15T18:19:13.946+0000] {processor.py:925} INFO - DAG(s) 'hello_world_dag' retrieved from /opt/airflow/dags/dag_1.py
[2026-04-15T18:19:14.018+0000] {logging_mixin.py:190} INFO - [2026-04-15T18:19:14.017+0000] {dag.py:3239} INFO - Sync 1 DAGs
[2026-04-15T18:19:14.059+0000] {logging_mixin.py:190} INFO - [2026-04-15T18:19:14.058+0000] {dag.py:4180} INFO - Setting next_dagrun for hello_world_dag to None, run_after=None
[2026-04-15T18:19:14.102+0000] {processor.py:208} INFO - Processing /opt/airflow/dags/dag_1.py took 0.216 seconds
[2026-04-15T18:19:44.226+0000] {processor.py:186} INFO - Started process (PID=1868) to work on /opt/airflow/dags/dag_1.py
[2026-04-15T18:19:44.228+0000] {processor.py:914} INFO - Processing file /opt/airflow/dags/dag_1.py for tasks to queue
[2026-04-15T18:19:44.234+0000] {logging_mixin.py:190} INFO - [2026-04-15T18:19:44.233+0000] {dagbag.py:588} INFO - Filling up the DagBag from /opt/airflow/dags/dag_1.py
[2026-04-15T18:19:44.261+0000] {processor.py:925} INFO - DAG(s) 'hello_world_dag' retrieved from /opt/airflow/dags/dag_1.py
[2026-04-15T18:19:44.332+0000] {logging_mixin.py:190} INFO - [2026-04-15T18:19:44.331+0000] {dag.py:3239} INFO - Sync 1 DAGs
[2026-04-15T18:19:44.373+0000] {logging_mixin.py:190} INFO - [2026-04-15T18:19:44.372+0000] {dag.py:4180} INFO - Setting next_dagrun for hello_world_dag to None, run_after=None
[2026-04-15T18:19:44.417+0000] {processor.py:208} INFO - Processing /opt/airflow/dags/dag_1.py took 0.209 seconds
[2026-04-15T18:20:14.759+0000] {processor.py:186} INFO - Started process (PID=1879) to work on /opt/airflow/dags/dag_1.py
[2026-04-15T18:20:14.767+0000] {processor.py:914} INFO - Processing file /opt/airflow/dags/dag_1.py for tasks to queue
[2026-04-15T18:20:14.774+0000] {logging_mixin.py:190} INFO - [2026-04-15T18:20:14.773+0000] {dagbag.py:588} INFO - Filling up the DagBag from /opt/airflow/dags/dag_1.py
[2026-04-15T18:20:14.800+0000] {processor.py:925} INFO - DAG(s) 'hello_world_dag' retrieved from /opt/airflow/dags/dag_1.py
[2026-04-15T18:20:14.870+0000] {logging_mixin.py:190} INFO - [2026-04-15T18:20:14.869+0000] {dag.py:3239} INFO - Sync 1 DAGs
[2026-04-15T18:20:14.908+0000] {logging_mixin.py:190} INFO - [2026-04-15T18:20:14.908+0000] {dag.py:4180} INFO - Setting next_dagrun for hello_world_dag to None, run_after=None
[2026-04-15T18:20:14.942+0000] {processor.py:208} INFO - Processing /opt/airflow/dags/dag_1.py took 0.202 seconds
[2026-04-15T18:20:45.084+0000] {processor.py:186} INFO - Started process (PID=1890) to work on /opt/airflow/dags/dag_1.py
[2026-04-15T18:20:45.086+0000] {processor.py:914} INFO - Processing file /opt/airflow/dags/dag_1.py for tasks to queue
[2026-04-15T18:20:45.094+0000] {logging_mixin.py:190} INFO - [2026-04-15T18:20:45.093+0000] {dagbag.py:588} INFO - Filling up the DagBag from /opt/airflow/dags/dag_1.py
[2026-04-15T18:20:45.121+0000] {processor.py:925} INFO - DAG(s) 'hello_world_dag' retrieved from /opt/airflow/dags/dag_1.py
[2026-04-15T18:20:45.195+0000] {logging_mixin.py:190} INFO - [2026-04-15T18:20:45.194+0000] {dag.py:3239} INFO - Sync 1 DAGs
[2026-04-15T18:20:45.233+0000] {logging_mixin.py:190} INFO - [2026-04-15T18:20:45.233+0000] {dag.py:4180} INFO - Setting next_dagrun for hello_world_dag to None, run_after=None
[2026-04-15T18:20:45.255+0000] {processor.py:208} INFO - Processing /opt/airflow/dags/dag_1.py took 0.190 seconds
[2026-04-15T18:21:15.577+0000] {processor.py:186} INFO - Started process (PID=1901) to work on /opt/airflow/dags/dag_1.py
[2026-04-15T18:21:15.585+0000] {processor.py:914} INFO - Processing file /opt/airflow/dags/dag_1.py for tasks to queue
[2026-04-15T18:21:15.591+0000] {logging_mixin.py:190} INFO - [2026-04-15T18:21:15.590+0000] {dagbag.py:588} INFO - Filling up the DagBag from /opt/airflow/dags/dag_1.py
[2026-04-15T18:21:15.617+0000] {processor.py:925} INFO - DAG(s) 'hello_world_dag' retrieved from /opt/airflow/dags/dag_1.py
[2026-04-15T18:21:15.688+0000] {logging_mixin.py:190} INFO - [2026-04-15T18:21:15.688+0000] {dag.py:3239} INFO - Sync 1 DAGs
[2026-04-15T18:21:15.734+0000] {logging_mixin.py:190} INFO - [2026-04-15T18:21:15.734+0000] {dag.py:4180} INFO - Setting next_dagrun for hello_world_dag to None, run_after=None
[2026-04-15T18:21:15.785+0000] {processor.py:208} INFO - Processing /opt/airflow/dags/dag_1.py took 0.228 seconds
[2026-04-15T18:21:45.885+0000] {processor.py:186} INFO - Started process (PID=1912) to work on /opt/airflow/dags/dag_1.py
[2026-04-15T18:21:45.887+0000] {processor.py:914} INFO - Processing file /opt/airflow/dags/dag_1.py for tasks to queue
[2026-04-15T18:21:45.893+0000] {logging_mixin.py:190} INFO - [2026-04-15T18:21:45.892+0000] {dagbag.py:588} INFO - Filling up the DagBag from /opt/airflow/dags/dag_1.py
[2026-04-15T18:21:45.921+0000] {processor.py:925} INFO - DAG(s) 'hello_world_dag' retrieved from /opt/airflow/dags/dag_1.py
[2026-04-15T18:21:45.992+0000] {logging_mixin.py:190} INFO - [2026-04-15T18:21:45.991+0000] {dag.py:3239} INFO - Sync 1 DAGs
[2026-04-15T18:21:46.038+0000] {logging_mixin.py:190} INFO - [2026-04-15T18:21:46.037+0000] {dag.py:4180} INFO - Setting next_dagrun for hello_world_dag to None, run_after=None
[2026-04-15T18:21:46.096+0000] {processor.py:208} INFO - Processing /opt/airflow/dags/dag_1.py took 0.229 seconds
[2026-04-15T18:22:16.441+0000] {processor.py:186} INFO - Started process (PID=1923) to work on /opt/airflow/dags/dag_1.py
[2026-04-15T18:22:16.449+0000] {processor.py:914} INFO - Processing file /opt/airflow/dags/dag_1.py for tasks to queue
[2026-04-15T18:22:16.455+0000] {logging_mixin.py:190} INFO - [2026-04-15T18:22:16.454+0000] {dagbag.py:588} INFO - Filling up the DagBag from /opt/airflow/dags/dag_1.py
[2026-04-15T18:22:16.483+0000] {processor.py:925} INFO - DAG(s) 'hello_world_dag' retrieved from /opt/airflow/dags/dag_1.py
[2026-04-15T18:22:16.560+0000] {logging_mixin.py:190} INFO - [2026-04-15T18:22:16.559+0000] {dag.py:3239} INFO - Sync 1 DAGs
[2026-04-15T18:22:16.599+0000] {logging_mixin.py:190} INFO - [2026-04-15T18:22:16.598+0000] {dag.py:4180} INFO - Setting next_dagrun for hello_world_dag to None, run_after=None
[2026-04-15T18:22:16.640+0000] {processor.py:208} INFO - Processing /opt/airflow/dags/dag_1.py took 0.223 seconds
[2026-04-15T18:22:46.760+0000] {processor.py:186} INFO - Started process (PID=1934) to work on /opt/airflow/dags/dag_1.py
[2026-04-15T18:22:46.762+0000] {processor.py:914} INFO - Processing file /opt/airflow/dags/dag_1.py for tasks to queue
[2026-04-15T18:22:46.768+0000] {logging_mixin.py:190} INFO - [2026-04-15T18:22:46.767+0000] {dagbag.py:588} INFO - Filling up the DagBag from /opt/airflow/dags/dag_1.py
[2026-04-15T18:22:46.796+0000] {processor.py:925} INFO - DAG(s) 'hello_world_dag' retrieved from /opt/airflow/dags/dag_1.py
[2026-04-15T18:22:46.868+0000] {logging_mixin.py:190} INFO - [2026-04-15T18:22:46.867+0000] {dag.py:3239} INFO - Sync 1 DAGs
[2026-04-15T18:22:46.909+0000] {logging_mixin.py:190} INFO - [2026-04-15T18:22:46.909+0000] {dag.py:4180} INFO - Setting next_dagrun for hello_world_dag to None, run_after=None
[2026-04-15T18:22:46.953+0000] {processor.py:208} INFO - Processing /opt/airflow/dags/dag_1.py took 0.211 seconds
[2026-04-15T18:23:17.280+0000] {processor.py:186} INFO - Started process (PID=1945) to work on /opt/airflow/dags/dag_1.py
[2026-04-15T18:23:17.288+0000] {processor.py:914} INFO - Processing file /opt/airflow/dags/dag_1.py for tasks to queue
[2026-04-15T18:23:17.295+0000] {logging_mixin.py:190} INFO - [2026-04-15T18:23:17.293+0000] {dagbag.py:588} INFO - Filling up the DagBag from /opt/airflow/dags/dag_1.py
[2026-04-15T18:23:17.320+0000] {processor.py:925} INFO - DAG(s) 'hello_world_dag' retrieved from /opt/airflow/dags/dag_1.py
[2026-04-15T18:23:17.389+0000] {logging_mixin.py:190} INFO - [2026-04-15T18:23:17.388+0000] {dag.py:3239} INFO - Sync 1 DAGs
[2026-04-15T18:23:17.431+0000] {logging_mixin.py:190} INFO - [2026-04-15T18:23:17.431+0000] {dag.py:4180} INFO - Setting next_dagrun for hello_world_dag to None, run_after=None
[2026-04-15T18:23:17.474+0000] {processor.py:208} INFO - Processing /opt/airflow/dags/dag_1.py took 0.213 seconds
[2026-04-15T18:23:47.600+0000] {processor.py:186} INFO - Started process (PID=1956) to work on /opt/airflow/dags/dag_1.py
[2026-04-15T18:23:47.603+0000] {processor.py:914} INFO - Processing file /opt/airflow/dags/dag_1.py for tasks to queue
[2026-04-15T18:23:47.610+0000] {logging_mixin.py:190} INFO - [2026-04-15T18:23:47.609+0000] {dagbag.py:588} INFO - Filling up the DagBag from /opt/airflow/dags/dag_1.py
[2026-04-15T18:23:47.636+0000] {processor.py:925} INFO - DAG(s) 'hello_world_dag' retrieved from /opt/airflow/dags/dag_1.py
[2026-04-15T18:23:47.709+0000] {logging_mixin.py:190} INFO - [2026-04-15T18:23:47.709+0000] {dag.py:3239} INFO - Sync 1 DAGs
[2026-04-15T18:23:47.744+0000] {logging_mixin.py:190} INFO - [2026-04-15T18:23:47.744+0000] {dag.py:4180} INFO - Setting next_dagrun for hello_world_dag to None, run_after=None
[2026-04-15T18:23:47.777+0000] {processor.py:208} INFO - Processing /opt/airflow/dags/dag_1.py took 0.195 seconds
[2026-04-15T18:24:18.091+0000] {processor.py:186} INFO - Started process (PID=1967) to work on /opt/airflow/dags/dag_1.py
[2026-04-15T18:24:18.099+0000] {processor.py:914} INFO - Processing file /opt/airflow/dags/dag_1.py for tasks to queue
[2026-04-15T18:24:18.106+0000] {logging_mixin.py:190} INFO - [2026-04-15T18:24:18.105+0000] {dagbag.py:588} INFO - Filling up the DagBag from /opt/airflow/dags/dag_1.py
[2026-04-15T18:24:18.131+0000] {processor.py:925} INFO - DAG(s) 'hello_world_dag' retrieved from /opt/airflow/dags/dag_1.py
[2026-04-15T18:24:18.205+0000] {logging_mixin.py:190} INFO - [2026-04-15T18:24:18.204+0000] {dag.py:3239} INFO - Sync 1 DAGs
[2026-04-15T18:24:18.253+0000] {logging_mixin.py:190} INFO - [2026-04-15T18:24:18.252+0000] {dag.py:4180} INFO - Setting next_dagrun for hello_world_dag to None, run_after=None
[2026-04-15T18:24:18.310+0000] {processor.py:208} INFO - Processing /opt/airflow/dags/dag_1.py took 0.236 seconds
[2026-04-15T18:24:48.422+0000] {processor.py:186} INFO - Started process (PID=1978) to work on /opt/airflow/dags/dag_1.py
[2026-04-15T18:24:48.424+0000] {processor.py:914} INFO - Processing file /opt/airflow/dags/dag_1.py for tasks to queue
[2026-04-15T18:24:48.434+0000] {logging_mixin.py:190} INFO - [2026-04-15T18:24:48.433+0000] {dagbag.py:588} INFO - Filling up the DagBag from /opt/airflow/dags/dag_1.py
[2026-04-15T18:24:48.460+0000] {processor.py:925} INFO - DAG(s) 'hello_world_dag' retrieved from /opt/airflow/dags/dag_1.py
[2026-04-15T18:24:48.532+0000] {logging_mixin.py:190} INFO - [2026-04-15T18:24:48.531+0000] {dag.py:3239} INFO - Sync 1 DAGs
[2026-04-15T18:24:48.571+0000] {logging_mixin.py:190} INFO - [2026-04-15T18:24:48.571+0000] {dag.py:4180} INFO - Setting next_dagrun for hello_world_dag to None, run_after=None
[2026-04-15T18:24:48.607+0000] {processor.py:208} INFO - Processing /opt/airflow/dags/dag_1.py took 0.203 seconds
[2026-04-15T18:25:18.725+0000] {processor.py:186} INFO - Started process (PID=1989) to work on /opt/airflow/dags/dag_1.py
[2026-04-15T18:25:18.734+0000] {processor.py:914} INFO - Processing file /opt/airflow/dags/dag_1.py for tasks to queue
[2026-04-15T18:25:18.739+0000] {logging_mixin.py:190} INFO - [2026-04-15T18:25:18.739+0000] {dagbag.py:588} INFO - Filling up the DagBag from /opt/airflow/dags/dag_1.py
[2026-04-15T18:25:18.766+0000] {processor.py:925} INFO - DAG(s) 'hello_world_dag' retrieved from /opt/airflow/dags/dag_1.py
[2026-04-15T18:25:18.838+0000] {logging_mixin.py:190} INFO - [2026-04-15T18:25:18.837+0000] {dag.py:3239} INFO - Sync 1 DAGs
[2026-04-15T18:25:18.884+0000] {logging_mixin.py:190} INFO - [2026-04-15T18:25:18.883+0000] {dag.py:4180} INFO - Setting next_dagrun for hello_world_dag to None, run_after=None
[2026-04-15T18:25:18.945+0000] {processor.py:208} INFO - Processing /opt/airflow/dags/dag_1.py took 0.238 seconds
[2026-04-15T18:25:49.243+0000] {processor.py:186} INFO - Started process (PID=2000) to work on /opt/airflow/dags/dag_1.py
[2026-04-15T18:25:49.245+0000] {processor.py:914} INFO - Processing file /opt/airflow/dags/dag_1.py for tasks to queue
[2026-04-15T18:25:49.251+0000] {logging_mixin.py:190} INFO - [2026-04-15T18:25:49.250+0000] {dagbag.py:588} INFO - Filling up the DagBag from /opt/airflow/dags/dag_1.py
[2026-04-15T18:25:49.277+0000] {processor.py:925} INFO - DAG(s) 'hello_world_dag' retrieved from /opt/airflow/dags/dag_1.py
[2026-04-15T18:25:49.346+0000] {logging_mixin.py:190} INFO - [2026-04-15T18:25:49.346+0000] {dag.py:3239} INFO - Sync 1 DAGs
[2026-04-15T18:25:49.387+0000] {logging_mixin.py:190} INFO - [2026-04-15T18:25:49.386+0000] {dag.py:4180} INFO - Setting next_dagrun for hello_world_dag to None, run_after=None
[2026-04-15T18:25:49.429+0000] {processor.py:208} INFO - Processing /opt/airflow/dags/dag_1.py took 0.204 seconds
[2026-04-15T18:26:19.559+0000] {processor.py:186} INFO - Started process (PID=2011) to work on /opt/airflow/dags/dag_1.py
[2026-04-15T18:26:19.565+0000] {processor.py:914} INFO - Processing file /opt/airflow/dags/dag_1.py for tasks to queue
[2026-04-15T18:26:19.568+0000] {logging_mixin.py:190} INFO - [2026-04-15T18:26:19.567+0000] {dagbag.py:588} INFO - Filling up the DagBag from /opt/airflow/dags/dag_1.py
[2026-04-15T18:26:19.578+0000] {processor.py:925} INFO - DAG(s) 'hello_world_dag' retrieved from /opt/airflow/dags/dag_1.py
[2026-04-15T18:26:19.603+0000] {logging_mixin.py:190} INFO - [2026-04-15T18:26:19.603+0000] {dag.py:3239} INFO - Sync 1 DAGs
[2026-04-15T18:26:19.618+0000] {logging_mixin.py:190} INFO - [2026-04-15T18:26:19.617+0000] {dag.py:4180} INFO - Setting next_dagrun for hello_world_dag to None, run_after=None
[2026-04-15T18:26:19.635+0000] {processor.py:208} INFO - Processing /opt/airflow/dags/dag_1.py took 0.085 seconds
[2026-04-15T18:26:49.870+0000] {processor.py:186} INFO - Started process (PID=2022) to work on /opt/airflow/dags/dag_1.py
[2026-04-15T18:26:49.872+0000] {processor.py:914} INFO - Processing file /opt/airflow/dags/dag_1.py for tasks to queue
[2026-04-15T18:26:49.878+0000] {logging_mixin.py:190} INFO - [2026-04-15T18:26:49.877+0000] {dagbag.py:588} INFO - Filling up the DagBag from /opt/airflow/dags/dag_1.py
[2026-04-15T18:26:49.907+0000] {processor.py:925} INFO - DAG(s) 'hello_world_dag' retrieved from /opt/airflow/dags/dag_1.py
[2026-04-15T18:26:49.984+0000] {logging_mixin.py:190} INFO - [2026-04-15T18:26:49.983+0000] {dag.py:3239} INFO - Sync 1 DAGs
[2026-04-15T18:26:50.025+0000] {logging_mixin.py:190} INFO - [2026-04-15T18:26:50.024+0000] {dag.py:4180} INFO - Setting next_dagrun for hello_world_dag to None, run_after=None
[2026-04-15T18:26:50.069+0000] {processor.py:208} INFO - Processing /opt/airflow/dags/dag_1.py took 0.217 seconds
[2026-04-15T18:27:20.240+0000] {processor.py:186} INFO - Started process (PID=2033) to work on /opt/airflow/dags/dag_1.py
[2026-04-15T18:27:20.248+0000] {processor.py:914} INFO - Processing file /opt/airflow/dags/dag_1.py for tasks to queue
[2026-04-15T18:27:20.255+0000] {logging_mixin.py:190} INFO - [2026-04-15T18:27:20.253+0000] {dagbag.py:588} INFO - Filling up the DagBag from /opt/airflow/dags/dag_1.py
[2026-04-15T18:27:20.282+0000] {processor.py:925} INFO - DAG(s) 'hello_world_dag' retrieved from /opt/airflow/dags/dag_1.py
[2026-04-15T18:27:20.357+0000] {logging_mixin.py:190} INFO - [2026-04-15T18:27:20.357+0000] {dag.py:3239} INFO - Sync 1 DAGs
[2026-04-15T18:27:20.391+0000] {logging_mixin.py:190} INFO - [2026-04-15T18:27:20.390+0000] {dag.py:4180} INFO - Setting next_dagrun for hello_world_dag to None, run_after=None
[2026-04-15T18:27:20.426+0000] {processor.py:208} INFO - Processing /opt/airflow/dags/dag_1.py took 0.204 seconds
[2026-04-15T18:27:50.706+0000] {processor.py:186} INFO - Started process (PID=2044) to work on /opt/airflow/dags/dag_1.py
[2026-04-15T18:27:50.708+0000] {processor.py:914} INFO - Processing file /opt/airflow/dags/dag_1.py for tasks to queue
[2026-04-15T18:27:50.715+0000] {logging_mixin.py:190} INFO - [2026-04-15T18:27:50.714+0000] {dagbag.py:588} INFO - Filling up the DagBag from /opt/airflow/dags/dag_1.py
[2026-04-15T18:27:50.740+0000] {processor.py:925} INFO - DAG(s) 'hello_world_dag' retrieved from /opt/airflow/dags/dag_1.py
[2026-04-15T18:27:50.812+0000] {logging_mixin.py:190} INFO - [2026-04-15T18:27:50.811+0000] {dag.py:3239} INFO - Sync 1 DAGs
[2026-04-15T18:27:50.860+0000] {logging_mixin.py:190} INFO - [2026-04-15T18:27:50.859+0000] {dag.py:4180} INFO - Setting next_dagrun for hello_world_dag to None, run_after=None
[2026-04-15T18:27:50.919+0000] {processor.py:208} INFO - Processing /opt/airflow/dags/dag_1.py took 0.234 seconds
[2026-04-15T18:28:21.048+0000] {processor.py:186} INFO - Started process (PID=2055) to work on /opt/airflow/dags/dag_1.py
[2026-04-15T18:28:21.056+0000] {processor.py:914} INFO - Processing file /opt/airflow/dags/dag_1.py for tasks to queue
[2026-04-15T18:28:21.063+0000] {logging_mixin.py:190} INFO - [2026-04-15T18:28:21.062+0000] {dagbag.py:588} INFO - Filling up the DagBag from /opt/airflow/dags/dag_1.py
[2026-04-15T18:28:21.088+0000] {processor.py:925} INFO - DAG(s) 'hello_world_dag' retrieved from /opt/airflow/dags/dag_1.py
[2026-04-15T18:28:21.160+0000] {logging_mixin.py:190} INFO - [2026-04-15T18:28:21.160+0000] {dag.py:3239} INFO - Sync 1 DAGs
[2026-04-15T18:28:21.208+0000] {logging_mixin.py:190} INFO - [2026-04-15T18:28:21.207+0000] {dag.py:4180} INFO - Setting next_dagrun for hello_world_dag to None, run_after=None
[2026-04-15T18:28:21.269+0000] {processor.py:208} INFO - Processing /opt/airflow/dags/dag_1.py took 0.240 seconds
[2026-04-15T18:28:51.572+0000] {processor.py:186} INFO - Started process (PID=2066) to work on /opt/airflow/dags/dag_1.py
[2026-04-15T18:28:51.575+0000] {processor.py:914} INFO - Processing file /opt/airflow/dags/dag_1.py for tasks to queue
[2026-04-15T18:28:51.583+0000] {logging_mixin.py:190} INFO - [2026-04-15T18:28:51.582+0000] {dagbag.py:588} INFO - Filling up the DagBag from /opt/airflow/dags/dag_1.py
[2026-04-15T18:28:51.610+0000] {processor.py:925} INFO - DAG(s) 'hello_world_dag' retrieved from /opt/airflow/dags/dag_1.py
[2026-04-15T18:28:51.688+0000] {logging_mixin.py:190} INFO - [2026-04-15T18:28:51.687+0000] {dag.py:3239} INFO - Sync 1 DAGs
[2026-04-15T18:28:51.724+0000] {logging_mixin.py:190} INFO - [2026-04-15T18:28:51.724+0000] {dag.py:4180} INFO - Setting next_dagrun for hello_world_dag to None, run_after=None
[2026-04-15T18:28:51.755+0000] {processor.py:208} INFO - Processing /opt/airflow/dags/dag_1.py took 0.202 seconds
[2026-04-15T18:29:21.902+0000] {processor.py:186} INFO - Started process (PID=2077) to work on /opt/airflow/dags/dag_1.py
[2026-04-15T18:29:21.910+0000] {processor.py:914} INFO - Processing file /opt/airflow/dags/dag_1.py for tasks to queue
[2026-04-15T18:29:21.916+0000] {logging_mixin.py:190} INFO - [2026-04-15T18:29:21.915+0000] {dagbag.py:588} INFO - Filling up the DagBag from /opt/airflow/dags/dag_1.py
[2026-04-15T18:29:21.943+0000] {processor.py:925} INFO - DAG(s) 'hello_world_dag' retrieved from /opt/airflow/dags/dag_1.py
[2026-04-15T18:29:22.018+0000] {logging_mixin.py:190} INFO - [2026-04-15T18:29:22.018+0000] {dag.py:3239} INFO - Sync 1 DAGs
[2026-04-15T18:29:22.065+0000] {logging_mixin.py:190} INFO - [2026-04-15T18:29:22.065+0000] {dag.py:4180} INFO - Setting next_dagrun for hello_world_dag to None, run_after=None
[2026-04-15T18:29:22.125+0000] {processor.py:208} INFO - Processing /opt/airflow/dags/dag_1.py took 0.243 seconds
[2026-04-15T18:29:52.411+0000] {processor.py:186} INFO - Started process (PID=2088) to work on /opt/airflow/dags/dag_1.py
[2026-04-15T18:29:52.413+0000] {processor.py:914} INFO - Processing file /opt/airflow/dags/dag_1.py for tasks to queue
[2026-04-15T18:29:52.419+0000] {logging_mixin.py:190} INFO - [2026-04-15T18:29:52.418+0000] {dagbag.py:588} INFO - Filling up the DagBag from /opt/airflow/dags/dag_1.py
[2026-04-15T18:29:52.446+0000] {processor.py:925} INFO - DAG(s) 'hello_world_dag' retrieved from /opt/airflow/dags/dag_1.py
[2026-04-15T18:29:52.523+0000] {logging_mixin.py:190} INFO - [2026-04-15T18:29:52.522+0000] {dag.py:3239} INFO - Sync 1 DAGs
[2026-04-15T18:29:52.557+0000] {logging_mixin.py:190} INFO - [2026-04-15T18:29:52.556+0000] {dag.py:4180} INFO - Setting next_dagrun for hello_world_dag to None, run_after=None
[2026-04-15T18:29:52.588+0000] {processor.py:208} INFO - Processing /opt/airflow/dags/dag_1.py took 0.196 seconds
[2026-04-15T18:30:22.764+0000] {processor.py:186} INFO - Started process (PID=2099) to work on /opt/airflow/dags/dag_1.py
[2026-04-15T18:30:22.773+0000] {processor.py:914} INFO - Processing file /opt/airflow/dags/dag_1.py for tasks to queue
[2026-04-15T18:30:22.779+0000] {logging_mixin.py:190} INFO - [2026-04-15T18:30:22.778+0000] {dagbag.py:588} INFO - Filling up the DagBag from /opt/airflow/dags/dag_1.py
[2026-04-15T18:30:22.806+0000] {processor.py:925} INFO - DAG(s) 'hello_world_dag' retrieved from /opt/airflow/dags/dag_1.py
[2026-04-15T18:30:22.882+0000] {logging_mixin.py:190} INFO - [2026-04-15T18:30:22.881+0000] {dag.py:3239} INFO - Sync 1 DAGs
[2026-04-15T18:30:22.914+0000] {logging_mixin.py:190} INFO - [2026-04-15T18:30:22.914+0000] {dag.py:4180} INFO - Setting next_dagrun for hello_world_dag to None, run_after=None
[2026-04-15T18:30:22.945+0000] {processor.py:208} INFO - Processing /opt/airflow/dags/dag_1.py took 0.203 seconds
[2026-04-15T18:30:53.205+0000] {processor.py:186} INFO - Started process (PID=2110) to work on /opt/airflow/dags/dag_1.py
[2026-04-15T18:30:53.207+0000] {processor.py:914} INFO - Processing file /opt/airflow/dags/dag_1.py for tasks to queue
[2026-04-15T18:30:53.213+0000] {logging_mixin.py:190} INFO - [2026-04-15T18:30:53.212+0000] {dagbag.py:588} INFO - Filling up the DagBag from /opt/airflow/dags/dag_1.py
[2026-04-15T18:30:53.248+0000] {processor.py:925} INFO - DAG(s) 'hello_world_dag' retrieved from /opt/airflow/dags/dag_1.py
[2026-04-15T18:30:53.324+0000] {logging_mixin.py:190} INFO - [2026-04-15T18:30:53.324+0000] {dag.py:3239} INFO - Sync 1 DAGs
[2026-04-15T18:30:53.346+0000] {logging_mixin.py:190} INFO - [2026-04-15T18:30:53.345+0000] {dag.py:4180} INFO - Setting next_dagrun for hello_world_dag to None, run_after=None
[2026-04-15T18:30:53.364+0000] {processor.py:208} INFO - Processing /opt/airflow/dags/dag_1.py took 0.180 seconds
[2026-04-15T18:31:23.565+0000] {processor.py:186} INFO - Started process (PID=2121) to work on /opt/airflow/dags/dag_1.py
[2026-04-15T18:31:23.574+0000] {processor.py:914} INFO - Processing file /opt/airflow/dags/dag_1.py for tasks to queue
[2026-04-15T18:31:23.581+0000] {logging_mixin.py:190} INFO - [2026-04-15T18:31:23.580+0000] {dagbag.py:588} INFO - Filling up the DagBag from /opt/airflow/dags/dag_1.py
[2026-04-15T18:31:23.608+0000] {processor.py:925} INFO - DAG(s) 'hello_world_dag' retrieved from /opt/airflow/dags/dag_1.py
[2026-04-15T18:31:23.682+0000] {logging_mixin.py:190} INFO - [2026-04-15T18:31:23.681+0000] {dag.py:3239} INFO - Sync 1 DAGs
[2026-04-15T18:31:23.713+0000] {logging_mixin.py:190} INFO - [2026-04-15T18:31:23.713+0000] {dag.py:4180} INFO - Setting next_dagrun for hello_world_dag to None, run_after=None
[2026-04-15T18:31:23.854+0000] {processor.py:208} INFO - Processing /opt/airflow/dags/dag_1.py took 0.307 seconds
[2026-04-15T18:31:53.971+0000] {processor.py:186} INFO - Started process (PID=2132) to work on /opt/airflow/dags/dag_1.py
[2026-04-15T18:31:53.973+0000] {processor.py:914} INFO - Processing file /opt/airflow/dags/dag_1.py for tasks to queue
[2026-04-15T18:31:53.980+0000] {logging_mixin.py:190} INFO - [2026-04-15T18:31:53.979+0000] {dagbag.py:588} INFO - Filling up the DagBag from /opt/airflow/dags/dag_1.py
[2026-04-15T18:31:54.007+0000] {processor.py:925} INFO - DAG(s) 'hello_world_dag' retrieved from /opt/airflow/dags/dag_1.py
[2026-04-15T18:31:54.084+0000] {logging_mixin.py:190} INFO - [2026-04-15T18:31:54.083+0000] {dag.py:3239} INFO - Sync 1 DAGs
[2026-04-15T18:31:54.118+0000] {logging_mixin.py:190} INFO - [2026-04-15T18:31:54.117+0000] {dag.py:4180} INFO - Setting next_dagrun for hello_world_dag to None, run_after=None
[2026-04-15T18:31:54.148+0000] {processor.py:208} INFO - Processing /opt/airflow/dags/dag_1.py took 0.196 seconds
[2026-04-15T18:32:24.477+0000] {processor.py:186} INFO - Started process (PID=2143) to work on /opt/airflow/dags/dag_1.py
[2026-04-15T18:32:24.479+0000] {processor.py:914} INFO - Processing file /opt/airflow/dags/dag_1.py for tasks to queue
[2026-04-15T18:32:24.486+0000] {logging_mixin.py:190} INFO - [2026-04-15T18:32:24.485+0000] {dagbag.py:588} INFO - Filling up the DagBag from /opt/airflow/dags/dag_1.py
[2026-04-15T18:32:24.514+0000] {processor.py:925} INFO - DAG(s) 'hello_world_dag' retrieved from /opt/airflow/dags/dag_1.py
[2026-04-15T18:32:24.592+0000] {logging_mixin.py:190} INFO - [2026-04-15T18:32:24.591+0000] {dag.py:3239} INFO - Sync 1 DAGs
[2026-04-15T18:32:24.630+0000] {logging_mixin.py:190} INFO - [2026-04-15T18:32:24.630+0000] {dag.py:4180} INFO - Setting next_dagrun for hello_world_dag to None, run_after=None
[2026-04-15T18:32:24.658+0000] {processor.py:208} INFO - Processing /opt/airflow/dags/dag_1.py took 0.200 seconds
[2026-04-15T18:32:54.802+0000] {processor.py:186} INFO - Started process (PID=2154) to work on /opt/airflow/dags/dag_1.py
[2026-04-15T18:32:54.804+0000] {processor.py:914} INFO - Processing file /opt/airflow/dags/dag_1.py for tasks to queue
[2026-04-15T18:32:54.812+0000] {logging_mixin.py:190} INFO - [2026-04-15T18:32:54.811+0000] {dagbag.py:588} INFO - Filling up the DagBag from /opt/airflow/dags/dag_1.py
[2026-04-15T18:32:54.840+0000] {processor.py:925} INFO - DAG(s) 'hello_world_dag' retrieved from /opt/airflow/dags/dag_1.py
[2026-04-15T18:32:54.913+0000] {logging_mixin.py:190} INFO - [2026-04-15T18:32:54.913+0000] {dag.py:3239} INFO - Sync 1 DAGs
[2026-04-15T18:32:54.961+0000] {logging_mixin.py:190} INFO - [2026-04-15T18:32:54.960+0000] {dag.py:4180} INFO - Setting next_dagrun for hello_world_dag to None, run_after=None
[2026-04-15T18:32:55.020+0000] {processor.py:208} INFO - Processing /opt/airflow/dags/dag_1.py took 0.238 seconds
[2026-04-15T18:33:25.284+0000] {processor.py:186} INFO - Started process (PID=2165) to work on /opt/airflow/dags/dag_1.py
[2026-04-15T18:33:25.292+0000] {processor.py:914} INFO - Processing file /opt/airflow/dags/dag_1.py for tasks to queue
[2026-04-15T18:33:25.298+0000] {logging_mixin.py:190} INFO - [2026-04-15T18:33:25.297+0000] {dagbag.py:588} INFO - Filling up the DagBag from /opt/airflow/dags/dag_1.py
[2026-04-15T18:33:25.325+0000] {processor.py:925} INFO - DAG(s) 'hello_world_dag' retrieved from /opt/airflow/dags/dag_1.py
[2026-04-15T18:33:25.399+0000] {logging_mixin.py:190} INFO - [2026-04-15T18:33:25.398+0000] {dag.py:3239} INFO - Sync 1 DAGs
[2026-04-15T18:33:25.447+0000] {logging_mixin.py:190} INFO - [2026-04-15T18:33:25.447+0000] {dag.py:4180} INFO - Setting next_dagrun for hello_world_dag to None, run_after=None
[2026-04-15T18:33:25.494+0000] {processor.py:208} INFO - Processing /opt/airflow/dags/dag_1.py took 0.233 seconds
[2026-04-15T18:33:55.666+0000] {processor.py:186} INFO - Started process (PID=2176) to work on /opt/airflow/dags/dag_1.py
[2026-04-15T18:33:55.668+0000] {processor.py:914} INFO - Processing file /opt/airflow/dags/dag_1.py for tasks to queue
[2026-04-15T18:33:55.674+0000] {logging_mixin.py:190} INFO - [2026-04-15T18:33:55.673+0000] {dagbag.py:588} INFO - Filling up the DagBag from /opt/airflow/dags/dag_1.py
[2026-04-15T18:33:55.702+0000] {processor.py:925} INFO - DAG(s) 'hello_world_dag' retrieved from /opt/airflow/dags/dag_1.py
[2026-04-15T18:33:55.778+0000] {logging_mixin.py:190} INFO - [2026-04-15T18:33:55.778+0000] {dag.py:3239} INFO - Sync 1 DAGs
[2026-04-15T18:33:55.831+0000] {logging_mixin.py:190} INFO - [2026-04-15T18:33:55.830+0000] {dag.py:4180} INFO - Setting next_dagrun for hello_world_dag to None, run_after=None
[2026-04-15T18:33:55.891+0000] {processor.py:208} INFO - Processing /opt/airflow/dags/dag_1.py took 0.243 seconds
[2026-04-15T18:34:26.157+0000] {processor.py:186} INFO - Started process (PID=2187) to work on /opt/airflow/dags/dag_1.py
[2026-04-15T18:34:26.166+0000] {processor.py:914} INFO - Processing file /opt/airflow/dags/dag_1.py for tasks to queue
[2026-04-15T18:34:26.171+0000] {logging_mixin.py:190} INFO - [2026-04-15T18:34:26.171+0000] {dagbag.py:588} INFO - Filling up the DagBag from /opt/airflow/dags/dag_1.py
[2026-04-15T18:34:26.198+0000] {processor.py:925} INFO - DAG(s) 'hello_world_dag' retrieved from /opt/airflow/dags/dag_1.py
[2026-04-15T18:34:26.269+0000] {logging_mixin.py:190} INFO - [2026-04-15T18:34:26.268+0000] {dag.py:3239} INFO - Sync 1 DAGs
[2026-04-15T18:34:26.317+0000] {logging_mixin.py:190} INFO - [2026-04-15T18:34:26.316+0000] {dag.py:4180} INFO - Setting next_dagrun for hello_world_dag to None, run_after=None
[2026-04-15T18:34:26.373+0000] {processor.py:208} INFO - Processing /opt/airflow/dags/dag_1.py took 0.234 seconds
[2026-04-15T18:34:56.585+0000] {processor.py:186} INFO - Started process (PID=2198) to work on /opt/airflow/dags/dag_1.py
[2026-04-15T18:34:56.587+0000] {processor.py:914} INFO - Processing file /opt/airflow/dags/dag_1.py for tasks to queue
[2026-04-15T18:34:56.593+0000] {logging_mixin.py:190} INFO - [2026-04-15T18:34:56.592+0000] {dagbag.py:588} INFO - Filling up the DagBag from /opt/airflow/dags/dag_1.py
[2026-04-15T18:34:56.620+0000] {processor.py:925} INFO - DAG(s) 'hello_world_dag' retrieved from /opt/airflow/dags/dag_1.py
[2026-04-15T18:34:56.695+0000] {logging_mixin.py:190} INFO - [2026-04-15T18:34:56.694+0000] {dag.py:3239} INFO - Sync 1 DAGs
[2026-04-15T18:34:56.732+0000] {logging_mixin.py:190} INFO - [2026-04-15T18:34:56.731+0000] {dag.py:4180} INFO - Setting next_dagrun for hello_world_dag to None, run_after=None
[2026-04-15T18:34:56.777+0000] {processor.py:208} INFO - Processing /opt/airflow/dags/dag_1.py took 0.210 seconds
[2026-04-15T18:35:27.044+0000] {processor.py:186} INFO - Started process (PID=2209) to work on /opt/airflow/dags/dag_1.py
[2026-04-15T18:35:27.046+0000] {processor.py:914} INFO - Processing file /opt/airflow/dags/dag_1.py for tasks to queue
[2026-04-15T18:35:27.053+0000] {logging_mixin.py:190} INFO - [2026-04-15T18:35:27.052+0000] {dagbag.py:588} INFO - Filling up the DagBag from /opt/airflow/dags/dag_1.py
[2026-04-15T18:35:27.079+0000] {processor.py:925} INFO - DAG(s) 'hello_world_dag' retrieved from /opt/airflow/dags/dag_1.py
[2026-04-15T18:35:27.151+0000] {logging_mixin.py:190} INFO - [2026-04-15T18:35:27.150+0000] {dag.py:3239} INFO - Sync 1 DAGs
[2026-04-15T18:35:27.192+0000] {logging_mixin.py:190} INFO - [2026-04-15T18:35:27.191+0000] {dag.py:4180} INFO - Setting next_dagrun for hello_world_dag to None, run_after=None
[2026-04-15T18:35:27.234+0000] {processor.py:208} INFO - Processing /opt/airflow/dags/dag_1.py took 0.208 seconds
[2026-04-15T18:35:57.442+0000] {processor.py:186} INFO - Started process (PID=2220) to work on /opt/airflow/dags/dag_1.py
[2026-04-15T18:35:57.445+0000] {processor.py:914} INFO - Processing file /opt/airflow/dags/dag_1.py for tasks to queue
[2026-04-15T18:35:57.451+0000] {logging_mixin.py:190} INFO - [2026-04-15T18:35:57.450+0000] {dagbag.py:588} INFO - Filling up the DagBag from /opt/airflow/dags/dag_1.py
[2026-04-15T18:35:57.477+0000] {processor.py:925} INFO - DAG(s) 'hello_world_dag' retrieved from /opt/airflow/dags/dag_1.py
[2026-04-15T18:35:57.550+0000] {logging_mixin.py:190} INFO - [2026-04-15T18:35:57.549+0000] {dag.py:3239} INFO - Sync 1 DAGs
[2026-04-15T18:35:57.596+0000] {logging_mixin.py:190} INFO - [2026-04-15T18:35:57.595+0000] {dag.py:4180} INFO - Setting next_dagrun for hello_world_dag to None, run_after=None
[2026-04-15T18:35:57.653+0000] {processor.py:208} INFO - Processing /opt/airflow/dags/dag_1.py took 0.228 seconds
[2026-04-15T18:36:27.880+0000] {processor.py:186} INFO - Started process (PID=2231) to work on /opt/airflow/dags/dag_1.py
[2026-04-15T18:36:27.888+0000] {processor.py:914} INFO - Processing file /opt/airflow/dags/dag_1.py for tasks to queue
[2026-04-15T18:36:27.895+0000] {logging_mixin.py:190} INFO - [2026-04-15T18:36:27.894+0000] {dagbag.py:588} INFO - Filling up the DagBag from /opt/airflow/dags/dag_1.py
[2026-04-15T18:36:27.921+0000] {processor.py:925} INFO - DAG(s) 'hello_world_dag' retrieved from /opt/airflow/dags/dag_1.py
[2026-04-15T18:36:27.993+0000] {logging_mixin.py:190} INFO - [2026-04-15T18:36:27.992+0000] {dag.py:3239} INFO - Sync 1 DAGs
[2026-04-15T18:36:28.040+0000] {logging_mixin.py:190} INFO - [2026-04-15T18:36:28.039+0000] {dag.py:4180} INFO - Setting next_dagrun for hello_world_dag to None, run_after=None
[2026-04-15T18:36:28.099+0000] {processor.py:208} INFO - Processing /opt/airflow/dags/dag_1.py took 0.237 seconds
[2026-04-15T18:36:58.295+0000] {processor.py:186} INFO - Started process (PID=2242) to work on /opt/airflow/dags/dag_1.py
[2026-04-15T18:36:58.297+0000] {processor.py:914} INFO - Processing file /opt/airflow/dags/dag_1.py for tasks to queue
[2026-04-15T18:36:58.302+0000] {logging_mixin.py:190} INFO - [2026-04-15T18:36:58.301+0000] {dagbag.py:588} INFO - Filling up the DagBag from /opt/airflow/dags/dag_1.py
[2026-04-15T18:36:58.329+0000] {processor.py:925} INFO - DAG(s) 'hello_world_dag' retrieved from /opt/airflow/dags/dag_1.py
[2026-04-15T18:36:58.403+0000] {logging_mixin.py:190} INFO - [2026-04-15T18:36:58.402+0000] {dag.py:3239} INFO - Sync 1 DAGs
[2026-04-15T18:36:58.438+0000] {logging_mixin.py:190} INFO - [2026-04-15T18:36:58.438+0000] {dag.py:4180} INFO - Setting next_dagrun for hello_world_dag to None, run_after=None
[2026-04-15T18:36:58.592+0000] {processor.py:208} INFO - Processing /opt/airflow/dags/dag_1.py took 0.317 seconds
[2026-04-15T18:37:28.741+0000] {processor.py:186} INFO - Started process (PID=2253) to work on /opt/airflow/dags/dag_1.py
[2026-04-15T18:37:28.749+0000] {processor.py:914} INFO - Processing file /opt/airflow/dags/dag_1.py for tasks to queue
[2026-04-15T18:37:28.756+0000] {logging_mixin.py:190} INFO - [2026-04-15T18:37:28.755+0000] {dagbag.py:588} INFO - Filling up the DagBag from /opt/airflow/dags/dag_1.py
[2026-04-15T18:37:28.784+0000] {processor.py:925} INFO - DAG(s) 'hello_world_dag' retrieved from /opt/airflow/dags/dag_1.py
[2026-04-15T18:37:28.858+0000] {logging_mixin.py:190} INFO - [2026-04-15T18:37:28.858+0000] {dag.py:3239} INFO - Sync 1 DAGs
[2026-04-15T18:37:28.906+0000] {logging_mixin.py:190} INFO - [2026-04-15T18:37:28.905+0000] {dag.py:4180} INFO - Setting next_dagrun for hello_world_dag to None, run_after=None
[2026-04-15T18:37:28.963+0000] {processor.py:208} INFO - Processing /opt/airflow/dags/dag_1.py took 0.239 seconds
[2026-04-15T18:37:59.216+0000] {processor.py:186} INFO - Started process (PID=2264) to work on /opt/airflow/dags/dag_1.py
[2026-04-15T18:37:59.218+0000] {processor.py:914} INFO - Processing file /opt/airflow/dags/dag_1.py for tasks to queue
[2026-04-15T18:37:59.228+0000] {logging_mixin.py:190} INFO - [2026-04-15T18:37:59.224+0000] {dagbag.py:588} INFO - Filling up the DagBag from /opt/airflow/dags/dag_1.py
[2026-04-15T18:37:59.256+0000] {processor.py:925} INFO - DAG(s) 'hello_world_dag' retrieved from /opt/airflow/dags/dag_1.py
[2026-04-15T18:37:59.328+0000] {logging_mixin.py:190} INFO - [2026-04-15T18:37:59.328+0000] {dag.py:3239} INFO - Sync 1 DAGs
[2026-04-15T18:37:59.375+0000] {logging_mixin.py:190} INFO - [2026-04-15T18:37:59.374+0000] {dag.py:4180} INFO - Setting next_dagrun for hello_world_dag to None, run_after=None
[2026-04-15T18:37:59.433+0000] {processor.py:208} INFO - Processing /opt/airflow/dags/dag_1.py took 0.234 seconds
[2026-04-15T18:38:29.587+0000] {processor.py:186} INFO - Started process (PID=2275) to work on /opt/airflow/dags/dag_1.py
[2026-04-15T18:38:29.595+0000] {processor.py:914} INFO - Processing file /opt/airflow/dags/dag_1.py for tasks to queue
[2026-04-15T18:38:29.601+0000] {logging_mixin.py:190} INFO - [2026-04-15T18:38:29.600+0000] {dagbag.py:588} INFO - Filling up the DagBag from /opt/airflow/dags/dag_1.py
[2026-04-15T18:38:29.627+0000] {processor.py:925} INFO - DAG(s) 'hello_world_dag' retrieved from /opt/airflow/dags/dag_1.py
[2026-04-15T18:38:29.699+0000] {logging_mixin.py:190} INFO - [2026-04-15T18:38:29.698+0000] {dag.py:3239} INFO - Sync 1 DAGs
[2026-04-15T18:38:29.740+0000] {logging_mixin.py:190} INFO - [2026-04-15T18:38:29.739+0000] {dag.py:4180} INFO - Setting next_dagrun for hello_world_dag to None, run_after=None
[2026-04-15T18:38:29.782+0000] {processor.py:208} INFO - Processing /opt/airflow/dags/dag_1.py took 0.214 seconds
[2026-04-15T18:39:00.061+0000] {processor.py:186} INFO - Started process (PID=2286) to work on /opt/airflow/dags/dag_1.py
[2026-04-15T18:39:00.063+0000] {processor.py:914} INFO - Processing file /opt/airflow/dags/dag_1.py for tasks to queue
[2026-04-15T18:39:00.069+0000] {logging_mixin.py:190} INFO - [2026-04-15T18:39:00.068+0000] {dagbag.py:588} INFO - Filling up the DagBag from /opt/airflow/dags/dag_1.py
[2026-04-15T18:39:00.096+0000] {processor.py:925} INFO - DAG(s) 'hello_world_dag' retrieved from /opt/airflow/dags/dag_1.py
[2026-04-15T18:39:00.168+0000] {logging_mixin.py:190} INFO - [2026-04-15T18:39:00.167+0000] {dag.py:3239} INFO - Sync 1 DAGs
[2026-04-15T18:39:00.204+0000] {logging_mixin.py:190} INFO - [2026-04-15T18:39:00.203+0000] {dag.py:4180} INFO - Setting next_dagrun for hello_world_dag to None, run_after=None
[2026-04-15T18:39:00.234+0000] {processor.py:208} INFO - Processing /opt/airflow/dags/dag_1.py took 0.191 seconds
[2026-04-15T18:39:30.411+0000] {processor.py:186} INFO - Started process (PID=2297) to work on /opt/airflow/dags/dag_1.py
[2026-04-15T18:39:30.419+0000] {processor.py:914} INFO - Processing file /opt/airflow/dags/dag_1.py for tasks to queue
[2026-04-15T18:39:30.425+0000] {logging_mixin.py:190} INFO - [2026-04-15T18:39:30.424+0000] {dagbag.py:588} INFO - Filling up the DagBag from /opt/airflow/dags/dag_1.py
[2026-04-15T18:39:30.452+0000] {processor.py:925} INFO - DAG(s) 'hello_world_dag' retrieved from /opt/airflow/dags/dag_1.py
[2026-04-15T18:39:30.524+0000] {logging_mixin.py:190} INFO - [2026-04-15T18:39:30.523+0000] {dag.py:3239} INFO - Sync 1 DAGs
[2026-04-15T18:39:30.574+0000] {logging_mixin.py:190} INFO - [2026-04-15T18:39:30.574+0000] {dag.py:4180} INFO - Setting next_dagrun for hello_world_dag to None, run_after=None
[2026-04-15T18:39:30.631+0000] {processor.py:208} INFO - Processing /opt/airflow/dags/dag_1.py took 0.238 seconds
[2026-04-15T18:40:00.872+0000] {processor.py:186} INFO - Started process (PID=2308) to work on /opt/airflow/dags/dag_1.py
[2026-04-15T18:40:00.874+0000] {processor.py:914} INFO - Processing file /opt/airflow/dags/dag_1.py for tasks to queue
[2026-04-15T18:40:00.881+0000] {logging_mixin.py:190} INFO - [2026-04-15T18:40:00.880+0000] {dagbag.py:588} INFO - Filling up the DagBag from /opt/airflow/dags/dag_1.py
[2026-04-15T18:40:00.906+0000] {processor.py:925} INFO - DAG(s) 'hello_world_dag' retrieved from /opt/airflow/dags/dag_1.py
[2026-04-15T18:40:00.978+0000] {logging_mixin.py:190} INFO - [2026-04-15T18:40:00.977+0000] {dag.py:3239} INFO - Sync 1 DAGs
[2026-04-15T18:40:01.020+0000] {logging_mixin.py:190} INFO - [2026-04-15T18:40:01.020+0000] {dag.py:4180} INFO - Setting next_dagrun for hello_world_dag to None, run_after=None
[2026-04-15T18:40:01.169+0000] {processor.py:208} INFO - Processing /opt/airflow/dags/dag_1.py took 0.315 seconds
[2026-04-15T18:40:31.263+0000] {processor.py:186} INFO - Started process (PID=2319) to work on /opt/airflow/dags/dag_1.py
[2026-04-15T18:40:31.271+0000] {processor.py:914} INFO - Processing file /opt/airflow/dags/dag_1.py for tasks to queue
[2026-04-15T18:40:31.277+0000] {logging_mixin.py:190} INFO - [2026-04-15T18:40:31.276+0000] {dagbag.py:588} INFO - Filling up the DagBag from /opt/airflow/dags/dag_1.py
[2026-04-15T18:40:31.304+0000] {processor.py:925} INFO - DAG(s) 'hello_world_dag' retrieved from /opt/airflow/dags/dag_1.py
[2026-04-15T18:40:31.377+0000] {logging_mixin.py:190} INFO - [2026-04-15T18:40:31.377+0000] {dag.py:3239} INFO - Sync 1 DAGs
[2026-04-15T18:40:31.423+0000] {logging_mixin.py:190} INFO - [2026-04-15T18:40:31.422+0000] {dag.py:4180} INFO - Setting next_dagrun for hello_world_dag to None, run_after=None
[2026-04-15T18:40:31.481+0000] {processor.py:208} INFO - Processing /opt/airflow/dags/dag_1.py took 0.239 seconds
[2026-04-15T18:41:01.784+0000] {processor.py:186} INFO - Started process (PID=2330) to work on /opt/airflow/dags/dag_1.py
[2026-04-15T18:41:01.786+0000] {processor.py:914} INFO - Processing file /opt/airflow/dags/dag_1.py for tasks to queue
[2026-04-15T18:41:01.792+0000] {logging_mixin.py:190} INFO - [2026-04-15T18:41:01.791+0000] {dagbag.py:588} INFO - Filling up the DagBag from /opt/airflow/dags/dag_1.py
[2026-04-15T18:41:01.820+0000] {processor.py:925} INFO - DAG(s) 'hello_world_dag' retrieved from /opt/airflow/dags/dag_1.py
[2026-04-15T18:41:01.895+0000] {logging_mixin.py:190} INFO - [2026-04-15T18:41:01.894+0000] {dag.py:3239} INFO - Sync 1 DAGs
[2026-04-15T18:41:01.933+0000] {logging_mixin.py:190} INFO - [2026-04-15T18:41:01.933+0000] {dag.py:4180} INFO - Setting next_dagrun for hello_world_dag to None, run_after=None
[2026-04-15T18:41:01.959+0000] {processor.py:208} INFO - Processing /opt/airflow/dags/dag_1.py took 0.194 seconds
[2026-04-15T18:41:32.122+0000] {processor.py:186} INFO - Started process (PID=2341) to work on /opt/airflow/dags/dag_1.py
[2026-04-15T18:41:32.130+0000] {processor.py:914} INFO - Processing file /opt/airflow/dags/dag_1.py for tasks to queue
[2026-04-15T18:41:32.136+0000] {logging_mixin.py:190} INFO - [2026-04-15T18:41:32.135+0000] {dagbag.py:588} INFO - Filling up the DagBag from /opt/airflow/dags/dag_1.py
[2026-04-15T18:41:32.163+0000] {processor.py:925} INFO - DAG(s) 'hello_world_dag' retrieved from /opt/airflow/dags/dag_1.py
[2026-04-15T18:41:32.238+0000] {logging_mixin.py:190} INFO - [2026-04-15T18:41:32.237+0000] {dag.py:3239} INFO - Sync 1 DAGs
[2026-04-15T18:41:32.271+0000] {logging_mixin.py:190} INFO - [2026-04-15T18:41:32.271+0000] {dag.py:4180} INFO - Setting next_dagrun for hello_world_dag to None, run_after=None
[2026-04-15T18:41:32.298+0000] {processor.py:208} INFO - Processing /opt/airflow/dags/dag_1.py took 0.195 seconds
[2026-04-15T18:42:02.595+0000] {processor.py:186} INFO - Started process (PID=2352) to work on /opt/airflow/dags/dag_1.py
[2026-04-15T18:42:02.597+0000] {processor.py:914} INFO - Processing file /opt/airflow/dags/dag_1.py for tasks to queue
[2026-04-15T18:42:02.603+0000] {logging_mixin.py:190} INFO - [2026-04-15T18:42:02.602+0000] {dagbag.py:588} INFO - Filling up the DagBag from /opt/airflow/dags/dag_1.py
[2026-04-15T18:42:02.630+0000] {processor.py:925} INFO - DAG(s) 'hello_world_dag' retrieved from /opt/airflow/dags/dag_1.py
[2026-04-15T18:42:02.701+0000] {logging_mixin.py:190} INFO - [2026-04-15T18:42:02.700+0000] {dag.py:3239} INFO - Sync 1 DAGs
[2026-04-15T18:42:02.747+0000] {logging_mixin.py:190} INFO - [2026-04-15T18:42:02.746+0000] {dag.py:4180} INFO - Setting next_dagrun for hello_world_dag to None, run_after=None
[2026-04-15T18:42:02.805+0000] {processor.py:208} INFO - Processing /opt/airflow/dags/dag_1.py took 0.230 seconds
[2026-04-15T18:42:32.895+0000] {processor.py:186} INFO - Started process (PID=2363) to work on /opt/airflow/dags/dag_1.py
[2026-04-15T18:42:32.897+0000] {processor.py:914} INFO - Processing file /opt/airflow/dags/dag_1.py for tasks to queue
[2026-04-15T18:42:32.903+0000] {logging_mixin.py:190} INFO - [2026-04-15T18:42:32.902+0000] {dagbag.py:588} INFO - Filling up the DagBag from /opt/airflow/dags/dag_1.py
[2026-04-15T18:42:32.929+0000] {processor.py:925} INFO - DAG(s) 'hello_world_dag' retrieved from /opt/airflow/dags/dag_1.py
[2026-04-15T18:42:33.002+0000] {logging_mixin.py:190} INFO - [2026-04-15T18:42:33.001+0000] {dag.py:3239} INFO - Sync 1 DAGs
[2026-04-15T18:42:33.055+0000] {logging_mixin.py:190} INFO - [2026-04-15T18:42:33.055+0000] {dag.py:4180} INFO - Setting next_dagrun for hello_world_dag to None, run_after=None
[2026-04-15T18:42:33.110+0000] {processor.py:208} INFO - Processing /opt/airflow/dags/dag_1.py took 0.233 seconds
[2026-04-15T18:43:03.439+0000] {processor.py:186} INFO - Started process (PID=2374) to work on /opt/airflow/dags/dag_1.py
[2026-04-15T18:43:03.441+0000] {processor.py:914} INFO - Processing file /opt/airflow/dags/dag_1.py for tasks to queue
[2026-04-15T18:43:03.447+0000] {logging_mixin.py:190} INFO - [2026-04-15T18:43:03.446+0000] {dagbag.py:588} INFO - Filling up the DagBag from /opt/airflow/dags/dag_1.py
[2026-04-15T18:43:03.475+0000] {processor.py:925} INFO - DAG(s) 'hello_world_dag' retrieved from /opt/airflow/dags/dag_1.py
[2026-04-15T18:43:03.547+0000] {logging_mixin.py:190} INFO - [2026-04-15T18:43:03.547+0000] {dag.py:3239} INFO - Sync 1 DAGs
[2026-04-15T18:43:03.755+0000] {logging_mixin.py:190} INFO - [2026-04-15T18:43:03.755+0000] {dag.py:4180} INFO - Setting next_dagrun for hello_world_dag to None, run_after=None
[2026-04-15T18:43:03.769+0000] {processor.py:208} INFO - Processing /opt/airflow/dags/dag_1.py took 0.349 seconds
[2026-04-15T18:43:34.095+0000] {processor.py:186} INFO - Started process (PID=2385) to work on /opt/airflow/dags/dag_1.py
[2026-04-15T18:43:34.097+0000] {processor.py:914} INFO - Processing file /opt/airflow/dags/dag_1.py for tasks to queue
[2026-04-15T18:43:34.104+0000] {logging_mixin.py:190} INFO - [2026-04-15T18:43:34.103+0000] {dagbag.py:588} INFO - Filling up the DagBag from /opt/airflow/dags/dag_1.py
[2026-04-15T18:43:34.129+0000] {processor.py:925} INFO - DAG(s) 'hello_world_dag' retrieved from /opt/airflow/dags/dag_1.py
[2026-04-15T18:43:34.202+0000] {logging_mixin.py:190} INFO - [2026-04-15T18:43:34.201+0000] {dag.py:3239} INFO - Sync 1 DAGs
[2026-04-15T18:43:34.242+0000] {logging_mixin.py:190} INFO - [2026-04-15T18:43:34.241+0000] {dag.py:4180} INFO - Setting next_dagrun for hello_world_dag to None, run_after=None
[2026-04-15T18:43:34.273+0000] {processor.py:208} INFO - Processing /opt/airflow/dags/dag_1.py took 0.197 seconds
[2026-04-15T18:44:04.392+0000] {processor.py:186} INFO - Started process (PID=2396) to work on /opt/airflow/dags/dag_1.py
[2026-04-15T18:44:04.400+0000] {processor.py:914} INFO - Processing file /opt/airflow/dags/dag_1.py for tasks to queue
[2026-04-15T18:44:04.408+0000] {logging_mixin.py:190} INFO - [2026-04-15T18:44:04.407+0000] {dagbag.py:588} INFO - Filling up the DagBag from /opt/airflow/dags/dag_1.py
[2026-04-15T18:44:04.434+0000] {processor.py:925} INFO - DAG(s) 'hello_world_dag' retrieved from /opt/airflow/dags/dag_1.py
[2026-04-15T18:44:04.505+0000] {logging_mixin.py:190} INFO - [2026-04-15T18:44:04.505+0000] {dag.py:3239} INFO - Sync 1 DAGs
[2026-04-15T18:44:04.547+0000] {logging_mixin.py:190} INFO - [2026-04-15T18:44:04.546+0000] {dag.py:4180} INFO - Setting next_dagrun for hello_world_dag to None, run_after=None
[2026-04-15T18:44:04.592+0000] {processor.py:208} INFO - Processing /opt/airflow/dags/dag_1.py took 0.218 seconds
[2026-04-15T18:44:34.920+0000] {processor.py:186} INFO - Started process (PID=2407) to work on /opt/airflow/dags/dag_1.py
[2026-04-15T18:44:34.922+0000] {processor.py:914} INFO - Processing file /opt/airflow/dags/dag_1.py for tasks to queue
[2026-04-15T18:44:34.927+0000] {logging_mixin.py:190} INFO - [2026-04-15T18:44:34.926+0000] {dagbag.py:588} INFO - Filling up the DagBag from /opt/airflow/dags/dag_1.py
[2026-04-15T18:44:34.952+0000] {processor.py:925} INFO - DAG(s) 'hello_world_dag' retrieved from /opt/airflow/dags/dag_1.py
[2026-04-15T18:44:35.024+0000] {logging_mixin.py:190} INFO - [2026-04-15T18:44:35.023+0000] {dag.py:3239} INFO - Sync 1 DAGs
[2026-04-15T18:44:35.074+0000] {logging_mixin.py:190} INFO - [2026-04-15T18:44:35.073+0000] {dag.py:4180} INFO - Setting next_dagrun for hello_world_dag to None, run_after=None
[2026-04-15T18:44:35.139+0000] {processor.py:208} INFO - Processing /opt/airflow/dags/dag_1.py took 0.239 seconds
[2026-04-15T18:45:05.235+0000] {processor.py:186} INFO - Started process (PID=2418) to work on /opt/airflow/dags/dag_1.py
[2026-04-15T18:45:05.244+0000] {processor.py:914} INFO - Processing file /opt/airflow/dags/dag_1.py for tasks to queue
[2026-04-15T18:45:05.250+0000] {logging_mixin.py:190} INFO - [2026-04-15T18:45:05.249+0000] {dagbag.py:588} INFO - Filling up the DagBag from /opt/airflow/dags/dag_1.py
[2026-04-15T18:45:05.277+0000] {processor.py:925} INFO - DAG(s) 'hello_world_dag' retrieved from /opt/airflow/dags/dag_1.py
[2026-04-15T18:45:05.350+0000] {logging_mixin.py:190} INFO - [2026-04-15T18:45:05.350+0000] {dag.py:3239} INFO - Sync 1 DAGs
[2026-04-15T18:45:05.398+0000] {logging_mixin.py:190} INFO - [2026-04-15T18:45:05.397+0000] {dag.py:4180} INFO - Setting next_dagrun for hello_world_dag to None, run_after=None
[2026-04-15T18:45:05.456+0000] {processor.py:208} INFO - Processing /opt/airflow/dags/dag_1.py took 0.242 seconds
[2026-04-15T18:45:35.785+0000] {processor.py:186} INFO - Started process (PID=2429) to work on /opt/airflow/dags/dag_1.py
[2026-04-15T18:45:35.787+0000] {processor.py:914} INFO - Processing file /opt/airflow/dags/dag_1.py for tasks to queue
[2026-04-15T18:45:35.792+0000] {logging_mixin.py:190} INFO - [2026-04-15T18:45:35.791+0000] {dagbag.py:588} INFO - Filling up the DagBag from /opt/airflow/dags/dag_1.py
[2026-04-15T18:45:35.819+0000] {processor.py:925} INFO - DAG(s) 'hello_world_dag' retrieved from /opt/airflow/dags/dag_1.py
[2026-04-15T18:45:35.890+0000] {logging_mixin.py:190} INFO - [2026-04-15T18:45:35.889+0000] {dag.py:3239} INFO - Sync 1 DAGs
[2026-04-15T18:45:35.930+0000] {logging_mixin.py:190} INFO - [2026-04-15T18:45:35.929+0000] {dag.py:4180} INFO - Setting next_dagrun for hello_world_dag to None, run_after=None
[2026-04-15T18:45:36.107+0000] {processor.py:208} INFO - Processing /opt/airflow/dags/dag_1.py took 0.340 seconds
[2026-04-15T18:46:06.440+0000] {processor.py:186} INFO - Started process (PID=2440) to work on /opt/airflow/dags/dag_1.py
[2026-04-15T18:46:06.448+0000] {processor.py:914} INFO - Processing file /opt/airflow/dags/dag_1.py for tasks to queue
[2026-04-15T18:46:06.454+0000] {logging_mixin.py:190} INFO - [2026-04-15T18:46:06.453+0000] {dagbag.py:588} INFO - Filling up the DagBag from /opt/airflow/dags/dag_1.py
[2026-04-15T18:46:06.481+0000] {processor.py:925} INFO - DAG(s) 'hello_world_dag' retrieved from /opt/airflow/dags/dag_1.py
[2026-04-15T18:46:06.558+0000] {logging_mixin.py:190} INFO - [2026-04-15T18:46:06.556+0000] {dag.py:3239} INFO - Sync 1 DAGs
[2026-04-15T18:46:06.604+0000] {logging_mixin.py:190} INFO - [2026-04-15T18:46:06.604+0000] {dag.py:4180} INFO - Setting next_dagrun for hello_world_dag to None, run_after=None
[2026-04-15T18:46:06.674+0000] {processor.py:208} INFO - Processing /opt/airflow/dags/dag_1.py took 0.256 seconds
[2026-04-15T18:46:37.022+0000] {processor.py:186} INFO - Started process (PID=2451) to work on /opt/airflow/dags/dag_1.py
[2026-04-15T18:46:37.024+0000] {processor.py:914} INFO - Processing file /opt/airflow/dags/dag_1.py for tasks to queue
[2026-04-15T18:46:37.030+0000] {logging_mixin.py:190} INFO - [2026-04-15T18:46:37.029+0000] {dagbag.py:588} INFO - Filling up the DagBag from /opt/airflow/dags/dag_1.py
[2026-04-15T18:46:37.057+0000] {processor.py:925} INFO - DAG(s) 'hello_world_dag' retrieved from /opt/airflow/dags/dag_1.py
[2026-04-15T18:46:37.129+0000] {logging_mixin.py:190} INFO - [2026-04-15T18:46:37.128+0000] {dag.py:3239} INFO - Sync 1 DAGs
[2026-04-15T18:46:37.170+0000] {logging_mixin.py:190} INFO - [2026-04-15T18:46:37.170+0000] {dag.py:4180} INFO - Setting next_dagrun for hello_world_dag to None, run_after=None
[2026-04-15T18:46:37.208+0000] {processor.py:208} INFO - Processing /opt/airflow/dags/dag_1.py took 0.204 seconds
[2026-04-15T18:47:07.331+0000] {processor.py:186} INFO - Started process (PID=2462) to work on /opt/airflow/dags/dag_1.py
[2026-04-15T18:47:07.339+0000] {processor.py:914} INFO - Processing file /opt/airflow/dags/dag_1.py for tasks to queue
[2026-04-15T18:47:07.346+0000] {logging_mixin.py:190} INFO - [2026-04-15T18:47:07.344+0000] {dagbag.py:588} INFO - Filling up the DagBag from /opt/airflow/dags/dag_1.py
[2026-04-15T18:47:07.372+0000] {processor.py:925} INFO - DAG(s) 'hello_world_dag' retrieved from /opt/airflow/dags/dag_1.py
[2026-04-15T18:47:07.449+0000] {logging_mixin.py:190} INFO - [2026-04-15T18:47:07.448+0000] {dag.py:3239} INFO - Sync 1 DAGs
[2026-04-15T18:47:07.496+0000] {logging_mixin.py:190} INFO - [2026-04-15T18:47:07.495+0000] {dag.py:4180} INFO - Setting next_dagrun for hello_world_dag to None, run_after=None
[2026-04-15T18:47:07.558+0000] {processor.py:208} INFO - Processing /opt/airflow/dags/dag_1.py took 0.248 seconds
[2026-04-15T18:47:37.855+0000] {processor.py:186} INFO - Started process (PID=2473) to work on /opt/airflow/dags/dag_1.py
[2026-04-15T18:47:37.857+0000] {processor.py:914} INFO - Processing file /opt/airflow/dags/dag_1.py for tasks to queue
[2026-04-15T18:47:37.864+0000] {logging_mixin.py:190} INFO - [2026-04-15T18:47:37.863+0000] {dagbag.py:588} INFO - Filling up the DagBag from /opt/airflow/dags/dag_1.py
[2026-04-15T18:47:37.892+0000] {processor.py:925} INFO - DAG(s) 'hello_world_dag' retrieved from /opt/airflow/dags/dag_1.py
[2026-04-15T18:47:37.978+0000] {logging_mixin.py:190} INFO - [2026-04-15T18:47:37.977+0000] {dag.py:3239} INFO - Sync 1 DAGs
[2026-04-15T18:47:38.026+0000] {logging_mixin.py:190} INFO - [2026-04-15T18:47:38.025+0000] {dag.py:4180} INFO - Setting next_dagrun for hello_world_dag to None, run_after=None
[2026-04-15T18:47:38.089+0000] {processor.py:208} INFO - Processing /opt/airflow/dags/dag_1.py took 0.253 seconds
[2026-04-15T18:48:08.216+0000] {processor.py:186} INFO - Started process (PID=2484) to work on /opt/airflow/dags/dag_1.py
[2026-04-15T18:48:08.225+0000] {processor.py:914} INFO - Processing file /opt/airflow/dags/dag_1.py for tasks to queue
[2026-04-15T18:48:08.233+0000] {logging_mixin.py:190} INFO - [2026-04-15T18:48:08.232+0000] {dagbag.py:588} INFO - Filling up the DagBag from /opt/airflow/dags/dag_1.py
[2026-04-15T18:48:08.261+0000] {processor.py:925} INFO - DAG(s) 'hello_world_dag' retrieved from /opt/airflow/dags/dag_1.py
[2026-04-15T18:48:08.338+0000] {logging_mixin.py:190} INFO - [2026-04-15T18:48:08.337+0000] {dag.py:3239} INFO - Sync 1 DAGs
[2026-04-15T18:48:08.379+0000] {logging_mixin.py:190} INFO - [2026-04-15T18:48:08.378+0000] {dag.py:4180} INFO - Setting next_dagrun for hello_world_dag to None, run_after=None
[2026-04-15T18:48:08.432+0000] {processor.py:208} INFO - Processing /opt/airflow/dags/dag_1.py took 0.236 seconds
[2026-04-15T18:48:38.736+0000] {processor.py:186} INFO - Started process (PID=2495) to work on /opt/airflow/dags/dag_1.py
[2026-04-15T18:48:38.738+0000] {processor.py:914} INFO - Processing file /opt/airflow/dags/dag_1.py for tasks to queue
[2026-04-15T18:48:38.744+0000] {logging_mixin.py:190} INFO - [2026-04-15T18:48:38.744+0000] {dagbag.py:588} INFO - Filling up the DagBag from /opt/airflow/dags/dag_1.py
[2026-04-15T18:48:38.771+0000] {processor.py:925} INFO - DAG(s) 'hello_world_dag' retrieved from /opt/airflow/dags/dag_1.py
[2026-04-15T18:48:38.842+0000] {logging_mixin.py:190} INFO - [2026-04-15T18:48:38.841+0000] {dag.py:3239} INFO - Sync 1 DAGs
[2026-04-15T18:48:38.871+0000] {logging_mixin.py:190} INFO - [2026-04-15T18:48:38.871+0000] {dag.py:4180} INFO - Setting next_dagrun for hello_world_dag to None, run_after=None
[2026-04-15T18:48:39.007+0000] {processor.py:208} INFO - Processing /opt/airflow/dags/dag_1.py took 0.290 seconds
[2026-04-15T18:49:09.073+0000] {processor.py:186} INFO - Started process (PID=2506) to work on /opt/airflow/dags/dag_1.py
[2026-04-15T18:49:09.081+0000] {processor.py:914} INFO - Processing file /opt/airflow/dags/dag_1.py for tasks to queue
[2026-04-15T18:49:09.087+0000] {logging_mixin.py:190} INFO - [2026-04-15T18:49:09.086+0000] {dagbag.py:588} INFO - Filling up the DagBag from /opt/airflow/dags/dag_1.py
[2026-04-15T18:49:09.115+0000] {processor.py:925} INFO - DAG(s) 'hello_world_dag' retrieved from /opt/airflow/dags/dag_1.py
[2026-04-15T18:49:09.191+0000] {logging_mixin.py:190} INFO - [2026-04-15T18:49:09.190+0000] {dag.py:3239} INFO - Sync 1 DAGs
[2026-04-15T18:49:09.227+0000] {logging_mixin.py:190} INFO - [2026-04-15T18:49:09.227+0000] {dag.py:4180} INFO - Setting next_dagrun for hello_world_dag to None, run_after=None
[2026-04-15T18:49:09.258+0000] {processor.py:208} INFO - Processing /opt/airflow/dags/dag_1.py took 0.204 seconds
[2026-04-15T18:49:39.403+0000] {processor.py:186} INFO - Started process (PID=2517) to work on /opt/airflow/dags/dag_1.py
[2026-04-15T18:49:39.406+0000] {processor.py:914} INFO - Processing file /opt/airflow/dags/dag_1.py for tasks to queue
[2026-04-15T18:49:39.412+0000] {logging_mixin.py:190} INFO - [2026-04-15T18:49:39.411+0000] {dagbag.py:588} INFO - Filling up the DagBag from /opt/airflow/dags/dag_1.py
[2026-04-15T18:49:39.441+0000] {processor.py:925} INFO - DAG(s) 'hello_world_dag' retrieved from /opt/airflow/dags/dag_1.py
[2026-04-15T18:49:39.518+0000] {logging_mixin.py:190} INFO - [2026-04-15T18:49:39.518+0000] {dag.py:3239} INFO - Sync 1 DAGs
[2026-04-15T18:49:39.548+0000] {logging_mixin.py:190} INFO - [2026-04-15T18:49:39.547+0000] {dag.py:4180} INFO - Setting next_dagrun for hello_world_dag to None, run_after=None
[2026-04-15T18:49:39.568+0000] {processor.py:208} INFO - Processing /opt/airflow/dags/dag_1.py took 0.183 seconds
[2026-04-15T18:50:09.884+0000] {processor.py:186} INFO - Started process (PID=2528) to work on /opt/airflow/dags/dag_1.py
[2026-04-15T18:50:09.892+0000] {processor.py:914} INFO - Processing file /opt/airflow/dags/dag_1.py for tasks to queue
[2026-04-15T18:50:09.898+0000] {logging_mixin.py:190} INFO - [2026-04-15T18:50:09.897+0000] {dagbag.py:588} INFO - Filling up the DagBag from /opt/airflow/dags/dag_1.py
[2026-04-15T18:50:09.926+0000] {processor.py:925} INFO - DAG(s) 'hello_world_dag' retrieved from /opt/airflow/dags/dag_1.py
[2026-04-15T18:50:10.006+0000] {logging_mixin.py:190} INFO - [2026-04-15T18:50:10.006+0000] {dag.py:3239} INFO - Sync 1 DAGs
[2026-04-15T18:50:10.041+0000] {logging_mixin.py:190} INFO - [2026-04-15T18:50:10.041+0000] {dag.py:4180} INFO - Setting next_dagrun for hello_world_dag to None, run_after=None
[2026-04-15T18:50:10.063+0000] {processor.py:208} INFO - Processing /opt/airflow/dags/dag_1.py took 0.200 seconds
[2026-04-15T18:50:40.208+0000] {processor.py:186} INFO - Started process (PID=2539) to work on /opt/airflow/dags/dag_1.py
[2026-04-15T18:50:40.210+0000] {processor.py:914} INFO - Processing file /opt/airflow/dags/dag_1.py for tasks to queue
[2026-04-15T18:50:40.216+0000] {logging_mixin.py:190} INFO - [2026-04-15T18:50:40.215+0000] {dagbag.py:588} INFO - Filling up the DagBag from /opt/airflow/dags/dag_1.py
[2026-04-15T18:50:40.246+0000] {processor.py:925} INFO - DAG(s) 'hello_world_dag' retrieved from /opt/airflow/dags/dag_1.py
[2026-04-15T18:50:40.329+0000] {logging_mixin.py:190} INFO - [2026-04-15T18:50:40.328+0000] {dag.py:3239} INFO - Sync 1 DAGs
[2026-04-15T18:50:40.388+0000] {logging_mixin.py:190} INFO - [2026-04-15T18:50:40.388+0000] {dag.py:4180} INFO - Setting next_dagrun for hello_world_dag to None, run_after=None
[2026-04-15T18:50:40.449+0000] {processor.py:208} INFO - Processing /opt/airflow/dags/dag_1.py took 0.261 seconds
[2026-04-15T18:51:10.700+0000] {processor.py:186} INFO - Started process (PID=2550) to work on /opt/airflow/dags/dag_1.py
[2026-04-15T18:51:10.708+0000] {processor.py:914} INFO - Processing file /opt/airflow/dags/dag_1.py for tasks to queue
[2026-04-15T18:51:10.715+0000] {logging_mixin.py:190} INFO - [2026-04-15T18:51:10.714+0000] {dagbag.py:588} INFO - Filling up the DagBag from /opt/airflow/dags/dag_1.py
[2026-04-15T18:51:10.742+0000] {processor.py:925} INFO - DAG(s) 'hello_world_dag' retrieved from /opt/airflow/dags/dag_1.py
[2026-04-15T18:51:10.828+0000] {logging_mixin.py:190} INFO - [2026-04-15T18:51:10.827+0000] {dag.py:3239} INFO - Sync 1 DAGs
[2026-04-15T18:51:10.886+0000] {logging_mixin.py:190} INFO - [2026-04-15T18:51:10.886+0000] {dag.py:4180} INFO - Setting next_dagrun for hello_world_dag to None, run_after=None
[2026-04-15T18:51:10.952+0000] {processor.py:208} INFO - Processing /opt/airflow/dags/dag_1.py took 0.271 seconds
[2026-04-15T18:51:41.103+0000] {processor.py:186} INFO - Started process (PID=2561) to work on /opt/airflow/dags/dag_1.py
[2026-04-15T18:51:41.109+0000] {processor.py:914} INFO - Processing file /opt/airflow/dags/dag_1.py for tasks to queue
[2026-04-15T18:51:41.117+0000] {logging_mixin.py:190} INFO - [2026-04-15T18:51:41.116+0000] {dagbag.py:588} INFO - Filling up the DagBag from /opt/airflow/dags/dag_1.py
[2026-04-15T18:51:41.145+0000] {processor.py:925} INFO - DAG(s) 'hello_world_dag' retrieved from /opt/airflow/dags/dag_1.py
[2026-04-15T18:51:41.223+0000] {logging_mixin.py:190} INFO - [2026-04-15T18:51:41.222+0000] {dag.py:3239} INFO - Sync 1 DAGs
[2026-04-15T18:51:41.428+0000] {logging_mixin.py:190} INFO - [2026-04-15T18:51:41.428+0000] {dag.py:4180} INFO - Setting next_dagrun for hello_world_dag to None, run_after=None
[2026-04-15T18:51:41.451+0000] {processor.py:208} INFO - Processing /opt/airflow/dags/dag_1.py took 0.367 seconds
[2026-04-15T18:52:11.606+0000] {processor.py:186} INFO - Started process (PID=2572) to work on /opt/airflow/dags/dag_1.py
[2026-04-15T18:52:11.608+0000] {processor.py:914} INFO - Processing file /opt/airflow/dags/dag_1.py for tasks to queue
[2026-04-15T18:52:11.615+0000] {logging_mixin.py:190} INFO - [2026-04-15T18:52:11.614+0000] {dagbag.py:588} INFO - Filling up the DagBag from /opt/airflow/dags/dag_1.py
[2026-04-15T18:52:11.641+0000] {processor.py:925} INFO - DAG(s) 'hello_world_dag' retrieved from /opt/airflow/dags/dag_1.py
[2026-04-15T18:52:11.722+0000] {logging_mixin.py:190} INFO - [2026-04-15T18:52:11.721+0000] {dag.py:3239} INFO - Sync 1 DAGs
[2026-04-15T18:52:11.774+0000] {logging_mixin.py:190} INFO - [2026-04-15T18:52:11.774+0000] {dag.py:4180} INFO - Setting next_dagrun for hello_world_dag to None, run_after=None
[2026-04-15T18:52:11.830+0000] {processor.py:208} INFO - Processing /opt/airflow/dags/dag_1.py took 0.242 seconds
[2026-04-15T18:52:42.084+0000] {processor.py:186} INFO - Started process (PID=2583) to work on /opt/airflow/dags/dag_1.py
[2026-04-15T18:52:42.087+0000] {processor.py:914} INFO - Processing file /opt/airflow/dags/dag_1.py for tasks to queue
[2026-04-15T18:52:42.095+0000] {logging_mixin.py:190} INFO - [2026-04-15T18:52:42.093+0000] {dagbag.py:588} INFO - Filling up the DagBag from /opt/airflow/dags/dag_1.py
[2026-04-15T18:52:42.124+0000] {processor.py:925} INFO - DAG(s) 'hello_world_dag' retrieved from /opt/airflow/dags/dag_1.py
[2026-04-15T18:52:42.198+0000] {logging_mixin.py:190} INFO - [2026-04-15T18:52:42.197+0000] {dag.py:3239} INFO - Sync 1 DAGs
[2026-04-15T18:52:42.251+0000] {logging_mixin.py:190} INFO - [2026-04-15T18:52:42.251+0000] {dag.py:4180} INFO - Setting next_dagrun for hello_world_dag to None, run_after=None
[2026-04-15T18:52:42.287+0000] {processor.py:208} INFO - Processing /opt/airflow/dags/dag_1.py took 0.222 seconds
[2026-04-15T18:53:12.457+0000] {processor.py:186} INFO - Started process (PID=2594) to work on /opt/airflow/dags/dag_1.py
[2026-04-15T18:53:12.459+0000] {processor.py:914} INFO - Processing file /opt/airflow/dags/dag_1.py for tasks to queue
[2026-04-15T18:53:12.466+0000] {logging_mixin.py:190} INFO - [2026-04-15T18:53:12.465+0000] {dagbag.py:588} INFO - Filling up the DagBag from /opt/airflow/dags/dag_1.py
[2026-04-15T18:53:12.497+0000] {processor.py:925} INFO - DAG(s) 'hello_world_dag' retrieved from /opt/airflow/dags/dag_1.py
[2026-04-15T18:53:12.571+0000] {logging_mixin.py:190} INFO - [2026-04-15T18:53:12.570+0000] {dag.py:3239} INFO - Sync 1 DAGs
[2026-04-15T18:53:12.619+0000] {logging_mixin.py:190} INFO - [2026-04-15T18:53:12.618+0000] {dag.py:4180} INFO - Setting next_dagrun for hello_world_dag to None, run_after=None
[2026-04-15T18:53:12.653+0000] {processor.py:208} INFO - Processing /opt/airflow/dags/dag_1.py took 0.218 seconds
[2026-04-15T18:53:42.914+0000] {processor.py:186} INFO - Started process (PID=2605) to work on /opt/airflow/dags/dag_1.py
[2026-04-15T18:53:42.922+0000] {processor.py:914} INFO - Processing file /opt/airflow/dags/dag_1.py for tasks to queue
[2026-04-15T18:53:42.929+0000] {logging_mixin.py:190} INFO - [2026-04-15T18:53:42.928+0000] {dagbag.py:588} INFO - Filling up the DagBag from /opt/airflow/dags/dag_1.py
[2026-04-15T18:53:42.958+0000] {processor.py:925} INFO - DAG(s) 'hello_world_dag' retrieved from /opt/airflow/dags/dag_1.py
[2026-04-15T18:53:43.039+0000] {logging_mixin.py:190} INFO - [2026-04-15T18:53:43.038+0000] {dag.py:3239} INFO - Sync 1 DAGs
[2026-04-15T18:53:43.089+0000] {logging_mixin.py:190} INFO - [2026-04-15T18:53:43.089+0000] {dag.py:4180} INFO - Setting next_dagrun for hello_world_dag to None, run_after=None
[2026-04-15T18:53:43.151+0000] {processor.py:208} INFO - Processing /opt/airflow/dags/dag_1.py took 0.257 seconds
[2026-04-15T18:54:13.270+0000] {processor.py:186} INFO - Started process (PID=2616) to work on /opt/airflow/dags/dag_1.py
[2026-04-15T18:54:13.272+0000] {processor.py:914} INFO - Processing file /opt/airflow/dags/dag_1.py for tasks to queue
[2026-04-15T18:54:13.278+0000] {logging_mixin.py:190} INFO - [2026-04-15T18:54:13.277+0000] {dagbag.py:588} INFO - Filling up the DagBag from /opt/airflow/dags/dag_1.py
[2026-04-15T18:54:13.306+0000] {processor.py:925} INFO - DAG(s) 'hello_world_dag' retrieved from /opt/airflow/dags/dag_1.py
[2026-04-15T18:54:13.382+0000] {logging_mixin.py:190} INFO - [2026-04-15T18:54:13.381+0000] {dag.py:3239} INFO - Sync 1 DAGs
[2026-04-15T18:54:13.434+0000] {logging_mixin.py:190} INFO - [2026-04-15T18:54:13.433+0000] {dag.py:4180} INFO - Setting next_dagrun for hello_world_dag to None, run_after=None
[2026-04-15T18:54:13.621+0000] {processor.py:208} INFO - Processing /opt/airflow/dags/dag_1.py took 0.369 seconds
[2026-04-15T18:54:43.823+0000] {processor.py:186} INFO - Started process (PID=2627) to work on /opt/airflow/dags/dag_1.py
[2026-04-15T18:54:43.825+0000] {processor.py:914} INFO - Processing file /opt/airflow/dags/dag_1.py for tasks to queue
[2026-04-15T18:54:43.831+0000] {logging_mixin.py:190} INFO - [2026-04-15T18:54:43.830+0000] {dagbag.py:588} INFO - Filling up the DagBag from /opt/airflow/dags/dag_1.py
[2026-04-15T18:54:43.859+0000] {processor.py:925} INFO - DAG(s) 'hello_world_dag' retrieved from /opt/airflow/dags/dag_1.py
[2026-04-15T18:54:43.937+0000] {logging_mixin.py:190} INFO - [2026-04-15T18:54:43.937+0000] {dag.py:3239} INFO - Sync 1 DAGs
[2026-04-15T18:54:43.964+0000] {logging_mixin.py:190} INFO - [2026-04-15T18:54:43.964+0000] {dag.py:4180} INFO - Setting next_dagrun for hello_world_dag to None, run_after=None
[2026-04-15T18:54:43.984+0000] {processor.py:208} INFO - Processing /opt/airflow/dags/dag_1.py took 0.180 seconds
[2026-04-15T18:55:14.238+0000] {processor.py:186} INFO - Started process (PID=2638) to work on /opt/airflow/dags/dag_1.py
[2026-04-15T18:55:14.240+0000] {processor.py:914} INFO - Processing file /opt/airflow/dags/dag_1.py for tasks to queue
[2026-04-15T18:55:14.248+0000] {logging_mixin.py:190} INFO - [2026-04-15T18:55:14.247+0000] {dagbag.py:588} INFO - Filling up the DagBag from /opt/airflow/dags/dag_1.py
[2026-04-15T18:55:14.273+0000] {processor.py:925} INFO - DAG(s) 'hello_world_dag' retrieved from /opt/airflow/dags/dag_1.py
[2026-04-15T18:55:14.344+0000] {logging_mixin.py:190} INFO - [2026-04-15T18:55:14.343+0000] {dag.py:3239} INFO - Sync 1 DAGs
[2026-04-15T18:55:14.384+0000] {logging_mixin.py:190} INFO - [2026-04-15T18:55:14.384+0000] {dag.py:4180} INFO - Setting next_dagrun for hello_world_dag to None, run_after=None
[2026-04-15T18:55:14.428+0000] {processor.py:208} INFO - Processing /opt/airflow/dags/dag_1.py took 0.207 seconds
[2026-04-15T18:55:44.581+0000] {processor.py:186} INFO - Started process (PID=2649) to work on /opt/airflow/dags/dag_1.py
[2026-04-15T18:55:44.584+0000] {processor.py:914} INFO - Processing file /opt/airflow/dags/dag_1.py for tasks to queue
[2026-04-15T18:55:44.596+0000] {logging_mixin.py:190} INFO - [2026-04-15T18:55:44.594+0000] {dagbag.py:588} INFO - Filling up the DagBag from /opt/airflow/dags/dag_1.py
[2026-04-15T18:55:44.623+0000] {processor.py:925} INFO - DAG(s) 'hello_world_dag' retrieved from /opt/airflow/dags/dag_1.py
[2026-04-15T18:55:44.696+0000] {logging_mixin.py:190} INFO - [2026-04-15T18:55:44.695+0000] {dag.py:3239} INFO - Sync 1 DAGs
[2026-04-15T18:55:44.742+0000] {logging_mixin.py:190} INFO - [2026-04-15T18:55:44.741+0000] {dag.py:4180} INFO - Setting next_dagrun for hello_world_dag to None, run_after=None
[2026-04-15T18:55:44.799+0000] {processor.py:208} INFO - Processing /opt/airflow/dags/dag_1.py took 0.235 seconds
[2026-04-15T18:56:15.039+0000] {processor.py:186} INFO - Started process (PID=2660) to work on /opt/airflow/dags/dag_1.py
[2026-04-15T18:56:15.041+0000] {processor.py:914} INFO - Processing file /opt/airflow/dags/dag_1.py for tasks to queue
[2026-04-15T18:56:15.048+0000] {logging_mixin.py:190} INFO - [2026-04-15T18:56:15.047+0000] {dagbag.py:588} INFO - Filling up the DagBag from /opt/airflow/dags/dag_1.py
[2026-04-15T18:56:15.078+0000] {processor.py:925} INFO - DAG(s) 'hello_world_dag' retrieved from /opt/airflow/dags/dag_1.py
[2026-04-15T18:56:15.155+0000] {logging_mixin.py:190} INFO - [2026-04-15T18:56:15.154+0000] {dag.py:3239} INFO - Sync 1 DAGs
[2026-04-15T18:56:15.178+0000] {logging_mixin.py:190} INFO - [2026-04-15T18:56:15.178+0000] {dag.py:4180} INFO - Setting next_dagrun for hello_world_dag to None, run_after=None
[2026-04-15T18:56:15.197+0000] {processor.py:208} INFO - Processing /opt/airflow/dags/dag_1.py took 0.180 seconds
[2026-04-15T18:56:45.451+0000] {processor.py:186} INFO - Started process (PID=2671) to work on /opt/airflow/dags/dag_1.py
[2026-04-15T18:56:45.453+0000] {processor.py:914} INFO - Processing file /opt/airflow/dags/dag_1.py for tasks to queue
[2026-04-15T18:56:45.459+0000] {logging_mixin.py:190} INFO - [2026-04-15T18:56:45.458+0000] {dagbag.py:588} INFO - Filling up the DagBag from /opt/airflow/dags/dag_1.py
[2026-04-15T18:56:45.487+0000] {processor.py:925} INFO - DAG(s) 'hello_world_dag' retrieved from /opt/airflow/dags/dag_1.py
[2026-04-15T18:56:45.561+0000] {logging_mixin.py:190} INFO - [2026-04-15T18:56:45.560+0000] {dag.py:3239} INFO - Sync 1 DAGs
[2026-04-15T18:56:45.610+0000] {logging_mixin.py:190} INFO - [2026-04-15T18:56:45.609+0000] {dag.py:4180} INFO - Setting next_dagrun for hello_world_dag to None, run_after=None
[2026-04-15T18:56:45.675+0000] {processor.py:208} INFO - Processing /opt/airflow/dags/dag_1.py took 0.248 seconds
[2026-04-15T18:57:15.825+0000] {processor.py:186} INFO - Started process (PID=2682) to work on /opt/airflow/dags/dag_1.py
[2026-04-15T18:57:15.828+0000] {processor.py:914} INFO - Processing file /opt/airflow/dags/dag_1.py for tasks to queue
[2026-04-15T18:57:15.833+0000] {logging_mixin.py:190} INFO - [2026-04-15T18:57:15.832+0000] {dagbag.py:588} INFO - Filling up the DagBag from /opt/airflow/dags/dag_1.py
[2026-04-15T18:57:15.859+0000] {processor.py:925} INFO - DAG(s) 'hello_world_dag' retrieved from /opt/airflow/dags/dag_1.py
[2026-04-15T18:57:15.931+0000] {logging_mixin.py:190} INFO - [2026-04-15T18:57:15.931+0000] {dag.py:3239} INFO - Sync 1 DAGs
[2026-04-15T18:57:15.985+0000] {logging_mixin.py:190} INFO - [2026-04-15T18:57:15.984+0000] {dag.py:4180} INFO - Setting next_dagrun for hello_world_dag to None, run_after=None
[2026-04-15T18:57:16.161+0000] {processor.py:208} INFO - Processing /opt/airflow/dags/dag_1.py took 0.354 seconds
[2026-04-15T18:57:46.326+0000] {processor.py:186} INFO - Started process (PID=2693) to work on /opt/airflow/dags/dag_1.py
[2026-04-15T18:57:46.328+0000] {processor.py:914} INFO - Processing file /opt/airflow/dags/dag_1.py for tasks to queue
[2026-04-15T18:57:46.335+0000] {logging_mixin.py:190} INFO - [2026-04-15T18:57:46.334+0000] {dagbag.py:588} INFO - Filling up the DagBag from /opt/airflow/dags/dag_1.py
[2026-04-15T18:57:46.364+0000] {processor.py:925} INFO - DAG(s) 'hello_world_dag' retrieved from /opt/airflow/dags/dag_1.py
[2026-04-15T18:57:46.446+0000] {logging_mixin.py:190} INFO - [2026-04-15T18:57:46.446+0000] {dag.py:3239} INFO - Sync 1 DAGs
[2026-04-15T18:57:46.488+0000] {logging_mixin.py:190} INFO - [2026-04-15T18:57:46.488+0000] {dag.py:4180} INFO - Setting next_dagrun for hello_world_dag to None, run_after=None
[2026-04-15T18:57:46.518+0000] {processor.py:208} INFO - Processing /opt/airflow/dags/dag_1.py took 0.211 seconds
[2026-04-15T18:58:16.788+0000] {processor.py:186} INFO - Started process (PID=2704) to work on /opt/airflow/dags/dag_1.py
[2026-04-15T18:58:16.790+0000] {processor.py:914} INFO - Processing file /opt/airflow/dags/dag_1.py for tasks to queue
[2026-04-15T18:58:16.795+0000] {logging_mixin.py:190} INFO - [2026-04-15T18:58:16.794+0000] {dagbag.py:588} INFO - Filling up the DagBag from /opt/airflow/dags/dag_1.py
[2026-04-15T18:58:16.822+0000] {processor.py:925} INFO - DAG(s) 'hello_world_dag' retrieved from /opt/airflow/dags/dag_1.py
[2026-04-15T18:58:16.892+0000] {logging_mixin.py:190} INFO - [2026-04-15T18:58:16.892+0000] {dag.py:3239} INFO - Sync 1 DAGs
[2026-04-15T18:58:16.933+0000] {logging_mixin.py:190} INFO - [2026-04-15T18:58:16.932+0000] {dag.py:4180} INFO - Setting next_dagrun for hello_world_dag to None, run_after=None
[2026-04-15T18:58:16.976+0000] {processor.py:208} INFO - Processing /opt/airflow/dags/dag_1.py took 0.206 seconds
[2026-04-15T18:58:47.146+0000] {processor.py:186} INFO - Started process (PID=2715) to work on /opt/airflow/dags/dag_1.py
[2026-04-15T18:58:47.153+0000] {processor.py:914} INFO - Processing file /opt/airflow/dags/dag_1.py for tasks to queue
[2026-04-15T18:58:47.156+0000] {logging_mixin.py:190} INFO - [2026-04-15T18:58:47.156+0000] {dagbag.py:588} INFO - Filling up the DagBag from /opt/airflow/dags/dag_1.py
[2026-04-15T18:58:47.168+0000] {processor.py:925} INFO - DAG(s) 'hello_world_dag' retrieved from /opt/airflow/dags/dag_1.py
[2026-04-15T18:58:47.190+0000] {logging_mixin.py:190} INFO - [2026-04-15T18:58:47.190+0000] {dag.py:3239} INFO - Sync 1 DAGs
[2026-04-15T18:58:47.203+0000] {logging_mixin.py:190} INFO - [2026-04-15T18:58:47.203+0000] {dag.py:4180} INFO - Setting next_dagrun for hello_world_dag to None, run_after=None
[2026-04-15T18:58:47.219+0000] {processor.py:208} INFO - Processing /opt/airflow/dags/dag_1.py took 0.090 seconds
[2026-04-15T18:59:17.438+0000] {processor.py:186} INFO - Started process (PID=2726) to work on /opt/airflow/dags/dag_1.py
[2026-04-15T18:59:17.439+0000] {processor.py:914} INFO - Processing file /opt/airflow/dags/dag_1.py for tasks to queue
[2026-04-15T18:59:17.443+0000] {logging_mixin.py:190} INFO - [2026-04-15T18:59:17.442+0000] {dagbag.py:588} INFO - Filling up the DagBag from /opt/airflow/dags/dag_1.py
[2026-04-15T18:59:17.454+0000] {processor.py:925} INFO - DAG(s) 'hello_world_dag' retrieved from /opt/airflow/dags/dag_1.py
[2026-04-15T18:59:17.475+0000] {logging_mixin.py:190} INFO - [2026-04-15T18:59:17.475+0000] {dag.py:3239} INFO - Sync 1 DAGs
[2026-04-15T18:59:17.489+0000] {logging_mixin.py:190} INFO - [2026-04-15T18:59:17.489+0000] {dag.py:4180} INFO - Setting next_dagrun for hello_world_dag to None, run_after=None
[2026-04-15T18:59:17.505+0000] {processor.py:208} INFO - Processing /opt/airflow/dags/dag_1.py took 0.085 seconds
[2026-04-15T18:59:47.821+0000] {processor.py:186} INFO - Started process (PID=2737) to work on /opt/airflow/dags/dag_1.py
[2026-04-15T18:59:47.828+0000] {processor.py:914} INFO - Processing file /opt/airflow/dags/dag_1.py for tasks to queue
[2026-04-15T18:59:47.832+0000] {logging_mixin.py:190} INFO - [2026-04-15T18:59:47.832+0000] {dagbag.py:588} INFO - Filling up the DagBag from /opt/airflow/dags/dag_1.py
[2026-04-15T18:59:47.843+0000] {processor.py:925} INFO - DAG(s) 'hello_world_dag' retrieved from /opt/airflow/dags/dag_1.py
[2026-04-15T18:59:47.865+0000] {logging_mixin.py:190} INFO - [2026-04-15T18:59:47.865+0000] {dag.py:3239} INFO - Sync 1 DAGs
[2026-04-15T18:59:47.878+0000] {logging_mixin.py:190} INFO - [2026-04-15T18:59:47.878+0000] {dag.py:4180} INFO - Setting next_dagrun for hello_world_dag to None, run_after=None
[2026-04-15T18:59:47.895+0000] {processor.py:208} INFO - Processing /opt/airflow/dags/dag_1.py took 0.086 seconds
[2026-04-15T19:00:18.144+0000] {processor.py:186} INFO - Started process (PID=2748) to work on /opt/airflow/dags/dag_1.py
[2026-04-15T19:00:18.145+0000] {processor.py:914} INFO - Processing file /opt/airflow/dags/dag_1.py for tasks to queue
[2026-04-15T19:00:18.148+0000] {logging_mixin.py:190} INFO - [2026-04-15T19:00:18.147+0000] {dagbag.py:588} INFO - Filling up the DagBag from /opt/airflow/dags/dag_1.py
[2026-04-15T19:00:18.157+0000] {processor.py:925} INFO - DAG(s) 'hello_world_dag' retrieved from /opt/airflow/dags/dag_1.py
[2026-04-15T19:00:18.179+0000] {logging_mixin.py:190} INFO - [2026-04-15T19:00:18.179+0000] {dag.py:3239} INFO - Sync 1 DAGs
[2026-04-15T19:00:18.304+0000] {logging_mixin.py:190} INFO - [2026-04-15T19:00:18.303+0000] {dag.py:4180} INFO - Setting next_dagrun for hello_world_dag to None, run_after=None
[2026-04-15T19:00:18.319+0000] {processor.py:208} INFO - Processing /opt/airflow/dags/dag_1.py took 0.188 seconds
[2026-04-15T19:00:48.461+0000] {processor.py:186} INFO - Started process (PID=2759) to work on /opt/airflow/dags/dag_1.py
[2026-04-15T19:00:48.462+0000] {processor.py:914} INFO - Processing file /opt/airflow/dags/dag_1.py for tasks to queue
[2026-04-15T19:00:48.464+0000] {logging_mixin.py:190} INFO - [2026-04-15T19:00:48.464+0000] {dagbag.py:588} INFO - Filling up the DagBag from /opt/airflow/dags/dag_1.py
[2026-04-15T19:00:48.472+0000] {processor.py:925} INFO - DAG(s) 'hello_world_dag' retrieved from /opt/airflow/dags/dag_1.py
[2026-04-15T19:00:48.491+0000] {logging_mixin.py:190} INFO - [2026-04-15T19:00:48.491+0000] {dag.py:3239} INFO - Sync 1 DAGs
[2026-04-15T19:00:48.502+0000] {logging_mixin.py:190} INFO - [2026-04-15T19:00:48.502+0000] {dag.py:4180} INFO - Setting next_dagrun for hello_world_dag to None, run_after=None
[2026-04-15T19:00:48.516+0000] {processor.py:208} INFO - Processing /opt/airflow/dags/dag_1.py took 0.060 seconds
[2026-04-15T19:01:18.792+0000] {processor.py:186} INFO - Started process (PID=2770) to work on /opt/airflow/dags/dag_1.py
[2026-04-15T19:01:18.798+0000] {processor.py:914} INFO - Processing file /opt/airflow/dags/dag_1.py for tasks to queue
[2026-04-15T19:01:18.801+0000] {logging_mixin.py:190} INFO - [2026-04-15T19:01:18.800+0000] {dagbag.py:588} INFO - Filling up the DagBag from /opt/airflow/dags/dag_1.py
[2026-04-15T19:01:18.809+0000] {processor.py:925} INFO - DAG(s) 'hello_world_dag' retrieved from /opt/airflow/dags/dag_1.py
[2026-04-15T19:01:18.833+0000] {logging_mixin.py:190} INFO - [2026-04-15T19:01:18.832+0000] {dag.py:3239} INFO - Sync 1 DAGs
[2026-04-15T19:01:18.846+0000] {logging_mixin.py:190} INFO - [2026-04-15T19:01:18.846+0000] {dag.py:4180} INFO - Setting next_dagrun for hello_world_dag to None, run_after=None
[2026-04-15T19:01:18.863+0000] {processor.py:208} INFO - Processing /opt/airflow/dags/dag_1.py took 0.086 seconds
[2026-04-15T19:01:49.090+0000] {processor.py:186} INFO - Started process (PID=2781) to work on /opt/airflow/dags/dag_1.py
[2026-04-15T19:01:49.090+0000] {processor.py:914} INFO - Processing file /opt/airflow/dags/dag_1.py for tasks to queue
[2026-04-15T19:01:49.092+0000] {logging_mixin.py:190} INFO - [2026-04-15T19:01:49.091+0000] {dagbag.py:588} INFO - Filling up the DagBag from /opt/airflow/dags/dag_1.py
[2026-04-15T19:01:49.099+0000] {processor.py:925} INFO - DAG(s) 'hello_world_dag' retrieved from /opt/airflow/dags/dag_1.py
[2026-04-15T19:01:49.119+0000] {logging_mixin.py:190} INFO - [2026-04-15T19:01:49.119+0000] {dag.py:3239} INFO - Sync 1 DAGs
[2026-04-15T19:01:49.131+0000] {logging_mixin.py:190} INFO - [2026-04-15T19:01:49.130+0000] {dag.py:4180} INFO - Setting next_dagrun for hello_world_dag to None, run_after=None
[2026-04-15T19:01:49.145+0000] {processor.py:208} INFO - Processing /opt/airflow/dags/dag_1.py took 0.060 seconds
[2026-04-15T19:02:19.409+0000] {processor.py:186} INFO - Started process (PID=2792) to work on /opt/airflow/dags/dag_1.py
[2026-04-15T19:02:19.416+0000] {processor.py:914} INFO - Processing file /opt/airflow/dags/dag_1.py for tasks to queue
[2026-04-15T19:02:19.422+0000] {logging_mixin.py:190} INFO - [2026-04-15T19:02:19.421+0000] {dagbag.py:588} INFO - Filling up the DagBag from /opt/airflow/dags/dag_1.py
[2026-04-15T19:02:19.447+0000] {processor.py:925} INFO - DAG(s) 'hello_world_dag' retrieved from /opt/airflow/dags/dag_1.py
[2026-04-15T19:02:19.472+0000] {logging_mixin.py:190} INFO - [2026-04-15T19:02:19.472+0000] {dag.py:3239} INFO - Sync 1 DAGs
[2026-04-15T19:02:19.484+0000] {logging_mixin.py:190} INFO - [2026-04-15T19:02:19.483+0000] {dag.py:4180} INFO - Setting next_dagrun for hello_world_dag to None, run_after=None
[2026-04-15T19:02:19.498+0000] {processor.py:208} INFO - Processing /opt/airflow/dags/dag_1.py took 0.093 seconds
[2026-04-15T19:02:49.701+0000] {processor.py:186} INFO - Started process (PID=2803) to work on /opt/airflow/dags/dag_1.py
[2026-04-15T19:02:49.702+0000] {processor.py:914} INFO - Processing file /opt/airflow/dags/dag_1.py for tasks to queue
[2026-04-15T19:02:49.703+0000] {logging_mixin.py:190} INFO - [2026-04-15T19:02:49.703+0000] {dagbag.py:588} INFO - Filling up the DagBag from /opt/airflow/dags/dag_1.py
[2026-04-15T19:02:49.710+0000] {processor.py:925} INFO - DAG(s) 'hello_world_dag' retrieved from /opt/airflow/dags/dag_1.py
[2026-04-15T19:02:49.730+0000] {logging_mixin.py:190} INFO - [2026-04-15T19:02:49.730+0000] {dag.py:3239} INFO - Sync 1 DAGs
[2026-04-15T19:02:49.742+0000] {logging_mixin.py:190} INFO - [2026-04-15T19:02:49.742+0000] {dag.py:4180} INFO - Setting next_dagrun for hello_world_dag to None, run_after=None
[2026-04-15T19:02:49.863+0000] {processor.py:208} INFO - Processing /opt/airflow/dags/dag_1.py took 0.166 seconds
[2026-04-15T19:03:20.064+0000] {processor.py:186} INFO - Started process (PID=2814) to work on /opt/airflow/dags/dag_1.py
[2026-04-15T19:03:20.065+0000] {processor.py:914} INFO - Processing file /opt/airflow/dags/dag_1.py for tasks to queue
[2026-04-15T19:03:20.067+0000] {logging_mixin.py:190} INFO - [2026-04-15T19:03:20.066+0000] {dagbag.py:588} INFO - Filling up the DagBag from /opt/airflow/dags/dag_1.py
[2026-04-15T19:03:20.074+0000] {processor.py:925} INFO - DAG(s) 'hello_world_dag' retrieved from /opt/airflow/dags/dag_1.py
[2026-04-15T19:03:20.093+0000] {logging_mixin.py:190} INFO - [2026-04-15T19:03:20.093+0000] {dag.py:3239} INFO - Sync 1 DAGs
[2026-04-15T19:03:20.207+0000] {logging_mixin.py:190} INFO - [2026-04-15T19:03:20.206+0000] {dag.py:4180} INFO - Setting next_dagrun for hello_world_dag to None, run_after=None
[2026-04-15T19:03:20.227+0000] {processor.py:208} INFO - Processing /opt/airflow/dags/dag_1.py took 0.168 seconds
[2026-04-15T19:03:50.461+0000] {processor.py:186} INFO - Started process (PID=2825) to work on /opt/airflow/dags/dag_1.py
[2026-04-15T19:03:50.463+0000] {processor.py:914} INFO - Processing file /opt/airflow/dags/dag_1.py for tasks to queue
[2026-04-15T19:03:50.466+0000] {logging_mixin.py:190} INFO - [2026-04-15T19:03:50.466+0000] {dagbag.py:588} INFO - Filling up the DagBag from /opt/airflow/dags/dag_1.py
[2026-04-15T19:03:50.476+0000] {processor.py:925} INFO - DAG(s) 'hello_world_dag' retrieved from /opt/airflow/dags/dag_1.py
[2026-04-15T19:03:50.497+0000] {logging_mixin.py:190} INFO - [2026-04-15T19:03:50.496+0000] {dag.py:3239} INFO - Sync 1 DAGs
[2026-04-15T19:03:50.509+0000] {logging_mixin.py:190} INFO - [2026-04-15T19:03:50.509+0000] {dag.py:4180} INFO - Setting next_dagrun for hello_world_dag to None, run_after=None
[2026-04-15T19:03:50.524+0000] {processor.py:208} INFO - Processing /opt/airflow/dags/dag_1.py took 0.077 seconds
[2026-04-15T19:04:20.796+0000] {processor.py:186} INFO - Started process (PID=2836) to work on /opt/airflow/dags/dag_1.py
[2026-04-15T19:04:20.803+0000] {processor.py:914} INFO - Processing file /opt/airflow/dags/dag_1.py for tasks to queue
[2026-04-15T19:04:20.810+0000] {logging_mixin.py:190} INFO - [2026-04-15T19:04:20.808+0000] {dagbag.py:588} INFO - Filling up the DagBag from /opt/airflow/dags/dag_1.py
[2026-04-15T19:04:20.834+0000] {processor.py:925} INFO - DAG(s) 'hello_world_dag' retrieved from /opt/airflow/dags/dag_1.py
[2026-04-15T19:04:20.859+0000] {logging_mixin.py:190} INFO - [2026-04-15T19:04:20.858+0000] {dag.py:3239} INFO - Sync 1 DAGs
[2026-04-15T19:04:20.870+0000] {logging_mixin.py:190} INFO - [2026-04-15T19:04:20.870+0000] {dag.py:4180} INFO - Setting next_dagrun for hello_world_dag to None, run_after=None
[2026-04-15T19:04:20.884+0000] {processor.py:208} INFO - Processing /opt/airflow/dags/dag_1.py took 0.093 seconds
[2026-04-15T19:04:51.169+0000] {processor.py:186} INFO - Started process (PID=2847) to work on /opt/airflow/dags/dag_1.py
[2026-04-15T19:04:51.170+0000] {processor.py:914} INFO - Processing file /opt/airflow/dags/dag_1.py for tasks to queue
[2026-04-15T19:04:51.171+0000] {logging_mixin.py:190} INFO - [2026-04-15T19:04:51.171+0000] {dagbag.py:588} INFO - Filling up the DagBag from /opt/airflow/dags/dag_1.py
[2026-04-15T19:04:51.178+0000] {processor.py:925} INFO - DAG(s) 'hello_world_dag' retrieved from /opt/airflow/dags/dag_1.py
[2026-04-15T19:04:51.196+0000] {logging_mixin.py:190} INFO - [2026-04-15T19:04:51.196+0000] {dag.py:3239} INFO - Sync 1 DAGs
[2026-04-15T19:04:51.208+0000] {logging_mixin.py:190} INFO - [2026-04-15T19:04:51.207+0000] {dag.py:4180} INFO - Setting next_dagrun for hello_world_dag to None, run_after=None
[2026-04-15T19:04:51.223+0000] {processor.py:208} INFO - Processing /opt/airflow/dags/dag_1.py took 0.071 seconds
[2026-04-15T19:05:21.456+0000] {processor.py:186} INFO - Started process (PID=2858) to work on /opt/airflow/dags/dag_1.py
[2026-04-15T19:05:21.463+0000] {processor.py:914} INFO - Processing file /opt/airflow/dags/dag_1.py for tasks to queue
[2026-04-15T19:05:21.464+0000] {logging_mixin.py:190} INFO - [2026-04-15T19:05:21.464+0000] {dagbag.py:588} INFO - Filling up the DagBag from /opt/airflow/dags/dag_1.py
[2026-04-15T19:05:21.471+0000] {processor.py:925} INFO - DAG(s) 'hello_world_dag' retrieved from /opt/airflow/dags/dag_1.py
[2026-04-15T19:05:21.492+0000] {logging_mixin.py:190} INFO - [2026-04-15T19:05:21.491+0000] {dag.py:3239} INFO - Sync 1 DAGs
[2026-04-15T19:05:21.503+0000] {logging_mixin.py:190} INFO - [2026-04-15T19:05:21.503+0000] {dag.py:4180} INFO - Setting next_dagrun for hello_world_dag to None, run_after=None
[2026-04-15T19:05:21.518+0000] {processor.py:208} INFO - Processing /opt/airflow/dags/dag_1.py took 0.067 seconds
[2026-04-15T19:05:51.768+0000] {processor.py:186} INFO - Started process (PID=2869) to work on /opt/airflow/dags/dag_1.py
[2026-04-15T19:05:51.769+0000] {processor.py:914} INFO - Processing file /opt/airflow/dags/dag_1.py for tasks to queue
[2026-04-15T19:05:51.771+0000] {logging_mixin.py:190} INFO - [2026-04-15T19:05:51.770+0000] {dagbag.py:588} INFO - Filling up the DagBag from /opt/airflow/dags/dag_1.py
[2026-04-15T19:05:51.781+0000] {processor.py:925} INFO - DAG(s) 'hello_world_dag' retrieved from /opt/airflow/dags/dag_1.py
[2026-04-15T19:05:51.800+0000] {logging_mixin.py:190} INFO - [2026-04-15T19:05:51.799+0000] {dag.py:3239} INFO - Sync 1 DAGs
[2026-04-15T19:05:51.914+0000] {logging_mixin.py:190} INFO - [2026-04-15T19:05:51.914+0000] {dag.py:4180} INFO - Setting next_dagrun for hello_world_dag to None, run_after=None
[2026-04-15T19:05:51.934+0000] {processor.py:208} INFO - Processing /opt/airflow/dags/dag_1.py took 0.173 seconds
[2026-04-15T19:06:22.124+0000] {processor.py:186} INFO - Started process (PID=2880) to work on /opt/airflow/dags/dag_1.py
[2026-04-15T19:06:22.132+0000] {processor.py:914} INFO - Processing file /opt/airflow/dags/dag_1.py for tasks to queue
[2026-04-15T19:06:22.138+0000] {logging_mixin.py:190} INFO - [2026-04-15T19:06:22.137+0000] {dagbag.py:588} INFO - Filling up the DagBag from /opt/airflow/dags/dag_1.py
[2026-04-15T19:06:22.156+0000] {processor.py:925} INFO - DAG(s) 'hello_world_dag' retrieved from /opt/airflow/dags/dag_1.py
[2026-04-15T19:06:22.178+0000] {logging_mixin.py:190} INFO - [2026-04-15T19:06:22.178+0000] {dag.py:3239} INFO - Sync 1 DAGs
[2026-04-15T19:06:22.290+0000] {logging_mixin.py:190} INFO - [2026-04-15T19:06:22.289+0000] {dag.py:4180} INFO - Setting next_dagrun for hello_world_dag to None, run_after=None
[2026-04-15T19:06:22.309+0000] {processor.py:208} INFO - Processing /opt/airflow/dags/dag_1.py took 0.203 seconds
[2026-04-15T19:06:52.543+0000] {processor.py:186} INFO - Started process (PID=2891) to work on /opt/airflow/dags/dag_1.py
[2026-04-15T19:06:52.551+0000] {processor.py:914} INFO - Processing file /opt/airflow/dags/dag_1.py for tasks to queue
[2026-04-15T19:06:52.557+0000] {logging_mixin.py:190} INFO - [2026-04-15T19:06:52.556+0000] {dagbag.py:588} INFO - Filling up the DagBag from /opt/airflow/dags/dag_1.py
[2026-04-15T19:06:52.573+0000] {processor.py:925} INFO - DAG(s) 'hello_world_dag' retrieved from /opt/airflow/dags/dag_1.py
[2026-04-15T19:06:52.594+0000] {logging_mixin.py:190} INFO - [2026-04-15T19:06:52.594+0000] {dag.py:3239} INFO - Sync 1 DAGs
[2026-04-15T19:06:52.606+0000] {logging_mixin.py:190} INFO - [2026-04-15T19:06:52.606+0000] {dag.py:4180} INFO - Setting next_dagrun for hello_world_dag to None, run_after=None
[2026-04-15T19:06:52.621+0000] {processor.py:208} INFO - Processing /opt/airflow/dags/dag_1.py took 0.095 seconds
[2026-04-15T19:07:22.899+0000] {processor.py:186} INFO - Started process (PID=2902) to work on /opt/airflow/dags/dag_1.py
[2026-04-15T19:07:22.899+0000] {processor.py:914} INFO - Processing file /opt/airflow/dags/dag_1.py for tasks to queue
[2026-04-15T19:07:22.901+0000] {logging_mixin.py:190} INFO - [2026-04-15T19:07:22.900+0000] {dagbag.py:588} INFO - Filling up the DagBag from /opt/airflow/dags/dag_1.py
[2026-04-15T19:07:22.908+0000] {processor.py:925} INFO - DAG(s) 'hello_world_dag' retrieved from /opt/airflow/dags/dag_1.py
[2026-04-15T19:07:22.927+0000] {logging_mixin.py:190} INFO - [2026-04-15T19:07:22.926+0000] {dag.py:3239} INFO - Sync 1 DAGs
[2026-04-15T19:07:22.938+0000] {logging_mixin.py:190} INFO - [2026-04-15T19:07:22.938+0000] {dag.py:4180} INFO - Setting next_dagrun for hello_world_dag to None, run_after=None
[2026-04-15T19:07:22.952+0000] {processor.py:208} INFO - Processing /opt/airflow/dags/dag_1.py took 0.059 seconds
[2026-04-15T19:07:53.205+0000] {processor.py:186} INFO - Started process (PID=2913) to work on /opt/airflow/dags/dag_1.py
[2026-04-15T19:07:53.207+0000] {processor.py:914} INFO - Processing file /opt/airflow/dags/dag_1.py for tasks to queue
[2026-04-15T19:07:53.210+0000] {logging_mixin.py:190} INFO - [2026-04-15T19:07:53.210+0000] {dagbag.py:588} INFO - Filling up the DagBag from /opt/airflow/dags/dag_1.py
[2026-04-15T19:07:53.222+0000] {processor.py:925} INFO - DAG(s) 'hello_world_dag' retrieved from /opt/airflow/dags/dag_1.py
[2026-04-15T19:07:53.245+0000] {logging_mixin.py:190} INFO - [2026-04-15T19:07:53.245+0000] {dag.py:3239} INFO - Sync 1 DAGs
[2026-04-15T19:07:53.260+0000] {logging_mixin.py:190} INFO - [2026-04-15T19:07:53.259+0000] {dag.py:4180} INFO - Setting next_dagrun for hello_world_dag to None, run_after=None
[2026-04-15T19:07:53.275+0000] {processor.py:208} INFO - Processing /opt/airflow/dags/dag_1.py took 0.080 seconds
[2026-04-15T19:08:23.499+0000] {processor.py:186} INFO - Started process (PID=2924) to work on /opt/airflow/dags/dag_1.py
[2026-04-15T19:08:23.505+0000] {processor.py:914} INFO - Processing file /opt/airflow/dags/dag_1.py for tasks to queue
[2026-04-15T19:08:23.507+0000] {logging_mixin.py:190} INFO - [2026-04-15T19:08:23.507+0000] {dagbag.py:588} INFO - Filling up the DagBag from /opt/airflow/dags/dag_1.py
[2026-04-15T19:08:23.517+0000] {processor.py:925} INFO - DAG(s) 'hello_world_dag' retrieved from /opt/airflow/dags/dag_1.py
[2026-04-15T19:08:23.539+0000] {logging_mixin.py:190} INFO - [2026-04-15T19:08:23.539+0000] {dag.py:3239} INFO - Sync 1 DAGs
[2026-04-15T19:08:23.552+0000] {logging_mixin.py:190} INFO - [2026-04-15T19:08:23.552+0000] {dag.py:4180} INFO - Setting next_dagrun for hello_world_dag to None, run_after=None
[2026-04-15T19:08:23.569+0000] {processor.py:208} INFO - Processing /opt/airflow/dags/dag_1.py took 0.075 seconds
[2026-04-15T19:08:53.853+0000] {processor.py:186} INFO - Started process (PID=2935) to work on /opt/airflow/dags/dag_1.py
[2026-04-15T19:08:53.854+0000] {processor.py:914} INFO - Processing file /opt/airflow/dags/dag_1.py for tasks to queue
[2026-04-15T19:08:53.857+0000] {logging_mixin.py:190} INFO - [2026-04-15T19:08:53.856+0000] {dagbag.py:588} INFO - Filling up the DagBag from /opt/airflow/dags/dag_1.py
[2026-04-15T19:08:53.869+0000] {processor.py:925} INFO - DAG(s) 'hello_world_dag' retrieved from /opt/airflow/dags/dag_1.py
[2026-04-15T19:08:53.888+0000] {logging_mixin.py:190} INFO - [2026-04-15T19:08:53.888+0000] {dag.py:3239} INFO - Sync 1 DAGs
[2026-04-15T19:08:54.002+0000] {logging_mixin.py:190} INFO - [2026-04-15T19:08:54.002+0000] {dag.py:4180} INFO - Setting next_dagrun for hello_world_dag to None, run_after=None
[2026-04-15T19:08:54.022+0000] {processor.py:208} INFO - Processing /opt/airflow/dags/dag_1.py took 0.175 seconds
[2026-04-15T19:09:24.162+0000] {processor.py:186} INFO - Started process (PID=2946) to work on /opt/airflow/dags/dag_1.py
[2026-04-15T19:09:24.169+0000] {processor.py:914} INFO - Processing file /opt/airflow/dags/dag_1.py for tasks to queue
[2026-04-15T19:09:24.170+0000] {logging_mixin.py:190} INFO - [2026-04-15T19:09:24.170+0000] {dagbag.py:588} INFO - Filling up the DagBag from /opt/airflow/dags/dag_1.py
[2026-04-15T19:09:24.178+0000] {processor.py:925} INFO - DAG(s) 'hello_world_dag' retrieved from /opt/airflow/dags/dag_1.py
[2026-04-15T19:09:24.199+0000] {logging_mixin.py:190} INFO - [2026-04-15T19:09:24.199+0000] {dag.py:3239} INFO - Sync 1 DAGs
[2026-04-15T19:09:24.213+0000] {logging_mixin.py:190} INFO - [2026-04-15T19:09:24.212+0000] {dag.py:4180} INFO - Setting next_dagrun for hello_world_dag to None, run_after=None
[2026-04-15T19:09:24.228+0000] {processor.py:208} INFO - Processing /opt/airflow/dags/dag_1.py took 0.071 seconds
[2026-04-15T19:09:54.503+0000] {processor.py:186} INFO - Started process (PID=2957) to work on /opt/airflow/dags/dag_1.py
[2026-04-15T19:09:54.505+0000] {processor.py:914} INFO - Processing file /opt/airflow/dags/dag_1.py for tasks to queue
[2026-04-15T19:09:54.509+0000] {logging_mixin.py:190} INFO - [2026-04-15T19:09:54.508+0000] {dagbag.py:588} INFO - Filling up the DagBag from /opt/airflow/dags/dag_1.py
[2026-04-15T19:09:54.521+0000] {processor.py:925} INFO - DAG(s) 'hello_world_dag' retrieved from /opt/airflow/dags/dag_1.py
[2026-04-15T19:09:54.543+0000] {logging_mixin.py:190} INFO - [2026-04-15T19:09:54.543+0000] {dag.py:3239} INFO - Sync 1 DAGs
[2026-04-15T19:09:54.556+0000] {logging_mixin.py:190} INFO - [2026-04-15T19:09:54.555+0000] {dag.py:4180} INFO - Setting next_dagrun for hello_world_dag to None, run_after=None
[2026-04-15T19:09:54.570+0000] {processor.py:208} INFO - Processing /opt/airflow/dags/dag_1.py took 0.085 seconds
[2026-04-15T19:10:24.836+0000] {processor.py:186} INFO - Started process (PID=2968) to work on /opt/airflow/dags/dag_1.py
[2026-04-15T19:10:24.844+0000] {processor.py:914} INFO - Processing file /opt/airflow/dags/dag_1.py for tasks to queue
[2026-04-15T19:10:24.850+0000] {logging_mixin.py:190} INFO - [2026-04-15T19:10:24.849+0000] {dagbag.py:588} INFO - Filling up the DagBag from /opt/airflow/dags/dag_1.py
[2026-04-15T19:10:24.867+0000] {processor.py:925} INFO - DAG(s) 'hello_world_dag' retrieved from /opt/airflow/dags/dag_1.py
[2026-04-15T19:10:24.890+0000] {logging_mixin.py:190} INFO - [2026-04-15T19:10:24.890+0000] {dag.py:3239} INFO - Sync 1 DAGs
[2026-04-15T19:10:24.901+0000] {logging_mixin.py:190} INFO - [2026-04-15T19:10:24.901+0000] {dag.py:4180} INFO - Setting next_dagrun for hello_world_dag to None, run_after=None
[2026-04-15T19:10:24.915+0000] {processor.py:208} INFO - Processing /opt/airflow/dags/dag_1.py took 0.096 seconds
[2026-04-15T19:10:55.169+0000] {processor.py:186} INFO - Started process (PID=2979) to work on /opt/airflow/dags/dag_1.py
[2026-04-15T19:10:55.171+0000] {processor.py:914} INFO - Processing file /opt/airflow/dags/dag_1.py for tasks to queue
[2026-04-15T19:10:55.174+0000] {logging_mixin.py:190} INFO - [2026-04-15T19:10:55.174+0000] {dagbag.py:588} INFO - Filling up the DagBag from /opt/airflow/dags/dag_1.py
[2026-04-15T19:10:55.187+0000] {processor.py:925} INFO - DAG(s) 'hello_world_dag' retrieved from /opt/airflow/dags/dag_1.py
[2026-04-15T19:10:55.207+0000] {logging_mixin.py:190} INFO - [2026-04-15T19:10:55.207+0000] {dag.py:3239} INFO - Sync 1 DAGs
[2026-04-15T19:10:55.219+0000] {logging_mixin.py:190} INFO - [2026-04-15T19:10:55.219+0000] {dag.py:4180} INFO - Setting next_dagrun for hello_world_dag to None, run_after=None
[2026-04-15T19:10:55.233+0000] {processor.py:208} INFO - Processing /opt/airflow/dags/dag_1.py took 0.081 seconds
[2026-04-15T19:11:25.507+0000] {processor.py:186} INFO - Started process (PID=2990) to work on /opt/airflow/dags/dag_1.py
[2026-04-15T19:11:25.513+0000] {processor.py:914} INFO - Processing file /opt/airflow/dags/dag_1.py for tasks to queue
[2026-04-15T19:11:25.515+0000] {logging_mixin.py:190} INFO - [2026-04-15T19:11:25.515+0000] {dagbag.py:588} INFO - Filling up the DagBag from /opt/airflow/dags/dag_1.py
[2026-04-15T19:11:25.522+0000] {processor.py:925} INFO - DAG(s) 'hello_world_dag' retrieved from /opt/airflow/dags/dag_1.py
[2026-04-15T19:11:25.541+0000] {logging_mixin.py:190} INFO - [2026-04-15T19:11:25.541+0000] {dag.py:3239} INFO - Sync 1 DAGs
[2026-04-15T19:11:25.554+0000] {logging_mixin.py:190} INFO - [2026-04-15T19:11:25.554+0000] {dag.py:4180} INFO - Setting next_dagrun for hello_world_dag to None, run_after=None
[2026-04-15T19:11:25.677+0000] {processor.py:208} INFO - Processing /opt/airflow/dags/dag_1.py took 0.175 seconds
[2026-04-15T19:11:55.794+0000] {processor.py:186} INFO - Started process (PID=3001) to work on /opt/airflow/dags/dag_1.py
[2026-04-15T19:11:55.795+0000] {processor.py:914} INFO - Processing file /opt/airflow/dags/dag_1.py for tasks to queue
[2026-04-15T19:11:55.797+0000] {logging_mixin.py:190} INFO - [2026-04-15T19:11:55.796+0000] {dagbag.py:588} INFO - Filling up the DagBag from /opt/airflow/dags/dag_1.py
[2026-04-15T19:11:55.804+0000] {processor.py:925} INFO - DAG(s) 'hello_world_dag' retrieved from /opt/airflow/dags/dag_1.py
[2026-04-15T19:11:55.824+0000] {logging_mixin.py:190} INFO - [2026-04-15T19:11:55.823+0000] {dag.py:3239} INFO - Sync 1 DAGs
[2026-04-15T19:11:55.936+0000] {logging_mixin.py:190} INFO - [2026-04-15T19:11:55.935+0000] {dag.py:4180} INFO - Setting next_dagrun for hello_world_dag to None, run_after=None
[2026-04-15T19:11:55.955+0000] {processor.py:208} INFO - Processing /opt/airflow/dags/dag_1.py took 0.165 seconds
[2026-04-15T19:12:26.271+0000] {processor.py:186} INFO - Started process (PID=3012) to work on /opt/airflow/dags/dag_1.py
[2026-04-15T19:12:26.278+0000] {processor.py:914} INFO - Processing file /opt/airflow/dags/dag_1.py for tasks to queue
[2026-04-15T19:12:26.281+0000] {logging_mixin.py:190} INFO - [2026-04-15T19:12:26.281+0000] {dagbag.py:588} INFO - Filling up the DagBag from /opt/airflow/dags/dag_1.py
[2026-04-15T19:12:26.292+0000] {processor.py:925} INFO - DAG(s) 'hello_world_dag' retrieved from /opt/airflow/dags/dag_1.py
[2026-04-15T19:12:26.316+0000] {logging_mixin.py:190} INFO - [2026-04-15T19:12:26.316+0000] {dag.py:3239} INFO - Sync 1 DAGs
[2026-04-15T19:12:26.331+0000] {logging_mixin.py:190} INFO - [2026-04-15T19:12:26.331+0000] {dag.py:4180} INFO - Setting next_dagrun for hello_world_dag to None, run_after=None
[2026-04-15T19:12:26.350+0000] {processor.py:208} INFO - Processing /opt/airflow/dags/dag_1.py took 0.090 seconds
[2026-04-15T19:12:56.595+0000] {processor.py:186} INFO - Started process (PID=3023) to work on /opt/airflow/dags/dag_1.py
[2026-04-15T19:12:56.597+0000] {processor.py:914} INFO - Processing file /opt/airflow/dags/dag_1.py for tasks to queue
[2026-04-15T19:12:56.601+0000] {logging_mixin.py:190} INFO - [2026-04-15T19:12:56.601+0000] {dagbag.py:588} INFO - Filling up the DagBag from /opt/airflow/dags/dag_1.py
[2026-04-15T19:12:56.614+0000] {processor.py:925} INFO - DAG(s) 'hello_world_dag' retrieved from /opt/airflow/dags/dag_1.py
[2026-04-15T19:12:56.636+0000] {logging_mixin.py:190} INFO - [2026-04-15T19:12:56.636+0000] {dag.py:3239} INFO - Sync 1 DAGs
[2026-04-15T19:12:56.648+0000] {logging_mixin.py:190} INFO - [2026-04-15T19:12:56.648+0000] {dag.py:4180} INFO - Setting next_dagrun for hello_world_dag to None, run_after=None
[2026-04-15T19:12:56.667+0000] {processor.py:208} INFO - Processing /opt/airflow/dags/dag_1.py took 0.089 seconds
[2026-04-15T19:13:26.895+0000] {processor.py:186} INFO - Started process (PID=3034) to work on /opt/airflow/dags/dag_1.py
[2026-04-15T19:13:26.902+0000] {processor.py:914} INFO - Processing file /opt/airflow/dags/dag_1.py for tasks to queue
[2026-04-15T19:13:26.904+0000] {logging_mixin.py:190} INFO - [2026-04-15T19:13:26.903+0000] {dagbag.py:588} INFO - Filling up the DagBag from /opt/airflow/dags/dag_1.py
[2026-04-15T19:13:26.911+0000] {processor.py:925} INFO - DAG(s) 'hello_world_dag' retrieved from /opt/airflow/dags/dag_1.py
[2026-04-15T19:13:26.931+0000] {logging_mixin.py:190} INFO - [2026-04-15T19:13:26.931+0000] {dag.py:3239} INFO - Sync 1 DAGs
[2026-04-15T19:13:26.943+0000] {logging_mixin.py:190} INFO - [2026-04-15T19:13:26.943+0000] {dag.py:4180} INFO - Setting next_dagrun for hello_world_dag to None, run_after=None
[2026-04-15T19:13:26.960+0000] {processor.py:208} INFO - Processing /opt/airflow/dags/dag_1.py took 0.070 seconds
[2026-04-15T19:13:57.224+0000] {processor.py:186} INFO - Started process (PID=3045) to work on /opt/airflow/dags/dag_1.py
[2026-04-15T19:13:57.225+0000] {processor.py:914} INFO - Processing file /opt/airflow/dags/dag_1.py for tasks to queue
[2026-04-15T19:13:57.226+0000] {logging_mixin.py:190} INFO - [2026-04-15T19:13:57.226+0000] {dagbag.py:588} INFO - Filling up the DagBag from /opt/airflow/dags/dag_1.py
[2026-04-15T19:13:57.233+0000] {processor.py:925} INFO - DAG(s) 'hello_world_dag' retrieved from /opt/airflow/dags/dag_1.py
[2026-04-15T19:13:57.252+0000] {logging_mixin.py:190} INFO - [2026-04-15T19:13:57.252+0000] {dag.py:3239} INFO - Sync 1 DAGs
[2026-04-15T19:13:57.265+0000] {logging_mixin.py:190} INFO - [2026-04-15T19:13:57.264+0000] {dag.py:4180} INFO - Setting next_dagrun for hello_world_dag to None, run_after=None
[2026-04-15T19:13:57.280+0000] {processor.py:208} INFO - Processing /opt/airflow/dags/dag_1.py took 0.062 seconds
[2026-04-15T19:14:27.568+0000] {processor.py:186} INFO - Started process (PID=3056) to work on /opt/airflow/dags/dag_1.py
[2026-04-15T19:14:27.570+0000] {processor.py:914} INFO - Processing file /opt/airflow/dags/dag_1.py for tasks to queue
[2026-04-15T19:14:27.575+0000] {logging_mixin.py:190} INFO - [2026-04-15T19:14:27.574+0000] {dagbag.py:588} INFO - Filling up the DagBag from /opt/airflow/dags/dag_1.py
[2026-04-15T19:14:27.587+0000] {processor.py:925} INFO - DAG(s) 'hello_world_dag' retrieved from /opt/airflow/dags/dag_1.py
[2026-04-15T19:14:27.609+0000] {logging_mixin.py:190} INFO - [2026-04-15T19:14:27.609+0000] {dag.py:3239} INFO - Sync 1 DAGs
[2026-04-15T19:14:27.724+0000] {logging_mixin.py:190} INFO - [2026-04-15T19:14:27.723+0000] {dag.py:4180} INFO - Setting next_dagrun for hello_world_dag to None, run_after=None
[2026-04-15T19:14:27.751+0000] {processor.py:208} INFO - Processing /opt/airflow/dags/dag_1.py took 0.200 seconds
[2026-04-15T19:14:57.851+0000] {processor.py:186} INFO - Started process (PID=3067) to work on /opt/airflow/dags/dag_1.py
[2026-04-15T19:14:57.852+0000] {processor.py:914} INFO - Processing file /opt/airflow/dags/dag_1.py for tasks to queue
[2026-04-15T19:14:57.854+0000] {logging_mixin.py:190} INFO - [2026-04-15T19:14:57.853+0000] {dagbag.py:588} INFO - Filling up the DagBag from /opt/airflow/dags/dag_1.py
[2026-04-15T19:14:57.861+0000] {processor.py:925} INFO - DAG(s) 'hello_world_dag' retrieved from /opt/airflow/dags/dag_1.py
[2026-04-15T19:14:57.882+0000] {logging_mixin.py:190} INFO - [2026-04-15T19:14:57.882+0000] {dag.py:3239} INFO - Sync 1 DAGs
[2026-04-15T19:14:57.991+0000] {logging_mixin.py:190} INFO - [2026-04-15T19:14:57.991+0000] {dag.py:4180} INFO - Setting next_dagrun for hello_world_dag to None, run_after=None
[2026-04-15T19:14:58.013+0000] {processor.py:208} INFO - Processing /opt/airflow/dags/dag_1.py took 0.166 seconds
[2026-04-15T19:15:28.256+0000] {processor.py:186} INFO - Started process (PID=3078) to work on /opt/airflow/dags/dag_1.py
[2026-04-15T19:15:28.257+0000] {processor.py:914} INFO - Processing file /opt/airflow/dags/dag_1.py for tasks to queue
[2026-04-15T19:15:28.258+0000] {logging_mixin.py:190} INFO - [2026-04-15T19:15:28.258+0000] {dagbag.py:588} INFO - Filling up the DagBag from /opt/airflow/dags/dag_1.py
[2026-04-15T19:15:28.265+0000] {processor.py:925} INFO - DAG(s) 'hello_world_dag' retrieved from /opt/airflow/dags/dag_1.py
[2026-04-15T19:15:28.284+0000] {logging_mixin.py:190} INFO - [2026-04-15T19:15:28.284+0000] {dag.py:3239} INFO - Sync 1 DAGs
[2026-04-15T19:15:28.296+0000] {logging_mixin.py:190} INFO - [2026-04-15T19:15:28.296+0000] {dag.py:4180} INFO - Setting next_dagrun for hello_world_dag to None, run_after=None
[2026-04-15T19:15:28.309+0000] {processor.py:208} INFO - Processing /opt/airflow/dags/dag_1.py took 0.057 seconds
[2026-04-15T19:15:58.515+0000] {processor.py:186} INFO - Started process (PID=3089) to work on /opt/airflow/dags/dag_1.py
[2026-04-15T19:15:58.522+0000] {processor.py:914} INFO - Processing file /opt/airflow/dags/dag_1.py for tasks to queue
[2026-04-15T19:15:58.524+0000] {logging_mixin.py:190} INFO - [2026-04-15T19:15:58.523+0000] {dagbag.py:588} INFO - Filling up the DagBag from /opt/airflow/dags/dag_1.py
[2026-04-15T19:15:58.531+0000] {processor.py:925} INFO - DAG(s) 'hello_world_dag' retrieved from /opt/airflow/dags/dag_1.py
[2026-04-15T19:15:58.551+0000] {logging_mixin.py:190} INFO - [2026-04-15T19:15:58.551+0000] {dag.py:3239} INFO - Sync 1 DAGs
[2026-04-15T19:15:58.563+0000] {logging_mixin.py:190} INFO - [2026-04-15T19:15:58.563+0000] {dag.py:4180} INFO - Setting next_dagrun for hello_world_dag to None, run_after=None
[2026-04-15T19:15:58.579+0000] {processor.py:208} INFO - Processing /opt/airflow/dags/dag_1.py took 0.069 seconds
[2026-04-15T19:16:28.825+0000] {processor.py:186} INFO - Started process (PID=3100) to work on /opt/airflow/dags/dag_1.py
[2026-04-15T19:16:28.826+0000] {processor.py:914} INFO - Processing file /opt/airflow/dags/dag_1.py for tasks to queue
[2026-04-15T19:16:28.829+0000] {logging_mixin.py:190} INFO - [2026-04-15T19:16:28.829+0000] {dagbag.py:588} INFO - Filling up the DagBag from /opt/airflow/dags/dag_1.py
[2026-04-15T19:16:28.838+0000] {processor.py:925} INFO - DAG(s) 'hello_world_dag' retrieved from /opt/airflow/dags/dag_1.py
[2026-04-15T19:16:28.860+0000] {logging_mixin.py:190} INFO - [2026-04-15T19:16:28.860+0000] {dag.py:3239} INFO - Sync 1 DAGs
[2026-04-15T19:16:28.874+0000] {logging_mixin.py:190} INFO - [2026-04-15T19:16:28.873+0000] {dag.py:4180} INFO - Setting next_dagrun for hello_world_dag to None, run_after=None
[2026-04-15T19:16:28.890+0000] {processor.py:208} INFO - Processing /opt/airflow/dags/dag_1.py took 0.076 seconds
[2026-04-15T19:16:59.140+0000] {processor.py:186} INFO - Started process (PID=3111) to work on /opt/airflow/dags/dag_1.py
[2026-04-15T19:16:59.147+0000] {processor.py:914} INFO - Processing file /opt/airflow/dags/dag_1.py for tasks to queue
[2026-04-15T19:16:59.150+0000] {logging_mixin.py:190} INFO - [2026-04-15T19:16:59.150+0000] {dagbag.py:588} INFO - Filling up the DagBag from /opt/airflow/dags/dag_1.py
[2026-04-15T19:16:59.159+0000] {processor.py:925} INFO - DAG(s) 'hello_world_dag' retrieved from /opt/airflow/dags/dag_1.py
[2026-04-15T19:16:59.181+0000] {logging_mixin.py:190} INFO - [2026-04-15T19:16:59.181+0000] {dag.py:3239} INFO - Sync 1 DAGs
[2026-04-15T19:16:59.193+0000] {logging_mixin.py:190} INFO - [2026-04-15T19:16:59.193+0000] {dag.py:4180} INFO - Setting next_dagrun for hello_world_dag to None, run_after=None
[2026-04-15T19:16:59.211+0000] {processor.py:208} INFO - Processing /opt/airflow/dags/dag_1.py took 0.082 seconds
[2026-04-15T19:17:29.455+0000] {processor.py:186} INFO - Started process (PID=3122) to work on /opt/airflow/dags/dag_1.py
[2026-04-15T19:17:29.456+0000] {processor.py:914} INFO - Processing file /opt/airflow/dags/dag_1.py for tasks to queue
[2026-04-15T19:17:29.458+0000] {logging_mixin.py:190} INFO - [2026-04-15T19:17:29.458+0000] {dagbag.py:588} INFO - Filling up the DagBag from /opt/airflow/dags/dag_1.py
[2026-04-15T19:17:29.470+0000] {processor.py:925} INFO - DAG(s) 'hello_world_dag' retrieved from /opt/airflow/dags/dag_1.py
[2026-04-15T19:17:29.493+0000] {logging_mixin.py:190} INFO - [2026-04-15T19:17:29.492+0000] {dag.py:3239} INFO - Sync 1 DAGs
[2026-04-15T19:17:29.618+0000] {logging_mixin.py:190} INFO - [2026-04-15T19:17:29.617+0000] {dag.py:4180} INFO - Setting next_dagrun for hello_world_dag to None, run_after=None
[2026-04-15T19:17:29.640+0000] {processor.py:208} INFO - Processing /opt/airflow/dags/dag_1.py took 0.195 seconds
[2026-04-15T19:17:59.811+0000] {processor.py:186} INFO - Started process (PID=3133) to work on /opt/airflow/dags/dag_1.py
[2026-04-15T19:17:59.818+0000] {processor.py:914} INFO - Processing file /opt/airflow/dags/dag_1.py for tasks to queue
[2026-04-15T19:17:59.821+0000] {logging_mixin.py:190} INFO - [2026-04-15T19:17:59.821+0000] {dagbag.py:588} INFO - Filling up the DagBag from /opt/airflow/dags/dag_1.py
[2026-04-15T19:17:59.830+0000] {processor.py:925} INFO - DAG(s) 'hello_world_dag' retrieved from /opt/airflow/dags/dag_1.py
[2026-04-15T19:17:59.967+0000] {logging_mixin.py:190} INFO - [2026-04-15T19:17:59.967+0000] {dag.py:3239} INFO - Sync 1 DAGs
[2026-04-15T19:17:59.978+0000] {logging_mixin.py:190} INFO - [2026-04-15T19:17:59.978+0000] {dag.py:4180} INFO - Setting next_dagrun for hello_world_dag to None, run_after=None
[2026-04-15T19:17:59.999+0000] {processor.py:208} INFO - Processing /opt/airflow/dags/dag_1.py took 0.204 seconds
[2026-04-15T19:18:30.237+0000] {processor.py:186} INFO - Started process (PID=3144) to work on /opt/airflow/dags/dag_1.py
[2026-04-15T19:18:30.238+0000] {processor.py:914} INFO - Processing file /opt/airflow/dags/dag_1.py for tasks to queue
[2026-04-15T19:18:30.241+0000] {logging_mixin.py:190} INFO - [2026-04-15T19:18:30.241+0000] {dagbag.py:588} INFO - Filling up the DagBag from /opt/airflow/dags/dag_1.py
[2026-04-15T19:18:30.253+0000] {processor.py:925} INFO - DAG(s) 'hello_world_dag' retrieved from /opt/airflow/dags/dag_1.py
[2026-04-15T19:18:30.275+0000] {logging_mixin.py:190} INFO - [2026-04-15T19:18:30.275+0000] {dag.py:3239} INFO - Sync 1 DAGs
[2026-04-15T19:18:30.288+0000] {logging_mixin.py:190} INFO - [2026-04-15T19:18:30.288+0000] {dag.py:4180} INFO - Setting next_dagrun for hello_world_dag to None, run_after=None
[2026-04-15T19:18:30.306+0000] {processor.py:208} INFO - Processing /opt/airflow/dags/dag_1.py took 0.091 seconds
[2026-04-15T19:19:00.580+0000] {processor.py:186} INFO - Started process (PID=3155) to work on /opt/airflow/dags/dag_1.py
[2026-04-15T19:19:00.588+0000] {processor.py:914} INFO - Processing file /opt/airflow/dags/dag_1.py for tasks to queue
[2026-04-15T19:19:00.590+0000] {logging_mixin.py:190} INFO - [2026-04-15T19:19:00.589+0000] {dagbag.py:588} INFO - Filling up the DagBag from /opt/airflow/dags/dag_1.py
[2026-04-15T19:19:00.597+0000] {processor.py:925} INFO - DAG(s) 'hello_world_dag' retrieved from /opt/airflow/dags/dag_1.py
[2026-04-15T19:19:00.619+0000] {logging_mixin.py:190} INFO - [2026-04-15T19:19:00.619+0000] {dag.py:3239} INFO - Sync 1 DAGs
[2026-04-15T19:19:00.635+0000] {logging_mixin.py:190} INFO - [2026-04-15T19:19:00.634+0000] {dag.py:4180} INFO - Setting next_dagrun for hello_world_dag to None, run_after=None
[2026-04-15T19:19:00.651+0000] {processor.py:208} INFO - Processing /opt/airflow/dags/dag_1.py took 0.082 seconds
[2026-04-15T19:19:30.908+0000] {processor.py:186} INFO - Started process (PID=3172) to work on /opt/airflow/dags/dag_1.py
[2026-04-15T19:19:30.909+0000] {processor.py:914} INFO - Processing file /opt/airflow/dags/dag_1.py for tasks to queue
[2026-04-15T19:19:30.912+0000] {logging_mixin.py:190} INFO - [2026-04-15T19:19:30.912+0000] {dagbag.py:588} INFO - Filling up the DagBag from /opt/airflow/dags/dag_1.py
[2026-04-15T19:19:30.922+0000] {processor.py:925} INFO - DAG(s) 'hello_world_dag' retrieved from /opt/airflow/dags/dag_1.py
[2026-04-15T19:19:30.943+0000] {logging_mixin.py:190} INFO - [2026-04-15T19:19:30.943+0000] {dag.py:3239} INFO - Sync 1 DAGs
[2026-04-15T19:19:30.956+0000] {logging_mixin.py:190} INFO - [2026-04-15T19:19:30.956+0000] {dag.py:4180} INFO - Setting next_dagrun for hello_world_dag to None, run_after=None
[2026-04-15T19:19:30.972+0000] {processor.py:208} INFO - Processing /opt/airflow/dags/dag_1.py took 0.078 seconds
[2026-04-15T19:20:01.223+0000] {processor.py:186} INFO - Started process (PID=3183) to work on /opt/airflow/dags/dag_1.py
[2026-04-15T19:20:01.223+0000] {processor.py:914} INFO - Processing file /opt/airflow/dags/dag_1.py for tasks to queue
[2026-04-15T19:20:01.227+0000] {logging_mixin.py:190} INFO - [2026-04-15T19:20:01.226+0000] {dagbag.py:588} INFO - Filling up the DagBag from /opt/airflow/dags/dag_1.py
[2026-04-15T19:20:01.235+0000] {processor.py:925} INFO - DAG(s) 'hello_world_dag' retrieved from /opt/airflow/dags/dag_1.py
[2026-04-15T19:20:01.256+0000] {logging_mixin.py:190} INFO - [2026-04-15T19:20:01.256+0000] {dag.py:3239} INFO - Sync 1 DAGs
[2026-04-15T19:20:01.269+0000] {logging_mixin.py:190} INFO - [2026-04-15T19:20:01.269+0000] {dag.py:4180} INFO - Setting next_dagrun for hello_world_dag to None, run_after=None
[2026-04-15T19:20:01.400+0000] {processor.py:208} INFO - Processing /opt/airflow/dags/dag_1.py took 0.184 seconds
[2026-04-15T19:20:31.505+0000] {processor.py:186} INFO - Started process (PID=3194) to work on /opt/airflow/dags/dag_1.py
[2026-04-15T19:20:31.512+0000] {processor.py:914} INFO - Processing file /opt/airflow/dags/dag_1.py for tasks to queue
[2026-04-15T19:20:31.514+0000] {logging_mixin.py:190} INFO - [2026-04-15T19:20:31.514+0000] {dagbag.py:588} INFO - Filling up the DagBag from /opt/airflow/dags/dag_1.py
[2026-04-15T19:20:31.522+0000] {processor.py:925} INFO - DAG(s) 'hello_world_dag' retrieved from /opt/airflow/dags/dag_1.py
[2026-04-15T19:20:31.545+0000] {logging_mixin.py:190} INFO - [2026-04-15T19:20:31.544+0000] {dag.py:3239} INFO - Sync 1 DAGs
[2026-04-15T19:20:31.655+0000] {logging_mixin.py:190} INFO - [2026-04-15T19:20:31.654+0000] {dag.py:4180} INFO - Setting next_dagrun for hello_world_dag to None, run_after=None
[2026-04-15T19:20:31.675+0000] {processor.py:208} INFO - Processing /opt/airflow/dags/dag_1.py took 0.175 seconds
[2026-04-15T19:21:01.970+0000] {processor.py:186} INFO - Started process (PID=3205) to work on /opt/airflow/dags/dag_1.py
[2026-04-15T19:21:01.971+0000] {processor.py:914} INFO - Processing file /opt/airflow/dags/dag_1.py for tasks to queue
[2026-04-15T19:21:01.974+0000] {logging_mixin.py:190} INFO - [2026-04-15T19:21:01.974+0000] {dagbag.py:588} INFO - Filling up the DagBag from /opt/airflow/dags/dag_1.py
[2026-04-15T19:21:01.985+0000] {processor.py:925} INFO - DAG(s) 'hello_world_dag' retrieved from /opt/airflow/dags/dag_1.py
[2026-04-15T19:21:02.006+0000] {logging_mixin.py:190} INFO - [2026-04-15T19:21:02.006+0000] {dag.py:3239} INFO - Sync 1 DAGs
[2026-04-15T19:21:02.019+0000] {logging_mixin.py:190} INFO - [2026-04-15T19:21:02.019+0000] {dag.py:4180} INFO - Setting next_dagrun for hello_world_dag to None, run_after=None
[2026-04-15T19:21:02.032+0000] {processor.py:208} INFO - Processing /opt/airflow/dags/dag_1.py took 0.073 seconds
[2026-04-15T19:21:32.300+0000] {processor.py:186} INFO - Started process (PID=3216) to work on /opt/airflow/dags/dag_1.py
[2026-04-15T19:21:32.307+0000] {processor.py:914} INFO - Processing file /opt/airflow/dags/dag_1.py for tasks to queue
[2026-04-15T19:21:32.310+0000] {logging_mixin.py:190} INFO - [2026-04-15T19:21:32.310+0000] {dagbag.py:588} INFO - Filling up the DagBag from /opt/airflow/dags/dag_1.py
[2026-04-15T19:21:32.325+0000] {processor.py:925} INFO - DAG(s) 'hello_world_dag' retrieved from /opt/airflow/dags/dag_1.py
[2026-04-15T19:21:32.350+0000] {logging_mixin.py:190} INFO - [2026-04-15T19:21:32.350+0000] {dag.py:3239} INFO - Sync 1 DAGs
[2026-04-15T19:21:32.361+0000] {logging_mixin.py:190} INFO - [2026-04-15T19:21:32.361+0000] {dag.py:4180} INFO - Setting next_dagrun for hello_world_dag to None, run_after=None
[2026-04-15T19:21:32.377+0000] {processor.py:208} INFO - Processing /opt/airflow/dags/dag_1.py took 0.099 seconds
[2026-04-15T19:22:02.631+0000] {processor.py:186} INFO - Started process (PID=3227) to work on /opt/airflow/dags/dag_1.py
[2026-04-15T19:22:02.632+0000] {processor.py:914} INFO - Processing file /opt/airflow/dags/dag_1.py for tasks to queue
[2026-04-15T19:22:02.634+0000] {logging_mixin.py:190} INFO - [2026-04-15T19:22:02.633+0000] {dagbag.py:588} INFO - Filling up the DagBag from /opt/airflow/dags/dag_1.py
[2026-04-15T19:22:02.641+0000] {processor.py:925} INFO - DAG(s) 'hello_world_dag' retrieved from /opt/airflow/dags/dag_1.py
[2026-04-15T19:22:02.667+0000] {logging_mixin.py:190} INFO - [2026-04-15T19:22:02.666+0000] {dag.py:3239} INFO - Sync 1 DAGs
[2026-04-15T19:22:02.678+0000] {logging_mixin.py:190} INFO - [2026-04-15T19:22:02.678+0000] {dag.py:4180} INFO - Setting next_dagrun for hello_world_dag to None, run_after=None
[2026-04-15T19:22:02.692+0000] {processor.py:208} INFO - Processing /opt/airflow/dags/dag_1.py took 0.066 seconds
[2026-04-15T19:22:32.964+0000] {processor.py:186} INFO - Started process (PID=3238) to work on /opt/airflow/dags/dag_1.py
[2026-04-15T19:22:32.966+0000] {processor.py:914} INFO - Processing file /opt/airflow/dags/dag_1.py for tasks to queue
[2026-04-15T19:22:32.970+0000] {logging_mixin.py:190} INFO - [2026-04-15T19:22:32.969+0000] {dagbag.py:588} INFO - Filling up the DagBag from /opt/airflow/dags/dag_1.py
[2026-04-15T19:22:32.983+0000] {processor.py:925} INFO - DAG(s) 'hello_world_dag' retrieved from /opt/airflow/dags/dag_1.py
[2026-04-15T19:22:33.009+0000] {logging_mixin.py:190} INFO - [2026-04-15T19:22:33.009+0000] {dag.py:3239} INFO - Sync 1 DAGs
[2026-04-15T19:22:33.021+0000] {logging_mixin.py:190} INFO - [2026-04-15T19:22:33.021+0000] {dag.py:4180} INFO - Setting next_dagrun for hello_world_dag to None, run_after=None
[2026-04-15T19:22:33.036+0000] {processor.py:208} INFO - Processing /opt/airflow/dags/dag_1.py took 0.084 seconds
[2026-04-15T19:23:03.250+0000] {processor.py:186} INFO - Started process (PID=3249) to work on /opt/airflow/dags/dag_1.py
[2026-04-15T19:23:03.250+0000] {processor.py:914} INFO - Processing file /opt/airflow/dags/dag_1.py for tasks to queue
[2026-04-15T19:23:03.252+0000] {logging_mixin.py:190} INFO - [2026-04-15T19:23:03.251+0000] {dagbag.py:588} INFO - Filling up the DagBag from /opt/airflow/dags/dag_1.py
[2026-04-15T19:23:03.259+0000] {processor.py:925} INFO - DAG(s) 'hello_world_dag' retrieved from /opt/airflow/dags/dag_1.py
[2026-04-15T19:23:03.282+0000] {logging_mixin.py:190} INFO - [2026-04-15T19:23:03.282+0000] {dag.py:3239} INFO - Sync 1 DAGs
[2026-04-15T19:23:03.399+0000] {logging_mixin.py:190} INFO - [2026-04-15T19:23:03.399+0000] {dag.py:4180} INFO - Setting next_dagrun for hello_world_dag to None, run_after=None
[2026-04-15T19:23:03.412+0000] {processor.py:208} INFO - Processing /opt/airflow/dags/dag_1.py took 0.167 seconds
[2026-04-15T19:23:33.596+0000] {processor.py:186} INFO - Started process (PID=3260) to work on /opt/airflow/dags/dag_1.py
[2026-04-15T19:23:33.602+0000] {processor.py:914} INFO - Processing file /opt/airflow/dags/dag_1.py for tasks to queue
[2026-04-15T19:23:33.608+0000] {logging_mixin.py:190} INFO - [2026-04-15T19:23:33.607+0000] {dagbag.py:588} INFO - Filling up the DagBag from /opt/airflow/dags/dag_1.py
[2026-04-15T19:23:33.633+0000] {processor.py:925} INFO - DAG(s) 'hello_world_dag' retrieved from /opt/airflow/dags/dag_1.py
[2026-04-15T19:23:33.664+0000] {logging_mixin.py:190} INFO - [2026-04-15T19:23:33.663+0000] {dag.py:3239} INFO - Sync 1 DAGs
[2026-04-15T19:23:33.785+0000] {logging_mixin.py:190} INFO - [2026-04-15T19:23:33.785+0000] {dag.py:4180} INFO - Setting next_dagrun for hello_world_dag to None, run_after=None
[2026-04-15T19:23:33.798+0000] {processor.py:208} INFO - Processing /opt/airflow/dags/dag_1.py took 0.208 seconds
[2026-04-15T19:24:03.933+0000] {processor.py:186} INFO - Started process (PID=3271) to work on /opt/airflow/dags/dag_1.py
[2026-04-15T19:24:03.934+0000] {processor.py:914} INFO - Processing file /opt/airflow/dags/dag_1.py for tasks to queue
[2026-04-15T19:24:03.935+0000] {logging_mixin.py:190} INFO - [2026-04-15T19:24:03.935+0000] {dagbag.py:588} INFO - Filling up the DagBag from /opt/airflow/dags/dag_1.py
[2026-04-15T19:24:03.943+0000] {processor.py:925} INFO - DAG(s) 'hello_world_dag' retrieved from /opt/airflow/dags/dag_1.py
[2026-04-15T19:24:03.967+0000] {logging_mixin.py:190} INFO - [2026-04-15T19:24:03.966+0000] {dag.py:3239} INFO - Sync 1 DAGs
[2026-04-15T19:24:03.978+0000] {logging_mixin.py:190} INFO - [2026-04-15T19:24:03.978+0000] {dag.py:4180} INFO - Setting next_dagrun for hello_world_dag to None, run_after=None
[2026-04-15T19:24:03.993+0000] {processor.py:208} INFO - Processing /opt/airflow/dags/dag_1.py took 0.064 seconds
[2026-04-15T19:24:34.181+0000] {processor.py:186} INFO - Started process (PID=3282) to work on /opt/airflow/dags/dag_1.py
[2026-04-15T19:24:34.187+0000] {processor.py:914} INFO - Processing file /opt/airflow/dags/dag_1.py for tasks to queue
[2026-04-15T19:24:34.189+0000] {logging_mixin.py:190} INFO - [2026-04-15T19:24:34.189+0000] {dagbag.py:588} INFO - Filling up the DagBag from /opt/airflow/dags/dag_1.py
[2026-04-15T19:24:34.196+0000] {processor.py:925} INFO - DAG(s) 'hello_world_dag' retrieved from /opt/airflow/dags/dag_1.py
[2026-04-15T19:24:34.221+0000] {logging_mixin.py:190} INFO - [2026-04-15T19:24:34.221+0000] {dag.py:3239} INFO - Sync 1 DAGs
[2026-04-15T19:24:34.233+0000] {logging_mixin.py:190} INFO - [2026-04-15T19:24:34.233+0000] {dag.py:4180} INFO - Setting next_dagrun for hello_world_dag to None, run_after=None
[2026-04-15T19:24:34.247+0000] {processor.py:208} INFO - Processing /opt/airflow/dags/dag_1.py took 0.072 seconds
[2026-04-15T19:25:04.530+0000] {processor.py:186} INFO - Started process (PID=3293) to work on /opt/airflow/dags/dag_1.py
[2026-04-15T19:25:04.531+0000] {processor.py:914} INFO - Processing file /opt/airflow/dags/dag_1.py for tasks to queue
[2026-04-15T19:25:04.535+0000] {logging_mixin.py:190} INFO - [2026-04-15T19:25:04.535+0000] {dagbag.py:588} INFO - Filling up the DagBag from /opt/airflow/dags/dag_1.py
[2026-04-15T19:25:04.546+0000] {processor.py:925} INFO - DAG(s) 'hello_world_dag' retrieved from /opt/airflow/dags/dag_1.py
[2026-04-15T19:25:04.574+0000] {logging_mixin.py:190} INFO - [2026-04-15T19:25:04.574+0000] {dag.py:3239} INFO - Sync 1 DAGs
[2026-04-15T19:25:04.588+0000] {logging_mixin.py:190} INFO - [2026-04-15T19:25:04.588+0000] {dag.py:4180} INFO - Setting next_dagrun for hello_world_dag to None, run_after=None
[2026-04-15T19:25:04.605+0000] {processor.py:208} INFO - Processing /opt/airflow/dags/dag_1.py took 0.084 seconds
[2026-04-15T19:25:34.832+0000] {processor.py:186} INFO - Started process (PID=3304) to work on /opt/airflow/dags/dag_1.py
[2026-04-15T19:25:34.839+0000] {processor.py:914} INFO - Processing file /opt/airflow/dags/dag_1.py for tasks to queue
[2026-04-15T19:25:34.844+0000] {logging_mixin.py:190} INFO - [2026-04-15T19:25:34.843+0000] {dagbag.py:588} INFO - Filling up the DagBag from /opt/airflow/dags/dag_1.py
[2026-04-15T19:25:34.855+0000] {processor.py:925} INFO - DAG(s) 'hello_world_dag' retrieved from /opt/airflow/dags/dag_1.py
[2026-04-15T19:25:34.880+0000] {logging_mixin.py:190} INFO - [2026-04-15T19:25:34.880+0000] {dag.py:3239} INFO - Sync 1 DAGs
[2026-04-15T19:25:34.894+0000] {logging_mixin.py:190} INFO - [2026-04-15T19:25:34.894+0000] {dag.py:4180} INFO - Setting next_dagrun for hello_world_dag to None, run_after=None
[2026-04-15T19:25:35.023+0000] {processor.py:208} INFO - Processing /opt/airflow/dags/dag_1.py took 0.211 seconds
[2026-04-15T19:26:05.179+0000] {processor.py:186} INFO - Started process (PID=3315) to work on /opt/airflow/dags/dag_1.py
[2026-04-15T19:26:05.180+0000] {processor.py:914} INFO - Processing file /opt/airflow/dags/dag_1.py for tasks to queue
[2026-04-15T19:26:05.184+0000] {logging_mixin.py:190} INFO - [2026-04-15T19:26:05.184+0000] {dagbag.py:588} INFO - Filling up the DagBag from /opt/airflow/dags/dag_1.py
[2026-04-15T19:26:05.198+0000] {processor.py:925} INFO - DAG(s) 'hello_world_dag' retrieved from /opt/airflow/dags/dag_1.py
[2026-04-15T19:26:05.226+0000] {logging_mixin.py:190} INFO - [2026-04-15T19:26:05.226+0000] {dag.py:3239} INFO - Sync 1 DAGs
[2026-04-15T19:26:05.350+0000] {logging_mixin.py:190} INFO - [2026-04-15T19:26:05.350+0000] {dag.py:4180} INFO - Setting next_dagrun for hello_world_dag to None, run_after=None
[2026-04-15T19:26:05.373+0000] {processor.py:208} INFO - Processing /opt/airflow/dags/dag_1.py took 0.213 seconds
[2026-04-15T19:26:35.602+0000] {processor.py:186} INFO - Started process (PID=3326) to work on /opt/airflow/dags/dag_1.py
[2026-04-15T19:26:35.609+0000] {processor.py:914} INFO - Processing file /opt/airflow/dags/dag_1.py for tasks to queue
[2026-04-15T19:26:35.612+0000] {logging_mixin.py:190} INFO - [2026-04-15T19:26:35.612+0000] {dagbag.py:588} INFO - Filling up the DagBag from /opt/airflow/dags/dag_1.py
[2026-04-15T19:26:35.624+0000] {processor.py:925} INFO - DAG(s) 'hello_world_dag' retrieved from /opt/airflow/dags/dag_1.py
[2026-04-15T19:26:35.773+0000] {logging_mixin.py:190} INFO - [2026-04-15T19:26:35.772+0000] {dag.py:3239} INFO - Sync 1 DAGs
[2026-04-15T19:26:35.783+0000] {logging_mixin.py:190} INFO - [2026-04-15T19:26:35.783+0000] {dag.py:4180} INFO - Setting next_dagrun for hello_world_dag to None, run_after=None
[2026-04-15T19:26:35.805+0000] {processor.py:208} INFO - Processing /opt/airflow/dags/dag_1.py took 0.210 seconds
[2026-04-15T19:27:05.925+0000] {processor.py:186} INFO - Started process (PID=3337) to work on /opt/airflow/dags/dag_1.py
[2026-04-15T19:27:05.927+0000] {processor.py:914} INFO - Processing file /opt/airflow/dags/dag_1.py for tasks to queue
[2026-04-15T19:27:05.929+0000] {logging_mixin.py:190} INFO - [2026-04-15T19:27:05.929+0000] {dagbag.py:588} INFO - Filling up the DagBag from /opt/airflow/dags/dag_1.py
[2026-04-15T19:27:05.937+0000] {processor.py:925} INFO - DAG(s) 'hello_world_dag' retrieved from /opt/airflow/dags/dag_1.py
[2026-04-15T19:27:05.966+0000] {logging_mixin.py:190} INFO - [2026-04-15T19:27:05.966+0000] {dag.py:3239} INFO - Sync 1 DAGs
[2026-04-15T19:27:05.979+0000] {logging_mixin.py:190} INFO - [2026-04-15T19:27:05.978+0000] {dag.py:4180} INFO - Setting next_dagrun for hello_world_dag to None, run_after=None
[2026-04-15T19:27:05.996+0000] {processor.py:208} INFO - Processing /opt/airflow/dags/dag_1.py took 0.079 seconds
[2026-04-15T19:27:36.204+0000] {processor.py:186} INFO - Started process (PID=3348) to work on /opt/airflow/dags/dag_1.py
[2026-04-15T19:27:36.206+0000] {processor.py:914} INFO - Processing file /opt/airflow/dags/dag_1.py for tasks to queue
[2026-04-15T19:27:36.210+0000] {logging_mixin.py:190} INFO - [2026-04-15T19:27:36.209+0000] {dagbag.py:588} INFO - Filling up the DagBag from /opt/airflow/dags/dag_1.py
[2026-04-15T19:27:36.219+0000] {processor.py:925} INFO - DAG(s) 'hello_world_dag' retrieved from /opt/airflow/dags/dag_1.py
[2026-04-15T19:27:36.247+0000] {logging_mixin.py:190} INFO - [2026-04-15T19:27:36.246+0000] {dag.py:3239} INFO - Sync 1 DAGs
[2026-04-15T19:27:36.259+0000] {logging_mixin.py:190} INFO - [2026-04-15T19:27:36.259+0000] {dag.py:4180} INFO - Setting next_dagrun for hello_world_dag to None, run_after=None
[2026-04-15T19:27:36.275+0000] {processor.py:208} INFO - Processing /opt/airflow/dags/dag_1.py took 0.088 seconds
[2026-04-15T19:28:06.552+0000] {processor.py:186} INFO - Started process (PID=3359) to work on /opt/airflow/dags/dag_1.py
[2026-04-15T19:28:06.558+0000] {processor.py:914} INFO - Processing file /opt/airflow/dags/dag_1.py for tasks to queue
[2026-04-15T19:28:06.560+0000] {logging_mixin.py:190} INFO - [2026-04-15T19:28:06.560+0000] {dagbag.py:588} INFO - Filling up the DagBag from /opt/airflow/dags/dag_1.py
[2026-04-15T19:28:06.568+0000] {processor.py:925} INFO - DAG(s) 'hello_world_dag' retrieved from /opt/airflow/dags/dag_1.py
[2026-04-15T19:28:06.595+0000] {logging_mixin.py:190} INFO - [2026-04-15T19:28:06.595+0000] {dag.py:3239} INFO - Sync 1 DAGs
[2026-04-15T19:28:06.608+0000] {logging_mixin.py:190} INFO - [2026-04-15T19:28:06.607+0000] {dag.py:4180} INFO - Setting next_dagrun for hello_world_dag to None, run_after=None
[2026-04-15T19:28:06.624+0000] {processor.py:208} INFO - Processing /opt/airflow/dags/dag_1.py took 0.081 seconds
[2026-04-15T19:28:36.856+0000] {processor.py:186} INFO - Started process (PID=3370) to work on /opt/airflow/dags/dag_1.py
[2026-04-15T19:28:36.857+0000] {processor.py:914} INFO - Processing file /opt/airflow/dags/dag_1.py for tasks to queue
[2026-04-15T19:28:36.859+0000] {logging_mixin.py:190} INFO - [2026-04-15T19:28:36.858+0000] {dagbag.py:588} INFO - Filling up the DagBag from /opt/airflow/dags/dag_1.py
[2026-04-15T19:28:36.865+0000] {processor.py:925} INFO - DAG(s) 'hello_world_dag' retrieved from /opt/airflow/dags/dag_1.py
[2026-04-15T19:28:36.890+0000] {logging_mixin.py:190} INFO - [2026-04-15T19:28:36.890+0000] {dag.py:3239} INFO - Sync 1 DAGs
[2026-04-15T19:28:36.902+0000] {logging_mixin.py:190} INFO - [2026-04-15T19:28:36.902+0000] {dag.py:4180} INFO - Setting next_dagrun for hello_world_dag to None, run_after=None
[2026-04-15T19:28:37.026+0000] {processor.py:208} INFO - Processing /opt/airflow/dags/dag_1.py took 0.174 seconds
[2026-04-15T19:29:07.183+0000] {processor.py:186} INFO - Started process (PID=3381) to work on /opt/airflow/dags/dag_1.py
[2026-04-15T19:29:07.190+0000] {processor.py:914} INFO - Processing file /opt/airflow/dags/dag_1.py for tasks to queue
[2026-04-15T19:29:07.193+0000] {logging_mixin.py:190} INFO - [2026-04-15T19:29:07.193+0000] {dagbag.py:588} INFO - Filling up the DagBag from /opt/airflow/dags/dag_1.py
[2026-04-15T19:29:07.204+0000] {processor.py:925} INFO - DAG(s) 'hello_world_dag' retrieved from /opt/airflow/dags/dag_1.py
[2026-04-15T19:29:07.229+0000] {logging_mixin.py:190} INFO - [2026-04-15T19:29:07.229+0000] {dag.py:3239} INFO - Sync 1 DAGs
[2026-04-15T19:29:07.358+0000] {logging_mixin.py:190} INFO - [2026-04-15T19:29:07.358+0000] {dag.py:4180} INFO - Setting next_dagrun for hello_world_dag to None, run_after=None
[2026-04-15T19:29:07.378+0000] {processor.py:208} INFO - Processing /opt/airflow/dags/dag_1.py took 0.209 seconds
[2026-04-15T19:29:37.617+0000] {processor.py:186} INFO - Started process (PID=3392) to work on /opt/airflow/dags/dag_1.py
[2026-04-15T19:29:37.618+0000] {processor.py:914} INFO - Processing file /opt/airflow/dags/dag_1.py for tasks to queue
[2026-04-15T19:29:37.620+0000] {logging_mixin.py:190} INFO - [2026-04-15T19:29:37.619+0000] {dagbag.py:588} INFO - Filling up the DagBag from /opt/airflow/dags/dag_1.py
[2026-04-15T19:29:37.627+0000] {processor.py:925} INFO - DAG(s) 'hello_world_dag' retrieved from /opt/airflow/dags/dag_1.py
[2026-04-15T19:29:37.653+0000] {logging_mixin.py:190} INFO - [2026-04-15T19:29:37.653+0000] {dag.py:3239} INFO - Sync 1 DAGs
[2026-04-15T19:29:37.666+0000] {logging_mixin.py:190} INFO - [2026-04-15T19:29:37.666+0000] {dag.py:4180} INFO - Setting next_dagrun for hello_world_dag to None, run_after=None
[2026-04-15T19:29:37.683+0000] {processor.py:208} INFO - Processing /opt/airflow/dags/dag_1.py took 0.072 seconds
[2026-04-15T19:30:07.955+0000] {processor.py:186} INFO - Started process (PID=3403) to work on /opt/airflow/dags/dag_1.py
[2026-04-15T19:30:07.962+0000] {processor.py:914} INFO - Processing file /opt/airflow/dags/dag_1.py for tasks to queue
[2026-04-15T19:30:07.967+0000] {logging_mixin.py:190} INFO - [2026-04-15T19:30:07.966+0000] {dagbag.py:588} INFO - Filling up the DagBag from /opt/airflow/dags/dag_1.py
[2026-04-15T19:30:07.976+0000] {processor.py:925} INFO - DAG(s) 'hello_world_dag' retrieved from /opt/airflow/dags/dag_1.py
[2026-04-15T19:30:08.002+0000] {logging_mixin.py:190} INFO - [2026-04-15T19:30:08.001+0000] {dag.py:3239} INFO - Sync 1 DAGs
[2026-04-15T19:30:08.015+0000] {logging_mixin.py:190} INFO - [2026-04-15T19:30:08.015+0000] {dag.py:4180} INFO - Setting next_dagrun for hello_world_dag to None, run_after=None
[2026-04-15T19:30:08.031+0000] {processor.py:208} INFO - Processing /opt/airflow/dags/dag_1.py took 0.091 seconds
[2026-04-15T19:30:38.250+0000] {processor.py:186} INFO - Started process (PID=3414) to work on /opt/airflow/dags/dag_1.py
[2026-04-15T19:30:38.251+0000] {processor.py:914} INFO - Processing file /opt/airflow/dags/dag_1.py for tasks to queue
[2026-04-15T19:30:38.254+0000] {logging_mixin.py:190} INFO - [2026-04-15T19:30:38.254+0000] {dagbag.py:588} INFO - Filling up the DagBag from /opt/airflow/dags/dag_1.py
[2026-04-15T19:30:38.268+0000] {processor.py:925} INFO - DAG(s) 'hello_world_dag' retrieved from /opt/airflow/dags/dag_1.py
[2026-04-15T19:30:38.295+0000] {logging_mixin.py:190} INFO - [2026-04-15T19:30:38.295+0000] {dag.py:3239} INFO - Sync 1 DAGs
[2026-04-15T19:30:38.307+0000] {logging_mixin.py:190} INFO - [2026-04-15T19:30:38.307+0000] {dag.py:4180} INFO - Setting next_dagrun for hello_world_dag to None, run_after=None
[2026-04-15T19:30:38.325+0000] {processor.py:208} INFO - Processing /opt/airflow/dags/dag_1.py took 0.086 seconds
[2026-04-15T19:31:08.587+0000] {processor.py:186} INFO - Started process (PID=3425) to work on /opt/airflow/dags/dag_1.py
[2026-04-15T19:31:08.594+0000] {processor.py:914} INFO - Processing file /opt/airflow/dags/dag_1.py for tasks to queue
[2026-04-15T19:31:08.597+0000] {logging_mixin.py:190} INFO - [2026-04-15T19:31:08.596+0000] {dagbag.py:588} INFO - Filling up the DagBag from /opt/airflow/dags/dag_1.py
[2026-04-15T19:31:08.609+0000] {processor.py:925} INFO - DAG(s) 'hello_world_dag' retrieved from /opt/airflow/dags/dag_1.py
[2026-04-15T19:31:08.639+0000] {logging_mixin.py:190} INFO - [2026-04-15T19:31:08.639+0000] {dag.py:3239} INFO - Sync 1 DAGs
[2026-04-15T19:31:08.653+0000] {logging_mixin.py:190} INFO - [2026-04-15T19:31:08.653+0000] {dag.py:4180} INFO - Setting next_dagrun for hello_world_dag to None, run_after=None
[2026-04-15T19:31:08.671+0000] {processor.py:208} INFO - Processing /opt/airflow/dags/dag_1.py took 0.093 seconds
[2026-04-15T19:31:38.858+0000] {processor.py:186} INFO - Started process (PID=3436) to work on /opt/airflow/dags/dag_1.py
[2026-04-15T19:31:38.859+0000] {processor.py:914} INFO - Processing file /opt/airflow/dags/dag_1.py for tasks to queue
[2026-04-15T19:31:38.862+0000] {logging_mixin.py:190} INFO - [2026-04-15T19:31:38.862+0000] {dagbag.py:588} INFO - Filling up the DagBag from /opt/airflow/dags/dag_1.py
[2026-04-15T19:31:38.874+0000] {processor.py:925} INFO - DAG(s) 'hello_world_dag' retrieved from /opt/airflow/dags/dag_1.py
[2026-04-15T19:31:38.900+0000] {logging_mixin.py:190} INFO - [2026-04-15T19:31:38.899+0000] {dag.py:3239} INFO - Sync 1 DAGs
[2026-04-15T19:31:39.024+0000] {logging_mixin.py:190} INFO - [2026-04-15T19:31:39.024+0000] {dag.py:4180} INFO - Setting next_dagrun for hello_world_dag to None, run_after=None
[2026-04-15T19:31:39.045+0000] {processor.py:208} INFO - Processing /opt/airflow/dags/dag_1.py took 0.195 seconds
[2026-04-15T19:32:09.210+0000] {processor.py:186} INFO - Started process (PID=3447) to work on /opt/airflow/dags/dag_1.py
[2026-04-15T19:32:09.217+0000] {processor.py:914} INFO - Processing file /opt/airflow/dags/dag_1.py for tasks to queue
[2026-04-15T19:32:09.220+0000] {logging_mixin.py:190} INFO - [2026-04-15T19:32:09.219+0000] {dagbag.py:588} INFO - Filling up the DagBag from /opt/airflow/dags/dag_1.py
[2026-04-15T19:32:09.229+0000] {processor.py:925} INFO - DAG(s) 'hello_world_dag' retrieved from /opt/airflow/dags/dag_1.py
[2026-04-15T19:32:09.255+0000] {logging_mixin.py:190} INFO - [2026-04-15T19:32:09.255+0000] {dag.py:3239} INFO - Sync 1 DAGs
[2026-04-15T19:32:09.379+0000] {logging_mixin.py:190} INFO - [2026-04-15T19:32:09.379+0000] {dag.py:4180} INFO - Setting next_dagrun for hello_world_dag to None, run_after=None
[2026-04-15T19:32:09.397+0000] {processor.py:208} INFO - Processing /opt/airflow/dags/dag_1.py took 0.198 seconds
[2026-04-15T19:32:39.621+0000] {processor.py:186} INFO - Started process (PID=3458) to work on /opt/airflow/dags/dag_1.py
[2026-04-15T19:32:39.622+0000] {processor.py:914} INFO - Processing file /opt/airflow/dags/dag_1.py for tasks to queue
[2026-04-15T19:32:39.626+0000] {logging_mixin.py:190} INFO - [2026-04-15T19:32:39.625+0000] {dagbag.py:588} INFO - Filling up the DagBag from /opt/airflow/dags/dag_1.py
[2026-04-15T19:32:39.636+0000] {processor.py:925} INFO - DAG(s) 'hello_world_dag' retrieved from /opt/airflow/dags/dag_1.py
[2026-04-15T19:32:39.667+0000] {logging_mixin.py:190} INFO - [2026-04-15T19:32:39.667+0000] {dag.py:3239} INFO - Sync 1 DAGs
[2026-04-15T19:32:39.680+0000] {logging_mixin.py:190} INFO - [2026-04-15T19:32:39.680+0000] {dag.py:4180} INFO - Setting next_dagrun for hello_world_dag to None, run_after=None
[2026-04-15T19:32:39.699+0000] {processor.py:208} INFO - Processing /opt/airflow/dags/dag_1.py took 0.096 seconds
[2026-04-15T19:33:09.957+0000] {processor.py:186} INFO - Started process (PID=3469) to work on /opt/airflow/dags/dag_1.py
[2026-04-15T19:33:09.964+0000] {processor.py:914} INFO - Processing file /opt/airflow/dags/dag_1.py for tasks to queue
[2026-04-15T19:33:09.969+0000] {logging_mixin.py:190} INFO - [2026-04-15T19:33:09.968+0000] {dagbag.py:588} INFO - Filling up the DagBag from /opt/airflow/dags/dag_1.py
[2026-04-15T19:33:09.980+0000] {processor.py:925} INFO - DAG(s) 'hello_world_dag' retrieved from /opt/airflow/dags/dag_1.py
[2026-04-15T19:33:10.008+0000] {logging_mixin.py:190} INFO - [2026-04-15T19:33:10.008+0000] {dag.py:3239} INFO - Sync 1 DAGs
[2026-04-15T19:33:10.021+0000] {logging_mixin.py:190} INFO - [2026-04-15T19:33:10.021+0000] {dag.py:4180} INFO - Setting next_dagrun for hello_world_dag to None, run_after=None
[2026-04-15T19:33:10.038+0000] {processor.py:208} INFO - Processing /opt/airflow/dags/dag_1.py took 0.100 seconds
[2026-04-15T19:33:40.237+0000] {processor.py:186} INFO - Started process (PID=3480) to work on /opt/airflow/dags/dag_1.py
[2026-04-15T19:33:40.238+0000] {processor.py:914} INFO - Processing file /opt/airflow/dags/dag_1.py for tasks to queue
[2026-04-15T19:33:40.240+0000] {logging_mixin.py:190} INFO - [2026-04-15T19:33:40.240+0000] {dagbag.py:588} INFO - Filling up the DagBag from /opt/airflow/dags/dag_1.py
[2026-04-15T19:33:40.252+0000] {processor.py:925} INFO - DAG(s) 'hello_world_dag' retrieved from /opt/airflow/dags/dag_1.py
[2026-04-15T19:33:40.272+0000] {logging_mixin.py:190} INFO - [2026-04-15T19:33:40.271+0000] {dag.py:3239} INFO - Sync 1 DAGs
[2026-04-15T19:33:40.285+0000] {logging_mixin.py:190} INFO - [2026-04-15T19:33:40.285+0000] {dag.py:4180} INFO - Setting next_dagrun for hello_world_dag to None, run_after=None
[2026-04-15T19:33:40.300+0000] {processor.py:208} INFO - Processing /opt/airflow/dags/dag_1.py took 0.068 seconds
[2026-04-15T19:34:10.572+0000] {processor.py:186} INFO - Started process (PID=3491) to work on /opt/airflow/dags/dag_1.py
[2026-04-15T19:34:10.578+0000] {processor.py:914} INFO - Processing file /opt/airflow/dags/dag_1.py for tasks to queue
[2026-04-15T19:34:10.580+0000] {logging_mixin.py:190} INFO - [2026-04-15T19:34:10.579+0000] {dagbag.py:588} INFO - Filling up the DagBag from /opt/airflow/dags/dag_1.py
[2026-04-15T19:34:10.591+0000] {processor.py:925} INFO - DAG(s) 'hello_world_dag' retrieved from /opt/airflow/dags/dag_1.py
[2026-04-15T19:34:10.613+0000] {logging_mixin.py:190} INFO - [2026-04-15T19:34:10.613+0000] {dag.py:3239} INFO - Sync 1 DAGs
[2026-04-15T19:34:10.624+0000] {logging_mixin.py:190} INFO - [2026-04-15T19:34:10.624+0000] {dag.py:4180} INFO - Setting next_dagrun for hello_world_dag to None, run_after=None
[2026-04-15T19:34:10.742+0000] {processor.py:208} INFO - Processing /opt/airflow/dags/dag_1.py took 0.175 seconds
[2026-04-15T19:34:40.914+0000] {processor.py:186} INFO - Started process (PID=3502) to work on /opt/airflow/dags/dag_1.py
[2026-04-15T19:34:40.915+0000] {processor.py:914} INFO - Processing file /opt/airflow/dags/dag_1.py for tasks to queue
[2026-04-15T19:34:40.918+0000] {logging_mixin.py:190} INFO - [2026-04-15T19:34:40.917+0000] {dagbag.py:588} INFO - Filling up the DagBag from /opt/airflow/dags/dag_1.py
[2026-04-15T19:34:40.935+0000] {processor.py:925} INFO - DAG(s) 'hello_world_dag' retrieved from /opt/airflow/dags/dag_1.py
[2026-04-15T19:34:40.958+0000] {logging_mixin.py:190} INFO - [2026-04-15T19:34:40.957+0000] {dag.py:3239} INFO - Sync 1 DAGs
[2026-04-15T19:34:41.084+0000] {logging_mixin.py:190} INFO - [2026-04-15T19:34:41.084+0000] {dag.py:4180} INFO - Setting next_dagrun for hello_world_dag to None, run_after=None
[2026-04-15T19:34:41.106+0000] {processor.py:208} INFO - Processing /opt/airflow/dags/dag_1.py took 0.208 seconds
[2026-04-15T19:35:11.316+0000] {processor.py:186} INFO - Started process (PID=3513) to work on /opt/airflow/dags/dag_1.py
[2026-04-15T19:35:11.323+0000] {processor.py:914} INFO - Processing file /opt/airflow/dags/dag_1.py for tasks to queue
[2026-04-15T19:35:11.325+0000] {logging_mixin.py:190} INFO - [2026-04-15T19:35:11.324+0000] {dagbag.py:588} INFO - Filling up the DagBag from /opt/airflow/dags/dag_1.py
[2026-04-15T19:35:11.338+0000] {processor.py:925} INFO - DAG(s) 'hello_world_dag' retrieved from /opt/airflow/dags/dag_1.py
[2026-04-15T19:35:11.463+0000] {logging_mixin.py:190} INFO - [2026-04-15T19:35:11.463+0000] {dag.py:3239} INFO - Sync 1 DAGs
[2026-04-15T19:35:11.474+0000] {logging_mixin.py:190} INFO - [2026-04-15T19:35:11.473+0000] {dag.py:4180} INFO - Setting next_dagrun for hello_world_dag to None, run_after=None
[2026-04-15T19:35:11.494+0000] {processor.py:208} INFO - Processing /opt/airflow/dags/dag_1.py took 0.185 seconds
[2026-04-15T19:35:41.714+0000] {processor.py:186} INFO - Started process (PID=3524) to work on /opt/airflow/dags/dag_1.py
[2026-04-15T19:35:41.715+0000] {processor.py:914} INFO - Processing file /opt/airflow/dags/dag_1.py for tasks to queue
[2026-04-15T19:35:41.721+0000] {logging_mixin.py:190} INFO - [2026-04-15T19:35:41.720+0000] {dagbag.py:588} INFO - Filling up the DagBag from /opt/airflow/dags/dag_1.py
[2026-04-15T19:35:41.739+0000] {processor.py:925} INFO - DAG(s) 'hello_world_dag' retrieved from /opt/airflow/dags/dag_1.py
[2026-04-15T19:35:41.759+0000] {logging_mixin.py:190} INFO - [2026-04-15T19:35:41.758+0000] {dag.py:3239} INFO - Sync 1 DAGs
[2026-04-15T19:35:41.771+0000] {logging_mixin.py:190} INFO - [2026-04-15T19:35:41.771+0000] {dag.py:4180} INFO - Setting next_dagrun for hello_world_dag to None, run_after=None
[2026-04-15T19:35:41.787+0000] {processor.py:208} INFO - Processing /opt/airflow/dags/dag_1.py took 0.092 seconds
[2026-04-15T19:36:12.081+0000] {processor.py:186} INFO - Started process (PID=3535) to work on /opt/airflow/dags/dag_1.py
[2026-04-15T19:36:12.087+0000] {processor.py:914} INFO - Processing file /opt/airflow/dags/dag_1.py for tasks to queue
[2026-04-15T19:36:12.089+0000] {logging_mixin.py:190} INFO - [2026-04-15T19:36:12.088+0000] {dagbag.py:588} INFO - Filling up the DagBag from /opt/airflow/dags/dag_1.py
[2026-04-15T19:36:12.100+0000] {processor.py:925} INFO - DAG(s) 'hello_world_dag' retrieved from /opt/airflow/dags/dag_1.py
[2026-04-15T19:36:12.120+0000] {logging_mixin.py:190} INFO - [2026-04-15T19:36:12.119+0000] {dag.py:3239} INFO - Sync 1 DAGs
[2026-04-15T19:36:12.131+0000] {logging_mixin.py:190} INFO - [2026-04-15T19:36:12.131+0000] {dag.py:4180} INFO - Setting next_dagrun for hello_world_dag to None, run_after=None
[2026-04-15T19:36:12.145+0000] {processor.py:208} INFO - Processing /opt/airflow/dags/dag_1.py took 0.069 seconds
[2026-04-15T19:36:42.390+0000] {processor.py:186} INFO - Started process (PID=3546) to work on /opt/airflow/dags/dag_1.py
[2026-04-15T19:36:42.391+0000] {processor.py:914} INFO - Processing file /opt/airflow/dags/dag_1.py for tasks to queue
[2026-04-15T19:36:42.393+0000] {logging_mixin.py:190} INFO - [2026-04-15T19:36:42.392+0000] {dagbag.py:588} INFO - Filling up the DagBag from /opt/airflow/dags/dag_1.py
[2026-04-15T19:36:42.405+0000] {processor.py:925} INFO - DAG(s) 'hello_world_dag' retrieved from /opt/airflow/dags/dag_1.py
[2026-04-15T19:36:42.424+0000] {logging_mixin.py:190} INFO - [2026-04-15T19:36:42.424+0000] {dag.py:3239} INFO - Sync 1 DAGs
[2026-04-15T19:36:42.437+0000] {logging_mixin.py:190} INFO - [2026-04-15T19:36:42.437+0000] {dag.py:4180} INFO - Setting next_dagrun for hello_world_dag to None, run_after=None
[2026-04-15T19:36:42.453+0000] {processor.py:208} INFO - Processing /opt/airflow/dags/dag_1.py took 0.068 seconds
[2026-04-15T19:37:12.718+0000] {processor.py:186} INFO - Started process (PID=3557) to work on /opt/airflow/dags/dag_1.py
[2026-04-15T19:37:12.725+0000] {processor.py:914} INFO - Processing file /opt/airflow/dags/dag_1.py for tasks to queue
[2026-04-15T19:37:12.732+0000] {logging_mixin.py:190} INFO - [2026-04-15T19:37:12.731+0000] {dagbag.py:588} INFO - Filling up the DagBag from /opt/airflow/dags/dag_1.py
[2026-04-15T19:37:12.763+0000] {processor.py:925} INFO - DAG(s) 'hello_world_dag' retrieved from /opt/airflow/dags/dag_1.py
[2026-04-15T19:37:12.784+0000] {logging_mixin.py:190} INFO - [2026-04-15T19:37:12.784+0000] {dag.py:3239} INFO - Sync 1 DAGs
[2026-04-15T19:37:12.796+0000] {logging_mixin.py:190} INFO - [2026-04-15T19:37:12.796+0000] {dag.py:4180} INFO - Setting next_dagrun for hello_world_dag to None, run_after=None
[2026-04-15T19:37:12.927+0000] {processor.py:208} INFO - Processing /opt/airflow/dags/dag_1.py took 0.214 seconds
[2026-04-15T19:37:43.023+0000] {processor.py:186} INFO - Started process (PID=3568) to work on /opt/airflow/dags/dag_1.py
[2026-04-15T19:37:43.024+0000] {processor.py:914} INFO - Processing file /opt/airflow/dags/dag_1.py for tasks to queue
[2026-04-15T19:37:43.028+0000] {logging_mixin.py:190} INFO - [2026-04-15T19:37:43.027+0000] {dagbag.py:588} INFO - Filling up the DagBag from /opt/airflow/dags/dag_1.py
[2026-04-15T19:37:43.044+0000] {processor.py:925} INFO - DAG(s) 'hello_world_dag' retrieved from /opt/airflow/dags/dag_1.py
[2026-04-15T19:37:43.065+0000] {logging_mixin.py:190} INFO - [2026-04-15T19:37:43.065+0000] {dag.py:3239} INFO - Sync 1 DAGs
[2026-04-15T19:37:43.190+0000] {logging_mixin.py:190} INFO - [2026-04-15T19:37:43.190+0000] {dag.py:4180} INFO - Setting next_dagrun for hello_world_dag to None, run_after=None
[2026-04-15T19:37:43.208+0000] {processor.py:208} INFO - Processing /opt/airflow/dags/dag_1.py took 0.198 seconds
[2026-04-15T19:38:13.518+0000] {processor.py:186} INFO - Started process (PID=3579) to work on /opt/airflow/dags/dag_1.py
[2026-04-15T19:38:13.525+0000] {processor.py:914} INFO - Processing file /opt/airflow/dags/dag_1.py for tasks to queue
[2026-04-15T19:38:13.527+0000] {logging_mixin.py:190} INFO - [2026-04-15T19:38:13.527+0000] {dagbag.py:588} INFO - Filling up the DagBag from /opt/airflow/dags/dag_1.py
[2026-04-15T19:38:13.545+0000] {processor.py:925} INFO - DAG(s) 'hello_world_dag' retrieved from /opt/airflow/dags/dag_1.py
[2026-04-15T19:38:13.678+0000] {logging_mixin.py:190} INFO - [2026-04-15T19:38:13.678+0000] {dag.py:3239} INFO - Sync 1 DAGs
[2026-04-15T19:38:13.690+0000] {logging_mixin.py:190} INFO - [2026-04-15T19:38:13.690+0000] {dag.py:4180} INFO - Setting next_dagrun for hello_world_dag to None, run_after=None
[2026-04-15T19:38:13.706+0000] {processor.py:208} INFO - Processing /opt/airflow/dags/dag_1.py took 0.197 seconds
[2026-04-15T19:38:43.845+0000] {processor.py:186} INFO - Started process (PID=3590) to work on /opt/airflow/dags/dag_1.py
[2026-04-15T19:38:43.847+0000] {processor.py:914} INFO - Processing file /opt/airflow/dags/dag_1.py for tasks to queue
[2026-04-15T19:38:43.851+0000] {logging_mixin.py:190} INFO - [2026-04-15T19:38:43.851+0000] {dagbag.py:588} INFO - Filling up the DagBag from /opt/airflow/dags/dag_1.py
[2026-04-15T19:38:43.869+0000] {processor.py:925} INFO - DAG(s) 'hello_world_dag' retrieved from /opt/airflow/dags/dag_1.py
[2026-04-15T19:38:43.889+0000] {logging_mixin.py:190} INFO - [2026-04-15T19:38:43.889+0000] {dag.py:3239} INFO - Sync 1 DAGs
[2026-04-15T19:38:43.902+0000] {logging_mixin.py:190} INFO - [2026-04-15T19:38:43.902+0000] {dag.py:4180} INFO - Setting next_dagrun for hello_world_dag to None, run_after=None
[2026-04-15T19:38:43.918+0000] {processor.py:208} INFO - Processing /opt/airflow/dags/dag_1.py took 0.093 seconds
[2026-04-15T19:39:14.134+0000] {processor.py:186} INFO - Started process (PID=3601) to work on /opt/airflow/dags/dag_1.py
[2026-04-15T19:39:14.141+0000] {processor.py:914} INFO - Processing file /opt/airflow/dags/dag_1.py for tasks to queue
[2026-04-15T19:39:14.143+0000] {logging_mixin.py:190} INFO - [2026-04-15T19:39:14.143+0000] {dagbag.py:588} INFO - Filling up the DagBag from /opt/airflow/dags/dag_1.py
[2026-04-15T19:39:14.159+0000] {processor.py:925} INFO - DAG(s) 'hello_world_dag' retrieved from /opt/airflow/dags/dag_1.py
[2026-04-15T19:39:14.181+0000] {logging_mixin.py:190} INFO - [2026-04-15T19:39:14.180+0000] {dag.py:3239} INFO - Sync 1 DAGs
[2026-04-15T19:39:14.193+0000] {logging_mixin.py:190} INFO - [2026-04-15T19:39:14.193+0000] {dag.py:4180} INFO - Setting next_dagrun for hello_world_dag to None, run_after=None
[2026-04-15T19:39:14.211+0000] {processor.py:208} INFO - Processing /opt/airflow/dags/dag_1.py took 0.092 seconds
[2026-04-15T19:39:44.531+0000] {processor.py:186} INFO - Started process (PID=3612) to work on /opt/airflow/dags/dag_1.py
[2026-04-15T19:39:44.532+0000] {processor.py:914} INFO - Processing file /opt/airflow/dags/dag_1.py for tasks to queue
[2026-04-15T19:39:44.536+0000] {logging_mixin.py:190} INFO - [2026-04-15T19:39:44.535+0000] {dagbag.py:588} INFO - Filling up the DagBag from /opt/airflow/dags/dag_1.py
[2026-04-15T19:39:44.552+0000] {processor.py:925} INFO - DAG(s) 'hello_world_dag' retrieved from /opt/airflow/dags/dag_1.py
[2026-04-15T19:39:44.573+0000] {logging_mixin.py:190} INFO - [2026-04-15T19:39:44.572+0000] {dag.py:3239} INFO - Sync 1 DAGs
[2026-04-15T19:39:44.586+0000] {logging_mixin.py:190} INFO - [2026-04-15T19:39:44.586+0000] {dag.py:4180} INFO - Setting next_dagrun for hello_world_dag to None, run_after=None
[2026-04-15T19:39:44.602+0000] {processor.py:208} INFO - Processing /opt/airflow/dags/dag_1.py took 0.081 seconds
[2026-04-15T19:40:14.818+0000] {processor.py:186} INFO - Started process (PID=3623) to work on /opt/airflow/dags/dag_1.py
[2026-04-15T19:40:14.824+0000] {processor.py:914} INFO - Processing file /opt/airflow/dags/dag_1.py for tasks to queue
[2026-04-15T19:40:14.826+0000] {logging_mixin.py:190} INFO - [2026-04-15T19:40:14.826+0000] {dagbag.py:588} INFO - Filling up the DagBag from /opt/airflow/dags/dag_1.py
[2026-04-15T19:40:14.838+0000] {processor.py:925} INFO - DAG(s) 'hello_world_dag' retrieved from /opt/airflow/dags/dag_1.py
[2026-04-15T19:40:14.858+0000] {logging_mixin.py:190} INFO - [2026-04-15T19:40:14.858+0000] {dag.py:3239} INFO - Sync 1 DAGs
[2026-04-15T19:40:14.971+0000] {logging_mixin.py:190} INFO - [2026-04-15T19:40:14.970+0000] {dag.py:4180} INFO - Setting next_dagrun for hello_world_dag to None, run_after=None
[2026-04-15T19:40:14.990+0000] {processor.py:208} INFO - Processing /opt/airflow/dags/dag_1.py took 0.177 seconds
[2026-04-15T19:40:45.217+0000] {processor.py:186} INFO - Started process (PID=3634) to work on /opt/airflow/dags/dag_1.py
[2026-04-15T19:40:45.225+0000] {processor.py:914} INFO - Processing file /opt/airflow/dags/dag_1.py for tasks to queue
[2026-04-15T19:40:45.231+0000] {logging_mixin.py:190} INFO - [2026-04-15T19:40:45.230+0000] {dagbag.py:588} INFO - Filling up the DagBag from /opt/airflow/dags/dag_1.py
[2026-04-15T19:40:45.251+0000] {processor.py:925} INFO - DAG(s) 'hello_world_dag' retrieved from /opt/airflow/dags/dag_1.py
[2026-04-15T19:40:45.272+0000] {logging_mixin.py:190} INFO - [2026-04-15T19:40:45.272+0000] {dag.py:3239} INFO - Sync 1 DAGs
[2026-04-15T19:40:45.382+0000] {logging_mixin.py:190} INFO - [2026-04-15T19:40:45.382+0000] {dag.py:4180} INFO - Setting next_dagrun for hello_world_dag to None, run_after=None
[2026-04-15T19:40:45.402+0000] {processor.py:208} INFO - Processing /opt/airflow/dags/dag_1.py took 0.202 seconds
[2026-04-15T19:41:15.556+0000] {processor.py:186} INFO - Started process (PID=3645) to work on /opt/airflow/dags/dag_1.py
[2026-04-15T19:41:15.557+0000] {processor.py:914} INFO - Processing file /opt/airflow/dags/dag_1.py for tasks to queue
[2026-04-15T19:41:15.559+0000] {logging_mixin.py:190} INFO - [2026-04-15T19:41:15.559+0000] {dagbag.py:588} INFO - Filling up the DagBag from /opt/airflow/dags/dag_1.py
[2026-04-15T19:41:15.570+0000] {processor.py:925} INFO - DAG(s) 'hello_world_dag' retrieved from /opt/airflow/dags/dag_1.py
[2026-04-15T19:41:15.688+0000] {logging_mixin.py:190} INFO - [2026-04-15T19:41:15.688+0000] {dag.py:3239} INFO - Sync 1 DAGs
[2026-04-15T19:41:15.701+0000] {logging_mixin.py:190} INFO - [2026-04-15T19:41:15.700+0000] {dag.py:4180} INFO - Setting next_dagrun for hello_world_dag to None, run_after=None
[2026-04-15T19:41:15.718+0000] {processor.py:208} INFO - Processing /opt/airflow/dags/dag_1.py took 0.167 seconds
[2026-04-15T19:41:45.991+0000] {processor.py:186} INFO - Started process (PID=3656) to work on /opt/airflow/dags/dag_1.py
[2026-04-15T19:41:45.991+0000] {processor.py:914} INFO - Processing file /opt/airflow/dags/dag_1.py for tasks to queue
[2026-04-15T19:41:45.993+0000] {logging_mixin.py:190} INFO - [2026-04-15T19:41:45.993+0000] {dagbag.py:588} INFO - Filling up the DagBag from /opt/airflow/dags/dag_1.py
[2026-04-15T19:41:46.005+0000] {processor.py:925} INFO - DAG(s) 'hello_world_dag' retrieved from /opt/airflow/dags/dag_1.py
[2026-04-15T19:41:46.024+0000] {logging_mixin.py:190} INFO - [2026-04-15T19:41:46.023+0000] {dag.py:3239} INFO - Sync 1 DAGs
[2026-04-15T19:41:46.035+0000] {logging_mixin.py:190} INFO - [2026-04-15T19:41:46.035+0000] {dag.py:4180} INFO - Setting next_dagrun for hello_world_dag to None, run_after=None
[2026-04-15T19:41:46.049+0000] {processor.py:208} INFO - Processing /opt/airflow/dags/dag_1.py took 0.063 seconds
[2026-04-15T19:42:16.305+0000] {processor.py:186} INFO - Started process (PID=3666) to work on /opt/airflow/dags/dag_1.py
[2026-04-15T19:42:16.311+0000] {processor.py:914} INFO - Processing file /opt/airflow/dags/dag_1.py for tasks to queue
[2026-04-15T19:42:16.313+0000] {logging_mixin.py:190} INFO - [2026-04-15T19:42:16.313+0000] {dagbag.py:588} INFO - Filling up the DagBag from /opt/airflow/dags/dag_1.py
[2026-04-15T19:42:16.326+0000] {processor.py:925} INFO - DAG(s) 'hello_world_dag' retrieved from /opt/airflow/dags/dag_1.py
[2026-04-15T19:42:16.348+0000] {logging_mixin.py:190} INFO - [2026-04-15T19:42:16.348+0000] {dag.py:3239} INFO - Sync 1 DAGs
[2026-04-15T19:42:16.360+0000] {logging_mixin.py:190} INFO - [2026-04-15T19:42:16.360+0000] {dag.py:4180} INFO - Setting next_dagrun for hello_world_dag to None, run_after=None
[2026-04-15T19:42:16.375+0000] {processor.py:208} INFO - Processing /opt/airflow/dags/dag_1.py took 0.075 seconds
[2026-04-15T19:42:46.626+0000] {processor.py:186} INFO - Started process (PID=3677) to work on /opt/airflow/dags/dag_1.py
[2026-04-15T19:42:46.627+0000] {processor.py:914} INFO - Processing file /opt/airflow/dags/dag_1.py for tasks to queue
[2026-04-15T19:42:46.629+0000] {logging_mixin.py:190} INFO - [2026-04-15T19:42:46.628+0000] {dagbag.py:588} INFO - Filling up the DagBag from /opt/airflow/dags/dag_1.py
[2026-04-15T19:42:46.635+0000] {processor.py:925} INFO - DAG(s) 'hello_world_dag' retrieved from /opt/airflow/dags/dag_1.py
[2026-04-15T19:42:46.655+0000] {logging_mixin.py:190} INFO - [2026-04-15T19:42:46.655+0000] {dag.py:3239} INFO - Sync 1 DAGs
[2026-04-15T19:42:46.666+0000] {logging_mixin.py:190} INFO - [2026-04-15T19:42:46.666+0000] {dag.py:4180} INFO - Setting next_dagrun for hello_world_dag to None, run_after=None
[2026-04-15T19:42:46.782+0000] {processor.py:208} INFO - Processing /opt/airflow/dags/dag_1.py took 0.160 seconds
[2026-04-15T19:43:16.966+0000] {processor.py:186} INFO - Started process (PID=3688) to work on /opt/airflow/dags/dag_1.py
[2026-04-15T19:43:16.973+0000] {processor.py:914} INFO - Processing file /opt/airflow/dags/dag_1.py for tasks to queue
[2026-04-15T19:43:16.977+0000] {logging_mixin.py:190} INFO - [2026-04-15T19:43:16.976+0000] {dagbag.py:588} INFO - Filling up the DagBag from /opt/airflow/dags/dag_1.py
[2026-04-15T19:43:16.988+0000] {processor.py:925} INFO - DAG(s) 'hello_world_dag' retrieved from /opt/airflow/dags/dag_1.py
[2026-04-15T19:43:17.011+0000] {logging_mixin.py:190} INFO - [2026-04-15T19:43:17.011+0000] {dag.py:3239} INFO - Sync 1 DAGs
[2026-04-15T19:43:17.139+0000] {logging_mixin.py:190} INFO - [2026-04-15T19:43:17.139+0000] {dag.py:4180} INFO - Setting next_dagrun for hello_world_dag to None, run_after=None
[2026-04-15T19:43:17.159+0000] {processor.py:208} INFO - Processing /opt/airflow/dags/dag_1.py took 0.212 seconds
[2026-04-15T19:43:47.398+0000] {processor.py:186} INFO - Started process (PID=3699) to work on /opt/airflow/dags/dag_1.py
[2026-04-15T19:43:47.399+0000] {processor.py:914} INFO - Processing file /opt/airflow/dags/dag_1.py for tasks to queue
[2026-04-15T19:43:47.403+0000] {logging_mixin.py:190} INFO - [2026-04-15T19:43:47.402+0000] {dagbag.py:588} INFO - Filling up the DagBag from /opt/airflow/dags/dag_1.py
[2026-04-15T19:43:47.414+0000] {processor.py:925} INFO - DAG(s) 'hello_world_dag' retrieved from /opt/airflow/dags/dag_1.py
[2026-04-15T19:43:47.547+0000] {logging_mixin.py:190} INFO - [2026-04-15T19:43:47.547+0000] {dag.py:3239} INFO - Sync 1 DAGs
[2026-04-15T19:43:47.559+0000] {logging_mixin.py:190} INFO - [2026-04-15T19:43:47.559+0000] {dag.py:4180} INFO - Setting next_dagrun for hello_world_dag to None, run_after=None
[2026-04-15T19:43:47.580+0000] {processor.py:208} INFO - Processing /opt/airflow/dags/dag_1.py took 0.195 seconds
[2026-04-15T19:44:17.778+0000] {processor.py:186} INFO - Started process (PID=3710) to work on /opt/airflow/dags/dag_1.py
[2026-04-15T19:44:17.785+0000] {processor.py:914} INFO - Processing file /opt/airflow/dags/dag_1.py for tasks to queue
[2026-04-15T19:44:17.788+0000] {logging_mixin.py:190} INFO - [2026-04-15T19:44:17.787+0000] {dagbag.py:588} INFO - Filling up the DagBag from /opt/airflow/dags/dag_1.py
[2026-04-15T19:44:17.912+0000] {processor.py:925} INFO - DAG(s) 'hello_world_dag' retrieved from /opt/airflow/dags/dag_1.py
[2026-04-15T19:44:17.931+0000] {logging_mixin.py:190} INFO - [2026-04-15T19:44:17.930+0000] {dag.py:3239} INFO - Sync 1 DAGs
[2026-04-15T19:44:17.946+0000] {logging_mixin.py:190} INFO - [2026-04-15T19:44:17.946+0000] {dag.py:4180} INFO - Setting next_dagrun for hello_world_dag to None, run_after=None
[2026-04-15T19:44:17.961+0000] {processor.py:208} INFO - Processing /opt/airflow/dags/dag_1.py took 0.202 seconds
[2026-04-15T19:44:48.302+0000] {processor.py:186} INFO - Started process (PID=3721) to work on /opt/airflow/dags/dag_1.py
[2026-04-15T19:44:48.303+0000] {processor.py:914} INFO - Processing file /opt/airflow/dags/dag_1.py for tasks to queue
[2026-04-15T19:44:48.307+0000] {logging_mixin.py:190} INFO - [2026-04-15T19:44:48.306+0000] {dagbag.py:588} INFO - Filling up the DagBag from /opt/airflow/dags/dag_1.py
[2026-04-15T19:44:48.318+0000] {processor.py:925} INFO - DAG(s) 'hello_world_dag' retrieved from /opt/airflow/dags/dag_1.py
[2026-04-15T19:44:48.339+0000] {logging_mixin.py:190} INFO - [2026-04-15T19:44:48.339+0000] {dag.py:3239} INFO - Sync 1 DAGs
[2026-04-15T19:44:48.352+0000] {logging_mixin.py:190} INFO - [2026-04-15T19:44:48.352+0000] {dag.py:4180} INFO - Setting next_dagrun for hello_world_dag to None, run_after=None
[2026-04-15T19:44:48.368+0000] {processor.py:208} INFO - Processing /opt/airflow/dags/dag_1.py took 0.075 seconds
[2026-04-15T19:45:18.616+0000] {processor.py:186} INFO - Started process (PID=3732) to work on /opt/airflow/dags/dag_1.py
[2026-04-15T19:45:18.623+0000] {processor.py:914} INFO - Processing file /opt/airflow/dags/dag_1.py for tasks to queue
[2026-04-15T19:45:18.624+0000] {logging_mixin.py:190} INFO - [2026-04-15T19:45:18.624+0000] {dagbag.py:588} INFO - Filling up the DagBag from /opt/airflow/dags/dag_1.py
[2026-04-15T19:45:18.632+0000] {processor.py:925} INFO - DAG(s) 'hello_world_dag' retrieved from /opt/airflow/dags/dag_1.py
[2026-04-15T19:45:18.653+0000] {logging_mixin.py:190} INFO - [2026-04-15T19:45:18.652+0000] {dag.py:3239} INFO - Sync 1 DAGs
[2026-04-15T19:45:18.665+0000] {logging_mixin.py:190} INFO - [2026-04-15T19:45:18.665+0000] {dag.py:4180} INFO - Setting next_dagrun for hello_world_dag to None, run_after=None
[2026-04-15T19:45:18.682+0000] {processor.py:208} INFO - Processing /opt/airflow/dags/dag_1.py took 0.077 seconds
[2026-04-15T19:45:48.937+0000] {processor.py:186} INFO - Started process (PID=3743) to work on /opt/airflow/dags/dag_1.py
[2026-04-15T19:45:48.938+0000] {processor.py:914} INFO - Processing file /opt/airflow/dags/dag_1.py for tasks to queue
[2026-04-15T19:45:48.940+0000] {logging_mixin.py:190} INFO - [2026-04-15T19:45:48.939+0000] {dagbag.py:588} INFO - Filling up the DagBag from /opt/airflow/dags/dag_1.py
[2026-04-15T19:45:48.947+0000] {processor.py:925} INFO - DAG(s) 'hello_world_dag' retrieved from /opt/airflow/dags/dag_1.py
[2026-04-15T19:45:48.968+0000] {logging_mixin.py:190} INFO - [2026-04-15T19:45:48.968+0000] {dag.py:3239} INFO - Sync 1 DAGs
[2026-04-15T19:45:48.980+0000] {logging_mixin.py:190} INFO - [2026-04-15T19:45:48.980+0000] {dag.py:4180} INFO - Setting next_dagrun for hello_world_dag to None, run_after=None
[2026-04-15T19:45:48.996+0000] {processor.py:208} INFO - Processing /opt/airflow/dags/dag_1.py took 0.064 seconds
[2026-04-15T19:46:19.162+0000] {processor.py:186} INFO - Started process (PID=3754) to work on /opt/airflow/dags/dag_1.py
[2026-04-15T19:46:19.163+0000] {processor.py:914} INFO - Processing file /opt/airflow/dags/dag_1.py for tasks to queue
[2026-04-15T19:46:19.165+0000] {logging_mixin.py:190} INFO - [2026-04-15T19:46:19.164+0000] {dagbag.py:588} INFO - Filling up the DagBag from /opt/airflow/dags/dag_1.py
[2026-04-15T19:46:19.172+0000] {processor.py:925} INFO - DAG(s) 'hello_world_dag' retrieved from /opt/airflow/dags/dag_1.py
[2026-04-15T19:46:19.191+0000] {logging_mixin.py:190} INFO - [2026-04-15T19:46:19.191+0000] {dag.py:3239} INFO - Sync 1 DAGs
[2026-04-15T19:46:19.203+0000] {logging_mixin.py:190} INFO - [2026-04-15T19:46:19.203+0000] {dag.py:4180} INFO - Setting next_dagrun for hello_world_dag to None, run_after=None
[2026-04-15T19:46:19.217+0000] {processor.py:208} INFO - Processing /opt/airflow/dags/dag_1.py took 0.060 seconds
[2026-04-15T19:46:49.474+0000] {processor.py:186} INFO - Started process (PID=3765) to work on /opt/airflow/dags/dag_1.py
[2026-04-15T19:46:49.475+0000] {processor.py:914} INFO - Processing file /opt/airflow/dags/dag_1.py for tasks to queue
[2026-04-15T19:46:49.478+0000] {logging_mixin.py:190} INFO - [2026-04-15T19:46:49.478+0000] {dagbag.py:588} INFO - Filling up the DagBag from /opt/airflow/dags/dag_1.py
[2026-04-15T19:46:49.488+0000] {processor.py:925} INFO - DAG(s) 'hello_world_dag' retrieved from /opt/airflow/dags/dag_1.py
[2026-04-15T19:46:49.510+0000] {logging_mixin.py:190} INFO - [2026-04-15T19:46:49.509+0000] {dag.py:3239} INFO - Sync 1 DAGs
[2026-04-15T19:46:49.522+0000] {logging_mixin.py:190} INFO - [2026-04-15T19:46:49.522+0000] {dag.py:4180} INFO - Setting next_dagrun for hello_world_dag to None, run_after=None
[2026-04-15T19:46:49.539+0000] {processor.py:208} INFO - Processing /opt/airflow/dags/dag_1.py took 0.074 seconds
[2026-04-15T19:47:19.752+0000] {processor.py:186} INFO - Started process (PID=3776) to work on /opt/airflow/dags/dag_1.py
[2026-04-15T19:47:19.760+0000] {processor.py:914} INFO - Processing file /opt/airflow/dags/dag_1.py for tasks to queue
[2026-04-15T19:47:19.766+0000] {logging_mixin.py:190} INFO - [2026-04-15T19:47:19.765+0000] {dagbag.py:588} INFO - Filling up the DagBag from /opt/airflow/dags/dag_1.py
[2026-04-15T19:47:19.790+0000] {processor.py:925} INFO - DAG(s) 'hello_world_dag' retrieved from /opt/airflow/dags/dag_1.py
[2026-04-15T19:47:19.818+0000] {logging_mixin.py:190} INFO - [2026-04-15T19:47:19.818+0000] {dag.py:3239} INFO - Sync 1 DAGs
[2026-04-15T19:47:19.833+0000] {logging_mixin.py:190} INFO - [2026-04-15T19:47:19.833+0000] {dag.py:4180} INFO - Setting next_dagrun for hello_world_dag to None, run_after=None
[2026-04-15T19:47:19.848+0000] {processor.py:208} INFO - Processing /opt/airflow/dags/dag_1.py took 0.101 seconds
[2026-04-15T19:47:50.041+0000] {processor.py:186} INFO - Started process (PID=3787) to work on /opt/airflow/dags/dag_1.py
[2026-04-15T19:47:50.048+0000] {processor.py:914} INFO - Processing file /opt/airflow/dags/dag_1.py for tasks to queue
[2026-04-15T19:47:50.049+0000] {logging_mixin.py:190} INFO - [2026-04-15T19:47:50.049+0000] {dagbag.py:588} INFO - Filling up the DagBag from /opt/airflow/dags/dag_1.py
[2026-04-15T19:47:50.057+0000] {processor.py:925} INFO - DAG(s) 'hello_world_dag' retrieved from /opt/airflow/dags/dag_1.py
[2026-04-15T19:47:50.079+0000] {logging_mixin.py:190} INFO - [2026-04-15T19:47:50.079+0000] {dag.py:3239} INFO - Sync 1 DAGs
[2026-04-15T19:47:50.091+0000] {logging_mixin.py:190} INFO - [2026-04-15T19:47:50.091+0000] {dag.py:4180} INFO - Setting next_dagrun for hello_world_dag to None, run_after=None
[2026-04-15T19:47:50.106+0000] {processor.py:208} INFO - Processing /opt/airflow/dags/dag_1.py took 0.069 seconds
[2026-04-15T19:48:20.373+0000] {processor.py:186} INFO - Started process (PID=3798) to work on /opt/airflow/dags/dag_1.py
[2026-04-15T19:48:20.374+0000] {processor.py:914} INFO - Processing file /opt/airflow/dags/dag_1.py for tasks to queue
[2026-04-15T19:48:20.377+0000] {logging_mixin.py:190} INFO - [2026-04-15T19:48:20.377+0000] {dagbag.py:588} INFO - Filling up the DagBag from /opt/airflow/dags/dag_1.py
[2026-04-15T19:48:20.386+0000] {processor.py:925} INFO - DAG(s) 'hello_world_dag' retrieved from /opt/airflow/dags/dag_1.py
[2026-04-15T19:48:20.408+0000] {logging_mixin.py:190} INFO - [2026-04-15T19:48:20.407+0000] {dag.py:3239} INFO - Sync 1 DAGs
[2026-04-15T19:48:20.420+0000] {logging_mixin.py:190} INFO - [2026-04-15T19:48:20.419+0000] {dag.py:4180} INFO - Setting next_dagrun for hello_world_dag to None, run_after=None
[2026-04-15T19:48:20.435+0000] {processor.py:208} INFO - Processing /opt/airflow/dags/dag_1.py took 0.075 seconds
[2026-04-15T19:48:50.688+0000] {processor.py:186} INFO - Started process (PID=3809) to work on /opt/airflow/dags/dag_1.py
[2026-04-15T19:48:50.695+0000] {processor.py:914} INFO - Processing file /opt/airflow/dags/dag_1.py for tasks to queue
[2026-04-15T19:48:50.698+0000] {logging_mixin.py:190} INFO - [2026-04-15T19:48:50.698+0000] {dagbag.py:588} INFO - Filling up the DagBag from /opt/airflow/dags/dag_1.py
[2026-04-15T19:48:50.709+0000] {processor.py:925} INFO - DAG(s) 'hello_world_dag' retrieved from /opt/airflow/dags/dag_1.py
[2026-04-15T19:48:50.731+0000] {logging_mixin.py:190} INFO - [2026-04-15T19:48:50.730+0000] {dag.py:3239} INFO - Sync 1 DAGs
[2026-04-15T19:48:50.743+0000] {logging_mixin.py:190} INFO - [2026-04-15T19:48:50.743+0000] {dag.py:4180} INFO - Setting next_dagrun for hello_world_dag to None, run_after=None
[2026-04-15T19:48:50.760+0000] {processor.py:208} INFO - Processing /opt/airflow/dags/dag_1.py took 0.092 seconds
[2026-04-15T19:49:21.038+0000] {processor.py:186} INFO - Started process (PID=3820) to work on /opt/airflow/dags/dag_1.py
[2026-04-15T19:49:21.039+0000] {processor.py:914} INFO - Processing file /opt/airflow/dags/dag_1.py for tasks to queue
[2026-04-15T19:49:21.043+0000] {logging_mixin.py:190} INFO - [2026-04-15T19:49:21.043+0000] {dagbag.py:588} INFO - Filling up the DagBag from /opt/airflow/dags/dag_1.py
[2026-04-15T19:49:21.056+0000] {processor.py:925} INFO - DAG(s) 'hello_world_dag' retrieved from /opt/airflow/dags/dag_1.py
[2026-04-15T19:49:21.078+0000] {logging_mixin.py:190} INFO - [2026-04-15T19:49:21.078+0000] {dag.py:3239} INFO - Sync 1 DAGs
[2026-04-15T19:49:21.091+0000] {logging_mixin.py:190} INFO - [2026-04-15T19:49:21.091+0000] {dag.py:4180} INFO - Setting next_dagrun for hello_world_dag to None, run_after=None
[2026-04-15T19:49:21.108+0000] {processor.py:208} INFO - Processing /opt/airflow/dags/dag_1.py took 0.088 seconds
[2026-04-15T19:49:51.386+0000] {processor.py:186} INFO - Started process (PID=3831) to work on /opt/airflow/dags/dag_1.py
[2026-04-15T19:49:51.393+0000] {processor.py:914} INFO - Processing file /opt/airflow/dags/dag_1.py for tasks to queue
[2026-04-15T19:49:51.396+0000] {logging_mixin.py:190} INFO - [2026-04-15T19:49:51.396+0000] {dagbag.py:588} INFO - Filling up the DagBag from /opt/airflow/dags/dag_1.py
[2026-04-15T19:49:51.410+0000] {processor.py:925} INFO - DAG(s) 'hello_world_dag' retrieved from /opt/airflow/dags/dag_1.py
[2026-04-15T19:49:51.432+0000] {logging_mixin.py:190} INFO - [2026-04-15T19:49:51.432+0000] {dag.py:3239} INFO - Sync 1 DAGs
[2026-04-15T19:49:51.445+0000] {logging_mixin.py:190} INFO - [2026-04-15T19:49:51.445+0000] {dag.py:4180} INFO - Setting next_dagrun for hello_world_dag to None, run_after=None
[2026-04-15T19:49:51.462+0000] {processor.py:208} INFO - Processing /opt/airflow/dags/dag_1.py took 0.087 seconds
[2026-04-15T19:50:21.708+0000] {processor.py:186} INFO - Started process (PID=3842) to work on /opt/airflow/dags/dag_1.py
[2026-04-15T19:50:21.709+0000] {processor.py:914} INFO - Processing file /opt/airflow/dags/dag_1.py for tasks to queue
[2026-04-15T19:50:21.714+0000] {logging_mixin.py:190} INFO - [2026-04-15T19:50:21.713+0000] {dagbag.py:588} INFO - Filling up the DagBag from /opt/airflow/dags/dag_1.py
[2026-04-15T19:50:21.724+0000] {processor.py:925} INFO - DAG(s) 'hello_world_dag' retrieved from /opt/airflow/dags/dag_1.py
[2026-04-15T19:50:21.749+0000] {logging_mixin.py:190} INFO - [2026-04-15T19:50:21.749+0000] {dag.py:3239} INFO - Sync 1 DAGs
[2026-04-15T19:50:21.760+0000] {logging_mixin.py:190} INFO - [2026-04-15T19:50:21.760+0000] {dag.py:4180} INFO - Setting next_dagrun for hello_world_dag to None, run_after=None
[2026-04-15T19:50:21.775+0000] {processor.py:208} INFO - Processing /opt/airflow/dags/dag_1.py took 0.081 seconds
[2026-04-15T19:50:52.063+0000] {processor.py:186} INFO - Started process (PID=3853) to work on /opt/airflow/dags/dag_1.py
[2026-04-15T19:50:52.070+0000] {processor.py:914} INFO - Processing file /opt/airflow/dags/dag_1.py for tasks to queue
[2026-04-15T19:50:52.072+0000] {logging_mixin.py:190} INFO - [2026-04-15T19:50:52.071+0000] {dagbag.py:588} INFO - Filling up the DagBag from /opt/airflow/dags/dag_1.py
[2026-04-15T19:50:52.079+0000] {processor.py:925} INFO - DAG(s) 'hello_world_dag' retrieved from /opt/airflow/dags/dag_1.py
[2026-04-15T19:50:52.100+0000] {logging_mixin.py:190} INFO - [2026-04-15T19:50:52.100+0000] {dag.py:3239} INFO - Sync 1 DAGs
[2026-04-15T19:50:52.114+0000] {logging_mixin.py:190} INFO - [2026-04-15T19:50:52.114+0000] {dag.py:4180} INFO - Setting next_dagrun for hello_world_dag to None, run_after=None
[2026-04-15T19:50:52.131+0000] {processor.py:208} INFO - Processing /opt/airflow/dags/dag_1.py took 0.077 seconds
[2026-04-15T19:51:22.395+0000] {processor.py:186} INFO - Started process (PID=3864) to work on /opt/airflow/dags/dag_1.py
[2026-04-15T19:51:22.396+0000] {processor.py:914} INFO - Processing file /opt/airflow/dags/dag_1.py for tasks to queue
[2026-04-15T19:51:22.400+0000] {logging_mixin.py:190} INFO - [2026-04-15T19:51:22.399+0000] {dagbag.py:588} INFO - Filling up the DagBag from /opt/airflow/dags/dag_1.py
[2026-04-15T19:51:22.409+0000] {processor.py:925} INFO - DAG(s) 'hello_world_dag' retrieved from /opt/airflow/dags/dag_1.py
[2026-04-15T19:51:22.430+0000] {logging_mixin.py:190} INFO - [2026-04-15T19:51:22.430+0000] {dag.py:3239} INFO - Sync 1 DAGs
[2026-04-15T19:51:22.444+0000] {logging_mixin.py:190} INFO - [2026-04-15T19:51:22.444+0000] {dag.py:4180} INFO - Setting next_dagrun for hello_world_dag to None, run_after=None
[2026-04-15T19:51:22.461+0000] {processor.py:208} INFO - Processing /opt/airflow/dags/dag_1.py took 0.079 seconds
[2026-04-15T19:51:52.744+0000] {processor.py:186} INFO - Started process (PID=3874) to work on /opt/airflow/dags/dag_1.py
[2026-04-15T19:51:52.751+0000] {processor.py:914} INFO - Processing file /opt/airflow/dags/dag_1.py for tasks to queue
[2026-04-15T19:51:52.753+0000] {logging_mixin.py:190} INFO - [2026-04-15T19:51:52.753+0000] {dagbag.py:588} INFO - Filling up the DagBag from /opt/airflow/dags/dag_1.py
[2026-04-15T19:51:52.762+0000] {processor.py:925} INFO - DAG(s) 'hello_world_dag' retrieved from /opt/airflow/dags/dag_1.py
[2026-04-15T19:51:52.784+0000] {logging_mixin.py:190} INFO - [2026-04-15T19:51:52.783+0000] {dag.py:3239} INFO - Sync 1 DAGs
[2026-04-15T19:51:52.796+0000] {logging_mixin.py:190} INFO - [2026-04-15T19:51:52.796+0000] {dag.py:4180} INFO - Setting next_dagrun for hello_world_dag to None, run_after=None
[2026-04-15T19:51:52.813+0000] {processor.py:208} INFO - Processing /opt/airflow/dags/dag_1.py took 0.080 seconds
[2026-04-15T19:52:23.066+0000] {processor.py:186} INFO - Started process (PID=3885) to work on /opt/airflow/dags/dag_1.py
[2026-04-15T19:52:23.068+0000] {processor.py:914} INFO - Processing file /opt/airflow/dags/dag_1.py for tasks to queue
[2026-04-15T19:52:23.072+0000] {logging_mixin.py:190} INFO - [2026-04-15T19:52:23.071+0000] {dagbag.py:588} INFO - Filling up the DagBag from /opt/airflow/dags/dag_1.py
[2026-04-15T19:52:23.082+0000] {processor.py:925} INFO - DAG(s) 'hello_world_dag' retrieved from /opt/airflow/dags/dag_1.py
[2026-04-15T19:52:23.103+0000] {logging_mixin.py:190} INFO - [2026-04-15T19:52:23.103+0000] {dag.py:3239} INFO - Sync 1 DAGs
[2026-04-15T19:52:23.117+0000] {logging_mixin.py:190} INFO - [2026-04-15T19:52:23.117+0000] {dag.py:4180} INFO - Setting next_dagrun for hello_world_dag to None, run_after=None
[2026-04-15T19:52:23.133+0000] {processor.py:208} INFO - Processing /opt/airflow/dags/dag_1.py took 0.081 seconds
[2026-04-15T19:52:53.419+0000] {processor.py:186} INFO - Started process (PID=3896) to work on /opt/airflow/dags/dag_1.py
[2026-04-15T19:52:53.426+0000] {processor.py:914} INFO - Processing file /opt/airflow/dags/dag_1.py for tasks to queue
[2026-04-15T19:52:53.429+0000] {logging_mixin.py:190} INFO - [2026-04-15T19:52:53.429+0000] {dagbag.py:588} INFO - Filling up the DagBag from /opt/airflow/dags/dag_1.py
[2026-04-15T19:52:53.440+0000] {processor.py:925} INFO - DAG(s) 'hello_world_dag' retrieved from /opt/airflow/dags/dag_1.py
[2026-04-15T19:52:53.462+0000] {logging_mixin.py:190} INFO - [2026-04-15T19:52:53.462+0000] {dag.py:3239} INFO - Sync 1 DAGs
[2026-04-15T19:52:53.475+0000] {logging_mixin.py:190} INFO - [2026-04-15T19:52:53.474+0000] {dag.py:4180} INFO - Setting next_dagrun for hello_world_dag to None, run_after=None
[2026-04-15T19:52:53.491+0000] {processor.py:208} INFO - Processing /opt/airflow/dags/dag_1.py took 0.083 seconds
[2026-04-15T19:53:23.757+0000] {processor.py:186} INFO - Started process (PID=3907) to work on /opt/airflow/dags/dag_1.py
[2026-04-15T19:53:23.758+0000] {processor.py:914} INFO - Processing file /opt/airflow/dags/dag_1.py for tasks to queue
[2026-04-15T19:53:23.764+0000] {logging_mixin.py:190} INFO - [2026-04-15T19:53:23.762+0000] {dagbag.py:588} INFO - Filling up the DagBag from /opt/airflow/dags/dag_1.py
[2026-04-15T19:53:23.776+0000] {processor.py:925} INFO - DAG(s) 'hello_world_dag' retrieved from /opt/airflow/dags/dag_1.py
[2026-04-15T19:53:23.798+0000] {logging_mixin.py:190} INFO - [2026-04-15T19:53:23.797+0000] {dag.py:3239} INFO - Sync 1 DAGs
[2026-04-15T19:53:23.809+0000] {logging_mixin.py:190} INFO - [2026-04-15T19:53:23.809+0000] {dag.py:4180} INFO - Setting next_dagrun for hello_world_dag to None, run_after=None
[2026-04-15T19:53:23.826+0000] {processor.py:208} INFO - Processing /opt/airflow/dags/dag_1.py took 0.087 seconds
[2026-04-15T19:53:54.094+0000] {processor.py:186} INFO - Started process (PID=3919) to work on /opt/airflow/dags/dag_1.py
[2026-04-15T19:53:54.101+0000] {processor.py:914} INFO - Processing file /opt/airflow/dags/dag_1.py for tasks to queue
[2026-04-15T19:53:54.103+0000] {logging_mixin.py:190} INFO - [2026-04-15T19:53:54.103+0000] {dagbag.py:588} INFO - Filling up the DagBag from /opt/airflow/dags/dag_1.py
[2026-04-15T19:53:54.112+0000] {processor.py:925} INFO - DAG(s) 'hello_world_dag' retrieved from /opt/airflow/dags/dag_1.py
[2026-04-15T19:53:54.133+0000] {logging_mixin.py:190} INFO - [2026-04-15T19:53:54.132+0000] {dag.py:3239} INFO - Sync 1 DAGs
[2026-04-15T19:53:54.149+0000] {logging_mixin.py:190} INFO - [2026-04-15T19:53:54.149+0000] {dag.py:4180} INFO - Setting next_dagrun for hello_world_dag to None, run_after=None
[2026-04-15T19:53:54.165+0000] {processor.py:208} INFO - Processing /opt/airflow/dags/dag_1.py took 0.087 seconds
[2026-04-15T19:54:24.417+0000] {processor.py:186} INFO - Started process (PID=3930) to work on /opt/airflow/dags/dag_1.py
[2026-04-15T19:54:24.418+0000] {processor.py:914} INFO - Processing file /opt/airflow/dags/dag_1.py for tasks to queue
[2026-04-15T19:54:24.422+0000] {logging_mixin.py:190} INFO - [2026-04-15T19:54:24.421+0000] {dagbag.py:588} INFO - Filling up the DagBag from /opt/airflow/dags/dag_1.py
[2026-04-15T19:54:24.435+0000] {processor.py:925} INFO - DAG(s) 'hello_world_dag' retrieved from /opt/airflow/dags/dag_1.py
[2026-04-15T19:54:24.457+0000] {logging_mixin.py:190} INFO - [2026-04-15T19:54:24.457+0000] {dag.py:3239} INFO - Sync 1 DAGs
[2026-04-15T19:54:24.469+0000] {logging_mixin.py:190} INFO - [2026-04-15T19:54:24.469+0000] {dag.py:4180} INFO - Setting next_dagrun for hello_world_dag to None, run_after=None
[2026-04-15T19:54:24.486+0000] {processor.py:208} INFO - Processing /opt/airflow/dags/dag_1.py took 0.084 seconds
[2026-04-15T19:54:54.773+0000] {processor.py:186} INFO - Started process (PID=3941) to work on /opt/airflow/dags/dag_1.py
[2026-04-15T19:54:54.774+0000] {processor.py:914} INFO - Processing file /opt/airflow/dags/dag_1.py for tasks to queue
[2026-04-15T19:54:54.778+0000] {logging_mixin.py:190} INFO - [2026-04-15T19:54:54.778+0000] {dagbag.py:588} INFO - Filling up the DagBag from /opt/airflow/dags/dag_1.py
[2026-04-15T19:54:54.790+0000] {processor.py:925} INFO - DAG(s) 'hello_world_dag' retrieved from /opt/airflow/dags/dag_1.py
[2026-04-15T19:54:54.812+0000] {logging_mixin.py:190} INFO - [2026-04-15T19:54:54.812+0000] {dag.py:3239} INFO - Sync 1 DAGs
[2026-04-15T19:54:54.824+0000] {logging_mixin.py:190} INFO - [2026-04-15T19:54:54.823+0000] {dag.py:4180} INFO - Setting next_dagrun for hello_world_dag to None, run_after=None
[2026-04-15T19:54:54.840+0000] {processor.py:208} INFO - Processing /opt/airflow/dags/dag_1.py took 0.082 seconds
[2026-04-15T19:55:25.091+0000] {processor.py:186} INFO - Started process (PID=3952) to work on /opt/airflow/dags/dag_1.py
[2026-04-15T19:55:25.092+0000] {processor.py:914} INFO - Processing file /opt/airflow/dags/dag_1.py for tasks to queue
[2026-04-15T19:55:25.097+0000] {logging_mixin.py:190} INFO - [2026-04-15T19:55:25.096+0000] {dagbag.py:588} INFO - Filling up the DagBag from /opt/airflow/dags/dag_1.py
[2026-04-15T19:55:25.110+0000] {processor.py:925} INFO - DAG(s) 'hello_world_dag' retrieved from /opt/airflow/dags/dag_1.py
[2026-04-15T19:55:25.131+0000] {logging_mixin.py:190} INFO - [2026-04-15T19:55:25.131+0000] {dag.py:3239} INFO - Sync 1 DAGs
[2026-04-15T19:55:25.149+0000] {logging_mixin.py:190} INFO - [2026-04-15T19:55:25.149+0000] {dag.py:4180} INFO - Setting next_dagrun for hello_world_dag to None, run_after=None
[2026-04-15T19:55:25.163+0000] {processor.py:208} INFO - Processing /opt/airflow/dags/dag_1.py took 0.091 seconds
[2026-04-15T19:55:55.448+0000] {processor.py:186} INFO - Started process (PID=3963) to work on /opt/airflow/dags/dag_1.py
[2026-04-15T19:55:55.456+0000] {processor.py:914} INFO - Processing file /opt/airflow/dags/dag_1.py for tasks to queue
[2026-04-15T19:55:55.462+0000] {logging_mixin.py:190} INFO - [2026-04-15T19:55:55.461+0000] {dagbag.py:588} INFO - Filling up the DagBag from /opt/airflow/dags/dag_1.py
[2026-04-15T19:55:55.478+0000] {processor.py:925} INFO - DAG(s) 'hello_world_dag' retrieved from /opt/airflow/dags/dag_1.py
[2026-04-15T19:55:55.501+0000] {logging_mixin.py:190} INFO - [2026-04-15T19:55:55.501+0000] {dag.py:3239} INFO - Sync 1 DAGs
[2026-04-15T19:55:55.514+0000] {logging_mixin.py:190} INFO - [2026-04-15T19:55:55.514+0000] {dag.py:4180} INFO - Setting next_dagrun for hello_world_dag to None, run_after=None
[2026-04-15T19:55:55.529+0000] {processor.py:208} INFO - Processing /opt/airflow/dags/dag_1.py took 0.100 seconds
[2026-04-15T19:56:25.774+0000] {processor.py:186} INFO - Started process (PID=3974) to work on /opt/airflow/dags/dag_1.py
[2026-04-15T19:56:25.775+0000] {processor.py:914} INFO - Processing file /opt/airflow/dags/dag_1.py for tasks to queue
[2026-04-15T19:56:25.778+0000] {logging_mixin.py:190} INFO - [2026-04-15T19:56:25.778+0000] {dagbag.py:588} INFO - Filling up the DagBag from /opt/airflow/dags/dag_1.py
[2026-04-15T19:56:25.788+0000] {processor.py:925} INFO - DAG(s) 'hello_world_dag' retrieved from /opt/airflow/dags/dag_1.py
[2026-04-15T19:56:25.809+0000] {logging_mixin.py:190} INFO - [2026-04-15T19:56:25.809+0000] {dag.py:3239} INFO - Sync 1 DAGs
[2026-04-15T19:56:25.822+0000] {logging_mixin.py:190} INFO - [2026-04-15T19:56:25.822+0000] {dag.py:4180} INFO - Setting next_dagrun for hello_world_dag to None, run_after=None
[2026-04-15T19:56:25.837+0000] {processor.py:208} INFO - Processing /opt/airflow/dags/dag_1.py took 0.081 seconds
[2026-04-15T19:56:56.124+0000] {processor.py:186} INFO - Started process (PID=3985) to work on /opt/airflow/dags/dag_1.py
[2026-04-15T19:56:56.131+0000] {processor.py:914} INFO - Processing file /opt/airflow/dags/dag_1.py for tasks to queue
[2026-04-15T19:56:56.137+0000] {logging_mixin.py:190} INFO - [2026-04-15T19:56:56.136+0000] {dagbag.py:588} INFO - Filling up the DagBag from /opt/airflow/dags/dag_1.py
[2026-04-15T19:56:56.149+0000] {processor.py:925} INFO - DAG(s) 'hello_world_dag' retrieved from /opt/airflow/dags/dag_1.py
[2026-04-15T19:56:56.173+0000] {logging_mixin.py:190} INFO - [2026-04-15T19:56:56.173+0000] {dag.py:3239} INFO - Sync 1 DAGs
[2026-04-15T19:56:56.187+0000] {logging_mixin.py:190} INFO - [2026-04-15T19:56:56.187+0000] {dag.py:4180} INFO - Setting next_dagrun for hello_world_dag to None, run_after=None
[2026-04-15T19:56:56.205+0000] {processor.py:208} INFO - Processing /opt/airflow/dags/dag_1.py took 0.099 seconds
[2026-04-15T19:57:26.450+0000] {processor.py:186} INFO - Started process (PID=3996) to work on /opt/airflow/dags/dag_1.py
[2026-04-15T19:57:26.452+0000] {processor.py:914} INFO - Processing file /opt/airflow/dags/dag_1.py for tasks to queue
[2026-04-15T19:57:26.456+0000] {logging_mixin.py:190} INFO - [2026-04-15T19:57:26.455+0000] {dagbag.py:588} INFO - Filling up the DagBag from /opt/airflow/dags/dag_1.py
[2026-04-15T19:57:26.466+0000] {processor.py:925} INFO - DAG(s) 'hello_world_dag' retrieved from /opt/airflow/dags/dag_1.py
[2026-04-15T19:57:26.488+0000] {logging_mixin.py:190} INFO - [2026-04-15T19:57:26.488+0000] {dag.py:3239} INFO - Sync 1 DAGs
[2026-04-15T19:57:26.502+0000] {logging_mixin.py:190} INFO - [2026-04-15T19:57:26.502+0000] {dag.py:4180} INFO - Setting next_dagrun for hello_world_dag to None, run_after=None
[2026-04-15T19:57:26.519+0000] {processor.py:208} INFO - Processing /opt/airflow/dags/dag_1.py took 0.086 seconds
[2026-04-15T19:57:56.797+0000] {processor.py:186} INFO - Started process (PID=4007) to work on /opt/airflow/dags/dag_1.py
[2026-04-15T19:57:56.804+0000] {processor.py:914} INFO - Processing file /opt/airflow/dags/dag_1.py for tasks to queue
[2026-04-15T19:57:56.807+0000] {logging_mixin.py:190} INFO - [2026-04-15T19:57:56.807+0000] {dagbag.py:588} INFO - Filling up the DagBag from /opt/airflow/dags/dag_1.py
[2026-04-15T19:57:56.818+0000] {processor.py:925} INFO - DAG(s) 'hello_world_dag' retrieved from /opt/airflow/dags/dag_1.py
[2026-04-15T19:57:56.841+0000] {logging_mixin.py:190} INFO - [2026-04-15T19:57:56.841+0000] {dag.py:3239} INFO - Sync 1 DAGs
[2026-04-15T19:57:56.854+0000] {logging_mixin.py:190} INFO - [2026-04-15T19:57:56.854+0000] {dag.py:4180} INFO - Setting next_dagrun for hello_world_dag to None, run_after=None
[2026-04-15T19:57:56.871+0000] {processor.py:208} INFO - Processing /opt/airflow/dags/dag_1.py took 0.085 seconds
[2026-04-15T19:58:27.099+0000] {processor.py:186} INFO - Started process (PID=4018) to work on /opt/airflow/dags/dag_1.py
[2026-04-15T19:58:27.100+0000] {processor.py:914} INFO - Processing file /opt/airflow/dags/dag_1.py for tasks to queue
[2026-04-15T19:58:27.103+0000] {logging_mixin.py:190} INFO - [2026-04-15T19:58:27.103+0000] {dagbag.py:588} INFO - Filling up the DagBag from /opt/airflow/dags/dag_1.py
[2026-04-15T19:58:27.114+0000] {processor.py:925} INFO - DAG(s) 'hello_world_dag' retrieved from /opt/airflow/dags/dag_1.py
[2026-04-15T19:58:27.137+0000] {logging_mixin.py:190} INFO - [2026-04-15T19:58:27.137+0000] {dag.py:3239} INFO - Sync 1 DAGs
[2026-04-15T19:58:27.150+0000] {logging_mixin.py:190} INFO - [2026-04-15T19:58:27.150+0000] {dag.py:4180} INFO - Setting next_dagrun for hello_world_dag to None, run_after=None
[2026-04-15T19:58:27.167+0000] {processor.py:208} INFO - Processing /opt/airflow/dags/dag_1.py took 0.085 seconds
[2026-04-15T19:58:57.450+0000] {processor.py:186} INFO - Started process (PID=4030) to work on /opt/airflow/dags/dag_1.py
[2026-04-15T19:58:57.451+0000] {processor.py:914} INFO - Processing file /opt/airflow/dags/dag_1.py for tasks to queue
[2026-04-15T19:58:57.453+0000] {logging_mixin.py:190} INFO - [2026-04-15T19:58:57.453+0000] {dagbag.py:588} INFO - Filling up the DagBag from /opt/airflow/dags/dag_1.py
[2026-04-15T19:58:57.460+0000] {processor.py:925} INFO - DAG(s) 'hello_world_dag' retrieved from /opt/airflow/dags/dag_1.py
[2026-04-15T19:58:57.482+0000] {logging_mixin.py:190} INFO - [2026-04-15T19:58:57.482+0000] {dag.py:3239} INFO - Sync 1 DAGs
[2026-04-15T19:58:57.495+0000] {logging_mixin.py:190} INFO - [2026-04-15T19:58:57.495+0000] {dag.py:4180} INFO - Setting next_dagrun for hello_world_dag to None, run_after=None
[2026-04-15T19:58:57.512+0000] {processor.py:208} INFO - Processing /opt/airflow/dags/dag_1.py took 0.069 seconds
[2026-04-15T19:59:27.743+0000] {processor.py:186} INFO - Started process (PID=4041) to work on /opt/airflow/dags/dag_1.py
[2026-04-15T19:59:27.744+0000] {processor.py:914} INFO - Processing file /opt/airflow/dags/dag_1.py for tasks to queue
[2026-04-15T19:59:27.746+0000] {logging_mixin.py:190} INFO - [2026-04-15T19:59:27.746+0000] {dagbag.py:588} INFO - Filling up the DagBag from /opt/airflow/dags/dag_1.py
[2026-04-15T19:59:27.756+0000] {processor.py:925} INFO - DAG(s) 'hello_world_dag' retrieved from /opt/airflow/dags/dag_1.py
[2026-04-15T19:59:27.779+0000] {logging_mixin.py:190} INFO - [2026-04-15T19:59:27.778+0000] {dag.py:3239} INFO - Sync 1 DAGs
[2026-04-15T19:59:27.791+0000] {logging_mixin.py:190} INFO - [2026-04-15T19:59:27.791+0000] {dag.py:4180} INFO - Setting next_dagrun for hello_world_dag to None, run_after=None
[2026-04-15T19:59:27.809+0000] {processor.py:208} INFO - Processing /opt/airflow/dags/dag_1.py took 0.074 seconds
[2026-04-15T19:59:58.110+0000] {processor.py:186} INFO - Started process (PID=4052) to work on /opt/airflow/dags/dag_1.py
[2026-04-15T19:59:58.116+0000] {processor.py:914} INFO - Processing file /opt/airflow/dags/dag_1.py for tasks to queue
[2026-04-15T19:59:58.118+0000] {logging_mixin.py:190} INFO - [2026-04-15T19:59:58.118+0000] {dagbag.py:588} INFO - Filling up the DagBag from /opt/airflow/dags/dag_1.py
[2026-04-15T19:59:58.127+0000] {processor.py:925} INFO - DAG(s) 'hello_world_dag' retrieved from /opt/airflow/dags/dag_1.py
[2026-04-15T19:59:58.147+0000] {logging_mixin.py:190} INFO - [2026-04-15T19:59:58.147+0000] {dag.py:3239} INFO - Sync 1 DAGs
[2026-04-15T19:59:58.161+0000] {logging_mixin.py:190} INFO - [2026-04-15T19:59:58.160+0000] {dag.py:4180} INFO - Setting next_dagrun for hello_world_dag to None, run_after=None
[2026-04-15T19:59:58.180+0000] {processor.py:208} INFO - Processing /opt/airflow/dags/dag_1.py took 0.081 seconds
[2026-04-15T20:00:28.425+0000] {processor.py:186} INFO - Started process (PID=4063) to work on /opt/airflow/dags/dag_1.py
[2026-04-15T20:00:28.426+0000] {processor.py:914} INFO - Processing file /opt/airflow/dags/dag_1.py for tasks to queue
[2026-04-15T20:00:28.430+0000] {logging_mixin.py:190} INFO - [2026-04-15T20:00:28.429+0000] {dagbag.py:588} INFO - Filling up the DagBag from /opt/airflow/dags/dag_1.py
[2026-04-15T20:00:28.440+0000] {processor.py:925} INFO - DAG(s) 'hello_world_dag' retrieved from /opt/airflow/dags/dag_1.py
[2026-04-15T20:00:28.461+0000] {logging_mixin.py:190} INFO - [2026-04-15T20:00:28.460+0000] {dag.py:3239} INFO - Sync 1 DAGs
[2026-04-15T20:00:28.475+0000] {logging_mixin.py:190} INFO - [2026-04-15T20:00:28.475+0000] {dag.py:4180} INFO - Setting next_dagrun for hello_world_dag to None, run_after=None
[2026-04-15T20:00:28.491+0000] {processor.py:208} INFO - Processing /opt/airflow/dags/dag_1.py took 0.080 seconds
[2026-04-15T20:00:58.761+0000] {processor.py:186} INFO - Started process (PID=4073) to work on /opt/airflow/dags/dag_1.py
[2026-04-15T20:00:58.769+0000] {processor.py:914} INFO - Processing file /opt/airflow/dags/dag_1.py for tasks to queue
[2026-04-15T20:00:58.773+0000] {logging_mixin.py:190} INFO - [2026-04-15T20:00:58.773+0000] {dagbag.py:588} INFO - Filling up the DagBag from /opt/airflow/dags/dag_1.py
[2026-04-15T20:00:58.787+0000] {processor.py:925} INFO - DAG(s) 'hello_world_dag' retrieved from /opt/airflow/dags/dag_1.py
[2026-04-15T20:00:58.814+0000] {logging_mixin.py:190} INFO - [2026-04-15T20:00:58.813+0000] {dag.py:3239} INFO - Sync 1 DAGs
[2026-04-15T20:00:58.827+0000] {logging_mixin.py:190} INFO - [2026-04-15T20:00:58.827+0000] {dag.py:4180} INFO - Setting next_dagrun for hello_world_dag to None, run_after=None
[2026-04-15T20:00:58.843+0000] {processor.py:208} INFO - Processing /opt/airflow/dags/dag_1.py took 0.096 seconds
[2026-04-15T20:01:29.085+0000] {processor.py:186} INFO - Started process (PID=4084) to work on /opt/airflow/dags/dag_1.py
[2026-04-15T20:01:29.087+0000] {processor.py:914} INFO - Processing file /opt/airflow/dags/dag_1.py for tasks to queue
[2026-04-15T20:01:29.093+0000] {logging_mixin.py:190} INFO - [2026-04-15T20:01:29.092+0000] {dagbag.py:588} INFO - Filling up the DagBag from /opt/airflow/dags/dag_1.py
[2026-04-15T20:01:29.105+0000] {processor.py:925} INFO - DAG(s) 'hello_world_dag' retrieved from /opt/airflow/dags/dag_1.py
[2026-04-15T20:01:29.128+0000] {logging_mixin.py:190} INFO - [2026-04-15T20:01:29.128+0000] {dag.py:3239} INFO - Sync 1 DAGs
[2026-04-15T20:01:29.141+0000] {logging_mixin.py:190} INFO - [2026-04-15T20:01:29.141+0000] {dag.py:4180} INFO - Setting next_dagrun for hello_world_dag to None, run_after=None
[2026-04-15T20:01:29.158+0000] {processor.py:208} INFO - Processing /opt/airflow/dags/dag_1.py took 0.086 seconds
[2026-04-15T20:01:59.444+0000] {processor.py:186} INFO - Started process (PID=4095) to work on /opt/airflow/dags/dag_1.py
[2026-04-15T20:01:59.444+0000] {processor.py:914} INFO - Processing file /opt/airflow/dags/dag_1.py for tasks to queue
[2026-04-15T20:01:59.447+0000] {logging_mixin.py:190} INFO - [2026-04-15T20:01:59.446+0000] {dagbag.py:588} INFO - Filling up the DagBag from /opt/airflow/dags/dag_1.py
[2026-04-15T20:01:59.456+0000] {processor.py:925} INFO - DAG(s) 'hello_world_dag' retrieved from /opt/airflow/dags/dag_1.py
[2026-04-15T20:01:59.477+0000] {logging_mixin.py:190} INFO - [2026-04-15T20:01:59.477+0000] {dag.py:3239} INFO - Sync 1 DAGs
[2026-04-15T20:01:59.490+0000] {logging_mixin.py:190} INFO - [2026-04-15T20:01:59.490+0000] {dag.py:4180} INFO - Setting next_dagrun for hello_world_dag to None, run_after=None
[2026-04-15T20:01:59.507+0000] {processor.py:208} INFO - Processing /opt/airflow/dags/dag_1.py took 0.073 seconds
[2026-04-15T20:02:29.738+0000] {processor.py:186} INFO - Started process (PID=4106) to work on /opt/airflow/dags/dag_1.py
[2026-04-15T20:02:29.744+0000] {processor.py:914} INFO - Processing file /opt/airflow/dags/dag_1.py for tasks to queue
[2026-04-15T20:02:29.751+0000] {logging_mixin.py:190} INFO - [2026-04-15T20:02:29.750+0000] {dagbag.py:588} INFO - Filling up the DagBag from /opt/airflow/dags/dag_1.py
[2026-04-15T20:02:29.775+0000] {processor.py:925} INFO - DAG(s) 'hello_world_dag' retrieved from /opt/airflow/dags/dag_1.py
[2026-04-15T20:02:29.803+0000] {logging_mixin.py:190} INFO - [2026-04-15T20:02:29.803+0000] {dag.py:3239} INFO - Sync 1 DAGs
[2026-04-15T20:02:29.814+0000] {logging_mixin.py:190} INFO - [2026-04-15T20:02:29.814+0000] {dag.py:4180} INFO - Setting next_dagrun for hello_world_dag to None, run_after=None
[2026-04-15T20:02:29.831+0000] {processor.py:208} INFO - Processing /opt/airflow/dags/dag_1.py took 0.099 seconds
[2026-04-15T20:03:00.093+0000] {processor.py:186} INFO - Started process (PID=4117) to work on /opt/airflow/dags/dag_1.py
[2026-04-15T20:03:00.094+0000] {processor.py:914} INFO - Processing file /opt/airflow/dags/dag_1.py for tasks to queue
[2026-04-15T20:03:00.095+0000] {logging_mixin.py:190} INFO - [2026-04-15T20:03:00.095+0000] {dagbag.py:588} INFO - Filling up the DagBag from /opt/airflow/dags/dag_1.py
[2026-04-15T20:03:00.103+0000] {processor.py:925} INFO - DAG(s) 'hello_world_dag' retrieved from /opt/airflow/dags/dag_1.py
[2026-04-15T20:03:00.124+0000] {logging_mixin.py:190} INFO - [2026-04-15T20:03:00.124+0000] {dag.py:3239} INFO - Sync 1 DAGs
[2026-04-15T20:03:00.137+0000] {logging_mixin.py:190} INFO - [2026-04-15T20:03:00.137+0000] {dag.py:4180} INFO - Setting next_dagrun for hello_world_dag to None, run_after=None
[2026-04-15T20:03:00.153+0000] {processor.py:208} INFO - Processing /opt/airflow/dags/dag_1.py took 0.066 seconds
[2026-04-15T20:03:30.415+0000] {processor.py:186} INFO - Started process (PID=4128) to work on /opt/airflow/dags/dag_1.py
[2026-04-15T20:03:30.422+0000] {processor.py:914} INFO - Processing file /opt/airflow/dags/dag_1.py for tasks to queue
[2026-04-15T20:03:30.424+0000] {logging_mixin.py:190} INFO - [2026-04-15T20:03:30.423+0000] {dagbag.py:588} INFO - Filling up the DagBag from /opt/airflow/dags/dag_1.py
[2026-04-15T20:03:30.432+0000] {processor.py:925} INFO - DAG(s) 'hello_world_dag' retrieved from /opt/airflow/dags/dag_1.py
[2026-04-15T20:03:30.455+0000] {logging_mixin.py:190} INFO - [2026-04-15T20:03:30.454+0000] {dag.py:3239} INFO - Sync 1 DAGs
[2026-04-15T20:03:30.468+0000] {logging_mixin.py:190} INFO - [2026-04-15T20:03:30.468+0000] {dag.py:4180} INFO - Setting next_dagrun for hello_world_dag to None, run_after=None
[2026-04-15T20:03:30.482+0000] {processor.py:208} INFO - Processing /opt/airflow/dags/dag_1.py took 0.072 seconds
[2026-04-15T20:04:00.745+0000] {processor.py:186} INFO - Started process (PID=4139) to work on /opt/airflow/dags/dag_1.py
[2026-04-15T20:04:00.746+0000] {processor.py:914} INFO - Processing file /opt/airflow/dags/dag_1.py for tasks to queue
[2026-04-15T20:04:00.747+0000] {logging_mixin.py:190} INFO - [2026-04-15T20:04:00.747+0000] {dagbag.py:588} INFO - Filling up the DagBag from /opt/airflow/dags/dag_1.py
[2026-04-15T20:04:00.755+0000] {processor.py:925} INFO - DAG(s) 'hello_world_dag' retrieved from /opt/airflow/dags/dag_1.py
[2026-04-15T20:04:00.776+0000] {logging_mixin.py:190} INFO - [2026-04-15T20:04:00.775+0000] {dag.py:3239} INFO - Sync 1 DAGs
[2026-04-15T20:04:00.788+0000] {logging_mixin.py:190} INFO - [2026-04-15T20:04:00.788+0000] {dag.py:4180} INFO - Setting next_dagrun for hello_world_dag to None, run_after=None
[2026-04-15T20:04:00.802+0000] {processor.py:208} INFO - Processing /opt/airflow/dags/dag_1.py took 0.063 seconds
[2026-04-15T20:04:31.052+0000] {processor.py:186} INFO - Started process (PID=4150) to work on /opt/airflow/dags/dag_1.py
[2026-04-15T20:04:31.052+0000] {processor.py:914} INFO - Processing file /opt/airflow/dags/dag_1.py for tasks to queue
[2026-04-15T20:04:31.054+0000] {logging_mixin.py:190} INFO - [2026-04-15T20:04:31.054+0000] {dagbag.py:588} INFO - Filling up the DagBag from /opt/airflow/dags/dag_1.py
[2026-04-15T20:04:31.061+0000] {processor.py:925} INFO - DAG(s) 'hello_world_dag' retrieved from /opt/airflow/dags/dag_1.py
[2026-04-15T20:04:31.080+0000] {logging_mixin.py:190} INFO - [2026-04-15T20:04:31.080+0000] {dag.py:3239} INFO - Sync 1 DAGs
[2026-04-15T20:04:31.093+0000] {logging_mixin.py:190} INFO - [2026-04-15T20:04:31.093+0000] {dag.py:4180} INFO - Setting next_dagrun for hello_world_dag to None, run_after=None
[2026-04-15T20:04:31.107+0000] {processor.py:208} INFO - Processing /opt/airflow/dags/dag_1.py took 0.061 seconds
[2026-04-15T20:05:01.344+0000] {processor.py:186} INFO - Started process (PID=4161) to work on /opt/airflow/dags/dag_1.py
[2026-04-15T20:05:01.345+0000] {processor.py:914} INFO - Processing file /opt/airflow/dags/dag_1.py for tasks to queue
[2026-04-15T20:05:01.347+0000] {logging_mixin.py:190} INFO - [2026-04-15T20:05:01.347+0000] {dagbag.py:588} INFO - Filling up the DagBag from /opt/airflow/dags/dag_1.py
[2026-04-15T20:05:01.354+0000] {processor.py:925} INFO - DAG(s) 'hello_world_dag' retrieved from /opt/airflow/dags/dag_1.py
[2026-04-15T20:05:01.373+0000] {logging_mixin.py:190} INFO - [2026-04-15T20:05:01.373+0000] {dag.py:3239} INFO - Sync 1 DAGs
[2026-04-15T20:05:01.385+0000] {logging_mixin.py:190} INFO - [2026-04-15T20:05:01.385+0000] {dag.py:4180} INFO - Setting next_dagrun for hello_world_dag to None, run_after=None
[2026-04-15T20:05:01.399+0000] {processor.py:208} INFO - Processing /opt/airflow/dags/dag_1.py took 0.061 seconds
[2026-04-15T20:05:31.633+0000] {processor.py:186} INFO - Started process (PID=4172) to work on /opt/airflow/dags/dag_1.py
[2026-04-15T20:05:31.639+0000] {processor.py:914} INFO - Processing file /opt/airflow/dags/dag_1.py for tasks to queue
[2026-04-15T20:05:31.641+0000] {logging_mixin.py:190} INFO - [2026-04-15T20:05:31.641+0000] {dagbag.py:588} INFO - Filling up the DagBag from /opt/airflow/dags/dag_1.py
[2026-04-15T20:05:31.648+0000] {processor.py:925} INFO - DAG(s) 'hello_world_dag' retrieved from /opt/airflow/dags/dag_1.py
[2026-04-15T20:05:31.668+0000] {logging_mixin.py:190} INFO - [2026-04-15T20:05:31.668+0000] {dag.py:3239} INFO - Sync 1 DAGs
[2026-04-15T20:05:31.680+0000] {logging_mixin.py:190} INFO - [2026-04-15T20:05:31.679+0000] {dag.py:4180} INFO - Setting next_dagrun for hello_world_dag to None, run_after=None
[2026-04-15T20:05:31.696+0000] {processor.py:208} INFO - Processing /opt/airflow/dags/dag_1.py took 0.067 seconds
[2026-04-15T20:06:01.943+0000] {processor.py:186} INFO - Started process (PID=4183) to work on /opt/airflow/dags/dag_1.py
[2026-04-15T20:06:01.943+0000] {processor.py:914} INFO - Processing file /opt/airflow/dags/dag_1.py for tasks to queue
[2026-04-15T20:06:01.945+0000] {logging_mixin.py:190} INFO - [2026-04-15T20:06:01.945+0000] {dagbag.py:588} INFO - Filling up the DagBag from /opt/airflow/dags/dag_1.py
[2026-04-15T20:06:01.952+0000] {processor.py:925} INFO - DAG(s) 'hello_world_dag' retrieved from /opt/airflow/dags/dag_1.py
[2026-04-15T20:06:01.972+0000] {logging_mixin.py:190} INFO - [2026-04-15T20:06:01.972+0000] {dag.py:3239} INFO - Sync 1 DAGs
[2026-04-15T20:06:01.984+0000] {logging_mixin.py:190} INFO - [2026-04-15T20:06:01.984+0000] {dag.py:4180} INFO - Setting next_dagrun for hello_world_dag to None, run_after=None
[2026-04-15T20:06:02.000+0000] {processor.py:208} INFO - Processing /opt/airflow/dags/dag_1.py took 0.063 seconds
[2026-04-15T20:06:32.220+0000] {processor.py:186} INFO - Started process (PID=4194) to work on /opt/airflow/dags/dag_1.py
[2026-04-15T20:06:32.226+0000] {processor.py:914} INFO - Processing file /opt/airflow/dags/dag_1.py for tasks to queue
[2026-04-15T20:06:32.228+0000] {logging_mixin.py:190} INFO - [2026-04-15T20:06:32.228+0000] {dagbag.py:588} INFO - Filling up the DagBag from /opt/airflow/dags/dag_1.py
[2026-04-15T20:06:32.235+0000] {processor.py:925} INFO - DAG(s) 'hello_world_dag' retrieved from /opt/airflow/dags/dag_1.py
[2026-04-15T20:06:32.255+0000] {logging_mixin.py:190} INFO - [2026-04-15T20:06:32.254+0000] {dag.py:3239} INFO - Sync 1 DAGs
[2026-04-15T20:06:32.266+0000] {logging_mixin.py:190} INFO - [2026-04-15T20:06:32.266+0000] {dag.py:4180} INFO - Setting next_dagrun for hello_world_dag to None, run_after=None
[2026-04-15T20:06:32.280+0000] {processor.py:208} INFO - Processing /opt/airflow/dags/dag_1.py took 0.066 seconds
[2026-04-15T20:07:02.474+0000] {processor.py:186} INFO - Started process (PID=4205) to work on /opt/airflow/dags/dag_1.py
[2026-04-15T20:07:02.475+0000] {processor.py:914} INFO - Processing file /opt/airflow/dags/dag_1.py for tasks to queue
[2026-04-15T20:07:02.477+0000] {logging_mixin.py:190} INFO - [2026-04-15T20:07:02.476+0000] {dagbag.py:588} INFO - Filling up the DagBag from /opt/airflow/dags/dag_1.py
[2026-04-15T20:07:02.484+0000] {processor.py:925} INFO - DAG(s) 'hello_world_dag' retrieved from /opt/airflow/dags/dag_1.py
[2026-04-15T20:07:02.503+0000] {logging_mixin.py:190} INFO - [2026-04-15T20:07:02.503+0000] {dag.py:3239} INFO - Sync 1 DAGs
[2026-04-15T20:07:02.515+0000] {logging_mixin.py:190} INFO - [2026-04-15T20:07:02.514+0000] {dag.py:4180} INFO - Setting next_dagrun for hello_world_dag to None, run_after=None
[2026-04-15T20:07:02.529+0000] {processor.py:208} INFO - Processing /opt/airflow/dags/dag_1.py took 0.060 seconds
[2026-04-15T20:07:32.796+0000] {processor.py:186} INFO - Started process (PID=4216) to work on /opt/airflow/dags/dag_1.py
[2026-04-15T20:07:32.803+0000] {processor.py:914} INFO - Processing file /opt/airflow/dags/dag_1.py for tasks to queue
[2026-04-15T20:07:32.806+0000] {logging_mixin.py:190} INFO - [2026-04-15T20:07:32.806+0000] {dagbag.py:588} INFO - Filling up the DagBag from /opt/airflow/dags/dag_1.py
[2026-04-15T20:07:32.819+0000] {processor.py:925} INFO - DAG(s) 'hello_world_dag' retrieved from /opt/airflow/dags/dag_1.py
[2026-04-15T20:07:32.842+0000] {logging_mixin.py:190} INFO - [2026-04-15T20:07:32.841+0000] {dag.py:3239} INFO - Sync 1 DAGs
[2026-04-15T20:07:32.854+0000] {logging_mixin.py:190} INFO - [2026-04-15T20:07:32.854+0000] {dag.py:4180} INFO - Setting next_dagrun for hello_world_dag to None, run_after=None
[2026-04-15T20:07:32.869+0000] {processor.py:208} INFO - Processing /opt/airflow/dags/dag_1.py took 0.091 seconds
[2026-04-15T20:08:03.128+0000] {processor.py:186} INFO - Started process (PID=4227) to work on /opt/airflow/dags/dag_1.py
[2026-04-15T20:08:03.129+0000] {processor.py:914} INFO - Processing file /opt/airflow/dags/dag_1.py for tasks to queue
[2026-04-15T20:08:03.130+0000] {logging_mixin.py:190} INFO - [2026-04-15T20:08:03.130+0000] {dagbag.py:588} INFO - Filling up the DagBag from /opt/airflow/dags/dag_1.py
[2026-04-15T20:08:03.137+0000] {processor.py:925} INFO - DAG(s) 'hello_world_dag' retrieved from /opt/airflow/dags/dag_1.py
[2026-04-15T20:08:03.158+0000] {logging_mixin.py:190} INFO - [2026-04-15T20:08:03.158+0000] {dag.py:3239} INFO - Sync 1 DAGs
[2026-04-15T20:08:03.170+0000] {logging_mixin.py:190} INFO - [2026-04-15T20:08:03.170+0000] {dag.py:4180} INFO - Setting next_dagrun for hello_world_dag to None, run_after=None
[2026-04-15T20:08:03.184+0000] {processor.py:208} INFO - Processing /opt/airflow/dags/dag_1.py took 0.061 seconds
[2026-04-15T20:08:33.461+0000] {processor.py:186} INFO - Started process (PID=4238) to work on /opt/airflow/dags/dag_1.py
[2026-04-15T20:08:33.466+0000] {processor.py:914} INFO - Processing file /opt/airflow/dags/dag_1.py for tasks to queue
[2026-04-15T20:08:33.468+0000] {logging_mixin.py:190} INFO - [2026-04-15T20:08:33.467+0000] {dagbag.py:588} INFO - Filling up the DagBag from /opt/airflow/dags/dag_1.py
[2026-04-15T20:08:33.475+0000] {processor.py:925} INFO - DAG(s) 'hello_world_dag' retrieved from /opt/airflow/dags/dag_1.py
[2026-04-15T20:08:33.496+0000] {logging_mixin.py:190} INFO - [2026-04-15T20:08:33.495+0000] {dag.py:3239} INFO - Sync 1 DAGs
[2026-04-15T20:08:33.508+0000] {logging_mixin.py:190} INFO - [2026-04-15T20:08:33.507+0000] {dag.py:4180} INFO - Setting next_dagrun for hello_world_dag to None, run_after=None
[2026-04-15T20:08:33.522+0000] {processor.py:208} INFO - Processing /opt/airflow/dags/dag_1.py took 0.067 seconds
[2026-04-15T20:09:03.762+0000] {processor.py:186} INFO - Started process (PID=4249) to work on /opt/airflow/dags/dag_1.py
[2026-04-15T20:09:03.762+0000] {processor.py:914} INFO - Processing file /opt/airflow/dags/dag_1.py for tasks to queue
[2026-04-15T20:09:03.764+0000] {logging_mixin.py:190} INFO - [2026-04-15T20:09:03.764+0000] {dagbag.py:588} INFO - Filling up the DagBag from /opt/airflow/dags/dag_1.py
[2026-04-15T20:09:03.771+0000] {processor.py:925} INFO - DAG(s) 'hello_world_dag' retrieved from /opt/airflow/dags/dag_1.py
[2026-04-15T20:09:03.791+0000] {logging_mixin.py:190} INFO - [2026-04-15T20:09:03.791+0000] {dag.py:3239} INFO - Sync 1 DAGs
[2026-04-15T20:09:03.803+0000] {logging_mixin.py:190} INFO - [2026-04-15T20:09:03.803+0000] {dag.py:4180} INFO - Setting next_dagrun for hello_world_dag to None, run_after=None
[2026-04-15T20:09:03.820+0000] {processor.py:208} INFO - Processing /opt/airflow/dags/dag_1.py took 0.063 seconds
[2026-04-15T20:09:34.075+0000] {processor.py:186} INFO - Started process (PID=4260) to work on /opt/airflow/dags/dag_1.py
[2026-04-15T20:09:34.081+0000] {processor.py:914} INFO - Processing file /opt/airflow/dags/dag_1.py for tasks to queue
[2026-04-15T20:09:34.083+0000] {logging_mixin.py:190} INFO - [2026-04-15T20:09:34.083+0000] {dagbag.py:588} INFO - Filling up the DagBag from /opt/airflow/dags/dag_1.py
[2026-04-15T20:09:34.090+0000] {processor.py:925} INFO - DAG(s) 'hello_world_dag' retrieved from /opt/airflow/dags/dag_1.py
[2026-04-15T20:09:34.110+0000] {logging_mixin.py:190} INFO - [2026-04-15T20:09:34.109+0000] {dag.py:3239} INFO - Sync 1 DAGs
[2026-04-15T20:09:34.121+0000] {logging_mixin.py:190} INFO - [2026-04-15T20:09:34.121+0000] {dag.py:4180} INFO - Setting next_dagrun for hello_world_dag to None, run_after=None
[2026-04-15T20:09:34.137+0000] {processor.py:208} INFO - Processing /opt/airflow/dags/dag_1.py took 0.068 seconds
[2026-04-15T20:10:04.437+0000] {processor.py:186} INFO - Started process (PID=4271) to work on /opt/airflow/dags/dag_1.py
[2026-04-15T20:10:04.438+0000] {processor.py:914} INFO - Processing file /opt/airflow/dags/dag_1.py for tasks to queue
[2026-04-15T20:10:04.439+0000] {logging_mixin.py:190} INFO - [2026-04-15T20:10:04.439+0000] {dagbag.py:588} INFO - Filling up the DagBag from /opt/airflow/dags/dag_1.py
[2026-04-15T20:10:04.446+0000] {processor.py:925} INFO - DAG(s) 'hello_world_dag' retrieved from /opt/airflow/dags/dag_1.py
[2026-04-15T20:10:04.467+0000] {logging_mixin.py:190} INFO - [2026-04-15T20:10:04.466+0000] {dag.py:3239} INFO - Sync 1 DAGs
[2026-04-15T20:10:04.479+0000] {logging_mixin.py:190} INFO - [2026-04-15T20:10:04.478+0000] {dag.py:4180} INFO - Setting next_dagrun for hello_world_dag to None, run_after=None
[2026-04-15T20:10:04.493+0000] {processor.py:208} INFO - Processing /opt/airflow/dags/dag_1.py took 0.062 seconds
[2026-04-15T20:10:34.748+0000] {processor.py:186} INFO - Started process (PID=4282) to work on /opt/airflow/dags/dag_1.py
[2026-04-15T20:10:34.755+0000] {processor.py:914} INFO - Processing file /opt/airflow/dags/dag_1.py for tasks to queue
[2026-04-15T20:10:34.759+0000] {logging_mixin.py:190} INFO - [2026-04-15T20:10:34.758+0000] {dagbag.py:588} INFO - Filling up the DagBag from /opt/airflow/dags/dag_1.py
[2026-04-15T20:10:34.767+0000] {processor.py:925} INFO - DAG(s) 'hello_world_dag' retrieved from /opt/airflow/dags/dag_1.py
[2026-04-15T20:10:34.787+0000] {logging_mixin.py:190} INFO - [2026-04-15T20:10:34.787+0000] {dag.py:3239} INFO - Sync 1 DAGs
[2026-04-15T20:10:34.799+0000] {logging_mixin.py:190} INFO - [2026-04-15T20:10:34.799+0000] {dag.py:4180} INFO - Setting next_dagrun for hello_world_dag to None, run_after=None
[2026-04-15T20:10:34.814+0000] {processor.py:208} INFO - Processing /opt/airflow/dags/dag_1.py took 0.071 seconds
[2026-04-15T20:11:05.103+0000] {processor.py:186} INFO - Started process (PID=4293) to work on /opt/airflow/dags/dag_1.py
[2026-04-15T20:11:05.104+0000] {processor.py:914} INFO - Processing file /opt/airflow/dags/dag_1.py for tasks to queue
[2026-04-15T20:11:05.108+0000] {logging_mixin.py:190} INFO - [2026-04-15T20:11:05.107+0000] {dagbag.py:588} INFO - Filling up the DagBag from /opt/airflow/dags/dag_1.py
[2026-04-15T20:11:05.122+0000] {processor.py:925} INFO - DAG(s) 'hello_world_dag' retrieved from /opt/airflow/dags/dag_1.py
[2026-04-15T20:11:05.143+0000] {logging_mixin.py:190} INFO - [2026-04-15T20:11:05.143+0000] {dag.py:3239} INFO - Sync 1 DAGs
[2026-04-15T20:11:05.156+0000] {logging_mixin.py:190} INFO - [2026-04-15T20:11:05.156+0000] {dag.py:4180} INFO - Setting next_dagrun for hello_world_dag to None, run_after=None
[2026-04-15T20:11:05.172+0000] {processor.py:208} INFO - Processing /opt/airflow/dags/dag_1.py took 0.089 seconds
[2026-04-15T20:11:35.420+0000] {processor.py:186} INFO - Started process (PID=4304) to work on /opt/airflow/dags/dag_1.py
[2026-04-15T20:11:35.421+0000] {processor.py:914} INFO - Processing file /opt/airflow/dags/dag_1.py for tasks to queue
[2026-04-15T20:11:35.424+0000] {logging_mixin.py:190} INFO - [2026-04-15T20:11:35.423+0000] {dagbag.py:588} INFO - Filling up the DagBag from /opt/airflow/dags/dag_1.py
[2026-04-15T20:11:35.433+0000] {processor.py:925} INFO - DAG(s) 'hello_world_dag' retrieved from /opt/airflow/dags/dag_1.py
[2026-04-15T20:11:35.455+0000] {logging_mixin.py:190} INFO - [2026-04-15T20:11:35.454+0000] {dag.py:3239} INFO - Sync 1 DAGs
[2026-04-15T20:11:35.470+0000] {logging_mixin.py:190} INFO - [2026-04-15T20:11:35.469+0000] {dag.py:4180} INFO - Setting next_dagrun for hello_world_dag to None, run_after=None
[2026-04-15T20:11:35.489+0000] {processor.py:208} INFO - Processing /opt/airflow/dags/dag_1.py took 0.084 seconds
[2026-04-15T20:12:05.756+0000] {processor.py:186} INFO - Started process (PID=4315) to work on /opt/airflow/dags/dag_1.py
[2026-04-15T20:12:05.757+0000] {processor.py:914} INFO - Processing file /opt/airflow/dags/dag_1.py for tasks to queue
[2026-04-15T20:12:05.760+0000] {logging_mixin.py:190} INFO - [2026-04-15T20:12:05.760+0000] {dagbag.py:588} INFO - Filling up the DagBag from /opt/airflow/dags/dag_1.py
[2026-04-15T20:12:05.772+0000] {processor.py:925} INFO - DAG(s) 'hello_world_dag' retrieved from /opt/airflow/dags/dag_1.py
[2026-04-15T20:12:05.794+0000] {logging_mixin.py:190} INFO - [2026-04-15T20:12:05.794+0000] {dag.py:3239} INFO - Sync 1 DAGs
[2026-04-15T20:12:05.806+0000] {logging_mixin.py:190} INFO - [2026-04-15T20:12:05.806+0000] {dag.py:4180} INFO - Setting next_dagrun for hello_world_dag to None, run_after=None
[2026-04-15T20:12:05.823+0000] {processor.py:208} INFO - Processing /opt/airflow/dags/dag_1.py took 0.084 seconds
[2026-04-15T20:12:36.064+0000] {processor.py:186} INFO - Started process (PID=4326) to work on /opt/airflow/dags/dag_1.py
[2026-04-15T20:12:36.071+0000] {processor.py:914} INFO - Processing file /opt/airflow/dags/dag_1.py for tasks to queue
[2026-04-15T20:12:36.073+0000] {logging_mixin.py:190} INFO - [2026-04-15T20:12:36.073+0000] {dagbag.py:588} INFO - Filling up the DagBag from /opt/airflow/dags/dag_1.py
[2026-04-15T20:12:36.081+0000] {processor.py:925} INFO - DAG(s) 'hello_world_dag' retrieved from /opt/airflow/dags/dag_1.py
[2026-04-15T20:12:36.102+0000] {logging_mixin.py:190} INFO - [2026-04-15T20:12:36.102+0000] {dag.py:3239} INFO - Sync 1 DAGs
[2026-04-15T20:12:36.114+0000] {logging_mixin.py:190} INFO - [2026-04-15T20:12:36.114+0000] {dag.py:4180} INFO - Setting next_dagrun for hello_world_dag to None, run_after=None
[2026-04-15T20:12:36.130+0000] {processor.py:208} INFO - Processing /opt/airflow/dags/dag_1.py took 0.078 seconds
[2026-04-15T20:13:06.388+0000] {processor.py:186} INFO - Started process (PID=4337) to work on /opt/airflow/dags/dag_1.py
[2026-04-15T20:13:06.389+0000] {processor.py:914} INFO - Processing file /opt/airflow/dags/dag_1.py for tasks to queue
[2026-04-15T20:13:06.393+0000] {logging_mixin.py:190} INFO - [2026-04-15T20:13:06.392+0000] {dagbag.py:588} INFO - Filling up the DagBag from /opt/airflow/dags/dag_1.py
[2026-04-15T20:13:06.402+0000] {processor.py:925} INFO - DAG(s) 'hello_world_dag' retrieved from /opt/airflow/dags/dag_1.py
[2026-04-15T20:13:06.422+0000] {logging_mixin.py:190} INFO - [2026-04-15T20:13:06.422+0000] {dag.py:3239} INFO - Sync 1 DAGs
[2026-04-15T20:13:06.436+0000] {logging_mixin.py:190} INFO - [2026-04-15T20:13:06.435+0000] {dag.py:4180} INFO - Setting next_dagrun for hello_world_dag to None, run_after=None
[2026-04-15T20:13:06.451+0000] {processor.py:208} INFO - Processing /opt/airflow/dags/dag_1.py took 0.077 seconds
[2026-04-15T20:13:36.726+0000] {processor.py:186} INFO - Started process (PID=4348) to work on /opt/airflow/dags/dag_1.py
[2026-04-15T20:13:36.733+0000] {processor.py:914} INFO - Processing file /opt/airflow/dags/dag_1.py for tasks to queue
[2026-04-15T20:13:36.736+0000] {logging_mixin.py:190} INFO - [2026-04-15T20:13:36.736+0000] {dagbag.py:588} INFO - Filling up the DagBag from /opt/airflow/dags/dag_1.py
[2026-04-15T20:13:36.744+0000] {processor.py:925} INFO - DAG(s) 'hello_world_dag' retrieved from /opt/airflow/dags/dag_1.py
[2026-04-15T20:13:36.767+0000] {logging_mixin.py:190} INFO - [2026-04-15T20:13:36.767+0000] {dag.py:3239} INFO - Sync 1 DAGs
[2026-04-15T20:13:36.780+0000] {logging_mixin.py:190} INFO - [2026-04-15T20:13:36.780+0000] {dag.py:4180} INFO - Setting next_dagrun for hello_world_dag to None, run_after=None
[2026-04-15T20:13:36.796+0000] {processor.py:208} INFO - Processing /opt/airflow/dags/dag_1.py took 0.082 seconds
[2026-04-15T20:14:07.029+0000] {processor.py:186} INFO - Started process (PID=4359) to work on /opt/airflow/dags/dag_1.py
[2026-04-15T20:14:07.030+0000] {processor.py:914} INFO - Processing file /opt/airflow/dags/dag_1.py for tasks to queue
[2026-04-15T20:14:07.033+0000] {logging_mixin.py:190} INFO - [2026-04-15T20:14:07.032+0000] {dagbag.py:588} INFO - Filling up the DagBag from /opt/airflow/dags/dag_1.py
[2026-04-15T20:14:07.041+0000] {processor.py:925} INFO - DAG(s) 'hello_world_dag' retrieved from /opt/airflow/dags/dag_1.py
[2026-04-15T20:14:07.064+0000] {logging_mixin.py:190} INFO - [2026-04-15T20:14:07.063+0000] {dag.py:3239} INFO - Sync 1 DAGs
[2026-04-15T20:14:07.078+0000] {logging_mixin.py:190} INFO - [2026-04-15T20:14:07.078+0000] {dag.py:4180} INFO - Setting next_dagrun for hello_world_dag to None, run_after=None
[2026-04-15T20:14:07.096+0000] {processor.py:208} INFO - Processing /opt/airflow/dags/dag_1.py took 0.080 seconds
[2026-04-15T20:14:37.390+0000] {processor.py:186} INFO - Started process (PID=4370) to work on /opt/airflow/dags/dag_1.py
[2026-04-15T20:14:37.390+0000] {processor.py:914} INFO - Processing file /opt/airflow/dags/dag_1.py for tasks to queue
[2026-04-15T20:14:37.392+0000] {logging_mixin.py:190} INFO - [2026-04-15T20:14:37.392+0000] {dagbag.py:588} INFO - Filling up the DagBag from /opt/airflow/dags/dag_1.py
[2026-04-15T20:14:37.399+0000] {processor.py:925} INFO - DAG(s) 'hello_world_dag' retrieved from /opt/airflow/dags/dag_1.py
[2026-04-15T20:14:37.419+0000] {logging_mixin.py:190} INFO - [2026-04-15T20:14:37.418+0000] {dag.py:3239} INFO - Sync 1 DAGs
[2026-04-15T20:14:37.430+0000] {logging_mixin.py:190} INFO - [2026-04-15T20:14:37.430+0000] {dag.py:4180} INFO - Setting next_dagrun for hello_world_dag to None, run_after=None
[2026-04-15T20:14:37.445+0000] {processor.py:208} INFO - Processing /opt/airflow/dags/dag_1.py took 0.060 seconds
[2026-04-15T20:15:07.727+0000] {processor.py:186} INFO - Started process (PID=4381) to work on /opt/airflow/dags/dag_1.py
[2026-04-15T20:15:07.729+0000] {processor.py:914} INFO - Processing file /opt/airflow/dags/dag_1.py for tasks to queue
[2026-04-15T20:15:07.732+0000] {logging_mixin.py:190} INFO - [2026-04-15T20:15:07.732+0000] {dagbag.py:588} INFO - Filling up the DagBag from /opt/airflow/dags/dag_1.py
[2026-04-15T20:15:07.744+0000] {processor.py:925} INFO - DAG(s) 'hello_world_dag' retrieved from /opt/airflow/dags/dag_1.py
[2026-04-15T20:15:07.767+0000] {logging_mixin.py:190} INFO - [2026-04-15T20:15:07.767+0000] {dag.py:3239} INFO - Sync 1 DAGs
[2026-04-15T20:15:07.781+0000] {logging_mixin.py:190} INFO - [2026-04-15T20:15:07.780+0000] {dag.py:4180} INFO - Setting next_dagrun for hello_world_dag to None, run_after=None
[2026-04-15T20:15:07.796+0000] {processor.py:208} INFO - Processing /opt/airflow/dags/dag_1.py took 0.085 seconds
[2026-04-15T20:15:38.041+0000] {processor.py:186} INFO - Started process (PID=4392) to work on /opt/airflow/dags/dag_1.py
[2026-04-15T20:15:38.042+0000] {processor.py:914} INFO - Processing file /opt/airflow/dags/dag_1.py for tasks to queue
[2026-04-15T20:15:38.045+0000] {logging_mixin.py:190} INFO - [2026-04-15T20:15:38.045+0000] {dagbag.py:588} INFO - Filling up the DagBag from /opt/airflow/dags/dag_1.py
[2026-04-15T20:15:38.056+0000] {processor.py:925} INFO - DAG(s) 'hello_world_dag' retrieved from /opt/airflow/dags/dag_1.py
[2026-04-15T20:15:38.077+0000] {logging_mixin.py:190} INFO - [2026-04-15T20:15:38.077+0000] {dag.py:3239} INFO - Sync 1 DAGs
[2026-04-15T20:15:38.090+0000] {logging_mixin.py:190} INFO - [2026-04-15T20:15:38.090+0000] {dag.py:4180} INFO - Setting next_dagrun for hello_world_dag to None, run_after=None
[2026-04-15T20:15:38.107+0000] {processor.py:208} INFO - Processing /opt/airflow/dags/dag_1.py took 0.081 seconds
[2026-04-15T20:16:08.380+0000] {processor.py:186} INFO - Started process (PID=4403) to work on /opt/airflow/dags/dag_1.py
[2026-04-15T20:16:08.387+0000] {processor.py:914} INFO - Processing file /opt/airflow/dags/dag_1.py for tasks to queue
[2026-04-15T20:16:08.390+0000] {logging_mixin.py:190} INFO - [2026-04-15T20:16:08.390+0000] {dagbag.py:588} INFO - Filling up the DagBag from /opt/airflow/dags/dag_1.py
[2026-04-15T20:16:08.399+0000] {processor.py:925} INFO - DAG(s) 'hello_world_dag' retrieved from /opt/airflow/dags/dag_1.py
[2026-04-15T20:16:08.422+0000] {logging_mixin.py:190} INFO - [2026-04-15T20:16:08.421+0000] {dag.py:3239} INFO - Sync 1 DAGs
[2026-04-15T20:16:08.435+0000] {logging_mixin.py:190} INFO - [2026-04-15T20:16:08.435+0000] {dag.py:4180} INFO - Setting next_dagrun for hello_world_dag to None, run_after=None
[2026-04-15T20:16:08.452+0000] {processor.py:208} INFO - Processing /opt/airflow/dags/dag_1.py took 0.084 seconds
[2026-04-15T20:16:38.711+0000] {processor.py:186} INFO - Started process (PID=4414) to work on /opt/airflow/dags/dag_1.py
[2026-04-15T20:16:38.712+0000] {processor.py:914} INFO - Processing file /opt/airflow/dags/dag_1.py for tasks to queue
[2026-04-15T20:16:38.717+0000] {logging_mixin.py:190} INFO - [2026-04-15T20:16:38.716+0000] {dagbag.py:588} INFO - Filling up the DagBag from /opt/airflow/dags/dag_1.py
[2026-04-15T20:16:38.729+0000] {processor.py:925} INFO - DAG(s) 'hello_world_dag' retrieved from /opt/airflow/dags/dag_1.py
[2026-04-15T20:16:38.751+0000] {logging_mixin.py:190} INFO - [2026-04-15T20:16:38.750+0000] {dag.py:3239} INFO - Sync 1 DAGs
[2026-04-15T20:16:38.763+0000] {logging_mixin.py:190} INFO - [2026-04-15T20:16:38.763+0000] {dag.py:4180} INFO - Setting next_dagrun for hello_world_dag to None, run_after=None
[2026-04-15T20:16:38.779+0000] {processor.py:208} INFO - Processing /opt/airflow/dags/dag_1.py took 0.089 seconds
[2026-04-15T20:17:09.018+0000] {processor.py:186} INFO - Started process (PID=4425) to work on /opt/airflow/dags/dag_1.py
[2026-04-15T20:17:09.020+0000] {processor.py:914} INFO - Processing file /opt/airflow/dags/dag_1.py for tasks to queue
[2026-04-15T20:17:09.023+0000] {logging_mixin.py:190} INFO - [2026-04-15T20:17:09.022+0000] {dagbag.py:588} INFO - Filling up the DagBag from /opt/airflow/dags/dag_1.py
[2026-04-15T20:17:09.036+0000] {processor.py:925} INFO - DAG(s) 'hello_world_dag' retrieved from /opt/airflow/dags/dag_1.py
[2026-04-15T20:17:09.057+0000] {logging_mixin.py:190} INFO - [2026-04-15T20:17:09.056+0000] {dag.py:3239} INFO - Sync 1 DAGs
[2026-04-15T20:17:09.069+0000] {logging_mixin.py:190} INFO - [2026-04-15T20:17:09.069+0000] {dag.py:4180} INFO - Setting next_dagrun for hello_world_dag to None, run_after=None
[2026-04-15T20:17:09.085+0000] {processor.py:208} INFO - Processing /opt/airflow/dags/dag_1.py took 0.080 seconds
[2026-04-15T20:17:39.330+0000] {processor.py:186} INFO - Started process (PID=4436) to work on /opt/airflow/dags/dag_1.py
[2026-04-15T20:17:39.331+0000] {processor.py:914} INFO - Processing file /opt/airflow/dags/dag_1.py for tasks to queue
[2026-04-15T20:17:39.334+0000] {logging_mixin.py:190} INFO - [2026-04-15T20:17:39.334+0000] {dagbag.py:588} INFO - Filling up the DagBag from /opt/airflow/dags/dag_1.py
[2026-04-15T20:17:39.345+0000] {processor.py:925} INFO - DAG(s) 'hello_world_dag' retrieved from /opt/airflow/dags/dag_1.py
[2026-04-15T20:17:39.366+0000] {logging_mixin.py:190} INFO - [2026-04-15T20:17:39.365+0000] {dag.py:3239} INFO - Sync 1 DAGs
[2026-04-15T20:17:39.378+0000] {logging_mixin.py:190} INFO - [2026-04-15T20:17:39.378+0000] {dag.py:4180} INFO - Setting next_dagrun for hello_world_dag to None, run_after=None
[2026-04-15T20:17:39.395+0000] {processor.py:208} INFO - Processing /opt/airflow/dags/dag_1.py took 0.074 seconds
[2026-04-15T20:18:09.658+0000] {processor.py:186} INFO - Started process (PID=4446) to work on /opt/airflow/dags/dag_1.py
[2026-04-15T20:18:09.665+0000] {processor.py:914} INFO - Processing file /opt/airflow/dags/dag_1.py for tasks to queue
[2026-04-15T20:18:09.669+0000] {logging_mixin.py:190} INFO - [2026-04-15T20:18:09.669+0000] {dagbag.py:588} INFO - Filling up the DagBag from /opt/airflow/dags/dag_1.py
[2026-04-15T20:18:09.678+0000] {processor.py:925} INFO - DAG(s) 'hello_world_dag' retrieved from /opt/airflow/dags/dag_1.py
[2026-04-15T20:18:09.700+0000] {logging_mixin.py:190} INFO - [2026-04-15T20:18:09.700+0000] {dag.py:3239} INFO - Sync 1 DAGs
[2026-04-15T20:18:09.713+0000] {logging_mixin.py:190} INFO - [2026-04-15T20:18:09.713+0000] {dag.py:4180} INFO - Setting next_dagrun for hello_world_dag to None, run_after=None
[2026-04-15T20:18:09.729+0000] {processor.py:208} INFO - Processing /opt/airflow/dags/dag_1.py took 0.094 seconds
[2026-04-15T20:18:39.980+0000] {processor.py:186} INFO - Started process (PID=4457) to work on /opt/airflow/dags/dag_1.py
[2026-04-15T20:18:39.982+0000] {processor.py:914} INFO - Processing file /opt/airflow/dags/dag_1.py for tasks to queue
[2026-04-15T20:18:39.987+0000] {logging_mixin.py:190} INFO - [2026-04-15T20:18:39.986+0000] {dagbag.py:588} INFO - Filling up the DagBag from /opt/airflow/dags/dag_1.py
[2026-04-15T20:18:40.000+0000] {processor.py:925} INFO - DAG(s) 'hello_world_dag' retrieved from /opt/airflow/dags/dag_1.py
[2026-04-15T20:18:40.021+0000] {logging_mixin.py:190} INFO - [2026-04-15T20:18:40.021+0000] {dag.py:3239} INFO - Sync 1 DAGs
[2026-04-15T20:18:40.033+0000] {logging_mixin.py:190} INFO - [2026-04-15T20:18:40.033+0000] {dag.py:4180} INFO - Setting next_dagrun for hello_world_dag to None, run_after=None
[2026-04-15T20:18:40.052+0000] {processor.py:208} INFO - Processing /opt/airflow/dags/dag_1.py took 0.090 seconds
[2026-04-15T20:19:10.288+0000] {processor.py:186} INFO - Started process (PID=4468) to work on /opt/airflow/dags/dag_1.py
[2026-04-15T20:19:10.295+0000] {processor.py:914} INFO - Processing file /opt/airflow/dags/dag_1.py for tasks to queue
[2026-04-15T20:19:10.302+0000] {logging_mixin.py:190} INFO - [2026-04-15T20:19:10.301+0000] {dagbag.py:588} INFO - Filling up the DagBag from /opt/airflow/dags/dag_1.py
[2026-04-15T20:19:10.319+0000] {processor.py:925} INFO - DAG(s) 'hello_world_dag' retrieved from /opt/airflow/dags/dag_1.py
[2026-04-15T20:19:10.343+0000] {logging_mixin.py:190} INFO - [2026-04-15T20:19:10.342+0000] {dag.py:3239} INFO - Sync 1 DAGs
[2026-04-15T20:19:10.355+0000] {logging_mixin.py:190} INFO - [2026-04-15T20:19:10.355+0000] {dag.py:4180} INFO - Setting next_dagrun for hello_world_dag to None, run_after=None
[2026-04-15T20:19:10.372+0000] {processor.py:208} INFO - Processing /opt/airflow/dags/dag_1.py took 0.093 seconds
[2026-04-15T20:19:40.655+0000] {processor.py:186} INFO - Started process (PID=4479) to work on /opt/airflow/dags/dag_1.py
[2026-04-15T20:19:40.655+0000] {processor.py:914} INFO - Processing file /opt/airflow/dags/dag_1.py for tasks to queue
[2026-04-15T20:19:40.657+0000] {logging_mixin.py:190} INFO - [2026-04-15T20:19:40.657+0000] {dagbag.py:588} INFO - Filling up the DagBag from /opt/airflow/dags/dag_1.py
[2026-04-15T20:19:40.665+0000] {processor.py:925} INFO - DAG(s) 'hello_world_dag' retrieved from /opt/airflow/dags/dag_1.py
[2026-04-15T20:19:40.686+0000] {logging_mixin.py:190} INFO - [2026-04-15T20:19:40.686+0000] {dag.py:3239} INFO - Sync 1 DAGs
[2026-04-15T20:19:40.699+0000] {logging_mixin.py:190} INFO - [2026-04-15T20:19:40.699+0000] {dag.py:4180} INFO - Setting next_dagrun for hello_world_dag to None, run_after=None
[2026-04-15T20:19:40.716+0000] {processor.py:208} INFO - Processing /opt/airflow/dags/dag_1.py took 0.068 seconds
[2026-04-15T20:20:10.982+0000] {processor.py:186} INFO - Started process (PID=4490) to work on /opt/airflow/dags/dag_1.py
[2026-04-15T20:20:10.983+0000] {processor.py:914} INFO - Processing file /opt/airflow/dags/dag_1.py for tasks to queue
[2026-04-15T20:20:10.986+0000] {logging_mixin.py:190} INFO - [2026-04-15T20:20:10.986+0000] {dagbag.py:588} INFO - Filling up the DagBag from /opt/airflow/dags/dag_1.py
[2026-04-15T20:20:10.998+0000] {processor.py:925} INFO - DAG(s) 'hello_world_dag' retrieved from /opt/airflow/dags/dag_1.py
[2026-04-15T20:20:11.020+0000] {logging_mixin.py:190} INFO - [2026-04-15T20:20:11.020+0000] {dag.py:3239} INFO - Sync 1 DAGs
[2026-04-15T20:20:11.033+0000] {logging_mixin.py:190} INFO - [2026-04-15T20:20:11.032+0000] {dag.py:4180} INFO - Setting next_dagrun for hello_world_dag to None, run_after=None
[2026-04-15T20:20:11.048+0000] {processor.py:208} INFO - Processing /opt/airflow/dags/dag_1.py took 0.084 seconds
[2026-04-15T20:20:41.292+0000] {processor.py:186} INFO - Started process (PID=4501) to work on /opt/airflow/dags/dag_1.py
[2026-04-15T20:20:41.299+0000] {processor.py:914} INFO - Processing file /opt/airflow/dags/dag_1.py for tasks to queue
[2026-04-15T20:20:41.302+0000] {logging_mixin.py:190} INFO - [2026-04-15T20:20:41.301+0000] {dagbag.py:588} INFO - Filling up the DagBag from /opt/airflow/dags/dag_1.py
[2026-04-15T20:20:41.310+0000] {processor.py:925} INFO - DAG(s) 'hello_world_dag' retrieved from /opt/airflow/dags/dag_1.py
[2026-04-15T20:20:41.333+0000] {logging_mixin.py:190} INFO - [2026-04-15T20:20:41.333+0000] {dag.py:3239} INFO - Sync 1 DAGs
[2026-04-15T20:20:41.346+0000] {logging_mixin.py:190} INFO - [2026-04-15T20:20:41.346+0000] {dag.py:4180} INFO - Setting next_dagrun for hello_world_dag to None, run_after=None
[2026-04-15T20:20:41.364+0000] {processor.py:208} INFO - Processing /opt/airflow/dags/dag_1.py took 0.084 seconds
