[2026-04-23T20:23:37.578+0000] {processor.py:186} INFO - Started process (PID=182) to work on /opt/airflow/dags/daily_chek.py
[2026-04-23T20:23:37.579+0000] {processor.py:914} INFO - Processing file /opt/airflow/dags/daily_chek.py for tasks to queue
[2026-04-23T20:23:37.581+0000] {logging_mixin.py:190} INFO - [2026-04-23T20:23:37.581+0000] {dagbag.py:588} INFO - Filling up the DagBag from /opt/airflow/dags/daily_chek.py
[2026-04-23T20:23:37.598+0000] {processor.py:925} INFO - DAG(s) 'daily_check' retrieved from /opt/airflow/dags/daily_chek.py
[2026-04-23T20:23:37.632+0000] {logging_mixin.py:190} INFO - [2026-04-23T20:23:37.632+0000] {dag.py:3239} INFO - Sync 1 DAGs
[2026-04-23T20:23:37.676+0000] {logging_mixin.py:190} INFO - [2026-04-23T20:23:37.676+0000] {dag.py:4180} INFO - Setting next_dagrun for daily_check to 2026-04-23 00:00:00+00:00, run_after=2026-04-24 00:00:00+00:00
[2026-04-23T20:23:37.708+0000] {processor.py:208} INFO - Processing /opt/airflow/dags/daily_chek.py took 0.139 seconds
[2026-04-23T18:37:45.259+0000] {processor.py:186} INFO - Started process (PID=183) to work on /opt/airflow/dags/daily_chek.py
[2026-04-23T18:37:45.260+0000] {processor.py:914} INFO - Processing file /opt/airflow/dags/daily_chek.py for tasks to queue
[2026-04-23T18:37:45.262+0000] {logging_mixin.py:190} INFO - [2026-04-23T18:37:45.261+0000] {dagbag.py:588} INFO - Filling up the DagBag from /opt/airflow/dags/daily_chek.py
[2026-04-23T18:37:45.275+0000] {processor.py:925} INFO - DAG(s) 'daily_check' retrieved from /opt/airflow/dags/daily_chek.py
[2026-04-23T18:37:45.296+0000] {logging_mixin.py:190} INFO - [2026-04-23T18:37:45.295+0000] {dag.py:3239} INFO - Sync 1 DAGs
[2026-04-23T18:37:45.318+0000] {logging_mixin.py:190} INFO - [2026-04-23T18:37:45.318+0000] {dag.py:4180} INFO - Setting next_dagrun for daily_check to 2026-04-23 00:00:00+00:00, run_after=2026-04-24 00:00:00+00:00
[2026-04-23T18:37:45.339+0000] {processor.py:208} INFO - Processing /opt/airflow/dags/daily_chek.py took 0.087 seconds
[2026-04-23T18:38:15.598+0000] {processor.py:186} INFO - Started process (PID=204) to work on /opt/airflow/dags/daily_chek.py
[2026-04-23T18:38:15.598+0000] {processor.py:914} INFO - Processing file /opt/airflow/dags/daily_chek.py for tasks to queue
[2026-04-23T18:38:15.600+0000] {logging_mixin.py:190} INFO - [2026-04-23T18:38:15.600+0000] {dagbag.py:588} INFO - Filling up the DagBag from /opt/airflow/dags/daily_chek.py
[2026-04-23T18:38:15.609+0000] {processor.py:925} INFO - DAG(s) 'daily_check' retrieved from /opt/airflow/dags/daily_chek.py
[2026-04-23T18:38:15.632+0000] {logging_mixin.py:190} INFO - [2026-04-23T18:38:15.632+0000] {dag.py:3239} INFO - Sync 1 DAGs
[2026-04-23T18:38:15.653+0000] {logging_mixin.py:190} INFO - [2026-04-23T18:38:15.652+0000] {dag.py:4180} INFO - Setting next_dagrun for daily_check to 2026-04-23 00:00:00+00:00, run_after=2026-04-24 00:00:00+00:00
[2026-04-23T18:38:15.669+0000] {processor.py:208} INFO - Processing /opt/airflow/dags/daily_chek.py took 0.077 seconds
[2026-04-23T18:38:45.945+0000] {processor.py:186} INFO - Started process (PID=225) to work on /opt/airflow/dags/daily_chek.py
[2026-04-23T18:38:45.949+0000] {processor.py:914} INFO - Processing file /opt/airflow/dags/daily_chek.py for tasks to queue
[2026-04-23T18:38:45.951+0000] {logging_mixin.py:190} INFO - [2026-04-23T18:38:45.951+0000] {dagbag.py:588} INFO - Filling up the DagBag from /opt/airflow/dags/daily_chek.py
[2026-04-23T18:38:45.960+0000] {processor.py:925} INFO - DAG(s) 'daily_check' retrieved from /opt/airflow/dags/daily_chek.py
[2026-04-23T18:38:45.982+0000] {logging_mixin.py:190} INFO - [2026-04-23T18:38:45.981+0000] {dag.py:3239} INFO - Sync 1 DAGs
[2026-04-23T18:38:46.004+0000] {logging_mixin.py:190} INFO - [2026-04-23T18:38:46.004+0000] {dag.py:4180} INFO - Setting next_dagrun for daily_check to 2026-04-23 00:00:00+00:00, run_after=2026-04-24 00:00:00+00:00
[2026-04-23T18:38:46.022+0000] {processor.py:208} INFO - Processing /opt/airflow/dags/daily_chek.py took 0.081 seconds
[2026-04-23T18:39:16.271+0000] {processor.py:186} INFO - Started process (PID=246) to work on /opt/airflow/dags/daily_chek.py
[2026-04-23T18:39:16.271+0000] {processor.py:914} INFO - Processing file /opt/airflow/dags/daily_chek.py for tasks to queue
[2026-04-23T18:39:16.273+0000] {logging_mixin.py:190} INFO - [2026-04-23T18:39:16.273+0000] {dagbag.py:588} INFO - Filling up the DagBag from /opt/airflow/dags/daily_chek.py
[2026-04-23T18:39:16.286+0000] {processor.py:925} INFO - DAG(s) 'daily_check' retrieved from /opt/airflow/dags/daily_chek.py
[2026-04-23T18:39:16.307+0000] {logging_mixin.py:190} INFO - [2026-04-23T18:39:16.307+0000] {dag.py:3239} INFO - Sync 1 DAGs
[2026-04-23T18:39:16.330+0000] {logging_mixin.py:190} INFO - [2026-04-23T18:39:16.330+0000] {dag.py:4180} INFO - Setting next_dagrun for daily_check to 2026-04-23 00:00:00+00:00, run_after=2026-04-24 00:00:00+00:00
[2026-04-23T18:39:16.349+0000] {processor.py:208} INFO - Processing /opt/airflow/dags/daily_chek.py took 0.085 seconds
[2026-04-23T18:39:46.603+0000] {processor.py:186} INFO - Started process (PID=267) to work on /opt/airflow/dags/daily_chek.py
[2026-04-23T18:39:46.604+0000] {processor.py:914} INFO - Processing file /opt/airflow/dags/daily_chek.py for tasks to queue
[2026-04-23T18:39:46.607+0000] {logging_mixin.py:190} INFO - [2026-04-23T18:39:46.607+0000] {dagbag.py:588} INFO - Filling up the DagBag from /opt/airflow/dags/daily_chek.py
[2026-04-23T18:39:46.621+0000] {processor.py:925} INFO - DAG(s) 'daily_check' retrieved from /opt/airflow/dags/daily_chek.py
[2026-04-23T18:39:46.641+0000] {logging_mixin.py:190} INFO - [2026-04-23T18:39:46.641+0000] {dag.py:3239} INFO - Sync 1 DAGs
[2026-04-23T18:39:46.661+0000] {logging_mixin.py:190} INFO - [2026-04-23T18:39:46.661+0000] {dag.py:4180} INFO - Setting next_dagrun for daily_check to 2026-04-23 00:00:00+00:00, run_after=2026-04-24 00:00:00+00:00
[2026-04-23T18:39:46.679+0000] {processor.py:208} INFO - Processing /opt/airflow/dags/daily_chek.py took 0.088 seconds
[2026-04-23T18:40:16.942+0000] {processor.py:186} INFO - Started process (PID=288) to work on /opt/airflow/dags/daily_chek.py
[2026-04-23T18:40:16.943+0000] {processor.py:914} INFO - Processing file /opt/airflow/dags/daily_chek.py for tasks to queue
[2026-04-23T18:40:16.945+0000] {logging_mixin.py:190} INFO - [2026-04-23T18:40:16.945+0000] {dagbag.py:588} INFO - Filling up the DagBag from /opt/airflow/dags/daily_chek.py
[2026-04-23T18:40:16.954+0000] {processor.py:925} INFO - DAG(s) 'daily_check' retrieved from /opt/airflow/dags/daily_chek.py
[2026-04-23T18:40:16.976+0000] {logging_mixin.py:190} INFO - [2026-04-23T18:40:16.976+0000] {dag.py:3239} INFO - Sync 1 DAGs
[2026-04-23T18:40:17.000+0000] {logging_mixin.py:190} INFO - [2026-04-23T18:40:17.000+0000] {dag.py:4180} INFO - Setting next_dagrun for daily_check to 2026-04-23 00:00:00+00:00, run_after=2026-04-24 00:00:00+00:00
[2026-04-23T18:40:17.016+0000] {processor.py:208} INFO - Processing /opt/airflow/dags/daily_chek.py took 0.079 seconds
[2026-04-23T18:40:47.251+0000] {processor.py:186} INFO - Started process (PID=309) to work on /opt/airflow/dags/daily_chek.py
[2026-04-23T18:40:47.251+0000] {processor.py:914} INFO - Processing file /opt/airflow/dags/daily_chek.py for tasks to queue
[2026-04-23T18:40:47.254+0000] {logging_mixin.py:190} INFO - [2026-04-23T18:40:47.253+0000] {dagbag.py:588} INFO - Filling up the DagBag from /opt/airflow/dags/daily_chek.py
[2026-04-23T18:40:47.264+0000] {processor.py:925} INFO - DAG(s) 'daily_check' retrieved from /opt/airflow/dags/daily_chek.py
[2026-04-23T18:40:47.289+0000] {logging_mixin.py:190} INFO - [2026-04-23T18:40:47.289+0000] {dag.py:3239} INFO - Sync 1 DAGs
[2026-04-23T18:40:47.317+0000] {logging_mixin.py:190} INFO - [2026-04-23T18:40:47.316+0000] {dag.py:4180} INFO - Setting next_dagrun for daily_check to 2026-04-23 00:00:00+00:00, run_after=2026-04-24 00:00:00+00:00
[2026-04-23T18:40:47.334+0000] {processor.py:208} INFO - Processing /opt/airflow/dags/daily_chek.py took 0.090 seconds
[2026-04-23T18:41:17.512+0000] {processor.py:186} INFO - Started process (PID=330) to work on /opt/airflow/dags/daily_chek.py
[2026-04-23T18:41:17.514+0000] {processor.py:914} INFO - Processing file /opt/airflow/dags/daily_chek.py for tasks to queue
[2026-04-23T18:41:17.516+0000] {logging_mixin.py:190} INFO - [2026-04-23T18:41:17.516+0000] {dagbag.py:588} INFO - Filling up the DagBag from /opt/airflow/dags/daily_chek.py
[2026-04-23T18:41:17.526+0000] {processor.py:925} INFO - DAG(s) 'daily_check' retrieved from /opt/airflow/dags/daily_chek.py
[2026-04-23T18:41:17.546+0000] {logging_mixin.py:190} INFO - [2026-04-23T18:41:17.546+0000] {dag.py:3239} INFO - Sync 1 DAGs
[2026-04-23T18:41:17.567+0000] {logging_mixin.py:190} INFO - [2026-04-23T18:41:17.567+0000] {dag.py:4180} INFO - Setting next_dagrun for daily_check to 2026-04-23 00:00:00+00:00, run_after=2026-04-24 00:00:00+00:00
[2026-04-23T18:41:17.583+0000] {processor.py:208} INFO - Processing /opt/airflow/dags/daily_chek.py took 0.077 seconds
[2026-04-23T18:41:47.761+0000] {processor.py:186} INFO - Started process (PID=351) to work on /opt/airflow/dags/daily_chek.py
[2026-04-23T18:41:47.761+0000] {processor.py:914} INFO - Processing file /opt/airflow/dags/daily_chek.py for tasks to queue
[2026-04-23T18:41:47.764+0000] {logging_mixin.py:190} INFO - [2026-04-23T18:41:47.763+0000] {dagbag.py:588} INFO - Filling up the DagBag from /opt/airflow/dags/daily_chek.py
[2026-04-23T18:41:47.778+0000] {processor.py:925} INFO - DAG(s) 'daily_check' retrieved from /opt/airflow/dags/daily_chek.py
[2026-04-23T18:41:47.799+0000] {logging_mixin.py:190} INFO - [2026-04-23T18:41:47.799+0000] {dag.py:3239} INFO - Sync 1 DAGs
[2026-04-23T18:41:47.822+0000] {logging_mixin.py:190} INFO - [2026-04-23T18:41:47.821+0000] {dag.py:4180} INFO - Setting next_dagrun for daily_check to 2026-04-23 00:00:00+00:00, run_after=2026-04-24 00:00:00+00:00
[2026-04-23T18:41:47.837+0000] {processor.py:208} INFO - Processing /opt/airflow/dags/daily_chek.py took 0.085 seconds
[2026-04-23T18:42:18.020+0000] {processor.py:186} INFO - Started process (PID=372) to work on /opt/airflow/dags/daily_chek.py
[2026-04-23T18:42:18.025+0000] {processor.py:914} INFO - Processing file /opt/airflow/dags/daily_chek.py for tasks to queue
[2026-04-23T18:42:18.027+0000] {logging_mixin.py:190} INFO - [2026-04-23T18:42:18.027+0000] {dagbag.py:588} INFO - Filling up the DagBag from /opt/airflow/dags/daily_chek.py
[2026-04-23T18:42:18.037+0000] {processor.py:925} INFO - DAG(s) 'daily_check' retrieved from /opt/airflow/dags/daily_chek.py
[2026-04-23T18:42:18.061+0000] {logging_mixin.py:190} INFO - [2026-04-23T18:42:18.061+0000] {dag.py:3239} INFO - Sync 1 DAGs
[2026-04-23T18:42:18.083+0000] {logging_mixin.py:190} INFO - [2026-04-23T18:42:18.082+0000] {dag.py:4180} INFO - Setting next_dagrun for daily_check to 2026-04-23 00:00:00+00:00, run_after=2026-04-24 00:00:00+00:00
[2026-04-23T18:42:18.098+0000] {processor.py:208} INFO - Processing /opt/airflow/dags/daily_chek.py took 0.083 seconds
[2026-04-23T18:42:48.298+0000] {processor.py:186} INFO - Started process (PID=393) to work on /opt/airflow/dags/daily_chek.py
[2026-04-23T18:42:48.298+0000] {processor.py:914} INFO - Processing file /opt/airflow/dags/daily_chek.py for tasks to queue
[2026-04-23T18:42:48.301+0000] {logging_mixin.py:190} INFO - [2026-04-23T18:42:48.301+0000] {dagbag.py:588} INFO - Filling up the DagBag from /opt/airflow/dags/daily_chek.py
[2026-04-23T18:42:48.315+0000] {processor.py:925} INFO - DAG(s) 'daily_check' retrieved from /opt/airflow/dags/daily_chek.py
[2026-04-23T18:42:48.335+0000] {logging_mixin.py:190} INFO - [2026-04-23T18:42:48.335+0000] {dag.py:3239} INFO - Sync 1 DAGs
[2026-04-23T18:42:48.357+0000] {logging_mixin.py:190} INFO - [2026-04-23T18:42:48.356+0000] {dag.py:4180} INFO - Setting next_dagrun for daily_check to 2026-04-23 00:00:00+00:00, run_after=2026-04-24 00:00:00+00:00
[2026-04-23T18:42:48.373+0000] {processor.py:208} INFO - Processing /opt/airflow/dags/daily_chek.py took 0.083 seconds
[2026-04-23T18:43:18.560+0000] {processor.py:186} INFO - Started process (PID=414) to work on /opt/airflow/dags/daily_chek.py
[2026-04-23T18:43:18.562+0000] {processor.py:914} INFO - Processing file /opt/airflow/dags/daily_chek.py for tasks to queue
[2026-04-23T18:43:18.565+0000] {logging_mixin.py:190} INFO - [2026-04-23T18:43:18.564+0000] {dagbag.py:588} INFO - Filling up the DagBag from /opt/airflow/dags/daily_chek.py
[2026-04-23T18:43:18.578+0000] {processor.py:925} INFO - DAG(s) 'daily_check' retrieved from /opt/airflow/dags/daily_chek.py
[2026-04-23T18:43:18.600+0000] {logging_mixin.py:190} INFO - [2026-04-23T18:43:18.600+0000] {dag.py:3239} INFO - Sync 1 DAGs
[2026-04-23T18:43:18.628+0000] {logging_mixin.py:190} INFO - [2026-04-23T18:43:18.628+0000] {dag.py:4180} INFO - Setting next_dagrun for daily_check to 2026-04-23 00:00:00+00:00, run_after=2026-04-24 00:00:00+00:00
[2026-04-23T18:43:18.648+0000] {processor.py:208} INFO - Processing /opt/airflow/dags/daily_chek.py took 0.094 seconds
[2026-04-23T18:43:48.824+0000] {processor.py:186} INFO - Started process (PID=435) to work on /opt/airflow/dags/daily_chek.py
[2026-04-23T18:43:48.825+0000] {processor.py:914} INFO - Processing file /opt/airflow/dags/daily_chek.py for tasks to queue
[2026-04-23T18:43:48.828+0000] {logging_mixin.py:190} INFO - [2026-04-23T18:43:48.827+0000] {dagbag.py:588} INFO - Filling up the DagBag from /opt/airflow/dags/daily_chek.py
[2026-04-23T18:43:48.842+0000] {processor.py:925} INFO - DAG(s) 'daily_check' retrieved from /opt/airflow/dags/daily_chek.py
[2026-04-23T18:43:48.863+0000] {logging_mixin.py:190} INFO - [2026-04-23T18:43:48.863+0000] {dag.py:3239} INFO - Sync 1 DAGs
[2026-04-23T18:43:48.886+0000] {logging_mixin.py:190} INFO - [2026-04-23T18:43:48.885+0000] {dag.py:4180} INFO - Setting next_dagrun for daily_check to 2026-04-23 00:00:00+00:00, run_after=2026-04-24 00:00:00+00:00
[2026-04-23T18:43:48.903+0000] {processor.py:208} INFO - Processing /opt/airflow/dags/daily_chek.py took 0.087 seconds
[2026-04-23T18:44:19.081+0000] {processor.py:186} INFO - Started process (PID=456) to work on /opt/airflow/dags/daily_chek.py
[2026-04-23T18:44:19.082+0000] {processor.py:914} INFO - Processing file /opt/airflow/dags/daily_chek.py for tasks to queue
[2026-04-23T18:44:19.084+0000] {logging_mixin.py:190} INFO - [2026-04-23T18:44:19.084+0000] {dagbag.py:588} INFO - Filling up the DagBag from /opt/airflow/dags/daily_chek.py
[2026-04-23T18:44:19.096+0000] {processor.py:925} INFO - DAG(s) 'daily_check' retrieved from /opt/airflow/dags/daily_chek.py
[2026-04-23T18:44:19.118+0000] {logging_mixin.py:190} INFO - [2026-04-23T18:44:19.117+0000] {dag.py:3239} INFO - Sync 1 DAGs
[2026-04-23T18:44:19.143+0000] {logging_mixin.py:190} INFO - [2026-04-23T18:44:19.143+0000] {dag.py:4180} INFO - Setting next_dagrun for daily_check to 2026-04-23 00:00:00+00:00, run_after=2026-04-24 00:00:00+00:00
[2026-04-23T18:44:19.160+0000] {processor.py:208} INFO - Processing /opt/airflow/dags/daily_chek.py took 0.085 seconds
[2026-04-23T18:44:49.357+0000] {processor.py:186} INFO - Started process (PID=477) to work on /opt/airflow/dags/daily_chek.py
[2026-04-23T18:44:49.358+0000] {processor.py:914} INFO - Processing file /opt/airflow/dags/daily_chek.py for tasks to queue
[2026-04-23T18:44:49.361+0000] {logging_mixin.py:190} INFO - [2026-04-23T18:44:49.361+0000] {dagbag.py:588} INFO - Filling up the DagBag from /opt/airflow/dags/daily_chek.py
[2026-04-23T18:44:49.377+0000] {processor.py:925} INFO - DAG(s) 'daily_check' retrieved from /opt/airflow/dags/daily_chek.py
[2026-04-23T18:44:49.409+0000] {logging_mixin.py:190} INFO - [2026-04-23T18:44:49.409+0000] {dag.py:3239} INFO - Sync 1 DAGs
[2026-04-23T18:44:49.446+0000] {logging_mixin.py:190} INFO - [2026-04-23T18:44:49.446+0000] {dag.py:4180} INFO - Setting next_dagrun for daily_check to 2026-04-23 00:00:00+00:00, run_after=2026-04-24 00:00:00+00:00
[2026-04-23T18:44:49.472+0000] {processor.py:208} INFO - Processing /opt/airflow/dags/daily_chek.py took 0.123 seconds
[2026-04-23T18:45:19.653+0000] {processor.py:186} INFO - Started process (PID=498) to work on /opt/airflow/dags/daily_chek.py
[2026-04-23T18:45:19.654+0000] {processor.py:914} INFO - Processing file /opt/airflow/dags/daily_chek.py for tasks to queue
[2026-04-23T18:45:19.656+0000] {logging_mixin.py:190} INFO - [2026-04-23T18:45:19.656+0000] {dagbag.py:588} INFO - Filling up the DagBag from /opt/airflow/dags/daily_chek.py
[2026-04-23T18:45:19.673+0000] {processor.py:925} INFO - DAG(s) 'daily_check' retrieved from /opt/airflow/dags/daily_chek.py
[2026-04-23T18:45:19.708+0000] {logging_mixin.py:190} INFO - [2026-04-23T18:45:19.708+0000] {dag.py:3239} INFO - Sync 1 DAGs
[2026-04-23T18:45:19.746+0000] {logging_mixin.py:190} INFO - [2026-04-23T18:45:19.746+0000] {dag.py:4180} INFO - Setting next_dagrun for daily_check to 2026-04-23 00:00:00+00:00, run_after=2026-04-24 00:00:00+00:00
[2026-04-23T18:45:19.769+0000] {processor.py:208} INFO - Processing /opt/airflow/dags/daily_chek.py took 0.127 seconds
[2026-04-23T18:45:49.947+0000] {processor.py:186} INFO - Started process (PID=519) to work on /opt/airflow/dags/daily_chek.py
[2026-04-23T18:45:49.948+0000] {processor.py:914} INFO - Processing file /opt/airflow/dags/daily_chek.py for tasks to queue
[2026-04-23T18:45:49.953+0000] {logging_mixin.py:190} INFO - [2026-04-23T18:45:49.952+0000] {dagbag.py:588} INFO - Filling up the DagBag from /opt/airflow/dags/daily_chek.py
[2026-04-23T18:45:49.969+0000] {processor.py:925} INFO - DAG(s) 'daily_check' retrieved from /opt/airflow/dags/daily_chek.py
[2026-04-23T18:45:50.004+0000] {logging_mixin.py:190} INFO - [2026-04-23T18:45:50.003+0000] {dag.py:3239} INFO - Sync 1 DAGs
[2026-04-23T18:45:50.048+0000] {logging_mixin.py:190} INFO - [2026-04-23T18:45:50.047+0000] {dag.py:4180} INFO - Setting next_dagrun for daily_check to 2026-04-23 00:00:00+00:00, run_after=2026-04-24 00:00:00+00:00
[2026-04-23T18:45:50.073+0000] {processor.py:208} INFO - Processing /opt/airflow/dags/daily_chek.py took 0.134 seconds
[2026-04-23T18:46:20.268+0000] {processor.py:186} INFO - Started process (PID=540) to work on /opt/airflow/dags/daily_chek.py
[2026-04-23T18:46:20.270+0000] {processor.py:914} INFO - Processing file /opt/airflow/dags/daily_chek.py for tasks to queue
[2026-04-23T18:46:20.273+0000] {logging_mixin.py:190} INFO - [2026-04-23T18:46:20.273+0000] {dagbag.py:588} INFO - Filling up the DagBag from /opt/airflow/dags/daily_chek.py
[2026-04-23T18:46:20.291+0000] {processor.py:925} INFO - DAG(s) 'daily_check' retrieved from /opt/airflow/dags/daily_chek.py
[2026-04-23T18:46:20.330+0000] {logging_mixin.py:190} INFO - [2026-04-23T18:46:20.330+0000] {dag.py:3239} INFO - Sync 1 DAGs
[2026-04-23T18:46:20.372+0000] {logging_mixin.py:190} INFO - [2026-04-23T18:46:20.372+0000] {dag.py:4180} INFO - Setting next_dagrun for daily_check to 2026-04-23 00:00:00+00:00, run_after=2026-04-24 00:00:00+00:00
[2026-04-23T18:46:20.400+0000] {processor.py:208} INFO - Processing /opt/airflow/dags/daily_chek.py took 0.142 seconds
[2026-04-23T18:46:50.594+0000] {processor.py:186} INFO - Started process (PID=561) to work on /opt/airflow/dags/daily_chek.py
[2026-04-23T18:46:50.595+0000] {processor.py:914} INFO - Processing file /opt/airflow/dags/daily_chek.py for tasks to queue
[2026-04-23T18:46:50.598+0000] {logging_mixin.py:190} INFO - [2026-04-23T18:46:50.598+0000] {dagbag.py:588} INFO - Filling up the DagBag from /opt/airflow/dags/daily_chek.py
[2026-04-23T18:46:50.612+0000] {processor.py:925} INFO - DAG(s) 'daily_check' retrieved from /opt/airflow/dags/daily_chek.py
[2026-04-23T18:46:50.644+0000] {logging_mixin.py:190} INFO - [2026-04-23T18:46:50.644+0000] {dag.py:3239} INFO - Sync 1 DAGs
[2026-04-23T18:46:50.676+0000] {logging_mixin.py:190} INFO - [2026-04-23T18:46:50.676+0000] {dag.py:4180} INFO - Setting next_dagrun for daily_check to 2026-04-23 00:00:00+00:00, run_after=2026-04-24 00:00:00+00:00
[2026-04-23T18:46:50.700+0000] {processor.py:208} INFO - Processing /opt/airflow/dags/daily_chek.py took 0.115 seconds
[2026-04-23T18:47:20.902+0000] {processor.py:186} INFO - Started process (PID=588) to work on /opt/airflow/dags/daily_chek.py
[2026-04-23T18:47:20.902+0000] {processor.py:914} INFO - Processing file /opt/airflow/dags/daily_chek.py for tasks to queue
[2026-04-23T18:47:20.905+0000] {logging_mixin.py:190} INFO - [2026-04-23T18:47:20.905+0000] {dagbag.py:588} INFO - Filling up the DagBag from /opt/airflow/dags/daily_chek.py
[2026-04-23T18:47:20.922+0000] {processor.py:925} INFO - DAG(s) 'daily_check' retrieved from /opt/airflow/dags/daily_chek.py
[2026-04-23T18:47:20.954+0000] {logging_mixin.py:190} INFO - [2026-04-23T18:47:20.954+0000] {dag.py:3239} INFO - Sync 1 DAGs
[2026-04-23T18:47:20.989+0000] {logging_mixin.py:190} INFO - [2026-04-23T18:47:20.989+0000] {dag.py:4180} INFO - Setting next_dagrun for daily_check to 2026-04-23 00:00:00+00:00, run_after=2026-04-24 00:00:00+00:00
[2026-04-23T18:47:21.012+0000] {processor.py:208} INFO - Processing /opt/airflow/dags/daily_chek.py took 0.116 seconds
[2026-04-23T18:47:51.199+0000] {processor.py:186} INFO - Started process (PID=609) to work on /opt/airflow/dags/daily_chek.py
[2026-04-23T18:47:51.200+0000] {processor.py:914} INFO - Processing file /opt/airflow/dags/daily_chek.py for tasks to queue
[2026-04-23T18:47:51.202+0000] {logging_mixin.py:190} INFO - [2026-04-23T18:47:51.202+0000] {dagbag.py:588} INFO - Filling up the DagBag from /opt/airflow/dags/daily_chek.py
[2026-04-23T18:47:51.217+0000] {processor.py:925} INFO - DAG(s) 'daily_check' retrieved from /opt/airflow/dags/daily_chek.py
[2026-04-23T18:47:51.247+0000] {logging_mixin.py:190} INFO - [2026-04-23T18:47:51.246+0000] {dag.py:3239} INFO - Sync 1 DAGs
[2026-04-23T18:47:51.280+0000] {logging_mixin.py:190} INFO - [2026-04-23T18:47:51.280+0000] {dag.py:4180} INFO - Setting next_dagrun for daily_check to 2026-04-23 00:00:00+00:00, run_after=2026-04-24 00:00:00+00:00
[2026-04-23T18:47:51.300+0000] {processor.py:208} INFO - Processing /opt/airflow/dags/daily_chek.py took 0.109 seconds
[2026-04-23T18:48:21.484+0000] {processor.py:186} INFO - Started process (PID=630) to work on /opt/airflow/dags/daily_chek.py
[2026-04-23T18:48:21.486+0000] {processor.py:914} INFO - Processing file /opt/airflow/dags/daily_chek.py for tasks to queue
[2026-04-23T18:48:21.488+0000] {logging_mixin.py:190} INFO - [2026-04-23T18:48:21.488+0000] {dagbag.py:588} INFO - Filling up the DagBag from /opt/airflow/dags/daily_chek.py
[2026-04-23T18:48:21.502+0000] {processor.py:925} INFO - DAG(s) 'daily_check' retrieved from /opt/airflow/dags/daily_chek.py
[2026-04-23T18:48:21.526+0000] {logging_mixin.py:190} INFO - [2026-04-23T18:48:21.526+0000] {dag.py:3239} INFO - Sync 1 DAGs
[2026-04-23T18:48:21.549+0000] {logging_mixin.py:190} INFO - [2026-04-23T18:48:21.549+0000] {dag.py:4180} INFO - Setting next_dagrun for daily_check to 2026-04-23 00:00:00+00:00, run_after=2026-04-24 00:00:00+00:00
[2026-04-23T18:48:21.564+0000] {processor.py:208} INFO - Processing /opt/airflow/dags/daily_chek.py took 0.086 seconds
[2026-04-23T18:48:51.758+0000] {processor.py:186} INFO - Started process (PID=651) to work on /opt/airflow/dags/daily_chek.py
[2026-04-23T18:48:51.761+0000] {processor.py:914} INFO - Processing file /opt/airflow/dags/daily_chek.py for tasks to queue
[2026-04-23T18:48:51.762+0000] {logging_mixin.py:190} INFO - [2026-04-23T18:48:51.762+0000] {dagbag.py:588} INFO - Filling up the DagBag from /opt/airflow/dags/daily_chek.py
[2026-04-23T18:48:51.772+0000] {processor.py:925} INFO - DAG(s) 'daily_check' retrieved from /opt/airflow/dags/daily_chek.py
[2026-04-23T18:48:51.794+0000] {logging_mixin.py:190} INFO - [2026-04-23T18:48:51.794+0000] {dag.py:3239} INFO - Sync 1 DAGs
[2026-04-23T18:48:51.819+0000] {logging_mixin.py:190} INFO - [2026-04-23T18:48:51.819+0000] {dag.py:4180} INFO - Setting next_dagrun for daily_check to 2026-04-23 00:00:00+00:00, run_after=2026-04-24 00:00:00+00:00
[2026-04-23T18:48:51.835+0000] {processor.py:208} INFO - Processing /opt/airflow/dags/daily_chek.py took 0.083 seconds
[2026-04-23T18:49:22.013+0000] {processor.py:186} INFO - Started process (PID=672) to work on /opt/airflow/dags/daily_chek.py
[2026-04-23T18:49:22.014+0000] {processor.py:914} INFO - Processing file /opt/airflow/dags/daily_chek.py for tasks to queue
[2026-04-23T18:49:22.017+0000] {logging_mixin.py:190} INFO - [2026-04-23T18:49:22.017+0000] {dagbag.py:588} INFO - Filling up the DagBag from /opt/airflow/dags/daily_chek.py
[2026-04-23T18:49:22.031+0000] {processor.py:925} INFO - DAG(s) 'daily_check' retrieved from /opt/airflow/dags/daily_chek.py
[2026-04-23T18:49:22.060+0000] {logging_mixin.py:190} INFO - [2026-04-23T18:49:22.059+0000] {dag.py:3239} INFO - Sync 1 DAGs
[2026-04-23T18:49:22.087+0000] {logging_mixin.py:190} INFO - [2026-04-23T18:49:22.086+0000] {dag.py:4180} INFO - Setting next_dagrun for daily_check to 2026-04-23 00:00:00+00:00, run_after=2026-04-24 00:00:00+00:00
[2026-04-23T18:49:22.104+0000] {processor.py:208} INFO - Processing /opt/airflow/dags/daily_chek.py took 0.099 seconds
[2026-04-23T18:49:52.286+0000] {processor.py:186} INFO - Started process (PID=693) to work on /opt/airflow/dags/daily_chek.py
[2026-04-23T18:49:52.287+0000] {processor.py:914} INFO - Processing file /opt/airflow/dags/daily_chek.py for tasks to queue
[2026-04-23T18:49:52.289+0000] {logging_mixin.py:190} INFO - [2026-04-23T18:49:52.289+0000] {dagbag.py:588} INFO - Filling up the DagBag from /opt/airflow/dags/daily_chek.py
[2026-04-23T18:49:52.299+0000] {processor.py:925} INFO - DAG(s) 'daily_check' retrieved from /opt/airflow/dags/daily_chek.py
[2026-04-23T18:49:52.321+0000] {logging_mixin.py:190} INFO - [2026-04-23T18:49:52.321+0000] {dag.py:3239} INFO - Sync 1 DAGs
[2026-04-23T18:49:52.344+0000] {logging_mixin.py:190} INFO - [2026-04-23T18:49:52.344+0000] {dag.py:4180} INFO - Setting next_dagrun for daily_check to 2026-04-23 00:00:00+00:00, run_after=2026-04-24 00:00:00+00:00
[2026-04-23T18:49:52.360+0000] {processor.py:208} INFO - Processing /opt/airflow/dags/daily_chek.py took 0.080 seconds
[2026-04-23T18:50:22.535+0000] {processor.py:186} INFO - Started process (PID=714) to work on /opt/airflow/dags/daily_chek.py
[2026-04-23T18:50:22.536+0000] {processor.py:914} INFO - Processing file /opt/airflow/dags/daily_chek.py for tasks to queue
[2026-04-23T18:50:22.538+0000] {logging_mixin.py:190} INFO - [2026-04-23T18:50:22.537+0000] {dagbag.py:588} INFO - Filling up the DagBag from /opt/airflow/dags/daily_chek.py
[2026-04-23T18:50:22.548+0000] {processor.py:925} INFO - DAG(s) 'daily_check' retrieved from /opt/airflow/dags/daily_chek.py
[2026-04-23T18:50:22.569+0000] {logging_mixin.py:190} INFO - [2026-04-23T18:50:22.569+0000] {dag.py:3239} INFO - Sync 1 DAGs
[2026-04-23T18:50:22.591+0000] {logging_mixin.py:190} INFO - [2026-04-23T18:50:22.591+0000] {dag.py:4180} INFO - Setting next_dagrun for daily_check to 2026-04-23 00:00:00+00:00, run_after=2026-04-24 00:00:00+00:00
[2026-04-23T18:50:22.609+0000] {processor.py:208} INFO - Processing /opt/airflow/dags/daily_chek.py took 0.079 seconds
[2026-04-23T18:50:52.780+0000] {processor.py:186} INFO - Started process (PID=736) to work on /opt/airflow/dags/daily_chek.py
[2026-04-23T18:50:52.780+0000] {processor.py:914} INFO - Processing file /opt/airflow/dags/daily_chek.py for tasks to queue
[2026-04-23T18:50:52.782+0000] {logging_mixin.py:190} INFO - [2026-04-23T18:50:52.782+0000] {dagbag.py:588} INFO - Filling up the DagBag from /opt/airflow/dags/daily_chek.py
[2026-04-23T18:50:52.793+0000] {processor.py:925} INFO - DAG(s) 'daily_check' retrieved from /opt/airflow/dags/daily_chek.py
[2026-04-23T18:50:52.824+0000] {logging_mixin.py:190} INFO - [2026-04-23T18:50:52.823+0000] {dag.py:3239} INFO - Sync 1 DAGs
[2026-04-23T18:50:52.856+0000] {logging_mixin.py:190} INFO - [2026-04-23T18:50:52.856+0000] {dag.py:4180} INFO - Setting next_dagrun for daily_check to 2026-04-23 00:00:00+00:00, run_after=2026-04-24 00:00:00+00:00
[2026-04-23T18:50:52.874+0000] {processor.py:208} INFO - Processing /opt/airflow/dags/daily_chek.py took 0.101 seconds
[2026-04-23T18:51:23.057+0000] {processor.py:186} INFO - Started process (PID=757) to work on /opt/airflow/dags/daily_chek.py
[2026-04-23T18:51:23.058+0000] {processor.py:914} INFO - Processing file /opt/airflow/dags/daily_chek.py for tasks to queue
[2026-04-23T18:51:23.060+0000] {logging_mixin.py:190} INFO - [2026-04-23T18:51:23.059+0000] {dagbag.py:588} INFO - Filling up the DagBag from /opt/airflow/dags/daily_chek.py
[2026-04-23T18:51:23.070+0000] {processor.py:925} INFO - DAG(s) 'daily_check' retrieved from /opt/airflow/dags/daily_chek.py
[2026-04-23T18:51:23.090+0000] {logging_mixin.py:190} INFO - [2026-04-23T18:51:23.090+0000] {dag.py:3239} INFO - Sync 1 DAGs
[2026-04-23T18:51:23.112+0000] {logging_mixin.py:190} INFO - [2026-04-23T18:51:23.112+0000] {dag.py:4180} INFO - Setting next_dagrun for daily_check to 2026-04-23 00:00:00+00:00, run_after=2026-04-24 00:00:00+00:00
[2026-04-23T18:51:23.127+0000] {processor.py:208} INFO - Processing /opt/airflow/dags/daily_chek.py took 0.075 seconds
[2026-04-23T18:51:53.325+0000] {processor.py:186} INFO - Started process (PID=778) to work on /opt/airflow/dags/daily_chek.py
[2026-04-23T18:51:53.327+0000] {processor.py:914} INFO - Processing file /opt/airflow/dags/daily_chek.py for tasks to queue
[2026-04-23T18:51:53.329+0000] {logging_mixin.py:190} INFO - [2026-04-23T18:51:53.329+0000] {dagbag.py:588} INFO - Filling up the DagBag from /opt/airflow/dags/daily_chek.py
[2026-04-23T18:51:53.345+0000] {processor.py:925} INFO - DAG(s) 'daily_check' retrieved from /opt/airflow/dags/daily_chek.py
[2026-04-23T18:51:53.369+0000] {logging_mixin.py:190} INFO - [2026-04-23T18:51:53.368+0000] {dag.py:3239} INFO - Sync 1 DAGs
[2026-04-23T18:51:53.393+0000] {logging_mixin.py:190} INFO - [2026-04-23T18:51:53.392+0000] {dag.py:4180} INFO - Setting next_dagrun for daily_check to 2026-04-23 00:00:00+00:00, run_after=2026-04-24 00:00:00+00:00
[2026-04-23T18:51:53.410+0000] {processor.py:208} INFO - Processing /opt/airflow/dags/daily_chek.py took 0.091 seconds
[2026-04-23T18:52:23.639+0000] {processor.py:186} INFO - Started process (PID=799) to work on /opt/airflow/dags/daily_chek.py
[2026-04-23T18:52:23.640+0000] {processor.py:914} INFO - Processing file /opt/airflow/dags/daily_chek.py for tasks to queue
[2026-04-23T18:52:23.643+0000] {logging_mixin.py:190} INFO - [2026-04-23T18:52:23.643+0000] {dagbag.py:588} INFO - Filling up the DagBag from /opt/airflow/dags/daily_chek.py
[2026-04-23T18:52:23.654+0000] {processor.py:925} INFO - DAG(s) 'daily_check' retrieved from /opt/airflow/dags/daily_chek.py
[2026-04-23T18:52:23.675+0000] {logging_mixin.py:190} INFO - [2026-04-23T18:52:23.675+0000] {dag.py:3239} INFO - Sync 1 DAGs
[2026-04-23T18:52:23.698+0000] {logging_mixin.py:190} INFO - [2026-04-23T18:52:23.698+0000] {dag.py:4180} INFO - Setting next_dagrun for daily_check to 2026-04-23 00:00:00+00:00, run_after=2026-04-24 00:00:00+00:00
[2026-04-23T18:52:23.716+0000] {processor.py:208} INFO - Processing /opt/airflow/dags/daily_chek.py took 0.087 seconds
[2026-04-23T18:52:53.986+0000] {processor.py:186} INFO - Started process (PID=820) to work on /opt/airflow/dags/daily_chek.py
[2026-04-23T18:52:53.987+0000] {processor.py:914} INFO - Processing file /opt/airflow/dags/daily_chek.py for tasks to queue
[2026-04-23T18:52:53.989+0000] {logging_mixin.py:190} INFO - [2026-04-23T18:52:53.989+0000] {dagbag.py:588} INFO - Filling up the DagBag from /opt/airflow/dags/daily_chek.py
[2026-04-23T18:52:54.001+0000] {processor.py:925} INFO - DAG(s) 'daily_check' retrieved from /opt/airflow/dags/daily_chek.py
[2026-04-23T18:52:54.024+0000] {logging_mixin.py:190} INFO - [2026-04-23T18:52:54.023+0000] {dag.py:3239} INFO - Sync 1 DAGs
[2026-04-23T18:52:54.047+0000] {logging_mixin.py:190} INFO - [2026-04-23T18:52:54.047+0000] {dag.py:4180} INFO - Setting next_dagrun for daily_check to 2026-04-23 00:00:00+00:00, run_after=2026-04-24 00:00:00+00:00
[2026-04-23T18:52:54.065+0000] {processor.py:208} INFO - Processing /opt/airflow/dags/daily_chek.py took 0.084 seconds
[2026-04-23T18:53:24.390+0000] {processor.py:186} INFO - Started process (PID=841) to work on /opt/airflow/dags/daily_chek.py
[2026-04-23T18:53:24.391+0000] {processor.py:914} INFO - Processing file /opt/airflow/dags/daily_chek.py for tasks to queue
[2026-04-23T18:53:24.392+0000] {logging_mixin.py:190} INFO - [2026-04-23T18:53:24.392+0000] {dagbag.py:588} INFO - Filling up the DagBag from /opt/airflow/dags/daily_chek.py
[2026-04-23T18:53:24.406+0000] {processor.py:925} INFO - DAG(s) 'daily_check' retrieved from /opt/airflow/dags/daily_chek.py
[2026-04-23T18:53:24.427+0000] {logging_mixin.py:190} INFO - [2026-04-23T18:53:24.427+0000] {dag.py:3239} INFO - Sync 1 DAGs
[2026-04-23T18:53:24.450+0000] {logging_mixin.py:190} INFO - [2026-04-23T18:53:24.450+0000] {dag.py:4180} INFO - Setting next_dagrun for daily_check to 2026-04-23 00:00:00+00:00, run_after=2026-04-24 00:00:00+00:00
[2026-04-23T18:53:24.470+0000] {processor.py:208} INFO - Processing /opt/airflow/dags/daily_chek.py took 0.088 seconds
[2026-04-23T18:53:54.721+0000] {processor.py:186} INFO - Started process (PID=862) to work on /opt/airflow/dags/daily_chek.py
[2026-04-23T18:53:54.722+0000] {processor.py:914} INFO - Processing file /opt/airflow/dags/daily_chek.py for tasks to queue
[2026-04-23T18:53:54.724+0000] {logging_mixin.py:190} INFO - [2026-04-23T18:53:54.724+0000] {dagbag.py:588} INFO - Filling up the DagBag from /opt/airflow/dags/daily_chek.py
[2026-04-23T18:53:54.736+0000] {processor.py:925} INFO - DAG(s) 'daily_check' retrieved from /opt/airflow/dags/daily_chek.py
[2026-04-23T18:53:54.764+0000] {logging_mixin.py:190} INFO - [2026-04-23T18:53:54.763+0000] {dag.py:3239} INFO - Sync 1 DAGs
[2026-04-23T18:53:54.791+0000] {logging_mixin.py:190} INFO - [2026-04-23T18:53:54.791+0000] {dag.py:4180} INFO - Setting next_dagrun for daily_check to 2026-04-23 00:00:00+00:00, run_after=2026-04-24 00:00:00+00:00
[2026-04-23T18:53:54.810+0000] {processor.py:208} INFO - Processing /opt/airflow/dags/daily_chek.py took 0.097 seconds
[2026-04-23T18:54:25.109+0000] {processor.py:186} INFO - Started process (PID=883) to work on /opt/airflow/dags/daily_chek.py
[2026-04-23T18:54:25.110+0000] {processor.py:914} INFO - Processing file /opt/airflow/dags/daily_chek.py for tasks to queue
[2026-04-23T18:54:25.112+0000] {logging_mixin.py:190} INFO - [2026-04-23T18:54:25.112+0000] {dagbag.py:588} INFO - Filling up the DagBag from /opt/airflow/dags/daily_chek.py
[2026-04-23T18:54:25.123+0000] {processor.py:925} INFO - DAG(s) 'daily_check' retrieved from /opt/airflow/dags/daily_chek.py
[2026-04-23T18:54:25.150+0000] {logging_mixin.py:190} INFO - [2026-04-23T18:54:25.150+0000] {dag.py:3239} INFO - Sync 1 DAGs
[2026-04-23T18:54:25.175+0000] {logging_mixin.py:190} INFO - [2026-04-23T18:54:25.175+0000] {dag.py:4180} INFO - Setting next_dagrun for daily_check to 2026-04-23 00:00:00+00:00, run_after=2026-04-24 00:00:00+00:00
[2026-04-23T18:54:25.192+0000] {processor.py:208} INFO - Processing /opt/airflow/dags/daily_chek.py took 0.090 seconds
[2026-04-23T18:54:55.505+0000] {processor.py:186} INFO - Started process (PID=904) to work on /opt/airflow/dags/daily_chek.py
[2026-04-23T18:54:55.506+0000] {processor.py:914} INFO - Processing file /opt/airflow/dags/daily_chek.py for tasks to queue
[2026-04-23T18:54:55.510+0000] {logging_mixin.py:190} INFO - [2026-04-23T18:54:55.509+0000] {dagbag.py:588} INFO - Filling up the DagBag from /opt/airflow/dags/daily_chek.py
[2026-04-23T18:54:55.522+0000] {processor.py:925} INFO - DAG(s) 'daily_check' retrieved from /opt/airflow/dags/daily_chek.py
[2026-04-23T18:54:55.552+0000] {logging_mixin.py:190} INFO - [2026-04-23T18:54:55.552+0000] {dag.py:3239} INFO - Sync 1 DAGs
[2026-04-23T18:54:55.582+0000] {logging_mixin.py:190} INFO - [2026-04-23T18:54:55.581+0000] {dag.py:4180} INFO - Setting next_dagrun for daily_check to 2026-04-23 00:00:00+00:00, run_after=2026-04-24 00:00:00+00:00
[2026-04-23T18:54:55.599+0000] {processor.py:208} INFO - Processing /opt/airflow/dags/daily_chek.py took 0.107 seconds
[2026-04-23T18:55:25.890+0000] {processor.py:186} INFO - Started process (PID=925) to work on /opt/airflow/dags/daily_chek.py
[2026-04-23T18:55:25.890+0000] {processor.py:914} INFO - Processing file /opt/airflow/dags/daily_chek.py for tasks to queue
[2026-04-23T18:55:25.893+0000] {logging_mixin.py:190} INFO - [2026-04-23T18:55:25.893+0000] {dagbag.py:588} INFO - Filling up the DagBag from /opt/airflow/dags/daily_chek.py
[2026-04-23T18:55:25.904+0000] {processor.py:925} INFO - DAG(s) 'daily_check' retrieved from /opt/airflow/dags/daily_chek.py
[2026-04-23T18:55:25.929+0000] {logging_mixin.py:190} INFO - [2026-04-23T18:55:25.928+0000] {dag.py:3239} INFO - Sync 1 DAGs
[2026-04-23T18:55:25.957+0000] {logging_mixin.py:190} INFO - [2026-04-23T18:55:25.957+0000] {dag.py:4180} INFO - Setting next_dagrun for daily_check to 2026-04-23 00:00:00+00:00, run_after=2026-04-24 00:00:00+00:00
[2026-04-23T18:55:25.974+0000] {processor.py:208} INFO - Processing /opt/airflow/dags/daily_chek.py took 0.093 seconds
[2026-04-23T18:55:56.266+0000] {processor.py:186} INFO - Started process (PID=946) to work on /opt/airflow/dags/daily_chek.py
[2026-04-23T18:55:56.267+0000] {processor.py:914} INFO - Processing file /opt/airflow/dags/daily_chek.py for tasks to queue
[2026-04-23T18:55:56.271+0000] {logging_mixin.py:190} INFO - [2026-04-23T18:55:56.270+0000] {dagbag.py:588} INFO - Filling up the DagBag from /opt/airflow/dags/daily_chek.py
[2026-04-23T18:55:56.286+0000] {processor.py:925} INFO - DAG(s) 'daily_check' retrieved from /opt/airflow/dags/daily_chek.py
[2026-04-23T18:55:56.314+0000] {logging_mixin.py:190} INFO - [2026-04-23T18:55:56.314+0000] {dag.py:3239} INFO - Sync 1 DAGs
[2026-04-23T18:55:56.339+0000] {logging_mixin.py:190} INFO - [2026-04-23T18:55:56.339+0000] {dag.py:4180} INFO - Setting next_dagrun for daily_check to 2026-04-23 00:00:00+00:00, run_after=2026-04-24 00:00:00+00:00
[2026-04-23T18:55:56.357+0000] {processor.py:208} INFO - Processing /opt/airflow/dags/daily_chek.py took 0.099 seconds
[2026-04-23T18:56:26.631+0000] {processor.py:186} INFO - Started process (PID=967) to work on /opt/airflow/dags/daily_chek.py
[2026-04-23T18:56:26.632+0000] {processor.py:914} INFO - Processing file /opt/airflow/dags/daily_chek.py for tasks to queue
[2026-04-23T18:56:26.634+0000] {logging_mixin.py:190} INFO - [2026-04-23T18:56:26.634+0000] {dagbag.py:588} INFO - Filling up the DagBag from /opt/airflow/dags/daily_chek.py
[2026-04-23T18:56:26.645+0000] {processor.py:925} INFO - DAG(s) 'daily_check' retrieved from /opt/airflow/dags/daily_chek.py
[2026-04-23T18:56:26.674+0000] {logging_mixin.py:190} INFO - [2026-04-23T18:56:26.674+0000] {dag.py:3239} INFO - Sync 1 DAGs
[2026-04-23T18:56:26.700+0000] {logging_mixin.py:190} INFO - [2026-04-23T18:56:26.699+0000] {dag.py:4180} INFO - Setting next_dagrun for daily_check to 2026-04-23 00:00:00+00:00, run_after=2026-04-24 00:00:00+00:00
[2026-04-23T18:56:26.718+0000] {processor.py:208} INFO - Processing /opt/airflow/dags/daily_chek.py took 0.093 seconds
[2026-04-23T18:56:56.983+0000] {processor.py:186} INFO - Started process (PID=988) to work on /opt/airflow/dags/daily_chek.py
[2026-04-23T18:56:56.984+0000] {processor.py:914} INFO - Processing file /opt/airflow/dags/daily_chek.py for tasks to queue
[2026-04-23T18:56:56.986+0000] {logging_mixin.py:190} INFO - [2026-04-23T18:56:56.986+0000] {dagbag.py:588} INFO - Filling up the DagBag from /opt/airflow/dags/daily_chek.py
[2026-04-23T18:56:56.998+0000] {processor.py:925} INFO - DAG(s) 'daily_check' retrieved from /opt/airflow/dags/daily_chek.py
[2026-04-23T18:56:57.020+0000] {logging_mixin.py:190} INFO - [2026-04-23T18:56:57.020+0000] {dag.py:3239} INFO - Sync 1 DAGs
[2026-04-23T18:56:57.048+0000] {logging_mixin.py:190} INFO - [2026-04-23T18:56:57.048+0000] {dag.py:4180} INFO - Setting next_dagrun for daily_check to 2026-04-23 00:00:00+00:00, run_after=2026-04-24 00:00:00+00:00
[2026-04-23T18:56:57.065+0000] {processor.py:208} INFO - Processing /opt/airflow/dags/daily_chek.py took 0.088 seconds
[2026-04-23T18:57:27.346+0000] {processor.py:186} INFO - Started process (PID=1009) to work on /opt/airflow/dags/daily_chek.py
[2026-04-23T18:57:27.347+0000] {processor.py:914} INFO - Processing file /opt/airflow/dags/daily_chek.py for tasks to queue
[2026-04-23T18:57:27.350+0000] {logging_mixin.py:190} INFO - [2026-04-23T18:57:27.349+0000] {dagbag.py:588} INFO - Filling up the DagBag from /opt/airflow/dags/daily_chek.py
[2026-04-23T18:57:27.367+0000] {processor.py:925} INFO - DAG(s) 'daily_check' retrieved from /opt/airflow/dags/daily_chek.py
[2026-04-23T18:57:27.394+0000] {logging_mixin.py:190} INFO - [2026-04-23T18:57:27.394+0000] {dag.py:3239} INFO - Sync 1 DAGs
[2026-04-23T18:57:27.422+0000] {logging_mixin.py:190} INFO - [2026-04-23T18:57:27.422+0000] {dag.py:4180} INFO - Setting next_dagrun for daily_check to 2026-04-23 00:00:00+00:00, run_after=2026-04-24 00:00:00+00:00
[2026-04-23T18:57:27.447+0000] {processor.py:208} INFO - Processing /opt/airflow/dags/daily_chek.py took 0.110 seconds
[2026-04-23T18:57:57.724+0000] {processor.py:186} INFO - Started process (PID=1030) to work on /opt/airflow/dags/daily_chek.py
[2026-04-23T18:57:57.725+0000] {processor.py:914} INFO - Processing file /opt/airflow/dags/daily_chek.py for tasks to queue
[2026-04-23T18:57:57.727+0000] {logging_mixin.py:190} INFO - [2026-04-23T18:57:57.727+0000] {dagbag.py:588} INFO - Filling up the DagBag from /opt/airflow/dags/daily_chek.py
[2026-04-23T18:57:57.737+0000] {processor.py:925} INFO - DAG(s) 'daily_check' retrieved from /opt/airflow/dags/daily_chek.py
[2026-04-23T18:57:57.761+0000] {logging_mixin.py:190} INFO - [2026-04-23T18:57:57.760+0000] {dag.py:3239} INFO - Sync 1 DAGs
[2026-04-23T18:57:57.784+0000] {logging_mixin.py:190} INFO - [2026-04-23T18:57:57.784+0000] {dag.py:4180} INFO - Setting next_dagrun for daily_check to 2026-04-23 00:00:00+00:00, run_after=2026-04-24 00:00:00+00:00
[2026-04-23T18:57:57.800+0000] {processor.py:208} INFO - Processing /opt/airflow/dags/daily_chek.py took 0.082 seconds
[2026-04-23T18:58:28.101+0000] {processor.py:186} INFO - Started process (PID=1051) to work on /opt/airflow/dags/daily_chek.py
[2026-04-23T18:58:28.101+0000] {processor.py:914} INFO - Processing file /opt/airflow/dags/daily_chek.py for tasks to queue
[2026-04-23T18:58:28.103+0000] {logging_mixin.py:190} INFO - [2026-04-23T18:58:28.103+0000] {dagbag.py:588} INFO - Filling up the DagBag from /opt/airflow/dags/daily_chek.py
[2026-04-23T18:58:28.114+0000] {processor.py:925} INFO - DAG(s) 'daily_check' retrieved from /opt/airflow/dags/daily_chek.py
[2026-04-23T18:58:28.135+0000] {logging_mixin.py:190} INFO - [2026-04-23T18:58:28.135+0000] {dag.py:3239} INFO - Sync 1 DAGs
[2026-04-23T18:58:28.163+0000] {logging_mixin.py:190} INFO - [2026-04-23T18:58:28.163+0000] {dag.py:4180} INFO - Setting next_dagrun for daily_check to 2026-04-23 00:00:00+00:00, run_after=2026-04-24 00:00:00+00:00
[2026-04-23T18:58:28.179+0000] {processor.py:208} INFO - Processing /opt/airflow/dags/daily_chek.py took 0.086 seconds
[2026-04-23T18:58:58.376+0000] {processor.py:186} INFO - Started process (PID=1072) to work on /opt/airflow/dags/daily_chek.py
[2026-04-23T18:58:58.376+0000] {processor.py:914} INFO - Processing file /opt/airflow/dags/daily_chek.py for tasks to queue
[2026-04-23T18:58:58.379+0000] {logging_mixin.py:190} INFO - [2026-04-23T18:58:58.378+0000] {dagbag.py:588} INFO - Filling up the DagBag from /opt/airflow/dags/daily_chek.py
[2026-04-23T18:58:58.388+0000] {processor.py:925} INFO - DAG(s) 'daily_check' retrieved from /opt/airflow/dags/daily_chek.py
[2026-04-23T18:58:58.409+0000] {logging_mixin.py:190} INFO - [2026-04-23T18:58:58.408+0000] {dag.py:3239} INFO - Sync 1 DAGs
[2026-04-23T18:58:58.430+0000] {logging_mixin.py:190} INFO - [2026-04-23T18:58:58.429+0000] {dag.py:4180} INFO - Setting next_dagrun for daily_check to 2026-04-23 00:00:00+00:00, run_after=2026-04-24 00:00:00+00:00
[2026-04-23T18:58:58.446+0000] {processor.py:208} INFO - Processing /opt/airflow/dags/daily_chek.py took 0.075 seconds
[2026-04-23T18:59:28.628+0000] {processor.py:186} INFO - Started process (PID=1093) to work on /opt/airflow/dags/daily_chek.py
[2026-04-23T18:59:28.629+0000] {processor.py:914} INFO - Processing file /opt/airflow/dags/daily_chek.py for tasks to queue
[2026-04-23T18:59:28.631+0000] {logging_mixin.py:190} INFO - [2026-04-23T18:59:28.631+0000] {dagbag.py:588} INFO - Filling up the DagBag from /opt/airflow/dags/daily_chek.py
[2026-04-23T18:59:28.645+0000] {processor.py:925} INFO - DAG(s) 'daily_check' retrieved from /opt/airflow/dags/daily_chek.py
[2026-04-23T18:59:28.666+0000] {logging_mixin.py:190} INFO - [2026-04-23T18:59:28.666+0000] {dag.py:3239} INFO - Sync 1 DAGs
[2026-04-23T18:59:28.688+0000] {logging_mixin.py:190} INFO - [2026-04-23T18:59:28.688+0000] {dag.py:4180} INFO - Setting next_dagrun for daily_check to 2026-04-23 00:00:00+00:00, run_after=2026-04-24 00:00:00+00:00
[2026-04-23T18:59:28.708+0000] {processor.py:208} INFO - Processing /opt/airflow/dags/daily_chek.py took 0.088 seconds
[2026-04-23T18:59:58.935+0000] {processor.py:186} INFO - Started process (PID=1114) to work on /opt/airflow/dags/daily_chek.py
[2026-04-23T18:59:58.936+0000] {processor.py:914} INFO - Processing file /opt/airflow/dags/daily_chek.py for tasks to queue
[2026-04-23T18:59:58.938+0000] {logging_mixin.py:190} INFO - [2026-04-23T18:59:58.938+0000] {dagbag.py:588} INFO - Filling up the DagBag from /opt/airflow/dags/daily_chek.py
[2026-04-23T18:59:58.954+0000] {processor.py:925} INFO - DAG(s) 'daily_check' retrieved from /opt/airflow/dags/daily_chek.py
[2026-04-23T18:59:58.982+0000] {logging_mixin.py:190} INFO - [2026-04-23T18:59:58.982+0000] {dag.py:3239} INFO - Sync 1 DAGs
[2026-04-23T18:59:59.007+0000] {logging_mixin.py:190} INFO - [2026-04-23T18:59:59.007+0000] {dag.py:4180} INFO - Setting next_dagrun for daily_check to 2026-04-23 00:00:00+00:00, run_after=2026-04-24 00:00:00+00:00
[2026-04-23T18:59:59.023+0000] {processor.py:208} INFO - Processing /opt/airflow/dags/daily_chek.py took 0.099 seconds
[2026-04-23T19:00:29.216+0000] {processor.py:186} INFO - Started process (PID=1135) to work on /opt/airflow/dags/daily_chek.py
[2026-04-23T19:00:29.217+0000] {processor.py:914} INFO - Processing file /opt/airflow/dags/daily_chek.py for tasks to queue
[2026-04-23T19:00:29.219+0000] {logging_mixin.py:190} INFO - [2026-04-23T19:00:29.219+0000] {dagbag.py:588} INFO - Filling up the DagBag from /opt/airflow/dags/daily_chek.py
[2026-04-23T19:00:29.232+0000] {processor.py:925} INFO - DAG(s) 'daily_check' retrieved from /opt/airflow/dags/daily_chek.py
[2026-04-23T19:00:29.254+0000] {logging_mixin.py:190} INFO - [2026-04-23T19:00:29.254+0000] {dag.py:3239} INFO - Sync 1 DAGs
[2026-04-23T19:00:29.279+0000] {logging_mixin.py:190} INFO - [2026-04-23T19:00:29.278+0000] {dag.py:4180} INFO - Setting next_dagrun for daily_check to 2026-04-23 00:00:00+00:00, run_after=2026-04-24 00:00:00+00:00
[2026-04-23T19:00:29.297+0000] {processor.py:208} INFO - Processing /opt/airflow/dags/daily_chek.py took 0.089 seconds
[2026-04-23T19:00:59.484+0000] {processor.py:186} INFO - Started process (PID=1155) to work on /opt/airflow/dags/daily_chek.py
[2026-04-23T19:00:59.484+0000] {processor.py:914} INFO - Processing file /opt/airflow/dags/daily_chek.py for tasks to queue
[2026-04-23T19:00:59.487+0000] {logging_mixin.py:190} INFO - [2026-04-23T19:00:59.486+0000] {dagbag.py:588} INFO - Filling up the DagBag from /opt/airflow/dags/daily_chek.py
[2026-04-23T19:00:59.501+0000] {processor.py:925} INFO - DAG(s) 'daily_check' retrieved from /opt/airflow/dags/daily_chek.py
[2026-04-23T19:00:59.530+0000] {logging_mixin.py:190} INFO - [2026-04-23T19:00:59.529+0000] {dag.py:3239} INFO - Sync 1 DAGs
[2026-04-23T19:00:59.572+0000] {logging_mixin.py:190} INFO - [2026-04-23T19:00:59.571+0000] {dag.py:4180} INFO - Setting next_dagrun for daily_check to 2026-04-23 00:00:00+00:00, run_after=2026-04-24 00:00:00+00:00
[2026-04-23T19:00:59.600+0000] {processor.py:208} INFO - Processing /opt/airflow/dags/daily_chek.py took 0.123 seconds
[2026-04-23T19:01:29.780+0000] {processor.py:186} INFO - Started process (PID=1176) to work on /opt/airflow/dags/daily_chek.py
[2026-04-23T19:01:29.781+0000] {processor.py:914} INFO - Processing file /opt/airflow/dags/daily_chek.py for tasks to queue
[2026-04-23T19:01:29.784+0000] {logging_mixin.py:190} INFO - [2026-04-23T19:01:29.784+0000] {dagbag.py:588} INFO - Filling up the DagBag from /opt/airflow/dags/daily_chek.py
[2026-04-23T19:01:29.802+0000] {processor.py:925} INFO - DAG(s) 'daily_check' retrieved from /opt/airflow/dags/daily_chek.py
[2026-04-23T19:01:29.842+0000] {logging_mixin.py:190} INFO - [2026-04-23T19:01:29.841+0000] {dag.py:3239} INFO - Sync 1 DAGs
[2026-04-23T19:01:29.880+0000] {logging_mixin.py:190} INFO - [2026-04-23T19:01:29.880+0000] {dag.py:4180} INFO - Setting next_dagrun for daily_check to 2026-04-23 00:00:00+00:00, run_after=2026-04-24 00:00:00+00:00
[2026-04-23T19:01:29.907+0000] {processor.py:208} INFO - Processing /opt/airflow/dags/daily_chek.py took 0.138 seconds
[2026-04-23T19:02:00.098+0000] {processor.py:186} INFO - Started process (PID=1197) to work on /opt/airflow/dags/daily_chek.py
[2026-04-23T19:02:00.099+0000] {processor.py:914} INFO - Processing file /opt/airflow/dags/daily_chek.py for tasks to queue
[2026-04-23T19:02:00.101+0000] {logging_mixin.py:190} INFO - [2026-04-23T19:02:00.101+0000] {dagbag.py:588} INFO - Filling up the DagBag from /opt/airflow/dags/daily_chek.py
[2026-04-23T19:02:00.112+0000] {processor.py:925} INFO - DAG(s) 'daily_check' retrieved from /opt/airflow/dags/daily_chek.py
[2026-04-23T19:02:00.134+0000] {logging_mixin.py:190} INFO - [2026-04-23T19:02:00.134+0000] {dag.py:3239} INFO - Sync 1 DAGs
[2026-04-23T19:02:00.156+0000] {logging_mixin.py:190} INFO - [2026-04-23T19:02:00.156+0000] {dag.py:4180} INFO - Setting next_dagrun for daily_check to 2026-04-23 00:00:00+00:00, run_after=2026-04-24 00:00:00+00:00
[2026-04-23T19:02:00.174+0000] {processor.py:208} INFO - Processing /opt/airflow/dags/daily_chek.py took 0.081 seconds
[2026-04-23T19:02:30.356+0000] {processor.py:186} INFO - Started process (PID=1218) to work on /opt/airflow/dags/daily_chek.py
[2026-04-23T19:02:30.357+0000] {processor.py:914} INFO - Processing file /opt/airflow/dags/daily_chek.py for tasks to queue
[2026-04-23T19:02:30.359+0000] {logging_mixin.py:190} INFO - [2026-04-23T19:02:30.359+0000] {dagbag.py:588} INFO - Filling up the DagBag from /opt/airflow/dags/daily_chek.py
[2026-04-23T19:02:30.372+0000] {processor.py:925} INFO - DAG(s) 'daily_check' retrieved from /opt/airflow/dags/daily_chek.py
[2026-04-23T19:02:30.393+0000] {logging_mixin.py:190} INFO - [2026-04-23T19:02:30.393+0000] {dag.py:3239} INFO - Sync 1 DAGs
[2026-04-23T19:02:30.417+0000] {logging_mixin.py:190} INFO - [2026-04-23T19:02:30.417+0000] {dag.py:4180} INFO - Setting next_dagrun for daily_check to 2026-04-23 00:00:00+00:00, run_after=2026-04-24 00:00:00+00:00
[2026-04-23T19:02:30.437+0000] {processor.py:208} INFO - Processing /opt/airflow/dags/daily_chek.py took 0.089 seconds
[2026-04-23T19:03:00.650+0000] {processor.py:186} INFO - Started process (PID=1239) to work on /opt/airflow/dags/daily_chek.py
[2026-04-23T19:03:00.651+0000] {processor.py:914} INFO - Processing file /opt/airflow/dags/daily_chek.py for tasks to queue
[2026-04-23T19:03:00.654+0000] {logging_mixin.py:190} INFO - [2026-04-23T19:03:00.653+0000] {dagbag.py:588} INFO - Filling up the DagBag from /opt/airflow/dags/daily_chek.py
[2026-04-23T19:03:00.667+0000] {processor.py:925} INFO - DAG(s) 'daily_check' retrieved from /opt/airflow/dags/daily_chek.py
[2026-04-23T19:03:00.695+0000] {logging_mixin.py:190} INFO - [2026-04-23T19:03:00.694+0000] {dag.py:3239} INFO - Sync 1 DAGs
[2026-04-23T19:03:00.726+0000] {logging_mixin.py:190} INFO - [2026-04-23T19:03:00.726+0000] {dag.py:4180} INFO - Setting next_dagrun for daily_check to 2026-04-23 00:00:00+00:00, run_after=2026-04-24 00:00:00+00:00
[2026-04-23T19:03:00.746+0000] {processor.py:208} INFO - Processing /opt/airflow/dags/daily_chek.py took 0.103 seconds
[2026-04-23T19:03:30.911+0000] {processor.py:186} INFO - Started process (PID=1260) to work on /opt/airflow/dags/daily_chek.py
[2026-04-23T19:03:30.911+0000] {processor.py:914} INFO - Processing file /opt/airflow/dags/daily_chek.py for tasks to queue
[2026-04-23T19:03:30.914+0000] {logging_mixin.py:190} INFO - [2026-04-23T19:03:30.914+0000] {dagbag.py:588} INFO - Filling up the DagBag from /opt/airflow/dags/daily_chek.py
[2026-04-23T19:03:30.929+0000] {processor.py:925} INFO - DAG(s) 'daily_check' retrieved from /opt/airflow/dags/daily_chek.py
[2026-04-23T19:03:30.960+0000] {logging_mixin.py:190} INFO - [2026-04-23T19:03:30.960+0000] {dag.py:3239} INFO - Sync 1 DAGs
[2026-04-23T19:03:30.994+0000] {logging_mixin.py:190} INFO - [2026-04-23T19:03:30.994+0000] {dag.py:4180} INFO - Setting next_dagrun for daily_check to 2026-04-23 00:00:00+00:00, run_after=2026-04-24 00:00:00+00:00
[2026-04-23T19:03:31.017+0000] {processor.py:208} INFO - Processing /opt/airflow/dags/daily_chek.py took 0.114 seconds
[2026-04-23T19:04:01.221+0000] {processor.py:186} INFO - Started process (PID=1281) to work on /opt/airflow/dags/daily_chek.py
[2026-04-23T19:04:01.223+0000] {processor.py:914} INFO - Processing file /opt/airflow/dags/daily_chek.py for tasks to queue
[2026-04-23T19:04:01.226+0000] {logging_mixin.py:190} INFO - [2026-04-23T19:04:01.226+0000] {dagbag.py:588} INFO - Filling up the DagBag from /opt/airflow/dags/daily_chek.py
[2026-04-23T19:04:01.240+0000] {processor.py:925} INFO - DAG(s) 'daily_check' retrieved from /opt/airflow/dags/daily_chek.py
[2026-04-23T19:04:01.262+0000] {logging_mixin.py:190} INFO - [2026-04-23T19:04:01.262+0000] {dag.py:3239} INFO - Sync 1 DAGs
[2026-04-23T19:04:01.285+0000] {logging_mixin.py:190} INFO - [2026-04-23T19:04:01.285+0000] {dag.py:4180} INFO - Setting next_dagrun for daily_check to 2026-04-23 00:00:00+00:00, run_after=2026-04-24 00:00:00+00:00
[2026-04-23T19:04:01.302+0000] {processor.py:208} INFO - Processing /opt/airflow/dags/daily_chek.py took 0.088 seconds
[2026-04-23T19:04:31.477+0000] {processor.py:186} INFO - Started process (PID=1302) to work on /opt/airflow/dags/daily_chek.py
[2026-04-23T19:04:31.478+0000] {processor.py:914} INFO - Processing file /opt/airflow/dags/daily_chek.py for tasks to queue
[2026-04-23T19:04:31.480+0000] {logging_mixin.py:190} INFO - [2026-04-23T19:04:31.479+0000] {dagbag.py:588} INFO - Filling up the DagBag from /opt/airflow/dags/daily_chek.py
[2026-04-23T19:04:31.491+0000] {processor.py:925} INFO - DAG(s) 'daily_check' retrieved from /opt/airflow/dags/daily_chek.py
[2026-04-23T19:04:31.513+0000] {logging_mixin.py:190} INFO - [2026-04-23T19:04:31.512+0000] {dag.py:3239} INFO - Sync 1 DAGs
[2026-04-23T19:04:31.536+0000] {logging_mixin.py:190} INFO - [2026-04-23T19:04:31.536+0000] {dag.py:4180} INFO - Setting next_dagrun for daily_check to 2026-04-23 00:00:00+00:00, run_after=2026-04-24 00:00:00+00:00
[2026-04-23T19:04:31.558+0000] {processor.py:208} INFO - Processing /opt/airflow/dags/daily_chek.py took 0.087 seconds
[2026-04-23T19:05:01.743+0000] {processor.py:186} INFO - Started process (PID=1323) to work on /opt/airflow/dags/daily_chek.py
[2026-04-23T19:05:01.744+0000] {processor.py:914} INFO - Processing file /opt/airflow/dags/daily_chek.py for tasks to queue
[2026-04-23T19:05:01.746+0000] {logging_mixin.py:190} INFO - [2026-04-23T19:05:01.745+0000] {dagbag.py:588} INFO - Filling up the DagBag from /opt/airflow/dags/daily_chek.py
[2026-04-23T19:05:01.756+0000] {processor.py:925} INFO - DAG(s) 'daily_check' retrieved from /opt/airflow/dags/daily_chek.py
[2026-04-23T19:05:01.779+0000] {logging_mixin.py:190} INFO - [2026-04-23T19:05:01.779+0000] {dag.py:3239} INFO - Sync 1 DAGs
[2026-04-23T19:05:01.806+0000] {logging_mixin.py:190} INFO - [2026-04-23T19:05:01.806+0000] {dag.py:4180} INFO - Setting next_dagrun for daily_check to 2026-04-23 00:00:00+00:00, run_after=2026-04-24 00:00:00+00:00
[2026-04-23T19:05:01.827+0000] {processor.py:208} INFO - Processing /opt/airflow/dags/daily_chek.py took 0.089 seconds
[2026-04-23T19:05:32.034+0000] {processor.py:186} INFO - Started process (PID=1344) to work on /opt/airflow/dags/daily_chek.py
[2026-04-23T19:05:32.035+0000] {processor.py:914} INFO - Processing file /opt/airflow/dags/daily_chek.py for tasks to queue
[2026-04-23T19:05:32.036+0000] {logging_mixin.py:190} INFO - [2026-04-23T19:05:32.036+0000] {dagbag.py:588} INFO - Filling up the DagBag from /opt/airflow/dags/daily_chek.py
[2026-04-23T19:05:32.048+0000] {processor.py:925} INFO - DAG(s) 'daily_check' retrieved from /opt/airflow/dags/daily_chek.py
[2026-04-23T19:05:32.080+0000] {logging_mixin.py:190} INFO - [2026-04-23T19:05:32.079+0000] {dag.py:3239} INFO - Sync 1 DAGs
[2026-04-23T19:05:32.105+0000] {logging_mixin.py:190} INFO - [2026-04-23T19:05:32.104+0000] {dag.py:4180} INFO - Setting next_dagrun for daily_check to 2026-04-23 00:00:00+00:00, run_after=2026-04-24 00:00:00+00:00
[2026-04-23T19:05:32.122+0000] {processor.py:208} INFO - Processing /opt/airflow/dags/daily_chek.py took 0.094 seconds
[2026-04-23T19:06:02.299+0000] {processor.py:186} INFO - Started process (PID=1365) to work on /opt/airflow/dags/daily_chek.py
[2026-04-23T19:06:02.299+0000] {processor.py:914} INFO - Processing file /opt/airflow/dags/daily_chek.py for tasks to queue
[2026-04-23T19:06:02.301+0000] {logging_mixin.py:190} INFO - [2026-04-23T19:06:02.301+0000] {dagbag.py:588} INFO - Filling up the DagBag from /opt/airflow/dags/daily_chek.py
[2026-04-23T19:06:02.312+0000] {processor.py:925} INFO - DAG(s) 'daily_check' retrieved from /opt/airflow/dags/daily_chek.py
[2026-04-23T19:06:02.334+0000] {logging_mixin.py:190} INFO - [2026-04-23T19:06:02.333+0000] {dag.py:3239} INFO - Sync 1 DAGs
[2026-04-23T19:06:02.355+0000] {logging_mixin.py:190} INFO - [2026-04-23T19:06:02.355+0000] {dag.py:4180} INFO - Setting next_dagrun for daily_check to 2026-04-23 00:00:00+00:00, run_after=2026-04-24 00:00:00+00:00
[2026-04-23T19:06:02.373+0000] {processor.py:208} INFO - Processing /opt/airflow/dags/daily_chek.py took 0.079 seconds
[2026-04-23T19:06:32.558+0000] {processor.py:186} INFO - Started process (PID=1386) to work on /opt/airflow/dags/daily_chek.py
[2026-04-23T19:06:32.559+0000] {processor.py:914} INFO - Processing file /opt/airflow/dags/daily_chek.py for tasks to queue
[2026-04-23T19:06:32.561+0000] {logging_mixin.py:190} INFO - [2026-04-23T19:06:32.561+0000] {dagbag.py:588} INFO - Filling up the DagBag from /opt/airflow/dags/daily_chek.py
[2026-04-23T19:06:32.576+0000] {processor.py:925} INFO - DAG(s) 'daily_check' retrieved from /opt/airflow/dags/daily_chek.py
[2026-04-23T19:06:32.602+0000] {logging_mixin.py:190} INFO - [2026-04-23T19:06:32.602+0000] {dag.py:3239} INFO - Sync 1 DAGs
[2026-04-23T19:06:32.631+0000] {logging_mixin.py:190} INFO - [2026-04-23T19:06:32.631+0000] {dag.py:4180} INFO - Setting next_dagrun for daily_check to 2026-04-23 00:00:00+00:00, run_after=2026-04-24 00:00:00+00:00
[2026-04-23T19:06:32.654+0000] {processor.py:208} INFO - Processing /opt/airflow/dags/daily_chek.py took 0.104 seconds
[2026-04-23T19:07:02.829+0000] {processor.py:186} INFO - Started process (PID=1407) to work on /opt/airflow/dags/daily_chek.py
[2026-04-23T19:07:02.830+0000] {processor.py:914} INFO - Processing file /opt/airflow/dags/daily_chek.py for tasks to queue
[2026-04-23T19:07:02.833+0000] {logging_mixin.py:190} INFO - [2026-04-23T19:07:02.833+0000] {dagbag.py:588} INFO - Filling up the DagBag from /opt/airflow/dags/daily_chek.py
[2026-04-23T19:07:02.848+0000] {processor.py:925} INFO - DAG(s) 'daily_check' retrieved from /opt/airflow/dags/daily_chek.py
[2026-04-23T19:07:02.871+0000] {logging_mixin.py:190} INFO - [2026-04-23T19:07:02.871+0000] {dag.py:3239} INFO - Sync 1 DAGs
[2026-04-23T19:07:02.894+0000] {logging_mixin.py:190} INFO - [2026-04-23T19:07:02.894+0000] {dag.py:4180} INFO - Setting next_dagrun for daily_check to 2026-04-23 00:00:00+00:00, run_after=2026-04-24 00:00:00+00:00
[2026-04-23T19:07:02.914+0000] {processor.py:208} INFO - Processing /opt/airflow/dags/daily_chek.py took 0.093 seconds
[2026-04-23T19:07:33.114+0000] {processor.py:186} INFO - Started process (PID=1428) to work on /opt/airflow/dags/daily_chek.py
[2026-04-23T19:07:33.114+0000] {processor.py:914} INFO - Processing file /opt/airflow/dags/daily_chek.py for tasks to queue
[2026-04-23T19:07:33.118+0000] {logging_mixin.py:190} INFO - [2026-04-23T19:07:33.117+0000] {dagbag.py:588} INFO - Filling up the DagBag from /opt/airflow/dags/daily_chek.py
[2026-04-23T19:07:33.133+0000] {processor.py:925} INFO - DAG(s) 'daily_check' retrieved from /opt/airflow/dags/daily_chek.py
[2026-04-23T19:07:33.159+0000] {logging_mixin.py:190} INFO - [2026-04-23T19:07:33.159+0000] {dag.py:3239} INFO - Sync 1 DAGs
[2026-04-23T19:07:33.185+0000] {logging_mixin.py:190} INFO - [2026-04-23T19:07:33.185+0000] {dag.py:4180} INFO - Setting next_dagrun for daily_check to 2026-04-23 00:00:00+00:00, run_after=2026-04-24 00:00:00+00:00
[2026-04-23T19:07:33.207+0000] {processor.py:208} INFO - Processing /opt/airflow/dags/daily_chek.py took 0.102 seconds
[2026-04-23T19:08:03.423+0000] {processor.py:186} INFO - Started process (PID=1449) to work on /opt/airflow/dags/daily_chek.py
[2026-04-23T19:08:03.424+0000] {processor.py:914} INFO - Processing file /opt/airflow/dags/daily_chek.py for tasks to queue
[2026-04-23T19:08:03.426+0000] {logging_mixin.py:190} INFO - [2026-04-23T19:08:03.426+0000] {dagbag.py:588} INFO - Filling up the DagBag from /opt/airflow/dags/daily_chek.py
[2026-04-23T19:08:03.438+0000] {processor.py:925} INFO - DAG(s) 'daily_check' retrieved from /opt/airflow/dags/daily_chek.py
[2026-04-23T19:08:03.460+0000] {logging_mixin.py:190} INFO - [2026-04-23T19:08:03.459+0000] {dag.py:3239} INFO - Sync 1 DAGs
[2026-04-23T19:08:03.485+0000] {logging_mixin.py:190} INFO - [2026-04-23T19:08:03.485+0000] {dag.py:4180} INFO - Setting next_dagrun for daily_check to 2026-04-23 00:00:00+00:00, run_after=2026-04-24 00:00:00+00:00
[2026-04-23T19:08:03.506+0000] {processor.py:208} INFO - Processing /opt/airflow/dags/daily_chek.py took 0.091 seconds
[2026-04-23T19:08:33.814+0000] {processor.py:186} INFO - Started process (PID=1471) to work on /opt/airflow/dags/daily_chek.py
[2026-04-23T19:08:33.815+0000] {processor.py:914} INFO - Processing file /opt/airflow/dags/daily_chek.py for tasks to queue
[2026-04-23T19:08:33.817+0000] {logging_mixin.py:190} INFO - [2026-04-23T19:08:33.816+0000] {dagbag.py:588} INFO - Filling up the DagBag from /opt/airflow/dags/daily_chek.py
[2026-04-23T19:08:33.827+0000] {processor.py:925} INFO - DAG(s) 'daily_check' retrieved from /opt/airflow/dags/daily_chek.py
[2026-04-23T19:08:33.848+0000] {logging_mixin.py:190} INFO - [2026-04-23T19:08:33.848+0000] {dag.py:3239} INFO - Sync 1 DAGs
[2026-04-23T19:08:33.870+0000] {logging_mixin.py:190} INFO - [2026-04-23T19:08:33.870+0000] {dag.py:4180} INFO - Setting next_dagrun for daily_check to 2026-04-23 00:00:00+00:00, run_after=2026-04-24 00:00:00+00:00
[2026-04-23T19:08:33.885+0000] {processor.py:208} INFO - Processing /opt/airflow/dags/daily_chek.py took 0.080 seconds
[2026-04-23T19:09:04.190+0000] {processor.py:186} INFO - Started process (PID=1492) to work on /opt/airflow/dags/daily_chek.py
[2026-04-23T19:09:04.191+0000] {processor.py:914} INFO - Processing file /opt/airflow/dags/daily_chek.py for tasks to queue
[2026-04-23T19:09:04.194+0000] {logging_mixin.py:190} INFO - [2026-04-23T19:09:04.194+0000] {dagbag.py:588} INFO - Filling up the DagBag from /opt/airflow/dags/daily_chek.py
[2026-04-23T19:09:04.206+0000] {processor.py:925} INFO - DAG(s) 'daily_check' retrieved from /opt/airflow/dags/daily_chek.py
[2026-04-23T19:09:04.227+0000] {logging_mixin.py:190} INFO - [2026-04-23T19:09:04.227+0000] {dag.py:3239} INFO - Sync 1 DAGs
[2026-04-23T19:09:04.248+0000] {logging_mixin.py:190} INFO - [2026-04-23T19:09:04.248+0000] {dag.py:4180} INFO - Setting next_dagrun for daily_check to 2026-04-23 00:00:00+00:00, run_after=2026-04-24 00:00:00+00:00
[2026-04-23T19:09:04.267+0000] {processor.py:208} INFO - Processing /opt/airflow/dags/daily_chek.py took 0.086 seconds
[2026-04-23T19:09:34.561+0000] {processor.py:186} INFO - Started process (PID=1513) to work on /opt/airflow/dags/daily_chek.py
[2026-04-23T19:09:34.562+0000] {processor.py:914} INFO - Processing file /opt/airflow/dags/daily_chek.py for tasks to queue
[2026-04-23T19:09:34.564+0000] {logging_mixin.py:190} INFO - [2026-04-23T19:09:34.564+0000] {dagbag.py:588} INFO - Filling up the DagBag from /opt/airflow/dags/daily_chek.py
[2026-04-23T19:09:34.575+0000] {processor.py:925} INFO - DAG(s) 'daily_check' retrieved from /opt/airflow/dags/daily_chek.py
[2026-04-23T19:09:34.597+0000] {logging_mixin.py:190} INFO - [2026-04-23T19:09:34.597+0000] {dag.py:3239} INFO - Sync 1 DAGs
[2026-04-23T19:09:34.621+0000] {logging_mixin.py:190} INFO - [2026-04-23T19:09:34.621+0000] {dag.py:4180} INFO - Setting next_dagrun for daily_check to 2026-04-23 00:00:00+00:00, run_after=2026-04-24 00:00:00+00:00
[2026-04-23T19:09:34.639+0000] {processor.py:208} INFO - Processing /opt/airflow/dags/daily_chek.py took 0.086 seconds
[2026-04-23T19:10:04.937+0000] {processor.py:186} INFO - Started process (PID=1534) to work on /opt/airflow/dags/daily_chek.py
[2026-04-23T19:10:04.939+0000] {processor.py:914} INFO - Processing file /opt/airflow/dags/daily_chek.py for tasks to queue
[2026-04-23T19:10:04.941+0000] {logging_mixin.py:190} INFO - [2026-04-23T19:10:04.941+0000] {dagbag.py:588} INFO - Filling up the DagBag from /opt/airflow/dags/daily_chek.py
[2026-04-23T19:10:04.951+0000] {processor.py:925} INFO - DAG(s) 'daily_check' retrieved from /opt/airflow/dags/daily_chek.py
[2026-04-23T19:10:04.973+0000] {logging_mixin.py:190} INFO - [2026-04-23T19:10:04.973+0000] {dag.py:3239} INFO - Sync 1 DAGs
[2026-04-23T19:10:04.999+0000] {logging_mixin.py:190} INFO - [2026-04-23T19:10:04.998+0000] {dag.py:4180} INFO - Setting next_dagrun for daily_check to 2026-04-23 00:00:00+00:00, run_after=2026-04-24 00:00:00+00:00
[2026-04-23T19:10:05.014+0000] {processor.py:208} INFO - Processing /opt/airflow/dags/daily_chek.py took 0.082 seconds
[2026-04-23T19:10:35.299+0000] {processor.py:186} INFO - Started process (PID=1555) to work on /opt/airflow/dags/daily_chek.py
[2026-04-23T19:10:35.300+0000] {processor.py:914} INFO - Processing file /opt/airflow/dags/daily_chek.py for tasks to queue
[2026-04-23T19:10:35.303+0000] {logging_mixin.py:190} INFO - [2026-04-23T19:10:35.303+0000] {dagbag.py:588} INFO - Filling up the DagBag from /opt/airflow/dags/daily_chek.py
[2026-04-23T19:10:35.316+0000] {processor.py:925} INFO - DAG(s) 'daily_check' retrieved from /opt/airflow/dags/daily_chek.py
[2026-04-23T19:10:35.339+0000] {logging_mixin.py:190} INFO - [2026-04-23T19:10:35.338+0000] {dag.py:3239} INFO - Sync 1 DAGs
[2026-04-23T19:10:35.360+0000] {logging_mixin.py:190} INFO - [2026-04-23T19:10:35.360+0000] {dag.py:4180} INFO - Setting next_dagrun for daily_check to 2026-04-23 00:00:00+00:00, run_after=2026-04-24 00:00:00+00:00
[2026-04-23T19:10:35.379+0000] {processor.py:208} INFO - Processing /opt/airflow/dags/daily_chek.py took 0.087 seconds
[2026-04-23T19:11:05.603+0000] {processor.py:186} INFO - Started process (PID=1576) to work on /opt/airflow/dags/daily_chek.py
[2026-04-23T19:11:05.604+0000] {processor.py:914} INFO - Processing file /opt/airflow/dags/daily_chek.py for tasks to queue
[2026-04-23T19:11:05.606+0000] {logging_mixin.py:190} INFO - [2026-04-23T19:11:05.605+0000] {dagbag.py:588} INFO - Filling up the DagBag from /opt/airflow/dags/daily_chek.py
[2026-04-23T19:11:05.618+0000] {processor.py:925} INFO - DAG(s) 'daily_check' retrieved from /opt/airflow/dags/daily_chek.py
[2026-04-23T19:11:05.645+0000] {logging_mixin.py:190} INFO - [2026-04-23T19:11:05.645+0000] {dag.py:3239} INFO - Sync 1 DAGs
[2026-04-23T19:11:05.679+0000] {logging_mixin.py:190} INFO - [2026-04-23T19:11:05.679+0000] {dag.py:4180} INFO - Setting next_dagrun for daily_check to 2026-04-23 00:00:00+00:00, run_after=2026-04-24 00:00:00+00:00
[2026-04-23T19:11:05.700+0000] {processor.py:208} INFO - Processing /opt/airflow/dags/daily_chek.py took 0.104 seconds
[2026-04-23T19:11:35.998+0000] {processor.py:186} INFO - Started process (PID=1596) to work on /opt/airflow/dags/daily_chek.py
[2026-04-23T19:11:35.998+0000] {processor.py:914} INFO - Processing file /opt/airflow/dags/daily_chek.py for tasks to queue
[2026-04-23T19:11:36.000+0000] {logging_mixin.py:190} INFO - [2026-04-23T19:11:36.000+0000] {dagbag.py:588} INFO - Filling up the DagBag from /opt/airflow/dags/daily_chek.py
[2026-04-23T19:11:36.012+0000] {processor.py:925} INFO - DAG(s) 'daily_check' retrieved from /opt/airflow/dags/daily_chek.py
[2026-04-23T19:11:36.034+0000] {logging_mixin.py:190} INFO - [2026-04-23T19:11:36.034+0000] {dag.py:3239} INFO - Sync 1 DAGs
[2026-04-23T19:11:36.058+0000] {logging_mixin.py:190} INFO - [2026-04-23T19:11:36.057+0000] {dag.py:4180} INFO - Setting next_dagrun for daily_check to 2026-04-23 00:00:00+00:00, run_after=2026-04-24 00:00:00+00:00
[2026-04-23T19:11:36.075+0000] {processor.py:208} INFO - Processing /opt/airflow/dags/daily_chek.py took 0.084 seconds
[2026-04-23T19:12:06.294+0000] {processor.py:186} INFO - Started process (PID=1617) to work on /opt/airflow/dags/daily_chek.py
[2026-04-23T19:12:06.297+0000] {processor.py:914} INFO - Processing file /opt/airflow/dags/daily_chek.py for tasks to queue
[2026-04-23T19:12:06.299+0000] {logging_mixin.py:190} INFO - [2026-04-23T19:12:06.299+0000] {dagbag.py:588} INFO - Filling up the DagBag from /opt/airflow/dags/daily_chek.py
[2026-04-23T19:12:06.313+0000] {processor.py:925} INFO - DAG(s) 'daily_check' retrieved from /opt/airflow/dags/daily_chek.py
[2026-04-23T19:12:06.338+0000] {logging_mixin.py:190} INFO - [2026-04-23T19:12:06.338+0000] {dag.py:3239} INFO - Sync 1 DAGs
[2026-04-23T19:12:06.368+0000] {logging_mixin.py:190} INFO - [2026-04-23T19:12:06.367+0000] {dag.py:4180} INFO - Setting next_dagrun for daily_check to 2026-04-23 00:00:00+00:00, run_after=2026-04-24 00:00:00+00:00
[2026-04-23T19:12:06.388+0000] {processor.py:208} INFO - Processing /opt/airflow/dags/daily_chek.py took 0.099 seconds
[2026-04-23T19:12:36.636+0000] {processor.py:186} INFO - Started process (PID=1638) to work on /opt/airflow/dags/daily_chek.py
[2026-04-23T19:12:36.637+0000] {processor.py:914} INFO - Processing file /opt/airflow/dags/daily_chek.py for tasks to queue
[2026-04-23T19:12:36.639+0000] {logging_mixin.py:190} INFO - [2026-04-23T19:12:36.639+0000] {dagbag.py:588} INFO - Filling up the DagBag from /opt/airflow/dags/daily_chek.py
[2026-04-23T19:12:36.652+0000] {processor.py:925} INFO - DAG(s) 'daily_check' retrieved from /opt/airflow/dags/daily_chek.py
[2026-04-23T19:12:36.675+0000] {logging_mixin.py:190} INFO - [2026-04-23T19:12:36.675+0000] {dag.py:3239} INFO - Sync 1 DAGs
[2026-04-23T19:12:36.700+0000] {logging_mixin.py:190} INFO - [2026-04-23T19:12:36.700+0000] {dag.py:4180} INFO - Setting next_dagrun for daily_check to 2026-04-23 00:00:00+00:00, run_after=2026-04-24 00:00:00+00:00
[2026-04-23T19:12:36.721+0000] {processor.py:208} INFO - Processing /opt/airflow/dags/daily_chek.py took 0.094 seconds
[2026-04-23T19:13:06.950+0000] {processor.py:186} INFO - Started process (PID=1659) to work on /opt/airflow/dags/daily_chek.py
[2026-04-23T19:13:06.951+0000] {processor.py:914} INFO - Processing file /opt/airflow/dags/daily_chek.py for tasks to queue
[2026-04-23T19:13:06.953+0000] {logging_mixin.py:190} INFO - [2026-04-23T19:13:06.953+0000] {dagbag.py:588} INFO - Filling up the DagBag from /opt/airflow/dags/daily_chek.py
[2026-04-23T19:13:06.964+0000] {processor.py:925} INFO - DAG(s) 'daily_check' retrieved from /opt/airflow/dags/daily_chek.py
[2026-04-23T19:13:06.987+0000] {logging_mixin.py:190} INFO - [2026-04-23T19:13:06.986+0000] {dag.py:3239} INFO - Sync 1 DAGs
[2026-04-23T19:13:07.010+0000] {logging_mixin.py:190} INFO - [2026-04-23T19:13:07.010+0000] {dag.py:4180} INFO - Setting next_dagrun for daily_check to 2026-04-23 00:00:00+00:00, run_after=2026-04-24 00:00:00+00:00
[2026-04-23T19:13:07.031+0000] {processor.py:208} INFO - Processing /opt/airflow/dags/daily_chek.py took 0.087 seconds
[2026-04-23T19:13:37.297+0000] {processor.py:186} INFO - Started process (PID=1680) to work on /opt/airflow/dags/daily_chek.py
[2026-04-23T19:13:37.298+0000] {processor.py:914} INFO - Processing file /opt/airflow/dags/daily_chek.py for tasks to queue
[2026-04-23T19:13:37.300+0000] {logging_mixin.py:190} INFO - [2026-04-23T19:13:37.299+0000] {dagbag.py:588} INFO - Filling up the DagBag from /opt/airflow/dags/daily_chek.py
[2026-04-23T19:13:37.311+0000] {processor.py:925} INFO - DAG(s) 'daily_check' retrieved from /opt/airflow/dags/daily_chek.py
[2026-04-23T19:13:37.333+0000] {logging_mixin.py:190} INFO - [2026-04-23T19:13:37.333+0000] {dag.py:3239} INFO - Sync 1 DAGs
[2026-04-23T19:13:37.358+0000] {logging_mixin.py:190} INFO - [2026-04-23T19:13:37.358+0000] {dag.py:4180} INFO - Setting next_dagrun for daily_check to 2026-04-23 00:00:00+00:00, run_after=2026-04-24 00:00:00+00:00
[2026-04-23T19:13:37.374+0000] {processor.py:208} INFO - Processing /opt/airflow/dags/daily_chek.py took 0.082 seconds
[2026-04-23T19:14:07.650+0000] {processor.py:186} INFO - Started process (PID=1701) to work on /opt/airflow/dags/daily_chek.py
[2026-04-23T19:14:07.651+0000] {processor.py:914} INFO - Processing file /opt/airflow/dags/daily_chek.py for tasks to queue
[2026-04-23T19:14:07.653+0000] {logging_mixin.py:190} INFO - [2026-04-23T19:14:07.652+0000] {dagbag.py:588} INFO - Filling up the DagBag from /opt/airflow/dags/daily_chek.py
[2026-04-23T19:14:07.663+0000] {processor.py:925} INFO - DAG(s) 'daily_check' retrieved from /opt/airflow/dags/daily_chek.py
[2026-04-23T19:14:07.684+0000] {logging_mixin.py:190} INFO - [2026-04-23T19:14:07.684+0000] {dag.py:3239} INFO - Sync 1 DAGs
[2026-04-23T19:14:07.708+0000] {logging_mixin.py:190} INFO - [2026-04-23T19:14:07.708+0000] {dag.py:4180} INFO - Setting next_dagrun for daily_check to 2026-04-23 00:00:00+00:00, run_after=2026-04-24 00:00:00+00:00
[2026-04-23T19:14:07.725+0000] {processor.py:208} INFO - Processing /opt/airflow/dags/daily_chek.py took 0.081 seconds
[2026-04-23T19:14:38.088+0000] {processor.py:186} INFO - Started process (PID=1722) to work on /opt/airflow/dags/daily_chek.py
[2026-04-23T19:14:38.089+0000] {processor.py:914} INFO - Processing file /opt/airflow/dags/daily_chek.py for tasks to queue
[2026-04-23T19:14:38.091+0000] {logging_mixin.py:190} INFO - [2026-04-23T19:14:38.091+0000] {dagbag.py:588} INFO - Filling up the DagBag from /opt/airflow/dags/daily_chek.py
[2026-04-23T19:14:38.103+0000] {processor.py:925} INFO - DAG(s) 'daily_check' retrieved from /opt/airflow/dags/daily_chek.py
[2026-04-23T19:14:38.127+0000] {logging_mixin.py:190} INFO - [2026-04-23T19:14:38.127+0000] {dag.py:3239} INFO - Sync 1 DAGs
[2026-04-23T19:14:38.151+0000] {logging_mixin.py:190} INFO - [2026-04-23T19:14:38.150+0000] {dag.py:4180} INFO - Setting next_dagrun for daily_check to 2026-04-23 00:00:00+00:00, run_after=2026-04-24 00:00:00+00:00
[2026-04-23T19:14:38.169+0000] {processor.py:208} INFO - Processing /opt/airflow/dags/daily_chek.py took 0.088 seconds
[2026-04-23T19:15:08.485+0000] {processor.py:186} INFO - Started process (PID=1743) to work on /opt/airflow/dags/daily_chek.py
[2026-04-23T19:15:08.487+0000] {processor.py:914} INFO - Processing file /opt/airflow/dags/daily_chek.py for tasks to queue
[2026-04-23T19:15:08.489+0000] {logging_mixin.py:190} INFO - [2026-04-23T19:15:08.489+0000] {dagbag.py:588} INFO - Filling up the DagBag from /opt/airflow/dags/daily_chek.py
[2026-04-23T19:15:08.500+0000] {processor.py:925} INFO - DAG(s) 'daily_check' retrieved from /opt/airflow/dags/daily_chek.py
[2026-04-23T19:15:08.527+0000] {logging_mixin.py:190} INFO - [2026-04-23T19:15:08.527+0000] {dag.py:3239} INFO - Sync 1 DAGs
[2026-04-23T19:15:08.550+0000] {logging_mixin.py:190} INFO - [2026-04-23T19:15:08.550+0000] {dag.py:4180} INFO - Setting next_dagrun for daily_check to 2026-04-23 00:00:00+00:00, run_after=2026-04-24 00:00:00+00:00
[2026-04-23T19:15:08.570+0000] {processor.py:208} INFO - Processing /opt/airflow/dags/daily_chek.py took 0.090 seconds
[2026-04-23T19:15:38.809+0000] {processor.py:186} INFO - Started process (PID=1764) to work on /opt/airflow/dags/daily_chek.py
[2026-04-23T19:15:38.810+0000] {processor.py:914} INFO - Processing file /opt/airflow/dags/daily_chek.py for tasks to queue
[2026-04-23T19:15:38.812+0000] {logging_mixin.py:190} INFO - [2026-04-23T19:15:38.812+0000] {dagbag.py:588} INFO - Filling up the DagBag from /opt/airflow/dags/daily_chek.py
[2026-04-23T19:15:38.823+0000] {processor.py:925} INFO - DAG(s) 'daily_check' retrieved from /opt/airflow/dags/daily_chek.py
[2026-04-23T19:15:38.846+0000] {logging_mixin.py:190} INFO - [2026-04-23T19:15:38.845+0000] {dag.py:3239} INFO - Sync 1 DAGs
[2026-04-23T19:15:38.872+0000] {logging_mixin.py:190} INFO - [2026-04-23T19:15:38.872+0000] {dag.py:4180} INFO - Setting next_dagrun for daily_check to 2026-04-23 00:00:00+00:00, run_after=2026-04-24 00:00:00+00:00
[2026-04-23T19:15:38.893+0000] {processor.py:208} INFO - Processing /opt/airflow/dags/daily_chek.py took 0.090 seconds
[2026-04-23T19:16:09.200+0000] {processor.py:186} INFO - Started process (PID=1785) to work on /opt/airflow/dags/daily_chek.py
[2026-04-23T19:16:09.201+0000] {processor.py:914} INFO - Processing file /opt/airflow/dags/daily_chek.py for tasks to queue
[2026-04-23T19:16:09.204+0000] {logging_mixin.py:190} INFO - [2026-04-23T19:16:09.203+0000] {dagbag.py:588} INFO - Filling up the DagBag from /opt/airflow/dags/daily_chek.py
[2026-04-23T19:16:09.215+0000] {processor.py:925} INFO - DAG(s) 'daily_check' retrieved from /opt/airflow/dags/daily_chek.py
[2026-04-23T19:16:09.236+0000] {logging_mixin.py:190} INFO - [2026-04-23T19:16:09.235+0000] {dag.py:3239} INFO - Sync 1 DAGs
[2026-04-23T19:16:09.260+0000] {logging_mixin.py:190} INFO - [2026-04-23T19:16:09.260+0000] {dag.py:4180} INFO - Setting next_dagrun for daily_check to 2026-04-23 00:00:00+00:00, run_after=2026-04-24 00:00:00+00:00
[2026-04-23T19:16:09.278+0000] {processor.py:208} INFO - Processing /opt/airflow/dags/daily_chek.py took 0.087 seconds
[2026-04-23T19:16:39.565+0000] {processor.py:186} INFO - Started process (PID=1806) to work on /opt/airflow/dags/daily_chek.py
[2026-04-23T19:16:39.565+0000] {processor.py:914} INFO - Processing file /opt/airflow/dags/daily_chek.py for tasks to queue
[2026-04-23T19:16:39.568+0000] {logging_mixin.py:190} INFO - [2026-04-23T19:16:39.568+0000] {dagbag.py:588} INFO - Filling up the DagBag from /opt/airflow/dags/daily_chek.py
[2026-04-23T19:16:39.581+0000] {processor.py:925} INFO - DAG(s) 'daily_check' retrieved from /opt/airflow/dags/daily_chek.py
[2026-04-23T19:16:39.603+0000] {logging_mixin.py:190} INFO - [2026-04-23T19:16:39.603+0000] {dag.py:3239} INFO - Sync 1 DAGs
[2026-04-23T19:16:39.628+0000] {logging_mixin.py:190} INFO - [2026-04-23T19:16:39.628+0000] {dag.py:4180} INFO - Setting next_dagrun for daily_check to 2026-04-23 00:00:00+00:00, run_after=2026-04-24 00:00:00+00:00
[2026-04-23T19:16:39.644+0000] {processor.py:208} INFO - Processing /opt/airflow/dags/daily_chek.py took 0.086 seconds
[2026-04-23T19:17:09.872+0000] {processor.py:186} INFO - Started process (PID=1827) to work on /opt/airflow/dags/daily_chek.py
[2026-04-23T19:17:09.874+0000] {processor.py:914} INFO - Processing file /opt/airflow/dags/daily_chek.py for tasks to queue
[2026-04-23T19:17:09.876+0000] {logging_mixin.py:190} INFO - [2026-04-23T19:17:09.876+0000] {dagbag.py:588} INFO - Filling up the DagBag from /opt/airflow/dags/daily_chek.py
[2026-04-23T19:17:09.886+0000] {processor.py:925} INFO - DAG(s) 'daily_check' retrieved from /opt/airflow/dags/daily_chek.py
[2026-04-23T19:17:09.910+0000] {logging_mixin.py:190} INFO - [2026-04-23T19:17:09.909+0000] {dag.py:3239} INFO - Sync 1 DAGs
[2026-04-23T19:17:09.935+0000] {logging_mixin.py:190} INFO - [2026-04-23T19:17:09.935+0000] {dag.py:4180} INFO - Setting next_dagrun for daily_check to 2026-04-23 00:00:00+00:00, run_after=2026-04-24 00:00:00+00:00
[2026-04-23T19:17:09.953+0000] {processor.py:208} INFO - Processing /opt/airflow/dags/daily_chek.py took 0.088 seconds
[2026-04-23T19:17:40.281+0000] {processor.py:186} INFO - Started process (PID=1848) to work on /opt/airflow/dags/daily_chek.py
[2026-04-23T19:17:40.282+0000] {processor.py:914} INFO - Processing file /opt/airflow/dags/daily_chek.py for tasks to queue
[2026-04-23T19:17:40.285+0000] {logging_mixin.py:190} INFO - [2026-04-23T19:17:40.284+0000] {dagbag.py:588} INFO - Filling up the DagBag from /opt/airflow/dags/daily_chek.py
[2026-04-23T19:17:40.299+0000] {processor.py:925} INFO - DAG(s) 'daily_check' retrieved from /opt/airflow/dags/daily_chek.py
[2026-04-23T19:17:40.324+0000] {logging_mixin.py:190} INFO - [2026-04-23T19:17:40.324+0000] {dag.py:3239} INFO - Sync 1 DAGs
[2026-04-23T19:17:40.354+0000] {logging_mixin.py:190} INFO - [2026-04-23T19:17:40.353+0000] {dag.py:4180} INFO - Setting next_dagrun for daily_check to 2026-04-23 00:00:00+00:00, run_after=2026-04-24 00:00:00+00:00
[2026-04-23T19:17:40.376+0000] {processor.py:208} INFO - Processing /opt/airflow/dags/daily_chek.py took 0.102 seconds
[2026-04-23T19:18:10.672+0000] {processor.py:186} INFO - Started process (PID=1869) to work on /opt/airflow/dags/daily_chek.py
[2026-04-23T19:18:10.673+0000] {processor.py:914} INFO - Processing file /opt/airflow/dags/daily_chek.py for tasks to queue
[2026-04-23T19:18:10.675+0000] {logging_mixin.py:190} INFO - [2026-04-23T19:18:10.675+0000] {dagbag.py:588} INFO - Filling up the DagBag from /opt/airflow/dags/daily_chek.py
[2026-04-23T19:18:10.688+0000] {processor.py:925} INFO - DAG(s) 'daily_check' retrieved from /opt/airflow/dags/daily_chek.py
[2026-04-23T19:18:10.712+0000] {logging_mixin.py:190} INFO - [2026-04-23T19:18:10.711+0000] {dag.py:3239} INFO - Sync 1 DAGs
[2026-04-23T19:18:10.737+0000] {logging_mixin.py:190} INFO - [2026-04-23T19:18:10.737+0000] {dag.py:4180} INFO - Setting next_dagrun for daily_check to 2026-04-23 00:00:00+00:00, run_after=2026-04-24 00:00:00+00:00
[2026-04-23T19:18:10.756+0000] {processor.py:208} INFO - Processing /opt/airflow/dags/daily_chek.py took 0.091 seconds
[2026-04-23T19:18:41.052+0000] {processor.py:186} INFO - Started process (PID=1890) to work on /opt/airflow/dags/daily_chek.py
[2026-04-23T19:18:41.053+0000] {processor.py:914} INFO - Processing file /opt/airflow/dags/daily_chek.py for tasks to queue
[2026-04-23T19:18:41.055+0000] {logging_mixin.py:190} INFO - [2026-04-23T19:18:41.055+0000] {dagbag.py:588} INFO - Filling up the DagBag from /opt/airflow/dags/daily_chek.py
[2026-04-23T19:18:41.066+0000] {processor.py:925} INFO - DAG(s) 'daily_check' retrieved from /opt/airflow/dags/daily_chek.py
[2026-04-23T19:18:41.089+0000] {logging_mixin.py:190} INFO - [2026-04-23T19:18:41.088+0000] {dag.py:3239} INFO - Sync 1 DAGs
[2026-04-23T19:18:41.113+0000] {logging_mixin.py:190} INFO - [2026-04-23T19:18:41.113+0000] {dag.py:4180} INFO - Setting next_dagrun for daily_check to 2026-04-23 00:00:00+00:00, run_after=2026-04-24 00:00:00+00:00
[2026-04-23T19:18:41.130+0000] {processor.py:208} INFO - Processing /opt/airflow/dags/daily_chek.py took 0.086 seconds
[2026-04-23T19:19:11.431+0000] {processor.py:186} INFO - Started process (PID=1911) to work on /opt/airflow/dags/daily_chek.py
[2026-04-23T19:19:11.432+0000] {processor.py:914} INFO - Processing file /opt/airflow/dags/daily_chek.py for tasks to queue
[2026-04-23T19:19:11.436+0000] {logging_mixin.py:190} INFO - [2026-04-23T19:19:11.435+0000] {dagbag.py:588} INFO - Filling up the DagBag from /opt/airflow/dags/daily_chek.py
[2026-04-23T19:19:11.451+0000] {processor.py:925} INFO - DAG(s) 'daily_check' retrieved from /opt/airflow/dags/daily_chek.py
[2026-04-23T19:19:11.473+0000] {logging_mixin.py:190} INFO - [2026-04-23T19:19:11.472+0000] {dag.py:3239} INFO - Sync 1 DAGs
[2026-04-23T19:19:11.495+0000] {logging_mixin.py:190} INFO - [2026-04-23T19:19:11.495+0000] {dag.py:4180} INFO - Setting next_dagrun for daily_check to 2026-04-23 00:00:00+00:00, run_after=2026-04-24 00:00:00+00:00
[2026-04-23T19:19:11.511+0000] {processor.py:208} INFO - Processing /opt/airflow/dags/daily_chek.py took 0.090 seconds
[2026-04-23T19:19:41.825+0000] {processor.py:186} INFO - Started process (PID=1932) to work on /opt/airflow/dags/daily_chek.py
[2026-04-23T19:19:41.825+0000] {processor.py:914} INFO - Processing file /opt/airflow/dags/daily_chek.py for tasks to queue
[2026-04-23T19:19:41.827+0000] {logging_mixin.py:190} INFO - [2026-04-23T19:19:41.827+0000] {dagbag.py:588} INFO - Filling up the DagBag from /opt/airflow/dags/daily_chek.py
[2026-04-23T19:19:41.838+0000] {processor.py:925} INFO - DAG(s) 'daily_check' retrieved from /opt/airflow/dags/daily_chek.py
[2026-04-23T19:19:41.859+0000] {logging_mixin.py:190} INFO - [2026-04-23T19:19:41.859+0000] {dag.py:3239} INFO - Sync 1 DAGs
[2026-04-23T19:19:41.889+0000] {logging_mixin.py:190} INFO - [2026-04-23T19:19:41.889+0000] {dag.py:4180} INFO - Setting next_dagrun for daily_check to 2026-04-23 00:00:00+00:00, run_after=2026-04-24 00:00:00+00:00
[2026-04-23T19:19:41.906+0000] {processor.py:208} INFO - Processing /opt/airflow/dags/daily_chek.py took 0.089 seconds
[2026-04-23T19:20:12.206+0000] {processor.py:186} INFO - Started process (PID=1953) to work on /opt/airflow/dags/daily_chek.py
[2026-04-23T19:20:12.207+0000] {processor.py:914} INFO - Processing file /opt/airflow/dags/daily_chek.py for tasks to queue
[2026-04-23T19:20:12.212+0000] {logging_mixin.py:190} INFO - [2026-04-23T19:20:12.211+0000] {dagbag.py:588} INFO - Filling up the DagBag from /opt/airflow/dags/daily_chek.py
[2026-04-23T19:20:12.228+0000] {processor.py:925} INFO - DAG(s) 'daily_check' retrieved from /opt/airflow/dags/daily_chek.py
[2026-04-23T19:20:12.250+0000] {logging_mixin.py:190} INFO - [2026-04-23T19:20:12.250+0000] {dag.py:3239} INFO - Sync 1 DAGs
[2026-04-23T19:20:12.271+0000] {logging_mixin.py:190} INFO - [2026-04-23T19:20:12.271+0000] {dag.py:4180} INFO - Setting next_dagrun for daily_check to 2026-04-23 00:00:00+00:00, run_after=2026-04-24 00:00:00+00:00
[2026-04-23T19:20:12.288+0000] {processor.py:208} INFO - Processing /opt/airflow/dags/daily_chek.py took 0.094 seconds
[2026-04-23T19:20:42.517+0000] {processor.py:186} INFO - Started process (PID=1974) to work on /opt/airflow/dags/daily_chek.py
[2026-04-23T19:20:42.518+0000] {processor.py:914} INFO - Processing file /opt/airflow/dags/daily_chek.py for tasks to queue
[2026-04-23T19:20:42.521+0000] {logging_mixin.py:190} INFO - [2026-04-23T19:20:42.521+0000] {dagbag.py:588} INFO - Filling up the DagBag from /opt/airflow/dags/daily_chek.py
[2026-04-23T19:20:42.534+0000] {processor.py:925} INFO - DAG(s) 'daily_check' retrieved from /opt/airflow/dags/daily_chek.py
[2026-04-23T19:20:42.555+0000] {logging_mixin.py:190} INFO - [2026-04-23T19:20:42.555+0000] {dag.py:3239} INFO - Sync 1 DAGs
[2026-04-23T19:20:42.577+0000] {logging_mixin.py:190} INFO - [2026-04-23T19:20:42.576+0000] {dag.py:4180} INFO - Setting next_dagrun for daily_check to 2026-04-23 00:00:00+00:00, run_after=2026-04-24 00:00:00+00:00
[2026-04-23T19:20:42.592+0000] {processor.py:208} INFO - Processing /opt/airflow/dags/daily_chek.py took 0.088 seconds
[2026-04-23T19:21:12.934+0000] {processor.py:186} INFO - Started process (PID=1995) to work on /opt/airflow/dags/daily_chek.py
[2026-04-23T19:21:12.935+0000] {processor.py:914} INFO - Processing file /opt/airflow/dags/daily_chek.py for tasks to queue
[2026-04-23T19:21:12.937+0000] {logging_mixin.py:190} INFO - [2026-04-23T19:21:12.937+0000] {dagbag.py:588} INFO - Filling up the DagBag from /opt/airflow/dags/daily_chek.py
[2026-04-23T19:21:12.947+0000] {processor.py:925} INFO - DAG(s) 'daily_check' retrieved from /opt/airflow/dags/daily_chek.py
[2026-04-23T19:21:12.969+0000] {logging_mixin.py:190} INFO - [2026-04-23T19:21:12.969+0000] {dag.py:3239} INFO - Sync 1 DAGs
[2026-04-23T19:21:12.990+0000] {logging_mixin.py:190} INFO - [2026-04-23T19:21:12.990+0000] {dag.py:4180} INFO - Setting next_dagrun for daily_check to 2026-04-23 00:00:00+00:00, run_after=2026-04-24 00:00:00+00:00
[2026-04-23T19:21:13.008+0000] {processor.py:208} INFO - Processing /opt/airflow/dags/daily_chek.py took 0.081 seconds
[2026-04-23T19:21:43.320+0000] {processor.py:186} INFO - Started process (PID=2016) to work on /opt/airflow/dags/daily_chek.py
[2026-04-23T19:21:43.320+0000] {processor.py:914} INFO - Processing file /opt/airflow/dags/daily_chek.py for tasks to queue
[2026-04-23T19:21:43.323+0000] {logging_mixin.py:190} INFO - [2026-04-23T19:21:43.322+0000] {dagbag.py:588} INFO - Filling up the DagBag from /opt/airflow/dags/daily_chek.py
[2026-04-23T19:21:43.333+0000] {processor.py:925} INFO - DAG(s) 'daily_check' retrieved from /opt/airflow/dags/daily_chek.py
[2026-04-23T19:21:43.354+0000] {logging_mixin.py:190} INFO - [2026-04-23T19:21:43.354+0000] {dag.py:3239} INFO - Sync 1 DAGs
[2026-04-23T19:21:43.378+0000] {logging_mixin.py:190} INFO - [2026-04-23T19:21:43.378+0000] {dag.py:4180} INFO - Setting next_dagrun for daily_check to 2026-04-23 00:00:00+00:00, run_after=2026-04-24 00:00:00+00:00
[2026-04-23T19:21:43.394+0000] {processor.py:208} INFO - Processing /opt/airflow/dags/daily_chek.py took 0.082 seconds
[2026-04-23T19:22:13.718+0000] {processor.py:186} INFO - Started process (PID=2037) to work on /opt/airflow/dags/daily_chek.py
[2026-04-23T19:22:13.718+0000] {processor.py:914} INFO - Processing file /opt/airflow/dags/daily_chek.py for tasks to queue
[2026-04-23T19:22:13.721+0000] {logging_mixin.py:190} INFO - [2026-04-23T19:22:13.721+0000] {dagbag.py:588} INFO - Filling up the DagBag from /opt/airflow/dags/daily_chek.py
[2026-04-23T19:22:13.732+0000] {processor.py:925} INFO - DAG(s) 'daily_check' retrieved from /opt/airflow/dags/daily_chek.py
[2026-04-23T19:22:13.753+0000] {logging_mixin.py:190} INFO - [2026-04-23T19:22:13.753+0000] {dag.py:3239} INFO - Sync 1 DAGs
[2026-04-23T19:22:13.775+0000] {logging_mixin.py:190} INFO - [2026-04-23T19:22:13.775+0000] {dag.py:4180} INFO - Setting next_dagrun for daily_check to 2026-04-23 00:00:00+00:00, run_after=2026-04-24 00:00:00+00:00
[2026-04-23T19:22:13.792+0000] {processor.py:208} INFO - Processing /opt/airflow/dags/daily_chek.py took 0.082 seconds
[2026-04-23T19:22:44.106+0000] {processor.py:186} INFO - Started process (PID=2058) to work on /opt/airflow/dags/daily_chek.py
[2026-04-23T19:22:44.107+0000] {processor.py:914} INFO - Processing file /opt/airflow/dags/daily_chek.py for tasks to queue
[2026-04-23T19:22:44.110+0000] {logging_mixin.py:190} INFO - [2026-04-23T19:22:44.110+0000] {dagbag.py:588} INFO - Filling up the DagBag from /opt/airflow/dags/daily_chek.py
[2026-04-23T19:22:44.123+0000] {processor.py:925} INFO - DAG(s) 'daily_check' retrieved from /opt/airflow/dags/daily_chek.py
[2026-04-23T19:22:44.147+0000] {logging_mixin.py:190} INFO - [2026-04-23T19:22:44.146+0000] {dag.py:3239} INFO - Sync 1 DAGs
[2026-04-23T19:22:44.168+0000] {logging_mixin.py:190} INFO - [2026-04-23T19:22:44.168+0000] {dag.py:4180} INFO - Setting next_dagrun for daily_check to 2026-04-23 00:00:00+00:00, run_after=2026-04-24 00:00:00+00:00
[2026-04-23T19:22:44.184+0000] {processor.py:208} INFO - Processing /opt/airflow/dags/daily_chek.py took 0.087 seconds
[2026-04-23T19:23:14.514+0000] {processor.py:186} INFO - Started process (PID=2079) to work on /opt/airflow/dags/daily_chek.py
[2026-04-23T19:23:14.515+0000] {processor.py:914} INFO - Processing file /opt/airflow/dags/daily_chek.py for tasks to queue
[2026-04-23T19:23:14.517+0000] {logging_mixin.py:190} INFO - [2026-04-23T19:23:14.516+0000] {dagbag.py:588} INFO - Filling up the DagBag from /opt/airflow/dags/daily_chek.py
[2026-04-23T19:23:14.529+0000] {processor.py:925} INFO - DAG(s) 'daily_check' retrieved from /opt/airflow/dags/daily_chek.py
[2026-04-23T19:23:14.556+0000] {logging_mixin.py:190} INFO - [2026-04-23T19:23:14.556+0000] {dag.py:3239} INFO - Sync 1 DAGs
[2026-04-23T19:23:14.587+0000] {logging_mixin.py:190} INFO - [2026-04-23T19:23:14.587+0000] {dag.py:4180} INFO - Setting next_dagrun for daily_check to 2026-04-23 00:00:00+00:00, run_after=2026-04-24 00:00:00+00:00
[2026-04-23T19:23:14.604+0000] {processor.py:208} INFO - Processing /opt/airflow/dags/daily_chek.py took 0.098 seconds
[2026-04-23T19:23:44.863+0000] {processor.py:186} INFO - Started process (PID=2100) to work on /opt/airflow/dags/daily_chek.py
[2026-04-23T19:23:44.864+0000] {processor.py:914} INFO - Processing file /opt/airflow/dags/daily_chek.py for tasks to queue
[2026-04-23T19:23:44.866+0000] {logging_mixin.py:190} INFO - [2026-04-23T19:23:44.866+0000] {dagbag.py:588} INFO - Filling up the DagBag from /opt/airflow/dags/daily_chek.py
[2026-04-23T19:23:44.877+0000] {processor.py:925} INFO - DAG(s) 'daily_check' retrieved from /opt/airflow/dags/daily_chek.py
[2026-04-23T19:23:44.907+0000] {logging_mixin.py:190} INFO - [2026-04-23T19:23:44.907+0000] {dag.py:3239} INFO - Sync 1 DAGs
[2026-04-23T19:23:44.939+0000] {logging_mixin.py:190} INFO - [2026-04-23T19:23:44.939+0000] {dag.py:4180} INFO - Setting next_dagrun for daily_check to 2026-04-23 00:00:00+00:00, run_after=2026-04-24 00:00:00+00:00
[2026-04-23T19:23:44.961+0000] {processor.py:208} INFO - Processing /opt/airflow/dags/daily_chek.py took 0.105 seconds
[2026-04-23T19:24:15.202+0000] {processor.py:186} INFO - Started process (PID=2121) to work on /opt/airflow/dags/daily_chek.py
[2026-04-23T19:24:15.203+0000] {processor.py:914} INFO - Processing file /opt/airflow/dags/daily_chek.py for tasks to queue
[2026-04-23T19:24:15.206+0000] {logging_mixin.py:190} INFO - [2026-04-23T19:24:15.205+0000] {dagbag.py:588} INFO - Filling up the DagBag from /opt/airflow/dags/daily_chek.py
[2026-04-23T19:24:15.221+0000] {processor.py:925} INFO - DAG(s) 'daily_check' retrieved from /opt/airflow/dags/daily_chek.py
[2026-04-23T19:24:15.243+0000] {logging_mixin.py:190} INFO - [2026-04-23T19:24:15.243+0000] {dag.py:3239} INFO - Sync 1 DAGs
[2026-04-23T19:24:15.270+0000] {logging_mixin.py:190} INFO - [2026-04-23T19:24:15.270+0000] {dag.py:4180} INFO - Setting next_dagrun for daily_check to 2026-04-23 00:00:00+00:00, run_after=2026-04-24 00:00:00+00:00
[2026-04-23T19:24:15.287+0000] {processor.py:208} INFO - Processing /opt/airflow/dags/daily_chek.py took 0.093 seconds
[2026-04-23T19:24:45.609+0000] {processor.py:186} INFO - Started process (PID=2142) to work on /opt/airflow/dags/daily_chek.py
[2026-04-23T19:24:45.611+0000] {processor.py:914} INFO - Processing file /opt/airflow/dags/daily_chek.py for tasks to queue
[2026-04-23T19:24:45.615+0000] {logging_mixin.py:190} INFO - [2026-04-23T19:24:45.614+0000] {dagbag.py:588} INFO - Filling up the DagBag from /opt/airflow/dags/daily_chek.py
[2026-04-23T19:24:45.626+0000] {processor.py:925} INFO - DAG(s) 'daily_check' retrieved from /opt/airflow/dags/daily_chek.py
[2026-04-23T19:24:45.649+0000] {logging_mixin.py:190} INFO - [2026-04-23T19:24:45.649+0000] {dag.py:3239} INFO - Sync 1 DAGs
[2026-04-23T19:24:45.674+0000] {logging_mixin.py:190} INFO - [2026-04-23T19:24:45.673+0000] {dag.py:4180} INFO - Setting next_dagrun for daily_check to 2026-04-23 00:00:00+00:00, run_after=2026-04-24 00:00:00+00:00
[2026-04-23T19:24:45.692+0000] {processor.py:208} INFO - Processing /opt/airflow/dags/daily_chek.py took 0.093 seconds
[2026-04-23T19:25:16.036+0000] {processor.py:186} INFO - Started process (PID=2163) to work on /opt/airflow/dags/daily_chek.py
[2026-04-23T19:25:16.037+0000] {processor.py:914} INFO - Processing file /opt/airflow/dags/daily_chek.py for tasks to queue
[2026-04-23T19:25:16.039+0000] {logging_mixin.py:190} INFO - [2026-04-23T19:25:16.038+0000] {dagbag.py:588} INFO - Filling up the DagBag from /opt/airflow/dags/daily_chek.py
[2026-04-23T19:25:16.050+0000] {processor.py:925} INFO - DAG(s) 'daily_check' retrieved from /opt/airflow/dags/daily_chek.py
[2026-04-23T19:25:16.076+0000] {logging_mixin.py:190} INFO - [2026-04-23T19:25:16.076+0000] {dag.py:3239} INFO - Sync 1 DAGs
[2026-04-23T19:25:16.098+0000] {logging_mixin.py:190} INFO - [2026-04-23T19:25:16.098+0000] {dag.py:4180} INFO - Setting next_dagrun for daily_check to 2026-04-23 00:00:00+00:00, run_after=2026-04-24 00:00:00+00:00
[2026-04-23T19:25:16.113+0000] {processor.py:208} INFO - Processing /opt/airflow/dags/daily_chek.py took 0.085 seconds
[2026-04-23T19:25:46.453+0000] {processor.py:186} INFO - Started process (PID=2183) to work on /opt/airflow/dags/daily_chek.py
[2026-04-23T19:25:46.454+0000] {processor.py:914} INFO - Processing file /opt/airflow/dags/daily_chek.py for tasks to queue
[2026-04-23T19:25:46.456+0000] {logging_mixin.py:190} INFO - [2026-04-23T19:25:46.455+0000] {dagbag.py:588} INFO - Filling up the DagBag from /opt/airflow/dags/daily_chek.py
[2026-04-23T19:25:46.466+0000] {processor.py:925} INFO - DAG(s) 'daily_check' retrieved from /opt/airflow/dags/daily_chek.py
[2026-04-23T19:25:46.493+0000] {logging_mixin.py:190} INFO - [2026-04-23T19:25:46.493+0000] {dag.py:3239} INFO - Sync 1 DAGs
[2026-04-23T19:25:46.516+0000] {logging_mixin.py:190} INFO - [2026-04-23T19:25:46.516+0000] {dag.py:4180} INFO - Setting next_dagrun for daily_check to 2026-04-23 00:00:00+00:00, run_after=2026-04-24 00:00:00+00:00
[2026-04-23T19:25:46.533+0000] {processor.py:208} INFO - Processing /opt/airflow/dags/daily_chek.py took 0.086 seconds
[2026-04-23T19:26:16.799+0000] {processor.py:186} INFO - Started process (PID=2204) to work on /opt/airflow/dags/daily_chek.py
[2026-04-23T19:26:16.800+0000] {processor.py:914} INFO - Processing file /opt/airflow/dags/daily_chek.py for tasks to queue
[2026-04-23T19:26:16.802+0000] {logging_mixin.py:190} INFO - [2026-04-23T19:26:16.801+0000] {dagbag.py:588} INFO - Filling up the DagBag from /opt/airflow/dags/daily_chek.py
[2026-04-23T19:26:16.812+0000] {processor.py:925} INFO - DAG(s) 'daily_check' retrieved from /opt/airflow/dags/daily_chek.py
[2026-04-23T19:26:16.836+0000] {logging_mixin.py:190} INFO - [2026-04-23T19:26:16.836+0000] {dag.py:3239} INFO - Sync 1 DAGs
[2026-04-23T19:26:16.857+0000] {logging_mixin.py:190} INFO - [2026-04-23T19:26:16.857+0000] {dag.py:4180} INFO - Setting next_dagrun for daily_check to 2026-04-23 00:00:00+00:00, run_after=2026-04-24 00:00:00+00:00
[2026-04-23T19:26:16.874+0000] {processor.py:208} INFO - Processing /opt/airflow/dags/daily_chek.py took 0.079 seconds
[2026-04-23T19:26:47.121+0000] {processor.py:186} INFO - Started process (PID=2225) to work on /opt/airflow/dags/daily_chek.py
[2026-04-23T19:26:47.123+0000] {processor.py:914} INFO - Processing file /opt/airflow/dags/daily_chek.py for tasks to queue
[2026-04-23T19:26:47.124+0000] {logging_mixin.py:190} INFO - [2026-04-23T19:26:47.124+0000] {dagbag.py:588} INFO - Filling up the DagBag from /opt/airflow/dags/daily_chek.py
[2026-04-23T19:26:47.134+0000] {processor.py:925} INFO - DAG(s) 'daily_check' retrieved from /opt/airflow/dags/daily_chek.py
[2026-04-23T19:26:47.160+0000] {logging_mixin.py:190} INFO - [2026-04-23T19:26:47.160+0000] {dag.py:3239} INFO - Sync 1 DAGs
[2026-04-23T19:26:47.181+0000] {logging_mixin.py:190} INFO - [2026-04-23T19:26:47.181+0000] {dag.py:4180} INFO - Setting next_dagrun for daily_check to 2026-04-23 00:00:00+00:00, run_after=2026-04-24 00:00:00+00:00
[2026-04-23T19:26:47.196+0000] {processor.py:208} INFO - Processing /opt/airflow/dags/daily_chek.py took 0.079 seconds
[2026-04-23T19:27:17.503+0000] {processor.py:186} INFO - Started process (PID=2246) to work on /opt/airflow/dags/daily_chek.py
[2026-04-23T19:27:17.503+0000] {processor.py:914} INFO - Processing file /opt/airflow/dags/daily_chek.py for tasks to queue
[2026-04-23T19:27:17.505+0000] {logging_mixin.py:190} INFO - [2026-04-23T19:27:17.505+0000] {dagbag.py:588} INFO - Filling up the DagBag from /opt/airflow/dags/daily_chek.py
[2026-04-23T19:27:17.516+0000] {processor.py:925} INFO - DAG(s) 'daily_check' retrieved from /opt/airflow/dags/daily_chek.py
[2026-04-23T19:27:17.542+0000] {logging_mixin.py:190} INFO - [2026-04-23T19:27:17.542+0000] {dag.py:3239} INFO - Sync 1 DAGs
[2026-04-23T19:27:17.563+0000] {logging_mixin.py:190} INFO - [2026-04-23T19:27:17.563+0000] {dag.py:4180} INFO - Setting next_dagrun for daily_check to 2026-04-23 00:00:00+00:00, run_after=2026-04-24 00:00:00+00:00
[2026-04-23T19:27:17.580+0000] {processor.py:208} INFO - Processing /opt/airflow/dags/daily_chek.py took 0.087 seconds
[2026-04-23T19:27:47.868+0000] {processor.py:186} INFO - Started process (PID=2267) to work on /opt/airflow/dags/daily_chek.py
[2026-04-23T19:27:47.868+0000] {processor.py:914} INFO - Processing file /opt/airflow/dags/daily_chek.py for tasks to queue
[2026-04-23T19:27:47.870+0000] {logging_mixin.py:190} INFO - [2026-04-23T19:27:47.870+0000] {dagbag.py:588} INFO - Filling up the DagBag from /opt/airflow/dags/daily_chek.py
[2026-04-23T19:27:47.880+0000] {processor.py:925} INFO - DAG(s) 'daily_check' retrieved from /opt/airflow/dags/daily_chek.py
[2026-04-23T19:27:47.907+0000] {logging_mixin.py:190} INFO - [2026-04-23T19:27:47.907+0000] {dag.py:3239} INFO - Sync 1 DAGs
[2026-04-23T19:27:47.930+0000] {logging_mixin.py:190} INFO - [2026-04-23T19:27:47.930+0000] {dag.py:4180} INFO - Setting next_dagrun for daily_check to 2026-04-23 00:00:00+00:00, run_after=2026-04-24 00:00:00+00:00
[2026-04-23T19:27:47.945+0000] {processor.py:208} INFO - Processing /opt/airflow/dags/daily_chek.py took 0.082 seconds
[2026-04-23T19:28:18.237+0000] {processor.py:186} INFO - Started process (PID=2288) to work on /opt/airflow/dags/daily_chek.py
[2026-04-23T19:28:18.237+0000] {processor.py:914} INFO - Processing file /opt/airflow/dags/daily_chek.py for tasks to queue
[2026-04-23T19:28:18.239+0000] {logging_mixin.py:190} INFO - [2026-04-23T19:28:18.239+0000] {dagbag.py:588} INFO - Filling up the DagBag from /opt/airflow/dags/daily_chek.py
[2026-04-23T19:28:18.250+0000] {processor.py:925} INFO - DAG(s) 'daily_check' retrieved from /opt/airflow/dags/daily_chek.py
[2026-04-23T19:28:18.278+0000] {logging_mixin.py:190} INFO - [2026-04-23T19:28:18.278+0000] {dag.py:3239} INFO - Sync 1 DAGs
[2026-04-23T19:28:18.300+0000] {logging_mixin.py:190} INFO - [2026-04-23T19:28:18.299+0000] {dag.py:4180} INFO - Setting next_dagrun for daily_check to 2026-04-23 00:00:00+00:00, run_after=2026-04-24 00:00:00+00:00
[2026-04-23T19:28:18.315+0000] {processor.py:208} INFO - Processing /opt/airflow/dags/daily_chek.py took 0.083 seconds
[2026-04-23T19:28:48.583+0000] {processor.py:186} INFO - Started process (PID=2309) to work on /opt/airflow/dags/daily_chek.py
[2026-04-23T19:28:48.585+0000] {processor.py:914} INFO - Processing file /opt/airflow/dags/daily_chek.py for tasks to queue
[2026-04-23T19:28:48.587+0000] {logging_mixin.py:190} INFO - [2026-04-23T19:28:48.586+0000] {dagbag.py:588} INFO - Filling up the DagBag from /opt/airflow/dags/daily_chek.py
[2026-04-23T19:28:48.598+0000] {processor.py:925} INFO - DAG(s) 'daily_check' retrieved from /opt/airflow/dags/daily_chek.py
[2026-04-23T19:28:48.623+0000] {logging_mixin.py:190} INFO - [2026-04-23T19:28:48.623+0000] {dag.py:3239} INFO - Sync 1 DAGs
[2026-04-23T19:28:48.644+0000] {logging_mixin.py:190} INFO - [2026-04-23T19:28:48.644+0000] {dag.py:4180} INFO - Setting next_dagrun for daily_check to 2026-04-23 00:00:00+00:00, run_after=2026-04-24 00:00:00+00:00
[2026-04-23T19:28:48.661+0000] {processor.py:208} INFO - Processing /opt/airflow/dags/daily_chek.py took 0.083 seconds
[2026-04-23T19:29:18.944+0000] {processor.py:186} INFO - Started process (PID=2330) to work on /opt/airflow/dags/daily_chek.py
[2026-04-23T19:29:18.944+0000] {processor.py:914} INFO - Processing file /opt/airflow/dags/daily_chek.py for tasks to queue
[2026-04-23T19:29:18.946+0000] {logging_mixin.py:190} INFO - [2026-04-23T19:29:18.946+0000] {dagbag.py:588} INFO - Filling up the DagBag from /opt/airflow/dags/daily_chek.py
[2026-04-23T19:29:18.961+0000] {processor.py:925} INFO - DAG(s) 'daily_check' retrieved from /opt/airflow/dags/daily_chek.py
[2026-04-23T19:29:18.985+0000] {logging_mixin.py:190} INFO - [2026-04-23T19:29:18.984+0000] {dag.py:3239} INFO - Sync 1 DAGs
[2026-04-23T19:29:19.006+0000] {logging_mixin.py:190} INFO - [2026-04-23T19:29:19.006+0000] {dag.py:4180} INFO - Setting next_dagrun for daily_check to 2026-04-23 00:00:00+00:00, run_after=2026-04-24 00:00:00+00:00
[2026-04-23T19:29:19.021+0000] {processor.py:208} INFO - Processing /opt/airflow/dags/daily_chek.py took 0.083 seconds
[2026-04-23T19:29:49.301+0000] {processor.py:186} INFO - Started process (PID=2351) to work on /opt/airflow/dags/daily_chek.py
[2026-04-23T19:29:49.303+0000] {processor.py:914} INFO - Processing file /opt/airflow/dags/daily_chek.py for tasks to queue
[2026-04-23T19:29:49.306+0000] {logging_mixin.py:190} INFO - [2026-04-23T19:29:49.305+0000] {dagbag.py:588} INFO - Filling up the DagBag from /opt/airflow/dags/daily_chek.py
[2026-04-23T19:29:49.324+0000] {processor.py:925} INFO - DAG(s) 'daily_check' retrieved from /opt/airflow/dags/daily_chek.py
[2026-04-23T19:29:49.351+0000] {logging_mixin.py:190} INFO - [2026-04-23T19:29:49.351+0000] {dag.py:3239} INFO - Sync 1 DAGs
[2026-04-23T19:29:49.375+0000] {logging_mixin.py:190} INFO - [2026-04-23T19:29:49.375+0000] {dag.py:4180} INFO - Setting next_dagrun for daily_check to 2026-04-23 00:00:00+00:00, run_after=2026-04-24 00:00:00+00:00
[2026-04-23T19:29:49.392+0000] {processor.py:208} INFO - Processing /opt/airflow/dags/daily_chek.py took 0.097 seconds
[2026-04-23T19:30:19.674+0000] {processor.py:186} INFO - Started process (PID=2372) to work on /opt/airflow/dags/daily_chek.py
[2026-04-23T19:30:19.675+0000] {processor.py:914} INFO - Processing file /opt/airflow/dags/daily_chek.py for tasks to queue
[2026-04-23T19:30:19.678+0000] {logging_mixin.py:190} INFO - [2026-04-23T19:30:19.677+0000] {dagbag.py:588} INFO - Filling up the DagBag from /opt/airflow/dags/daily_chek.py
[2026-04-23T19:30:19.694+0000] {processor.py:925} INFO - DAG(s) 'daily_check' retrieved from /opt/airflow/dags/daily_chek.py
[2026-04-23T19:30:19.718+0000] {logging_mixin.py:190} INFO - [2026-04-23T19:30:19.718+0000] {dag.py:3239} INFO - Sync 1 DAGs
[2026-04-23T19:30:19.740+0000] {logging_mixin.py:190} INFO - [2026-04-23T19:30:19.740+0000] {dag.py:4180} INFO - Setting next_dagrun for daily_check to 2026-04-23 00:00:00+00:00, run_after=2026-04-24 00:00:00+00:00
[2026-04-23T19:30:19.756+0000] {processor.py:208} INFO - Processing /opt/airflow/dags/daily_chek.py took 0.087 seconds
[2026-04-23T19:30:50.042+0000] {processor.py:186} INFO - Started process (PID=2393) to work on /opt/airflow/dags/daily_chek.py
[2026-04-23T19:30:50.042+0000] {processor.py:914} INFO - Processing file /opt/airflow/dags/daily_chek.py for tasks to queue
[2026-04-23T19:30:50.044+0000] {logging_mixin.py:190} INFO - [2026-04-23T19:30:50.044+0000] {dagbag.py:588} INFO - Filling up the DagBag from /opt/airflow/dags/daily_chek.py
[2026-04-23T19:30:50.058+0000] {processor.py:925} INFO - DAG(s) 'daily_check' retrieved from /opt/airflow/dags/daily_chek.py
[2026-04-23T19:30:50.084+0000] {logging_mixin.py:190} INFO - [2026-04-23T19:30:50.084+0000] {dag.py:3239} INFO - Sync 1 DAGs
[2026-04-23T19:30:50.106+0000] {logging_mixin.py:190} INFO - [2026-04-23T19:30:50.106+0000] {dag.py:4180} INFO - Setting next_dagrun for daily_check to 2026-04-23 00:00:00+00:00, run_after=2026-04-24 00:00:00+00:00
[2026-04-23T19:30:50.124+0000] {processor.py:208} INFO - Processing /opt/airflow/dags/daily_chek.py took 0.089 seconds
[2026-04-23T19:31:20.413+0000] {processor.py:186} INFO - Started process (PID=2414) to work on /opt/airflow/dags/daily_chek.py
[2026-04-23T19:31:20.413+0000] {processor.py:914} INFO - Processing file /opt/airflow/dags/daily_chek.py for tasks to queue
[2026-04-23T19:31:20.415+0000] {logging_mixin.py:190} INFO - [2026-04-23T19:31:20.414+0000] {dagbag.py:588} INFO - Filling up the DagBag from /opt/airflow/dags/daily_chek.py
[2026-04-23T19:31:20.430+0000] {processor.py:925} INFO - DAG(s) 'daily_check' retrieved from /opt/airflow/dags/daily_chek.py
[2026-04-23T19:31:20.449+0000] {logging_mixin.py:190} INFO - [2026-04-23T19:31:20.449+0000] {dag.py:3239} INFO - Sync 1 DAGs
[2026-04-23T19:31:20.470+0000] {logging_mixin.py:190} INFO - [2026-04-23T19:31:20.470+0000] {dag.py:4180} INFO - Setting next_dagrun for daily_check to 2026-04-23 00:00:00+00:00, run_after=2026-04-24 00:00:00+00:00
[2026-04-23T19:31:20.487+0000] {processor.py:208} INFO - Processing /opt/airflow/dags/daily_chek.py took 0.081 seconds
[2026-04-23T19:31:50.781+0000] {processor.py:186} INFO - Started process (PID=2435) to work on /opt/airflow/dags/daily_chek.py
[2026-04-23T19:31:50.781+0000] {processor.py:914} INFO - Processing file /opt/airflow/dags/daily_chek.py for tasks to queue
[2026-04-23T19:31:50.783+0000] {logging_mixin.py:190} INFO - [2026-04-23T19:31:50.783+0000] {dagbag.py:588} INFO - Filling up the DagBag from /opt/airflow/dags/daily_chek.py
[2026-04-23T19:31:50.798+0000] {processor.py:925} INFO - DAG(s) 'daily_check' retrieved from /opt/airflow/dags/daily_chek.py
[2026-04-23T19:31:50.819+0000] {logging_mixin.py:190} INFO - [2026-04-23T19:31:50.819+0000] {dag.py:3239} INFO - Sync 1 DAGs
[2026-04-23T19:31:50.840+0000] {logging_mixin.py:190} INFO - [2026-04-23T19:31:50.840+0000] {dag.py:4180} INFO - Setting next_dagrun for daily_check to 2026-04-23 00:00:00+00:00, run_after=2026-04-24 00:00:00+00:00
[2026-04-23T19:31:50.856+0000] {processor.py:208} INFO - Processing /opt/airflow/dags/daily_chek.py took 0.080 seconds
[2026-04-23T19:32:21.148+0000] {processor.py:186} INFO - Started process (PID=2456) to work on /opt/airflow/dags/daily_chek.py
[2026-04-23T19:32:21.151+0000] {processor.py:914} INFO - Processing file /opt/airflow/dags/daily_chek.py for tasks to queue
[2026-04-23T19:32:21.153+0000] {logging_mixin.py:190} INFO - [2026-04-23T19:32:21.152+0000] {dagbag.py:588} INFO - Filling up the DagBag from /opt/airflow/dags/daily_chek.py
[2026-04-23T19:32:21.167+0000] {processor.py:925} INFO - DAG(s) 'daily_check' retrieved from /opt/airflow/dags/daily_chek.py
[2026-04-23T19:32:21.188+0000] {logging_mixin.py:190} INFO - [2026-04-23T19:32:21.188+0000] {dag.py:3239} INFO - Sync 1 DAGs
[2026-04-23T19:32:21.209+0000] {logging_mixin.py:190} INFO - [2026-04-23T19:32:21.209+0000] {dag.py:4180} INFO - Setting next_dagrun for daily_check to 2026-04-23 00:00:00+00:00, run_after=2026-04-24 00:00:00+00:00
[2026-04-23T19:32:21.225+0000] {processor.py:208} INFO - Processing /opt/airflow/dags/daily_chek.py took 0.081 seconds
[2026-04-23T19:32:51.509+0000] {processor.py:186} INFO - Started process (PID=2477) to work on /opt/airflow/dags/daily_chek.py
[2026-04-23T19:32:51.509+0000] {processor.py:914} INFO - Processing file /opt/airflow/dags/daily_chek.py for tasks to queue
[2026-04-23T19:32:51.511+0000] {logging_mixin.py:190} INFO - [2026-04-23T19:32:51.511+0000] {dagbag.py:588} INFO - Filling up the DagBag from /opt/airflow/dags/daily_chek.py
[2026-04-23T19:32:51.521+0000] {processor.py:925} INFO - DAG(s) 'daily_check' retrieved from /opt/airflow/dags/daily_chek.py
[2026-04-23T19:32:51.542+0000] {logging_mixin.py:190} INFO - [2026-04-23T19:32:51.541+0000] {dag.py:3239} INFO - Sync 1 DAGs
[2026-04-23T19:32:51.562+0000] {logging_mixin.py:190} INFO - [2026-04-23T19:32:51.562+0000] {dag.py:4180} INFO - Setting next_dagrun for daily_check to 2026-04-23 00:00:00+00:00, run_after=2026-04-24 00:00:00+00:00
[2026-04-23T19:32:51.578+0000] {processor.py:208} INFO - Processing /opt/airflow/dags/daily_chek.py took 0.074 seconds
[2026-04-23T19:33:21.833+0000] {processor.py:186} INFO - Started process (PID=2498) to work on /opt/airflow/dags/daily_chek.py
[2026-04-23T19:33:21.834+0000] {processor.py:914} INFO - Processing file /opt/airflow/dags/daily_chek.py for tasks to queue
[2026-04-23T19:33:21.835+0000] {logging_mixin.py:190} INFO - [2026-04-23T19:33:21.835+0000] {dagbag.py:588} INFO - Filling up the DagBag from /opt/airflow/dags/daily_chek.py
[2026-04-23T19:33:21.844+0000] {processor.py:925} INFO - DAG(s) 'daily_check' retrieved from /opt/airflow/dags/daily_chek.py
[2026-04-23T19:33:21.864+0000] {logging_mixin.py:190} INFO - [2026-04-23T19:33:21.864+0000] {dag.py:3239} INFO - Sync 1 DAGs
[2026-04-23T19:33:21.886+0000] {logging_mixin.py:190} INFO - [2026-04-23T19:33:21.886+0000] {dag.py:4180} INFO - Setting next_dagrun for daily_check to 2026-04-23 00:00:00+00:00, run_after=2026-04-24 00:00:00+00:00
[2026-04-23T19:33:21.901+0000] {processor.py:208} INFO - Processing /opt/airflow/dags/daily_chek.py took 0.075 seconds
[2026-04-23T19:33:52.175+0000] {processor.py:186} INFO - Started process (PID=2519) to work on /opt/airflow/dags/daily_chek.py
[2026-04-23T19:33:52.176+0000] {processor.py:914} INFO - Processing file /opt/airflow/dags/daily_chek.py for tasks to queue
[2026-04-23T19:33:52.179+0000] {logging_mixin.py:190} INFO - [2026-04-23T19:33:52.178+0000] {dagbag.py:588} INFO - Filling up the DagBag from /opt/airflow/dags/daily_chek.py
[2026-04-23T19:33:52.192+0000] {processor.py:925} INFO - DAG(s) 'daily_check' retrieved from /opt/airflow/dags/daily_chek.py
[2026-04-23T19:33:52.212+0000] {logging_mixin.py:190} INFO - [2026-04-23T19:33:52.212+0000] {dag.py:3239} INFO - Sync 1 DAGs
[2026-04-23T19:33:52.232+0000] {logging_mixin.py:190} INFO - [2026-04-23T19:33:52.232+0000] {dag.py:4180} INFO - Setting next_dagrun for daily_check to 2026-04-23 00:00:00+00:00, run_after=2026-04-24 00:00:00+00:00
[2026-04-23T19:33:52.253+0000] {processor.py:208} INFO - Processing /opt/airflow/dags/daily_chek.py took 0.086 seconds
[2026-04-23T19:34:22.529+0000] {processor.py:186} INFO - Started process (PID=2540) to work on /opt/airflow/dags/daily_chek.py
[2026-04-23T19:34:22.531+0000] {processor.py:914} INFO - Processing file /opt/airflow/dags/daily_chek.py for tasks to queue
[2026-04-23T19:34:22.533+0000] {logging_mixin.py:190} INFO - [2026-04-23T19:34:22.532+0000] {dagbag.py:588} INFO - Filling up the DagBag from /opt/airflow/dags/daily_chek.py
[2026-04-23T19:34:22.542+0000] {processor.py:925} INFO - DAG(s) 'daily_check' retrieved from /opt/airflow/dags/daily_chek.py
[2026-04-23T19:34:22.562+0000] {logging_mixin.py:190} INFO - [2026-04-23T19:34:22.562+0000] {dag.py:3239} INFO - Sync 1 DAGs
[2026-04-23T19:34:22.583+0000] {logging_mixin.py:190} INFO - [2026-04-23T19:34:22.583+0000] {dag.py:4180} INFO - Setting next_dagrun for daily_check to 2026-04-23 00:00:00+00:00, run_after=2026-04-24 00:00:00+00:00
[2026-04-23T19:34:22.600+0000] {processor.py:208} INFO - Processing /opt/airflow/dags/daily_chek.py took 0.076 seconds
[2026-04-23T19:34:52.870+0000] {processor.py:186} INFO - Started process (PID=2561) to work on /opt/airflow/dags/daily_chek.py
[2026-04-23T19:34:52.870+0000] {processor.py:914} INFO - Processing file /opt/airflow/dags/daily_chek.py for tasks to queue
[2026-04-23T19:34:52.872+0000] {logging_mixin.py:190} INFO - [2026-04-23T19:34:52.872+0000] {dagbag.py:588} INFO - Filling up the DagBag from /opt/airflow/dags/daily_chek.py
[2026-04-23T19:34:52.882+0000] {processor.py:925} INFO - DAG(s) 'daily_check' retrieved from /opt/airflow/dags/daily_chek.py
[2026-04-23T19:34:52.902+0000] {logging_mixin.py:190} INFO - [2026-04-23T19:34:52.902+0000] {dag.py:3239} INFO - Sync 1 DAGs
[2026-04-23T19:34:52.925+0000] {logging_mixin.py:190} INFO - [2026-04-23T19:34:52.925+0000] {dag.py:4180} INFO - Setting next_dagrun for daily_check to 2026-04-23 00:00:00+00:00, run_after=2026-04-24 00:00:00+00:00
[2026-04-23T19:34:52.944+0000] {processor.py:208} INFO - Processing /opt/airflow/dags/daily_chek.py took 0.079 seconds
[2026-04-23T19:35:23.200+0000] {processor.py:186} INFO - Started process (PID=2582) to work on /opt/airflow/dags/daily_chek.py
[2026-04-23T19:35:23.201+0000] {processor.py:914} INFO - Processing file /opt/airflow/dags/daily_chek.py for tasks to queue
[2026-04-23T19:35:23.204+0000] {logging_mixin.py:190} INFO - [2026-04-23T19:35:23.203+0000] {dagbag.py:588} INFO - Filling up the DagBag from /opt/airflow/dags/daily_chek.py
[2026-04-23T19:35:23.218+0000] {processor.py:925} INFO - DAG(s) 'daily_check' retrieved from /opt/airflow/dags/daily_chek.py
[2026-04-23T19:35:23.245+0000] {logging_mixin.py:190} INFO - [2026-04-23T19:35:23.245+0000] {dag.py:3239} INFO - Sync 1 DAGs
[2026-04-23T19:35:23.274+0000] {logging_mixin.py:190} INFO - [2026-04-23T19:35:23.273+0000] {dag.py:4180} INFO - Setting next_dagrun for daily_check to 2026-04-23 00:00:00+00:00, run_after=2026-04-24 00:00:00+00:00
[2026-04-23T19:35:23.292+0000] {processor.py:208} INFO - Processing /opt/airflow/dags/daily_chek.py took 0.100 seconds
[2026-04-23T19:35:53.544+0000] {processor.py:186} INFO - Started process (PID=2603) to work on /opt/airflow/dags/daily_chek.py
[2026-04-23T19:35:53.544+0000] {processor.py:914} INFO - Processing file /opt/airflow/dags/daily_chek.py for tasks to queue
[2026-04-23T19:35:53.547+0000] {logging_mixin.py:190} INFO - [2026-04-23T19:35:53.547+0000] {dagbag.py:588} INFO - Filling up the DagBag from /opt/airflow/dags/daily_chek.py
[2026-04-23T19:35:53.561+0000] {processor.py:925} INFO - DAG(s) 'daily_check' retrieved from /opt/airflow/dags/daily_chek.py
[2026-04-23T19:35:53.588+0000] {logging_mixin.py:190} INFO - [2026-04-23T19:35:53.587+0000] {dag.py:3239} INFO - Sync 1 DAGs
[2026-04-23T19:35:53.609+0000] {logging_mixin.py:190} INFO - [2026-04-23T19:35:53.609+0000] {dag.py:4180} INFO - Setting next_dagrun for daily_check to 2026-04-23 00:00:00+00:00, run_after=2026-04-24 00:00:00+00:00
[2026-04-23T19:35:53.626+0000] {processor.py:208} INFO - Processing /opt/airflow/dags/daily_chek.py took 0.089 seconds
[2026-04-23T19:36:23.899+0000] {processor.py:186} INFO - Started process (PID=2624) to work on /opt/airflow/dags/daily_chek.py
[2026-04-23T19:36:23.901+0000] {processor.py:914} INFO - Processing file /opt/airflow/dags/daily_chek.py for tasks to queue
[2026-04-23T19:36:23.903+0000] {logging_mixin.py:190} INFO - [2026-04-23T19:36:23.903+0000] {dagbag.py:588} INFO - Filling up the DagBag from /opt/airflow/dags/daily_chek.py
[2026-04-23T19:36:23.912+0000] {processor.py:925} INFO - DAG(s) 'daily_check' retrieved from /opt/airflow/dags/daily_chek.py
[2026-04-23T19:36:23.940+0000] {logging_mixin.py:190} INFO - [2026-04-23T19:36:23.939+0000] {dag.py:3239} INFO - Sync 1 DAGs
[2026-04-23T19:36:23.964+0000] {logging_mixin.py:190} INFO - [2026-04-23T19:36:23.964+0000] {dag.py:4180} INFO - Setting next_dagrun for daily_check to 2026-04-23 00:00:00+00:00, run_after=2026-04-24 00:00:00+00:00
[2026-04-23T19:36:23.980+0000] {processor.py:208} INFO - Processing /opt/airflow/dags/daily_chek.py took 0.087 seconds
[2026-04-23T19:36:54.259+0000] {processor.py:186} INFO - Started process (PID=2645) to work on /opt/airflow/dags/daily_chek.py
[2026-04-23T19:36:54.259+0000] {processor.py:914} INFO - Processing file /opt/airflow/dags/daily_chek.py for tasks to queue
[2026-04-23T19:36:54.261+0000] {logging_mixin.py:190} INFO - [2026-04-23T19:36:54.261+0000] {dagbag.py:588} INFO - Filling up the DagBag from /opt/airflow/dags/daily_chek.py
[2026-04-23T19:36:54.271+0000] {processor.py:925} INFO - DAG(s) 'daily_check' retrieved from /opt/airflow/dags/daily_chek.py
[2026-04-23T19:36:54.291+0000] {logging_mixin.py:190} INFO - [2026-04-23T19:36:54.290+0000] {dag.py:3239} INFO - Sync 1 DAGs
[2026-04-23T19:36:54.312+0000] {logging_mixin.py:190} INFO - [2026-04-23T19:36:54.311+0000] {dag.py:4180} INFO - Setting next_dagrun for daily_check to 2026-04-23 00:00:00+00:00, run_after=2026-04-24 00:00:00+00:00
[2026-04-23T19:36:54.328+0000] {processor.py:208} INFO - Processing /opt/airflow/dags/daily_chek.py took 0.074 seconds
[2026-04-23T19:37:24.627+0000] {processor.py:186} INFO - Started process (PID=2666) to work on /opt/airflow/dags/daily_chek.py
[2026-04-23T19:37:24.630+0000] {processor.py:914} INFO - Processing file /opt/airflow/dags/daily_chek.py for tasks to queue
[2026-04-23T19:37:24.631+0000] {logging_mixin.py:190} INFO - [2026-04-23T19:37:24.631+0000] {dagbag.py:588} INFO - Filling up the DagBag from /opt/airflow/dags/daily_chek.py
[2026-04-23T19:37:24.641+0000] {processor.py:925} INFO - DAG(s) 'daily_check' retrieved from /opt/airflow/dags/daily_chek.py
[2026-04-23T19:37:24.662+0000] {logging_mixin.py:190} INFO - [2026-04-23T19:37:24.662+0000] {dag.py:3239} INFO - Sync 1 DAGs
[2026-04-23T19:37:24.683+0000] {logging_mixin.py:190} INFO - [2026-04-23T19:37:24.683+0000] {dag.py:4180} INFO - Setting next_dagrun for daily_check to 2026-04-23 00:00:00+00:00, run_after=2026-04-24 00:00:00+00:00
[2026-04-23T19:37:24.699+0000] {processor.py:208} INFO - Processing /opt/airflow/dags/daily_chek.py took 0.077 seconds
[2026-04-23T19:37:55.014+0000] {processor.py:186} INFO - Started process (PID=2687) to work on /opt/airflow/dags/daily_chek.py
[2026-04-23T19:37:55.015+0000] {processor.py:914} INFO - Processing file /opt/airflow/dags/daily_chek.py for tasks to queue
[2026-04-23T19:37:55.017+0000] {logging_mixin.py:190} INFO - [2026-04-23T19:37:55.017+0000] {dagbag.py:588} INFO - Filling up the DagBag from /opt/airflow/dags/daily_chek.py
[2026-04-23T19:37:55.029+0000] {processor.py:925} INFO - DAG(s) 'daily_check' retrieved from /opt/airflow/dags/daily_chek.py
[2026-04-23T19:37:55.056+0000] {logging_mixin.py:190} INFO - [2026-04-23T19:37:55.056+0000] {dag.py:3239} INFO - Sync 1 DAGs
[2026-04-23T19:37:55.080+0000] {logging_mixin.py:190} INFO - [2026-04-23T19:37:55.079+0000] {dag.py:4180} INFO - Setting next_dagrun for daily_check to 2026-04-23 00:00:00+00:00, run_after=2026-04-24 00:00:00+00:00
[2026-04-23T19:37:55.096+0000] {processor.py:208} INFO - Processing /opt/airflow/dags/daily_chek.py took 0.087 seconds
[2026-04-23T19:38:25.342+0000] {processor.py:186} INFO - Started process (PID=2708) to work on /opt/airflow/dags/daily_chek.py
[2026-04-23T19:38:25.343+0000] {processor.py:914} INFO - Processing file /opt/airflow/dags/daily_chek.py for tasks to queue
[2026-04-23T19:38:25.345+0000] {logging_mixin.py:190} INFO - [2026-04-23T19:38:25.344+0000] {dagbag.py:588} INFO - Filling up the DagBag from /opt/airflow/dags/daily_chek.py
[2026-04-23T19:38:25.354+0000] {processor.py:925} INFO - DAG(s) 'daily_check' retrieved from /opt/airflow/dags/daily_chek.py
[2026-04-23T19:38:25.374+0000] {logging_mixin.py:190} INFO - [2026-04-23T19:38:25.374+0000] {dag.py:3239} INFO - Sync 1 DAGs
[2026-04-23T19:38:25.395+0000] {logging_mixin.py:190} INFO - [2026-04-23T19:38:25.395+0000] {dag.py:4180} INFO - Setting next_dagrun for daily_check to 2026-04-23 00:00:00+00:00, run_after=2026-04-24 00:00:00+00:00
[2026-04-23T19:38:25.521+0000] {processor.py:208} INFO - Processing /opt/airflow/dags/daily_chek.py took 0.184 seconds
[2026-04-23T19:38:55.787+0000] {processor.py:186} INFO - Started process (PID=2729) to work on /opt/airflow/dags/daily_chek.py
[2026-04-23T19:38:55.788+0000] {processor.py:914} INFO - Processing file /opt/airflow/dags/daily_chek.py for tasks to queue
[2026-04-23T19:38:55.791+0000] {logging_mixin.py:190} INFO - [2026-04-23T19:38:55.790+0000] {dagbag.py:588} INFO - Filling up the DagBag from /opt/airflow/dags/daily_chek.py
[2026-04-23T19:38:55.805+0000] {processor.py:925} INFO - DAG(s) 'daily_check' retrieved from /opt/airflow/dags/daily_chek.py
[2026-04-23T19:38:55.831+0000] {logging_mixin.py:190} INFO - [2026-04-23T19:38:55.830+0000] {dag.py:3239} INFO - Sync 1 DAGs
[2026-04-23T19:38:55.857+0000] {logging_mixin.py:190} INFO - [2026-04-23T19:38:55.856+0000] {dag.py:4180} INFO - Setting next_dagrun for daily_check to 2026-04-23 00:00:00+00:00, run_after=2026-04-24 00:00:00+00:00
[2026-04-23T19:38:55.873+0000] {processor.py:208} INFO - Processing /opt/airflow/dags/daily_chek.py took 0.093 seconds
[2026-04-23T19:39:26.151+0000] {processor.py:186} INFO - Started process (PID=2750) to work on /opt/airflow/dags/daily_chek.py
[2026-04-23T19:39:26.152+0000] {processor.py:914} INFO - Processing file /opt/airflow/dags/daily_chek.py for tasks to queue
[2026-04-23T19:39:26.154+0000] {logging_mixin.py:190} INFO - [2026-04-23T19:39:26.154+0000] {dagbag.py:588} INFO - Filling up the DagBag from /opt/airflow/dags/daily_chek.py
[2026-04-23T19:39:26.163+0000] {processor.py:925} INFO - DAG(s) 'daily_check' retrieved from /opt/airflow/dags/daily_chek.py
[2026-04-23T19:39:26.190+0000] {logging_mixin.py:190} INFO - [2026-04-23T19:39:26.190+0000] {dag.py:3239} INFO - Sync 1 DAGs
[2026-04-23T19:39:26.214+0000] {logging_mixin.py:190} INFO - [2026-04-23T19:39:26.214+0000] {dag.py:4180} INFO - Setting next_dagrun for daily_check to 2026-04-23 00:00:00+00:00, run_after=2026-04-24 00:00:00+00:00
[2026-04-23T19:39:26.230+0000] {processor.py:208} INFO - Processing /opt/airflow/dags/daily_chek.py took 0.083 seconds
[2026-04-23T19:39:56.502+0000] {processor.py:186} INFO - Started process (PID=2771) to work on /opt/airflow/dags/daily_chek.py
[2026-04-23T19:39:56.502+0000] {processor.py:914} INFO - Processing file /opt/airflow/dags/daily_chek.py for tasks to queue
[2026-04-23T19:39:56.504+0000] {logging_mixin.py:190} INFO - [2026-04-23T19:39:56.504+0000] {dagbag.py:588} INFO - Filling up the DagBag from /opt/airflow/dags/daily_chek.py
[2026-04-23T19:39:56.515+0000] {processor.py:925} INFO - DAG(s) 'daily_check' retrieved from /opt/airflow/dags/daily_chek.py
[2026-04-23T19:39:56.544+0000] {logging_mixin.py:190} INFO - [2026-04-23T19:39:56.544+0000] {dag.py:3239} INFO - Sync 1 DAGs
[2026-04-23T19:39:56.567+0000] {logging_mixin.py:190} INFO - [2026-04-23T19:39:56.567+0000] {dag.py:4180} INFO - Setting next_dagrun for daily_check to 2026-04-23 00:00:00+00:00, run_after=2026-04-24 00:00:00+00:00
[2026-04-23T19:39:56.584+0000] {processor.py:208} INFO - Processing /opt/airflow/dags/daily_chek.py took 0.087 seconds
[2026-04-23T19:40:26.866+0000] {processor.py:186} INFO - Started process (PID=2792) to work on /opt/airflow/dags/daily_chek.py
[2026-04-23T19:40:26.868+0000] {processor.py:914} INFO - Processing file /opt/airflow/dags/daily_chek.py for tasks to queue
[2026-04-23T19:40:26.871+0000] {logging_mixin.py:190} INFO - [2026-04-23T19:40:26.871+0000] {dagbag.py:588} INFO - Filling up the DagBag from /opt/airflow/dags/daily_chek.py
[2026-04-23T19:40:26.884+0000] {processor.py:925} INFO - DAG(s) 'daily_check' retrieved from /opt/airflow/dags/daily_chek.py
[2026-04-23T19:40:26.907+0000] {logging_mixin.py:190} INFO - [2026-04-23T19:40:26.907+0000] {dag.py:3239} INFO - Sync 1 DAGs
[2026-04-23T19:40:26.929+0000] {logging_mixin.py:190} INFO - [2026-04-23T19:40:26.929+0000] {dag.py:4180} INFO - Setting next_dagrun for daily_check to 2026-04-23 00:00:00+00:00, run_after=2026-04-24 00:00:00+00:00
[2026-04-23T19:40:26.945+0000] {processor.py:208} INFO - Processing /opt/airflow/dags/daily_chek.py took 0.085 seconds
[2026-04-23T19:40:57.248+0000] {processor.py:186} INFO - Started process (PID=2813) to work on /opt/airflow/dags/daily_chek.py
[2026-04-23T19:40:57.248+0000] {processor.py:914} INFO - Processing file /opt/airflow/dags/daily_chek.py for tasks to queue
[2026-04-23T19:40:57.250+0000] {logging_mixin.py:190} INFO - [2026-04-23T19:40:57.250+0000] {dagbag.py:588} INFO - Filling up the DagBag from /opt/airflow/dags/daily_chek.py
[2026-04-23T19:40:57.263+0000] {processor.py:925} INFO - DAG(s) 'daily_check' retrieved from /opt/airflow/dags/daily_chek.py
[2026-04-23T19:40:57.284+0000] {logging_mixin.py:190} INFO - [2026-04-23T19:40:57.284+0000] {dag.py:3239} INFO - Sync 1 DAGs
[2026-04-23T19:40:57.305+0000] {logging_mixin.py:190} INFO - [2026-04-23T19:40:57.305+0000] {dag.py:4180} INFO - Setting next_dagrun for daily_check to 2026-04-23 00:00:00+00:00, run_after=2026-04-24 00:00:00+00:00
[2026-04-23T19:40:57.324+0000] {processor.py:208} INFO - Processing /opt/airflow/dags/daily_chek.py took 0.081 seconds
[2026-04-23T19:41:27.606+0000] {processor.py:186} INFO - Started process (PID=2834) to work on /opt/airflow/dags/daily_chek.py
[2026-04-23T19:41:27.608+0000] {processor.py:914} INFO - Processing file /opt/airflow/dags/daily_chek.py for tasks to queue
[2026-04-23T19:41:27.610+0000] {logging_mixin.py:190} INFO - [2026-04-23T19:41:27.609+0000] {dagbag.py:588} INFO - Filling up the DagBag from /opt/airflow/dags/daily_chek.py
[2026-04-23T19:41:27.619+0000] {processor.py:925} INFO - DAG(s) 'daily_check' retrieved from /opt/airflow/dags/daily_chek.py
[2026-04-23T19:41:27.640+0000] {logging_mixin.py:190} INFO - [2026-04-23T19:41:27.639+0000] {dag.py:3239} INFO - Sync 1 DAGs
[2026-04-23T19:41:27.661+0000] {logging_mixin.py:190} INFO - [2026-04-23T19:41:27.661+0000] {dag.py:4180} INFO - Setting next_dagrun for daily_check to 2026-04-23 00:00:00+00:00, run_after=2026-04-24 00:00:00+00:00
[2026-04-23T19:41:27.678+0000] {processor.py:208} INFO - Processing /opt/airflow/dags/daily_chek.py took 0.077 seconds
[2026-04-23T19:41:57.933+0000] {processor.py:186} INFO - Started process (PID=2855) to work on /opt/airflow/dags/daily_chek.py
[2026-04-23T19:41:57.933+0000] {processor.py:914} INFO - Processing file /opt/airflow/dags/daily_chek.py for tasks to queue
[2026-04-23T19:41:57.936+0000] {logging_mixin.py:190} INFO - [2026-04-23T19:41:57.935+0000] {dagbag.py:588} INFO - Filling up the DagBag from /opt/airflow/dags/daily_chek.py
[2026-04-23T19:41:57.950+0000] {processor.py:925} INFO - DAG(s) 'daily_check' retrieved from /opt/airflow/dags/daily_chek.py
[2026-04-23T19:41:57.977+0000] {logging_mixin.py:190} INFO - [2026-04-23T19:41:57.977+0000] {dag.py:3239} INFO - Sync 1 DAGs
[2026-04-23T19:41:58.004+0000] {logging_mixin.py:190} INFO - [2026-04-23T19:41:58.004+0000] {dag.py:4180} INFO - Setting next_dagrun for daily_check to 2026-04-23 00:00:00+00:00, run_after=2026-04-24 00:00:00+00:00
[2026-04-23T19:41:58.021+0000] {processor.py:208} INFO - Processing /opt/airflow/dags/daily_chek.py took 0.096 seconds
[2026-04-23T19:42:28.290+0000] {processor.py:186} INFO - Started process (PID=2876) to work on /opt/airflow/dags/daily_chek.py
[2026-04-23T19:42:28.291+0000] {processor.py:914} INFO - Processing file /opt/airflow/dags/daily_chek.py for tasks to queue
[2026-04-23T19:42:28.292+0000] {logging_mixin.py:190} INFO - [2026-04-23T19:42:28.292+0000] {dagbag.py:588} INFO - Filling up the DagBag from /opt/airflow/dags/daily_chek.py
[2026-04-23T19:42:28.302+0000] {processor.py:925} INFO - DAG(s) 'daily_check' retrieved from /opt/airflow/dags/daily_chek.py
[2026-04-23T19:42:28.327+0000] {logging_mixin.py:190} INFO - [2026-04-23T19:42:28.327+0000] {dag.py:3239} INFO - Sync 1 DAGs
[2026-04-23T19:42:28.353+0000] {logging_mixin.py:190} INFO - [2026-04-23T19:42:28.352+0000] {dag.py:4180} INFO - Setting next_dagrun for daily_check to 2026-04-23 00:00:00+00:00, run_after=2026-04-24 00:00:00+00:00
[2026-04-23T19:42:28.369+0000] {processor.py:208} INFO - Processing /opt/airflow/dags/daily_chek.py took 0.084 seconds
[2026-04-23T19:42:58.622+0000] {processor.py:186} INFO - Started process (PID=2897) to work on /opt/airflow/dags/daily_chek.py
[2026-04-23T19:42:58.622+0000] {processor.py:914} INFO - Processing file /opt/airflow/dags/daily_chek.py for tasks to queue
[2026-04-23T19:42:58.624+0000] {logging_mixin.py:190} INFO - [2026-04-23T19:42:58.624+0000] {dagbag.py:588} INFO - Filling up the DagBag from /opt/airflow/dags/daily_chek.py
[2026-04-23T19:42:58.634+0000] {processor.py:925} INFO - DAG(s) 'daily_check' retrieved from /opt/airflow/dags/daily_chek.py
[2026-04-23T19:42:58.660+0000] {logging_mixin.py:190} INFO - [2026-04-23T19:42:58.660+0000] {dag.py:3239} INFO - Sync 1 DAGs
[2026-04-23T19:42:58.684+0000] {logging_mixin.py:190} INFO - [2026-04-23T19:42:58.684+0000] {dag.py:4180} INFO - Setting next_dagrun for daily_check to 2026-04-23 00:00:00+00:00, run_after=2026-04-24 00:00:00+00:00
[2026-04-23T19:42:58.702+0000] {processor.py:208} INFO - Processing /opt/airflow/dags/daily_chek.py took 0.085 seconds
[2026-04-23T19:43:28.991+0000] {processor.py:186} INFO - Started process (PID=2918) to work on /opt/airflow/dags/daily_chek.py
[2026-04-23T19:43:28.993+0000] {processor.py:914} INFO - Processing file /opt/airflow/dags/daily_chek.py for tasks to queue
[2026-04-23T19:43:28.995+0000] {logging_mixin.py:190} INFO - [2026-04-23T19:43:28.994+0000] {dagbag.py:588} INFO - Filling up the DagBag from /opt/airflow/dags/daily_chek.py
[2026-04-23T19:43:29.004+0000] {processor.py:925} INFO - DAG(s) 'daily_check' retrieved from /opt/airflow/dags/daily_chek.py
[2026-04-23T19:43:29.031+0000] {logging_mixin.py:190} INFO - [2026-04-23T19:43:29.031+0000] {dag.py:3239} INFO - Sync 1 DAGs
[2026-04-23T19:43:29.056+0000] {logging_mixin.py:190} INFO - [2026-04-23T19:43:29.056+0000] {dag.py:4180} INFO - Setting next_dagrun for daily_check to 2026-04-23 00:00:00+00:00, run_after=2026-04-24 00:00:00+00:00
[2026-04-23T19:43:29.073+0000] {processor.py:208} INFO - Processing /opt/airflow/dags/daily_chek.py took 0.087 seconds
[2026-04-23T19:43:59.347+0000] {processor.py:186} INFO - Started process (PID=2944) to work on /opt/airflow/dags/daily_chek.py
[2026-04-23T19:43:59.347+0000] {processor.py:914} INFO - Processing file /opt/airflow/dags/daily_chek.py for tasks to queue
[2026-04-23T19:43:59.349+0000] {logging_mixin.py:190} INFO - [2026-04-23T19:43:59.349+0000] {dagbag.py:588} INFO - Filling up the DagBag from /opt/airflow/dags/daily_chek.py
[2026-04-23T19:43:59.360+0000] {processor.py:925} INFO - DAG(s) 'daily_check' retrieved from /opt/airflow/dags/daily_chek.py
[2026-04-23T19:43:59.383+0000] {logging_mixin.py:190} INFO - [2026-04-23T19:43:59.383+0000] {dag.py:3239} INFO - Sync 1 DAGs
[2026-04-23T19:43:59.406+0000] {logging_mixin.py:190} INFO - [2026-04-23T19:43:59.405+0000] {dag.py:4180} INFO - Setting next_dagrun for daily_check to 2026-04-23 00:00:00+00:00, run_after=2026-04-24 00:00:00+00:00
[2026-04-23T19:43:59.536+0000] {processor.py:208} INFO - Processing /opt/airflow/dags/daily_chek.py took 0.196 seconds
[2026-04-23T19:44:29.837+0000] {processor.py:186} INFO - Started process (PID=2965) to work on /opt/airflow/dags/daily_chek.py
[2026-04-23T19:44:29.839+0000] {processor.py:914} INFO - Processing file /opt/airflow/dags/daily_chek.py for tasks to queue
[2026-04-23T19:44:29.840+0000] {logging_mixin.py:190} INFO - [2026-04-23T19:44:29.840+0000] {dagbag.py:588} INFO - Filling up the DagBag from /opt/airflow/dags/daily_chek.py
[2026-04-23T19:44:29.850+0000] {processor.py:925} INFO - DAG(s) 'daily_check' retrieved from /opt/airflow/dags/daily_chek.py
[2026-04-23T19:44:29.871+0000] {logging_mixin.py:190} INFO - [2026-04-23T19:44:29.871+0000] {dag.py:3239} INFO - Sync 1 DAGs
[2026-04-23T19:44:29.892+0000] {logging_mixin.py:190} INFO - [2026-04-23T19:44:29.892+0000] {dag.py:4180} INFO - Setting next_dagrun for daily_check to 2026-04-23 00:00:00+00:00, run_after=2026-04-24 00:00:00+00:00
[2026-04-23T19:44:29.909+0000] {processor.py:208} INFO - Processing /opt/airflow/dags/daily_chek.py took 0.077 seconds
[2026-04-23T19:45:00.192+0000] {processor.py:186} INFO - Started process (PID=2986) to work on /opt/airflow/dags/daily_chek.py
[2026-04-23T19:45:00.192+0000] {processor.py:914} INFO - Processing file /opt/airflow/dags/daily_chek.py for tasks to queue
[2026-04-23T19:45:00.194+0000] {logging_mixin.py:190} INFO - [2026-04-23T19:45:00.193+0000] {dagbag.py:588} INFO - Filling up the DagBag from /opt/airflow/dags/daily_chek.py
[2026-04-23T19:45:00.203+0000] {processor.py:925} INFO - DAG(s) 'daily_check' retrieved from /opt/airflow/dags/daily_chek.py
[2026-04-23T19:45:00.223+0000] {logging_mixin.py:190} INFO - [2026-04-23T19:45:00.223+0000] {dag.py:3239} INFO - Sync 1 DAGs
[2026-04-23T19:45:00.244+0000] {logging_mixin.py:190} INFO - [2026-04-23T19:45:00.244+0000] {dag.py:4180} INFO - Setting next_dagrun for daily_check to 2026-04-23 00:00:00+00:00, run_after=2026-04-24 00:00:00+00:00
[2026-04-23T19:45:00.259+0000] {processor.py:208} INFO - Processing /opt/airflow/dags/daily_chek.py took 0.073 seconds
[2026-04-23T19:45:30.524+0000] {processor.py:186} INFO - Started process (PID=3007) to work on /opt/airflow/dags/daily_chek.py
[2026-04-23T19:45:30.524+0000] {processor.py:914} INFO - Processing file /opt/airflow/dags/daily_chek.py for tasks to queue
[2026-04-23T19:45:30.526+0000] {logging_mixin.py:190} INFO - [2026-04-23T19:45:30.526+0000] {dagbag.py:588} INFO - Filling up the DagBag from /opt/airflow/dags/daily_chek.py
[2026-04-23T19:45:30.536+0000] {processor.py:925} INFO - DAG(s) 'daily_check' retrieved from /opt/airflow/dags/daily_chek.py
[2026-04-23T19:45:30.559+0000] {logging_mixin.py:190} INFO - [2026-04-23T19:45:30.559+0000] {dag.py:3239} INFO - Sync 1 DAGs
[2026-04-23T19:45:30.581+0000] {logging_mixin.py:190} INFO - [2026-04-23T19:45:30.581+0000] {dag.py:4180} INFO - Setting next_dagrun for daily_check to 2026-04-23 00:00:00+00:00, run_after=2026-04-24 00:00:00+00:00
[2026-04-23T19:45:30.597+0000] {processor.py:208} INFO - Processing /opt/airflow/dags/daily_chek.py took 0.080 seconds
[2026-04-23T19:46:00.879+0000] {processor.py:186} INFO - Started process (PID=3028) to work on /opt/airflow/dags/daily_chek.py
[2026-04-23T19:46:00.880+0000] {processor.py:914} INFO - Processing file /opt/airflow/dags/daily_chek.py for tasks to queue
[2026-04-23T19:46:00.882+0000] {logging_mixin.py:190} INFO - [2026-04-23T19:46:00.882+0000] {dagbag.py:588} INFO - Filling up the DagBag from /opt/airflow/dags/daily_chek.py
[2026-04-23T19:46:00.892+0000] {processor.py:925} INFO - DAG(s) 'daily_check' retrieved from /opt/airflow/dags/daily_chek.py
[2026-04-23T19:46:00.913+0000] {logging_mixin.py:190} INFO - [2026-04-23T19:46:00.912+0000] {dag.py:3239} INFO - Sync 1 DAGs
[2026-04-23T19:46:00.935+0000] {logging_mixin.py:190} INFO - [2026-04-23T19:46:00.935+0000] {dag.py:4180} INFO - Setting next_dagrun for daily_check to 2026-04-23 00:00:00+00:00, run_after=2026-04-24 00:00:00+00:00
[2026-04-23T19:46:00.956+0000] {processor.py:208} INFO - Processing /opt/airflow/dags/daily_chek.py took 0.084 seconds
[2026-04-23T19:46:31.266+0000] {processor.py:186} INFO - Started process (PID=3049) to work on /opt/airflow/dags/daily_chek.py
[2026-04-23T19:46:31.266+0000] {processor.py:914} INFO - Processing file /opt/airflow/dags/daily_chek.py for tasks to queue
[2026-04-23T19:46:31.268+0000] {logging_mixin.py:190} INFO - [2026-04-23T19:46:31.268+0000] {dagbag.py:588} INFO - Filling up the DagBag from /opt/airflow/dags/daily_chek.py
[2026-04-23T19:46:31.278+0000] {processor.py:925} INFO - DAG(s) 'daily_check' retrieved from /opt/airflow/dags/daily_chek.py
[2026-04-23T19:46:31.298+0000] {logging_mixin.py:190} INFO - [2026-04-23T19:46:31.298+0000] {dag.py:3239} INFO - Sync 1 DAGs
[2026-04-23T19:46:31.319+0000] {logging_mixin.py:190} INFO - [2026-04-23T19:46:31.319+0000] {dag.py:4180} INFO - Setting next_dagrun for daily_check to 2026-04-23 00:00:00+00:00, run_after=2026-04-24 00:00:00+00:00
[2026-04-23T19:46:31.338+0000] {processor.py:208} INFO - Processing /opt/airflow/dags/daily_chek.py took 0.077 seconds
[2026-04-23T19:47:01.622+0000] {processor.py:186} INFO - Started process (PID=3070) to work on /opt/airflow/dags/daily_chek.py
[2026-04-23T19:47:01.623+0000] {processor.py:914} INFO - Processing file /opt/airflow/dags/daily_chek.py for tasks to queue
[2026-04-23T19:47:01.625+0000] {logging_mixin.py:190} INFO - [2026-04-23T19:47:01.625+0000] {dagbag.py:588} INFO - Filling up the DagBag from /opt/airflow/dags/daily_chek.py
[2026-04-23T19:47:01.635+0000] {processor.py:925} INFO - DAG(s) 'daily_check' retrieved from /opt/airflow/dags/daily_chek.py
[2026-04-23T19:47:01.655+0000] {logging_mixin.py:190} INFO - [2026-04-23T19:47:01.655+0000] {dag.py:3239} INFO - Sync 1 DAGs
[2026-04-23T19:47:01.677+0000] {logging_mixin.py:190} INFO - [2026-04-23T19:47:01.677+0000] {dag.py:4180} INFO - Setting next_dagrun for daily_check to 2026-04-23 00:00:00+00:00, run_after=2026-04-24 00:00:00+00:00
[2026-04-23T19:47:01.693+0000] {processor.py:208} INFO - Processing /opt/airflow/dags/daily_chek.py took 0.077 seconds
[2026-04-23T19:47:31.993+0000] {processor.py:186} INFO - Started process (PID=3091) to work on /opt/airflow/dags/daily_chek.py
[2026-04-23T19:47:31.994+0000] {processor.py:914} INFO - Processing file /opt/airflow/dags/daily_chek.py for tasks to queue
[2026-04-23T19:47:31.997+0000] {logging_mixin.py:190} INFO - [2026-04-23T19:47:31.996+0000] {dagbag.py:588} INFO - Filling up the DagBag from /opt/airflow/dags/daily_chek.py
[2026-04-23T19:47:32.008+0000] {processor.py:925} INFO - DAG(s) 'daily_check' retrieved from /opt/airflow/dags/daily_chek.py
[2026-04-23T19:47:32.034+0000] {logging_mixin.py:190} INFO - [2026-04-23T19:47:32.034+0000] {dag.py:3239} INFO - Sync 1 DAGs
[2026-04-23T19:47:32.056+0000] {logging_mixin.py:190} INFO - [2026-04-23T19:47:32.055+0000] {dag.py:4180} INFO - Setting next_dagrun for daily_check to 2026-04-23 00:00:00+00:00, run_after=2026-04-24 00:00:00+00:00
[2026-04-23T19:47:32.076+0000] {processor.py:208} INFO - Processing /opt/airflow/dags/daily_chek.py took 0.091 seconds
[2026-04-23T19:48:02.363+0000] {processor.py:186} INFO - Started process (PID=3112) to work on /opt/airflow/dags/daily_chek.py
[2026-04-23T19:48:02.363+0000] {processor.py:914} INFO - Processing file /opt/airflow/dags/daily_chek.py for tasks to queue
[2026-04-23T19:48:02.365+0000] {logging_mixin.py:190} INFO - [2026-04-23T19:48:02.364+0000] {dagbag.py:588} INFO - Filling up the DagBag from /opt/airflow/dags/daily_chek.py
[2026-04-23T19:48:02.375+0000] {processor.py:925} INFO - DAG(s) 'daily_check' retrieved from /opt/airflow/dags/daily_chek.py
[2026-04-23T19:48:02.395+0000] {logging_mixin.py:190} INFO - [2026-04-23T19:48:02.395+0000] {dag.py:3239} INFO - Sync 1 DAGs
[2026-04-23T19:48:02.417+0000] {logging_mixin.py:190} INFO - [2026-04-23T19:48:02.416+0000] {dag.py:4180} INFO - Setting next_dagrun for daily_check to 2026-04-23 00:00:00+00:00, run_after=2026-04-24 00:00:00+00:00
[2026-04-23T19:48:02.434+0000] {processor.py:208} INFO - Processing /opt/airflow/dags/daily_chek.py took 0.078 seconds
[2026-04-23T19:48:32.744+0000] {processor.py:186} INFO - Started process (PID=3133) to work on /opt/airflow/dags/daily_chek.py
[2026-04-23T19:48:32.745+0000] {processor.py:914} INFO - Processing file /opt/airflow/dags/daily_chek.py for tasks to queue
[2026-04-23T19:48:32.747+0000] {logging_mixin.py:190} INFO - [2026-04-23T19:48:32.746+0000] {dagbag.py:588} INFO - Filling up the DagBag from /opt/airflow/dags/daily_chek.py
[2026-04-23T19:48:32.757+0000] {processor.py:925} INFO - DAG(s) 'daily_check' retrieved from /opt/airflow/dags/daily_chek.py
[2026-04-23T19:48:32.783+0000] {logging_mixin.py:190} INFO - [2026-04-23T19:48:32.783+0000] {dag.py:3239} INFO - Sync 1 DAGs
[2026-04-23T19:48:32.804+0000] {logging_mixin.py:190} INFO - [2026-04-23T19:48:32.804+0000] {dag.py:4180} INFO - Setting next_dagrun for daily_check to 2026-04-23 00:00:00+00:00, run_after=2026-04-24 00:00:00+00:00
[2026-04-23T19:48:32.820+0000] {processor.py:208} INFO - Processing /opt/airflow/dags/daily_chek.py took 0.083 seconds
[2026-04-23T19:49:03.099+0000] {processor.py:186} INFO - Started process (PID=3154) to work on /opt/airflow/dags/daily_chek.py
[2026-04-23T19:49:03.099+0000] {processor.py:914} INFO - Processing file /opt/airflow/dags/daily_chek.py for tasks to queue
[2026-04-23T19:49:03.101+0000] {logging_mixin.py:190} INFO - [2026-04-23T19:49:03.101+0000] {dagbag.py:588} INFO - Filling up the DagBag from /opt/airflow/dags/daily_chek.py
[2026-04-23T19:49:03.111+0000] {processor.py:925} INFO - DAG(s) 'daily_check' retrieved from /opt/airflow/dags/daily_chek.py
[2026-04-23T19:49:03.131+0000] {logging_mixin.py:190} INFO - [2026-04-23T19:49:03.131+0000] {dag.py:3239} INFO - Sync 1 DAGs
[2026-04-23T19:49:03.152+0000] {logging_mixin.py:190} INFO - [2026-04-23T19:49:03.152+0000] {dag.py:4180} INFO - Setting next_dagrun for daily_check to 2026-04-23 00:00:00+00:00, run_after=2026-04-24 00:00:00+00:00
[2026-04-23T19:49:03.168+0000] {processor.py:208} INFO - Processing /opt/airflow/dags/daily_chek.py took 0.075 seconds
[2026-04-23T19:49:33.429+0000] {processor.py:186} INFO - Started process (PID=3175) to work on /opt/airflow/dags/daily_chek.py
[2026-04-23T19:49:33.430+0000] {processor.py:914} INFO - Processing file /opt/airflow/dags/daily_chek.py for tasks to queue
[2026-04-23T19:49:33.432+0000] {logging_mixin.py:190} INFO - [2026-04-23T19:49:33.431+0000] {dagbag.py:588} INFO - Filling up the DagBag from /opt/airflow/dags/daily_chek.py
[2026-04-23T19:49:33.441+0000] {processor.py:925} INFO - DAG(s) 'daily_check' retrieved from /opt/airflow/dags/daily_chek.py
[2026-04-23T19:49:33.463+0000] {logging_mixin.py:190} INFO - [2026-04-23T19:49:33.463+0000] {dag.py:3239} INFO - Sync 1 DAGs
[2026-04-23T19:49:33.486+0000] {logging_mixin.py:190} INFO - [2026-04-23T19:49:33.486+0000] {dag.py:4180} INFO - Setting next_dagrun for daily_check to 2026-04-23 00:00:00+00:00, run_after=2026-04-24 00:00:00+00:00
[2026-04-23T19:49:33.613+0000] {processor.py:208} INFO - Processing /opt/airflow/dags/daily_chek.py took 0.189 seconds
[2026-04-23T19:50:03.928+0000] {processor.py:186} INFO - Started process (PID=3196) to work on /opt/airflow/dags/daily_chek.py
[2026-04-23T19:50:03.929+0000] {processor.py:914} INFO - Processing file /opt/airflow/dags/daily_chek.py for tasks to queue
[2026-04-23T19:50:03.931+0000] {logging_mixin.py:190} INFO - [2026-04-23T19:50:03.931+0000] {dagbag.py:588} INFO - Filling up the DagBag from /opt/airflow/dags/daily_chek.py
[2026-04-23T19:50:03.941+0000] {processor.py:925} INFO - DAG(s) 'daily_check' retrieved from /opt/airflow/dags/daily_chek.py
[2026-04-23T19:50:03.962+0000] {logging_mixin.py:190} INFO - [2026-04-23T19:50:03.962+0000] {dag.py:3239} INFO - Sync 1 DAGs
[2026-04-23T19:50:03.983+0000] {logging_mixin.py:190} INFO - [2026-04-23T19:50:03.983+0000] {dag.py:4180} INFO - Setting next_dagrun for daily_check to 2026-04-23 00:00:00+00:00, run_after=2026-04-24 00:00:00+00:00
[2026-04-23T19:50:03.999+0000] {processor.py:208} INFO - Processing /opt/airflow/dags/daily_chek.py took 0.075 seconds
[2026-04-23T19:50:34.260+0000] {processor.py:186} INFO - Started process (PID=3217) to work on /opt/airflow/dags/daily_chek.py
[2026-04-23T19:50:34.262+0000] {processor.py:914} INFO - Processing file /opt/airflow/dags/daily_chek.py for tasks to queue
[2026-04-23T19:50:34.265+0000] {logging_mixin.py:190} INFO - [2026-04-23T19:50:34.264+0000] {dagbag.py:588} INFO - Filling up the DagBag from /opt/airflow/dags/daily_chek.py
[2026-04-23T19:50:34.279+0000] {processor.py:925} INFO - DAG(s) 'daily_check' retrieved from /opt/airflow/dags/daily_chek.py
[2026-04-23T19:50:34.300+0000] {logging_mixin.py:190} INFO - [2026-04-23T19:50:34.300+0000] {dag.py:3239} INFO - Sync 1 DAGs
[2026-04-23T19:50:34.321+0000] {logging_mixin.py:190} INFO - [2026-04-23T19:50:34.321+0000] {dag.py:4180} INFO - Setting next_dagrun for daily_check to 2026-04-23 00:00:00+00:00, run_after=2026-04-24 00:00:00+00:00
[2026-04-23T19:50:34.337+0000] {processor.py:208} INFO - Processing /opt/airflow/dags/daily_chek.py took 0.082 seconds
[2026-04-23T19:51:04.602+0000] {processor.py:186} INFO - Started process (PID=3238) to work on /opt/airflow/dags/daily_chek.py
[2026-04-23T19:51:04.603+0000] {processor.py:914} INFO - Processing file /opt/airflow/dags/daily_chek.py for tasks to queue
[2026-04-23T19:51:04.606+0000] {logging_mixin.py:190} INFO - [2026-04-23T19:51:04.605+0000] {dagbag.py:588} INFO - Filling up the DagBag from /opt/airflow/dags/daily_chek.py
[2026-04-23T19:51:04.620+0000] {processor.py:925} INFO - DAG(s) 'daily_check' retrieved from /opt/airflow/dags/daily_chek.py
[2026-04-23T19:51:04.639+0000] {logging_mixin.py:190} INFO - [2026-04-23T19:51:04.639+0000] {dag.py:3239} INFO - Sync 1 DAGs
[2026-04-23T19:51:04.660+0000] {logging_mixin.py:190} INFO - [2026-04-23T19:51:04.660+0000] {dag.py:4180} INFO - Setting next_dagrun for daily_check to 2026-04-23 00:00:00+00:00, run_after=2026-04-24 00:00:00+00:00
[2026-04-23T19:51:04.676+0000] {processor.py:208} INFO - Processing /opt/airflow/dags/daily_chek.py took 0.081 seconds
[2026-04-23T19:51:34.925+0000] {processor.py:186} INFO - Started process (PID=3259) to work on /opt/airflow/dags/daily_chek.py
[2026-04-23T19:51:34.926+0000] {processor.py:914} INFO - Processing file /opt/airflow/dags/daily_chek.py for tasks to queue
[2026-04-23T19:51:34.927+0000] {logging_mixin.py:190} INFO - [2026-04-23T19:51:34.927+0000] {dagbag.py:588} INFO - Filling up the DagBag from /opt/airflow/dags/daily_chek.py
[2026-04-23T19:51:34.941+0000] {processor.py:925} INFO - DAG(s) 'daily_check' retrieved from /opt/airflow/dags/daily_chek.py
[2026-04-23T19:51:34.961+0000] {logging_mixin.py:190} INFO - [2026-04-23T19:51:34.961+0000] {dag.py:3239} INFO - Sync 1 DAGs
[2026-04-23T19:51:34.983+0000] {logging_mixin.py:190} INFO - [2026-04-23T19:51:34.983+0000] {dag.py:4180} INFO - Setting next_dagrun for daily_check to 2026-04-23 00:00:00+00:00, run_after=2026-04-24 00:00:00+00:00
[2026-04-23T19:51:34.998+0000] {processor.py:208} INFO - Processing /opt/airflow/dags/daily_chek.py took 0.078 seconds
[2026-04-23T19:52:05.287+0000] {processor.py:186} INFO - Started process (PID=3280) to work on /opt/airflow/dags/daily_chek.py
[2026-04-23T19:52:05.288+0000] {processor.py:914} INFO - Processing file /opt/airflow/dags/daily_chek.py for tasks to queue
[2026-04-23T19:52:05.290+0000] {logging_mixin.py:190} INFO - [2026-04-23T19:52:05.290+0000] {dagbag.py:588} INFO - Filling up the DagBag from /opt/airflow/dags/daily_chek.py
[2026-04-23T19:52:05.300+0000] {processor.py:925} INFO - DAG(s) 'daily_check' retrieved from /opt/airflow/dags/daily_chek.py
[2026-04-23T19:52:05.320+0000] {logging_mixin.py:190} INFO - [2026-04-23T19:52:05.320+0000] {dag.py:3239} INFO - Sync 1 DAGs
[2026-04-23T19:52:05.341+0000] {logging_mixin.py:190} INFO - [2026-04-23T19:52:05.341+0000] {dag.py:4180} INFO - Setting next_dagrun for daily_check to 2026-04-23 00:00:00+00:00, run_after=2026-04-24 00:00:00+00:00
[2026-04-23T19:52:05.358+0000] {processor.py:208} INFO - Processing /opt/airflow/dags/daily_chek.py took 0.078 seconds
[2026-04-23T19:52:35.639+0000] {processor.py:186} INFO - Started process (PID=3301) to work on /opt/airflow/dags/daily_chek.py
[2026-04-23T19:52:35.639+0000] {processor.py:914} INFO - Processing file /opt/airflow/dags/daily_chek.py for tasks to queue
[2026-04-23T19:52:35.642+0000] {logging_mixin.py:190} INFO - [2026-04-23T19:52:35.642+0000] {dagbag.py:588} INFO - Filling up the DagBag from /opt/airflow/dags/daily_chek.py
[2026-04-23T19:52:35.656+0000] {processor.py:925} INFO - DAG(s) 'daily_check' retrieved from /opt/airflow/dags/daily_chek.py
[2026-04-23T19:52:35.676+0000] {logging_mixin.py:190} INFO - [2026-04-23T19:52:35.676+0000] {dag.py:3239} INFO - Sync 1 DAGs
[2026-04-23T19:52:35.698+0000] {logging_mixin.py:190} INFO - [2026-04-23T19:52:35.698+0000] {dag.py:4180} INFO - Setting next_dagrun for daily_check to 2026-04-23 00:00:00+00:00, run_after=2026-04-24 00:00:00+00:00
[2026-04-23T19:52:35.826+0000] {processor.py:208} INFO - Processing /opt/airflow/dags/daily_chek.py took 0.195 seconds
[2026-04-23T19:53:06.138+0000] {processor.py:186} INFO - Started process (PID=3322) to work on /opt/airflow/dags/daily_chek.py
[2026-04-23T19:53:06.139+0000] {processor.py:914} INFO - Processing file /opt/airflow/dags/daily_chek.py for tasks to queue
[2026-04-23T19:53:06.141+0000] {logging_mixin.py:190} INFO - [2026-04-23T19:53:06.141+0000] {dagbag.py:588} INFO - Filling up the DagBag from /opt/airflow/dags/daily_chek.py
[2026-04-23T19:53:06.152+0000] {processor.py:925} INFO - DAG(s) 'daily_check' retrieved from /opt/airflow/dags/daily_chek.py
[2026-04-23T19:53:06.179+0000] {logging_mixin.py:190} INFO - [2026-04-23T19:53:06.179+0000] {dag.py:3239} INFO - Sync 1 DAGs
[2026-04-23T19:53:06.206+0000] {logging_mixin.py:190} INFO - [2026-04-23T19:53:06.206+0000] {dag.py:4180} INFO - Setting next_dagrun for daily_check to 2026-04-23 00:00:00+00:00, run_after=2026-04-24 00:00:00+00:00
[2026-04-23T19:53:06.224+0000] {processor.py:208} INFO - Processing /opt/airflow/dags/daily_chek.py took 0.091 seconds
[2026-04-23T19:53:36.530+0000] {processor.py:186} INFO - Started process (PID=3343) to work on /opt/airflow/dags/daily_chek.py
[2026-04-23T19:53:36.531+0000] {processor.py:914} INFO - Processing file /opt/airflow/dags/daily_chek.py for tasks to queue
[2026-04-23T19:53:36.534+0000] {logging_mixin.py:190} INFO - [2026-04-23T19:53:36.533+0000] {dagbag.py:588} INFO - Filling up the DagBag from /opt/airflow/dags/daily_chek.py
[2026-04-23T19:53:36.546+0000] {processor.py:925} INFO - DAG(s) 'daily_check' retrieved from /opt/airflow/dags/daily_chek.py
[2026-04-23T19:53:36.566+0000] {logging_mixin.py:190} INFO - [2026-04-23T19:53:36.566+0000] {dag.py:3239} INFO - Sync 1 DAGs
[2026-04-23T19:53:36.587+0000] {logging_mixin.py:190} INFO - [2026-04-23T19:53:36.587+0000] {dag.py:4180} INFO - Setting next_dagrun for daily_check to 2026-04-23 00:00:00+00:00, run_after=2026-04-24 00:00:00+00:00
[2026-04-23T19:53:36.603+0000] {processor.py:208} INFO - Processing /opt/airflow/dags/daily_chek.py took 0.082 seconds
[2026-04-23T19:54:06.906+0000] {processor.py:186} INFO - Started process (PID=3364) to work on /opt/airflow/dags/daily_chek.py
[2026-04-23T19:54:06.907+0000] {processor.py:914} INFO - Processing file /opt/airflow/dags/daily_chek.py for tasks to queue
[2026-04-23T19:54:06.909+0000] {logging_mixin.py:190} INFO - [2026-04-23T19:54:06.908+0000] {dagbag.py:588} INFO - Filling up the DagBag from /opt/airflow/dags/daily_chek.py
[2026-04-23T19:54:06.919+0000] {processor.py:925} INFO - DAG(s) 'daily_check' retrieved from /opt/airflow/dags/daily_chek.py
[2026-04-23T19:54:06.939+0000] {logging_mixin.py:190} INFO - [2026-04-23T19:54:06.939+0000] {dag.py:3239} INFO - Sync 1 DAGs
[2026-04-23T19:54:06.960+0000] {logging_mixin.py:190} INFO - [2026-04-23T19:54:06.960+0000] {dag.py:4180} INFO - Setting next_dagrun for daily_check to 2026-04-23 00:00:00+00:00, run_after=2026-04-24 00:00:00+00:00
[2026-04-23T19:54:06.976+0000] {processor.py:208} INFO - Processing /opt/airflow/dags/daily_chek.py took 0.076 seconds
[2026-04-23T19:54:37.256+0000] {processor.py:186} INFO - Started process (PID=3385) to work on /opt/airflow/dags/daily_chek.py
[2026-04-23T19:54:37.257+0000] {processor.py:914} INFO - Processing file /opt/airflow/dags/daily_chek.py for tasks to queue
[2026-04-23T19:54:37.259+0000] {logging_mixin.py:190} INFO - [2026-04-23T19:54:37.258+0000] {dagbag.py:588} INFO - Filling up the DagBag from /opt/airflow/dags/daily_chek.py
[2026-04-23T19:54:37.268+0000] {processor.py:925} INFO - DAG(s) 'daily_check' retrieved from /opt/airflow/dags/daily_chek.py
[2026-04-23T19:54:37.289+0000] {logging_mixin.py:190} INFO - [2026-04-23T19:54:37.289+0000] {dag.py:3239} INFO - Sync 1 DAGs
[2026-04-23T19:54:37.309+0000] {logging_mixin.py:190} INFO - [2026-04-23T19:54:37.309+0000] {dag.py:4180} INFO - Setting next_dagrun for daily_check to 2026-04-23 00:00:00+00:00, run_after=2026-04-24 00:00:00+00:00
[2026-04-23T19:54:37.325+0000] {processor.py:208} INFO - Processing /opt/airflow/dags/daily_chek.py took 0.073 seconds
[2026-04-23T19:55:07.602+0000] {processor.py:186} INFO - Started process (PID=3406) to work on /opt/airflow/dags/daily_chek.py
[2026-04-23T19:55:07.604+0000] {processor.py:914} INFO - Processing file /opt/airflow/dags/daily_chek.py for tasks to queue
[2026-04-23T19:55:07.605+0000] {logging_mixin.py:190} INFO - [2026-04-23T19:55:07.605+0000] {dagbag.py:588} INFO - Filling up the DagBag from /opt/airflow/dags/daily_chek.py
[2026-04-23T19:55:07.615+0000] {processor.py:925} INFO - DAG(s) 'daily_check' retrieved from /opt/airflow/dags/daily_chek.py
[2026-04-23T19:55:07.635+0000] {logging_mixin.py:190} INFO - [2026-04-23T19:55:07.635+0000] {dag.py:3239} INFO - Sync 1 DAGs
[2026-04-23T19:55:07.657+0000] {logging_mixin.py:190} INFO - [2026-04-23T19:55:07.656+0000] {dag.py:4180} INFO - Setting next_dagrun for daily_check to 2026-04-23 00:00:00+00:00, run_after=2026-04-24 00:00:00+00:00
[2026-04-23T19:55:07.787+0000] {processor.py:208} INFO - Processing /opt/airflow/dags/daily_chek.py took 0.190 seconds
[2026-04-23T19:55:38.051+0000] {processor.py:186} INFO - Started process (PID=3427) to work on /opt/airflow/dags/daily_chek.py
[2026-04-23T19:55:38.051+0000] {processor.py:914} INFO - Processing file /opt/airflow/dags/daily_chek.py for tasks to queue
[2026-04-23T19:55:38.054+0000] {logging_mixin.py:190} INFO - [2026-04-23T19:55:38.054+0000] {dagbag.py:588} INFO - Filling up the DagBag from /opt/airflow/dags/daily_chek.py
[2026-04-23T19:55:38.064+0000] {processor.py:925} INFO - DAG(s) 'daily_check' retrieved from /opt/airflow/dags/daily_chek.py
[2026-04-23T19:55:38.084+0000] {logging_mixin.py:190} INFO - [2026-04-23T19:55:38.084+0000] {dag.py:3239} INFO - Sync 1 DAGs
[2026-04-23T19:55:38.105+0000] {logging_mixin.py:190} INFO - [2026-04-23T19:55:38.105+0000] {dag.py:4180} INFO - Setting next_dagrun for daily_check to 2026-04-23 00:00:00+00:00, run_after=2026-04-24 00:00:00+00:00
[2026-04-23T19:55:38.122+0000] {processor.py:208} INFO - Processing /opt/airflow/dags/daily_chek.py took 0.079 seconds
[2026-04-23T19:56:08.386+0000] {processor.py:186} INFO - Started process (PID=3448) to work on /opt/airflow/dags/daily_chek.py
[2026-04-23T19:56:08.387+0000] {processor.py:914} INFO - Processing file /opt/airflow/dags/daily_chek.py for tasks to queue
[2026-04-23T19:56:08.389+0000] {logging_mixin.py:190} INFO - [2026-04-23T19:56:08.389+0000] {dagbag.py:588} INFO - Filling up the DagBag from /opt/airflow/dags/daily_chek.py
[2026-04-23T19:56:08.399+0000] {processor.py:925} INFO - DAG(s) 'daily_check' retrieved from /opt/airflow/dags/daily_chek.py
[2026-04-23T19:56:08.423+0000] {logging_mixin.py:190} INFO - [2026-04-23T19:56:08.422+0000] {dag.py:3239} INFO - Sync 1 DAGs
[2026-04-23T19:56:08.443+0000] {logging_mixin.py:190} INFO - [2026-04-23T19:56:08.442+0000] {dag.py:4180} INFO - Setting next_dagrun for daily_check to 2026-04-23 00:00:00+00:00, run_after=2026-04-24 00:00:00+00:00
[2026-04-23T19:56:08.458+0000] {processor.py:208} INFO - Processing /opt/airflow/dags/daily_chek.py took 0.077 seconds
[2026-04-23T19:56:38.743+0000] {processor.py:186} INFO - Started process (PID=3469) to work on /opt/airflow/dags/daily_chek.py
[2026-04-23T19:56:38.743+0000] {processor.py:914} INFO - Processing file /opt/airflow/dags/daily_chek.py for tasks to queue
[2026-04-23T19:56:38.746+0000] {logging_mixin.py:190} INFO - [2026-04-23T19:56:38.746+0000] {dagbag.py:588} INFO - Filling up the DagBag from /opt/airflow/dags/daily_chek.py
[2026-04-23T19:56:38.760+0000] {processor.py:925} INFO - DAG(s) 'daily_check' retrieved from /opt/airflow/dags/daily_chek.py
[2026-04-23T19:56:38.780+0000] {logging_mixin.py:190} INFO - [2026-04-23T19:56:38.779+0000] {dag.py:3239} INFO - Sync 1 DAGs
[2026-04-23T19:56:38.800+0000] {logging_mixin.py:190} INFO - [2026-04-23T19:56:38.800+0000] {dag.py:4180} INFO - Setting next_dagrun for daily_check to 2026-04-23 00:00:00+00:00, run_after=2026-04-24 00:00:00+00:00
[2026-04-23T19:56:38.816+0000] {processor.py:208} INFO - Processing /opt/airflow/dags/daily_chek.py took 0.081 seconds
[2026-04-23T19:57:09.085+0000] {processor.py:186} INFO - Started process (PID=3490) to work on /opt/airflow/dags/daily_chek.py
[2026-04-23T19:57:09.086+0000] {processor.py:914} INFO - Processing file /opt/airflow/dags/daily_chek.py for tasks to queue
[2026-04-23T19:57:09.087+0000] {logging_mixin.py:190} INFO - [2026-04-23T19:57:09.087+0000] {dagbag.py:588} INFO - Filling up the DagBag from /opt/airflow/dags/daily_chek.py
[2026-04-23T19:57:09.097+0000] {processor.py:925} INFO - DAG(s) 'daily_check' retrieved from /opt/airflow/dags/daily_chek.py
[2026-04-23T19:57:09.116+0000] {logging_mixin.py:190} INFO - [2026-04-23T19:57:09.116+0000] {dag.py:3239} INFO - Sync 1 DAGs
[2026-04-23T19:57:09.140+0000] {logging_mixin.py:190} INFO - [2026-04-23T19:57:09.140+0000] {dag.py:4180} INFO - Setting next_dagrun for daily_check to 2026-04-23 00:00:00+00:00, run_after=2026-04-24 00:00:00+00:00
[2026-04-23T19:57:09.156+0000] {processor.py:208} INFO - Processing /opt/airflow/dags/daily_chek.py took 0.076 seconds
[2026-04-23T19:57:39.452+0000] {processor.py:186} INFO - Started process (PID=3511) to work on /opt/airflow/dags/daily_chek.py
[2026-04-23T19:57:39.453+0000] {processor.py:914} INFO - Processing file /opt/airflow/dags/daily_chek.py for tasks to queue
[2026-04-23T19:57:39.455+0000] {logging_mixin.py:190} INFO - [2026-04-23T19:57:39.454+0000] {dagbag.py:588} INFO - Filling up the DagBag from /opt/airflow/dags/daily_chek.py
[2026-04-23T19:57:39.465+0000] {processor.py:925} INFO - DAG(s) 'daily_check' retrieved from /opt/airflow/dags/daily_chek.py
[2026-04-23T19:57:39.487+0000] {logging_mixin.py:190} INFO - [2026-04-23T19:57:39.487+0000] {dag.py:3239} INFO - Sync 1 DAGs
[2026-04-23T19:57:39.509+0000] {logging_mixin.py:190} INFO - [2026-04-23T19:57:39.509+0000] {dag.py:4180} INFO - Setting next_dagrun for daily_check to 2026-04-23 00:00:00+00:00, run_after=2026-04-24 00:00:00+00:00
[2026-04-23T19:57:39.528+0000] {processor.py:208} INFO - Processing /opt/airflow/dags/daily_chek.py took 0.080 seconds
[2026-04-23T19:58:09.835+0000] {processor.py:186} INFO - Started process (PID=3532) to work on /opt/airflow/dags/daily_chek.py
[2026-04-23T19:58:09.837+0000] {processor.py:914} INFO - Processing file /opt/airflow/dags/daily_chek.py for tasks to queue
[2026-04-23T19:58:09.839+0000] {logging_mixin.py:190} INFO - [2026-04-23T19:58:09.839+0000] {dagbag.py:588} INFO - Filling up the DagBag from /opt/airflow/dags/daily_chek.py
[2026-04-23T19:58:09.849+0000] {processor.py:925} INFO - DAG(s) 'daily_check' retrieved from /opt/airflow/dags/daily_chek.py
[2026-04-23T19:58:09.869+0000] {logging_mixin.py:190} INFO - [2026-04-23T19:58:09.869+0000] {dag.py:3239} INFO - Sync 1 DAGs
[2026-04-23T19:58:09.890+0000] {logging_mixin.py:190} INFO - [2026-04-23T19:58:09.890+0000] {dag.py:4180} INFO - Setting next_dagrun for daily_check to 2026-04-23 00:00:00+00:00, run_after=2026-04-24 00:00:00+00:00
[2026-04-23T19:58:10.023+0000] {processor.py:208} INFO - Processing /opt/airflow/dags/daily_chek.py took 0.193 seconds
[2026-04-23T19:58:40.319+0000] {processor.py:186} INFO - Started process (PID=3553) to work on /opt/airflow/dags/daily_chek.py
[2026-04-23T19:58:40.319+0000] {processor.py:914} INFO - Processing file /opt/airflow/dags/daily_chek.py for tasks to queue
[2026-04-23T19:58:40.322+0000] {logging_mixin.py:190} INFO - [2026-04-23T19:58:40.321+0000] {dagbag.py:588} INFO - Filling up the DagBag from /opt/airflow/dags/daily_chek.py
[2026-04-23T19:58:40.331+0000] {processor.py:925} INFO - DAG(s) 'daily_check' retrieved from /opt/airflow/dags/daily_chek.py
[2026-04-23T19:58:40.352+0000] {logging_mixin.py:190} INFO - [2026-04-23T19:58:40.351+0000] {dag.py:3239} INFO - Sync 1 DAGs
[2026-04-23T19:58:40.372+0000] {logging_mixin.py:190} INFO - [2026-04-23T19:58:40.372+0000] {dag.py:4180} INFO - Setting next_dagrun for daily_check to 2026-04-23 00:00:00+00:00, run_after=2026-04-24 00:00:00+00:00
[2026-04-23T19:58:40.388+0000] {processor.py:208} INFO - Processing /opt/airflow/dags/daily_chek.py took 0.074 seconds
[2026-04-23T19:59:10.669+0000] {processor.py:186} INFO - Started process (PID=3574) to work on /opt/airflow/dags/daily_chek.py
[2026-04-23T19:59:10.671+0000] {processor.py:914} INFO - Processing file /opt/airflow/dags/daily_chek.py for tasks to queue
[2026-04-23T19:59:10.677+0000] {logging_mixin.py:190} INFO - [2026-04-23T19:59:10.676+0000] {dagbag.py:588} INFO - Filling up the DagBag from /opt/airflow/dags/daily_chek.py
[2026-04-23T19:59:10.692+0000] {processor.py:925} INFO - DAG(s) 'daily_check' retrieved from /opt/airflow/dags/daily_chek.py
[2026-04-23T19:59:10.713+0000] {logging_mixin.py:190} INFO - [2026-04-23T19:59:10.712+0000] {dag.py:3239} INFO - Sync 1 DAGs
[2026-04-23T19:59:10.734+0000] {logging_mixin.py:190} INFO - [2026-04-23T19:59:10.733+0000] {dag.py:4180} INFO - Setting next_dagrun for daily_check to 2026-04-23 00:00:00+00:00, run_after=2026-04-24 00:00:00+00:00
[2026-04-23T19:59:10.749+0000] {processor.py:208} INFO - Processing /opt/airflow/dags/daily_chek.py took 0.094 seconds
[2026-04-23T19:59:41.029+0000] {processor.py:186} INFO - Started process (PID=3595) to work on /opt/airflow/dags/daily_chek.py
[2026-04-23T19:59:41.029+0000] {processor.py:914} INFO - Processing file /opt/airflow/dags/daily_chek.py for tasks to queue
[2026-04-23T19:59:41.031+0000] {logging_mixin.py:190} INFO - [2026-04-23T19:59:41.031+0000] {dagbag.py:588} INFO - Filling up the DagBag from /opt/airflow/dags/daily_chek.py
[2026-04-23T19:59:41.041+0000] {processor.py:925} INFO - DAG(s) 'daily_check' retrieved from /opt/airflow/dags/daily_chek.py
[2026-04-23T19:59:41.061+0000] {logging_mixin.py:190} INFO - [2026-04-23T19:59:41.060+0000] {dag.py:3239} INFO - Sync 1 DAGs
[2026-04-23T19:59:41.081+0000] {logging_mixin.py:190} INFO - [2026-04-23T19:59:41.081+0000] {dag.py:4180} INFO - Setting next_dagrun for daily_check to 2026-04-23 00:00:00+00:00, run_after=2026-04-24 00:00:00+00:00
[2026-04-23T19:59:41.097+0000] {processor.py:208} INFO - Processing /opt/airflow/dags/daily_chek.py took 0.075 seconds
[2026-04-23T20:00:11.348+0000] {processor.py:186} INFO - Started process (PID=3616) to work on /opt/airflow/dags/daily_chek.py
[2026-04-23T20:00:11.349+0000] {processor.py:914} INFO - Processing file /opt/airflow/dags/daily_chek.py for tasks to queue
[2026-04-23T20:00:11.350+0000] {logging_mixin.py:190} INFO - [2026-04-23T20:00:11.350+0000] {dagbag.py:588} INFO - Filling up the DagBag from /opt/airflow/dags/daily_chek.py
[2026-04-23T20:00:11.360+0000] {processor.py:925} INFO - DAG(s) 'daily_check' retrieved from /opt/airflow/dags/daily_chek.py
[2026-04-23T20:00:11.380+0000] {logging_mixin.py:190} INFO - [2026-04-23T20:00:11.380+0000] {dag.py:3239} INFO - Sync 1 DAGs
[2026-04-23T20:00:11.401+0000] {logging_mixin.py:190} INFO - [2026-04-23T20:00:11.401+0000] {dag.py:4180} INFO - Setting next_dagrun for daily_check to 2026-04-23 00:00:00+00:00, run_after=2026-04-24 00:00:00+00:00
[2026-04-23T20:00:11.418+0000] {processor.py:208} INFO - Processing /opt/airflow/dags/daily_chek.py took 0.075 seconds
[2026-04-23T20:00:41.684+0000] {processor.py:186} INFO - Started process (PID=3637) to work on /opt/airflow/dags/daily_chek.py
[2026-04-23T20:00:41.685+0000] {processor.py:914} INFO - Processing file /opt/airflow/dags/daily_chek.py for tasks to queue
[2026-04-23T20:00:41.687+0000] {logging_mixin.py:190} INFO - [2026-04-23T20:00:41.686+0000] {dagbag.py:588} INFO - Filling up the DagBag from /opt/airflow/dags/daily_chek.py
[2026-04-23T20:00:41.697+0000] {processor.py:925} INFO - DAG(s) 'daily_check' retrieved from /opt/airflow/dags/daily_chek.py
[2026-04-23T20:00:41.718+0000] {logging_mixin.py:190} INFO - [2026-04-23T20:00:41.718+0000] {dag.py:3239} INFO - Sync 1 DAGs
[2026-04-23T20:00:41.740+0000] {logging_mixin.py:190} INFO - [2026-04-23T20:00:41.740+0000] {dag.py:4180} INFO - Setting next_dagrun for daily_check to 2026-04-23 00:00:00+00:00, run_after=2026-04-24 00:00:00+00:00
[2026-04-23T20:00:41.757+0000] {processor.py:208} INFO - Processing /opt/airflow/dags/daily_chek.py took 0.078 seconds
[2026-04-23T20:01:12.064+0000] {processor.py:186} INFO - Started process (PID=3658) to work on /opt/airflow/dags/daily_chek.py
[2026-04-23T20:01:12.064+0000] {processor.py:914} INFO - Processing file /opt/airflow/dags/daily_chek.py for tasks to queue
[2026-04-23T20:01:12.066+0000] {logging_mixin.py:190} INFO - [2026-04-23T20:01:12.066+0000] {dagbag.py:588} INFO - Filling up the DagBag from /opt/airflow/dags/daily_chek.py
[2026-04-23T20:01:12.076+0000] {processor.py:925} INFO - DAG(s) 'daily_check' retrieved from /opt/airflow/dags/daily_chek.py
[2026-04-23T20:01:12.097+0000] {logging_mixin.py:190} INFO - [2026-04-23T20:01:12.096+0000] {dag.py:3239} INFO - Sync 1 DAGs
[2026-04-23T20:01:12.229+0000] {logging_mixin.py:190} INFO - [2026-04-23T20:01:12.229+0000] {dag.py:4180} INFO - Setting next_dagrun for daily_check to 2026-04-23 00:00:00+00:00, run_after=2026-04-24 00:00:00+00:00
[2026-04-23T20:01:12.250+0000] {processor.py:208} INFO - Processing /opt/airflow/dags/daily_chek.py took 0.191 seconds
[2026-04-23T20:01:42.535+0000] {processor.py:186} INFO - Started process (PID=3679) to work on /opt/airflow/dags/daily_chek.py
[2026-04-23T20:01:42.535+0000] {processor.py:914} INFO - Processing file /opt/airflow/dags/daily_chek.py for tasks to queue
[2026-04-23T20:01:42.537+0000] {logging_mixin.py:190} INFO - [2026-04-23T20:01:42.537+0000] {dagbag.py:588} INFO - Filling up the DagBag from /opt/airflow/dags/daily_chek.py
[2026-04-23T20:01:42.547+0000] {processor.py:925} INFO - DAG(s) 'daily_check' retrieved from /opt/airflow/dags/daily_chek.py
[2026-04-23T20:01:42.572+0000] {logging_mixin.py:190} INFO - [2026-04-23T20:01:42.572+0000] {dag.py:3239} INFO - Sync 1 DAGs
[2026-04-23T20:01:42.594+0000] {logging_mixin.py:190} INFO - [2026-04-23T20:01:42.594+0000] {dag.py:4180} INFO - Setting next_dagrun for daily_check to 2026-04-23 00:00:00+00:00, run_after=2026-04-24 00:00:00+00:00
[2026-04-23T20:01:42.612+0000] {processor.py:208} INFO - Processing /opt/airflow/dags/daily_chek.py took 0.082 seconds
[2026-04-23T20:02:12.896+0000] {processor.py:186} INFO - Started process (PID=3700) to work on /opt/airflow/dags/daily_chek.py
[2026-04-23T20:02:12.897+0000] {processor.py:914} INFO - Processing file /opt/airflow/dags/daily_chek.py for tasks to queue
[2026-04-23T20:02:12.899+0000] {logging_mixin.py:190} INFO - [2026-04-23T20:02:12.899+0000] {dagbag.py:588} INFO - Filling up the DagBag from /opt/airflow/dags/daily_chek.py
[2026-04-23T20:02:12.909+0000] {processor.py:925} INFO - DAG(s) 'daily_check' retrieved from /opt/airflow/dags/daily_chek.py
[2026-04-23T20:02:12.930+0000] {logging_mixin.py:190} INFO - [2026-04-23T20:02:12.930+0000] {dag.py:3239} INFO - Sync 1 DAGs
[2026-04-23T20:02:12.951+0000] {logging_mixin.py:190} INFO - [2026-04-23T20:02:12.951+0000] {dag.py:4180} INFO - Setting next_dagrun for daily_check to 2026-04-23 00:00:00+00:00, run_after=2026-04-24 00:00:00+00:00
[2026-04-23T20:02:12.967+0000] {processor.py:208} INFO - Processing /opt/airflow/dags/daily_chek.py took 0.076 seconds
[2026-04-23T20:02:43.252+0000] {processor.py:186} INFO - Started process (PID=3721) to work on /opt/airflow/dags/daily_chek.py
[2026-04-23T20:02:43.253+0000] {processor.py:914} INFO - Processing file /opt/airflow/dags/daily_chek.py for tasks to queue
[2026-04-23T20:02:43.255+0000] {logging_mixin.py:190} INFO - [2026-04-23T20:02:43.255+0000] {dagbag.py:588} INFO - Filling up the DagBag from /opt/airflow/dags/daily_chek.py
[2026-04-23T20:02:43.265+0000] {processor.py:925} INFO - DAG(s) 'daily_check' retrieved from /opt/airflow/dags/daily_chek.py
[2026-04-23T20:02:43.285+0000] {logging_mixin.py:190} INFO - [2026-04-23T20:02:43.285+0000] {dag.py:3239} INFO - Sync 1 DAGs
[2026-04-23T20:02:43.306+0000] {logging_mixin.py:190} INFO - [2026-04-23T20:02:43.306+0000] {dag.py:4180} INFO - Setting next_dagrun for daily_check to 2026-04-23 00:00:00+00:00, run_after=2026-04-24 00:00:00+00:00
[2026-04-23T20:02:43.321+0000] {processor.py:208} INFO - Processing /opt/airflow/dags/daily_chek.py took 0.074 seconds
[2026-04-23T20:03:13.609+0000] {processor.py:186} INFO - Started process (PID=3742) to work on /opt/airflow/dags/daily_chek.py
[2026-04-23T20:03:13.610+0000] {processor.py:914} INFO - Processing file /opt/airflow/dags/daily_chek.py for tasks to queue
[2026-04-23T20:03:13.612+0000] {logging_mixin.py:190} INFO - [2026-04-23T20:03:13.612+0000] {dagbag.py:588} INFO - Filling up the DagBag from /opt/airflow/dags/daily_chek.py
[2026-04-23T20:03:13.627+0000] {processor.py:925} INFO - DAG(s) 'daily_check' retrieved from /opt/airflow/dags/daily_chek.py
[2026-04-23T20:03:13.654+0000] {logging_mixin.py:190} INFO - [2026-04-23T20:03:13.654+0000] {dag.py:3239} INFO - Sync 1 DAGs
[2026-04-23T20:03:13.680+0000] {logging_mixin.py:190} INFO - [2026-04-23T20:03:13.679+0000] {dag.py:4180} INFO - Setting next_dagrun for daily_check to 2026-04-23 00:00:00+00:00, run_after=2026-04-24 00:00:00+00:00
[2026-04-23T20:03:13.698+0000] {processor.py:208} INFO - Processing /opt/airflow/dags/daily_chek.py took 0.096 seconds
[2026-04-23T20:03:43.985+0000] {processor.py:186} INFO - Started process (PID=3763) to work on /opt/airflow/dags/daily_chek.py
[2026-04-23T20:03:43.985+0000] {processor.py:914} INFO - Processing file /opt/airflow/dags/daily_chek.py for tasks to queue
[2026-04-23T20:03:43.987+0000] {logging_mixin.py:190} INFO - [2026-04-23T20:03:43.987+0000] {dagbag.py:588} INFO - Filling up the DagBag from /opt/airflow/dags/daily_chek.py
[2026-04-23T20:03:43.998+0000] {processor.py:925} INFO - DAG(s) 'daily_check' retrieved from /opt/airflow/dags/daily_chek.py
[2026-04-23T20:03:44.017+0000] {logging_mixin.py:190} INFO - [2026-04-23T20:03:44.017+0000] {dag.py:3239} INFO - Sync 1 DAGs
[2026-04-23T20:03:44.039+0000] {logging_mixin.py:190} INFO - [2026-04-23T20:03:44.038+0000] {dag.py:4180} INFO - Setting next_dagrun for daily_check to 2026-04-23 00:00:00+00:00, run_after=2026-04-24 00:00:00+00:00
[2026-04-23T20:03:44.172+0000] {processor.py:208} INFO - Processing /opt/airflow/dags/daily_chek.py took 0.195 seconds
[2026-04-23T20:04:14.447+0000] {processor.py:186} INFO - Started process (PID=3784) to work on /opt/airflow/dags/daily_chek.py
[2026-04-23T20:04:14.447+0000] {processor.py:914} INFO - Processing file /opt/airflow/dags/daily_chek.py for tasks to queue
[2026-04-23T20:04:14.449+0000] {logging_mixin.py:190} INFO - [2026-04-23T20:04:14.449+0000] {dagbag.py:588} INFO - Filling up the DagBag from /opt/airflow/dags/daily_chek.py
[2026-04-23T20:04:14.461+0000] {processor.py:925} INFO - DAG(s) 'daily_check' retrieved from /opt/airflow/dags/daily_chek.py
[2026-04-23T20:04:14.480+0000] {logging_mixin.py:190} INFO - [2026-04-23T20:04:14.480+0000] {dag.py:3239} INFO - Sync 1 DAGs
[2026-04-23T20:04:14.501+0000] {logging_mixin.py:190} INFO - [2026-04-23T20:04:14.501+0000] {dag.py:4180} INFO - Setting next_dagrun for daily_check to 2026-04-23 00:00:00+00:00, run_after=2026-04-24 00:00:00+00:00
[2026-04-23T20:04:14.517+0000] {processor.py:208} INFO - Processing /opt/airflow/dags/daily_chek.py took 0.076 seconds
[2026-04-23T20:04:44.807+0000] {processor.py:186} INFO - Started process (PID=3805) to work on /opt/airflow/dags/daily_chek.py
[2026-04-23T20:04:44.808+0000] {processor.py:914} INFO - Processing file /opt/airflow/dags/daily_chek.py for tasks to queue
[2026-04-23T20:04:44.812+0000] {logging_mixin.py:190} INFO - [2026-04-23T20:04:44.811+0000] {dagbag.py:588} INFO - Filling up the DagBag from /opt/airflow/dags/daily_chek.py
[2026-04-23T20:04:44.826+0000] {processor.py:925} INFO - DAG(s) 'daily_check' retrieved from /opt/airflow/dags/daily_chek.py
[2026-04-23T20:04:44.847+0000] {logging_mixin.py:190} INFO - [2026-04-23T20:04:44.847+0000] {dag.py:3239} INFO - Sync 1 DAGs
[2026-04-23T20:04:44.867+0000] {logging_mixin.py:190} INFO - [2026-04-23T20:04:44.867+0000] {dag.py:4180} INFO - Setting next_dagrun for daily_check to 2026-04-23 00:00:00+00:00, run_after=2026-04-24 00:00:00+00:00
[2026-04-23T20:04:44.882+0000] {processor.py:208} INFO - Processing /opt/airflow/dags/daily_chek.py took 0.082 seconds
[2026-04-23T20:05:15.136+0000] {processor.py:186} INFO - Started process (PID=3826) to work on /opt/airflow/dags/daily_chek.py
[2026-04-23T20:05:15.137+0000] {processor.py:914} INFO - Processing file /opt/airflow/dags/daily_chek.py for tasks to queue
[2026-04-23T20:05:15.139+0000] {logging_mixin.py:190} INFO - [2026-04-23T20:05:15.139+0000] {dagbag.py:588} INFO - Filling up the DagBag from /opt/airflow/dags/daily_chek.py
[2026-04-23T20:05:15.149+0000] {processor.py:925} INFO - DAG(s) 'daily_check' retrieved from /opt/airflow/dags/daily_chek.py
[2026-04-23T20:05:15.175+0000] {logging_mixin.py:190} INFO - [2026-04-23T20:05:15.175+0000] {dag.py:3239} INFO - Sync 1 DAGs
[2026-04-23T20:05:15.196+0000] {logging_mixin.py:190} INFO - [2026-04-23T20:05:15.196+0000] {dag.py:4180} INFO - Setting next_dagrun for daily_check to 2026-04-23 00:00:00+00:00, run_after=2026-04-24 00:00:00+00:00
[2026-04-23T20:05:15.212+0000] {processor.py:208} INFO - Processing /opt/airflow/dags/daily_chek.py took 0.081 seconds
[2026-04-23T20:05:45.465+0000] {processor.py:186} INFO - Started process (PID=3847) to work on /opt/airflow/dags/daily_chek.py
[2026-04-23T20:05:45.467+0000] {processor.py:914} INFO - Processing file /opt/airflow/dags/daily_chek.py for tasks to queue
[2026-04-23T20:05:45.469+0000] {logging_mixin.py:190} INFO - [2026-04-23T20:05:45.468+0000] {dagbag.py:588} INFO - Filling up the DagBag from /opt/airflow/dags/daily_chek.py
[2026-04-23T20:05:45.479+0000] {processor.py:925} INFO - DAG(s) 'daily_check' retrieved from /opt/airflow/dags/daily_chek.py
[2026-04-23T20:05:45.500+0000] {logging_mixin.py:190} INFO - [2026-04-23T20:05:45.500+0000] {dag.py:3239} INFO - Sync 1 DAGs
[2026-04-23T20:05:45.520+0000] {logging_mixin.py:190} INFO - [2026-04-23T20:05:45.520+0000] {dag.py:4180} INFO - Setting next_dagrun for daily_check to 2026-04-23 00:00:00+00:00, run_after=2026-04-24 00:00:00+00:00
[2026-04-23T20:05:45.536+0000] {processor.py:208} INFO - Processing /opt/airflow/dags/daily_chek.py took 0.076 seconds
[2026-04-23T20:06:15.815+0000] {processor.py:186} INFO - Started process (PID=3868) to work on /opt/airflow/dags/daily_chek.py
[2026-04-23T20:06:15.816+0000] {processor.py:914} INFO - Processing file /opt/airflow/dags/daily_chek.py for tasks to queue
[2026-04-23T20:06:15.818+0000] {logging_mixin.py:190} INFO - [2026-04-23T20:06:15.818+0000] {dagbag.py:588} INFO - Filling up the DagBag from /opt/airflow/dags/daily_chek.py
[2026-04-23T20:06:15.831+0000] {processor.py:925} INFO - DAG(s) 'daily_check' retrieved from /opt/airflow/dags/daily_chek.py
[2026-04-23T20:06:15.851+0000] {logging_mixin.py:190} INFO - [2026-04-23T20:06:15.851+0000] {dag.py:3239} INFO - Sync 1 DAGs
[2026-04-23T20:06:15.872+0000] {logging_mixin.py:190} INFO - [2026-04-23T20:06:15.872+0000] {dag.py:4180} INFO - Setting next_dagrun for daily_check to 2026-04-23 00:00:00+00:00, run_after=2026-04-24 00:00:00+00:00
[2026-04-23T20:06:15.889+0000] {processor.py:208} INFO - Processing /opt/airflow/dags/daily_chek.py took 0.082 seconds
[2026-04-23T20:06:46.145+0000] {processor.py:186} INFO - Started process (PID=3889) to work on /opt/airflow/dags/daily_chek.py
[2026-04-23T20:06:46.146+0000] {processor.py:914} INFO - Processing file /opt/airflow/dags/daily_chek.py for tasks to queue
[2026-04-23T20:06:46.147+0000] {logging_mixin.py:190} INFO - [2026-04-23T20:06:46.147+0000] {dagbag.py:588} INFO - Filling up the DagBag from /opt/airflow/dags/daily_chek.py
[2026-04-23T20:06:46.158+0000] {processor.py:925} INFO - DAG(s) 'daily_check' retrieved from /opt/airflow/dags/daily_chek.py
[2026-04-23T20:06:46.180+0000] {logging_mixin.py:190} INFO - [2026-04-23T20:06:46.180+0000] {dag.py:3239} INFO - Sync 1 DAGs
[2026-04-23T20:06:46.313+0000] {logging_mixin.py:190} INFO - [2026-04-23T20:06:46.313+0000] {dag.py:4180} INFO - Setting next_dagrun for daily_check to 2026-04-23 00:00:00+00:00, run_after=2026-04-24 00:00:00+00:00
[2026-04-23T20:06:46.329+0000] {processor.py:208} INFO - Processing /opt/airflow/dags/daily_chek.py took 0.189 seconds
[2026-04-23T20:07:16.614+0000] {processor.py:186} INFO - Started process (PID=3910) to work on /opt/airflow/dags/daily_chek.py
[2026-04-23T20:07:16.615+0000] {processor.py:914} INFO - Processing file /opt/airflow/dags/daily_chek.py for tasks to queue
[2026-04-23T20:07:16.616+0000] {logging_mixin.py:190} INFO - [2026-04-23T20:07:16.616+0000] {dagbag.py:588} INFO - Filling up the DagBag from /opt/airflow/dags/daily_chek.py
[2026-04-23T20:07:16.626+0000] {processor.py:925} INFO - DAG(s) 'daily_check' retrieved from /opt/airflow/dags/daily_chek.py
[2026-04-23T20:07:16.646+0000] {logging_mixin.py:190} INFO - [2026-04-23T20:07:16.646+0000] {dag.py:3239} INFO - Sync 1 DAGs
[2026-04-23T20:07:16.668+0000] {logging_mixin.py:190} INFO - [2026-04-23T20:07:16.667+0000] {dag.py:4180} INFO - Setting next_dagrun for daily_check to 2026-04-23 00:00:00+00:00, run_after=2026-04-24 00:00:00+00:00
[2026-04-23T20:07:16.683+0000] {processor.py:208} INFO - Processing /opt/airflow/dags/daily_chek.py took 0.074 seconds
[2026-04-23T20:07:46.955+0000] {processor.py:186} INFO - Started process (PID=3931) to work on /opt/airflow/dags/daily_chek.py
[2026-04-23T20:07:46.956+0000] {processor.py:914} INFO - Processing file /opt/airflow/dags/daily_chek.py for tasks to queue
[2026-04-23T20:07:46.959+0000] {logging_mixin.py:190} INFO - [2026-04-23T20:07:46.959+0000] {dagbag.py:588} INFO - Filling up the DagBag from /opt/airflow/dags/daily_chek.py
[2026-04-23T20:07:46.972+0000] {processor.py:925} INFO - DAG(s) 'daily_check' retrieved from /opt/airflow/dags/daily_chek.py
[2026-04-23T20:07:46.992+0000] {logging_mixin.py:190} INFO - [2026-04-23T20:07:46.992+0000] {dag.py:3239} INFO - Sync 1 DAGs
[2026-04-23T20:07:47.013+0000] {logging_mixin.py:190} INFO - [2026-04-23T20:07:47.012+0000] {dag.py:4180} INFO - Setting next_dagrun for daily_check to 2026-04-23 00:00:00+00:00, run_after=2026-04-24 00:00:00+00:00
[2026-04-23T20:07:47.029+0000] {processor.py:208} INFO - Processing /opt/airflow/dags/daily_chek.py took 0.082 seconds
[2026-04-23T20:08:17.312+0000] {processor.py:186} INFO - Started process (PID=3952) to work on /opt/airflow/dags/daily_chek.py
[2026-04-23T20:08:17.313+0000] {processor.py:914} INFO - Processing file /opt/airflow/dags/daily_chek.py for tasks to queue
[2026-04-23T20:08:17.314+0000] {logging_mixin.py:190} INFO - [2026-04-23T20:08:17.314+0000] {dagbag.py:588} INFO - Filling up the DagBag from /opt/airflow/dags/daily_chek.py
[2026-04-23T20:08:17.329+0000] {processor.py:925} INFO - DAG(s) 'daily_check' retrieved from /opt/airflow/dags/daily_chek.py
[2026-04-23T20:08:17.348+0000] {logging_mixin.py:190} INFO - [2026-04-23T20:08:17.348+0000] {dag.py:3239} INFO - Sync 1 DAGs
[2026-04-23T20:08:17.369+0000] {logging_mixin.py:190} INFO - [2026-04-23T20:08:17.369+0000] {dag.py:4180} INFO - Setting next_dagrun for daily_check to 2026-04-23 00:00:00+00:00, run_after=2026-04-24 00:00:00+00:00
[2026-04-23T20:08:17.385+0000] {processor.py:208} INFO - Processing /opt/airflow/dags/daily_chek.py took 0.078 seconds
[2026-04-23T20:08:47.668+0000] {processor.py:186} INFO - Started process (PID=3973) to work on /opt/airflow/dags/daily_chek.py
[2026-04-23T20:08:47.668+0000] {processor.py:914} INFO - Processing file /opt/airflow/dags/daily_chek.py for tasks to queue
[2026-04-23T20:08:47.670+0000] {logging_mixin.py:190} INFO - [2026-04-23T20:08:47.670+0000] {dagbag.py:588} INFO - Filling up the DagBag from /opt/airflow/dags/daily_chek.py
[2026-04-23T20:08:47.680+0000] {processor.py:925} INFO - DAG(s) 'daily_check' retrieved from /opt/airflow/dags/daily_chek.py
[2026-04-23T20:08:47.701+0000] {logging_mixin.py:190} INFO - [2026-04-23T20:08:47.701+0000] {dag.py:3239} INFO - Sync 1 DAGs
[2026-04-23T20:08:47.722+0000] {logging_mixin.py:190} INFO - [2026-04-23T20:08:47.722+0000] {dag.py:4180} INFO - Setting next_dagrun for daily_check to 2026-04-23 00:00:00+00:00, run_after=2026-04-24 00:00:00+00:00
[2026-04-23T20:08:47.738+0000] {processor.py:208} INFO - Processing /opt/airflow/dags/daily_chek.py took 0.075 seconds
[2026-04-23T20:09:17.982+0000] {processor.py:186} INFO - Started process (PID=3994) to work on /opt/airflow/dags/daily_chek.py
[2026-04-23T20:09:17.986+0000] {processor.py:914} INFO - Processing file /opt/airflow/dags/daily_chek.py for tasks to queue
[2026-04-23T20:09:17.988+0000] {logging_mixin.py:190} INFO - [2026-04-23T20:09:17.988+0000] {dagbag.py:588} INFO - Filling up the DagBag from /opt/airflow/dags/daily_chek.py
[2026-04-23T20:09:17.998+0000] {processor.py:925} INFO - DAG(s) 'daily_check' retrieved from /opt/airflow/dags/daily_chek.py
[2026-04-23T20:09:18.019+0000] {logging_mixin.py:190} INFO - [2026-04-23T20:09:18.019+0000] {dag.py:3239} INFO - Sync 1 DAGs
[2026-04-23T20:09:18.043+0000] {logging_mixin.py:190} INFO - [2026-04-23T20:09:18.043+0000] {dag.py:4180} INFO - Setting next_dagrun for daily_check to 2026-04-23 00:00:00+00:00, run_after=2026-04-24 00:00:00+00:00
[2026-04-23T20:09:18.178+0000] {processor.py:208} INFO - Processing /opt/airflow/dags/daily_chek.py took 0.201 seconds
[2026-04-23T20:09:48.444+0000] {processor.py:186} INFO - Started process (PID=4015) to work on /opt/airflow/dags/daily_chek.py
[2026-04-23T20:09:48.444+0000] {processor.py:914} INFO - Processing file /opt/airflow/dags/daily_chek.py for tasks to queue
[2026-04-23T20:09:48.447+0000] {logging_mixin.py:190} INFO - [2026-04-23T20:09:48.446+0000] {dagbag.py:588} INFO - Filling up the DagBag from /opt/airflow/dags/daily_chek.py
[2026-04-23T20:09:48.461+0000] {processor.py:925} INFO - DAG(s) 'daily_check' retrieved from /opt/airflow/dags/daily_chek.py
[2026-04-23T20:09:48.481+0000] {logging_mixin.py:190} INFO - [2026-04-23T20:09:48.481+0000] {dag.py:3239} INFO - Sync 1 DAGs
[2026-04-23T20:09:48.502+0000] {logging_mixin.py:190} INFO - [2026-04-23T20:09:48.501+0000] {dag.py:4180} INFO - Setting next_dagrun for daily_check to 2026-04-23 00:00:00+00:00, run_after=2026-04-24 00:00:00+00:00
[2026-04-23T20:09:48.519+0000] {processor.py:208} INFO - Processing /opt/airflow/dags/daily_chek.py took 0.085 seconds
[2026-04-23T20:10:18.796+0000] {processor.py:186} INFO - Started process (PID=4036) to work on /opt/airflow/dags/daily_chek.py
[2026-04-23T20:10:18.796+0000] {processor.py:914} INFO - Processing file /opt/airflow/dags/daily_chek.py for tasks to queue
[2026-04-23T20:10:18.798+0000] {logging_mixin.py:190} INFO - [2026-04-23T20:10:18.798+0000] {dagbag.py:588} INFO - Filling up the DagBag from /opt/airflow/dags/daily_chek.py
[2026-04-23T20:10:18.808+0000] {processor.py:925} INFO - DAG(s) 'daily_check' retrieved from /opt/airflow/dags/daily_chek.py
[2026-04-23T20:10:18.828+0000] {logging_mixin.py:190} INFO - [2026-04-23T20:10:18.828+0000] {dag.py:3239} INFO - Sync 1 DAGs
[2026-04-23T20:10:18.849+0000] {logging_mixin.py:190} INFO - [2026-04-23T20:10:18.848+0000] {dag.py:4180} INFO - Setting next_dagrun for daily_check to 2026-04-23 00:00:00+00:00, run_after=2026-04-24 00:00:00+00:00
[2026-04-23T20:10:18.864+0000] {processor.py:208} INFO - Processing /opt/airflow/dags/daily_chek.py took 0.075 seconds
[2026-04-23T20:10:49.132+0000] {processor.py:186} INFO - Started process (PID=4057) to work on /opt/airflow/dags/daily_chek.py
[2026-04-23T20:10:49.132+0000] {processor.py:914} INFO - Processing file /opt/airflow/dags/daily_chek.py for tasks to queue
[2026-04-23T20:10:49.134+0000] {logging_mixin.py:190} INFO - [2026-04-23T20:10:49.134+0000] {dagbag.py:588} INFO - Filling up the DagBag from /opt/airflow/dags/daily_chek.py
[2026-04-23T20:10:49.145+0000] {processor.py:925} INFO - DAG(s) 'daily_check' retrieved from /opt/airflow/dags/daily_chek.py
[2026-04-23T20:10:49.165+0000] {logging_mixin.py:190} INFO - [2026-04-23T20:10:49.165+0000] {dag.py:3239} INFO - Sync 1 DAGs
[2026-04-23T20:10:49.188+0000] {logging_mixin.py:190} INFO - [2026-04-23T20:10:49.188+0000] {dag.py:4180} INFO - Setting next_dagrun for daily_check to 2026-04-23 00:00:00+00:00, run_after=2026-04-24 00:00:00+00:00
[2026-04-23T20:10:49.205+0000] {processor.py:208} INFO - Processing /opt/airflow/dags/daily_chek.py took 0.081 seconds
[2026-04-23T20:11:19.502+0000] {processor.py:186} INFO - Started process (PID=4078) to work on /opt/airflow/dags/daily_chek.py
[2026-04-23T20:11:19.503+0000] {processor.py:914} INFO - Processing file /opt/airflow/dags/daily_chek.py for tasks to queue
[2026-04-23T20:11:19.505+0000] {logging_mixin.py:190} INFO - [2026-04-23T20:11:19.504+0000] {dagbag.py:588} INFO - Filling up the DagBag from /opt/airflow/dags/daily_chek.py
[2026-04-23T20:11:19.514+0000] {processor.py:925} INFO - DAG(s) 'daily_check' retrieved from /opt/airflow/dags/daily_chek.py
[2026-04-23T20:11:19.535+0000] {logging_mixin.py:190} INFO - [2026-04-23T20:11:19.534+0000] {dag.py:3239} INFO - Sync 1 DAGs
[2026-04-23T20:11:19.556+0000] {logging_mixin.py:190} INFO - [2026-04-23T20:11:19.556+0000] {dag.py:4180} INFO - Setting next_dagrun for daily_check to 2026-04-23 00:00:00+00:00, run_after=2026-04-24 00:00:00+00:00
[2026-04-23T20:11:19.573+0000] {processor.py:208} INFO - Processing /opt/airflow/dags/daily_chek.py took 0.076 seconds
[2026-04-23T20:11:49.858+0000] {processor.py:186} INFO - Started process (PID=4099) to work on /opt/airflow/dags/daily_chek.py
[2026-04-23T20:11:49.859+0000] {processor.py:914} INFO - Processing file /opt/airflow/dags/daily_chek.py for tasks to queue
[2026-04-23T20:11:49.860+0000] {logging_mixin.py:190} INFO - [2026-04-23T20:11:49.860+0000] {dagbag.py:588} INFO - Filling up the DagBag from /opt/airflow/dags/daily_chek.py
[2026-04-23T20:11:49.870+0000] {processor.py:925} INFO - DAG(s) 'daily_check' retrieved from /opt/airflow/dags/daily_chek.py
[2026-04-23T20:11:49.899+0000] {logging_mixin.py:190} INFO - [2026-04-23T20:11:49.899+0000] {dag.py:3239} INFO - Sync 1 DAGs
[2026-04-23T20:11:49.925+0000] {logging_mixin.py:190} INFO - [2026-04-23T20:11:49.925+0000] {dag.py:4180} INFO - Setting next_dagrun for daily_check to 2026-04-23 00:00:00+00:00, run_after=2026-04-24 00:00:00+00:00
[2026-04-23T20:11:49.942+0000] {processor.py:208} INFO - Processing /opt/airflow/dags/daily_chek.py took 0.088 seconds
[2026-04-23T20:12:20.223+0000] {processor.py:186} INFO - Started process (PID=4119) to work on /opt/airflow/dags/daily_chek.py
[2026-04-23T20:12:20.224+0000] {processor.py:914} INFO - Processing file /opt/airflow/dags/daily_chek.py for tasks to queue
[2026-04-23T20:12:20.226+0000] {logging_mixin.py:190} INFO - [2026-04-23T20:12:20.226+0000] {dagbag.py:588} INFO - Filling up the DagBag from /opt/airflow/dags/daily_chek.py
[2026-04-23T20:12:20.236+0000] {processor.py:925} INFO - DAG(s) 'daily_check' retrieved from /opt/airflow/dags/daily_chek.py
[2026-04-23T20:12:20.257+0000] {logging_mixin.py:190} INFO - [2026-04-23T20:12:20.257+0000] {dag.py:3239} INFO - Sync 1 DAGs
[2026-04-23T20:12:20.388+0000] {logging_mixin.py:190} INFO - [2026-04-23T20:12:20.388+0000] {dag.py:4180} INFO - Setting next_dagrun for daily_check to 2026-04-23 00:00:00+00:00, run_after=2026-04-24 00:00:00+00:00
[2026-04-23T20:12:20.409+0000] {processor.py:208} INFO - Processing /opt/airflow/dags/daily_chek.py took 0.191 seconds
[2026-04-23T20:12:50.694+0000] {processor.py:186} INFO - Started process (PID=4140) to work on /opt/airflow/dags/daily_chek.py
[2026-04-23T20:12:50.695+0000] {processor.py:914} INFO - Processing file /opt/airflow/dags/daily_chek.py for tasks to queue
[2026-04-23T20:12:50.697+0000] {logging_mixin.py:190} INFO - [2026-04-23T20:12:50.696+0000] {dagbag.py:588} INFO - Filling up the DagBag from /opt/airflow/dags/daily_chek.py
[2026-04-23T20:12:50.706+0000] {processor.py:925} INFO - DAG(s) 'daily_check' retrieved from /opt/airflow/dags/daily_chek.py
[2026-04-23T20:12:50.728+0000] {logging_mixin.py:190} INFO - [2026-04-23T20:12:50.728+0000] {dag.py:3239} INFO - Sync 1 DAGs
[2026-04-23T20:12:50.749+0000] {logging_mixin.py:190} INFO - [2026-04-23T20:12:50.749+0000] {dag.py:4180} INFO - Setting next_dagrun for daily_check to 2026-04-23 00:00:00+00:00, run_after=2026-04-24 00:00:00+00:00
[2026-04-23T20:12:50.765+0000] {processor.py:208} INFO - Processing /opt/airflow/dags/daily_chek.py took 0.075 seconds
[2026-04-23T20:13:21.056+0000] {processor.py:186} INFO - Started process (PID=4161) to work on /opt/airflow/dags/daily_chek.py
[2026-04-23T20:13:21.057+0000] {processor.py:914} INFO - Processing file /opt/airflow/dags/daily_chek.py for tasks to queue
[2026-04-23T20:13:21.058+0000] {logging_mixin.py:190} INFO - [2026-04-23T20:13:21.058+0000] {dagbag.py:588} INFO - Filling up the DagBag from /opt/airflow/dags/daily_chek.py
[2026-04-23T20:13:21.068+0000] {processor.py:925} INFO - DAG(s) 'daily_check' retrieved from /opt/airflow/dags/daily_chek.py
[2026-04-23T20:13:21.089+0000] {logging_mixin.py:190} INFO - [2026-04-23T20:13:21.088+0000] {dag.py:3239} INFO - Sync 1 DAGs
[2026-04-23T20:13:21.111+0000] {logging_mixin.py:190} INFO - [2026-04-23T20:13:21.110+0000] {dag.py:4180} INFO - Setting next_dagrun for daily_check to 2026-04-23 00:00:00+00:00, run_after=2026-04-24 00:00:00+00:00
[2026-04-23T20:13:21.128+0000] {processor.py:208} INFO - Processing /opt/airflow/dags/daily_chek.py took 0.078 seconds
[2026-04-23T20:13:51.409+0000] {processor.py:186} INFO - Started process (PID=4182) to work on /opt/airflow/dags/daily_chek.py
[2026-04-23T20:13:51.409+0000] {processor.py:914} INFO - Processing file /opt/airflow/dags/daily_chek.py for tasks to queue
[2026-04-23T20:13:51.411+0000] {logging_mixin.py:190} INFO - [2026-04-23T20:13:51.411+0000] {dagbag.py:588} INFO - Filling up the DagBag from /opt/airflow/dags/daily_chek.py
[2026-04-23T20:13:51.422+0000] {processor.py:925} INFO - DAG(s) 'daily_check' retrieved from /opt/airflow/dags/daily_chek.py
[2026-04-23T20:13:51.442+0000] {logging_mixin.py:190} INFO - [2026-04-23T20:13:51.442+0000] {dag.py:3239} INFO - Sync 1 DAGs
[2026-04-23T20:13:51.464+0000] {logging_mixin.py:190} INFO - [2026-04-23T20:13:51.464+0000] {dag.py:4180} INFO - Setting next_dagrun for daily_check to 2026-04-23 00:00:00+00:00, run_after=2026-04-24 00:00:00+00:00
[2026-04-23T20:13:51.483+0000] {processor.py:208} INFO - Processing /opt/airflow/dags/daily_chek.py took 0.081 seconds
[2026-04-23T20:14:21.778+0000] {processor.py:186} INFO - Started process (PID=4203) to work on /opt/airflow/dags/daily_chek.py
[2026-04-23T20:14:21.779+0000] {processor.py:914} INFO - Processing file /opt/airflow/dags/daily_chek.py for tasks to queue
[2026-04-23T20:14:21.780+0000] {logging_mixin.py:190} INFO - [2026-04-23T20:14:21.780+0000] {dagbag.py:588} INFO - Filling up the DagBag from /opt/airflow/dags/daily_chek.py
[2026-04-23T20:14:21.790+0000] {processor.py:925} INFO - DAG(s) 'daily_check' retrieved from /opt/airflow/dags/daily_chek.py
[2026-04-23T20:14:21.812+0000] {logging_mixin.py:190} INFO - [2026-04-23T20:14:21.812+0000] {dag.py:3239} INFO - Sync 1 DAGs
[2026-04-23T20:14:21.833+0000] {logging_mixin.py:190} INFO - [2026-04-23T20:14:21.833+0000] {dag.py:4180} INFO - Setting next_dagrun for daily_check to 2026-04-23 00:00:00+00:00, run_after=2026-04-24 00:00:00+00:00
[2026-04-23T20:14:21.848+0000] {processor.py:208} INFO - Processing /opt/airflow/dags/daily_chek.py took 0.076 seconds
[2026-04-23T20:14:52.131+0000] {processor.py:186} INFO - Started process (PID=4224) to work on /opt/airflow/dags/daily_chek.py
[2026-04-23T20:14:52.132+0000] {processor.py:914} INFO - Processing file /opt/airflow/dags/daily_chek.py for tasks to queue
[2026-04-23T20:14:52.134+0000] {logging_mixin.py:190} INFO - [2026-04-23T20:14:52.133+0000] {dagbag.py:588} INFO - Filling up the DagBag from /opt/airflow/dags/daily_chek.py
[2026-04-23T20:14:52.143+0000] {processor.py:925} INFO - DAG(s) 'daily_check' retrieved from /opt/airflow/dags/daily_chek.py
[2026-04-23T20:14:52.168+0000] {logging_mixin.py:190} INFO - [2026-04-23T20:14:52.168+0000] {dag.py:3239} INFO - Sync 1 DAGs
[2026-04-23T20:14:52.191+0000] {logging_mixin.py:190} INFO - [2026-04-23T20:14:52.191+0000] {dag.py:4180} INFO - Setting next_dagrun for daily_check to 2026-04-23 00:00:00+00:00, run_after=2026-04-24 00:00:00+00:00
[2026-04-23T20:14:52.330+0000] {processor.py:208} INFO - Processing /opt/airflow/dags/daily_chek.py took 0.204 seconds
[2026-04-23T20:15:22.595+0000] {processor.py:186} INFO - Started process (PID=4245) to work on /opt/airflow/dags/daily_chek.py
[2026-04-23T20:15:22.596+0000] {processor.py:914} INFO - Processing file /opt/airflow/dags/daily_chek.py for tasks to queue
[2026-04-23T20:15:22.599+0000] {logging_mixin.py:190} INFO - [2026-04-23T20:15:22.598+0000] {dagbag.py:588} INFO - Filling up the DagBag from /opt/airflow/dags/daily_chek.py
[2026-04-23T20:15:22.612+0000] {processor.py:925} INFO - DAG(s) 'daily_check' retrieved from /opt/airflow/dags/daily_chek.py
[2026-04-23T20:15:22.633+0000] {logging_mixin.py:190} INFO - [2026-04-23T20:15:22.632+0000] {dag.py:3239} INFO - Sync 1 DAGs
[2026-04-23T20:15:22.765+0000] {logging_mixin.py:190} INFO - [2026-04-23T20:15:22.764+0000] {dag.py:4180} INFO - Setting next_dagrun for daily_check to 2026-04-23 00:00:00+00:00, run_after=2026-04-24 00:00:00+00:00
[2026-04-23T20:15:22.789+0000] {processor.py:208} INFO - Processing /opt/airflow/dags/daily_chek.py took 0.200 seconds
[2026-04-23T20:15:53.086+0000] {processor.py:186} INFO - Started process (PID=4266) to work on /opt/airflow/dags/daily_chek.py
[2026-04-23T20:15:53.087+0000] {processor.py:914} INFO - Processing file /opt/airflow/dags/daily_chek.py for tasks to queue
[2026-04-23T20:15:53.091+0000] {logging_mixin.py:190} INFO - [2026-04-23T20:15:53.090+0000] {dagbag.py:588} INFO - Filling up the DagBag from /opt/airflow/dags/daily_chek.py
[2026-04-23T20:15:53.103+0000] {processor.py:925} INFO - DAG(s) 'daily_check' retrieved from /opt/airflow/dags/daily_chek.py
[2026-04-23T20:15:53.124+0000] {logging_mixin.py:190} INFO - [2026-04-23T20:15:53.124+0000] {dag.py:3239} INFO - Sync 1 DAGs
[2026-04-23T20:15:53.144+0000] {logging_mixin.py:190} INFO - [2026-04-23T20:15:53.144+0000] {dag.py:4180} INFO - Setting next_dagrun for daily_check to 2026-04-23 00:00:00+00:00, run_after=2026-04-24 00:00:00+00:00
[2026-04-23T20:15:53.162+0000] {processor.py:208} INFO - Processing /opt/airflow/dags/daily_chek.py took 0.089 seconds
[2026-04-23T20:16:23.325+0000] {processor.py:186} INFO - Started process (PID=4287) to work on /opt/airflow/dags/daily_chek.py
[2026-04-23T20:16:23.325+0000] {processor.py:914} INFO - Processing file /opt/airflow/dags/daily_chek.py for tasks to queue
[2026-04-23T20:16:23.327+0000] {logging_mixin.py:190} INFO - [2026-04-23T20:16:23.327+0000] {dagbag.py:588} INFO - Filling up the DagBag from /opt/airflow/dags/daily_chek.py
[2026-04-23T20:16:23.337+0000] {processor.py:925} INFO - DAG(s) 'daily_check' retrieved from /opt/airflow/dags/daily_chek.py
[2026-04-23T20:16:23.357+0000] {logging_mixin.py:190} INFO - [2026-04-23T20:16:23.357+0000] {dag.py:3239} INFO - Sync 1 DAGs
[2026-04-23T20:16:23.379+0000] {logging_mixin.py:190} INFO - [2026-04-23T20:16:23.379+0000] {dag.py:4180} INFO - Setting next_dagrun for daily_check to 2026-04-23 00:00:00+00:00, run_after=2026-04-24 00:00:00+00:00
[2026-04-23T20:16:23.397+0000] {processor.py:208} INFO - Processing /opt/airflow/dags/daily_chek.py took 0.077 seconds
[2026-04-23T20:16:53.699+0000] {processor.py:186} INFO - Started process (PID=4308) to work on /opt/airflow/dags/daily_chek.py
[2026-04-23T20:16:53.699+0000] {processor.py:914} INFO - Processing file /opt/airflow/dags/daily_chek.py for tasks to queue
[2026-04-23T20:16:53.702+0000] {logging_mixin.py:190} INFO - [2026-04-23T20:16:53.702+0000] {dagbag.py:588} INFO - Filling up the DagBag from /opt/airflow/dags/daily_chek.py
[2026-04-23T20:16:53.713+0000] {processor.py:925} INFO - DAG(s) 'daily_check' retrieved from /opt/airflow/dags/daily_chek.py
[2026-04-23T20:16:53.733+0000] {logging_mixin.py:190} INFO - [2026-04-23T20:16:53.733+0000] {dag.py:3239} INFO - Sync 1 DAGs
[2026-04-23T20:16:53.754+0000] {logging_mixin.py:190} INFO - [2026-04-23T20:16:53.754+0000] {dag.py:4180} INFO - Setting next_dagrun for daily_check to 2026-04-23 00:00:00+00:00, run_after=2026-04-24 00:00:00+00:00
[2026-04-23T20:16:53.772+0000] {processor.py:208} INFO - Processing /opt/airflow/dags/daily_chek.py took 0.081 seconds
[2026-04-23T20:17:24.077+0000] {processor.py:186} INFO - Started process (PID=4329) to work on /opt/airflow/dags/daily_chek.py
[2026-04-23T20:17:24.078+0000] {processor.py:914} INFO - Processing file /opt/airflow/dags/daily_chek.py for tasks to queue
[2026-04-23T20:17:24.081+0000] {logging_mixin.py:190} INFO - [2026-04-23T20:17:24.081+0000] {dagbag.py:588} INFO - Filling up the DagBag from /opt/airflow/dags/daily_chek.py
[2026-04-23T20:17:24.093+0000] {processor.py:925} INFO - DAG(s) 'daily_check' retrieved from /opt/airflow/dags/daily_chek.py
[2026-04-23T20:17:24.112+0000] {logging_mixin.py:190} INFO - [2026-04-23T20:17:24.112+0000] {dag.py:3239} INFO - Sync 1 DAGs
[2026-04-23T20:17:24.133+0000] {logging_mixin.py:190} INFO - [2026-04-23T20:17:24.133+0000] {dag.py:4180} INFO - Setting next_dagrun for daily_check to 2026-04-23 00:00:00+00:00, run_after=2026-04-24 00:00:00+00:00
[2026-04-23T20:17:24.150+0000] {processor.py:208} INFO - Processing /opt/airflow/dags/daily_chek.py took 0.084 seconds
[2026-04-23T20:17:54.424+0000] {processor.py:186} INFO - Started process (PID=4349) to work on /opt/airflow/dags/daily_chek.py
[2026-04-23T20:17:54.425+0000] {processor.py:914} INFO - Processing file /opt/airflow/dags/daily_chek.py for tasks to queue
[2026-04-23T20:17:54.427+0000] {logging_mixin.py:190} INFO - [2026-04-23T20:17:54.427+0000] {dagbag.py:588} INFO - Filling up the DagBag from /opt/airflow/dags/daily_chek.py
[2026-04-23T20:17:54.438+0000] {processor.py:925} INFO - DAG(s) 'daily_check' retrieved from /opt/airflow/dags/daily_chek.py
[2026-04-23T20:17:54.464+0000] {logging_mixin.py:190} INFO - [2026-04-23T20:17:54.464+0000] {dag.py:3239} INFO - Sync 1 DAGs
[2026-04-23T20:17:54.486+0000] {logging_mixin.py:190} INFO - [2026-04-23T20:17:54.485+0000] {dag.py:4180} INFO - Setting next_dagrun for daily_check to 2026-04-23 00:00:00+00:00, run_after=2026-04-24 00:00:00+00:00
[2026-04-23T20:17:54.616+0000] {processor.py:208} INFO - Processing /opt/airflow/dags/daily_chek.py took 0.198 seconds
[2026-04-23T20:18:24.915+0000] {processor.py:186} INFO - Started process (PID=4370) to work on /opt/airflow/dags/daily_chek.py
[2026-04-23T20:18:24.916+0000] {processor.py:914} INFO - Processing file /opt/airflow/dags/daily_chek.py for tasks to queue
[2026-04-23T20:18:24.917+0000] {logging_mixin.py:190} INFO - [2026-04-23T20:18:24.917+0000] {dagbag.py:588} INFO - Filling up the DagBag from /opt/airflow/dags/daily_chek.py
[2026-04-23T20:18:24.927+0000] {processor.py:925} INFO - DAG(s) 'daily_check' retrieved from /opt/airflow/dags/daily_chek.py
[2026-04-23T20:18:24.951+0000] {logging_mixin.py:190} INFO - [2026-04-23T20:18:24.951+0000] {dag.py:3239} INFO - Sync 1 DAGs
[2026-04-23T20:18:24.974+0000] {logging_mixin.py:190} INFO - [2026-04-23T20:18:24.973+0000] {dag.py:4180} INFO - Setting next_dagrun for daily_check to 2026-04-23 00:00:00+00:00, run_after=2026-04-24 00:00:00+00:00
[2026-04-23T20:18:24.991+0000] {processor.py:208} INFO - Processing /opt/airflow/dags/daily_chek.py took 0.081 seconds
[2026-04-23T20:18:55.266+0000] {processor.py:186} INFO - Started process (PID=4391) to work on /opt/airflow/dags/daily_chek.py
[2026-04-23T20:18:55.266+0000] {processor.py:914} INFO - Processing file /opt/airflow/dags/daily_chek.py for tasks to queue
[2026-04-23T20:18:55.268+0000] {logging_mixin.py:190} INFO - [2026-04-23T20:18:55.268+0000] {dagbag.py:588} INFO - Filling up the DagBag from /opt/airflow/dags/daily_chek.py
[2026-04-23T20:18:55.278+0000] {processor.py:925} INFO - DAG(s) 'daily_check' retrieved from /opt/airflow/dags/daily_chek.py
[2026-04-23T20:18:55.305+0000] {logging_mixin.py:190} INFO - [2026-04-23T20:18:55.305+0000] {dag.py:3239} INFO - Sync 1 DAGs
[2026-04-23T20:18:55.330+0000] {logging_mixin.py:190} INFO - [2026-04-23T20:18:55.330+0000] {dag.py:4180} INFO - Setting next_dagrun for daily_check to 2026-04-23 00:00:00+00:00, run_after=2026-04-24 00:00:00+00:00
[2026-04-23T20:18:55.347+0000] {processor.py:208} INFO - Processing /opt/airflow/dags/daily_chek.py took 0.086 seconds
[2026-04-23T20:19:25.615+0000] {processor.py:186} INFO - Started process (PID=4412) to work on /opt/airflow/dags/daily_chek.py
[2026-04-23T20:19:25.615+0000] {processor.py:914} INFO - Processing file /opt/airflow/dags/daily_chek.py for tasks to queue
[2026-04-23T20:19:25.617+0000] {logging_mixin.py:190} INFO - [2026-04-23T20:19:25.617+0000] {dagbag.py:588} INFO - Filling up the DagBag from /opt/airflow/dags/daily_chek.py
[2026-04-23T20:19:25.627+0000] {processor.py:925} INFO - DAG(s) 'daily_check' retrieved from /opt/airflow/dags/daily_chek.py
[2026-04-23T20:19:25.648+0000] {logging_mixin.py:190} INFO - [2026-04-23T20:19:25.648+0000] {dag.py:3239} INFO - Sync 1 DAGs
[2026-04-23T20:19:25.675+0000] {logging_mixin.py:190} INFO - [2026-04-23T20:19:25.675+0000] {dag.py:4180} INFO - Setting next_dagrun for daily_check to 2026-04-23 00:00:00+00:00, run_after=2026-04-24 00:00:00+00:00
[2026-04-23T20:19:25.692+0000] {processor.py:208} INFO - Processing /opt/airflow/dags/daily_chek.py took 0.082 seconds
[2026-04-23T20:19:55.978+0000] {processor.py:186} INFO - Started process (PID=4433) to work on /opt/airflow/dags/daily_chek.py
[2026-04-23T20:19:55.978+0000] {processor.py:914} INFO - Processing file /opt/airflow/dags/daily_chek.py for tasks to queue
[2026-04-23T20:19:55.980+0000] {logging_mixin.py:190} INFO - [2026-04-23T20:19:55.980+0000] {dagbag.py:588} INFO - Filling up the DagBag from /opt/airflow/dags/daily_chek.py
[2026-04-23T20:19:55.990+0000] {processor.py:925} INFO - DAG(s) 'daily_check' retrieved from /opt/airflow/dags/daily_chek.py
[2026-04-23T20:19:56.010+0000] {logging_mixin.py:190} INFO - [2026-04-23T20:19:56.010+0000] {dag.py:3239} INFO - Sync 1 DAGs
[2026-04-23T20:19:56.031+0000] {logging_mixin.py:190} INFO - [2026-04-23T20:19:56.031+0000] {dag.py:4180} INFO - Setting next_dagrun for daily_check to 2026-04-23 00:00:00+00:00, run_after=2026-04-24 00:00:00+00:00
[2026-04-23T20:19:56.047+0000] {processor.py:208} INFO - Processing /opt/airflow/dags/daily_chek.py took 0.075 seconds
[2026-04-23T20:20:26.323+0000] {processor.py:186} INFO - Started process (PID=4454) to work on /opt/airflow/dags/daily_chek.py
[2026-04-23T20:20:26.324+0000] {processor.py:914} INFO - Processing file /opt/airflow/dags/daily_chek.py for tasks to queue
[2026-04-23T20:20:26.326+0000] {logging_mixin.py:190} INFO - [2026-04-23T20:20:26.326+0000] {dagbag.py:588} INFO - Filling up the DagBag from /opt/airflow/dags/daily_chek.py
[2026-04-23T20:20:26.338+0000] {processor.py:925} INFO - DAG(s) 'daily_check' retrieved from /opt/airflow/dags/daily_chek.py
[2026-04-23T20:20:26.358+0000] {logging_mixin.py:190} INFO - [2026-04-23T20:20:26.358+0000] {dag.py:3239} INFO - Sync 1 DAGs
[2026-04-23T20:20:26.379+0000] {logging_mixin.py:190} INFO - [2026-04-23T20:20:26.379+0000] {dag.py:4180} INFO - Setting next_dagrun for daily_check to 2026-04-23 00:00:00+00:00, run_after=2026-04-24 00:00:00+00:00
[2026-04-23T20:20:26.511+0000] {processor.py:208} INFO - Processing /opt/airflow/dags/daily_chek.py took 0.193 seconds
[2026-04-23T20:20:56.801+0000] {processor.py:186} INFO - Started process (PID=4474) to work on /opt/airflow/dags/daily_chek.py
[2026-04-23T20:20:56.803+0000] {processor.py:914} INFO - Processing file /opt/airflow/dags/daily_chek.py for tasks to queue
[2026-04-23T20:20:56.805+0000] {logging_mixin.py:190} INFO - [2026-04-23T20:20:56.804+0000] {dagbag.py:588} INFO - Filling up the DagBag from /opt/airflow/dags/daily_chek.py
[2026-04-23T20:20:56.814+0000] {processor.py:925} INFO - DAG(s) 'daily_check' retrieved from /opt/airflow/dags/daily_chek.py
[2026-04-23T20:20:56.841+0000] {logging_mixin.py:190} INFO - [2026-04-23T20:20:56.840+0000] {dag.py:3239} INFO - Sync 1 DAGs
[2026-04-23T20:20:56.976+0000] {logging_mixin.py:190} INFO - [2026-04-23T20:20:56.975+0000] {dag.py:4180} INFO - Setting next_dagrun for daily_check to 2026-04-23 00:00:00+00:00, run_after=2026-04-24 00:00:00+00:00
[2026-04-23T20:20:56.990+0000] {processor.py:208} INFO - Processing /opt/airflow/dags/daily_chek.py took 0.194 seconds
[2026-04-23T20:21:27.263+0000] {processor.py:186} INFO - Started process (PID=4495) to work on /opt/airflow/dags/daily_chek.py
[2026-04-23T20:21:27.263+0000] {processor.py:914} INFO - Processing file /opt/airflow/dags/daily_chek.py for tasks to queue
[2026-04-23T20:21:27.265+0000] {logging_mixin.py:190} INFO - [2026-04-23T20:21:27.265+0000] {dagbag.py:588} INFO - Filling up the DagBag from /opt/airflow/dags/daily_chek.py
[2026-04-23T20:21:27.275+0000] {processor.py:925} INFO - DAG(s) 'daily_check' retrieved from /opt/airflow/dags/daily_chek.py
[2026-04-23T20:21:27.296+0000] {logging_mixin.py:190} INFO - [2026-04-23T20:21:27.296+0000] {dag.py:3239} INFO - Sync 1 DAGs
[2026-04-23T20:21:27.323+0000] {logging_mixin.py:190} INFO - [2026-04-23T20:21:27.322+0000] {dag.py:4180} INFO - Setting next_dagrun for daily_check to 2026-04-23 00:00:00+00:00, run_after=2026-04-24 00:00:00+00:00
[2026-04-23T20:21:27.339+0000] {processor.py:208} INFO - Processing /opt/airflow/dags/daily_chek.py took 0.081 seconds
[2026-04-23T20:21:57.615+0000] {processor.py:186} INFO - Started process (PID=4516) to work on /opt/airflow/dags/daily_chek.py
[2026-04-23T20:21:57.616+0000] {processor.py:914} INFO - Processing file /opt/airflow/dags/daily_chek.py for tasks to queue
[2026-04-23T20:21:57.617+0000] {logging_mixin.py:190} INFO - [2026-04-23T20:21:57.617+0000] {dagbag.py:588} INFO - Filling up the DagBag from /opt/airflow/dags/daily_chek.py
[2026-04-23T20:21:57.627+0000] {processor.py:925} INFO - DAG(s) 'daily_check' retrieved from /opt/airflow/dags/daily_chek.py
[2026-04-23T20:21:57.648+0000] {logging_mixin.py:190} INFO - [2026-04-23T20:21:57.647+0000] {dag.py:3239} INFO - Sync 1 DAGs
[2026-04-23T20:21:57.669+0000] {logging_mixin.py:190} INFO - [2026-04-23T20:21:57.669+0000] {dag.py:4180} INFO - Setting next_dagrun for daily_check to 2026-04-23 00:00:00+00:00, run_after=2026-04-24 00:00:00+00:00
[2026-04-23T20:21:57.685+0000] {processor.py:208} INFO - Processing /opt/airflow/dags/daily_chek.py took 0.076 seconds
[2026-04-23T20:22:27.956+0000] {processor.py:186} INFO - Started process (PID=4537) to work on /opt/airflow/dags/daily_chek.py
[2026-04-23T20:22:27.957+0000] {processor.py:914} INFO - Processing file /opt/airflow/dags/daily_chek.py for tasks to queue
[2026-04-23T20:22:27.959+0000] {logging_mixin.py:190} INFO - [2026-04-23T20:22:27.959+0000] {dagbag.py:588} INFO - Filling up the DagBag from /opt/airflow/dags/daily_chek.py
[2026-04-23T20:22:27.969+0000] {processor.py:925} INFO - DAG(s) 'daily_check' retrieved from /opt/airflow/dags/daily_chek.py
[2026-04-23T20:22:27.989+0000] {logging_mixin.py:190} INFO - [2026-04-23T20:22:27.989+0000] {dag.py:3239} INFO - Sync 1 DAGs
[2026-04-23T20:22:28.011+0000] {logging_mixin.py:190} INFO - [2026-04-23T20:22:28.011+0000] {dag.py:4180} INFO - Setting next_dagrun for daily_check to 2026-04-23 00:00:00+00:00, run_after=2026-04-24 00:00:00+00:00
[2026-04-23T20:22:28.027+0000] {processor.py:208} INFO - Processing /opt/airflow/dags/daily_chek.py took 0.075 seconds
[2026-04-23T20:22:58.300+0000] {processor.py:186} INFO - Started process (PID=4558) to work on /opt/airflow/dags/daily_chek.py
[2026-04-23T20:22:58.302+0000] {processor.py:914} INFO - Processing file /opt/airflow/dags/daily_chek.py for tasks to queue
[2026-04-23T20:22:58.304+0000] {logging_mixin.py:190} INFO - [2026-04-23T20:22:58.303+0000] {dagbag.py:588} INFO - Filling up the DagBag from /opt/airflow/dags/daily_chek.py
[2026-04-23T20:22:58.313+0000] {processor.py:925} INFO - DAG(s) 'daily_check' retrieved from /opt/airflow/dags/daily_chek.py
[2026-04-23T20:22:58.337+0000] {logging_mixin.py:190} INFO - [2026-04-23T20:22:58.337+0000] {dag.py:3239} INFO - Sync 1 DAGs
[2026-04-23T20:22:58.359+0000] {logging_mixin.py:190} INFO - [2026-04-23T20:22:58.359+0000] {dag.py:4180} INFO - Setting next_dagrun for daily_check to 2026-04-23 00:00:00+00:00, run_after=2026-04-24 00:00:00+00:00
[2026-04-23T20:22:58.377+0000] {processor.py:208} INFO - Processing /opt/airflow/dags/daily_chek.py took 0.082 seconds
[2026-04-23T20:23:28.632+0000] {processor.py:186} INFO - Started process (PID=4579) to work on /opt/airflow/dags/daily_chek.py
[2026-04-23T20:23:28.632+0000] {processor.py:914} INFO - Processing file /opt/airflow/dags/daily_chek.py for tasks to queue
[2026-04-23T20:23:28.634+0000] {logging_mixin.py:190} INFO - [2026-04-23T20:23:28.633+0000] {dagbag.py:588} INFO - Filling up the DagBag from /opt/airflow/dags/daily_chek.py
[2026-04-23T20:23:28.644+0000] {processor.py:925} INFO - DAG(s) 'daily_check' retrieved from /opt/airflow/dags/daily_chek.py
[2026-04-23T20:23:28.664+0000] {logging_mixin.py:190} INFO - [2026-04-23T20:23:28.664+0000] {dag.py:3239} INFO - Sync 1 DAGs
[2026-04-23T20:23:28.801+0000] {logging_mixin.py:190} INFO - [2026-04-23T20:23:28.801+0000] {dag.py:4180} INFO - Setting next_dagrun for daily_check to 2026-04-23 00:00:00+00:00, run_after=2026-04-24 00:00:00+00:00
[2026-04-23T20:23:28.817+0000] {processor.py:208} INFO - Processing /opt/airflow/dags/daily_chek.py took 0.190 seconds
[2026-04-23T20:23:59.081+0000] {processor.py:186} INFO - Started process (PID=4600) to work on /opt/airflow/dags/daily_chek.py
[2026-04-23T20:23:59.082+0000] {processor.py:914} INFO - Processing file /opt/airflow/dags/daily_chek.py for tasks to queue
[2026-04-23T20:23:59.084+0000] {logging_mixin.py:190} INFO - [2026-04-23T20:23:59.084+0000] {dagbag.py:588} INFO - Filling up the DagBag from /opt/airflow/dags/daily_chek.py
[2026-04-23T20:23:59.097+0000] {processor.py:925} INFO - DAG(s) 'daily_check' retrieved from /opt/airflow/dags/daily_chek.py
[2026-04-23T20:23:59.118+0000] {logging_mixin.py:190} INFO - [2026-04-23T20:23:59.118+0000] {dag.py:3239} INFO - Sync 1 DAGs
[2026-04-23T20:23:59.249+0000] {logging_mixin.py:190} INFO - [2026-04-23T20:23:59.248+0000] {dag.py:4180} INFO - Setting next_dagrun for daily_check to 2026-04-23 00:00:00+00:00, run_after=2026-04-24 00:00:00+00:00
[2026-04-23T20:23:59.271+0000] {processor.py:208} INFO - Processing /opt/airflow/dags/daily_chek.py took 0.195 seconds
[2026-04-23T20:24:29.336+0000] {processor.py:186} INFO - Started process (PID=4621) to work on /opt/airflow/dags/daily_chek.py
[2026-04-23T20:24:29.336+0000] {processor.py:914} INFO - Processing file /opt/airflow/dags/daily_chek.py for tasks to queue
[2026-04-23T20:24:29.338+0000] {logging_mixin.py:190} INFO - [2026-04-23T20:24:29.338+0000] {dagbag.py:588} INFO - Filling up the DagBag from /opt/airflow/dags/daily_chek.py
[2026-04-23T20:24:29.347+0000] {processor.py:925} INFO - DAG(s) 'daily_check' retrieved from /opt/airflow/dags/daily_chek.py
[2026-04-23T20:24:29.374+0000] {logging_mixin.py:190} INFO - [2026-04-23T20:24:29.373+0000] {dag.py:3239} INFO - Sync 1 DAGs
[2026-04-23T20:24:29.397+0000] {logging_mixin.py:190} INFO - [2026-04-23T20:24:29.396+0000] {dag.py:4180} INFO - Setting next_dagrun for daily_check to 2026-04-23 00:00:00+00:00, run_after=2026-04-24 00:00:00+00:00
[2026-04-23T20:24:29.415+0000] {processor.py:208} INFO - Processing /opt/airflow/dags/daily_chek.py took 0.084 seconds
[2026-04-23T20:24:59.671+0000] {processor.py:186} INFO - Started process (PID=4642) to work on /opt/airflow/dags/daily_chek.py
[2026-04-23T20:24:59.672+0000] {processor.py:914} INFO - Processing file /opt/airflow/dags/daily_chek.py for tasks to queue
[2026-04-23T20:24:59.674+0000] {logging_mixin.py:190} INFO - [2026-04-23T20:24:59.673+0000] {dagbag.py:588} INFO - Filling up the DagBag from /opt/airflow/dags/daily_chek.py
[2026-04-23T20:24:59.683+0000] {processor.py:925} INFO - DAG(s) 'daily_check' retrieved from /opt/airflow/dags/daily_chek.py
[2026-04-23T20:24:59.714+0000] {logging_mixin.py:190} INFO - [2026-04-23T20:24:59.714+0000] {dag.py:3239} INFO - Sync 1 DAGs
[2026-04-23T20:24:59.735+0000] {logging_mixin.py:190} INFO - [2026-04-23T20:24:59.735+0000] {dag.py:4180} INFO - Setting next_dagrun for daily_check to 2026-04-23 00:00:00+00:00, run_after=2026-04-24 00:00:00+00:00
[2026-04-23T20:24:59.751+0000] {processor.py:208} INFO - Processing /opt/airflow/dags/daily_chek.py took 0.085 seconds
[2026-04-23T20:25:30.026+0000] {processor.py:186} INFO - Started process (PID=4663) to work on /opt/airflow/dags/daily_chek.py
[2026-04-23T20:25:30.027+0000] {processor.py:914} INFO - Processing file /opt/airflow/dags/daily_chek.py for tasks to queue
[2026-04-23T20:25:30.029+0000] {logging_mixin.py:190} INFO - [2026-04-23T20:25:30.029+0000] {dagbag.py:588} INFO - Filling up the DagBag from /opt/airflow/dags/daily_chek.py
[2026-04-23T20:25:30.039+0000] {processor.py:925} INFO - DAG(s) 'daily_check' retrieved from /opt/airflow/dags/daily_chek.py
[2026-04-23T20:25:30.059+0000] {logging_mixin.py:190} INFO - [2026-04-23T20:25:30.058+0000] {dag.py:3239} INFO - Sync 1 DAGs
[2026-04-23T20:25:30.084+0000] {logging_mixin.py:190} INFO - [2026-04-23T20:25:30.084+0000] {dag.py:4180} INFO - Setting next_dagrun for daily_check to 2026-04-23 00:00:00+00:00, run_after=2026-04-24 00:00:00+00:00
[2026-04-23T20:25:30.100+0000] {processor.py:208} INFO - Processing /opt/airflow/dags/daily_chek.py took 0.080 seconds
[2026-04-23T20:26:00.389+0000] {processor.py:186} INFO - Started process (PID=4684) to work on /opt/airflow/dags/daily_chek.py
[2026-04-23T20:26:00.391+0000] {processor.py:914} INFO - Processing file /opt/airflow/dags/daily_chek.py for tasks to queue
[2026-04-23T20:26:00.393+0000] {logging_mixin.py:190} INFO - [2026-04-23T20:26:00.393+0000] {dagbag.py:588} INFO - Filling up the DagBag from /opt/airflow/dags/daily_chek.py
[2026-04-23T20:26:00.402+0000] {processor.py:925} INFO - DAG(s) 'daily_check' retrieved from /opt/airflow/dags/daily_chek.py
[2026-04-23T20:26:00.423+0000] {logging_mixin.py:190} INFO - [2026-04-23T20:26:00.423+0000] {dag.py:3239} INFO - Sync 1 DAGs
[2026-04-23T20:26:00.443+0000] {logging_mixin.py:190} INFO - [2026-04-23T20:26:00.443+0000] {dag.py:4180} INFO - Setting next_dagrun for daily_check to 2026-04-23 00:00:00+00:00, run_after=2026-04-24 00:00:00+00:00
[2026-04-23T20:26:00.571+0000] {processor.py:208} INFO - Processing /opt/airflow/dags/daily_chek.py took 0.186 seconds
[2026-04-23T20:26:30.862+0000] {processor.py:186} INFO - Started process (PID=4705) to work on /opt/airflow/dags/daily_chek.py
[2026-04-23T20:26:30.863+0000] {processor.py:914} INFO - Processing file /opt/airflow/dags/daily_chek.py for tasks to queue
[2026-04-23T20:26:30.864+0000] {logging_mixin.py:190} INFO - [2026-04-23T20:26:30.864+0000] {dagbag.py:588} INFO - Filling up the DagBag from /opt/airflow/dags/daily_chek.py
[2026-04-23T20:26:30.874+0000] {processor.py:925} INFO - DAG(s) 'daily_check' retrieved from /opt/airflow/dags/daily_chek.py
[2026-04-23T20:26:30.894+0000] {logging_mixin.py:190} INFO - [2026-04-23T20:26:30.894+0000] {dag.py:3239} INFO - Sync 1 DAGs
[2026-04-23T20:26:31.030+0000] {logging_mixin.py:190} INFO - [2026-04-23T20:26:31.030+0000] {dag.py:4180} INFO - Setting next_dagrun for daily_check to 2026-04-23 00:00:00+00:00, run_after=2026-04-24 00:00:00+00:00
[2026-04-23T20:26:31.045+0000] {processor.py:208} INFO - Processing /opt/airflow/dags/daily_chek.py took 0.188 seconds
[2026-04-23T20:27:01.322+0000] {processor.py:186} INFO - Started process (PID=4726) to work on /opt/airflow/dags/daily_chek.py
[2026-04-23T20:27:01.323+0000] {processor.py:914} INFO - Processing file /opt/airflow/dags/daily_chek.py for tasks to queue
[2026-04-23T20:27:01.325+0000] {logging_mixin.py:190} INFO - [2026-04-23T20:27:01.325+0000] {dagbag.py:588} INFO - Filling up the DagBag from /opt/airflow/dags/daily_chek.py
[2026-04-23T20:27:01.334+0000] {processor.py:925} INFO - DAG(s) 'daily_check' retrieved from /opt/airflow/dags/daily_chek.py
[2026-04-23T20:27:01.363+0000] {logging_mixin.py:190} INFO - [2026-04-23T20:27:01.362+0000] {dag.py:3239} INFO - Sync 1 DAGs
[2026-04-23T20:27:01.385+0000] {logging_mixin.py:190} INFO - [2026-04-23T20:27:01.385+0000] {dag.py:4180} INFO - Setting next_dagrun for daily_check to 2026-04-23 00:00:00+00:00, run_after=2026-04-24 00:00:00+00:00
[2026-04-23T20:27:01.401+0000] {processor.py:208} INFO - Processing /opt/airflow/dags/daily_chek.py took 0.084 seconds
[2026-04-23T20:27:31.685+0000] {processor.py:186} INFO - Started process (PID=4747) to work on /opt/airflow/dags/daily_chek.py
[2026-04-23T20:27:31.685+0000] {processor.py:914} INFO - Processing file /opt/airflow/dags/daily_chek.py for tasks to queue
[2026-04-23T20:27:31.687+0000] {logging_mixin.py:190} INFO - [2026-04-23T20:27:31.687+0000] {dagbag.py:588} INFO - Filling up the DagBag from /opt/airflow/dags/daily_chek.py
[2026-04-23T20:27:31.697+0000] {processor.py:925} INFO - DAG(s) 'daily_check' retrieved from /opt/airflow/dags/daily_chek.py
[2026-04-23T20:27:31.716+0000] {logging_mixin.py:190} INFO - [2026-04-23T20:27:31.716+0000] {dag.py:3239} INFO - Sync 1 DAGs
[2026-04-23T20:27:31.738+0000] {logging_mixin.py:190} INFO - [2026-04-23T20:27:31.738+0000] {dag.py:4180} INFO - Setting next_dagrun for daily_check to 2026-04-23 00:00:00+00:00, run_after=2026-04-24 00:00:00+00:00
[2026-04-23T20:27:31.753+0000] {processor.py:208} INFO - Processing /opt/airflow/dags/daily_chek.py took 0.073 seconds
[2026-04-23T20:28:02.083+0000] {processor.py:186} INFO - Started process (PID=4769) to work on /opt/airflow/dags/daily_chek.py
[2026-04-23T20:28:02.084+0000] {processor.py:914} INFO - Processing file /opt/airflow/dags/daily_chek.py for tasks to queue
[2026-04-23T20:28:02.087+0000] {logging_mixin.py:190} INFO - [2026-04-23T20:28:02.087+0000] {dagbag.py:588} INFO - Filling up the DagBag from /opt/airflow/dags/daily_chek.py
[2026-04-23T20:28:02.096+0000] {processor.py:925} INFO - DAG(s) 'daily_check' retrieved from /opt/airflow/dags/daily_chek.py
[2026-04-23T20:28:02.118+0000] {logging_mixin.py:190} INFO - [2026-04-23T20:28:02.118+0000] {dag.py:3239} INFO - Sync 1 DAGs
[2026-04-23T20:28:02.144+0000] {logging_mixin.py:190} INFO - [2026-04-23T20:28:02.144+0000] {dag.py:4180} INFO - Setting next_dagrun for daily_check to 2026-04-23 00:00:00+00:00, run_after=2026-04-24 00:00:00+00:00
[2026-04-23T20:28:02.162+0000] {processor.py:208} INFO - Processing /opt/airflow/dags/daily_chek.py took 0.084 seconds
[2026-04-23T20:28:32.441+0000] {processor.py:186} INFO - Started process (PID=4790) to work on /opt/airflow/dags/daily_chek.py
[2026-04-23T20:28:32.441+0000] {processor.py:914} INFO - Processing file /opt/airflow/dags/daily_chek.py for tasks to queue
[2026-04-23T20:28:32.444+0000] {logging_mixin.py:190} INFO - [2026-04-23T20:28:32.443+0000] {dagbag.py:588} INFO - Filling up the DagBag from /opt/airflow/dags/daily_chek.py
[2026-04-23T20:28:32.453+0000] {processor.py:925} INFO - DAG(s) 'daily_check' retrieved from /opt/airflow/dags/daily_chek.py
[2026-04-23T20:28:32.476+0000] {logging_mixin.py:190} INFO - [2026-04-23T20:28:32.476+0000] {dag.py:3239} INFO - Sync 1 DAGs
[2026-04-23T20:28:32.497+0000] {logging_mixin.py:190} INFO - [2026-04-23T20:28:32.497+0000] {dag.py:4180} INFO - Setting next_dagrun for daily_check to 2026-04-23 00:00:00+00:00, run_after=2026-04-24 00:00:00+00:00
[2026-04-23T20:28:32.515+0000] {processor.py:208} INFO - Processing /opt/airflow/dags/daily_chek.py took 0.078 seconds
[2026-04-23T20:29:02.796+0000] {processor.py:186} INFO - Started process (PID=4811) to work on /opt/airflow/dags/daily_chek.py
[2026-04-23T20:29:02.797+0000] {processor.py:914} INFO - Processing file /opt/airflow/dags/daily_chek.py for tasks to queue
[2026-04-23T20:29:02.800+0000] {logging_mixin.py:190} INFO - [2026-04-23T20:29:02.799+0000] {dagbag.py:588} INFO - Filling up the DagBag from /opt/airflow/dags/daily_chek.py
[2026-04-23T20:29:02.813+0000] {processor.py:925} INFO - DAG(s) 'daily_check' retrieved from /opt/airflow/dags/daily_chek.py
[2026-04-23T20:29:02.835+0000] {logging_mixin.py:190} INFO - [2026-04-23T20:29:02.835+0000] {dag.py:3239} INFO - Sync 1 DAGs
[2026-04-23T20:29:02.973+0000] {logging_mixin.py:190} INFO - [2026-04-23T20:29:02.973+0000] {dag.py:4180} INFO - Setting next_dagrun for daily_check to 2026-04-23 00:00:00+00:00, run_after=2026-04-24 00:00:00+00:00
[2026-04-23T20:29:02.988+0000] {processor.py:208} INFO - Processing /opt/airflow/dags/daily_chek.py took 0.200 seconds
[2026-04-23T20:29:33.271+0000] {processor.py:186} INFO - Started process (PID=4832) to work on /opt/airflow/dags/daily_chek.py
[2026-04-23T20:29:33.272+0000] {processor.py:914} INFO - Processing file /opt/airflow/dags/daily_chek.py for tasks to queue
[2026-04-23T20:29:33.274+0000] {logging_mixin.py:190} INFO - [2026-04-23T20:29:33.273+0000] {dagbag.py:588} INFO - Filling up the DagBag from /opt/airflow/dags/daily_chek.py
[2026-04-23T20:29:33.284+0000] {processor.py:925} INFO - DAG(s) 'daily_check' retrieved from /opt/airflow/dags/daily_chek.py
[2026-04-23T20:29:33.307+0000] {logging_mixin.py:190} INFO - [2026-04-23T20:29:33.307+0000] {dag.py:3239} INFO - Sync 1 DAGs
[2026-04-23T20:29:33.437+0000] {logging_mixin.py:190} INFO - [2026-04-23T20:29:33.437+0000] {dag.py:4180} INFO - Setting next_dagrun for daily_check to 2026-04-23 00:00:00+00:00, run_after=2026-04-24 00:00:00+00:00
[2026-04-23T20:29:33.459+0000] {processor.py:208} INFO - Processing /opt/airflow/dags/daily_chek.py took 0.192 seconds
[2026-04-23T20:30:03.747+0000] {processor.py:186} INFO - Started process (PID=4853) to work on /opt/airflow/dags/daily_chek.py
[2026-04-23T20:30:03.747+0000] {processor.py:914} INFO - Processing file /opt/airflow/dags/daily_chek.py for tasks to queue
[2026-04-23T20:30:03.749+0000] {logging_mixin.py:190} INFO - [2026-04-23T20:30:03.749+0000] {dagbag.py:588} INFO - Filling up the DagBag from /opt/airflow/dags/daily_chek.py
[2026-04-23T20:30:03.759+0000] {processor.py:925} INFO - DAG(s) 'daily_check' retrieved from /opt/airflow/dags/daily_chek.py
[2026-04-23T20:30:03.779+0000] {logging_mixin.py:190} INFO - [2026-04-23T20:30:03.779+0000] {dag.py:3239} INFO - Sync 1 DAGs
[2026-04-23T20:30:03.801+0000] {logging_mixin.py:190} INFO - [2026-04-23T20:30:03.800+0000] {dag.py:4180} INFO - Setting next_dagrun for daily_check to 2026-04-23 00:00:00+00:00, run_after=2026-04-24 00:00:00+00:00
[2026-04-23T20:30:03.819+0000] {processor.py:208} INFO - Processing /opt/airflow/dags/daily_chek.py took 0.077 seconds
[2026-04-23T20:30:34.050+0000] {processor.py:186} INFO - Started process (PID=4874) to work on /opt/airflow/dags/daily_chek.py
[2026-04-23T20:30:34.051+0000] {processor.py:914} INFO - Processing file /opt/airflow/dags/daily_chek.py for tasks to queue
[2026-04-23T20:30:34.052+0000] {logging_mixin.py:190} INFO - [2026-04-23T20:30:34.052+0000] {dagbag.py:588} INFO - Filling up the DagBag from /opt/airflow/dags/daily_chek.py
[2026-04-23T20:30:34.063+0000] {processor.py:925} INFO - DAG(s) 'daily_check' retrieved from /opt/airflow/dags/daily_chek.py
[2026-04-23T20:30:34.084+0000] {logging_mixin.py:190} INFO - [2026-04-23T20:30:34.083+0000] {dag.py:3239} INFO - Sync 1 DAGs
[2026-04-23T20:30:34.106+0000] {logging_mixin.py:190} INFO - [2026-04-23T20:30:34.106+0000] {dag.py:4180} INFO - Setting next_dagrun for daily_check to 2026-04-23 00:00:00+00:00, run_after=2026-04-24 00:00:00+00:00
[2026-04-23T20:30:34.122+0000] {processor.py:208} INFO - Processing /opt/airflow/dags/daily_chek.py took 0.077 seconds
[2026-04-23T20:31:04.413+0000] {processor.py:186} INFO - Started process (PID=4895) to work on /opt/airflow/dags/daily_chek.py
[2026-04-23T20:31:04.414+0000] {processor.py:914} INFO - Processing file /opt/airflow/dags/daily_chek.py for tasks to queue
[2026-04-23T20:31:04.417+0000] {logging_mixin.py:190} INFO - [2026-04-23T20:31:04.417+0000] {dagbag.py:588} INFO - Filling up the DagBag from /opt/airflow/dags/daily_chek.py
[2026-04-23T20:31:04.430+0000] {processor.py:925} INFO - DAG(s) 'daily_check' retrieved from /opt/airflow/dags/daily_chek.py
[2026-04-23T20:31:04.453+0000] {logging_mixin.py:190} INFO - [2026-04-23T20:31:04.453+0000] {dag.py:3239} INFO - Sync 1 DAGs
[2026-04-23T20:31:04.476+0000] {logging_mixin.py:190} INFO - [2026-04-23T20:31:04.476+0000] {dag.py:4180} INFO - Setting next_dagrun for daily_check to 2026-04-23 00:00:00+00:00, run_after=2026-04-24 00:00:00+00:00
[2026-04-23T20:31:04.492+0000] {processor.py:208} INFO - Processing /opt/airflow/dags/daily_chek.py took 0.087 seconds
[2026-04-23T20:31:34.797+0000] {processor.py:186} INFO - Started process (PID=4916) to work on /opt/airflow/dags/daily_chek.py
[2026-04-23T20:31:34.797+0000] {processor.py:914} INFO - Processing file /opt/airflow/dags/daily_chek.py for tasks to queue
[2026-04-23T20:31:34.799+0000] {logging_mixin.py:190} INFO - [2026-04-23T20:31:34.799+0000] {dagbag.py:588} INFO - Filling up the DagBag from /opt/airflow/dags/daily_chek.py
[2026-04-23T20:31:34.809+0000] {processor.py:925} INFO - DAG(s) 'daily_check' retrieved from /opt/airflow/dags/daily_chek.py
[2026-04-23T20:31:34.830+0000] {logging_mixin.py:190} INFO - [2026-04-23T20:31:34.830+0000] {dag.py:3239} INFO - Sync 1 DAGs
[2026-04-23T20:31:34.851+0000] {logging_mixin.py:190} INFO - [2026-04-23T20:31:34.851+0000] {dag.py:4180} INFO - Setting next_dagrun for daily_check to 2026-04-23 00:00:00+00:00, run_after=2026-04-24 00:00:00+00:00
[2026-04-23T20:31:34.978+0000] {processor.py:208} INFO - Processing /opt/airflow/dags/daily_chek.py took 0.186 seconds
[2026-04-23T20:32:05.276+0000] {processor.py:186} INFO - Started process (PID=4937) to work on /opt/airflow/dags/daily_chek.py
[2026-04-23T20:32:05.277+0000] {processor.py:914} INFO - Processing file /opt/airflow/dags/daily_chek.py for tasks to queue
[2026-04-23T20:32:05.278+0000] {logging_mixin.py:190} INFO - [2026-04-23T20:32:05.278+0000] {dagbag.py:588} INFO - Filling up the DagBag from /opt/airflow/dags/daily_chek.py
[2026-04-23T20:32:05.288+0000] {processor.py:925} INFO - DAG(s) 'daily_check' retrieved from /opt/airflow/dags/daily_chek.py
[2026-04-23T20:32:05.308+0000] {logging_mixin.py:190} INFO - [2026-04-23T20:32:05.308+0000] {dag.py:3239} INFO - Sync 1 DAGs
[2026-04-23T20:32:05.438+0000] {logging_mixin.py:190} INFO - [2026-04-23T20:32:05.438+0000] {dag.py:4180} INFO - Setting next_dagrun for daily_check to 2026-04-23 00:00:00+00:00, run_after=2026-04-24 00:00:00+00:00
[2026-04-23T20:32:05.460+0000] {processor.py:208} INFO - Processing /opt/airflow/dags/daily_chek.py took 0.190 seconds
[2026-04-23T20:32:35.539+0000] {processor.py:186} INFO - Started process (PID=4958) to work on /opt/airflow/dags/daily_chek.py
[2026-04-23T20:32:35.540+0000] {processor.py:914} INFO - Processing file /opt/airflow/dags/daily_chek.py for tasks to queue
[2026-04-23T20:32:35.542+0000] {logging_mixin.py:190} INFO - [2026-04-23T20:32:35.541+0000] {dagbag.py:588} INFO - Filling up the DagBag from /opt/airflow/dags/daily_chek.py
[2026-04-23T20:32:35.554+0000] {processor.py:925} INFO - DAG(s) 'daily_check' retrieved from /opt/airflow/dags/daily_chek.py
[2026-04-23T20:32:35.576+0000] {logging_mixin.py:190} INFO - [2026-04-23T20:32:35.575+0000] {dag.py:3239} INFO - Sync 1 DAGs
[2026-04-23T20:32:35.599+0000] {logging_mixin.py:190} INFO - [2026-04-23T20:32:35.599+0000] {dag.py:4180} INFO - Setting next_dagrun for daily_check to 2026-04-23 00:00:00+00:00, run_after=2026-04-24 00:00:00+00:00
[2026-04-23T20:32:35.616+0000] {processor.py:208} INFO - Processing /opt/airflow/dags/daily_chek.py took 0.082 seconds
[2026-04-23T20:33:05.919+0000] {processor.py:186} INFO - Started process (PID=4979) to work on /opt/airflow/dags/daily_chek.py
[2026-04-23T20:33:05.921+0000] {processor.py:914} INFO - Processing file /opt/airflow/dags/daily_chek.py for tasks to queue
[2026-04-23T20:33:05.922+0000] {logging_mixin.py:190} INFO - [2026-04-23T20:33:05.922+0000] {dagbag.py:588} INFO - Filling up the DagBag from /opt/airflow/dags/daily_chek.py
[2026-04-23T20:33:05.932+0000] {processor.py:925} INFO - DAG(s) 'daily_check' retrieved from /opt/airflow/dags/daily_chek.py
[2026-04-23T20:33:05.958+0000] {logging_mixin.py:190} INFO - [2026-04-23T20:33:05.957+0000] {dag.py:3239} INFO - Sync 1 DAGs
[2026-04-23T20:33:05.981+0000] {logging_mixin.py:190} INFO - [2026-04-23T20:33:05.981+0000] {dag.py:4180} INFO - Setting next_dagrun for daily_check to 2026-04-23 00:00:00+00:00, run_after=2026-04-24 00:00:00+00:00
[2026-04-23T20:33:05.998+0000] {processor.py:208} INFO - Processing /opt/airflow/dags/daily_chek.py took 0.084 seconds
[2026-04-23T20:33:36.276+0000] {processor.py:186} INFO - Started process (PID=5000) to work on /opt/airflow/dags/daily_chek.py
[2026-04-23T20:33:36.276+0000] {processor.py:914} INFO - Processing file /opt/airflow/dags/daily_chek.py for tasks to queue
[2026-04-23T20:33:36.278+0000] {logging_mixin.py:190} INFO - [2026-04-23T20:33:36.278+0000] {dagbag.py:588} INFO - Filling up the DagBag from /opt/airflow/dags/daily_chek.py
[2026-04-23T20:33:36.288+0000] {processor.py:925} INFO - DAG(s) 'daily_check' retrieved from /opt/airflow/dags/daily_chek.py
[2026-04-23T20:33:36.308+0000] {logging_mixin.py:190} INFO - [2026-04-23T20:33:36.308+0000] {dag.py:3239} INFO - Sync 1 DAGs
[2026-04-23T20:33:36.331+0000] {logging_mixin.py:190} INFO - [2026-04-23T20:33:36.331+0000] {dag.py:4180} INFO - Setting next_dagrun for daily_check to 2026-04-23 00:00:00+00:00, run_after=2026-04-24 00:00:00+00:00
[2026-04-23T20:33:36.347+0000] {processor.py:208} INFO - Processing /opt/airflow/dags/daily_chek.py took 0.077 seconds
[2026-04-23T20:34:06.636+0000] {processor.py:186} INFO - Started process (PID=5027) to work on /opt/airflow/dags/daily_chek.py
[2026-04-23T20:34:06.639+0000] {processor.py:914} INFO - Processing file /opt/airflow/dags/daily_chek.py for tasks to queue
[2026-04-23T20:34:06.641+0000] {logging_mixin.py:190} INFO - [2026-04-23T20:34:06.640+0000] {dagbag.py:588} INFO - Filling up the DagBag from /opt/airflow/dags/daily_chek.py
[2026-04-23T20:34:06.650+0000] {processor.py:925} INFO - DAG(s) 'daily_check' retrieved from /opt/airflow/dags/daily_chek.py
[2026-04-23T20:34:06.672+0000] {logging_mixin.py:190} INFO - [2026-04-23T20:34:06.671+0000] {dag.py:3239} INFO - Sync 1 DAGs
[2026-04-23T20:34:06.700+0000] {logging_mixin.py:190} INFO - [2026-04-23T20:34:06.699+0000] {dag.py:4180} INFO - Setting next_dagrun for daily_check to 2026-04-23 00:00:00+00:00, run_after=2026-04-24 00:00:00+00:00
[2026-04-23T20:34:06.718+0000] {processor.py:208} INFO - Processing /opt/airflow/dags/daily_chek.py took 0.089 seconds
[2026-04-23T20:34:37.021+0000] {processor.py:186} INFO - Started process (PID=5048) to work on /opt/airflow/dags/daily_chek.py
[2026-04-23T20:34:37.022+0000] {processor.py:914} INFO - Processing file /opt/airflow/dags/daily_chek.py for tasks to queue
[2026-04-23T20:34:37.024+0000] {logging_mixin.py:190} INFO - [2026-04-23T20:34:37.024+0000] {dagbag.py:588} INFO - Filling up the DagBag from /opt/airflow/dags/daily_chek.py
[2026-04-23T20:34:37.038+0000] {processor.py:925} INFO - DAG(s) 'daily_check' retrieved from /opt/airflow/dags/daily_chek.py
[2026-04-23T20:34:37.058+0000] {logging_mixin.py:190} INFO - [2026-04-23T20:34:37.058+0000] {dag.py:3239} INFO - Sync 1 DAGs
[2026-04-23T20:34:37.080+0000] {logging_mixin.py:190} INFO - [2026-04-23T20:34:37.080+0000] {dag.py:4180} INFO - Setting next_dagrun for daily_check to 2026-04-23 00:00:00+00:00, run_after=2026-04-24 00:00:00+00:00
[2026-04-23T20:34:37.209+0000] {processor.py:208} INFO - Processing /opt/airflow/dags/daily_chek.py took 0.196 seconds
[2026-04-23T20:35:07.494+0000] {processor.py:186} INFO - Started process (PID=5069) to work on /opt/airflow/dags/daily_chek.py
[2026-04-23T20:35:07.494+0000] {processor.py:914} INFO - Processing file /opt/airflow/dags/daily_chek.py for tasks to queue
[2026-04-23T20:35:07.496+0000] {logging_mixin.py:190} INFO - [2026-04-23T20:35:07.496+0000] {dagbag.py:588} INFO - Filling up the DagBag from /opt/airflow/dags/daily_chek.py
[2026-04-23T20:35:07.506+0000] {processor.py:925} INFO - DAG(s) 'daily_check' retrieved from /opt/airflow/dags/daily_chek.py
[2026-04-23T20:35:07.526+0000] {logging_mixin.py:190} INFO - [2026-04-23T20:35:07.526+0000] {dag.py:3239} INFO - Sync 1 DAGs
[2026-04-23T20:35:07.659+0000] {logging_mixin.py:190} INFO - [2026-04-23T20:35:07.659+0000] {dag.py:4180} INFO - Setting next_dagrun for daily_check to 2026-04-23 00:00:00+00:00, run_after=2026-04-24 00:00:00+00:00
[2026-04-23T20:35:07.675+0000] {processor.py:208} INFO - Processing /opt/airflow/dags/daily_chek.py took 0.187 seconds
[2026-04-23T20:35:37.986+0000] {processor.py:186} INFO - Started process (PID=5090) to work on /opt/airflow/dags/daily_chek.py
[2026-04-23T20:35:37.987+0000] {processor.py:914} INFO - Processing file /opt/airflow/dags/daily_chek.py for tasks to queue
[2026-04-23T20:35:37.988+0000] {logging_mixin.py:190} INFO - [2026-04-23T20:35:37.988+0000] {dagbag.py:588} INFO - Filling up the DagBag from /opt/airflow/dags/daily_chek.py
[2026-04-23T20:35:37.998+0000] {processor.py:925} INFO - DAG(s) 'daily_check' retrieved from /opt/airflow/dags/daily_chek.py
[2026-04-23T20:35:38.018+0000] {logging_mixin.py:190} INFO - [2026-04-23T20:35:38.018+0000] {dag.py:3239} INFO - Sync 1 DAGs
[2026-04-23T20:35:38.039+0000] {logging_mixin.py:190} INFO - [2026-04-23T20:35:38.039+0000] {dag.py:4180} INFO - Setting next_dagrun for daily_check to 2026-04-23 00:00:00+00:00, run_after=2026-04-24 00:00:00+00:00
[2026-04-23T20:35:38.055+0000] {processor.py:208} INFO - Processing /opt/airflow/dags/daily_chek.py took 0.073 seconds
[2026-04-23T20:36:08.348+0000] {processor.py:186} INFO - Started process (PID=5111) to work on /opt/airflow/dags/daily_chek.py
[2026-04-23T20:36:08.350+0000] {processor.py:914} INFO - Processing file /opt/airflow/dags/daily_chek.py for tasks to queue
[2026-04-23T20:36:08.352+0000] {logging_mixin.py:190} INFO - [2026-04-23T20:36:08.352+0000] {dagbag.py:588} INFO - Filling up the DagBag from /opt/airflow/dags/daily_chek.py
[2026-04-23T20:36:08.361+0000] {processor.py:925} INFO - DAG(s) 'daily_check' retrieved from /opt/airflow/dags/daily_chek.py
[2026-04-23T20:36:08.382+0000] {logging_mixin.py:190} INFO - [2026-04-23T20:36:08.381+0000] {dag.py:3239} INFO - Sync 1 DAGs
[2026-04-23T20:36:08.402+0000] {logging_mixin.py:190} INFO - [2026-04-23T20:36:08.402+0000] {dag.py:4180} INFO - Setting next_dagrun for daily_check to 2026-04-23 00:00:00+00:00, run_after=2026-04-24 00:00:00+00:00
[2026-04-23T20:36:08.418+0000] {processor.py:208} INFO - Processing /opt/airflow/dags/daily_chek.py took 0.075 seconds
[2026-04-23T20:36:38.714+0000] {processor.py:186} INFO - Started process (PID=5132) to work on /opt/airflow/dags/daily_chek.py
[2026-04-23T20:36:38.715+0000] {processor.py:914} INFO - Processing file /opt/airflow/dags/daily_chek.py for tasks to queue
[2026-04-23T20:36:38.718+0000] {logging_mixin.py:190} INFO - [2026-04-23T20:36:38.718+0000] {dagbag.py:588} INFO - Filling up the DagBag from /opt/airflow/dags/daily_chek.py
[2026-04-23T20:36:38.731+0000] {processor.py:925} INFO - DAG(s) 'daily_check' retrieved from /opt/airflow/dags/daily_chek.py
[2026-04-23T20:36:38.751+0000] {logging_mixin.py:190} INFO - [2026-04-23T20:36:38.751+0000] {dag.py:3239} INFO - Sync 1 DAGs
[2026-04-23T20:36:38.772+0000] {logging_mixin.py:190} INFO - [2026-04-23T20:36:38.772+0000] {dag.py:4180} INFO - Setting next_dagrun for daily_check to 2026-04-23 00:00:00+00:00, run_after=2026-04-24 00:00:00+00:00
[2026-04-23T20:36:38.788+0000] {processor.py:208} INFO - Processing /opt/airflow/dags/daily_chek.py took 0.085 seconds
[2026-04-23T20:37:09.089+0000] {processor.py:186} INFO - Started process (PID=5153) to work on /opt/airflow/dags/daily_chek.py
[2026-04-23T20:37:09.090+0000] {processor.py:914} INFO - Processing file /opt/airflow/dags/daily_chek.py for tasks to queue
[2026-04-23T20:37:09.093+0000] {logging_mixin.py:190} INFO - [2026-04-23T20:37:09.093+0000] {dagbag.py:588} INFO - Filling up the DagBag from /opt/airflow/dags/daily_chek.py
[2026-04-23T20:37:09.106+0000] {processor.py:925} INFO - DAG(s) 'daily_check' retrieved from /opt/airflow/dags/daily_chek.py
[2026-04-23T20:37:09.126+0000] {logging_mixin.py:190} INFO - [2026-04-23T20:37:09.126+0000] {dag.py:3239} INFO - Sync 1 DAGs
[2026-04-23T20:37:09.147+0000] {logging_mixin.py:190} INFO - [2026-04-23T20:37:09.147+0000] {dag.py:4180} INFO - Setting next_dagrun for daily_check to 2026-04-23 00:00:00+00:00, run_after=2026-04-24 00:00:00+00:00
[2026-04-23T20:37:09.282+0000] {processor.py:208} INFO - Processing /opt/airflow/dags/daily_chek.py took 0.203 seconds
[2026-04-23T20:37:39.587+0000] {processor.py:186} INFO - Started process (PID=5174) to work on /opt/airflow/dags/daily_chek.py
[2026-04-23T20:37:39.588+0000] {processor.py:914} INFO - Processing file /opt/airflow/dags/daily_chek.py for tasks to queue
[2026-04-23T20:37:39.590+0000] {logging_mixin.py:190} INFO - [2026-04-23T20:37:39.589+0000] {dagbag.py:588} INFO - Filling up the DagBag from /opt/airflow/dags/daily_chek.py
[2026-04-23T20:37:39.600+0000] {processor.py:925} INFO - DAG(s) 'daily_check' retrieved from /opt/airflow/dags/daily_chek.py
[2026-04-23T20:37:39.620+0000] {logging_mixin.py:190} INFO - [2026-04-23T20:37:39.620+0000] {dag.py:3239} INFO - Sync 1 DAGs
[2026-04-23T20:37:39.754+0000] {logging_mixin.py:190} INFO - [2026-04-23T20:37:39.754+0000] {dag.py:4180} INFO - Setting next_dagrun for daily_check to 2026-04-23 00:00:00+00:00, run_after=2026-04-24 00:00:00+00:00
[2026-04-23T20:37:39.776+0000] {processor.py:208} INFO - Processing /opt/airflow/dags/daily_chek.py took 0.193 seconds
[2026-04-23T20:38:10.070+0000] {processor.py:186} INFO - Started process (PID=5195) to work on /opt/airflow/dags/daily_chek.py
[2026-04-23T20:38:10.071+0000] {processor.py:914} INFO - Processing file /opt/airflow/dags/daily_chek.py for tasks to queue
[2026-04-23T20:38:10.072+0000] {logging_mixin.py:190} INFO - [2026-04-23T20:38:10.072+0000] {dagbag.py:588} INFO - Filling up the DagBag from /opt/airflow/dags/daily_chek.py
[2026-04-23T20:38:10.082+0000] {processor.py:925} INFO - DAG(s) 'daily_check' retrieved from /opt/airflow/dags/daily_chek.py
[2026-04-23T20:38:10.105+0000] {logging_mixin.py:190} INFO - [2026-04-23T20:38:10.104+0000] {dag.py:3239} INFO - Sync 1 DAGs
[2026-04-23T20:38:10.236+0000] {logging_mixin.py:190} INFO - [2026-04-23T20:38:10.236+0000] {dag.py:4180} INFO - Setting next_dagrun for daily_check to 2026-04-23 00:00:00+00:00, run_after=2026-04-24 00:00:00+00:00
[2026-04-23T20:38:10.252+0000] {processor.py:208} INFO - Processing /opt/airflow/dags/daily_chek.py took 0.186 seconds
[2026-04-23T20:38:40.521+0000] {processor.py:186} INFO - Started process (PID=5216) to work on /opt/airflow/dags/daily_chek.py
[2026-04-23T20:38:40.523+0000] {processor.py:914} INFO - Processing file /opt/airflow/dags/daily_chek.py for tasks to queue
[2026-04-23T20:38:40.525+0000] {logging_mixin.py:190} INFO - [2026-04-23T20:38:40.524+0000] {dagbag.py:588} INFO - Filling up the DagBag from /opt/airflow/dags/daily_chek.py
[2026-04-23T20:38:40.534+0000] {processor.py:925} INFO - DAG(s) 'daily_check' retrieved from /opt/airflow/dags/daily_chek.py
[2026-04-23T20:38:40.556+0000] {logging_mixin.py:190} INFO - [2026-04-23T20:38:40.555+0000] {dag.py:3239} INFO - Sync 1 DAGs
[2026-04-23T20:38:40.577+0000] {logging_mixin.py:190} INFO - [2026-04-23T20:38:40.576+0000] {dag.py:4180} INFO - Setting next_dagrun for daily_check to 2026-04-23 00:00:00+00:00, run_after=2026-04-24 00:00:00+00:00
[2026-04-23T20:38:40.594+0000] {processor.py:208} INFO - Processing /opt/airflow/dags/daily_chek.py took 0.077 seconds
[2026-04-23T20:39:10.883+0000] {processor.py:186} INFO - Started process (PID=5237) to work on /opt/airflow/dags/daily_chek.py
[2026-04-23T20:39:10.884+0000] {processor.py:914} INFO - Processing file /opt/airflow/dags/daily_chek.py for tasks to queue
[2026-04-23T20:39:10.886+0000] {logging_mixin.py:190} INFO - [2026-04-23T20:39:10.885+0000] {dagbag.py:588} INFO - Filling up the DagBag from /opt/airflow/dags/daily_chek.py
[2026-04-23T20:39:10.895+0000] {processor.py:925} INFO - DAG(s) 'daily_check' retrieved from /opt/airflow/dags/daily_chek.py
[2026-04-23T20:39:10.919+0000] {logging_mixin.py:190} INFO - [2026-04-23T20:39:10.919+0000] {dag.py:3239} INFO - Sync 1 DAGs
[2026-04-23T20:39:10.940+0000] {logging_mixin.py:190} INFO - [2026-04-23T20:39:10.940+0000] {dag.py:4180} INFO - Setting next_dagrun for daily_check to 2026-04-23 00:00:00+00:00, run_after=2026-04-24 00:00:00+00:00
[2026-04-23T20:39:10.956+0000] {processor.py:208} INFO - Processing /opt/airflow/dags/daily_chek.py took 0.078 seconds
[2026-04-23T20:39:41.240+0000] {processor.py:186} INFO - Started process (PID=5258) to work on /opt/airflow/dags/daily_chek.py
[2026-04-23T20:39:41.241+0000] {processor.py:914} INFO - Processing file /opt/airflow/dags/daily_chek.py for tasks to queue
[2026-04-23T20:39:41.243+0000] {logging_mixin.py:190} INFO - [2026-04-23T20:39:41.243+0000] {dagbag.py:588} INFO - Filling up the DagBag from /opt/airflow/dags/daily_chek.py
[2026-04-23T20:39:41.252+0000] {processor.py:925} INFO - DAG(s) 'daily_check' retrieved from /opt/airflow/dags/daily_chek.py
[2026-04-23T20:39:41.280+0000] {logging_mixin.py:190} INFO - [2026-04-23T20:39:41.280+0000] {dag.py:3239} INFO - Sync 1 DAGs
[2026-04-23T20:39:41.303+0000] {logging_mixin.py:190} INFO - [2026-04-23T20:39:41.303+0000] {dag.py:4180} INFO - Setting next_dagrun for daily_check to 2026-04-23 00:00:00+00:00, run_after=2026-04-24 00:00:00+00:00
[2026-04-23T20:39:41.320+0000] {processor.py:208} INFO - Processing /opt/airflow/dags/daily_chek.py took 0.085 seconds
[2026-04-23T20:40:11.612+0000] {processor.py:186} INFO - Started process (PID=5279) to work on /opt/airflow/dags/daily_chek.py
[2026-04-23T20:40:11.612+0000] {processor.py:914} INFO - Processing file /opt/airflow/dags/daily_chek.py for tasks to queue
[2026-04-23T20:40:11.614+0000] {logging_mixin.py:190} INFO - [2026-04-23T20:40:11.614+0000] {dagbag.py:588} INFO - Filling up the DagBag from /opt/airflow/dags/daily_chek.py
[2026-04-23T20:40:11.623+0000] {processor.py:925} INFO - DAG(s) 'daily_check' retrieved from /opt/airflow/dags/daily_chek.py
[2026-04-23T20:40:11.643+0000] {logging_mixin.py:190} INFO - [2026-04-23T20:40:11.643+0000] {dag.py:3239} INFO - Sync 1 DAGs
[2026-04-23T20:40:11.664+0000] {logging_mixin.py:190} INFO - [2026-04-23T20:40:11.664+0000] {dag.py:4180} INFO - Setting next_dagrun for daily_check to 2026-04-23 00:00:00+00:00, run_after=2026-04-24 00:00:00+00:00
[2026-04-23T20:40:11.797+0000] {processor.py:208} INFO - Processing /opt/airflow/dags/daily_chek.py took 0.190 seconds
[2026-04-23T20:40:42.074+0000] {processor.py:186} INFO - Started process (PID=5300) to work on /opt/airflow/dags/daily_chek.py
[2026-04-23T20:40:42.075+0000] {processor.py:914} INFO - Processing file /opt/airflow/dags/daily_chek.py for tasks to queue
[2026-04-23T20:40:42.076+0000] {logging_mixin.py:190} INFO - [2026-04-23T20:40:42.076+0000] {dagbag.py:588} INFO - Filling up the DagBag from /opt/airflow/dags/daily_chek.py
[2026-04-23T20:40:42.086+0000] {processor.py:925} INFO - DAG(s) 'daily_check' retrieved from /opt/airflow/dags/daily_chek.py
[2026-04-23T20:40:42.106+0000] {logging_mixin.py:190} INFO - [2026-04-23T20:40:42.105+0000] {dag.py:3239} INFO - Sync 1 DAGs
[2026-04-23T20:40:42.235+0000] {logging_mixin.py:190} INFO - [2026-04-23T20:40:42.235+0000] {dag.py:4180} INFO - Setting next_dagrun for daily_check to 2026-04-23 00:00:00+00:00, run_after=2026-04-24 00:00:00+00:00
[2026-04-23T20:40:42.256+0000] {processor.py:208} INFO - Processing /opt/airflow/dags/daily_chek.py took 0.189 seconds
[2026-04-23T20:41:12.566+0000] {processor.py:186} INFO - Started process (PID=5321) to work on /opt/airflow/dags/daily_chek.py
[2026-04-23T20:41:12.566+0000] {processor.py:914} INFO - Processing file /opt/airflow/dags/daily_chek.py for tasks to queue
[2026-04-23T20:41:12.568+0000] {logging_mixin.py:190} INFO - [2026-04-23T20:41:12.568+0000] {dagbag.py:588} INFO - Filling up the DagBag from /opt/airflow/dags/daily_chek.py
[2026-04-23T20:41:12.579+0000] {processor.py:925} INFO - DAG(s) 'daily_check' retrieved from /opt/airflow/dags/daily_chek.py
[2026-04-23T20:41:12.598+0000] {logging_mixin.py:190} INFO - [2026-04-23T20:41:12.598+0000] {dag.py:3239} INFO - Sync 1 DAGs
[2026-04-23T20:41:12.619+0000] {logging_mixin.py:190} INFO - [2026-04-23T20:41:12.619+0000] {dag.py:4180} INFO - Setting next_dagrun for daily_check to 2026-04-23 00:00:00+00:00, run_after=2026-04-24 00:00:00+00:00
[2026-04-23T20:41:12.635+0000] {processor.py:208} INFO - Processing /opt/airflow/dags/daily_chek.py took 0.079 seconds
[2026-04-23T20:41:42.919+0000] {processor.py:186} INFO - Started process (PID=5342) to work on /opt/airflow/dags/daily_chek.py
[2026-04-23T20:41:42.920+0000] {processor.py:914} INFO - Processing file /opt/airflow/dags/daily_chek.py for tasks to queue
[2026-04-23T20:41:42.922+0000] {logging_mixin.py:190} INFO - [2026-04-23T20:41:42.921+0000] {dagbag.py:588} INFO - Filling up the DagBag from /opt/airflow/dags/daily_chek.py
[2026-04-23T20:41:42.931+0000] {processor.py:925} INFO - DAG(s) 'daily_check' retrieved from /opt/airflow/dags/daily_chek.py
[2026-04-23T20:41:42.951+0000] {logging_mixin.py:190} INFO - [2026-04-23T20:41:42.950+0000] {dag.py:3239} INFO - Sync 1 DAGs
[2026-04-23T20:41:42.971+0000] {logging_mixin.py:190} INFO - [2026-04-23T20:41:42.971+0000] {dag.py:4180} INFO - Setting next_dagrun for daily_check to 2026-04-23 00:00:00+00:00, run_after=2026-04-24 00:00:00+00:00
[2026-04-23T20:41:42.987+0000] {processor.py:208} INFO - Processing /opt/airflow/dags/daily_chek.py took 0.077 seconds
[2026-04-23T20:42:13.239+0000] {processor.py:186} INFO - Started process (PID=5363) to work on /opt/airflow/dags/daily_chek.py
[2026-04-23T20:42:13.240+0000] {processor.py:914} INFO - Processing file /opt/airflow/dags/daily_chek.py for tasks to queue
[2026-04-23T20:42:13.241+0000] {logging_mixin.py:190} INFO - [2026-04-23T20:42:13.241+0000] {dagbag.py:588} INFO - Filling up the DagBag from /opt/airflow/dags/daily_chek.py
[2026-04-23T20:42:13.251+0000] {processor.py:925} INFO - DAG(s) 'daily_check' retrieved from /opt/airflow/dags/daily_chek.py
[2026-04-23T20:42:13.272+0000] {logging_mixin.py:190} INFO - [2026-04-23T20:42:13.272+0000] {dag.py:3239} INFO - Sync 1 DAGs
[2026-04-23T20:42:13.293+0000] {logging_mixin.py:190} INFO - [2026-04-23T20:42:13.293+0000] {dag.py:4180} INFO - Setting next_dagrun for daily_check to 2026-04-23 00:00:00+00:00, run_after=2026-04-24 00:00:00+00:00
[2026-04-23T20:42:13.312+0000] {processor.py:208} INFO - Processing /opt/airflow/dags/daily_chek.py took 0.079 seconds
[2026-04-23T20:42:43.624+0000] {processor.py:186} INFO - Started process (PID=5384) to work on /opt/airflow/dags/daily_chek.py
[2026-04-23T20:42:43.625+0000] {processor.py:914} INFO - Processing file /opt/airflow/dags/daily_chek.py for tasks to queue
[2026-04-23T20:42:43.628+0000] {logging_mixin.py:190} INFO - [2026-04-23T20:42:43.628+0000] {dagbag.py:588} INFO - Filling up the DagBag from /opt/airflow/dags/daily_chek.py
[2026-04-23T20:42:43.644+0000] {processor.py:925} INFO - DAG(s) 'daily_check' retrieved from /opt/airflow/dags/daily_chek.py
[2026-04-23T20:42:43.665+0000] {logging_mixin.py:190} INFO - [2026-04-23T20:42:43.665+0000] {dag.py:3239} INFO - Sync 1 DAGs
[2026-04-23T20:42:43.686+0000] {logging_mixin.py:190} INFO - [2026-04-23T20:42:43.686+0000] {dag.py:4180} INFO - Setting next_dagrun for daily_check to 2026-04-23 00:00:00+00:00, run_after=2026-04-24 00:00:00+00:00
[2026-04-23T20:42:43.817+0000] {processor.py:208} INFO - Processing /opt/airflow/dags/daily_chek.py took 0.201 seconds
[2026-04-23T20:43:14.117+0000] {processor.py:186} INFO - Started process (PID=5405) to work on /opt/airflow/dags/daily_chek.py
[2026-04-23T20:43:14.118+0000] {processor.py:914} INFO - Processing file /opt/airflow/dags/daily_chek.py for tasks to queue
[2026-04-23T20:43:14.120+0000] {logging_mixin.py:190} INFO - [2026-04-23T20:43:14.120+0000] {dagbag.py:588} INFO - Filling up the DagBag from /opt/airflow/dags/daily_chek.py
[2026-04-23T20:43:14.129+0000] {processor.py:925} INFO - DAG(s) 'daily_check' retrieved from /opt/airflow/dags/daily_chek.py
[2026-04-23T20:43:14.155+0000] {logging_mixin.py:190} INFO - [2026-04-23T20:43:14.155+0000] {dag.py:3239} INFO - Sync 1 DAGs
[2026-04-23T20:43:14.286+0000] {logging_mixin.py:190} INFO - [2026-04-23T20:43:14.286+0000] {dag.py:4180} INFO - Setting next_dagrun for daily_check to 2026-04-23 00:00:00+00:00, run_after=2026-04-24 00:00:00+00:00
[2026-04-23T20:43:14.307+0000] {processor.py:208} INFO - Processing /opt/airflow/dags/daily_chek.py took 0.197 seconds
[2026-04-23T20:43:44.581+0000] {processor.py:186} INFO - Started process (PID=5426) to work on /opt/airflow/dags/daily_chek.py
[2026-04-23T20:43:44.583+0000] {processor.py:914} INFO - Processing file /opt/airflow/dags/daily_chek.py for tasks to queue
[2026-04-23T20:43:44.586+0000] {logging_mixin.py:190} INFO - [2026-04-23T20:43:44.585+0000] {dagbag.py:588} INFO - Filling up the DagBag from /opt/airflow/dags/daily_chek.py
[2026-04-23T20:43:44.599+0000] {processor.py:925} INFO - DAG(s) 'daily_check' retrieved from /opt/airflow/dags/daily_chek.py
[2026-04-23T20:43:44.621+0000] {logging_mixin.py:190} INFO - [2026-04-23T20:43:44.621+0000] {dag.py:3239} INFO - Sync 1 DAGs
[2026-04-23T20:43:44.747+0000] {logging_mixin.py:190} INFO - [2026-04-23T20:43:44.746+0000] {dag.py:4180} INFO - Setting next_dagrun for daily_check to 2026-04-23 00:00:00+00:00, run_after=2026-04-24 00:00:00+00:00
[2026-04-23T20:43:44.767+0000] {processor.py:208} INFO - Processing /opt/airflow/dags/daily_chek.py took 0.192 seconds
[2026-04-23T20:44:14.857+0000] {processor.py:186} INFO - Started process (PID=5447) to work on /opt/airflow/dags/daily_chek.py
[2026-04-23T20:44:14.858+0000] {processor.py:914} INFO - Processing file /opt/airflow/dags/daily_chek.py for tasks to queue
[2026-04-23T20:44:14.860+0000] {logging_mixin.py:190} INFO - [2026-04-23T20:44:14.859+0000] {dagbag.py:588} INFO - Filling up the DagBag from /opt/airflow/dags/daily_chek.py
[2026-04-23T20:44:14.870+0000] {processor.py:925} INFO - DAG(s) 'daily_check' retrieved from /opt/airflow/dags/daily_chek.py
[2026-04-23T20:44:14.896+0000] {logging_mixin.py:190} INFO - [2026-04-23T20:44:14.896+0000] {dag.py:3239} INFO - Sync 1 DAGs
[2026-04-23T20:44:14.927+0000] {logging_mixin.py:190} INFO - [2026-04-23T20:44:14.926+0000] {dag.py:4180} INFO - Setting next_dagrun for daily_check to 2026-04-23 00:00:00+00:00, run_after=2026-04-24 00:00:00+00:00
[2026-04-23T20:44:14.944+0000] {processor.py:208} INFO - Processing /opt/airflow/dags/daily_chek.py took 0.092 seconds
[2026-04-23T20:44:45.210+0000] {processor.py:186} INFO - Started process (PID=5468) to work on /opt/airflow/dags/daily_chek.py
[2026-04-23T20:44:45.211+0000] {processor.py:914} INFO - Processing file /opt/airflow/dags/daily_chek.py for tasks to queue
[2026-04-23T20:44:45.212+0000] {logging_mixin.py:190} INFO - [2026-04-23T20:44:45.212+0000] {dagbag.py:588} INFO - Filling up the DagBag from /opt/airflow/dags/daily_chek.py
[2026-04-23T20:44:45.224+0000] {processor.py:925} INFO - DAG(s) 'daily_check' retrieved from /opt/airflow/dags/daily_chek.py
[2026-04-23T20:44:45.244+0000] {logging_mixin.py:190} INFO - [2026-04-23T20:44:45.244+0000] {dag.py:3239} INFO - Sync 1 DAGs
[2026-04-23T20:44:45.266+0000] {logging_mixin.py:190} INFO - [2026-04-23T20:44:45.266+0000] {dag.py:4180} INFO - Setting next_dagrun for daily_check to 2026-04-23 00:00:00+00:00, run_after=2026-04-24 00:00:00+00:00
[2026-04-23T20:44:45.283+0000] {processor.py:208} INFO - Processing /opt/airflow/dags/daily_chek.py took 0.078 seconds
[2026-04-23T20:45:15.573+0000] {processor.py:186} INFO - Started process (PID=5489) to work on /opt/airflow/dags/daily_chek.py
[2026-04-23T20:45:15.574+0000] {processor.py:914} INFO - Processing file /opt/airflow/dags/daily_chek.py for tasks to queue
[2026-04-23T20:45:15.577+0000] {logging_mixin.py:190} INFO - [2026-04-23T20:45:15.576+0000] {dagbag.py:588} INFO - Filling up the DagBag from /opt/airflow/dags/daily_chek.py
[2026-04-23T20:45:15.590+0000] {processor.py:925} INFO - DAG(s) 'daily_check' retrieved from /opt/airflow/dags/daily_chek.py
[2026-04-23T20:45:15.610+0000] {logging_mixin.py:190} INFO - [2026-04-23T20:45:15.610+0000] {dag.py:3239} INFO - Sync 1 DAGs
[2026-04-23T20:45:15.632+0000] {logging_mixin.py:190} INFO - [2026-04-23T20:45:15.632+0000] {dag.py:4180} INFO - Setting next_dagrun for daily_check to 2026-04-23 00:00:00+00:00, run_after=2026-04-24 00:00:00+00:00
[2026-04-23T20:45:15.649+0000] {processor.py:208} INFO - Processing /opt/airflow/dags/daily_chek.py took 0.083 seconds
[2026-04-23T20:45:45.901+0000] {processor.py:186} INFO - Started process (PID=5510) to work on /opt/airflow/dags/daily_chek.py
[2026-04-23T20:45:45.901+0000] {processor.py:914} INFO - Processing file /opt/airflow/dags/daily_chek.py for tasks to queue
[2026-04-23T20:45:45.904+0000] {logging_mixin.py:190} INFO - [2026-04-23T20:45:45.904+0000] {dagbag.py:588} INFO - Filling up the DagBag from /opt/airflow/dags/daily_chek.py
[2026-04-23T20:45:45.916+0000] {processor.py:925} INFO - DAG(s) 'daily_check' retrieved from /opt/airflow/dags/daily_chek.py
[2026-04-23T20:45:45.935+0000] {logging_mixin.py:190} INFO - [2026-04-23T20:45:45.935+0000] {dag.py:3239} INFO - Sync 1 DAGs
[2026-04-23T20:45:45.961+0000] {logging_mixin.py:190} INFO - [2026-04-23T20:45:45.961+0000] {dag.py:4180} INFO - Setting next_dagrun for daily_check to 2026-04-23 00:00:00+00:00, run_after=2026-04-24 00:00:00+00:00
[2026-04-23T20:45:46.084+0000] {processor.py:208} INFO - Processing /opt/airflow/dags/daily_chek.py took 0.190 seconds
[2026-04-23T20:46:16.372+0000] {processor.py:186} INFO - Started process (PID=5531) to work on /opt/airflow/dags/daily_chek.py
[2026-04-23T20:46:16.373+0000] {processor.py:914} INFO - Processing file /opt/airflow/dags/daily_chek.py for tasks to queue
[2026-04-23T20:46:16.375+0000] {logging_mixin.py:190} INFO - [2026-04-23T20:46:16.375+0000] {dagbag.py:588} INFO - Filling up the DagBag from /opt/airflow/dags/daily_chek.py
[2026-04-23T20:46:16.384+0000] {processor.py:925} INFO - DAG(s) 'daily_check' retrieved from /opt/airflow/dags/daily_chek.py
[2026-04-23T20:46:16.405+0000] {logging_mixin.py:190} INFO - [2026-04-23T20:46:16.405+0000] {dag.py:3239} INFO - Sync 1 DAGs
[2026-04-23T20:46:16.538+0000] {logging_mixin.py:190} INFO - [2026-04-23T20:46:16.537+0000] {dag.py:4180} INFO - Setting next_dagrun for daily_check to 2026-04-23 00:00:00+00:00, run_after=2026-04-24 00:00:00+00:00
[2026-04-23T20:46:16.558+0000] {processor.py:208} INFO - Processing /opt/airflow/dags/daily_chek.py took 0.191 seconds
[2026-04-23T20:46:46.837+0000] {processor.py:186} INFO - Started process (PID=5552) to work on /opt/airflow/dags/daily_chek.py
[2026-04-23T20:46:46.839+0000] {processor.py:914} INFO - Processing file /opt/airflow/dags/daily_chek.py for tasks to queue
[2026-04-23T20:46:46.841+0000] {logging_mixin.py:190} INFO - [2026-04-23T20:46:46.841+0000] {dagbag.py:588} INFO - Filling up the DagBag from /opt/airflow/dags/daily_chek.py
[2026-04-23T20:46:46.851+0000] {processor.py:925} INFO - DAG(s) 'daily_check' retrieved from /opt/airflow/dags/daily_chek.py
[2026-04-23T20:46:46.980+0000] {logging_mixin.py:190} INFO - [2026-04-23T20:46:46.980+0000] {dag.py:3239} INFO - Sync 1 DAGs
[2026-04-23T20:46:46.999+0000] {logging_mixin.py:190} INFO - [2026-04-23T20:46:46.999+0000] {dag.py:4180} INFO - Setting next_dagrun for daily_check to 2026-04-23 00:00:00+00:00, run_after=2026-04-24 00:00:00+00:00
[2026-04-23T20:46:47.014+0000] {processor.py:208} INFO - Processing /opt/airflow/dags/daily_chek.py took 0.182 seconds
[2026-04-23T20:47:17.287+0000] {processor.py:186} INFO - Started process (PID=5573) to work on /opt/airflow/dags/daily_chek.py
[2026-04-23T20:47:17.288+0000] {processor.py:914} INFO - Processing file /opt/airflow/dags/daily_chek.py for tasks to queue
[2026-04-23T20:47:17.289+0000] {logging_mixin.py:190} INFO - [2026-04-23T20:47:17.289+0000] {dagbag.py:588} INFO - Filling up the DagBag from /opt/airflow/dags/daily_chek.py
[2026-04-23T20:47:17.299+0000] {processor.py:925} INFO - DAG(s) 'daily_check' retrieved from /opt/airflow/dags/daily_chek.py
[2026-04-23T20:47:17.319+0000] {logging_mixin.py:190} INFO - [2026-04-23T20:47:17.319+0000] {dag.py:3239} INFO - Sync 1 DAGs
[2026-04-23T20:47:17.340+0000] {logging_mixin.py:190} INFO - [2026-04-23T20:47:17.340+0000] {dag.py:4180} INFO - Setting next_dagrun for daily_check to 2026-04-23 00:00:00+00:00, run_after=2026-04-24 00:00:00+00:00
[2026-04-23T20:47:17.357+0000] {processor.py:208} INFO - Processing /opt/airflow/dags/daily_chek.py took 0.074 seconds
[2026-04-23T20:47:47.618+0000] {processor.py:186} INFO - Started process (PID=5595) to work on /opt/airflow/dags/daily_chek.py
[2026-04-23T20:47:47.620+0000] {processor.py:914} INFO - Processing file /opt/airflow/dags/daily_chek.py for tasks to queue
[2026-04-23T20:47:47.621+0000] {logging_mixin.py:190} INFO - [2026-04-23T20:47:47.621+0000] {dagbag.py:588} INFO - Filling up the DagBag from /opt/airflow/dags/daily_chek.py
[2026-04-23T20:47:47.631+0000] {processor.py:925} INFO - DAG(s) 'daily_check' retrieved from /opt/airflow/dags/daily_chek.py
[2026-04-23T20:47:47.652+0000] {logging_mixin.py:190} INFO - [2026-04-23T20:47:47.652+0000] {dag.py:3239} INFO - Sync 1 DAGs
[2026-04-23T20:47:47.672+0000] {logging_mixin.py:190} INFO - [2026-04-23T20:47:47.672+0000] {dag.py:4180} INFO - Setting next_dagrun for daily_check to 2026-04-23 00:00:00+00:00, run_after=2026-04-24 00:00:00+00:00
[2026-04-23T20:47:47.686+0000] {processor.py:208} INFO - Processing /opt/airflow/dags/daily_chek.py took 0.073 seconds
[2026-04-23T20:48:17.963+0000] {processor.py:186} INFO - Started process (PID=5616) to work on /opt/airflow/dags/daily_chek.py
[2026-04-23T20:48:17.964+0000] {processor.py:914} INFO - Processing file /opt/airflow/dags/daily_chek.py for tasks to queue
[2026-04-23T20:48:17.966+0000] {logging_mixin.py:190} INFO - [2026-04-23T20:48:17.966+0000] {dagbag.py:588} INFO - Filling up the DagBag from /opt/airflow/dags/daily_chek.py
[2026-04-23T20:48:17.977+0000] {processor.py:925} INFO - DAG(s) 'daily_check' retrieved from /opt/airflow/dags/daily_chek.py
[2026-04-23T20:48:17.997+0000] {logging_mixin.py:190} INFO - [2026-04-23T20:48:17.996+0000] {dag.py:3239} INFO - Sync 1 DAGs
[2026-04-23T20:48:18.018+0000] {logging_mixin.py:190} INFO - [2026-04-23T20:48:18.018+0000] {dag.py:4180} INFO - Setting next_dagrun for daily_check to 2026-04-23 00:00:00+00:00, run_after=2026-04-24 00:00:00+00:00
[2026-04-23T20:48:18.149+0000] {processor.py:208} INFO - Processing /opt/airflow/dags/daily_chek.py took 0.195 seconds
[2026-04-23T20:48:48.412+0000] {processor.py:186} INFO - Started process (PID=5637) to work on /opt/airflow/dags/daily_chek.py
[2026-04-23T20:48:48.416+0000] {processor.py:914} INFO - Processing file /opt/airflow/dags/daily_chek.py for tasks to queue
[2026-04-23T20:48:48.418+0000] {logging_mixin.py:190} INFO - [2026-04-23T20:48:48.418+0000] {dagbag.py:588} INFO - Filling up the DagBag from /opt/airflow/dags/daily_chek.py
[2026-04-23T20:48:48.427+0000] {processor.py:925} INFO - DAG(s) 'daily_check' retrieved from /opt/airflow/dags/daily_chek.py
[2026-04-23T20:48:48.453+0000] {logging_mixin.py:190} INFO - [2026-04-23T20:48:48.453+0000] {dag.py:3239} INFO - Sync 1 DAGs
[2026-04-23T20:48:48.588+0000] {logging_mixin.py:190} INFO - [2026-04-23T20:48:48.587+0000] {dag.py:4180} INFO - Setting next_dagrun for daily_check to 2026-04-23 00:00:00+00:00, run_after=2026-04-24 00:00:00+00:00
[2026-04-23T20:48:48.608+0000] {processor.py:208} INFO - Processing /opt/airflow/dags/daily_chek.py took 0.201 seconds
[2026-04-23T20:49:18.670+0000] {processor.py:186} INFO - Started process (PID=5658) to work on /opt/airflow/dags/daily_chek.py
[2026-04-23T20:49:18.670+0000] {processor.py:914} INFO - Processing file /opt/airflow/dags/daily_chek.py for tasks to queue
[2026-04-23T20:49:18.672+0000] {logging_mixin.py:190} INFO - [2026-04-23T20:49:18.672+0000] {dagbag.py:588} INFO - Filling up the DagBag from /opt/airflow/dags/daily_chek.py
[2026-04-23T20:49:18.682+0000] {processor.py:925} INFO - DAG(s) 'daily_check' retrieved from /opt/airflow/dags/daily_chek.py
[2026-04-23T20:49:18.703+0000] {logging_mixin.py:190} INFO - [2026-04-23T20:49:18.703+0000] {dag.py:3239} INFO - Sync 1 DAGs
[2026-04-23T20:49:18.836+0000] {logging_mixin.py:190} INFO - [2026-04-23T20:49:18.836+0000] {dag.py:4180} INFO - Setting next_dagrun for daily_check to 2026-04-23 00:00:00+00:00, run_after=2026-04-24 00:00:00+00:00
[2026-04-23T20:49:18.857+0000] {processor.py:208} INFO - Processing /opt/airflow/dags/daily_chek.py took 0.194 seconds
[2026-04-23T20:49:49.132+0000] {processor.py:186} INFO - Started process (PID=5678) to work on /opt/airflow/dags/daily_chek.py
[2026-04-23T20:49:49.134+0000] {processor.py:914} INFO - Processing file /opt/airflow/dags/daily_chek.py for tasks to queue
[2026-04-23T20:49:49.136+0000] {logging_mixin.py:190} INFO - [2026-04-23T20:49:49.136+0000] {dagbag.py:588} INFO - Filling up the DagBag from /opt/airflow/dags/daily_chek.py
[2026-04-23T20:49:49.146+0000] {processor.py:925} INFO - DAG(s) 'daily_check' retrieved from /opt/airflow/dags/daily_chek.py
[2026-04-23T20:49:49.171+0000] {logging_mixin.py:190} INFO - [2026-04-23T20:49:49.170+0000] {dag.py:3239} INFO - Sync 1 DAGs
[2026-04-23T20:49:49.194+0000] {logging_mixin.py:190} INFO - [2026-04-23T20:49:49.194+0000] {dag.py:4180} INFO - Setting next_dagrun for daily_check to 2026-04-23 00:00:00+00:00, run_after=2026-04-24 00:00:00+00:00
[2026-04-23T20:49:49.210+0000] {processor.py:208} INFO - Processing /opt/airflow/dags/daily_chek.py took 0.082 seconds
[2026-04-23T20:50:19.495+0000] {processor.py:186} INFO - Started process (PID=5699) to work on /opt/airflow/dags/daily_chek.py
[2026-04-23T20:50:19.496+0000] {processor.py:914} INFO - Processing file /opt/airflow/dags/daily_chek.py for tasks to queue
[2026-04-23T20:50:19.497+0000] {logging_mixin.py:190} INFO - [2026-04-23T20:50:19.497+0000] {dagbag.py:588} INFO - Filling up the DagBag from /opt/airflow/dags/daily_chek.py
[2026-04-23T20:50:19.507+0000] {processor.py:925} INFO - DAG(s) 'daily_check' retrieved from /opt/airflow/dags/daily_chek.py
[2026-04-23T20:50:19.528+0000] {logging_mixin.py:190} INFO - [2026-04-23T20:50:19.528+0000] {dag.py:3239} INFO - Sync 1 DAGs
[2026-04-23T20:50:19.549+0000] {logging_mixin.py:190} INFO - [2026-04-23T20:50:19.549+0000] {dag.py:4180} INFO - Setting next_dagrun for daily_check to 2026-04-23 00:00:00+00:00, run_after=2026-04-24 00:00:00+00:00
[2026-04-23T20:50:19.566+0000] {processor.py:208} INFO - Processing /opt/airflow/dags/daily_chek.py took 0.076 seconds
[2026-04-23T20:50:49.847+0000] {processor.py:186} INFO - Started process (PID=5720) to work on /opt/airflow/dags/daily_chek.py
[2026-04-23T20:50:49.849+0000] {processor.py:914} INFO - Processing file /opt/airflow/dags/daily_chek.py for tasks to queue
[2026-04-23T20:50:49.850+0000] {logging_mixin.py:190} INFO - [2026-04-23T20:50:49.850+0000] {dagbag.py:588} INFO - Filling up the DagBag from /opt/airflow/dags/daily_chek.py
[2026-04-23T20:50:49.861+0000] {processor.py:925} INFO - DAG(s) 'daily_check' retrieved from /opt/airflow/dags/daily_chek.py
[2026-04-23T20:50:49.881+0000] {logging_mixin.py:190} INFO - [2026-04-23T20:50:49.881+0000] {dag.py:3239} INFO - Sync 1 DAGs
[2026-04-23T20:50:49.902+0000] {logging_mixin.py:190} INFO - [2026-04-23T20:50:49.901+0000] {dag.py:4180} INFO - Setting next_dagrun for daily_check to 2026-04-23 00:00:00+00:00, run_after=2026-04-24 00:00:00+00:00
[2026-04-23T20:50:49.918+0000] {processor.py:208} INFO - Processing /opt/airflow/dags/daily_chek.py took 0.076 seconds
[2026-04-23T20:51:20.217+0000] {processor.py:186} INFO - Started process (PID=5741) to work on /opt/airflow/dags/daily_chek.py
[2026-04-23T20:51:20.218+0000] {processor.py:914} INFO - Processing file /opt/airflow/dags/daily_chek.py for tasks to queue
[2026-04-23T20:51:20.220+0000] {logging_mixin.py:190} INFO - [2026-04-23T20:51:20.219+0000] {dagbag.py:588} INFO - Filling up the DagBag from /opt/airflow/dags/daily_chek.py
[2026-04-23T20:51:20.230+0000] {processor.py:925} INFO - DAG(s) 'daily_check' retrieved from /opt/airflow/dags/daily_chek.py
[2026-04-23T20:51:20.250+0000] {logging_mixin.py:190} INFO - [2026-04-23T20:51:20.250+0000] {dag.py:3239} INFO - Sync 1 DAGs
[2026-04-23T20:51:20.272+0000] {logging_mixin.py:190} INFO - [2026-04-23T20:51:20.271+0000] {dag.py:4180} INFO - Setting next_dagrun for daily_check to 2026-04-23 00:00:00+00:00, run_after=2026-04-24 00:00:00+00:00
[2026-04-23T20:51:20.403+0000] {processor.py:208} INFO - Processing /opt/airflow/dags/daily_chek.py took 0.191 seconds
[2026-04-23T20:51:50.715+0000] {processor.py:186} INFO - Started process (PID=5762) to work on /opt/airflow/dags/daily_chek.py
[2026-04-23T20:51:50.717+0000] {processor.py:914} INFO - Processing file /opt/airflow/dags/daily_chek.py for tasks to queue
[2026-04-23T20:51:50.718+0000] {logging_mixin.py:190} INFO - [2026-04-23T20:51:50.718+0000] {dagbag.py:588} INFO - Filling up the DagBag from /opt/airflow/dags/daily_chek.py
[2026-04-23T20:51:50.728+0000] {processor.py:925} INFO - DAG(s) 'daily_check' retrieved from /opt/airflow/dags/daily_chek.py
[2026-04-23T20:51:50.749+0000] {logging_mixin.py:190} INFO - [2026-04-23T20:51:50.748+0000] {dag.py:3239} INFO - Sync 1 DAGs
[2026-04-23T20:51:50.881+0000] {logging_mixin.py:190} INFO - [2026-04-23T20:51:50.881+0000] {dag.py:4180} INFO - Setting next_dagrun for daily_check to 2026-04-23 00:00:00+00:00, run_after=2026-04-24 00:00:00+00:00
[2026-04-23T20:51:50.903+0000] {processor.py:208} INFO - Processing /opt/airflow/dags/daily_chek.py took 0.193 seconds
[2026-04-23T20:52:21.188+0000] {processor.py:186} INFO - Started process (PID=5783) to work on /opt/airflow/dags/daily_chek.py
[2026-04-23T20:52:21.189+0000] {processor.py:914} INFO - Processing file /opt/airflow/dags/daily_chek.py for tasks to queue
[2026-04-23T20:52:21.191+0000] {logging_mixin.py:190} INFO - [2026-04-23T20:52:21.191+0000] {dagbag.py:588} INFO - Filling up the DagBag from /opt/airflow/dags/daily_chek.py
[2026-04-23T20:52:21.203+0000] {processor.py:925} INFO - DAG(s) 'daily_check' retrieved from /opt/airflow/dags/daily_chek.py
[2026-04-23T20:52:21.225+0000] {logging_mixin.py:190} INFO - [2026-04-23T20:52:21.225+0000] {dag.py:3239} INFO - Sync 1 DAGs
[2026-04-23T20:52:21.356+0000] {logging_mixin.py:190} INFO - [2026-04-23T20:52:21.355+0000] {dag.py:4180} INFO - Setting next_dagrun for daily_check to 2026-04-23 00:00:00+00:00, run_after=2026-04-24 00:00:00+00:00
[2026-04-23T20:52:21.371+0000] {processor.py:208} INFO - Processing /opt/airflow/dags/daily_chek.py took 0.191 seconds
[2026-04-23T20:52:51.650+0000] {processor.py:186} INFO - Started process (PID=5804) to work on /opt/airflow/dags/daily_chek.py
[2026-04-23T20:52:51.651+0000] {processor.py:914} INFO - Processing file /opt/airflow/dags/daily_chek.py for tasks to queue
[2026-04-23T20:52:51.654+0000] {logging_mixin.py:190} INFO - [2026-04-23T20:52:51.654+0000] {dagbag.py:588} INFO - Filling up the DagBag from /opt/airflow/dags/daily_chek.py
[2026-04-23T20:52:51.670+0000] {processor.py:925} INFO - DAG(s) 'daily_check' retrieved from /opt/airflow/dags/daily_chek.py
[2026-04-23T20:52:51.692+0000] {logging_mixin.py:190} INFO - [2026-04-23T20:52:51.691+0000] {dag.py:3239} INFO - Sync 1 DAGs
[2026-04-23T20:52:51.713+0000] {logging_mixin.py:190} INFO - [2026-04-23T20:52:51.713+0000] {dag.py:4180} INFO - Setting next_dagrun for daily_check to 2026-04-23 00:00:00+00:00, run_after=2026-04-24 00:00:00+00:00
[2026-04-23T20:52:51.729+0000] {processor.py:208} INFO - Processing /opt/airflow/dags/daily_chek.py took 0.089 seconds
[2026-04-23T20:53:21.909+0000] {processor.py:186} INFO - Started process (PID=5825) to work on /opt/airflow/dags/daily_chek.py
[2026-04-23T20:53:21.911+0000] {processor.py:914} INFO - Processing file /opt/airflow/dags/daily_chek.py for tasks to queue
[2026-04-23T20:53:21.913+0000] {logging_mixin.py:190} INFO - [2026-04-23T20:53:21.913+0000] {dagbag.py:588} INFO - Filling up the DagBag from /opt/airflow/dags/daily_chek.py
[2026-04-23T20:53:21.923+0000] {processor.py:925} INFO - DAG(s) 'daily_check' retrieved from /opt/airflow/dags/daily_chek.py
[2026-04-23T20:53:21.944+0000] {logging_mixin.py:190} INFO - [2026-04-23T20:53:21.943+0000] {dag.py:3239} INFO - Sync 1 DAGs
[2026-04-23T20:53:21.965+0000] {logging_mixin.py:190} INFO - [2026-04-23T20:53:21.965+0000] {dag.py:4180} INFO - Setting next_dagrun for daily_check to 2026-04-23 00:00:00+00:00, run_after=2026-04-24 00:00:00+00:00
[2026-04-23T20:53:21.980+0000] {processor.py:208} INFO - Processing /opt/airflow/dags/daily_chek.py took 0.077 seconds
[2026-04-23T20:53:52.269+0000] {processor.py:186} INFO - Started process (PID=5845) to work on /opt/airflow/dags/daily_chek.py
[2026-04-23T20:53:52.269+0000] {processor.py:914} INFO - Processing file /opt/airflow/dags/daily_chek.py for tasks to queue
[2026-04-23T20:53:52.271+0000] {logging_mixin.py:190} INFO - [2026-04-23T20:53:52.271+0000] {dagbag.py:588} INFO - Filling up the DagBag from /opt/airflow/dags/daily_chek.py
[2026-04-23T20:53:52.281+0000] {processor.py:925} INFO - DAG(s) 'daily_check' retrieved from /opt/airflow/dags/daily_chek.py
[2026-04-23T20:53:52.303+0000] {logging_mixin.py:190} INFO - [2026-04-23T20:53:52.302+0000] {dag.py:3239} INFO - Sync 1 DAGs
[2026-04-23T20:53:52.325+0000] {logging_mixin.py:190} INFO - [2026-04-23T20:53:52.324+0000] {dag.py:4180} INFO - Setting next_dagrun for daily_check to 2026-04-23 00:00:00+00:00, run_after=2026-04-24 00:00:00+00:00
[2026-04-23T20:53:52.341+0000] {processor.py:208} INFO - Processing /opt/airflow/dags/daily_chek.py took 0.077 seconds
[2026-04-23T20:54:22.629+0000] {processor.py:186} INFO - Started process (PID=5866) to work on /opt/airflow/dags/daily_chek.py
[2026-04-23T20:54:22.629+0000] {processor.py:914} INFO - Processing file /opt/airflow/dags/daily_chek.py for tasks to queue
[2026-04-23T20:54:22.631+0000] {logging_mixin.py:190} INFO - [2026-04-23T20:54:22.631+0000] {dagbag.py:588} INFO - Filling up the DagBag from /opt/airflow/dags/daily_chek.py
[2026-04-23T20:54:22.640+0000] {processor.py:925} INFO - DAG(s) 'daily_check' retrieved from /opt/airflow/dags/daily_chek.py
[2026-04-23T20:54:22.661+0000] {logging_mixin.py:190} INFO - [2026-04-23T20:54:22.661+0000] {dag.py:3239} INFO - Sync 1 DAGs
[2026-04-23T20:54:22.793+0000] {logging_mixin.py:190} INFO - [2026-04-23T20:54:22.793+0000] {dag.py:4180} INFO - Setting next_dagrun for daily_check to 2026-04-23 00:00:00+00:00, run_after=2026-04-24 00:00:00+00:00
[2026-04-23T20:54:22.814+0000] {processor.py:208} INFO - Processing /opt/airflow/dags/daily_chek.py took 0.192 seconds
[2026-04-23T20:54:53.099+0000] {processor.py:186} INFO - Started process (PID=5887) to work on /opt/airflow/dags/daily_chek.py
[2026-04-23T20:54:53.100+0000] {processor.py:914} INFO - Processing file /opt/airflow/dags/daily_chek.py for tasks to queue
[2026-04-23T20:54:53.102+0000] {logging_mixin.py:190} INFO - [2026-04-23T20:54:53.102+0000] {dagbag.py:588} INFO - Filling up the DagBag from /opt/airflow/dags/daily_chek.py
[2026-04-23T20:54:53.112+0000] {processor.py:925} INFO - DAG(s) 'daily_check' retrieved from /opt/airflow/dags/daily_chek.py
[2026-04-23T20:54:53.133+0000] {logging_mixin.py:190} INFO - [2026-04-23T20:54:53.133+0000] {dag.py:3239} INFO - Sync 1 DAGs
[2026-04-23T20:54:53.270+0000] {logging_mixin.py:190} INFO - [2026-04-23T20:54:53.269+0000] {dag.py:4180} INFO - Setting next_dagrun for daily_check to 2026-04-23 00:00:00+00:00, run_after=2026-04-24 00:00:00+00:00
[2026-04-23T20:54:53.284+0000] {processor.py:208} INFO - Processing /opt/airflow/dags/daily_chek.py took 0.192 seconds
[2026-04-23T20:55:23.574+0000] {processor.py:186} INFO - Started process (PID=5908) to work on /opt/airflow/dags/daily_chek.py
[2026-04-23T20:55:23.576+0000] {processor.py:914} INFO - Processing file /opt/airflow/dags/daily_chek.py for tasks to queue
[2026-04-23T20:55:23.578+0000] {logging_mixin.py:190} INFO - [2026-04-23T20:55:23.577+0000] {dagbag.py:588} INFO - Filling up the DagBag from /opt/airflow/dags/daily_chek.py
[2026-04-23T20:55:23.587+0000] {processor.py:925} INFO - DAG(s) 'daily_check' retrieved from /opt/airflow/dags/daily_chek.py
[2026-04-23T20:55:23.717+0000] {logging_mixin.py:190} INFO - [2026-04-23T20:55:23.717+0000] {dag.py:3239} INFO - Sync 1 DAGs
[2026-04-23T20:55:23.736+0000] {logging_mixin.py:190} INFO - [2026-04-23T20:55:23.736+0000] {dag.py:4180} INFO - Setting next_dagrun for daily_check to 2026-04-23 00:00:00+00:00, run_after=2026-04-24 00:00:00+00:00
[2026-04-23T20:55:23.757+0000] {processor.py:208} INFO - Processing /opt/airflow/dags/daily_chek.py took 0.188 seconds
[2026-04-23T20:55:54.062+0000] {processor.py:186} INFO - Started process (PID=5929) to work on /opt/airflow/dags/daily_chek.py
[2026-04-23T20:55:54.063+0000] {processor.py:914} INFO - Processing file /opt/airflow/dags/daily_chek.py for tasks to queue
[2026-04-23T20:55:54.065+0000] {logging_mixin.py:190} INFO - [2026-04-23T20:55:54.064+0000] {dagbag.py:588} INFO - Filling up the DagBag from /opt/airflow/dags/daily_chek.py
[2026-04-23T20:55:54.075+0000] {processor.py:925} INFO - DAG(s) 'daily_check' retrieved from /opt/airflow/dags/daily_chek.py
[2026-04-23T20:55:54.100+0000] {logging_mixin.py:190} INFO - [2026-04-23T20:55:54.100+0000] {dag.py:3239} INFO - Sync 1 DAGs
[2026-04-23T20:55:54.125+0000] {logging_mixin.py:190} INFO - [2026-04-23T20:55:54.125+0000] {dag.py:4180} INFO - Setting next_dagrun for daily_check to 2026-04-23 00:00:00+00:00, run_after=2026-04-24 00:00:00+00:00
[2026-04-23T20:55:54.141+0000] {processor.py:208} INFO - Processing /opt/airflow/dags/daily_chek.py took 0.086 seconds
[2026-04-23T20:56:24.394+0000] {processor.py:186} INFO - Started process (PID=5949) to work on /opt/airflow/dags/daily_chek.py
[2026-04-23T20:56:24.394+0000] {processor.py:914} INFO - Processing file /opt/airflow/dags/daily_chek.py for tasks to queue
[2026-04-23T20:56:24.396+0000] {logging_mixin.py:190} INFO - [2026-04-23T20:56:24.396+0000] {dagbag.py:588} INFO - Filling up the DagBag from /opt/airflow/dags/daily_chek.py
[2026-04-23T20:56:24.405+0000] {processor.py:925} INFO - DAG(s) 'daily_check' retrieved from /opt/airflow/dags/daily_chek.py
[2026-04-23T20:56:24.426+0000] {logging_mixin.py:190} INFO - [2026-04-23T20:56:24.426+0000] {dag.py:3239} INFO - Sync 1 DAGs
[2026-04-23T20:56:24.449+0000] {logging_mixin.py:190} INFO - [2026-04-23T20:56:24.449+0000] {dag.py:4180} INFO - Setting next_dagrun for daily_check to 2026-04-23 00:00:00+00:00, run_after=2026-04-24 00:00:00+00:00
[2026-04-23T20:56:24.466+0000] {processor.py:208} INFO - Processing /opt/airflow/dags/daily_chek.py took 0.079 seconds
[2026-04-23T20:56:54.710+0000] {processor.py:186} INFO - Started process (PID=5970) to work on /opt/airflow/dags/daily_chek.py
[2026-04-23T20:56:54.710+0000] {processor.py:914} INFO - Processing file /opt/airflow/dags/daily_chek.py for tasks to queue
[2026-04-23T20:56:54.712+0000] {logging_mixin.py:190} INFO - [2026-04-23T20:56:54.712+0000] {dagbag.py:588} INFO - Filling up the DagBag from /opt/airflow/dags/daily_chek.py
[2026-04-23T20:56:54.724+0000] {processor.py:925} INFO - DAG(s) 'daily_check' retrieved from /opt/airflow/dags/daily_chek.py
[2026-04-23T20:56:54.745+0000] {logging_mixin.py:190} INFO - [2026-04-23T20:56:54.745+0000] {dag.py:3239} INFO - Sync 1 DAGs
[2026-04-23T20:56:54.768+0000] {logging_mixin.py:190} INFO - [2026-04-23T20:56:54.768+0000] {dag.py:4180} INFO - Setting next_dagrun for daily_check to 2026-04-23 00:00:00+00:00, run_after=2026-04-24 00:00:00+00:00
[2026-04-23T20:56:54.897+0000] {processor.py:208} INFO - Processing /opt/airflow/dags/daily_chek.py took 0.194 seconds
[2026-04-23T20:57:25.174+0000] {processor.py:186} INFO - Started process (PID=5991) to work on /opt/airflow/dags/daily_chek.py
[2026-04-23T20:57:25.175+0000] {processor.py:914} INFO - Processing file /opt/airflow/dags/daily_chek.py for tasks to queue
[2026-04-23T20:57:25.176+0000] {logging_mixin.py:190} INFO - [2026-04-23T20:57:25.176+0000] {dagbag.py:588} INFO - Filling up the DagBag from /opt/airflow/dags/daily_chek.py
[2026-04-23T20:57:25.186+0000] {processor.py:925} INFO - DAG(s) 'daily_check' retrieved from /opt/airflow/dags/daily_chek.py
[2026-04-23T20:57:25.207+0000] {logging_mixin.py:190} INFO - [2026-04-23T20:57:25.206+0000] {dag.py:3239} INFO - Sync 1 DAGs
[2026-04-23T20:57:25.337+0000] {logging_mixin.py:190} INFO - [2026-04-23T20:57:25.337+0000] {dag.py:4180} INFO - Setting next_dagrun for daily_check to 2026-04-23 00:00:00+00:00, run_after=2026-04-24 00:00:00+00:00
[2026-04-23T20:57:25.359+0000] {processor.py:208} INFO - Processing /opt/airflow/dags/daily_chek.py took 0.192 seconds
[2026-04-23T20:57:55.635+0000] {processor.py:186} INFO - Started process (PID=6012) to work on /opt/airflow/dags/daily_chek.py
[2026-04-23T20:57:55.636+0000] {processor.py:914} INFO - Processing file /opt/airflow/dags/daily_chek.py for tasks to queue
[2026-04-23T20:57:55.637+0000] {logging_mixin.py:190} INFO - [2026-04-23T20:57:55.637+0000] {dagbag.py:588} INFO - Filling up the DagBag from /opt/airflow/dags/daily_chek.py
[2026-04-23T20:57:55.647+0000] {processor.py:925} INFO - DAG(s) 'daily_check' retrieved from /opt/airflow/dags/daily_chek.py
[2026-04-23T20:57:55.674+0000] {logging_mixin.py:190} INFO - [2026-04-23T20:57:55.674+0000] {dag.py:3239} INFO - Sync 1 DAGs
[2026-04-23T20:57:55.807+0000] {logging_mixin.py:190} INFO - [2026-04-23T20:57:55.807+0000] {dag.py:4180} INFO - Setting next_dagrun for daily_check to 2026-04-23 00:00:00+00:00, run_after=2026-04-24 00:00:00+00:00
[2026-04-23T20:57:55.828+0000] {processor.py:208} INFO - Processing /opt/airflow/dags/daily_chek.py took 0.198 seconds
[2026-04-23T20:58:25.909+0000] {processor.py:186} INFO - Started process (PID=6033) to work on /opt/airflow/dags/daily_chek.py
[2026-04-23T20:58:25.911+0000] {processor.py:914} INFO - Processing file /opt/airflow/dags/daily_chek.py for tasks to queue
[2026-04-23T20:58:25.913+0000] {logging_mixin.py:190} INFO - [2026-04-23T20:58:25.912+0000] {dagbag.py:588} INFO - Filling up the DagBag from /opt/airflow/dags/daily_chek.py
[2026-04-23T20:58:25.922+0000] {processor.py:925} INFO - DAG(s) 'daily_check' retrieved from /opt/airflow/dags/daily_chek.py
[2026-04-23T20:58:25.942+0000] {logging_mixin.py:190} INFO - [2026-04-23T20:58:25.942+0000] {dag.py:3239} INFO - Sync 1 DAGs
[2026-04-23T20:58:25.963+0000] {logging_mixin.py:190} INFO - [2026-04-23T20:58:25.963+0000] {dag.py:4180} INFO - Setting next_dagrun for daily_check to 2026-04-23 00:00:00+00:00, run_after=2026-04-24 00:00:00+00:00
[2026-04-23T20:58:25.979+0000] {processor.py:208} INFO - Processing /opt/airflow/dags/daily_chek.py took 0.075 seconds
[2026-04-23T20:58:56.266+0000] {processor.py:186} INFO - Started process (PID=6054) to work on /opt/airflow/dags/daily_chek.py
[2026-04-23T20:58:56.266+0000] {processor.py:914} INFO - Processing file /opt/airflow/dags/daily_chek.py for tasks to queue
[2026-04-23T20:58:56.268+0000] {logging_mixin.py:190} INFO - [2026-04-23T20:58:56.268+0000] {dagbag.py:588} INFO - Filling up the DagBag from /opt/airflow/dags/daily_chek.py
[2026-04-23T20:58:56.277+0000] {processor.py:925} INFO - DAG(s) 'daily_check' retrieved from /opt/airflow/dags/daily_chek.py
[2026-04-23T20:58:56.297+0000] {logging_mixin.py:190} INFO - [2026-04-23T20:58:56.297+0000] {dag.py:3239} INFO - Sync 1 DAGs
[2026-04-23T20:58:56.318+0000] {logging_mixin.py:190} INFO - [2026-04-23T20:58:56.318+0000] {dag.py:4180} INFO - Setting next_dagrun for daily_check to 2026-04-23 00:00:00+00:00, run_after=2026-04-24 00:00:00+00:00
[2026-04-23T20:58:56.335+0000] {processor.py:208} INFO - Processing /opt/airflow/dags/daily_chek.py took 0.075 seconds
[2026-04-23T20:59:26.625+0000] {processor.py:186} INFO - Started process (PID=6075) to work on /opt/airflow/dags/daily_chek.py
[2026-04-23T20:59:26.626+0000] {processor.py:914} INFO - Processing file /opt/airflow/dags/daily_chek.py for tasks to queue
[2026-04-23T20:59:26.629+0000] {logging_mixin.py:190} INFO - [2026-04-23T20:59:26.629+0000] {dagbag.py:588} INFO - Filling up the DagBag from /opt/airflow/dags/daily_chek.py
[2026-04-23T20:59:26.643+0000] {processor.py:925} INFO - DAG(s) 'daily_check' retrieved from /opt/airflow/dags/daily_chek.py
[2026-04-23T20:59:26.664+0000] {logging_mixin.py:190} INFO - [2026-04-23T20:59:26.664+0000] {dag.py:3239} INFO - Sync 1 DAGs
[2026-04-23T20:59:26.686+0000] {logging_mixin.py:190} INFO - [2026-04-23T20:59:26.685+0000] {dag.py:4180} INFO - Setting next_dagrun for daily_check to 2026-04-23 00:00:00+00:00, run_after=2026-04-24 00:00:00+00:00
[2026-04-23T20:59:26.703+0000] {processor.py:208} INFO - Processing /opt/airflow/dags/daily_chek.py took 0.084 seconds
[2026-04-23T20:59:56.972+0000] {processor.py:186} INFO - Started process (PID=6096) to work on /opt/airflow/dags/daily_chek.py
[2026-04-23T20:59:56.972+0000] {processor.py:914} INFO - Processing file /opt/airflow/dags/daily_chek.py for tasks to queue
[2026-04-23T20:59:56.974+0000] {logging_mixin.py:190} INFO - [2026-04-23T20:59:56.974+0000] {dagbag.py:588} INFO - Filling up the DagBag from /opt/airflow/dags/daily_chek.py
[2026-04-23T20:59:56.984+0000] {processor.py:925} INFO - DAG(s) 'daily_check' retrieved from /opt/airflow/dags/daily_chek.py
[2026-04-23T20:59:57.003+0000] {logging_mixin.py:190} INFO - [2026-04-23T20:59:57.003+0000] {dag.py:3239} INFO - Sync 1 DAGs
[2026-04-23T20:59:57.141+0000] {logging_mixin.py:190} INFO - [2026-04-23T20:59:57.141+0000] {dag.py:4180} INFO - Setting next_dagrun for daily_check to 2026-04-23 00:00:00+00:00, run_after=2026-04-24 00:00:00+00:00
[2026-04-23T20:59:57.156+0000] {processor.py:208} INFO - Processing /opt/airflow/dags/daily_chek.py took 0.190 seconds
[2026-04-23T21:00:27.446+0000] {processor.py:186} INFO - Started process (PID=6117) to work on /opt/airflow/dags/daily_chek.py
[2026-04-23T21:00:27.448+0000] {processor.py:914} INFO - Processing file /opt/airflow/dags/daily_chek.py for tasks to queue
[2026-04-23T21:00:27.450+0000] {logging_mixin.py:190} INFO - [2026-04-23T21:00:27.449+0000] {dagbag.py:588} INFO - Filling up the DagBag from /opt/airflow/dags/daily_chek.py
[2026-04-23T21:00:27.459+0000] {processor.py:925} INFO - DAG(s) 'daily_check' retrieved from /opt/airflow/dags/daily_chek.py
[2026-04-23T21:00:27.480+0000] {logging_mixin.py:190} INFO - [2026-04-23T21:00:27.480+0000] {dag.py:3239} INFO - Sync 1 DAGs
[2026-04-23T21:00:27.609+0000] {logging_mixin.py:190} INFO - [2026-04-23T21:00:27.609+0000] {dag.py:4180} INFO - Setting next_dagrun for daily_check to 2026-04-23 00:00:00+00:00, run_after=2026-04-24 00:00:00+00:00
[2026-04-23T21:00:27.631+0000] {processor.py:208} INFO - Processing /opt/airflow/dags/daily_chek.py took 0.189 seconds
[2026-04-23T21:00:57.911+0000] {processor.py:186} INFO - Started process (PID=6138) to work on /opt/airflow/dags/daily_chek.py
[2026-04-23T21:00:57.912+0000] {processor.py:914} INFO - Processing file /opt/airflow/dags/daily_chek.py for tasks to queue
[2026-04-23T21:00:57.913+0000] {logging_mixin.py:190} INFO - [2026-04-23T21:00:57.913+0000] {dagbag.py:588} INFO - Filling up the DagBag from /opt/airflow/dags/daily_chek.py
[2026-04-23T21:00:57.924+0000] {processor.py:925} INFO - DAG(s) 'daily_check' retrieved from /opt/airflow/dags/daily_chek.py
[2026-04-23T21:00:58.055+0000] {logging_mixin.py:190} INFO - [2026-04-23T21:00:58.055+0000] {dag.py:3239} INFO - Sync 1 DAGs
[2026-04-23T21:00:58.074+0000] {logging_mixin.py:190} INFO - [2026-04-23T21:00:58.074+0000] {dag.py:4180} INFO - Setting next_dagrun for daily_check to 2026-04-23 00:00:00+00:00, run_after=2026-04-24 00:00:00+00:00
[2026-04-23T21:00:58.091+0000] {processor.py:208} INFO - Processing /opt/airflow/dags/daily_chek.py took 0.187 seconds
[2026-04-23T21:01:28.361+0000] {processor.py:186} INFO - Started process (PID=6159) to work on /opt/airflow/dags/daily_chek.py
[2026-04-23T21:01:28.362+0000] {processor.py:914} INFO - Processing file /opt/airflow/dags/daily_chek.py for tasks to queue
[2026-04-23T21:01:28.364+0000] {logging_mixin.py:190} INFO - [2026-04-23T21:01:28.364+0000] {dagbag.py:588} INFO - Filling up the DagBag from /opt/airflow/dags/daily_chek.py
[2026-04-23T21:01:28.378+0000] {processor.py:925} INFO - DAG(s) 'daily_check' retrieved from /opt/airflow/dags/daily_chek.py
[2026-04-23T21:01:28.398+0000] {logging_mixin.py:190} INFO - [2026-04-23T21:01:28.398+0000] {dag.py:3239} INFO - Sync 1 DAGs
[2026-04-23T21:01:28.419+0000] {logging_mixin.py:190} INFO - [2026-04-23T21:01:28.418+0000] {dag.py:4180} INFO - Setting next_dagrun for daily_check to 2026-04-23 00:00:00+00:00, run_after=2026-04-24 00:00:00+00:00
[2026-04-23T21:01:28.434+0000] {processor.py:208} INFO - Processing /opt/airflow/dags/daily_chek.py took 0.081 seconds
[2026-04-23T21:01:58.711+0000] {processor.py:186} INFO - Started process (PID=6180) to work on /opt/airflow/dags/daily_chek.py
[2026-04-23T21:01:58.716+0000] {processor.py:914} INFO - Processing file /opt/airflow/dags/daily_chek.py for tasks to queue
[2026-04-23T21:01:58.718+0000] {logging_mixin.py:190} INFO - [2026-04-23T21:01:58.717+0000] {dagbag.py:588} INFO - Filling up the DagBag from /opt/airflow/dags/daily_chek.py
[2026-04-23T21:01:58.727+0000] {processor.py:925} INFO - DAG(s) 'daily_check' retrieved from /opt/airflow/dags/daily_chek.py
[2026-04-23T21:01:58.748+0000] {logging_mixin.py:190} INFO - [2026-04-23T21:01:58.747+0000] {dag.py:3239} INFO - Sync 1 DAGs
[2026-04-23T21:01:58.769+0000] {logging_mixin.py:190} INFO - [2026-04-23T21:01:58.769+0000] {dag.py:4180} INFO - Setting next_dagrun for daily_check to 2026-04-23 00:00:00+00:00, run_after=2026-04-24 00:00:00+00:00
[2026-04-23T21:01:58.784+0000] {processor.py:208} INFO - Processing /opt/airflow/dags/daily_chek.py took 0.078 seconds
[2026-04-23T21:02:29.045+0000] {processor.py:186} INFO - Started process (PID=6201) to work on /opt/airflow/dags/daily_chek.py
[2026-04-23T21:02:29.045+0000] {processor.py:914} INFO - Processing file /opt/airflow/dags/daily_chek.py for tasks to queue
[2026-04-23T21:02:29.047+0000] {logging_mixin.py:190} INFO - [2026-04-23T21:02:29.047+0000] {dagbag.py:588} INFO - Filling up the DagBag from /opt/airflow/dags/daily_chek.py
[2026-04-23T21:02:29.058+0000] {processor.py:925} INFO - DAG(s) 'daily_check' retrieved from /opt/airflow/dags/daily_chek.py
[2026-04-23T21:02:29.079+0000] {logging_mixin.py:190} INFO - [2026-04-23T21:02:29.078+0000] {dag.py:3239} INFO - Sync 1 DAGs
[2026-04-23T21:02:29.100+0000] {logging_mixin.py:190} INFO - [2026-04-23T21:02:29.100+0000] {dag.py:4180} INFO - Setting next_dagrun for daily_check to 2026-04-23 00:00:00+00:00, run_after=2026-04-24 00:00:00+00:00
[2026-04-23T21:02:29.228+0000] {processor.py:208} INFO - Processing /opt/airflow/dags/daily_chek.py took 0.189 seconds
[2026-04-23T21:02:59.522+0000] {processor.py:186} INFO - Started process (PID=6222) to work on /opt/airflow/dags/daily_chek.py
[2026-04-23T21:02:59.522+0000] {processor.py:914} INFO - Processing file /opt/airflow/dags/daily_chek.py for tasks to queue
[2026-04-23T21:02:59.524+0000] {logging_mixin.py:190} INFO - [2026-04-23T21:02:59.524+0000] {dagbag.py:588} INFO - Filling up the DagBag from /opt/airflow/dags/daily_chek.py
[2026-04-23T21:02:59.534+0000] {processor.py:925} INFO - DAG(s) 'daily_check' retrieved from /opt/airflow/dags/daily_chek.py
[2026-04-23T21:02:59.561+0000] {logging_mixin.py:190} INFO - [2026-04-23T21:02:59.560+0000] {dag.py:3239} INFO - Sync 1 DAGs
[2026-04-23T21:02:59.696+0000] {logging_mixin.py:190} INFO - [2026-04-23T21:02:59.696+0000] {dag.py:4180} INFO - Setting next_dagrun for daily_check to 2026-04-23 00:00:00+00:00, run_after=2026-04-24 00:00:00+00:00
[2026-04-23T21:02:59.716+0000] {processor.py:208} INFO - Processing /opt/airflow/dags/daily_chek.py took 0.201 seconds
[2026-04-23T21:03:30.004+0000] {processor.py:186} INFO - Started process (PID=6243) to work on /opt/airflow/dags/daily_chek.py
[2026-04-23T21:03:30.005+0000] {processor.py:914} INFO - Processing file /opt/airflow/dags/daily_chek.py for tasks to queue
[2026-04-23T21:03:30.007+0000] {logging_mixin.py:190} INFO - [2026-04-23T21:03:30.006+0000] {dagbag.py:588} INFO - Filling up the DagBag from /opt/airflow/dags/daily_chek.py
[2026-04-23T21:03:30.016+0000] {processor.py:925} INFO - DAG(s) 'daily_check' retrieved from /opt/airflow/dags/daily_chek.py
[2026-04-23T21:03:30.042+0000] {logging_mixin.py:190} INFO - [2026-04-23T21:03:30.042+0000] {dag.py:3239} INFO - Sync 1 DAGs
[2026-04-23T21:03:30.174+0000] {logging_mixin.py:190} INFO - [2026-04-23T21:03:30.174+0000] {dag.py:4180} INFO - Setting next_dagrun for daily_check to 2026-04-23 00:00:00+00:00, run_after=2026-04-24 00:00:00+00:00
[2026-04-23T21:03:30.195+0000] {processor.py:208} INFO - Processing /opt/airflow/dags/daily_chek.py took 0.196 seconds
[2026-04-23T21:04:00.479+0000] {processor.py:186} INFO - Started process (PID=6264) to work on /opt/airflow/dags/daily_chek.py
[2026-04-23T21:04:00.481+0000] {processor.py:914} INFO - Processing file /opt/airflow/dags/daily_chek.py for tasks to queue
[2026-04-23T21:04:00.483+0000] {logging_mixin.py:190} INFO - [2026-04-23T21:04:00.483+0000] {dagbag.py:588} INFO - Filling up the DagBag from /opt/airflow/dags/daily_chek.py
[2026-04-23T21:04:00.492+0000] {processor.py:925} INFO - DAG(s) 'daily_check' retrieved from /opt/airflow/dags/daily_chek.py
[2026-04-23T21:04:00.519+0000] {logging_mixin.py:190} INFO - [2026-04-23T21:04:00.519+0000] {dag.py:3239} INFO - Sync 1 DAGs
[2026-04-23T21:04:00.542+0000] {logging_mixin.py:190} INFO - [2026-04-23T21:04:00.541+0000] {dag.py:4180} INFO - Setting next_dagrun for daily_check to 2026-04-23 00:00:00+00:00, run_after=2026-04-24 00:00:00+00:00
[2026-04-23T21:04:00.558+0000] {processor.py:208} INFO - Processing /opt/airflow/dags/daily_chek.py took 0.083 seconds
[2026-04-23T21:04:30.813+0000] {processor.py:186} INFO - Started process (PID=6285) to work on /opt/airflow/dags/daily_chek.py
[2026-04-23T21:04:30.813+0000] {processor.py:914} INFO - Processing file /opt/airflow/dags/daily_chek.py for tasks to queue
[2026-04-23T21:04:30.816+0000] {logging_mixin.py:190} INFO - [2026-04-23T21:04:30.816+0000] {dagbag.py:588} INFO - Filling up the DagBag from /opt/airflow/dags/daily_chek.py
[2026-04-23T21:04:30.829+0000] {processor.py:925} INFO - DAG(s) 'daily_check' retrieved from /opt/airflow/dags/daily_chek.py
[2026-04-23T21:04:30.849+0000] {logging_mixin.py:190} INFO - [2026-04-23T21:04:30.848+0000] {dag.py:3239} INFO - Sync 1 DAGs
[2026-04-23T21:04:30.870+0000] {logging_mixin.py:190} INFO - [2026-04-23T21:04:30.869+0000] {dag.py:4180} INFO - Setting next_dagrun for daily_check to 2026-04-23 00:00:00+00:00, run_after=2026-04-24 00:00:00+00:00
[2026-04-23T21:04:30.885+0000] {processor.py:208} INFO - Processing /opt/airflow/dags/daily_chek.py took 0.080 seconds
[2026-04-23T21:05:01.156+0000] {processor.py:186} INFO - Started process (PID=6306) to work on /opt/airflow/dags/daily_chek.py
[2026-04-23T21:05:01.158+0000] {processor.py:914} INFO - Processing file /opt/airflow/dags/daily_chek.py for tasks to queue
[2026-04-23T21:05:01.160+0000] {logging_mixin.py:190} INFO - [2026-04-23T21:05:01.160+0000] {dagbag.py:588} INFO - Filling up the DagBag from /opt/airflow/dags/daily_chek.py
[2026-04-23T21:05:01.169+0000] {processor.py:925} INFO - DAG(s) 'daily_check' retrieved from /opt/airflow/dags/daily_chek.py
[2026-04-23T21:05:01.191+0000] {logging_mixin.py:190} INFO - [2026-04-23T21:05:01.191+0000] {dag.py:3239} INFO - Sync 1 DAGs
[2026-04-23T21:05:01.215+0000] {logging_mixin.py:190} INFO - [2026-04-23T21:05:01.214+0000] {dag.py:4180} INFO - Setting next_dagrun for daily_check to 2026-04-23 00:00:00+00:00, run_after=2026-04-24 00:00:00+00:00
[2026-04-23T21:05:01.233+0000] {processor.py:208} INFO - Processing /opt/airflow/dags/daily_chek.py took 0.081 seconds
[2026-04-23T21:05:31.526+0000] {processor.py:186} INFO - Started process (PID=6327) to work on /opt/airflow/dags/daily_chek.py
[2026-04-23T21:05:31.526+0000] {processor.py:914} INFO - Processing file /opt/airflow/dags/daily_chek.py for tasks to queue
[2026-04-23T21:05:31.528+0000] {logging_mixin.py:190} INFO - [2026-04-23T21:05:31.528+0000] {dagbag.py:588} INFO - Filling up the DagBag from /opt/airflow/dags/daily_chek.py
[2026-04-23T21:05:31.538+0000] {processor.py:925} INFO - DAG(s) 'daily_check' retrieved from /opt/airflow/dags/daily_chek.py
[2026-04-23T21:05:31.558+0000] {logging_mixin.py:190} INFO - [2026-04-23T21:05:31.558+0000] {dag.py:3239} INFO - Sync 1 DAGs
[2026-04-23T21:05:31.579+0000] {logging_mixin.py:190} INFO - [2026-04-23T21:05:31.579+0000] {dag.py:4180} INFO - Setting next_dagrun for daily_check to 2026-04-23 00:00:00+00:00, run_after=2026-04-24 00:00:00+00:00
[2026-04-23T21:05:31.711+0000] {processor.py:208} INFO - Processing /opt/airflow/dags/daily_chek.py took 0.193 seconds
[2026-04-23T21:06:01.997+0000] {processor.py:186} INFO - Started process (PID=6348) to work on /opt/airflow/dags/daily_chek.py
[2026-04-23T21:06:01.999+0000] {processor.py:914} INFO - Processing file /opt/airflow/dags/daily_chek.py for tasks to queue
[2026-04-23T21:06:02.001+0000] {logging_mixin.py:190} INFO - [2026-04-23T21:06:02.001+0000] {dagbag.py:588} INFO - Filling up the DagBag from /opt/airflow/dags/daily_chek.py
[2026-04-23T21:06:02.010+0000] {processor.py:925} INFO - DAG(s) 'daily_check' retrieved from /opt/airflow/dags/daily_chek.py
[2026-04-23T21:06:02.031+0000] {logging_mixin.py:190} INFO - [2026-04-23T21:06:02.030+0000] {dag.py:3239} INFO - Sync 1 DAGs
[2026-04-23T21:06:02.163+0000] {logging_mixin.py:190} INFO - [2026-04-23T21:06:02.163+0000] {dag.py:4180} INFO - Setting next_dagrun for daily_check to 2026-04-23 00:00:00+00:00, run_after=2026-04-24 00:00:00+00:00
[2026-04-23T21:06:02.184+0000] {processor.py:208} INFO - Processing /opt/airflow/dags/daily_chek.py took 0.192 seconds
[2026-04-23T21:06:32.453+0000] {processor.py:186} INFO - Started process (PID=6369) to work on /opt/airflow/dags/daily_chek.py
[2026-04-23T21:06:32.454+0000] {processor.py:914} INFO - Processing file /opt/airflow/dags/daily_chek.py for tasks to queue
[2026-04-23T21:06:32.455+0000] {logging_mixin.py:190} INFO - [2026-04-23T21:06:32.455+0000] {dagbag.py:588} INFO - Filling up the DagBag from /opt/airflow/dags/daily_chek.py
[2026-04-23T21:06:32.465+0000] {processor.py:925} INFO - DAG(s) 'daily_check' retrieved from /opt/airflow/dags/daily_chek.py
[2026-04-23T21:06:32.595+0000] {logging_mixin.py:190} INFO - [2026-04-23T21:06:32.594+0000] {dag.py:3239} INFO - Sync 1 DAGs
[2026-04-23T21:06:32.613+0000] {logging_mixin.py:190} INFO - [2026-04-23T21:06:32.613+0000] {dag.py:4180} INFO - Setting next_dagrun for daily_check to 2026-04-23 00:00:00+00:00, run_after=2026-04-24 00:00:00+00:00
[2026-04-23T21:06:32.634+0000] {processor.py:208} INFO - Processing /opt/airflow/dags/daily_chek.py took 0.186 seconds
[2026-04-23T21:07:02.882+0000] {processor.py:186} INFO - Started process (PID=6390) to work on /opt/airflow/dags/daily_chek.py
[2026-04-23T21:07:02.883+0000] {processor.py:914} INFO - Processing file /opt/airflow/dags/daily_chek.py for tasks to queue
[2026-04-23T21:07:02.884+0000] {logging_mixin.py:190} INFO - [2026-04-23T21:07:02.884+0000] {dagbag.py:588} INFO - Filling up the DagBag from /opt/airflow/dags/daily_chek.py
[2026-04-23T21:07:02.894+0000] {processor.py:925} INFO - DAG(s) 'daily_check' retrieved from /opt/airflow/dags/daily_chek.py
[2026-04-23T21:07:02.917+0000] {logging_mixin.py:190} INFO - [2026-04-23T21:07:02.916+0000] {dag.py:3239} INFO - Sync 1 DAGs
[2026-04-23T21:07:02.939+0000] {logging_mixin.py:190} INFO - [2026-04-23T21:07:02.939+0000] {dag.py:4180} INFO - Setting next_dagrun for daily_check to 2026-04-23 00:00:00+00:00, run_after=2026-04-24 00:00:00+00:00
[2026-04-23T21:07:02.954+0000] {processor.py:208} INFO - Processing /opt/airflow/dags/daily_chek.py took 0.079 seconds
[2026-04-23T21:07:33.237+0000] {processor.py:186} INFO - Started process (PID=6411) to work on /opt/airflow/dags/daily_chek.py
[2026-04-23T21:07:33.237+0000] {processor.py:914} INFO - Processing file /opt/airflow/dags/daily_chek.py for tasks to queue
[2026-04-23T21:07:33.239+0000] {logging_mixin.py:190} INFO - [2026-04-23T21:07:33.238+0000] {dagbag.py:588} INFO - Filling up the DagBag from /opt/airflow/dags/daily_chek.py
[2026-04-23T21:07:33.249+0000] {processor.py:925} INFO - DAG(s) 'daily_check' retrieved from /opt/airflow/dags/daily_chek.py
[2026-04-23T21:07:33.268+0000] {logging_mixin.py:190} INFO - [2026-04-23T21:07:33.268+0000] {dag.py:3239} INFO - Sync 1 DAGs
[2026-04-23T21:07:33.290+0000] {logging_mixin.py:190} INFO - [2026-04-23T21:07:33.290+0000] {dag.py:4180} INFO - Setting next_dagrun for daily_check to 2026-04-23 00:00:00+00:00, run_after=2026-04-24 00:00:00+00:00
[2026-04-23T21:07:33.306+0000] {processor.py:208} INFO - Processing /opt/airflow/dags/daily_chek.py took 0.075 seconds
[2026-04-23T21:08:03.592+0000] {processor.py:186} INFO - Started process (PID=6432) to work on /opt/airflow/dags/daily_chek.py
[2026-04-23T21:08:03.593+0000] {processor.py:914} INFO - Processing file /opt/airflow/dags/daily_chek.py for tasks to queue
[2026-04-23T21:08:03.595+0000] {logging_mixin.py:190} INFO - [2026-04-23T21:08:03.595+0000] {dagbag.py:588} INFO - Filling up the DagBag from /opt/airflow/dags/daily_chek.py
[2026-04-23T21:08:03.608+0000] {processor.py:925} INFO - DAG(s) 'daily_check' retrieved from /opt/airflow/dags/daily_chek.py
[2026-04-23T21:08:03.628+0000] {logging_mixin.py:190} INFO - [2026-04-23T21:08:03.628+0000] {dag.py:3239} INFO - Sync 1 DAGs
[2026-04-23T21:08:03.649+0000] {logging_mixin.py:190} INFO - [2026-04-23T21:08:03.649+0000] {dag.py:4180} INFO - Setting next_dagrun for daily_check to 2026-04-23 00:00:00+00:00, run_after=2026-04-24 00:00:00+00:00
[2026-04-23T21:08:03.773+0000] {processor.py:208} INFO - Processing /opt/airflow/dags/daily_chek.py took 0.185 seconds
[2026-04-23T21:08:34.084+0000] {processor.py:186} INFO - Started process (PID=6453) to work on /opt/airflow/dags/daily_chek.py
[2026-04-23T21:08:34.085+0000] {processor.py:914} INFO - Processing file /opt/airflow/dags/daily_chek.py for tasks to queue
[2026-04-23T21:08:34.086+0000] {logging_mixin.py:190} INFO - [2026-04-23T21:08:34.086+0000] {dagbag.py:588} INFO - Filling up the DagBag from /opt/airflow/dags/daily_chek.py
[2026-04-23T21:08:34.097+0000] {processor.py:925} INFO - DAG(s) 'daily_check' retrieved from /opt/airflow/dags/daily_chek.py
[2026-04-23T21:08:34.117+0000] {logging_mixin.py:190} INFO - [2026-04-23T21:08:34.117+0000] {dag.py:3239} INFO - Sync 1 DAGs
[2026-04-23T21:08:34.253+0000] {logging_mixin.py:190} INFO - [2026-04-23T21:08:34.253+0000] {dag.py:4180} INFO - Setting next_dagrun for daily_check to 2026-04-23 00:00:00+00:00, run_after=2026-04-24 00:00:00+00:00
[2026-04-23T21:08:34.267+0000] {processor.py:208} INFO - Processing /opt/airflow/dags/daily_chek.py took 0.190 seconds
[2026-04-23T21:09:04.554+0000] {processor.py:186} INFO - Started process (PID=6474) to work on /opt/airflow/dags/daily_chek.py
[2026-04-23T21:09:04.554+0000] {processor.py:914} INFO - Processing file /opt/airflow/dags/daily_chek.py for tasks to queue
[2026-04-23T21:09:04.556+0000] {logging_mixin.py:190} INFO - [2026-04-23T21:09:04.556+0000] {dagbag.py:588} INFO - Filling up the DagBag from /opt/airflow/dags/daily_chek.py
[2026-04-23T21:09:04.565+0000] {processor.py:925} INFO - DAG(s) 'daily_check' retrieved from /opt/airflow/dags/daily_chek.py
[2026-04-23T21:09:04.590+0000] {logging_mixin.py:190} INFO - [2026-04-23T21:09:04.590+0000] {dag.py:3239} INFO - Sync 1 DAGs
[2026-04-23T21:09:04.723+0000] {logging_mixin.py:190} INFO - [2026-04-23T21:09:04.723+0000] {dag.py:4180} INFO - Setting next_dagrun for daily_check to 2026-04-23 00:00:00+00:00, run_after=2026-04-24 00:00:00+00:00
[2026-04-23T21:09:04.741+0000] {processor.py:208} INFO - Processing /opt/airflow/dags/daily_chek.py took 0.194 seconds
[2026-04-23T21:09:35.022+0000] {processor.py:186} INFO - Started process (PID=6495) to work on /opt/airflow/dags/daily_chek.py
[2026-04-23T21:09:35.022+0000] {processor.py:914} INFO - Processing file /opt/airflow/dags/daily_chek.py for tasks to queue
[2026-04-23T21:09:35.024+0000] {logging_mixin.py:190} INFO - [2026-04-23T21:09:35.024+0000] {dagbag.py:588} INFO - Filling up the DagBag from /opt/airflow/dags/daily_chek.py
[2026-04-23T21:09:35.033+0000] {processor.py:925} INFO - DAG(s) 'daily_check' retrieved from /opt/airflow/dags/daily_chek.py
[2026-04-23T21:09:35.165+0000] {logging_mixin.py:190} INFO - [2026-04-23T21:09:35.165+0000] {dag.py:3239} INFO - Sync 1 DAGs
[2026-04-23T21:09:35.184+0000] {logging_mixin.py:190} INFO - [2026-04-23T21:09:35.183+0000] {dag.py:4180} INFO - Setting next_dagrun for daily_check to 2026-04-23 00:00:00+00:00, run_after=2026-04-24 00:00:00+00:00
[2026-04-23T21:09:35.204+0000] {processor.py:208} INFO - Processing /opt/airflow/dags/daily_chek.py took 0.187 seconds
[2026-04-23T21:10:05.514+0000] {processor.py:186} INFO - Started process (PID=6516) to work on /opt/airflow/dags/daily_chek.py
[2026-04-23T21:10:05.514+0000] {processor.py:914} INFO - Processing file /opt/airflow/dags/daily_chek.py for tasks to queue
[2026-04-23T21:10:05.516+0000] {logging_mixin.py:190} INFO - [2026-04-23T21:10:05.516+0000] {dagbag.py:588} INFO - Filling up the DagBag from /opt/airflow/dags/daily_chek.py
[2026-04-23T21:10:05.526+0000] {processor.py:925} INFO - DAG(s) 'daily_check' retrieved from /opt/airflow/dags/daily_chek.py
[2026-04-23T21:10:05.547+0000] {logging_mixin.py:190} INFO - [2026-04-23T21:10:05.547+0000] {dag.py:3239} INFO - Sync 1 DAGs
[2026-04-23T21:10:05.572+0000] {logging_mixin.py:190} INFO - [2026-04-23T21:10:05.572+0000] {dag.py:4180} INFO - Setting next_dagrun for daily_check to 2026-04-23 00:00:00+00:00, run_after=2026-04-24 00:00:00+00:00
[2026-04-23T21:10:05.589+0000] {processor.py:208} INFO - Processing /opt/airflow/dags/daily_chek.py took 0.080 seconds
[2026-04-23T21:10:35.853+0000] {processor.py:186} INFO - Started process (PID=6537) to work on /opt/airflow/dags/daily_chek.py
[2026-04-23T21:10:35.854+0000] {processor.py:914} INFO - Processing file /opt/airflow/dags/daily_chek.py for tasks to queue
[2026-04-23T21:10:35.856+0000] {logging_mixin.py:190} INFO - [2026-04-23T21:10:35.856+0000] {dagbag.py:588} INFO - Filling up the DagBag from /opt/airflow/dags/daily_chek.py
[2026-04-23T21:10:35.868+0000] {processor.py:925} INFO - DAG(s) 'daily_check' retrieved from /opt/airflow/dags/daily_chek.py
[2026-04-23T21:10:35.893+0000] {logging_mixin.py:190} INFO - [2026-04-23T21:10:35.893+0000] {dag.py:3239} INFO - Sync 1 DAGs
[2026-04-23T21:10:35.916+0000] {logging_mixin.py:190} INFO - [2026-04-23T21:10:35.915+0000] {dag.py:4180} INFO - Setting next_dagrun for daily_check to 2026-04-23 00:00:00+00:00, run_after=2026-04-24 00:00:00+00:00
[2026-04-23T21:10:35.935+0000] {processor.py:208} INFO - Processing /opt/airflow/dags/daily_chek.py took 0.086 seconds
[2026-04-23T21:11:06.210+0000] {processor.py:186} INFO - Started process (PID=6558) to work on /opt/airflow/dags/daily_chek.py
[2026-04-23T21:11:06.211+0000] {processor.py:914} INFO - Processing file /opt/airflow/dags/daily_chek.py for tasks to queue
[2026-04-23T21:11:06.213+0000] {logging_mixin.py:190} INFO - [2026-04-23T21:11:06.213+0000] {dagbag.py:588} INFO - Filling up the DagBag from /opt/airflow/dags/daily_chek.py
[2026-04-23T21:11:06.226+0000] {processor.py:925} INFO - DAG(s) 'daily_check' retrieved from /opt/airflow/dags/daily_chek.py
[2026-04-23T21:11:06.250+0000] {logging_mixin.py:190} INFO - [2026-04-23T21:11:06.250+0000] {dag.py:3239} INFO - Sync 1 DAGs
[2026-04-23T21:11:06.272+0000] {logging_mixin.py:190} INFO - [2026-04-23T21:11:06.272+0000] {dag.py:4180} INFO - Setting next_dagrun for daily_check to 2026-04-23 00:00:00+00:00, run_after=2026-04-24 00:00:00+00:00
[2026-04-23T21:11:06.402+0000] {processor.py:208} INFO - Processing /opt/airflow/dags/daily_chek.py took 0.200 seconds
[2026-04-23T21:11:36.476+0000] {processor.py:186} INFO - Started process (PID=6579) to work on /opt/airflow/dags/daily_chek.py
[2026-04-23T21:11:36.477+0000] {processor.py:914} INFO - Processing file /opt/airflow/dags/daily_chek.py for tasks to queue
[2026-04-23T21:11:36.480+0000] {logging_mixin.py:190} INFO - [2026-04-23T21:11:36.480+0000] {dagbag.py:588} INFO - Filling up the DagBag from /opt/airflow/dags/daily_chek.py
[2026-04-23T21:11:36.494+0000] {processor.py:925} INFO - DAG(s) 'daily_check' retrieved from /opt/airflow/dags/daily_chek.py
[2026-04-23T21:11:36.521+0000] {logging_mixin.py:190} INFO - [2026-04-23T21:11:36.521+0000] {dag.py:3239} INFO - Sync 1 DAGs
[2026-04-23T21:11:36.660+0000] {logging_mixin.py:190} INFO - [2026-04-23T21:11:36.659+0000] {dag.py:4180} INFO - Setting next_dagrun for daily_check to 2026-04-23 00:00:00+00:00, run_after=2026-04-24 00:00:00+00:00
[2026-04-23T21:11:36.679+0000] {processor.py:208} INFO - Processing /opt/airflow/dags/daily_chek.py took 0.210 seconds
[2026-04-23T21:12:06.966+0000] {processor.py:186} INFO - Started process (PID=6600) to work on /opt/airflow/dags/daily_chek.py
[2026-04-23T21:12:06.967+0000] {processor.py:914} INFO - Processing file /opt/airflow/dags/daily_chek.py for tasks to queue
[2026-04-23T21:12:06.968+0000] {logging_mixin.py:190} INFO - [2026-04-23T21:12:06.968+0000] {dagbag.py:588} INFO - Filling up the DagBag from /opt/airflow/dags/daily_chek.py
[2026-04-23T21:12:06.980+0000] {processor.py:925} INFO - DAG(s) 'daily_check' retrieved from /opt/airflow/dags/daily_chek.py
[2026-04-23T21:12:07.113+0000] {logging_mixin.py:190} INFO - [2026-04-23T21:12:07.113+0000] {dag.py:3239} INFO - Sync 1 DAGs
[2026-04-23T21:12:07.131+0000] {logging_mixin.py:190} INFO - [2026-04-23T21:12:07.131+0000] {dag.py:4180} INFO - Setting next_dagrun for daily_check to 2026-04-23 00:00:00+00:00, run_after=2026-04-24 00:00:00+00:00
[2026-04-23T21:12:07.152+0000] {processor.py:208} INFO - Processing /opt/airflow/dags/daily_chek.py took 0.192 seconds
[2026-04-23T21:12:37.412+0000] {processor.py:186} INFO - Started process (PID=6621) to work on /opt/airflow/dags/daily_chek.py
[2026-04-23T21:12:37.414+0000] {processor.py:914} INFO - Processing file /opt/airflow/dags/daily_chek.py for tasks to queue
[2026-04-23T21:12:37.416+0000] {logging_mixin.py:190} INFO - [2026-04-23T21:12:37.415+0000] {dagbag.py:588} INFO - Filling up the DagBag from /opt/airflow/dags/daily_chek.py
[2026-04-23T21:12:37.537+0000] {processor.py:925} INFO - DAG(s) 'daily_check' retrieved from /opt/airflow/dags/daily_chek.py
[2026-04-23T21:12:37.556+0000] {logging_mixin.py:190} INFO - [2026-04-23T21:12:37.556+0000] {dag.py:3239} INFO - Sync 1 DAGs
[2026-04-23T21:12:37.576+0000] {logging_mixin.py:190} INFO - [2026-04-23T21:12:37.575+0000] {dag.py:4180} INFO - Setting next_dagrun for daily_check to 2026-04-23 00:00:00+00:00, run_after=2026-04-24 00:00:00+00:00
[2026-04-23T21:12:37.596+0000] {processor.py:208} INFO - Processing /opt/airflow/dags/daily_chek.py took 0.189 seconds
[2026-04-23T21:13:07.968+0000] {processor.py:186} INFO - Started process (PID=6642) to work on /opt/airflow/dags/daily_chek.py
[2026-04-23T21:13:07.969+0000] {processor.py:914} INFO - Processing file /opt/airflow/dags/daily_chek.py for tasks to queue
[2026-04-23T21:13:07.970+0000] {logging_mixin.py:190} INFO - [2026-04-23T21:13:07.970+0000] {dagbag.py:588} INFO - Filling up the DagBag from /opt/airflow/dags/daily_chek.py
[2026-04-23T21:13:07.981+0000] {processor.py:925} INFO - DAG(s) 'daily_check' retrieved from /opt/airflow/dags/daily_chek.py
[2026-04-23T21:13:08.001+0000] {logging_mixin.py:190} INFO - [2026-04-23T21:13:08.001+0000] {dag.py:3239} INFO - Sync 1 DAGs
[2026-04-23T21:13:08.022+0000] {logging_mixin.py:190} INFO - [2026-04-23T21:13:08.022+0000] {dag.py:4180} INFO - Setting next_dagrun for daily_check to 2026-04-23 00:00:00+00:00, run_after=2026-04-24 00:00:00+00:00
[2026-04-23T21:13:08.037+0000] {processor.py:208} INFO - Processing /opt/airflow/dags/daily_chek.py took 0.074 seconds
[2026-04-23T21:13:38.285+0000] {processor.py:186} INFO - Started process (PID=6663) to work on /opt/airflow/dags/daily_chek.py
[2026-04-23T21:13:38.285+0000] {processor.py:914} INFO - Processing file /opt/airflow/dags/daily_chek.py for tasks to queue
[2026-04-23T21:13:38.287+0000] {logging_mixin.py:190} INFO - [2026-04-23T21:13:38.287+0000] {dagbag.py:588} INFO - Filling up the DagBag from /opt/airflow/dags/daily_chek.py
[2026-04-23T21:13:38.296+0000] {processor.py:925} INFO - DAG(s) 'daily_check' retrieved from /opt/airflow/dags/daily_chek.py
[2026-04-23T21:13:38.318+0000] {logging_mixin.py:190} INFO - [2026-04-23T21:13:38.318+0000] {dag.py:3239} INFO - Sync 1 DAGs
[2026-04-23T21:13:38.340+0000] {logging_mixin.py:190} INFO - [2026-04-23T21:13:38.340+0000] {dag.py:4180} INFO - Setting next_dagrun for daily_check to 2026-04-23 00:00:00+00:00, run_after=2026-04-24 00:00:00+00:00
[2026-04-23T21:13:38.356+0000] {processor.py:208} INFO - Processing /opt/airflow/dags/daily_chek.py took 0.076 seconds
[2026-04-23T21:14:08.644+0000] {processor.py:186} INFO - Started process (PID=6684) to work on /opt/airflow/dags/daily_chek.py
[2026-04-23T21:14:08.644+0000] {processor.py:914} INFO - Processing file /opt/airflow/dags/daily_chek.py for tasks to queue
[2026-04-23T21:14:08.646+0000] {logging_mixin.py:190} INFO - [2026-04-23T21:14:08.645+0000] {dagbag.py:588} INFO - Filling up the DagBag from /opt/airflow/dags/daily_chek.py
[2026-04-23T21:14:08.655+0000] {processor.py:925} INFO - DAG(s) 'daily_check' retrieved from /opt/airflow/dags/daily_chek.py
[2026-04-23T21:14:08.675+0000] {logging_mixin.py:190} INFO - [2026-04-23T21:14:08.675+0000] {dag.py:3239} INFO - Sync 1 DAGs
[2026-04-23T21:14:08.697+0000] {logging_mixin.py:190} INFO - [2026-04-23T21:14:08.697+0000] {dag.py:4180} INFO - Setting next_dagrun for daily_check to 2026-04-23 00:00:00+00:00, run_after=2026-04-24 00:00:00+00:00
[2026-04-23T21:14:08.716+0000] {processor.py:208} INFO - Processing /opt/airflow/dags/daily_chek.py took 0.078 seconds
[2026-04-23T21:14:39.014+0000] {processor.py:186} INFO - Started process (PID=6705) to work on /opt/airflow/dags/daily_chek.py
[2026-04-23T21:14:39.015+0000] {processor.py:914} INFO - Processing file /opt/airflow/dags/daily_chek.py for tasks to queue
[2026-04-23T21:14:39.017+0000] {logging_mixin.py:190} INFO - [2026-04-23T21:14:39.017+0000] {dagbag.py:588} INFO - Filling up the DagBag from /opt/airflow/dags/daily_chek.py
[2026-04-23T21:14:39.030+0000] {processor.py:925} INFO - DAG(s) 'daily_check' retrieved from /opt/airflow/dags/daily_chek.py
[2026-04-23T21:14:39.051+0000] {logging_mixin.py:190} INFO - [2026-04-23T21:14:39.051+0000] {dag.py:3239} INFO - Sync 1 DAGs
[2026-04-23T21:14:39.073+0000] {logging_mixin.py:190} INFO - [2026-04-23T21:14:39.073+0000] {dag.py:4180} INFO - Setting next_dagrun for daily_check to 2026-04-23 00:00:00+00:00, run_after=2026-04-24 00:00:00+00:00
[2026-04-23T21:14:39.089+0000] {processor.py:208} INFO - Processing /opt/airflow/dags/daily_chek.py took 0.085 seconds
[2026-04-23T21:15:09.373+0000] {processor.py:186} INFO - Started process (PID=6726) to work on /opt/airflow/dags/daily_chek.py
[2026-04-23T21:15:09.374+0000] {processor.py:914} INFO - Processing file /opt/airflow/dags/daily_chek.py for tasks to queue
[2026-04-23T21:15:09.376+0000] {logging_mixin.py:190} INFO - [2026-04-23T21:15:09.375+0000] {dagbag.py:588} INFO - Filling up the DagBag from /opt/airflow/dags/daily_chek.py
[2026-04-23T21:15:09.386+0000] {processor.py:925} INFO - DAG(s) 'daily_check' retrieved from /opt/airflow/dags/daily_chek.py
[2026-04-23T21:15:09.406+0000] {logging_mixin.py:190} INFO - [2026-04-23T21:15:09.406+0000] {dag.py:3239} INFO - Sync 1 DAGs
[2026-04-23T21:15:09.427+0000] {logging_mixin.py:190} INFO - [2026-04-23T21:15:09.426+0000] {dag.py:4180} INFO - Setting next_dagrun for daily_check to 2026-04-23 00:00:00+00:00, run_after=2026-04-24 00:00:00+00:00
[2026-04-23T21:15:09.442+0000] {processor.py:208} INFO - Processing /opt/airflow/dags/daily_chek.py took 0.074 seconds
[2026-04-23T21:15:39.715+0000] {processor.py:186} INFO - Started process (PID=6747) to work on /opt/airflow/dags/daily_chek.py
[2026-04-23T21:15:39.716+0000] {processor.py:914} INFO - Processing file /opt/airflow/dags/daily_chek.py for tasks to queue
[2026-04-23T21:15:39.718+0000] {logging_mixin.py:190} INFO - [2026-04-23T21:15:39.718+0000] {dagbag.py:588} INFO - Filling up the DagBag from /opt/airflow/dags/daily_chek.py
[2026-04-23T21:15:39.732+0000] {processor.py:925} INFO - DAG(s) 'daily_check' retrieved from /opt/airflow/dags/daily_chek.py
[2026-04-23T21:15:39.754+0000] {logging_mixin.py:190} INFO - [2026-04-23T21:15:39.753+0000] {dag.py:3239} INFO - Sync 1 DAGs
[2026-04-23T21:15:39.775+0000] {logging_mixin.py:190} INFO - [2026-04-23T21:15:39.774+0000] {dag.py:4180} INFO - Setting next_dagrun for daily_check to 2026-04-23 00:00:00+00:00, run_after=2026-04-24 00:00:00+00:00
[2026-04-23T21:15:39.791+0000] {processor.py:208} INFO - Processing /opt/airflow/dags/daily_chek.py took 0.082 seconds
[2026-04-23T21:16:10.067+0000] {processor.py:186} INFO - Started process (PID=6768) to work on /opt/airflow/dags/daily_chek.py
[2026-04-23T21:16:10.067+0000] {processor.py:914} INFO - Processing file /opt/airflow/dags/daily_chek.py for tasks to queue
[2026-04-23T21:16:10.069+0000] {logging_mixin.py:190} INFO - [2026-04-23T21:16:10.069+0000] {dagbag.py:588} INFO - Filling up the DagBag from /opt/airflow/dags/daily_chek.py
[2026-04-23T21:16:10.082+0000] {processor.py:925} INFO - DAG(s) 'daily_check' retrieved from /opt/airflow/dags/daily_chek.py
[2026-04-23T21:16:10.102+0000] {logging_mixin.py:190} INFO - [2026-04-23T21:16:10.102+0000] {dag.py:3239} INFO - Sync 1 DAGs
[2026-04-23T21:16:10.123+0000] {logging_mixin.py:190} INFO - [2026-04-23T21:16:10.123+0000] {dag.py:4180} INFO - Setting next_dagrun for daily_check to 2026-04-23 00:00:00+00:00, run_after=2026-04-24 00:00:00+00:00
[2026-04-23T21:16:10.140+0000] {processor.py:208} INFO - Processing /opt/airflow/dags/daily_chek.py took 0.078 seconds
[2026-04-23T21:16:40.451+0000] {processor.py:186} INFO - Started process (PID=6789) to work on /opt/airflow/dags/daily_chek.py
[2026-04-23T21:16:40.452+0000] {processor.py:914} INFO - Processing file /opt/airflow/dags/daily_chek.py for tasks to queue
[2026-04-23T21:16:40.455+0000] {logging_mixin.py:190} INFO - [2026-04-23T21:16:40.455+0000] {dagbag.py:588} INFO - Filling up the DagBag from /opt/airflow/dags/daily_chek.py
[2026-04-23T21:16:40.467+0000] {processor.py:925} INFO - DAG(s) 'daily_check' retrieved from /opt/airflow/dags/daily_chek.py
[2026-04-23T21:16:40.487+0000] {logging_mixin.py:190} INFO - [2026-04-23T21:16:40.486+0000] {dag.py:3239} INFO - Sync 1 DAGs
[2026-04-23T21:16:40.509+0000] {logging_mixin.py:190} INFO - [2026-04-23T21:16:40.508+0000] {dag.py:4180} INFO - Setting next_dagrun for daily_check to 2026-04-23 00:00:00+00:00, run_after=2026-04-24 00:00:00+00:00
[2026-04-23T21:16:40.526+0000] {processor.py:208} INFO - Processing /opt/airflow/dags/daily_chek.py took 0.083 seconds
[2026-04-23T21:17:10.802+0000] {processor.py:186} INFO - Started process (PID=6810) to work on /opt/airflow/dags/daily_chek.py
[2026-04-23T21:17:10.803+0000] {processor.py:914} INFO - Processing file /opt/airflow/dags/daily_chek.py for tasks to queue
[2026-04-23T21:17:10.804+0000] {logging_mixin.py:190} INFO - [2026-04-23T21:17:10.804+0000] {dagbag.py:588} INFO - Filling up the DagBag from /opt/airflow/dags/daily_chek.py
[2026-04-23T21:17:10.815+0000] {processor.py:925} INFO - DAG(s) 'daily_check' retrieved from /opt/airflow/dags/daily_chek.py
[2026-04-23T21:17:10.836+0000] {logging_mixin.py:190} INFO - [2026-04-23T21:17:10.836+0000] {dag.py:3239} INFO - Sync 1 DAGs
[2026-04-23T21:17:10.858+0000] {logging_mixin.py:190} INFO - [2026-04-23T21:17:10.858+0000] {dag.py:4180} INFO - Setting next_dagrun for daily_check to 2026-04-23 00:00:00+00:00, run_after=2026-04-24 00:00:00+00:00
[2026-04-23T21:17:10.874+0000] {processor.py:208} INFO - Processing /opt/airflow/dags/daily_chek.py took 0.077 seconds
[2026-04-23T21:17:41.180+0000] {processor.py:186} INFO - Started process (PID=6831) to work on /opt/airflow/dags/daily_chek.py
[2026-04-23T21:17:41.181+0000] {processor.py:914} INFO - Processing file /opt/airflow/dags/daily_chek.py for tasks to queue
[2026-04-23T21:17:41.183+0000] {logging_mixin.py:190} INFO - [2026-04-23T21:17:41.183+0000] {dagbag.py:588} INFO - Filling up the DagBag from /opt/airflow/dags/daily_chek.py
[2026-04-23T21:17:41.197+0000] {processor.py:925} INFO - DAG(s) 'daily_check' retrieved from /opt/airflow/dags/daily_chek.py
[2026-04-23T21:17:41.225+0000] {logging_mixin.py:190} INFO - [2026-04-23T21:17:41.225+0000] {dag.py:3239} INFO - Sync 1 DAGs
[2026-04-23T21:17:41.253+0000] {logging_mixin.py:190} INFO - [2026-04-23T21:17:41.253+0000] {dag.py:4180} INFO - Setting next_dagrun for daily_check to 2026-04-23 00:00:00+00:00, run_after=2026-04-24 00:00:00+00:00
[2026-04-23T21:17:41.271+0000] {processor.py:208} INFO - Processing /opt/airflow/dags/daily_chek.py took 0.100 seconds
[2026-04-23T21:18:11.580+0000] {processor.py:186} INFO - Started process (PID=6852) to work on /opt/airflow/dags/daily_chek.py
[2026-04-23T21:18:11.580+0000] {processor.py:914} INFO - Processing file /opt/airflow/dags/daily_chek.py for tasks to queue
[2026-04-23T21:18:11.582+0000] {logging_mixin.py:190} INFO - [2026-04-23T21:18:11.582+0000] {dagbag.py:588} INFO - Filling up the DagBag from /opt/airflow/dags/daily_chek.py
[2026-04-23T21:18:11.592+0000] {processor.py:925} INFO - DAG(s) 'daily_check' retrieved from /opt/airflow/dags/daily_chek.py
[2026-04-23T21:18:11.613+0000] {logging_mixin.py:190} INFO - [2026-04-23T21:18:11.613+0000] {dag.py:3239} INFO - Sync 1 DAGs
[2026-04-23T21:18:11.634+0000] {logging_mixin.py:190} INFO - [2026-04-23T21:18:11.634+0000] {dag.py:4180} INFO - Setting next_dagrun for daily_check to 2026-04-23 00:00:00+00:00, run_after=2026-04-24 00:00:00+00:00
[2026-04-23T21:18:11.650+0000] {processor.py:208} INFO - Processing /opt/airflow/dags/daily_chek.py took 0.075 seconds
[2026-04-23T21:18:41.938+0000] {processor.py:186} INFO - Started process (PID=6873) to work on /opt/airflow/dags/daily_chek.py
[2026-04-23T21:18:41.939+0000] {processor.py:914} INFO - Processing file /opt/airflow/dags/daily_chek.py for tasks to queue
[2026-04-23T21:18:41.941+0000] {logging_mixin.py:190} INFO - [2026-04-23T21:18:41.940+0000] {dagbag.py:588} INFO - Filling up the DagBag from /opt/airflow/dags/daily_chek.py
[2026-04-23T21:18:41.950+0000] {processor.py:925} INFO - DAG(s) 'daily_check' retrieved from /opt/airflow/dags/daily_chek.py
[2026-04-23T21:18:41.970+0000] {logging_mixin.py:190} INFO - [2026-04-23T21:18:41.970+0000] {dag.py:3239} INFO - Sync 1 DAGs
[2026-04-23T21:18:41.991+0000] {logging_mixin.py:190} INFO - [2026-04-23T21:18:41.991+0000] {dag.py:4180} INFO - Setting next_dagrun for daily_check to 2026-04-23 00:00:00+00:00, run_after=2026-04-24 00:00:00+00:00
[2026-04-23T21:18:42.008+0000] {processor.py:208} INFO - Processing /opt/airflow/dags/daily_chek.py took 0.075 seconds
[2026-04-23T21:19:12.294+0000] {processor.py:186} INFO - Started process (PID=6894) to work on /opt/airflow/dags/daily_chek.py
[2026-04-23T21:19:12.295+0000] {processor.py:914} INFO - Processing file /opt/airflow/dags/daily_chek.py for tasks to queue
[2026-04-23T21:19:12.297+0000] {logging_mixin.py:190} INFO - [2026-04-23T21:19:12.297+0000] {dagbag.py:588} INFO - Filling up the DagBag from /opt/airflow/dags/daily_chek.py
[2026-04-23T21:19:12.306+0000] {processor.py:925} INFO - DAG(s) 'daily_check' retrieved from /opt/airflow/dags/daily_chek.py
[2026-04-23T21:19:12.333+0000] {logging_mixin.py:190} INFO - [2026-04-23T21:19:12.333+0000] {dag.py:3239} INFO - Sync 1 DAGs
[2026-04-23T21:19:12.359+0000] {logging_mixin.py:190} INFO - [2026-04-23T21:19:12.359+0000] {dag.py:4180} INFO - Setting next_dagrun for daily_check to 2026-04-23 00:00:00+00:00, run_after=2026-04-24 00:00:00+00:00
[2026-04-23T21:19:12.376+0000] {processor.py:208} INFO - Processing /opt/airflow/dags/daily_chek.py took 0.087 seconds
[2026-04-23T21:19:42.669+0000] {processor.py:186} INFO - Started process (PID=6915) to work on /opt/airflow/dags/daily_chek.py
[2026-04-23T21:19:42.669+0000] {processor.py:914} INFO - Processing file /opt/airflow/dags/daily_chek.py for tasks to queue
[2026-04-23T21:19:42.671+0000] {logging_mixin.py:190} INFO - [2026-04-23T21:19:42.671+0000] {dagbag.py:588} INFO - Filling up the DagBag from /opt/airflow/dags/daily_chek.py
[2026-04-23T21:19:42.682+0000] {processor.py:925} INFO - DAG(s) 'daily_check' retrieved from /opt/airflow/dags/daily_chek.py
[2026-04-23T21:19:42.709+0000] {logging_mixin.py:190} INFO - [2026-04-23T21:19:42.709+0000] {dag.py:3239} INFO - Sync 1 DAGs
[2026-04-23T21:19:42.733+0000] {logging_mixin.py:190} INFO - [2026-04-23T21:19:42.732+0000] {dag.py:4180} INFO - Setting next_dagrun for daily_check to 2026-04-23 00:00:00+00:00, run_after=2026-04-24 00:00:00+00:00
[2026-04-23T21:19:42.751+0000] {processor.py:208} INFO - Processing /opt/airflow/dags/daily_chek.py took 0.089 seconds
[2026-04-23T21:20:13.045+0000] {processor.py:186} INFO - Started process (PID=6936) to work on /opt/airflow/dags/daily_chek.py
[2026-04-23T21:20:13.046+0000] {processor.py:914} INFO - Processing file /opt/airflow/dags/daily_chek.py for tasks to queue
[2026-04-23T21:20:13.048+0000] {logging_mixin.py:190} INFO - [2026-04-23T21:20:13.048+0000] {dagbag.py:588} INFO - Filling up the DagBag from /opt/airflow/dags/daily_chek.py
[2026-04-23T21:20:13.057+0000] {processor.py:925} INFO - DAG(s) 'daily_check' retrieved from /opt/airflow/dags/daily_chek.py
[2026-04-23T21:20:13.079+0000] {logging_mixin.py:190} INFO - [2026-04-23T21:20:13.079+0000] {dag.py:3239} INFO - Sync 1 DAGs
[2026-04-23T21:20:13.101+0000] {logging_mixin.py:190} INFO - [2026-04-23T21:20:13.100+0000] {dag.py:4180} INFO - Setting next_dagrun for daily_check to 2026-04-23 00:00:00+00:00, run_after=2026-04-24 00:00:00+00:00
[2026-04-23T21:20:13.117+0000] {processor.py:208} INFO - Processing /opt/airflow/dags/daily_chek.py took 0.078 seconds
[2026-04-23T21:20:43.421+0000] {processor.py:186} INFO - Started process (PID=6957) to work on /opt/airflow/dags/daily_chek.py
[2026-04-23T21:20:43.422+0000] {processor.py:914} INFO - Processing file /opt/airflow/dags/daily_chek.py for tasks to queue
[2026-04-23T21:20:43.424+0000] {logging_mixin.py:190} INFO - [2026-04-23T21:20:43.424+0000] {dagbag.py:588} INFO - Filling up the DagBag from /opt/airflow/dags/daily_chek.py
[2026-04-23T21:20:43.438+0000] {processor.py:925} INFO - DAG(s) 'daily_check' retrieved from /opt/airflow/dags/daily_chek.py
[2026-04-23T21:20:43.466+0000] {logging_mixin.py:190} INFO - [2026-04-23T21:20:43.466+0000] {dag.py:3239} INFO - Sync 1 DAGs
[2026-04-23T21:20:43.492+0000] {logging_mixin.py:190} INFO - [2026-04-23T21:20:43.492+0000] {dag.py:4180} INFO - Setting next_dagrun for daily_check to 2026-04-23 00:00:00+00:00, run_after=2026-04-24 00:00:00+00:00
[2026-04-23T21:20:43.508+0000] {processor.py:208} INFO - Processing /opt/airflow/dags/daily_chek.py took 0.095 seconds
[2026-04-23T21:21:13.778+0000] {processor.py:186} INFO - Started process (PID=6978) to work on /opt/airflow/dags/daily_chek.py
[2026-04-23T21:21:13.779+0000] {processor.py:914} INFO - Processing file /opt/airflow/dags/daily_chek.py for tasks to queue
[2026-04-23T21:21:13.781+0000] {logging_mixin.py:190} INFO - [2026-04-23T21:21:13.780+0000] {dagbag.py:588} INFO - Filling up the DagBag from /opt/airflow/dags/daily_chek.py
[2026-04-23T21:21:13.791+0000] {processor.py:925} INFO - DAG(s) 'daily_check' retrieved from /opt/airflow/dags/daily_chek.py
[2026-04-23T21:21:13.818+0000] {logging_mixin.py:190} INFO - [2026-04-23T21:21:13.817+0000] {dag.py:3239} INFO - Sync 1 DAGs
[2026-04-23T21:21:13.841+0000] {logging_mixin.py:190} INFO - [2026-04-23T21:21:13.840+0000] {dag.py:4180} INFO - Setting next_dagrun for daily_check to 2026-04-23 00:00:00+00:00, run_after=2026-04-24 00:00:00+00:00
[2026-04-23T21:21:13.857+0000] {processor.py:208} INFO - Processing /opt/airflow/dags/daily_chek.py took 0.087 seconds
[2026-04-23T21:21:44.149+0000] {processor.py:186} INFO - Started process (PID=7005) to work on /opt/airflow/dags/daily_chek.py
[2026-04-23T21:21:44.150+0000] {processor.py:914} INFO - Processing file /opt/airflow/dags/daily_chek.py for tasks to queue
[2026-04-23T21:21:44.153+0000] {logging_mixin.py:190} INFO - [2026-04-23T21:21:44.153+0000] {dagbag.py:588} INFO - Filling up the DagBag from /opt/airflow/dags/daily_chek.py
[2026-04-23T21:21:44.167+0000] {processor.py:925} INFO - DAG(s) 'daily_check' retrieved from /opt/airflow/dags/daily_chek.py
[2026-04-23T21:21:44.188+0000] {logging_mixin.py:190} INFO - [2026-04-23T21:21:44.188+0000] {dag.py:3239} INFO - Sync 1 DAGs
[2026-04-23T21:21:44.210+0000] {logging_mixin.py:190} INFO - [2026-04-23T21:21:44.209+0000] {dag.py:4180} INFO - Setting next_dagrun for daily_check to 2026-04-23 00:00:00+00:00, run_after=2026-04-24 00:00:00+00:00
[2026-04-23T21:21:44.227+0000] {processor.py:208} INFO - Processing /opt/airflow/dags/daily_chek.py took 0.086 seconds
[2026-04-23T21:22:14.483+0000] {processor.py:186} INFO - Started process (PID=7026) to work on /opt/airflow/dags/daily_chek.py
[2026-04-23T21:22:14.486+0000] {processor.py:914} INFO - Processing file /opt/airflow/dags/daily_chek.py for tasks to queue
[2026-04-23T21:22:14.488+0000] {logging_mixin.py:190} INFO - [2026-04-23T21:22:14.487+0000] {dagbag.py:588} INFO - Filling up the DagBag from /opt/airflow/dags/daily_chek.py
[2026-04-23T21:22:14.497+0000] {processor.py:925} INFO - DAG(s) 'daily_check' retrieved from /opt/airflow/dags/daily_chek.py
[2026-04-23T21:22:14.524+0000] {logging_mixin.py:190} INFO - [2026-04-23T21:22:14.524+0000] {dag.py:3239} INFO - Sync 1 DAGs
[2026-04-23T21:22:14.546+0000] {logging_mixin.py:190} INFO - [2026-04-23T21:22:14.546+0000] {dag.py:4180} INFO - Setting next_dagrun for daily_check to 2026-04-23 00:00:00+00:00, run_after=2026-04-24 00:00:00+00:00
[2026-04-23T21:22:14.562+0000] {processor.py:208} INFO - Processing /opt/airflow/dags/daily_chek.py took 0.084 seconds
[2026-04-23T21:22:44.882+0000] {processor.py:186} INFO - Started process (PID=7047) to work on /opt/airflow/dags/daily_chek.py
[2026-04-23T21:22:44.884+0000] {processor.py:914} INFO - Processing file /opt/airflow/dags/daily_chek.py for tasks to queue
[2026-04-23T21:22:44.890+0000] {logging_mixin.py:190} INFO - [2026-04-23T21:22:44.889+0000] {dagbag.py:588} INFO - Filling up the DagBag from /opt/airflow/dags/daily_chek.py
[2026-04-23T21:22:44.922+0000] {processor.py:925} INFO - DAG(s) 'daily_check' retrieved from /opt/airflow/dags/daily_chek.py
[2026-04-23T21:22:44.986+0000] {logging_mixin.py:190} INFO - [2026-04-23T21:22:44.985+0000] {dag.py:3239} INFO - Sync 1 DAGs
[2026-04-23T21:22:45.043+0000] {logging_mixin.py:190} INFO - [2026-04-23T21:22:45.043+0000] {dag.py:4180} INFO - Setting next_dagrun for daily_check to 2026-04-23 00:00:00+00:00, run_after=2026-04-24 00:00:00+00:00
[2026-04-23T21:22:45.081+0000] {processor.py:208} INFO - Processing /opt/airflow/dags/daily_chek.py took 0.215 seconds
[2026-04-23T21:23:15.480+0000] {processor.py:186} INFO - Started process (PID=7068) to work on /opt/airflow/dags/daily_chek.py
[2026-04-23T21:23:15.482+0000] {processor.py:914} INFO - Processing file /opt/airflow/dags/daily_chek.py for tasks to queue
[2026-04-23T21:23:15.489+0000] {logging_mixin.py:190} INFO - [2026-04-23T21:23:15.487+0000] {dagbag.py:588} INFO - Filling up the DagBag from /opt/airflow/dags/daily_chek.py
[2026-04-23T21:23:15.529+0000] {processor.py:925} INFO - DAG(s) 'daily_check' retrieved from /opt/airflow/dags/daily_chek.py
[2026-04-23T21:23:15.598+0000] {logging_mixin.py:190} INFO - [2026-04-23T21:23:15.598+0000] {dag.py:3239} INFO - Sync 1 DAGs
[2026-04-23T21:23:15.630+0000] {logging_mixin.py:190} INFO - [2026-04-23T21:23:15.629+0000] {dag.py:4180} INFO - Setting next_dagrun for daily_check to 2026-04-23 00:00:00+00:00, run_after=2026-04-24 00:00:00+00:00
[2026-04-23T21:23:15.651+0000] {processor.py:208} INFO - Processing /opt/airflow/dags/daily_chek.py took 0.195 seconds
[2026-04-23T21:23:46.010+0000] {processor.py:186} INFO - Started process (PID=7089) to work on /opt/airflow/dags/daily_chek.py
[2026-04-23T21:23:46.011+0000] {processor.py:914} INFO - Processing file /opt/airflow/dags/daily_chek.py for tasks to queue
[2026-04-23T21:23:46.017+0000] {logging_mixin.py:190} INFO - [2026-04-23T21:23:46.016+0000] {dagbag.py:588} INFO - Filling up the DagBag from /opt/airflow/dags/daily_chek.py
[2026-04-23T21:23:46.056+0000] {processor.py:925} INFO - DAG(s) 'daily_check' retrieved from /opt/airflow/dags/daily_chek.py
[2026-04-23T21:23:46.128+0000] {logging_mixin.py:190} INFO - [2026-04-23T21:23:46.127+0000] {dag.py:3239} INFO - Sync 1 DAGs
[2026-04-23T21:23:46.166+0000] {logging_mixin.py:190} INFO - [2026-04-23T21:23:46.166+0000] {dag.py:4180} INFO - Setting next_dagrun for daily_check to 2026-04-23 00:00:00+00:00, run_after=2026-04-24 00:00:00+00:00
[2026-04-23T21:23:46.187+0000] {processor.py:208} INFO - Processing /opt/airflow/dags/daily_chek.py took 0.197 seconds
[2026-04-23T21:24:16.503+0000] {processor.py:186} INFO - Started process (PID=7110) to work on /opt/airflow/dags/daily_chek.py
[2026-04-23T21:24:16.505+0000] {processor.py:914} INFO - Processing file /opt/airflow/dags/daily_chek.py for tasks to queue
[2026-04-23T21:24:16.510+0000] {logging_mixin.py:190} INFO - [2026-04-23T21:24:16.509+0000] {dagbag.py:588} INFO - Filling up the DagBag from /opt/airflow/dags/daily_chek.py
[2026-04-23T21:24:16.542+0000] {processor.py:925} INFO - DAG(s) 'daily_check' retrieved from /opt/airflow/dags/daily_chek.py
[2026-04-23T21:24:16.607+0000] {logging_mixin.py:190} INFO - [2026-04-23T21:24:16.607+0000] {dag.py:3239} INFO - Sync 1 DAGs
[2026-04-23T21:24:16.652+0000] {logging_mixin.py:190} INFO - [2026-04-23T21:24:16.652+0000] {dag.py:4180} INFO - Setting next_dagrun for daily_check to 2026-04-23 00:00:00+00:00, run_after=2026-04-24 00:00:00+00:00
[2026-04-23T21:24:16.683+0000] {processor.py:208} INFO - Processing /opt/airflow/dags/daily_chek.py took 0.195 seconds
[2026-04-23T21:24:47.011+0000] {processor.py:186} INFO - Started process (PID=7131) to work on /opt/airflow/dags/daily_chek.py
[2026-04-23T21:24:47.012+0000] {processor.py:914} INFO - Processing file /opt/airflow/dags/daily_chek.py for tasks to queue
[2026-04-23T21:24:47.018+0000] {logging_mixin.py:190} INFO - [2026-04-23T21:24:47.017+0000] {dagbag.py:588} INFO - Filling up the DagBag from /opt/airflow/dags/daily_chek.py
[2026-04-23T21:24:47.051+0000] {processor.py:925} INFO - DAG(s) 'daily_check' retrieved from /opt/airflow/dags/daily_chek.py
[2026-04-23T21:24:47.116+0000] {logging_mixin.py:190} INFO - [2026-04-23T21:24:47.115+0000] {dag.py:3239} INFO - Sync 1 DAGs
[2026-04-23T21:24:47.158+0000] {logging_mixin.py:190} INFO - [2026-04-23T21:24:47.158+0000] {dag.py:4180} INFO - Setting next_dagrun for daily_check to 2026-04-23 00:00:00+00:00, run_after=2026-04-24 00:00:00+00:00
[2026-04-23T21:24:47.181+0000] {processor.py:208} INFO - Processing /opt/airflow/dags/daily_chek.py took 0.188 seconds
[2026-04-23T21:25:17.500+0000] {processor.py:186} INFO - Started process (PID=7152) to work on /opt/airflow/dags/daily_chek.py
[2026-04-23T21:25:17.501+0000] {processor.py:914} INFO - Processing file /opt/airflow/dags/daily_chek.py for tasks to queue
[2026-04-23T21:25:17.504+0000] {logging_mixin.py:190} INFO - [2026-04-23T21:25:17.503+0000] {dagbag.py:588} INFO - Filling up the DagBag from /opt/airflow/dags/daily_chek.py
[2026-04-23T21:25:17.514+0000] {processor.py:925} INFO - DAG(s) 'daily_check' retrieved from /opt/airflow/dags/daily_chek.py
[2026-04-23T21:25:17.550+0000] {logging_mixin.py:190} INFO - [2026-04-23T21:25:17.549+0000] {dag.py:3239} INFO - Sync 1 DAGs
[2026-04-23T21:25:17.583+0000] {logging_mixin.py:190} INFO - [2026-04-23T21:25:17.582+0000] {dag.py:4180} INFO - Setting next_dagrun for daily_check to 2026-04-23 00:00:00+00:00, run_after=2026-04-24 00:00:00+00:00
[2026-04-23T21:25:17.604+0000] {processor.py:208} INFO - Processing /opt/airflow/dags/daily_chek.py took 0.110 seconds
[2026-04-23T21:25:47.919+0000] {processor.py:186} INFO - Started process (PID=7173) to work on /opt/airflow/dags/daily_chek.py
[2026-04-23T21:25:47.920+0000] {processor.py:914} INFO - Processing file /opt/airflow/dags/daily_chek.py for tasks to queue
[2026-04-23T21:25:47.922+0000] {logging_mixin.py:190} INFO - [2026-04-23T21:25:47.921+0000] {dagbag.py:588} INFO - Filling up the DagBag from /opt/airflow/dags/daily_chek.py
[2026-04-23T21:25:47.932+0000] {processor.py:925} INFO - DAG(s) 'daily_check' retrieved from /opt/airflow/dags/daily_chek.py
[2026-04-23T21:25:47.957+0000] {logging_mixin.py:190} INFO - [2026-04-23T21:25:47.957+0000] {dag.py:3239} INFO - Sync 1 DAGs
[2026-04-23T21:25:47.983+0000] {logging_mixin.py:190} INFO - [2026-04-23T21:25:47.983+0000] {dag.py:4180} INFO - Setting next_dagrun for daily_check to 2026-04-23 00:00:00+00:00, run_after=2026-04-24 00:00:00+00:00
[2026-04-23T21:25:48.000+0000] {processor.py:208} INFO - Processing /opt/airflow/dags/daily_chek.py took 0.087 seconds
[2026-04-23T21:26:18.287+0000] {processor.py:186} INFO - Started process (PID=7194) to work on /opt/airflow/dags/daily_chek.py
[2026-04-23T21:26:18.288+0000] {processor.py:914} INFO - Processing file /opt/airflow/dags/daily_chek.py for tasks to queue
[2026-04-23T21:26:18.290+0000] {logging_mixin.py:190} INFO - [2026-04-23T21:26:18.290+0000] {dagbag.py:588} INFO - Filling up the DagBag from /opt/airflow/dags/daily_chek.py
[2026-04-23T21:26:18.301+0000] {processor.py:925} INFO - DAG(s) 'daily_check' retrieved from /opt/airflow/dags/daily_chek.py
[2026-04-23T21:26:18.332+0000] {logging_mixin.py:190} INFO - [2026-04-23T21:26:18.332+0000] {dag.py:3239} INFO - Sync 1 DAGs
[2026-04-23T21:26:18.367+0000] {logging_mixin.py:190} INFO - [2026-04-23T21:26:18.366+0000] {dag.py:4180} INFO - Setting next_dagrun for daily_check to 2026-04-23 00:00:00+00:00, run_after=2026-04-24 00:00:00+00:00
[2026-04-23T21:26:18.389+0000] {processor.py:208} INFO - Processing /opt/airflow/dags/daily_chek.py took 0.107 seconds
[2026-04-23T21:26:48.714+0000] {processor.py:186} INFO - Started process (PID=7215) to work on /opt/airflow/dags/daily_chek.py
[2026-04-23T21:26:48.715+0000] {processor.py:914} INFO - Processing file /opt/airflow/dags/daily_chek.py for tasks to queue
[2026-04-23T21:26:48.720+0000] {logging_mixin.py:190} INFO - [2026-04-23T21:26:48.720+0000] {dagbag.py:588} INFO - Filling up the DagBag from /opt/airflow/dags/daily_chek.py
[2026-04-23T21:26:48.750+0000] {processor.py:925} INFO - DAG(s) 'daily_check' retrieved from /opt/airflow/dags/daily_chek.py
[2026-04-23T21:26:48.816+0000] {logging_mixin.py:190} INFO - [2026-04-23T21:26:48.815+0000] {dag.py:3239} INFO - Sync 1 DAGs
[2026-04-23T21:26:48.860+0000] {logging_mixin.py:190} INFO - [2026-04-23T21:26:48.860+0000] {dag.py:4180} INFO - Setting next_dagrun for daily_check to 2026-04-23 00:00:00+00:00, run_after=2026-04-24 00:00:00+00:00
[2026-04-23T21:26:48.883+0000] {processor.py:208} INFO - Processing /opt/airflow/dags/daily_chek.py took 0.186 seconds
[2026-04-23T21:27:19.208+0000] {processor.py:186} INFO - Started process (PID=7236) to work on /opt/airflow/dags/daily_chek.py
[2026-04-23T21:27:19.210+0000] {processor.py:914} INFO - Processing file /opt/airflow/dags/daily_chek.py for tasks to queue
[2026-04-23T21:27:19.215+0000] {logging_mixin.py:190} INFO - [2026-04-23T21:27:19.214+0000] {dagbag.py:588} INFO - Filling up the DagBag from /opt/airflow/dags/daily_chek.py
[2026-04-23T21:27:19.244+0000] {processor.py:925} INFO - DAG(s) 'daily_check' retrieved from /opt/airflow/dags/daily_chek.py
[2026-04-23T21:27:19.307+0000] {logging_mixin.py:190} INFO - [2026-04-23T21:27:19.306+0000] {dag.py:3239} INFO - Sync 1 DAGs
[2026-04-23T21:27:19.372+0000] {logging_mixin.py:190} INFO - [2026-04-23T21:27:19.371+0000] {dag.py:4180} INFO - Setting next_dagrun for daily_check to 2026-04-23 00:00:00+00:00, run_after=2026-04-24 00:00:00+00:00
[2026-04-23T21:27:19.416+0000] {processor.py:208} INFO - Processing /opt/airflow/dags/daily_chek.py took 0.224 seconds
[2026-04-23T21:27:49.748+0000] {processor.py:186} INFO - Started process (PID=7257) to work on /opt/airflow/dags/daily_chek.py
[2026-04-23T21:27:49.750+0000] {processor.py:914} INFO - Processing file /opt/airflow/dags/daily_chek.py for tasks to queue
[2026-04-23T21:27:49.753+0000] {logging_mixin.py:190} INFO - [2026-04-23T21:27:49.752+0000] {dagbag.py:588} INFO - Filling up the DagBag from /opt/airflow/dags/daily_chek.py
[2026-04-23T21:27:49.768+0000] {processor.py:925} INFO - DAG(s) 'daily_check' retrieved from /opt/airflow/dags/daily_chek.py
[2026-04-23T21:27:49.799+0000] {logging_mixin.py:190} INFO - [2026-04-23T21:27:49.799+0000] {dag.py:3239} INFO - Sync 1 DAGs
[2026-04-23T21:27:49.833+0000] {logging_mixin.py:190} INFO - [2026-04-23T21:27:49.832+0000] {dag.py:4180} INFO - Setting next_dagrun for daily_check to 2026-04-23 00:00:00+00:00, run_after=2026-04-24 00:00:00+00:00
[2026-04-23T21:27:49.856+0000] {processor.py:208} INFO - Processing /opt/airflow/dags/daily_chek.py took 0.114 seconds
[2026-04-23T21:28:20.221+0000] {processor.py:186} INFO - Started process (PID=7278) to work on /opt/airflow/dags/daily_chek.py
[2026-04-23T21:28:20.223+0000] {processor.py:914} INFO - Processing file /opt/airflow/dags/daily_chek.py for tasks to queue
[2026-04-23T21:28:20.229+0000] {logging_mixin.py:190} INFO - [2026-04-23T21:28:20.228+0000] {dagbag.py:588} INFO - Filling up the DagBag from /opt/airflow/dags/daily_chek.py
[2026-04-23T21:28:20.258+0000] {processor.py:925} INFO - DAG(s) 'daily_check' retrieved from /opt/airflow/dags/daily_chek.py
[2026-04-23T21:28:20.321+0000] {logging_mixin.py:190} INFO - [2026-04-23T21:28:20.320+0000] {dag.py:3239} INFO - Sync 1 DAGs
[2026-04-23T21:28:20.387+0000] {logging_mixin.py:190} INFO - [2026-04-23T21:28:20.387+0000] {dag.py:4180} INFO - Setting next_dagrun for daily_check to 2026-04-23 00:00:00+00:00, run_after=2026-04-24 00:00:00+00:00
[2026-04-23T21:28:20.430+0000] {processor.py:208} INFO - Processing /opt/airflow/dags/daily_chek.py took 0.234 seconds
[2026-04-23T21:28:50.779+0000] {processor.py:186} INFO - Started process (PID=7299) to work on /opt/airflow/dags/daily_chek.py
[2026-04-23T21:28:50.781+0000] {processor.py:914} INFO - Processing file /opt/airflow/dags/daily_chek.py for tasks to queue
[2026-04-23T21:28:50.791+0000] {logging_mixin.py:190} INFO - [2026-04-23T21:28:50.789+0000] {dagbag.py:588} INFO - Filling up the DagBag from /opt/airflow/dags/daily_chek.py
[2026-04-23T21:28:50.823+0000] {processor.py:925} INFO - DAG(s) 'daily_check' retrieved from /opt/airflow/dags/daily_chek.py
[2026-04-23T21:28:50.893+0000] {logging_mixin.py:190} INFO - [2026-04-23T21:28:50.893+0000] {dag.py:3239} INFO - Sync 1 DAGs
[2026-04-23T21:28:50.953+0000] {logging_mixin.py:190} INFO - [2026-04-23T21:28:50.953+0000] {dag.py:4180} INFO - Setting next_dagrun for daily_check to 2026-04-23 00:00:00+00:00, run_after=2026-04-24 00:00:00+00:00
[2026-04-23T21:28:50.988+0000] {processor.py:208} INFO - Processing /opt/airflow/dags/daily_chek.py took 0.230 seconds
[2026-04-23T21:29:21.321+0000] {processor.py:186} INFO - Started process (PID=7320) to work on /opt/airflow/dags/daily_chek.py
[2026-04-23T21:29:21.323+0000] {processor.py:914} INFO - Processing file /opt/airflow/dags/daily_chek.py for tasks to queue
[2026-04-23T21:29:21.328+0000] {logging_mixin.py:190} INFO - [2026-04-23T21:29:21.327+0000] {dagbag.py:588} INFO - Filling up the DagBag from /opt/airflow/dags/daily_chek.py
[2026-04-23T21:29:21.358+0000] {processor.py:925} INFO - DAG(s) 'daily_check' retrieved from /opt/airflow/dags/daily_chek.py
[2026-04-23T21:29:21.419+0000] {logging_mixin.py:190} INFO - [2026-04-23T21:29:21.418+0000] {dag.py:3239} INFO - Sync 1 DAGs
[2026-04-23T21:29:21.484+0000] {logging_mixin.py:190} INFO - [2026-04-23T21:29:21.484+0000] {dag.py:4180} INFO - Setting next_dagrun for daily_check to 2026-04-23 00:00:00+00:00, run_after=2026-04-24 00:00:00+00:00
[2026-04-23T21:29:21.526+0000] {processor.py:208} INFO - Processing /opt/airflow/dags/daily_chek.py took 0.223 seconds
[2026-04-23T21:29:51.644+0000] {processor.py:186} INFO - Started process (PID=7340) to work on /opt/airflow/dags/daily_chek.py
[2026-04-23T21:29:51.646+0000] {processor.py:914} INFO - Processing file /opt/airflow/dags/daily_chek.py for tasks to queue
[2026-04-23T21:29:51.651+0000] {logging_mixin.py:190} INFO - [2026-04-23T21:29:51.650+0000] {dagbag.py:588} INFO - Filling up the DagBag from /opt/airflow/dags/daily_chek.py
[2026-04-23T21:29:51.681+0000] {processor.py:925} INFO - DAG(s) 'daily_check' retrieved from /opt/airflow/dags/daily_chek.py
[2026-04-23T21:29:51.746+0000] {logging_mixin.py:190} INFO - [2026-04-23T21:29:51.746+0000] {dag.py:3239} INFO - Sync 1 DAGs
[2026-04-23T21:29:51.791+0000] {logging_mixin.py:190} INFO - [2026-04-23T21:29:51.790+0000] {dag.py:4180} INFO - Setting next_dagrun for daily_check to 2026-04-23 00:00:00+00:00, run_after=2026-04-24 00:00:00+00:00
[2026-04-23T21:29:51.819+0000] {processor.py:208} INFO - Processing /opt/airflow/dags/daily_chek.py took 0.200 seconds
[2026-04-23T21:30:22.140+0000] {processor.py:186} INFO - Started process (PID=7361) to work on /opt/airflow/dags/daily_chek.py
[2026-04-23T21:30:22.142+0000] {processor.py:914} INFO - Processing file /opt/airflow/dags/daily_chek.py for tasks to queue
[2026-04-23T21:30:22.147+0000] {logging_mixin.py:190} INFO - [2026-04-23T21:30:22.146+0000] {dagbag.py:588} INFO - Filling up the DagBag from /opt/airflow/dags/daily_chek.py
[2026-04-23T21:30:22.180+0000] {processor.py:925} INFO - DAG(s) 'daily_check' retrieved from /opt/airflow/dags/daily_chek.py
[2026-04-23T21:30:22.251+0000] {logging_mixin.py:190} INFO - [2026-04-23T21:30:22.249+0000] {dag.py:3239} INFO - Sync 1 DAGs
[2026-04-23T21:30:22.295+0000] {logging_mixin.py:190} INFO - [2026-04-23T21:30:22.295+0000] {dag.py:4180} INFO - Setting next_dagrun for daily_check to 2026-04-23 00:00:00+00:00, run_after=2026-04-24 00:00:00+00:00
[2026-04-23T21:30:22.313+0000] {processor.py:208} INFO - Processing /opt/airflow/dags/daily_chek.py took 0.190 seconds
[2026-04-23T21:30:52.640+0000] {processor.py:186} INFO - Started process (PID=7382) to work on /opt/airflow/dags/daily_chek.py
[2026-04-23T21:30:52.642+0000] {processor.py:914} INFO - Processing file /opt/airflow/dags/daily_chek.py for tasks to queue
[2026-04-23T21:30:52.647+0000] {logging_mixin.py:190} INFO - [2026-04-23T21:30:52.646+0000] {dagbag.py:588} INFO - Filling up the DagBag from /opt/airflow/dags/daily_chek.py
[2026-04-23T21:30:52.679+0000] {processor.py:925} INFO - DAG(s) 'daily_check' retrieved from /opt/airflow/dags/daily_chek.py
[2026-04-23T21:30:52.749+0000] {logging_mixin.py:190} INFO - [2026-04-23T21:30:52.748+0000] {dag.py:3239} INFO - Sync 1 DAGs
[2026-04-23T21:30:52.787+0000] {logging_mixin.py:190} INFO - [2026-04-23T21:30:52.786+0000] {dag.py:4180} INFO - Setting next_dagrun for daily_check to 2026-04-23 00:00:00+00:00, run_after=2026-04-24 00:00:00+00:00
[2026-04-23T21:30:52.810+0000] {processor.py:208} INFO - Processing /opt/airflow/dags/daily_chek.py took 0.187 seconds
[2026-04-23T21:31:23.134+0000] {processor.py:186} INFO - Started process (PID=7403) to work on /opt/airflow/dags/daily_chek.py
[2026-04-23T21:31:23.136+0000] {processor.py:914} INFO - Processing file /opt/airflow/dags/daily_chek.py for tasks to queue
[2026-04-23T21:31:23.141+0000] {logging_mixin.py:190} INFO - [2026-04-23T21:31:23.140+0000] {dagbag.py:588} INFO - Filling up the DagBag from /opt/airflow/dags/daily_chek.py
[2026-04-23T21:31:23.172+0000] {processor.py:925} INFO - DAG(s) 'daily_check' retrieved from /opt/airflow/dags/daily_chek.py
[2026-04-23T21:31:23.234+0000] {logging_mixin.py:190} INFO - [2026-04-23T21:31:23.234+0000] {dag.py:3239} INFO - Sync 1 DAGs
[2026-04-23T21:31:23.306+0000] {logging_mixin.py:190} INFO - [2026-04-23T21:31:23.305+0000] {dag.py:4180} INFO - Setting next_dagrun for daily_check to 2026-04-23 00:00:00+00:00, run_after=2026-04-24 00:00:00+00:00
[2026-04-23T21:31:23.359+0000] {processor.py:208} INFO - Processing /opt/airflow/dags/daily_chek.py took 0.246 seconds
[2026-04-23T21:31:53.703+0000] {processor.py:186} INFO - Started process (PID=7424) to work on /opt/airflow/dags/daily_chek.py
[2026-04-23T21:31:53.705+0000] {processor.py:914} INFO - Processing file /opt/airflow/dags/daily_chek.py for tasks to queue
[2026-04-23T21:31:53.715+0000] {logging_mixin.py:190} INFO - [2026-04-23T21:31:53.714+0000] {dagbag.py:588} INFO - Filling up the DagBag from /opt/airflow/dags/daily_chek.py
[2026-04-23T21:31:53.749+0000] {processor.py:925} INFO - DAG(s) 'daily_check' retrieved from /opt/airflow/dags/daily_chek.py
[2026-04-23T21:31:53.811+0000] {logging_mixin.py:190} INFO - [2026-04-23T21:31:53.811+0000] {dag.py:3239} INFO - Sync 1 DAGs
[2026-04-23T21:31:53.858+0000] {logging_mixin.py:190} INFO - [2026-04-23T21:31:53.858+0000] {dag.py:4180} INFO - Setting next_dagrun for daily_check to 2026-04-23 00:00:00+00:00, run_after=2026-04-24 00:00:00+00:00
[2026-04-23T21:31:53.890+0000] {processor.py:208} INFO - Processing /opt/airflow/dags/daily_chek.py took 0.210 seconds
[2026-04-23T21:32:24.222+0000] {processor.py:186} INFO - Started process (PID=7445) to work on /opt/airflow/dags/daily_chek.py
[2026-04-23T21:32:24.223+0000] {processor.py:914} INFO - Processing file /opt/airflow/dags/daily_chek.py for tasks to queue
[2026-04-23T21:32:24.230+0000] {logging_mixin.py:190} INFO - [2026-04-23T21:32:24.230+0000] {dagbag.py:588} INFO - Filling up the DagBag from /opt/airflow/dags/daily_chek.py
[2026-04-23T21:32:24.260+0000] {processor.py:925} INFO - DAG(s) 'daily_check' retrieved from /opt/airflow/dags/daily_chek.py
[2026-04-23T21:32:24.323+0000] {logging_mixin.py:190} INFO - [2026-04-23T21:32:24.323+0000] {dag.py:3239} INFO - Sync 1 DAGs
[2026-04-23T21:32:24.368+0000] {logging_mixin.py:190} INFO - [2026-04-23T21:32:24.367+0000] {dag.py:4180} INFO - Setting next_dagrun for daily_check to 2026-04-23 00:00:00+00:00, run_after=2026-04-24 00:00:00+00:00
[2026-04-23T21:32:24.386+0000] {processor.py:208} INFO - Processing /opt/airflow/dags/daily_chek.py took 0.180 seconds
[2026-04-23T21:32:54.717+0000] {processor.py:186} INFO - Started process (PID=7466) to work on /opt/airflow/dags/daily_chek.py
[2026-04-23T21:32:54.720+0000] {processor.py:914} INFO - Processing file /opt/airflow/dags/daily_chek.py for tasks to queue
[2026-04-23T21:32:54.726+0000] {logging_mixin.py:190} INFO - [2026-04-23T21:32:54.725+0000] {dagbag.py:588} INFO - Filling up the DagBag from /opt/airflow/dags/daily_chek.py
[2026-04-23T21:32:54.756+0000] {processor.py:925} INFO - DAG(s) 'daily_check' retrieved from /opt/airflow/dags/daily_chek.py
[2026-04-23T21:32:54.819+0000] {logging_mixin.py:190} INFO - [2026-04-23T21:32:54.818+0000] {dag.py:3239} INFO - Sync 1 DAGs
[2026-04-23T21:32:54.863+0000] {logging_mixin.py:190} INFO - [2026-04-23T21:32:54.862+0000] {dag.py:4180} INFO - Setting next_dagrun for daily_check to 2026-04-23 00:00:00+00:00, run_after=2026-04-24 00:00:00+00:00
[2026-04-23T21:32:54.884+0000] {processor.py:208} INFO - Processing /opt/airflow/dags/daily_chek.py took 0.183 seconds
[2026-04-23T21:33:25.202+0000] {processor.py:186} INFO - Started process (PID=7487) to work on /opt/airflow/dags/daily_chek.py
[2026-04-23T21:33:25.203+0000] {processor.py:914} INFO - Processing file /opt/airflow/dags/daily_chek.py for tasks to queue
[2026-04-23T21:33:25.209+0000] {logging_mixin.py:190} INFO - [2026-04-23T21:33:25.208+0000] {dagbag.py:588} INFO - Filling up the DagBag from /opt/airflow/dags/daily_chek.py
[2026-04-23T21:33:25.240+0000] {processor.py:925} INFO - DAG(s) 'daily_check' retrieved from /opt/airflow/dags/daily_chek.py
[2026-04-23T21:33:25.302+0000] {logging_mixin.py:190} INFO - [2026-04-23T21:33:25.302+0000] {dag.py:3239} INFO - Sync 1 DAGs
[2026-04-23T21:33:25.357+0000] {logging_mixin.py:190} INFO - [2026-04-23T21:33:25.356+0000] {dag.py:4180} INFO - Setting next_dagrun for daily_check to 2026-04-23 00:00:00+00:00, run_after=2026-04-24 00:00:00+00:00
[2026-04-23T21:33:25.393+0000] {processor.py:208} INFO - Processing /opt/airflow/dags/daily_chek.py took 0.208 seconds
[2026-04-23T21:33:55.724+0000] {processor.py:186} INFO - Started process (PID=7508) to work on /opt/airflow/dags/daily_chek.py
[2026-04-23T21:33:55.726+0000] {processor.py:914} INFO - Processing file /opt/airflow/dags/daily_chek.py for tasks to queue
[2026-04-23T21:33:55.731+0000] {logging_mixin.py:190} INFO - [2026-04-23T21:33:55.730+0000] {dagbag.py:588} INFO - Filling up the DagBag from /opt/airflow/dags/daily_chek.py
[2026-04-23T21:33:55.762+0000] {processor.py:925} INFO - DAG(s) 'daily_check' retrieved from /opt/airflow/dags/daily_chek.py
[2026-04-23T21:33:55.825+0000] {logging_mixin.py:190} INFO - [2026-04-23T21:33:55.824+0000] {dag.py:3239} INFO - Sync 1 DAGs
[2026-04-23T21:33:55.885+0000] {logging_mixin.py:190} INFO - [2026-04-23T21:33:55.884+0000] {dag.py:4180} INFO - Setting next_dagrun for daily_check to 2026-04-23 00:00:00+00:00, run_after=2026-04-24 00:00:00+00:00
[2026-04-23T21:33:55.916+0000] {processor.py:208} INFO - Processing /opt/airflow/dags/daily_chek.py took 0.208 seconds
[2026-04-23T21:34:26.251+0000] {processor.py:186} INFO - Started process (PID=7529) to work on /opt/airflow/dags/daily_chek.py
[2026-04-23T21:34:26.253+0000] {processor.py:914} INFO - Processing file /opt/airflow/dags/daily_chek.py for tasks to queue
[2026-04-23T21:34:26.260+0000] {logging_mixin.py:190} INFO - [2026-04-23T21:34:26.259+0000] {dagbag.py:588} INFO - Filling up the DagBag from /opt/airflow/dags/daily_chek.py
[2026-04-23T21:34:26.290+0000] {processor.py:925} INFO - DAG(s) 'daily_check' retrieved from /opt/airflow/dags/daily_chek.py
[2026-04-23T21:34:26.353+0000] {logging_mixin.py:190} INFO - [2026-04-23T21:34:26.353+0000] {dag.py:3239} INFO - Sync 1 DAGs
[2026-04-23T21:34:26.421+0000] {logging_mixin.py:190} INFO - [2026-04-23T21:34:26.421+0000] {dag.py:4180} INFO - Setting next_dagrun for daily_check to 2026-04-23 00:00:00+00:00, run_after=2026-04-24 00:00:00+00:00
[2026-04-23T21:34:26.452+0000] {processor.py:208} INFO - Processing /opt/airflow/dags/daily_chek.py took 0.227 seconds
[2026-04-23T21:34:56.782+0000] {processor.py:186} INFO - Started process (PID=7550) to work on /opt/airflow/dags/daily_chek.py
[2026-04-23T21:34:56.784+0000] {processor.py:914} INFO - Processing file /opt/airflow/dags/daily_chek.py for tasks to queue
[2026-04-23T21:34:56.790+0000] {logging_mixin.py:190} INFO - [2026-04-23T21:34:56.789+0000] {dagbag.py:588} INFO - Filling up the DagBag from /opt/airflow/dags/daily_chek.py
[2026-04-23T21:34:56.822+0000] {processor.py:925} INFO - DAG(s) 'daily_check' retrieved from /opt/airflow/dags/daily_chek.py
[2026-04-23T21:34:56.882+0000] {logging_mixin.py:190} INFO - [2026-04-23T21:34:56.882+0000] {dag.py:3239} INFO - Sync 1 DAGs
[2026-04-23T21:34:56.942+0000] {logging_mixin.py:190} INFO - [2026-04-23T21:34:56.941+0000] {dag.py:4180} INFO - Setting next_dagrun for daily_check to 2026-04-23 00:00:00+00:00, run_after=2026-04-24 00:00:00+00:00
[2026-04-23T21:34:56.973+0000] {processor.py:208} INFO - Processing /opt/airflow/dags/daily_chek.py took 0.207 seconds
[2026-04-23T21:35:27.313+0000] {processor.py:186} INFO - Started process (PID=7571) to work on /opt/airflow/dags/daily_chek.py
[2026-04-23T21:35:27.316+0000] {processor.py:914} INFO - Processing file /opt/airflow/dags/daily_chek.py for tasks to queue
[2026-04-23T21:35:27.325+0000] {logging_mixin.py:190} INFO - [2026-04-23T21:35:27.324+0000] {dagbag.py:588} INFO - Filling up the DagBag from /opt/airflow/dags/daily_chek.py
[2026-04-23T21:35:27.358+0000] {processor.py:925} INFO - DAG(s) 'daily_check' retrieved from /opt/airflow/dags/daily_chek.py
[2026-04-23T21:35:27.413+0000] {logging_mixin.py:190} INFO - [2026-04-23T21:35:27.413+0000] {dag.py:3239} INFO - Sync 1 DAGs
[2026-04-23T21:35:27.440+0000] {logging_mixin.py:190} INFO - [2026-04-23T21:35:27.440+0000] {dag.py:4180} INFO - Setting next_dagrun for daily_check to 2026-04-23 00:00:00+00:00, run_after=2026-04-24 00:00:00+00:00
[2026-04-23T21:35:27.461+0000] {processor.py:208} INFO - Processing /opt/airflow/dags/daily_chek.py took 0.174 seconds
[2026-04-23T21:35:57.757+0000] {processor.py:186} INFO - Started process (PID=7592) to work on /opt/airflow/dags/daily_chek.py
[2026-04-23T21:35:57.759+0000] {processor.py:914} INFO - Processing file /opt/airflow/dags/daily_chek.py for tasks to queue
[2026-04-23T21:35:57.761+0000] {logging_mixin.py:190} INFO - [2026-04-23T21:35:57.761+0000] {dagbag.py:588} INFO - Filling up the DagBag from /opt/airflow/dags/daily_chek.py
[2026-04-23T21:35:57.778+0000] {processor.py:925} INFO - DAG(s) 'daily_check' retrieved from /opt/airflow/dags/daily_chek.py
[2026-04-23T21:35:57.809+0000] {logging_mixin.py:190} INFO - [2026-04-23T21:35:57.809+0000] {dag.py:3239} INFO - Sync 1 DAGs
[2026-04-23T21:35:57.843+0000] {logging_mixin.py:190} INFO - [2026-04-23T21:35:57.843+0000] {dag.py:4180} INFO - Setting next_dagrun for daily_check to 2026-04-23 00:00:00+00:00, run_after=2026-04-24 00:00:00+00:00
[2026-04-23T21:35:57.866+0000] {processor.py:208} INFO - Processing /opt/airflow/dags/daily_chek.py took 0.115 seconds
[2026-04-23T21:36:28.186+0000] {processor.py:186} INFO - Started process (PID=7613) to work on /opt/airflow/dags/daily_chek.py
[2026-04-23T21:36:28.188+0000] {processor.py:914} INFO - Processing file /opt/airflow/dags/daily_chek.py for tasks to queue
[2026-04-23T21:36:28.193+0000] {logging_mixin.py:190} INFO - [2026-04-23T21:36:28.192+0000] {dagbag.py:588} INFO - Filling up the DagBag from /opt/airflow/dags/daily_chek.py
[2026-04-23T21:36:28.229+0000] {processor.py:925} INFO - DAG(s) 'daily_check' retrieved from /opt/airflow/dags/daily_chek.py
[2026-04-23T21:36:28.292+0000] {logging_mixin.py:190} INFO - [2026-04-23T21:36:28.292+0000] {dag.py:3239} INFO - Sync 1 DAGs
[2026-04-23T21:36:28.368+0000] {logging_mixin.py:190} INFO - [2026-04-23T21:36:28.367+0000] {dag.py:4180} INFO - Setting next_dagrun for daily_check to 2026-04-23 00:00:00+00:00, run_after=2026-04-24 00:00:00+00:00
[2026-04-23T21:36:28.406+0000] {processor.py:208} INFO - Processing /opt/airflow/dags/daily_chek.py took 0.238 seconds
[2026-04-23T21:36:58.722+0000] {processor.py:186} INFO - Started process (PID=7634) to work on /opt/airflow/dags/daily_chek.py
[2026-04-23T21:36:58.723+0000] {processor.py:914} INFO - Processing file /opt/airflow/dags/daily_chek.py for tasks to queue
[2026-04-23T21:36:58.725+0000] {logging_mixin.py:190} INFO - [2026-04-23T21:36:58.725+0000] {dagbag.py:588} INFO - Filling up the DagBag from /opt/airflow/dags/daily_chek.py
[2026-04-23T21:36:58.738+0000] {processor.py:925} INFO - DAG(s) 'daily_check' retrieved from /opt/airflow/dags/daily_chek.py
[2026-04-23T21:36:58.779+0000] {logging_mixin.py:190} INFO - [2026-04-23T21:36:58.778+0000] {dag.py:3239} INFO - Sync 1 DAGs
[2026-04-23T21:36:58.833+0000] {logging_mixin.py:190} INFO - [2026-04-23T21:36:58.832+0000] {dag.py:4180} INFO - Setting next_dagrun for daily_check to 2026-04-23 00:00:00+00:00, run_after=2026-04-24 00:00:00+00:00
[2026-04-23T21:36:58.874+0000] {processor.py:208} INFO - Processing /opt/airflow/dags/daily_chek.py took 0.158 seconds
[2026-04-23T21:37:29.212+0000] {processor.py:186} INFO - Started process (PID=7655) to work on /opt/airflow/dags/daily_chek.py
[2026-04-23T21:37:29.214+0000] {processor.py:914} INFO - Processing file /opt/airflow/dags/daily_chek.py for tasks to queue
[2026-04-23T21:37:29.221+0000] {logging_mixin.py:190} INFO - [2026-04-23T21:37:29.220+0000] {dagbag.py:588} INFO - Filling up the DagBag from /opt/airflow/dags/daily_chek.py
[2026-04-23T21:37:29.254+0000] {processor.py:925} INFO - DAG(s) 'daily_check' retrieved from /opt/airflow/dags/daily_chek.py
[2026-04-23T21:37:29.317+0000] {logging_mixin.py:190} INFO - [2026-04-23T21:37:29.317+0000] {dag.py:3239} INFO - Sync 1 DAGs
[2026-04-23T21:37:29.360+0000] {logging_mixin.py:190} INFO - [2026-04-23T21:37:29.359+0000] {dag.py:4180} INFO - Setting next_dagrun for daily_check to 2026-04-23 00:00:00+00:00, run_after=2026-04-24 00:00:00+00:00
[2026-04-23T21:37:29.379+0000] {processor.py:208} INFO - Processing /opt/airflow/dags/daily_chek.py took 0.186 seconds
[2026-04-23T21:37:59.728+0000] {processor.py:186} INFO - Started process (PID=7676) to work on /opt/airflow/dags/daily_chek.py
[2026-04-23T21:37:59.729+0000] {processor.py:914} INFO - Processing file /opt/airflow/dags/daily_chek.py for tasks to queue
[2026-04-23T21:37:59.734+0000] {logging_mixin.py:190} INFO - [2026-04-23T21:37:59.734+0000] {dagbag.py:588} INFO - Filling up the DagBag from /opt/airflow/dags/daily_chek.py
[2026-04-23T21:37:59.765+0000] {processor.py:925} INFO - DAG(s) 'daily_check' retrieved from /opt/airflow/dags/daily_chek.py
[2026-04-23T21:37:59.829+0000] {logging_mixin.py:190} INFO - [2026-04-23T21:37:59.828+0000] {dag.py:3239} INFO - Sync 1 DAGs
[2026-04-23T21:37:59.883+0000] {logging_mixin.py:190} INFO - [2026-04-23T21:37:59.882+0000] {dag.py:4180} INFO - Setting next_dagrun for daily_check to 2026-04-23 00:00:00+00:00, run_after=2026-04-24 00:00:00+00:00
[2026-04-23T21:37:59.918+0000] {processor.py:208} INFO - Processing /opt/airflow/dags/daily_chek.py took 0.206 seconds
[2026-04-23T21:38:30.279+0000] {processor.py:186} INFO - Started process (PID=7697) to work on /opt/airflow/dags/daily_chek.py
[2026-04-23T21:38:30.281+0000] {processor.py:914} INFO - Processing file /opt/airflow/dags/daily_chek.py for tasks to queue
[2026-04-23T21:38:30.286+0000] {logging_mixin.py:190} INFO - [2026-04-23T21:38:30.285+0000] {dagbag.py:588} INFO - Filling up the DagBag from /opt/airflow/dags/daily_chek.py
[2026-04-23T21:38:30.316+0000] {processor.py:925} INFO - DAG(s) 'daily_check' retrieved from /opt/airflow/dags/daily_chek.py
[2026-04-23T21:38:30.374+0000] {logging_mixin.py:190} INFO - [2026-04-23T21:38:30.373+0000] {dag.py:3239} INFO - Sync 1 DAGs
[2026-04-23T21:38:30.400+0000] {logging_mixin.py:190} INFO - [2026-04-23T21:38:30.399+0000] {dag.py:4180} INFO - Setting next_dagrun for daily_check to 2026-04-23 00:00:00+00:00, run_after=2026-04-24 00:00:00+00:00
[2026-04-23T21:38:30.422+0000] {processor.py:208} INFO - Processing /opt/airflow/dags/daily_chek.py took 0.160 seconds
[2026-04-23T21:39:03.167+0000] {processor.py:186} INFO - Started process (PID=7712) to work on /opt/airflow/dags/daily_chek.py
[2026-04-23T21:39:03.173+0000] {processor.py:914} INFO - Processing file /opt/airflow/dags/daily_chek.py for tasks to queue
[2026-04-23T21:39:03.192+0000] {logging_mixin.py:190} INFO - [2026-04-23T21:39:03.189+0000] {dagbag.py:588} INFO - Filling up the DagBag from /opt/airflow/dags/daily_chek.py
[2026-04-23T21:39:03.240+0000] {processor.py:925} INFO - DAG(s) 'daily_check' retrieved from /opt/airflow/dags/daily_chek.py
[2026-04-23T21:39:03.283+0000] {logging_mixin.py:190} INFO - [2026-04-23T21:39:03.283+0000] {dag.py:3239} INFO - Sync 1 DAGs
[2026-04-23T21:39:03.316+0000] {logging_mixin.py:190} INFO - [2026-04-23T21:39:03.315+0000] {dag.py:4180} INFO - Setting next_dagrun for daily_check to 2026-04-23 00:00:00+00:00, run_after=2026-04-24 00:00:00+00:00
[2026-04-23T21:39:03.341+0000] {processor.py:208} INFO - Processing /opt/airflow/dags/daily_chek.py took 0.222 seconds
[2026-04-23T21:39:33.723+0000] {processor.py:186} INFO - Started process (PID=7741) to work on /opt/airflow/dags/daily_chek.py
[2026-04-23T21:39:33.725+0000] {processor.py:914} INFO - Processing file /opt/airflow/dags/daily_chek.py for tasks to queue
[2026-04-23T21:39:33.731+0000] {logging_mixin.py:190} INFO - [2026-04-23T21:39:33.730+0000] {dagbag.py:588} INFO - Filling up the DagBag from /opt/airflow/dags/daily_chek.py
[2026-04-23T21:39:33.772+0000] {processor.py:925} INFO - DAG(s) 'daily_check' retrieved from /opt/airflow/dags/daily_chek.py
[2026-04-23T21:39:33.861+0000] {logging_mixin.py:190} INFO - [2026-04-23T21:39:33.860+0000] {dag.py:3239} INFO - Sync 1 DAGs
[2026-04-23T21:39:33.946+0000] {logging_mixin.py:190} INFO - [2026-04-23T21:39:33.946+0000] {dag.py:4180} INFO - Setting next_dagrun for daily_check to 2026-04-23 00:00:00+00:00, run_after=2026-04-24 00:00:00+00:00
[2026-04-23T21:39:34.005+0000] {processor.py:208} INFO - Processing /opt/airflow/dags/daily_chek.py took 0.300 seconds
[2026-04-23T21:40:04.405+0000] {processor.py:186} INFO - Started process (PID=7762) to work on /opt/airflow/dags/daily_chek.py
[2026-04-23T21:40:04.406+0000] {processor.py:914} INFO - Processing file /opt/airflow/dags/daily_chek.py for tasks to queue
[2026-04-23T21:40:04.410+0000] {logging_mixin.py:190} INFO - [2026-04-23T21:40:04.409+0000] {dagbag.py:588} INFO - Filling up the DagBag from /opt/airflow/dags/daily_chek.py
[2026-04-23T21:40:04.425+0000] {processor.py:925} INFO - DAG(s) 'daily_check' retrieved from /opt/airflow/dags/daily_chek.py
[2026-04-23T21:40:04.450+0000] {logging_mixin.py:190} INFO - [2026-04-23T21:40:04.449+0000] {dag.py:3239} INFO - Sync 1 DAGs
[2026-04-23T21:40:04.473+0000] {logging_mixin.py:190} INFO - [2026-04-23T21:40:04.473+0000] {dag.py:4180} INFO - Setting next_dagrun for daily_check to 2026-04-23 00:00:00+00:00, run_after=2026-04-24 00:00:00+00:00
[2026-04-23T21:40:04.489+0000] {processor.py:208} INFO - Processing /opt/airflow/dags/daily_chek.py took 0.096 seconds
[2026-04-23T21:40:34.842+0000] {processor.py:186} INFO - Started process (PID=7783) to work on /opt/airflow/dags/daily_chek.py
[2026-04-23T21:40:34.844+0000] {processor.py:914} INFO - Processing file /opt/airflow/dags/daily_chek.py for tasks to queue
[2026-04-23T21:40:34.851+0000] {logging_mixin.py:190} INFO - [2026-04-23T21:40:34.849+0000] {dagbag.py:588} INFO - Filling up the DagBag from /opt/airflow/dags/daily_chek.py
[2026-04-23T21:40:34.894+0000] {processor.py:925} INFO - DAG(s) 'daily_check' retrieved from /opt/airflow/dags/daily_chek.py
[2026-04-23T21:40:34.947+0000] {logging_mixin.py:190} INFO - [2026-04-23T21:40:34.946+0000] {dag.py:3239} INFO - Sync 1 DAGs
[2026-04-23T21:40:34.979+0000] {logging_mixin.py:190} INFO - [2026-04-23T21:40:34.979+0000] {dag.py:4180} INFO - Setting next_dagrun for daily_check to 2026-04-23 00:00:00+00:00, run_after=2026-04-24 00:00:00+00:00
[2026-04-23T21:40:35.002+0000] {processor.py:208} INFO - Processing /opt/airflow/dags/daily_chek.py took 0.180 seconds
[2026-04-23T21:41:05.346+0000] {processor.py:186} INFO - Started process (PID=7804) to work on /opt/airflow/dags/daily_chek.py
[2026-04-23T21:41:05.348+0000] {processor.py:914} INFO - Processing file /opt/airflow/dags/daily_chek.py for tasks to queue
[2026-04-23T21:41:05.355+0000] {logging_mixin.py:190} INFO - [2026-04-23T21:41:05.354+0000] {dagbag.py:588} INFO - Filling up the DagBag from /opt/airflow/dags/daily_chek.py
[2026-04-23T21:41:05.388+0000] {processor.py:925} INFO - DAG(s) 'daily_check' retrieved from /opt/airflow/dags/daily_chek.py
[2026-04-23T21:41:05.465+0000] {logging_mixin.py:190} INFO - [2026-04-23T21:41:05.464+0000] {dag.py:3239} INFO - Sync 1 DAGs
[2026-04-23T21:41:05.518+0000] {logging_mixin.py:190} INFO - [2026-04-23T21:41:05.518+0000] {dag.py:4180} INFO - Setting next_dagrun for daily_check to 2026-04-23 00:00:00+00:00, run_after=2026-04-24 00:00:00+00:00
[2026-04-23T21:41:05.554+0000] {processor.py:208} INFO - Processing /opt/airflow/dags/daily_chek.py took 0.226 seconds
[2026-04-23T21:41:35.889+0000] {processor.py:186} INFO - Started process (PID=7825) to work on /opt/airflow/dags/daily_chek.py
[2026-04-23T21:41:35.890+0000] {processor.py:914} INFO - Processing file /opt/airflow/dags/daily_chek.py for tasks to queue
[2026-04-23T21:41:35.897+0000] {logging_mixin.py:190} INFO - [2026-04-23T21:41:35.896+0000] {dagbag.py:588} INFO - Filling up the DagBag from /opt/airflow/dags/daily_chek.py
[2026-04-23T21:41:35.928+0000] {processor.py:925} INFO - DAG(s) 'daily_check' retrieved from /opt/airflow/dags/daily_chek.py
[2026-04-23T21:41:36.006+0000] {logging_mixin.py:190} INFO - [2026-04-23T21:41:36.006+0000] {dag.py:3239} INFO - Sync 1 DAGs
[2026-04-23T21:41:36.056+0000] {logging_mixin.py:190} INFO - [2026-04-23T21:41:36.056+0000] {dag.py:4180} INFO - Setting next_dagrun for daily_check to 2026-04-23 00:00:00+00:00, run_after=2026-04-24 00:00:00+00:00
[2026-04-23T21:41:36.077+0000] {processor.py:208} INFO - Processing /opt/airflow/dags/daily_chek.py took 0.207 seconds
[2026-04-23T21:42:06.410+0000] {processor.py:186} INFO - Started process (PID=7846) to work on /opt/airflow/dags/daily_chek.py
[2026-04-23T21:42:06.412+0000] {processor.py:914} INFO - Processing file /opt/airflow/dags/daily_chek.py for tasks to queue
[2026-04-23T21:42:06.418+0000] {logging_mixin.py:190} INFO - [2026-04-23T21:42:06.417+0000] {dagbag.py:588} INFO - Filling up the DagBag from /opt/airflow/dags/daily_chek.py
[2026-04-23T21:42:06.454+0000] {processor.py:925} INFO - DAG(s) 'daily_check' retrieved from /opt/airflow/dags/daily_chek.py
[2026-04-23T21:42:06.517+0000] {logging_mixin.py:190} INFO - [2026-04-23T21:42:06.517+0000] {dag.py:3239} INFO - Sync 1 DAGs
[2026-04-23T21:42:06.549+0000] {logging_mixin.py:190} INFO - [2026-04-23T21:42:06.548+0000] {dag.py:4180} INFO - Setting next_dagrun for daily_check to 2026-04-23 00:00:00+00:00, run_after=2026-04-24 00:00:00+00:00
[2026-04-23T21:42:06.572+0000] {processor.py:208} INFO - Processing /opt/airflow/dags/daily_chek.py took 0.183 seconds
[2026-04-23T21:42:36.919+0000] {processor.py:186} INFO - Started process (PID=7867) to work on /opt/airflow/dags/daily_chek.py
[2026-04-23T21:42:36.921+0000] {processor.py:914} INFO - Processing file /opt/airflow/dags/daily_chek.py for tasks to queue
[2026-04-23T21:42:36.926+0000] {logging_mixin.py:190} INFO - [2026-04-23T21:42:36.925+0000] {dagbag.py:588} INFO - Filling up the DagBag from /opt/airflow/dags/daily_chek.py
[2026-04-23T21:42:36.961+0000] {processor.py:925} INFO - DAG(s) 'daily_check' retrieved from /opt/airflow/dags/daily_chek.py
[2026-04-23T21:42:37.029+0000] {logging_mixin.py:190} INFO - [2026-04-23T21:42:37.028+0000] {dag.py:3239} INFO - Sync 1 DAGs
[2026-04-23T21:42:37.063+0000] {logging_mixin.py:190} INFO - [2026-04-23T21:42:37.063+0000] {dag.py:4180} INFO - Setting next_dagrun for daily_check to 2026-04-23 00:00:00+00:00, run_after=2026-04-24 00:00:00+00:00
[2026-04-23T21:42:37.081+0000] {processor.py:208} INFO - Processing /opt/airflow/dags/daily_chek.py took 0.182 seconds
[2026-04-23T21:43:07.457+0000] {processor.py:186} INFO - Started process (PID=7888) to work on /opt/airflow/dags/daily_chek.py
[2026-04-23T21:43:07.459+0000] {processor.py:914} INFO - Processing file /opt/airflow/dags/daily_chek.py for tasks to queue
[2026-04-23T21:43:07.468+0000] {logging_mixin.py:190} INFO - [2026-04-23T21:43:07.467+0000] {dagbag.py:588} INFO - Filling up the DagBag from /opt/airflow/dags/daily_chek.py
[2026-04-23T21:43:07.501+0000] {processor.py:925} INFO - DAG(s) 'daily_check' retrieved from /opt/airflow/dags/daily_chek.py
[2026-04-23T21:43:07.567+0000] {logging_mixin.py:190} INFO - [2026-04-23T21:43:07.567+0000] {dag.py:3239} INFO - Sync 1 DAGs
[2026-04-23T21:43:07.602+0000] {logging_mixin.py:190} INFO - [2026-04-23T21:43:07.602+0000] {dag.py:4180} INFO - Setting next_dagrun for daily_check to 2026-04-23 00:00:00+00:00, run_after=2026-04-24 00:00:00+00:00
[2026-04-23T21:43:07.625+0000] {processor.py:208} INFO - Processing /opt/airflow/dags/daily_chek.py took 0.187 seconds
[2026-04-23T21:43:37.954+0000] {processor.py:186} INFO - Started process (PID=7909) to work on /opt/airflow/dags/daily_chek.py
[2026-04-23T21:43:37.956+0000] {processor.py:914} INFO - Processing file /opt/airflow/dags/daily_chek.py for tasks to queue
[2026-04-23T21:43:37.963+0000] {logging_mixin.py:190} INFO - [2026-04-23T21:43:37.962+0000] {dagbag.py:588} INFO - Filling up the DagBag from /opt/airflow/dags/daily_chek.py
[2026-04-23T21:43:37.995+0000] {processor.py:925} INFO - DAG(s) 'daily_check' retrieved from /opt/airflow/dags/daily_chek.py
[2026-04-23T21:43:38.060+0000] {logging_mixin.py:190} INFO - [2026-04-23T21:43:38.059+0000] {dag.py:3239} INFO - Sync 1 DAGs
[2026-04-23T21:43:38.104+0000] {logging_mixin.py:190} INFO - [2026-04-23T21:43:38.103+0000] {dag.py:4180} INFO - Setting next_dagrun for daily_check to 2026-04-23 00:00:00+00:00, run_after=2026-04-24 00:00:00+00:00
[2026-04-23T21:43:38.128+0000] {processor.py:208} INFO - Processing /opt/airflow/dags/daily_chek.py took 0.195 seconds
[2026-04-23T21:44:08.459+0000] {processor.py:186} INFO - Started process (PID=7930) to work on /opt/airflow/dags/daily_chek.py
[2026-04-23T21:44:08.461+0000] {processor.py:914} INFO - Processing file /opt/airflow/dags/daily_chek.py for tasks to queue
[2026-04-23T21:44:08.468+0000] {logging_mixin.py:190} INFO - [2026-04-23T21:44:08.467+0000] {dagbag.py:588} INFO - Filling up the DagBag from /opt/airflow/dags/daily_chek.py
[2026-04-23T21:44:08.501+0000] {processor.py:925} INFO - DAG(s) 'daily_check' retrieved from /opt/airflow/dags/daily_chek.py
[2026-04-23T21:44:08.565+0000] {logging_mixin.py:190} INFO - [2026-04-23T21:44:08.565+0000] {dag.py:3239} INFO - Sync 1 DAGs
[2026-04-23T21:44:08.622+0000] {logging_mixin.py:190} INFO - [2026-04-23T21:44:08.622+0000] {dag.py:4180} INFO - Setting next_dagrun for daily_check to 2026-04-23 00:00:00+00:00, run_after=2026-04-24 00:00:00+00:00
[2026-04-23T21:44:08.654+0000] {processor.py:208} INFO - Processing /opt/airflow/dags/daily_chek.py took 0.211 seconds
[2026-04-23T21:44:38.952+0000] {processor.py:186} INFO - Started process (PID=7951) to work on /opt/airflow/dags/daily_chek.py
[2026-04-23T21:44:38.953+0000] {processor.py:914} INFO - Processing file /opt/airflow/dags/daily_chek.py for tasks to queue
[2026-04-23T21:44:38.955+0000] {logging_mixin.py:190} INFO - [2026-04-23T21:44:38.955+0000] {dagbag.py:588} INFO - Filling up the DagBag from /opt/airflow/dags/daily_chek.py
[2026-04-23T21:44:38.967+0000] {processor.py:925} INFO - DAG(s) 'daily_check' retrieved from /opt/airflow/dags/daily_chek.py
[2026-04-23T21:44:39.000+0000] {logging_mixin.py:190} INFO - [2026-04-23T21:44:39.000+0000] {dag.py:3239} INFO - Sync 1 DAGs
[2026-04-23T21:44:39.046+0000] {logging_mixin.py:190} INFO - [2026-04-23T21:44:39.046+0000] {dag.py:4180} INFO - Setting next_dagrun for daily_check to 2026-04-23 00:00:00+00:00, run_after=2026-04-24 00:00:00+00:00
[2026-04-23T21:44:39.075+0000] {processor.py:208} INFO - Processing /opt/airflow/dags/daily_chek.py took 0.129 seconds
[2026-04-23T21:45:09.426+0000] {processor.py:186} INFO - Started process (PID=7972) to work on /opt/airflow/dags/daily_chek.py
[2026-04-23T21:45:09.428+0000] {processor.py:914} INFO - Processing file /opt/airflow/dags/daily_chek.py for tasks to queue
[2026-04-23T21:45:09.434+0000] {logging_mixin.py:190} INFO - [2026-04-23T21:45:09.433+0000] {dagbag.py:588} INFO - Filling up the DagBag from /opt/airflow/dags/daily_chek.py
[2026-04-23T21:45:09.473+0000] {processor.py:925} INFO - DAG(s) 'daily_check' retrieved from /opt/airflow/dags/daily_chek.py
[2026-04-23T21:45:09.559+0000] {logging_mixin.py:190} INFO - [2026-04-23T21:45:09.559+0000] {dag.py:3239} INFO - Sync 1 DAGs
[2026-04-23T21:45:09.598+0000] {logging_mixin.py:190} INFO - [2026-04-23T21:45:09.598+0000] {dag.py:4180} INFO - Setting next_dagrun for daily_check to 2026-04-23 00:00:00+00:00, run_after=2026-04-24 00:00:00+00:00
[2026-04-23T21:45:09.618+0000] {processor.py:208} INFO - Processing /opt/airflow/dags/daily_chek.py took 0.213 seconds
[2026-04-23T21:45:39.958+0000] {processor.py:186} INFO - Started process (PID=7993) to work on /opt/airflow/dags/daily_chek.py
[2026-04-23T21:45:39.960+0000] {processor.py:914} INFO - Processing file /opt/airflow/dags/daily_chek.py for tasks to queue
[2026-04-23T21:45:39.965+0000] {logging_mixin.py:190} INFO - [2026-04-23T21:45:39.965+0000] {dagbag.py:588} INFO - Filling up the DagBag from /opt/airflow/dags/daily_chek.py
[2026-04-23T21:45:40.000+0000] {processor.py:925} INFO - DAG(s) 'daily_check' retrieved from /opt/airflow/dags/daily_chek.py
[2026-04-23T21:45:40.075+0000] {logging_mixin.py:190} INFO - [2026-04-23T21:45:40.074+0000] {dag.py:3239} INFO - Sync 1 DAGs
[2026-04-23T21:45:40.106+0000] {logging_mixin.py:190} INFO - [2026-04-23T21:45:40.106+0000] {dag.py:4180} INFO - Setting next_dagrun for daily_check to 2026-04-23 00:00:00+00:00, run_after=2026-04-24 00:00:00+00:00
[2026-04-23T21:45:40.125+0000] {processor.py:208} INFO - Processing /opt/airflow/dags/daily_chek.py took 0.190 seconds
[2026-04-23T21:46:10.444+0000] {processor.py:186} INFO - Started process (PID=8014) to work on /opt/airflow/dags/daily_chek.py
[2026-04-23T21:46:10.447+0000] {processor.py:914} INFO - Processing file /opt/airflow/dags/daily_chek.py for tasks to queue
[2026-04-23T21:46:10.453+0000] {logging_mixin.py:190} INFO - [2026-04-23T21:46:10.452+0000] {dagbag.py:588} INFO - Filling up the DagBag from /opt/airflow/dags/daily_chek.py
[2026-04-23T21:46:10.489+0000] {processor.py:925} INFO - DAG(s) 'daily_check' retrieved from /opt/airflow/dags/daily_chek.py
[2026-04-23T21:46:10.560+0000] {logging_mixin.py:190} INFO - [2026-04-23T21:46:10.559+0000] {dag.py:3239} INFO - Sync 1 DAGs
[2026-04-23T21:46:10.611+0000] {logging_mixin.py:190} INFO - [2026-04-23T21:46:10.611+0000] {dag.py:4180} INFO - Setting next_dagrun for daily_check to 2026-04-23 00:00:00+00:00, run_after=2026-04-24 00:00:00+00:00
[2026-04-23T21:46:10.645+0000] {processor.py:208} INFO - Processing /opt/airflow/dags/daily_chek.py took 0.221 seconds
[2026-04-23T21:46:41.012+0000] {processor.py:186} INFO - Started process (PID=8035) to work on /opt/airflow/dags/daily_chek.py
[2026-04-23T21:46:41.014+0000] {processor.py:914} INFO - Processing file /opt/airflow/dags/daily_chek.py for tasks to queue
[2026-04-23T21:46:41.022+0000] {logging_mixin.py:190} INFO - [2026-04-23T21:46:41.021+0000] {dagbag.py:588} INFO - Filling up the DagBag from /opt/airflow/dags/daily_chek.py
[2026-04-23T21:46:41.069+0000] {processor.py:925} INFO - DAG(s) 'daily_check' retrieved from /opt/airflow/dags/daily_chek.py
[2026-04-23T21:46:41.135+0000] {logging_mixin.py:190} INFO - [2026-04-23T21:46:41.134+0000] {dag.py:3239} INFO - Sync 1 DAGs
[2026-04-23T21:46:41.180+0000] {logging_mixin.py:190} INFO - [2026-04-23T21:46:41.180+0000] {dag.py:4180} INFO - Setting next_dagrun for daily_check to 2026-04-23 00:00:00+00:00, run_after=2026-04-24 00:00:00+00:00
[2026-04-23T21:46:41.216+0000] {processor.py:208} INFO - Processing /opt/airflow/dags/daily_chek.py took 0.224 seconds
[2026-04-23T21:47:11.569+0000] {processor.py:186} INFO - Started process (PID=8056) to work on /opt/airflow/dags/daily_chek.py
[2026-04-23T21:47:11.571+0000] {processor.py:914} INFO - Processing file /opt/airflow/dags/daily_chek.py for tasks to queue
[2026-04-23T21:47:11.576+0000] {logging_mixin.py:190} INFO - [2026-04-23T21:47:11.575+0000] {dagbag.py:588} INFO - Filling up the DagBag from /opt/airflow/dags/daily_chek.py
[2026-04-23T21:47:11.612+0000] {processor.py:925} INFO - DAG(s) 'daily_check' retrieved from /opt/airflow/dags/daily_chek.py
[2026-04-23T21:47:11.666+0000] {logging_mixin.py:190} INFO - [2026-04-23T21:47:11.665+0000] {dag.py:3239} INFO - Sync 1 DAGs
[2026-04-23T21:47:11.699+0000] {logging_mixin.py:190} INFO - [2026-04-23T21:47:11.699+0000] {dag.py:4180} INFO - Setting next_dagrun for daily_check to 2026-04-23 00:00:00+00:00, run_after=2026-04-24 00:00:00+00:00
[2026-04-23T21:47:11.719+0000] {processor.py:208} INFO - Processing /opt/airflow/dags/daily_chek.py took 0.169 seconds
[2026-04-23T21:47:42.044+0000] {processor.py:186} INFO - Started process (PID=8077) to work on /opt/airflow/dags/daily_chek.py
[2026-04-23T21:47:42.046+0000] {processor.py:914} INFO - Processing file /opt/airflow/dags/daily_chek.py for tasks to queue
[2026-04-23T21:47:42.054+0000] {logging_mixin.py:190} INFO - [2026-04-23T21:47:42.053+0000] {dagbag.py:588} INFO - Filling up the DagBag from /opt/airflow/dags/daily_chek.py
[2026-04-23T21:47:42.090+0000] {processor.py:925} INFO - DAG(s) 'daily_check' retrieved from /opt/airflow/dags/daily_chek.py
[2026-04-23T21:47:42.149+0000] {logging_mixin.py:190} INFO - [2026-04-23T21:47:42.149+0000] {dag.py:3239} INFO - Sync 1 DAGs
[2026-04-23T21:47:42.182+0000] {logging_mixin.py:190} INFO - [2026-04-23T21:47:42.182+0000] {dag.py:4180} INFO - Setting next_dagrun for daily_check to 2026-04-23 00:00:00+00:00, run_after=2026-04-24 00:00:00+00:00
[2026-04-23T21:47:42.205+0000] {processor.py:208} INFO - Processing /opt/airflow/dags/daily_chek.py took 0.178 seconds
[2026-04-23T21:48:12.597+0000] {processor.py:186} INFO - Started process (PID=8098) to work on /opt/airflow/dags/daily_chek.py
[2026-04-23T21:48:12.599+0000] {processor.py:914} INFO - Processing file /opt/airflow/dags/daily_chek.py for tasks to queue
[2026-04-23T21:48:12.607+0000] {logging_mixin.py:190} INFO - [2026-04-23T21:48:12.606+0000] {dagbag.py:588} INFO - Filling up the DagBag from /opt/airflow/dags/daily_chek.py
[2026-04-23T21:48:12.641+0000] {processor.py:925} INFO - DAG(s) 'daily_check' retrieved from /opt/airflow/dags/daily_chek.py
[2026-04-23T21:48:12.678+0000] {logging_mixin.py:190} INFO - [2026-04-23T21:48:12.677+0000] {dag.py:3239} INFO - Sync 1 DAGs
[2026-04-23T21:48:12.703+0000] {logging_mixin.py:190} INFO - [2026-04-23T21:48:12.703+0000] {dag.py:4180} INFO - Setting next_dagrun for daily_check to 2026-04-23 00:00:00+00:00, run_after=2026-04-24 00:00:00+00:00
[2026-04-23T21:48:12.725+0000] {processor.py:208} INFO - Processing /opt/airflow/dags/daily_chek.py took 0.155 seconds
[2026-04-23T21:48:43.052+0000] {processor.py:186} INFO - Started process (PID=8119) to work on /opt/airflow/dags/daily_chek.py
[2026-04-23T21:48:43.054+0000] {processor.py:914} INFO - Processing file /opt/airflow/dags/daily_chek.py for tasks to queue
[2026-04-23T21:48:43.061+0000] {logging_mixin.py:190} INFO - [2026-04-23T21:48:43.060+0000] {dagbag.py:588} INFO - Filling up the DagBag from /opt/airflow/dags/daily_chek.py
[2026-04-23T21:48:43.102+0000] {processor.py:925} INFO - DAG(s) 'daily_check' retrieved from /opt/airflow/dags/daily_chek.py
[2026-04-23T21:48:43.155+0000] {logging_mixin.py:190} INFO - [2026-04-23T21:48:43.154+0000] {dag.py:3239} INFO - Sync 1 DAGs
[2026-04-23T21:48:43.192+0000] {logging_mixin.py:190} INFO - [2026-04-23T21:48:43.192+0000] {dag.py:4180} INFO - Setting next_dagrun for daily_check to 2026-04-23 00:00:00+00:00, run_after=2026-04-24 00:00:00+00:00
[2026-04-23T21:48:43.213+0000] {processor.py:208} INFO - Processing /opt/airflow/dags/daily_chek.py took 0.180 seconds
[2026-04-23T21:49:13.530+0000] {processor.py:186} INFO - Started process (PID=8140) to work on /opt/airflow/dags/daily_chek.py
[2026-04-23T21:49:13.532+0000] {processor.py:914} INFO - Processing file /opt/airflow/dags/daily_chek.py for tasks to queue
[2026-04-23T21:49:13.537+0000] {logging_mixin.py:190} INFO - [2026-04-23T21:49:13.536+0000] {dagbag.py:588} INFO - Filling up the DagBag from /opt/airflow/dags/daily_chek.py
[2026-04-23T21:49:13.568+0000] {processor.py:925} INFO - DAG(s) 'daily_check' retrieved from /opt/airflow/dags/daily_chek.py
[2026-04-23T21:49:13.633+0000] {logging_mixin.py:190} INFO - [2026-04-23T21:49:13.633+0000] {dag.py:3239} INFO - Sync 1 DAGs
[2026-04-23T21:49:13.681+0000] {logging_mixin.py:190} INFO - [2026-04-23T21:49:13.681+0000] {dag.py:4180} INFO - Setting next_dagrun for daily_check to 2026-04-23 00:00:00+00:00, run_after=2026-04-24 00:00:00+00:00
[2026-04-23T21:49:13.712+0000] {processor.py:208} INFO - Processing /opt/airflow/dags/daily_chek.py took 0.197 seconds
[2026-04-23T21:49:44.061+0000] {processor.py:186} INFO - Started process (PID=8161) to work on /opt/airflow/dags/daily_chek.py
[2026-04-23T21:49:44.063+0000] {processor.py:914} INFO - Processing file /opt/airflow/dags/daily_chek.py for tasks to queue
[2026-04-23T21:49:44.072+0000] {logging_mixin.py:190} INFO - [2026-04-23T21:49:44.071+0000] {dagbag.py:588} INFO - Filling up the DagBag from /opt/airflow/dags/daily_chek.py
[2026-04-23T21:49:44.117+0000] {processor.py:925} INFO - DAG(s) 'daily_check' retrieved from /opt/airflow/dags/daily_chek.py
[2026-04-23T21:49:44.161+0000] {logging_mixin.py:190} INFO - [2026-04-23T21:49:44.160+0000] {dag.py:3239} INFO - Sync 1 DAGs
[2026-04-23T21:49:44.204+0000] {logging_mixin.py:190} INFO - [2026-04-23T21:49:44.204+0000] {dag.py:4180} INFO - Setting next_dagrun for daily_check to 2026-04-23 00:00:00+00:00, run_after=2026-04-24 00:00:00+00:00
[2026-04-23T21:49:44.237+0000] {processor.py:208} INFO - Processing /opt/airflow/dags/daily_chek.py took 0.198 seconds
[2026-04-23T21:50:14.499+0000] {processor.py:186} INFO - Started process (PID=8182) to work on /opt/airflow/dags/daily_chek.py
[2026-04-23T21:50:14.500+0000] {processor.py:914} INFO - Processing file /opt/airflow/dags/daily_chek.py for tasks to queue
[2026-04-23T21:50:14.504+0000] {logging_mixin.py:190} INFO - [2026-04-23T21:50:14.504+0000] {dagbag.py:588} INFO - Filling up the DagBag from /opt/airflow/dags/daily_chek.py
[2026-04-23T21:50:14.517+0000] {processor.py:925} INFO - DAG(s) 'daily_check' retrieved from /opt/airflow/dags/daily_chek.py
[2026-04-23T21:50:14.546+0000] {logging_mixin.py:190} INFO - [2026-04-23T21:50:14.546+0000] {dag.py:3239} INFO - Sync 1 DAGs
[2026-04-23T21:50:14.574+0000] {logging_mixin.py:190} INFO - [2026-04-23T21:50:14.574+0000] {dag.py:4180} INFO - Setting next_dagrun for daily_check to 2026-04-23 00:00:00+00:00, run_after=2026-04-24 00:00:00+00:00
[2026-04-23T21:50:14.597+0000] {processor.py:208} INFO - Processing /opt/airflow/dags/daily_chek.py took 0.106 seconds
[2026-04-23T21:50:44.784+0000] {processor.py:186} INFO - Started process (PID=8203) to work on /opt/airflow/dags/daily_chek.py
[2026-04-23T21:50:44.785+0000] {processor.py:914} INFO - Processing file /opt/airflow/dags/daily_chek.py for tasks to queue
[2026-04-23T21:50:44.787+0000] {logging_mixin.py:190} INFO - [2026-04-23T21:50:44.787+0000] {dagbag.py:588} INFO - Filling up the DagBag from /opt/airflow/dags/daily_chek.py
[2026-04-23T21:50:44.803+0000] {processor.py:925} INFO - DAG(s) 'daily_check' retrieved from /opt/airflow/dags/daily_chek.py
[2026-04-23T21:50:44.830+0000] {logging_mixin.py:190} INFO - [2026-04-23T21:50:44.830+0000] {dag.py:3239} INFO - Sync 1 DAGs
[2026-04-23T21:50:44.861+0000] {logging_mixin.py:190} INFO - [2026-04-23T21:50:44.861+0000] {dag.py:4180} INFO - Setting next_dagrun for daily_check to 2026-04-23 00:00:00+00:00, run_after=2026-04-24 00:00:00+00:00
[2026-04-23T21:50:44.884+0000] {processor.py:208} INFO - Processing /opt/airflow/dags/daily_chek.py took 0.108 seconds
[2026-04-23T21:51:15.073+0000] {processor.py:186} INFO - Started process (PID=8224) to work on /opt/airflow/dags/daily_chek.py
[2026-04-23T21:51:15.074+0000] {processor.py:914} INFO - Processing file /opt/airflow/dags/daily_chek.py for tasks to queue
[2026-04-23T21:51:15.077+0000] {logging_mixin.py:190} INFO - [2026-04-23T21:51:15.076+0000] {dagbag.py:588} INFO - Filling up the DagBag from /opt/airflow/dags/daily_chek.py
[2026-04-23T21:51:15.093+0000] {processor.py:925} INFO - DAG(s) 'daily_check' retrieved from /opt/airflow/dags/daily_chek.py
[2026-04-23T21:51:15.122+0000] {logging_mixin.py:190} INFO - [2026-04-23T21:51:15.122+0000] {dag.py:3239} INFO - Sync 1 DAGs
[2026-04-23T21:51:15.159+0000] {logging_mixin.py:190} INFO - [2026-04-23T21:51:15.158+0000] {dag.py:4180} INFO - Setting next_dagrun for daily_check to 2026-04-23 00:00:00+00:00, run_after=2026-04-24 00:00:00+00:00
[2026-04-23T21:51:15.183+0000] {processor.py:208} INFO - Processing /opt/airflow/dags/daily_chek.py took 0.119 seconds
[2026-04-23T21:51:45.353+0000] {processor.py:186} INFO - Started process (PID=8245) to work on /opt/airflow/dags/daily_chek.py
[2026-04-23T21:51:45.354+0000] {processor.py:914} INFO - Processing file /opt/airflow/dags/daily_chek.py for tasks to queue
[2026-04-23T21:51:45.357+0000] {logging_mixin.py:190} INFO - [2026-04-23T21:51:45.357+0000] {dagbag.py:588} INFO - Filling up the DagBag from /opt/airflow/dags/daily_chek.py
[2026-04-23T21:51:45.374+0000] {processor.py:925} INFO - DAG(s) 'daily_check' retrieved from /opt/airflow/dags/daily_chek.py
[2026-04-23T21:51:45.409+0000] {logging_mixin.py:190} INFO - [2026-04-23T21:51:45.408+0000] {dag.py:3239} INFO - Sync 1 DAGs
[2026-04-23T21:51:45.455+0000] {logging_mixin.py:190} INFO - [2026-04-23T21:51:45.455+0000] {dag.py:4180} INFO - Setting next_dagrun for daily_check to 2026-04-23 00:00:00+00:00, run_after=2026-04-24 00:00:00+00:00
[2026-04-23T21:51:45.481+0000] {processor.py:208} INFO - Processing /opt/airflow/dags/daily_chek.py took 0.136 seconds
[2026-04-23T21:52:15.652+0000] {processor.py:186} INFO - Started process (PID=8266) to work on /opt/airflow/dags/daily_chek.py
[2026-04-23T21:52:15.653+0000] {processor.py:914} INFO - Processing file /opt/airflow/dags/daily_chek.py for tasks to queue
[2026-04-23T21:52:15.655+0000] {logging_mixin.py:190} INFO - [2026-04-23T21:52:15.655+0000] {dagbag.py:588} INFO - Filling up the DagBag from /opt/airflow/dags/daily_chek.py
[2026-04-23T21:52:15.673+0000] {processor.py:925} INFO - DAG(s) 'daily_check' retrieved from /opt/airflow/dags/daily_chek.py
[2026-04-23T21:52:15.708+0000] {logging_mixin.py:190} INFO - [2026-04-23T21:52:15.708+0000] {dag.py:3239} INFO - Sync 1 DAGs
[2026-04-23T21:52:15.748+0000] {logging_mixin.py:190} INFO - [2026-04-23T21:52:15.748+0000] {dag.py:4180} INFO - Setting next_dagrun for daily_check to 2026-04-23 00:00:00+00:00, run_after=2026-04-24 00:00:00+00:00
[2026-04-23T21:52:15.774+0000] {processor.py:208} INFO - Processing /opt/airflow/dags/daily_chek.py took 0.132 seconds
[2026-04-23T21:52:45.942+0000] {processor.py:186} INFO - Started process (PID=8287) to work on /opt/airflow/dags/daily_chek.py
[2026-04-23T21:52:45.942+0000] {processor.py:914} INFO - Processing file /opt/airflow/dags/daily_chek.py for tasks to queue
[2026-04-23T21:52:45.945+0000] {logging_mixin.py:190} INFO - [2026-04-23T21:52:45.944+0000] {dagbag.py:588} INFO - Filling up the DagBag from /opt/airflow/dags/daily_chek.py
[2026-04-23T21:52:45.957+0000] {processor.py:925} INFO - DAG(s) 'daily_check' retrieved from /opt/airflow/dags/daily_chek.py
[2026-04-23T21:52:45.989+0000] {logging_mixin.py:190} INFO - [2026-04-23T21:52:45.989+0000] {dag.py:3239} INFO - Sync 1 DAGs
[2026-04-23T21:52:46.028+0000] {logging_mixin.py:190} INFO - [2026-04-23T21:52:46.027+0000] {dag.py:4180} INFO - Setting next_dagrun for daily_check to 2026-04-23 00:00:00+00:00, run_after=2026-04-24 00:00:00+00:00
[2026-04-23T21:52:46.052+0000] {processor.py:208} INFO - Processing /opt/airflow/dags/daily_chek.py took 0.119 seconds
[2026-04-23T21:53:16.230+0000] {processor.py:186} INFO - Started process (PID=8308) to work on /opt/airflow/dags/daily_chek.py
[2026-04-23T21:53:16.231+0000] {processor.py:914} INFO - Processing file /opt/airflow/dags/daily_chek.py for tasks to queue
[2026-04-23T21:53:16.234+0000] {logging_mixin.py:190} INFO - [2026-04-23T21:53:16.233+0000] {dagbag.py:588} INFO - Filling up the DagBag from /opt/airflow/dags/daily_chek.py
[2026-04-23T21:53:16.247+0000] {processor.py:925} INFO - DAG(s) 'daily_check' retrieved from /opt/airflow/dags/daily_chek.py
[2026-04-23T21:53:16.274+0000] {logging_mixin.py:190} INFO - [2026-04-23T21:53:16.274+0000] {dag.py:3239} INFO - Sync 1 DAGs
[2026-04-23T21:53:16.301+0000] {logging_mixin.py:190} INFO - [2026-04-23T21:53:16.301+0000] {dag.py:4180} INFO - Setting next_dagrun for daily_check to 2026-04-23 00:00:00+00:00, run_after=2026-04-24 00:00:00+00:00
[2026-04-23T21:53:16.321+0000] {processor.py:208} INFO - Processing /opt/airflow/dags/daily_chek.py took 0.098 seconds
[2026-04-23T21:53:46.517+0000] {processor.py:186} INFO - Started process (PID=8329) to work on /opt/airflow/dags/daily_chek.py
[2026-04-23T21:53:46.518+0000] {processor.py:914} INFO - Processing file /opt/airflow/dags/daily_chek.py for tasks to queue
[2026-04-23T21:53:46.521+0000] {logging_mixin.py:190} INFO - [2026-04-23T21:53:46.520+0000] {dagbag.py:588} INFO - Filling up the DagBag from /opt/airflow/dags/daily_chek.py
[2026-04-23T21:53:46.537+0000] {processor.py:925} INFO - DAG(s) 'daily_check' retrieved from /opt/airflow/dags/daily_chek.py
[2026-04-23T21:53:46.563+0000] {logging_mixin.py:190} INFO - [2026-04-23T21:53:46.563+0000] {dag.py:3239} INFO - Sync 1 DAGs
[2026-04-23T21:53:46.600+0000] {logging_mixin.py:190} INFO - [2026-04-23T21:53:46.599+0000] {dag.py:4180} INFO - Setting next_dagrun for daily_check to 2026-04-23 00:00:00+00:00, run_after=2026-04-24 00:00:00+00:00
[2026-04-23T21:53:46.625+0000] {processor.py:208} INFO - Processing /opt/airflow/dags/daily_chek.py took 0.118 seconds
[2026-04-23T21:54:16.821+0000] {processor.py:186} INFO - Started process (PID=8350) to work on /opt/airflow/dags/daily_chek.py
[2026-04-23T21:54:16.822+0000] {processor.py:914} INFO - Processing file /opt/airflow/dags/daily_chek.py for tasks to queue
[2026-04-23T21:54:16.824+0000] {logging_mixin.py:190} INFO - [2026-04-23T21:54:16.824+0000] {dagbag.py:588} INFO - Filling up the DagBag from /opt/airflow/dags/daily_chek.py
[2026-04-23T21:54:16.840+0000] {processor.py:925} INFO - DAG(s) 'daily_check' retrieved from /opt/airflow/dags/daily_chek.py
[2026-04-23T21:54:16.879+0000] {logging_mixin.py:190} INFO - [2026-04-23T21:54:16.879+0000] {dag.py:3239} INFO - Sync 1 DAGs
[2026-04-23T21:54:16.926+0000] {logging_mixin.py:190} INFO - [2026-04-23T21:54:16.926+0000] {dag.py:4180} INFO - Setting next_dagrun for daily_check to 2026-04-23 00:00:00+00:00, run_after=2026-04-24 00:00:00+00:00
[2026-04-23T21:54:16.957+0000] {processor.py:208} INFO - Processing /opt/airflow/dags/daily_chek.py took 0.146 seconds
[2026-04-23T21:54:47.159+0000] {processor.py:186} INFO - Started process (PID=8371) to work on /opt/airflow/dags/daily_chek.py
[2026-04-23T21:54:47.160+0000] {processor.py:914} INFO - Processing file /opt/airflow/dags/daily_chek.py for tasks to queue
[2026-04-23T21:54:47.163+0000] {logging_mixin.py:190} INFO - [2026-04-23T21:54:47.163+0000] {dagbag.py:588} INFO - Filling up the DagBag from /opt/airflow/dags/daily_chek.py
[2026-04-23T21:54:47.182+0000] {processor.py:925} INFO - DAG(s) 'daily_check' retrieved from /opt/airflow/dags/daily_chek.py
[2026-04-23T21:54:47.214+0000] {logging_mixin.py:190} INFO - [2026-04-23T21:54:47.213+0000] {dag.py:3239} INFO - Sync 1 DAGs
[2026-04-23T21:54:47.253+0000] {logging_mixin.py:190} INFO - [2026-04-23T21:54:47.252+0000] {dag.py:4180} INFO - Setting next_dagrun for daily_check to 2026-04-23 00:00:00+00:00, run_after=2026-04-24 00:00:00+00:00
[2026-04-23T21:54:47.287+0000] {processor.py:208} INFO - Processing /opt/airflow/dags/daily_chek.py took 0.139 seconds
[2026-04-23T21:55:17.473+0000] {processor.py:186} INFO - Started process (PID=8392) to work on /opt/airflow/dags/daily_chek.py
[2026-04-23T21:55:17.474+0000] {processor.py:914} INFO - Processing file /opt/airflow/dags/daily_chek.py for tasks to queue
[2026-04-23T21:55:17.477+0000] {logging_mixin.py:190} INFO - [2026-04-23T21:55:17.476+0000] {dagbag.py:588} INFO - Filling up the DagBag from /opt/airflow/dags/daily_chek.py
[2026-04-23T21:55:17.491+0000] {processor.py:925} INFO - DAG(s) 'daily_check' retrieved from /opt/airflow/dags/daily_chek.py
[2026-04-23T21:55:17.517+0000] {logging_mixin.py:190} INFO - [2026-04-23T21:55:17.517+0000] {dag.py:3239} INFO - Sync 1 DAGs
[2026-04-23T21:55:17.549+0000] {logging_mixin.py:190} INFO - [2026-04-23T21:55:17.549+0000] {dag.py:4180} INFO - Setting next_dagrun for daily_check to 2026-04-23 00:00:00+00:00, run_after=2026-04-24 00:00:00+00:00
[2026-04-23T21:55:17.567+0000] {processor.py:208} INFO - Processing /opt/airflow/dags/daily_chek.py took 0.101 seconds
[2026-04-23T21:55:47.753+0000] {processor.py:186} INFO - Started process (PID=8413) to work on /opt/airflow/dags/daily_chek.py
[2026-04-23T21:55:47.754+0000] {processor.py:914} INFO - Processing file /opt/airflow/dags/daily_chek.py for tasks to queue
[2026-04-23T21:55:47.758+0000] {logging_mixin.py:190} INFO - [2026-04-23T21:55:47.757+0000] {dagbag.py:588} INFO - Filling up the DagBag from /opt/airflow/dags/daily_chek.py
[2026-04-23T21:55:47.774+0000] {processor.py:925} INFO - DAG(s) 'daily_check' retrieved from /opt/airflow/dags/daily_chek.py
[2026-04-23T21:55:47.804+0000] {logging_mixin.py:190} INFO - [2026-04-23T21:55:47.804+0000] {dag.py:3239} INFO - Sync 1 DAGs
[2026-04-23T21:55:47.845+0000] {logging_mixin.py:190} INFO - [2026-04-23T21:55:47.845+0000] {dag.py:4180} INFO - Setting next_dagrun for daily_check to 2026-04-23 00:00:00+00:00, run_after=2026-04-24 00:00:00+00:00
[2026-04-23T21:55:47.872+0000] {processor.py:208} INFO - Processing /opt/airflow/dags/daily_chek.py took 0.127 seconds
[2026-04-23T21:56:18.044+0000] {processor.py:186} INFO - Started process (PID=8434) to work on /opt/airflow/dags/daily_chek.py
[2026-04-23T21:56:18.045+0000] {processor.py:914} INFO - Processing file /opt/airflow/dags/daily_chek.py for tasks to queue
[2026-04-23T21:56:18.049+0000] {logging_mixin.py:190} INFO - [2026-04-23T21:56:18.049+0000] {dagbag.py:588} INFO - Filling up the DagBag from /opt/airflow/dags/daily_chek.py
[2026-04-23T21:56:18.066+0000] {processor.py:925} INFO - DAG(s) 'daily_check' retrieved from /opt/airflow/dags/daily_chek.py
[2026-04-23T21:56:18.094+0000] {logging_mixin.py:190} INFO - [2026-04-23T21:56:18.094+0000] {dag.py:3239} INFO - Sync 1 DAGs
[2026-04-23T21:56:18.129+0000] {logging_mixin.py:190} INFO - [2026-04-23T21:56:18.129+0000] {dag.py:4180} INFO - Setting next_dagrun for daily_check to 2026-04-23 00:00:00+00:00, run_after=2026-04-24 00:00:00+00:00
[2026-04-23T21:56:18.149+0000] {processor.py:208} INFO - Processing /opt/airflow/dags/daily_chek.py took 0.114 seconds
[2026-04-23T21:56:48.316+0000] {processor.py:186} INFO - Started process (PID=8455) to work on /opt/airflow/dags/daily_chek.py
[2026-04-23T21:56:48.317+0000] {processor.py:914} INFO - Processing file /opt/airflow/dags/daily_chek.py for tasks to queue
[2026-04-23T21:56:48.320+0000] {logging_mixin.py:190} INFO - [2026-04-23T21:56:48.320+0000] {dagbag.py:588} INFO - Filling up the DagBag from /opt/airflow/dags/daily_chek.py
[2026-04-23T21:56:48.332+0000] {processor.py:925} INFO - DAG(s) 'daily_check' retrieved from /opt/airflow/dags/daily_chek.py
[2026-04-23T21:56:48.357+0000] {logging_mixin.py:190} INFO - [2026-04-23T21:56:48.357+0000] {dag.py:3239} INFO - Sync 1 DAGs
[2026-04-23T21:56:48.389+0000] {logging_mixin.py:190} INFO - [2026-04-23T21:56:48.389+0000] {dag.py:4180} INFO - Setting next_dagrun for daily_check to 2026-04-23 00:00:00+00:00, run_after=2026-04-24 00:00:00+00:00
[2026-04-23T21:56:48.411+0000] {processor.py:208} INFO - Processing /opt/airflow/dags/daily_chek.py took 0.104 seconds
[2026-04-23T21:57:18.608+0000] {processor.py:186} INFO - Started process (PID=8476) to work on /opt/airflow/dags/daily_chek.py
[2026-04-23T21:57:18.609+0000] {processor.py:914} INFO - Processing file /opt/airflow/dags/daily_chek.py for tasks to queue
[2026-04-23T21:57:18.611+0000] {logging_mixin.py:190} INFO - [2026-04-23T21:57:18.611+0000] {dagbag.py:588} INFO - Filling up the DagBag from /opt/airflow/dags/daily_chek.py
[2026-04-23T21:57:18.622+0000] {processor.py:925} INFO - DAG(s) 'daily_check' retrieved from /opt/airflow/dags/daily_chek.py
[2026-04-23T21:57:18.654+0000] {logging_mixin.py:190} INFO - [2026-04-23T21:57:18.654+0000] {dag.py:3239} INFO - Sync 1 DAGs
[2026-04-23T21:57:18.684+0000] {logging_mixin.py:190} INFO - [2026-04-23T21:57:18.683+0000] {dag.py:4180} INFO - Setting next_dagrun for daily_check to 2026-04-23 00:00:00+00:00, run_after=2026-04-24 00:00:00+00:00
[2026-04-23T21:57:18.702+0000] {processor.py:208} INFO - Processing /opt/airflow/dags/daily_chek.py took 0.100 seconds
[2026-04-23T21:57:48.893+0000] {processor.py:186} INFO - Started process (PID=8497) to work on /opt/airflow/dags/daily_chek.py
[2026-04-23T21:57:48.894+0000] {processor.py:914} INFO - Processing file /opt/airflow/dags/daily_chek.py for tasks to queue
[2026-04-23T21:57:48.897+0000] {logging_mixin.py:190} INFO - [2026-04-23T21:57:48.897+0000] {dagbag.py:588} INFO - Filling up the DagBag from /opt/airflow/dags/daily_chek.py
[2026-04-23T21:57:48.915+0000] {processor.py:925} INFO - DAG(s) 'daily_check' retrieved from /opt/airflow/dags/daily_chek.py
[2026-04-23T21:57:48.949+0000] {logging_mixin.py:190} INFO - [2026-04-23T21:57:48.949+0000] {dag.py:3239} INFO - Sync 1 DAGs
[2026-04-23T21:57:48.986+0000] {logging_mixin.py:190} INFO - [2026-04-23T21:57:48.985+0000] {dag.py:4180} INFO - Setting next_dagrun for daily_check to 2026-04-23 00:00:00+00:00, run_after=2026-04-24 00:00:00+00:00
[2026-04-23T21:57:49.008+0000] {processor.py:208} INFO - Processing /opt/airflow/dags/daily_chek.py took 0.125 seconds
[2026-04-23T21:58:19.183+0000] {processor.py:186} INFO - Started process (PID=8518) to work on /opt/airflow/dags/daily_chek.py
[2026-04-23T21:58:19.184+0000] {processor.py:914} INFO - Processing file /opt/airflow/dags/daily_chek.py for tasks to queue
[2026-04-23T21:58:19.187+0000] {logging_mixin.py:190} INFO - [2026-04-23T21:58:19.186+0000] {dagbag.py:588} INFO - Filling up the DagBag from /opt/airflow/dags/daily_chek.py
[2026-04-23T21:58:19.203+0000] {processor.py:925} INFO - DAG(s) 'daily_check' retrieved from /opt/airflow/dags/daily_chek.py
[2026-04-23T21:58:19.233+0000] {logging_mixin.py:190} INFO - [2026-04-23T21:58:19.233+0000] {dag.py:3239} INFO - Sync 1 DAGs
[2026-04-23T21:58:19.265+0000] {logging_mixin.py:190} INFO - [2026-04-23T21:58:19.265+0000] {dag.py:4180} INFO - Setting next_dagrun for daily_check to 2026-04-23 00:00:00+00:00, run_after=2026-04-24 00:00:00+00:00
[2026-04-23T21:58:19.285+0000] {processor.py:208} INFO - Processing /opt/airflow/dags/daily_chek.py took 0.111 seconds
[2026-04-23T21:58:49.470+0000] {processor.py:186} INFO - Started process (PID=8539) to work on /opt/airflow/dags/daily_chek.py
[2026-04-23T21:58:49.471+0000] {processor.py:914} INFO - Processing file /opt/airflow/dags/daily_chek.py for tasks to queue
[2026-04-23T21:58:49.474+0000] {logging_mixin.py:190} INFO - [2026-04-23T21:58:49.474+0000] {dagbag.py:588} INFO - Filling up the DagBag from /opt/airflow/dags/daily_chek.py
[2026-04-23T21:58:49.491+0000] {processor.py:925} INFO - DAG(s) 'daily_check' retrieved from /opt/airflow/dags/daily_chek.py
[2026-04-23T21:58:49.520+0000] {logging_mixin.py:190} INFO - [2026-04-23T21:58:49.519+0000] {dag.py:3239} INFO - Sync 1 DAGs
[2026-04-23T21:58:49.550+0000] {logging_mixin.py:190} INFO - [2026-04-23T21:58:49.550+0000] {dag.py:4180} INFO - Setting next_dagrun for daily_check to 2026-04-23 00:00:00+00:00, run_after=2026-04-24 00:00:00+00:00
[2026-04-23T21:58:49.569+0000] {processor.py:208} INFO - Processing /opt/airflow/dags/daily_chek.py took 0.109 seconds
[2026-04-23T21:59:19.744+0000] {processor.py:186} INFO - Started process (PID=8560) to work on /opt/airflow/dags/daily_chek.py
[2026-04-23T21:59:19.746+0000] {processor.py:914} INFO - Processing file /opt/airflow/dags/daily_chek.py for tasks to queue
[2026-04-23T21:59:19.748+0000] {logging_mixin.py:190} INFO - [2026-04-23T21:59:19.748+0000] {dagbag.py:588} INFO - Filling up the DagBag from /opt/airflow/dags/daily_chek.py
[2026-04-23T21:59:19.764+0000] {processor.py:925} INFO - DAG(s) 'daily_check' retrieved from /opt/airflow/dags/daily_chek.py
[2026-04-23T21:59:19.790+0000] {logging_mixin.py:190} INFO - [2026-04-23T21:59:19.789+0000] {dag.py:3239} INFO - Sync 1 DAGs
[2026-04-23T21:59:19.821+0000] {logging_mixin.py:190} INFO - [2026-04-23T21:59:19.820+0000] {dag.py:4180} INFO - Setting next_dagrun for daily_check to 2026-04-23 00:00:00+00:00, run_after=2026-04-24 00:00:00+00:00
[2026-04-23T21:59:19.839+0000] {processor.py:208} INFO - Processing /opt/airflow/dags/daily_chek.py took 0.107 seconds
[2026-04-23T21:59:50.007+0000] {processor.py:186} INFO - Started process (PID=8581) to work on /opt/airflow/dags/daily_chek.py
[2026-04-23T21:59:50.007+0000] {processor.py:914} INFO - Processing file /opt/airflow/dags/daily_chek.py for tasks to queue
[2026-04-23T21:59:50.009+0000] {logging_mixin.py:190} INFO - [2026-04-23T21:59:50.009+0000] {dagbag.py:588} INFO - Filling up the DagBag from /opt/airflow/dags/daily_chek.py
[2026-04-23T21:59:50.022+0000] {processor.py:925} INFO - DAG(s) 'daily_check' retrieved from /opt/airflow/dags/daily_chek.py
[2026-04-23T21:59:50.051+0000] {logging_mixin.py:190} INFO - [2026-04-23T21:59:50.051+0000] {dag.py:3239} INFO - Sync 1 DAGs
[2026-04-23T21:59:50.079+0000] {logging_mixin.py:190} INFO - [2026-04-23T21:59:50.079+0000] {dag.py:4180} INFO - Setting next_dagrun for daily_check to 2026-04-23 00:00:00+00:00, run_after=2026-04-24 00:00:00+00:00
[2026-04-23T21:59:50.100+0000] {processor.py:208} INFO - Processing /opt/airflow/dags/daily_chek.py took 0.101 seconds
[2026-04-23T22:00:20.383+0000] {processor.py:186} INFO - Started process (PID=8602) to work on /opt/airflow/dags/daily_chek.py
[2026-04-23T22:00:20.384+0000] {processor.py:914} INFO - Processing file /opt/airflow/dags/daily_chek.py for tasks to queue
[2026-04-23T22:00:20.389+0000] {logging_mixin.py:190} INFO - [2026-04-23T22:00:20.388+0000] {dagbag.py:588} INFO - Filling up the DagBag from /opt/airflow/dags/daily_chek.py
[2026-04-23T22:00:20.423+0000] {processor.py:925} INFO - DAG(s) 'daily_check' retrieved from /opt/airflow/dags/daily_chek.py
[2026-04-23T22:00:20.481+0000] {logging_mixin.py:190} INFO - [2026-04-23T22:00:20.481+0000] {dag.py:3239} INFO - Sync 1 DAGs
[2026-04-23T22:00:20.521+0000] {logging_mixin.py:190} INFO - [2026-04-23T22:00:20.521+0000] {dag.py:4180} INFO - Setting next_dagrun for daily_check to 2026-04-23 00:00:00+00:00, run_after=2026-04-24 00:00:00+00:00
[2026-04-23T22:00:20.537+0000] {processor.py:208} INFO - Processing /opt/airflow/dags/daily_chek.py took 0.171 seconds
[2026-04-23T22:00:50.853+0000] {processor.py:186} INFO - Started process (PID=8623) to work on /opt/airflow/dags/daily_chek.py
[2026-04-23T22:00:50.854+0000] {processor.py:914} INFO - Processing file /opt/airflow/dags/daily_chek.py for tasks to queue
[2026-04-23T22:00:50.860+0000] {logging_mixin.py:190} INFO - [2026-04-23T22:00:50.859+0000] {dagbag.py:588} INFO - Filling up the DagBag from /opt/airflow/dags/daily_chek.py
[2026-04-23T22:00:50.885+0000] {processor.py:925} INFO - DAG(s) 'daily_check' retrieved from /opt/airflow/dags/daily_chek.py
[2026-04-23T22:00:50.927+0000] {logging_mixin.py:190} INFO - [2026-04-23T22:00:50.927+0000] {dag.py:3239} INFO - Sync 1 DAGs
[2026-04-23T22:00:50.969+0000] {logging_mixin.py:190} INFO - [2026-04-23T22:00:50.969+0000] {dag.py:4180} INFO - Setting next_dagrun for daily_check to 2026-04-23 00:00:00+00:00, run_after=2026-04-24 00:00:00+00:00
[2026-04-23T22:00:51.004+0000] {processor.py:208} INFO - Processing /opt/airflow/dags/daily_chek.py took 0.165 seconds
[2026-04-23T22:01:21.360+0000] {processor.py:186} INFO - Started process (PID=8644) to work on /opt/airflow/dags/daily_chek.py
[2026-04-23T22:01:21.362+0000] {processor.py:914} INFO - Processing file /opt/airflow/dags/daily_chek.py for tasks to queue
[2026-04-23T22:01:21.367+0000] {logging_mixin.py:190} INFO - [2026-04-23T22:01:21.366+0000] {dagbag.py:588} INFO - Filling up the DagBag from /opt/airflow/dags/daily_chek.py
[2026-04-23T22:01:21.400+0000] {processor.py:925} INFO - DAG(s) 'daily_check' retrieved from /opt/airflow/dags/daily_chek.py
[2026-04-23T22:01:21.468+0000] {logging_mixin.py:190} INFO - [2026-04-23T22:01:21.468+0000] {dag.py:3239} INFO - Sync 1 DAGs
[2026-04-23T22:01:21.501+0000] {logging_mixin.py:190} INFO - [2026-04-23T22:01:21.501+0000] {dag.py:4180} INFO - Setting next_dagrun for daily_check to 2026-04-23 00:00:00+00:00, run_after=2026-04-24 00:00:00+00:00
[2026-04-23T22:01:21.519+0000] {processor.py:208} INFO - Processing /opt/airflow/dags/daily_chek.py took 0.176 seconds
[2026-04-23T22:01:51.807+0000] {processor.py:186} INFO - Started process (PID=8665) to work on /opt/airflow/dags/daily_chek.py
[2026-04-23T22:01:51.808+0000] {processor.py:914} INFO - Processing file /opt/airflow/dags/daily_chek.py for tasks to queue
[2026-04-23T22:01:51.810+0000] {logging_mixin.py:190} INFO - [2026-04-23T22:01:51.809+0000] {dagbag.py:588} INFO - Filling up the DagBag from /opt/airflow/dags/daily_chek.py
[2026-04-23T22:01:51.822+0000] {processor.py:925} INFO - DAG(s) 'daily_check' retrieved from /opt/airflow/dags/daily_chek.py
[2026-04-23T22:01:51.849+0000] {logging_mixin.py:190} INFO - [2026-04-23T22:01:51.849+0000] {dag.py:3239} INFO - Sync 1 DAGs
[2026-04-23T22:01:51.882+0000] {logging_mixin.py:190} INFO - [2026-04-23T22:01:51.882+0000] {dag.py:4180} INFO - Setting next_dagrun for daily_check to 2026-04-23 00:00:00+00:00, run_after=2026-04-24 00:00:00+00:00
[2026-04-23T22:01:51.902+0000] {processor.py:208} INFO - Processing /opt/airflow/dags/daily_chek.py took 0.101 seconds
[2026-04-23T22:02:22.219+0000] {processor.py:186} INFO - Started process (PID=8686) to work on /opt/airflow/dags/daily_chek.py
[2026-04-23T22:02:22.220+0000] {processor.py:914} INFO - Processing file /opt/airflow/dags/daily_chek.py for tasks to queue
[2026-04-23T22:02:22.223+0000] {logging_mixin.py:190} INFO - [2026-04-23T22:02:22.223+0000] {dagbag.py:588} INFO - Filling up the DagBag from /opt/airflow/dags/daily_chek.py
[2026-04-23T22:02:22.237+0000] {processor.py:925} INFO - DAG(s) 'daily_check' retrieved from /opt/airflow/dags/daily_chek.py
[2026-04-23T22:02:22.266+0000] {logging_mixin.py:190} INFO - [2026-04-23T22:02:22.265+0000] {dag.py:3239} INFO - Sync 1 DAGs
[2026-04-23T22:02:22.297+0000] {logging_mixin.py:190} INFO - [2026-04-23T22:02:22.297+0000] {dag.py:4180} INFO - Setting next_dagrun for daily_check to 2026-04-23 00:00:00+00:00, run_after=2026-04-24 00:00:00+00:00
[2026-04-23T22:02:22.318+0000] {processor.py:208} INFO - Processing /opt/airflow/dags/daily_chek.py took 0.106 seconds
[2026-04-23T22:02:52.666+0000] {processor.py:186} INFO - Started process (PID=8707) to work on /opt/airflow/dags/daily_chek.py
[2026-04-23T22:02:52.668+0000] {processor.py:914} INFO - Processing file /opt/airflow/dags/daily_chek.py for tasks to queue
[2026-04-23T22:02:52.675+0000] {logging_mixin.py:190} INFO - [2026-04-23T22:02:52.674+0000] {dagbag.py:588} INFO - Filling up the DagBag from /opt/airflow/dags/daily_chek.py
[2026-04-23T22:02:52.712+0000] {processor.py:925} INFO - DAG(s) 'daily_check' retrieved from /opt/airflow/dags/daily_chek.py
[2026-04-23T22:02:52.783+0000] {logging_mixin.py:190} INFO - [2026-04-23T22:02:52.783+0000] {dag.py:3239} INFO - Sync 1 DAGs
[2026-04-23T22:02:52.819+0000] {logging_mixin.py:190} INFO - [2026-04-23T22:02:52.819+0000] {dag.py:4180} INFO - Setting next_dagrun for daily_check to 2026-04-23 00:00:00+00:00, run_after=2026-04-24 00:00:00+00:00
[2026-04-23T22:02:52.846+0000] {processor.py:208} INFO - Processing /opt/airflow/dags/daily_chek.py took 0.199 seconds
[2026-04-23T22:03:23.237+0000] {processor.py:186} INFO - Started process (PID=8728) to work on /opt/airflow/dags/daily_chek.py
[2026-04-23T22:03:23.240+0000] {processor.py:914} INFO - Processing file /opt/airflow/dags/daily_chek.py for tasks to queue
[2026-04-23T22:03:23.246+0000] {logging_mixin.py:190} INFO - [2026-04-23T22:03:23.245+0000] {dagbag.py:588} INFO - Filling up the DagBag from /opt/airflow/dags/daily_chek.py
[2026-04-23T22:03:23.280+0000] {processor.py:925} INFO - DAG(s) 'daily_check' retrieved from /opt/airflow/dags/daily_chek.py
[2026-04-23T22:03:23.340+0000] {logging_mixin.py:190} INFO - [2026-04-23T22:03:23.340+0000] {dag.py:3239} INFO - Sync 1 DAGs
[2026-04-23T22:03:23.369+0000] {logging_mixin.py:190} INFO - [2026-04-23T22:03:23.369+0000] {dag.py:4180} INFO - Setting next_dagrun for daily_check to 2026-04-23 00:00:00+00:00, run_after=2026-04-24 00:00:00+00:00
[2026-04-23T22:03:23.391+0000] {processor.py:208} INFO - Processing /opt/airflow/dags/daily_chek.py took 0.171 seconds
[2026-04-23T22:03:53.780+0000] {processor.py:186} INFO - Started process (PID=8749) to work on /opt/airflow/dags/daily_chek.py
[2026-04-23T22:03:53.782+0000] {processor.py:914} INFO - Processing file /opt/airflow/dags/daily_chek.py for tasks to queue
[2026-04-23T22:03:53.791+0000] {logging_mixin.py:190} INFO - [2026-04-23T22:03:53.789+0000] {dagbag.py:588} INFO - Filling up the DagBag from /opt/airflow/dags/daily_chek.py
[2026-04-23T22:03:53.831+0000] {processor.py:925} INFO - DAG(s) 'daily_check' retrieved from /opt/airflow/dags/daily_chek.py
[2026-04-23T22:03:53.869+0000] {logging_mixin.py:190} INFO - [2026-04-23T22:03:53.869+0000] {dag.py:3239} INFO - Sync 1 DAGs
[2026-04-23T22:03:53.906+0000] {logging_mixin.py:190} INFO - [2026-04-23T22:03:53.905+0000] {dag.py:4180} INFO - Setting next_dagrun for daily_check to 2026-04-23 00:00:00+00:00, run_after=2026-04-24 00:00:00+00:00
[2026-04-23T22:03:53.930+0000] {processor.py:208} INFO - Processing /opt/airflow/dags/daily_chek.py took 0.173 seconds
[2026-04-23T22:04:24.279+0000] {processor.py:186} INFO - Started process (PID=8770) to work on /opt/airflow/dags/daily_chek.py
[2026-04-23T22:04:24.281+0000] {processor.py:914} INFO - Processing file /opt/airflow/dags/daily_chek.py for tasks to queue
[2026-04-23T22:04:24.286+0000] {logging_mixin.py:190} INFO - [2026-04-23T22:04:24.285+0000] {dagbag.py:588} INFO - Filling up the DagBag from /opt/airflow/dags/daily_chek.py
[2026-04-23T22:04:24.319+0000] {processor.py:925} INFO - DAG(s) 'daily_check' retrieved from /opt/airflow/dags/daily_chek.py
[2026-04-23T22:04:24.388+0000] {logging_mixin.py:190} INFO - [2026-04-23T22:04:24.387+0000] {dag.py:3239} INFO - Sync 1 DAGs
[2026-04-23T22:04:24.470+0000] {logging_mixin.py:190} INFO - [2026-04-23T22:04:24.469+0000] {dag.py:4180} INFO - Setting next_dagrun for daily_check to 2026-04-23 00:00:00+00:00, run_after=2026-04-24 00:00:00+00:00
[2026-04-23T22:04:24.519+0000] {processor.py:208} INFO - Processing /opt/airflow/dags/daily_chek.py took 0.256 seconds
[2026-04-23T22:04:54.907+0000] {processor.py:186} INFO - Started process (PID=8791) to work on /opt/airflow/dags/daily_chek.py
[2026-04-23T22:04:54.909+0000] {processor.py:914} INFO - Processing file /opt/airflow/dags/daily_chek.py for tasks to queue
[2026-04-23T22:04:54.916+0000] {logging_mixin.py:190} INFO - [2026-04-23T22:04:54.915+0000] {dagbag.py:588} INFO - Filling up the DagBag from /opt/airflow/dags/daily_chek.py
[2026-04-23T22:04:54.949+0000] {processor.py:925} INFO - DAG(s) 'daily_check' retrieved from /opt/airflow/dags/daily_chek.py
[2026-04-23T22:04:55.018+0000] {logging_mixin.py:190} INFO - [2026-04-23T22:04:55.017+0000] {dag.py:3239} INFO - Sync 1 DAGs
[2026-04-23T22:04:55.071+0000] {logging_mixin.py:190} INFO - [2026-04-23T22:04:55.070+0000] {dag.py:4180} INFO - Setting next_dagrun for daily_check to 2026-04-23 00:00:00+00:00, run_after=2026-04-24 00:00:00+00:00
[2026-04-23T22:04:55.093+0000] {processor.py:208} INFO - Processing /opt/airflow/dags/daily_chek.py took 0.203 seconds
[2026-04-23T22:05:25.439+0000] {processor.py:186} INFO - Started process (PID=8812) to work on /opt/airflow/dags/daily_chek.py
[2026-04-23T22:05:25.441+0000] {processor.py:914} INFO - Processing file /opt/airflow/dags/daily_chek.py for tasks to queue
[2026-04-23T22:05:25.448+0000] {logging_mixin.py:190} INFO - [2026-04-23T22:05:25.447+0000] {dagbag.py:588} INFO - Filling up the DagBag from /opt/airflow/dags/daily_chek.py
[2026-04-23T22:05:25.482+0000] {processor.py:925} INFO - DAG(s) 'daily_check' retrieved from /opt/airflow/dags/daily_chek.py
[2026-04-23T22:05:25.556+0000] {logging_mixin.py:190} INFO - [2026-04-23T22:05:25.555+0000] {dag.py:3239} INFO - Sync 1 DAGs
[2026-04-23T22:05:25.631+0000] {logging_mixin.py:190} INFO - [2026-04-23T22:05:25.630+0000] {dag.py:4180} INFO - Setting next_dagrun for daily_check to 2026-04-23 00:00:00+00:00, run_after=2026-04-24 00:00:00+00:00
[2026-04-23T22:05:25.677+0000] {processor.py:208} INFO - Processing /opt/airflow/dags/daily_chek.py took 0.256 seconds
[2026-04-23T22:05:56.062+0000] {processor.py:186} INFO - Started process (PID=8833) to work on /opt/airflow/dags/daily_chek.py
[2026-04-23T22:05:56.064+0000] {processor.py:914} INFO - Processing file /opt/airflow/dags/daily_chek.py for tasks to queue
[2026-04-23T22:05:56.070+0000] {logging_mixin.py:190} INFO - [2026-04-23T22:05:56.069+0000] {dagbag.py:588} INFO - Filling up the DagBag from /opt/airflow/dags/daily_chek.py
[2026-04-23T22:05:56.104+0000] {processor.py:925} INFO - DAG(s) 'daily_check' retrieved from /opt/airflow/dags/daily_chek.py
[2026-04-23T22:05:56.177+0000] {logging_mixin.py:190} INFO - [2026-04-23T22:05:56.177+0000] {dag.py:3239} INFO - Sync 1 DAGs
[2026-04-23T22:05:56.213+0000] {logging_mixin.py:190} INFO - [2026-04-23T22:05:56.213+0000] {dag.py:4180} INFO - Setting next_dagrun for daily_check to 2026-04-23 00:00:00+00:00, run_after=2026-04-24 00:00:00+00:00
[2026-04-23T22:05:56.230+0000] {processor.py:208} INFO - Processing /opt/airflow/dags/daily_chek.py took 0.187 seconds
[2026-04-23T22:06:26.575+0000] {processor.py:186} INFO - Started process (PID=8854) to work on /opt/airflow/dags/daily_chek.py
[2026-04-23T22:06:26.577+0000] {processor.py:914} INFO - Processing file /opt/airflow/dags/daily_chek.py for tasks to queue
[2026-04-23T22:06:26.583+0000] {logging_mixin.py:190} INFO - [2026-04-23T22:06:26.582+0000] {dagbag.py:588} INFO - Filling up the DagBag from /opt/airflow/dags/daily_chek.py
[2026-04-23T22:06:26.617+0000] {processor.py:925} INFO - DAG(s) 'daily_check' retrieved from /opt/airflow/dags/daily_chek.py
[2026-04-23T22:06:26.692+0000] {logging_mixin.py:190} INFO - [2026-04-23T22:06:26.692+0000] {dag.py:3239} INFO - Sync 1 DAGs
[2026-04-23T22:06:26.733+0000] {logging_mixin.py:190} INFO - [2026-04-23T22:06:26.733+0000] {dag.py:4180} INFO - Setting next_dagrun for daily_check to 2026-04-23 00:00:00+00:00, run_after=2026-04-24 00:00:00+00:00
[2026-04-23T22:06:26.755+0000] {processor.py:208} INFO - Processing /opt/airflow/dags/daily_chek.py took 0.202 seconds
[2026-04-23T22:06:57.097+0000] {processor.py:186} INFO - Started process (PID=8875) to work on /opt/airflow/dags/daily_chek.py
[2026-04-23T22:06:57.100+0000] {processor.py:914} INFO - Processing file /opt/airflow/dags/daily_chek.py for tasks to queue
[2026-04-23T22:06:57.106+0000] {logging_mixin.py:190} INFO - [2026-04-23T22:06:57.105+0000] {dagbag.py:588} INFO - Filling up the DagBag from /opt/airflow/dags/daily_chek.py
[2026-04-23T22:06:57.141+0000] {processor.py:925} INFO - DAG(s) 'daily_check' retrieved from /opt/airflow/dags/daily_chek.py
[2026-04-23T22:06:57.209+0000] {logging_mixin.py:190} INFO - [2026-04-23T22:06:57.208+0000] {dag.py:3239} INFO - Sync 1 DAGs
[2026-04-23T22:06:57.242+0000] {logging_mixin.py:190} INFO - [2026-04-23T22:06:57.242+0000] {dag.py:4180} INFO - Setting next_dagrun for daily_check to 2026-04-23 00:00:00+00:00, run_after=2026-04-24 00:00:00+00:00
[2026-04-23T22:06:57.271+0000] {processor.py:208} INFO - Processing /opt/airflow/dags/daily_chek.py took 0.191 seconds
[2026-04-23T22:07:27.614+0000] {processor.py:186} INFO - Started process (PID=8896) to work on /opt/airflow/dags/daily_chek.py
[2026-04-23T22:07:27.616+0000] {processor.py:914} INFO - Processing file /opt/airflow/dags/daily_chek.py for tasks to queue
[2026-04-23T22:07:27.622+0000] {logging_mixin.py:190} INFO - [2026-04-23T22:07:27.621+0000] {dagbag.py:588} INFO - Filling up the DagBag from /opt/airflow/dags/daily_chek.py
[2026-04-23T22:07:27.657+0000] {processor.py:925} INFO - DAG(s) 'daily_check' retrieved from /opt/airflow/dags/daily_chek.py
[2026-04-23T22:07:27.724+0000] {logging_mixin.py:190} INFO - [2026-04-23T22:07:27.723+0000] {dag.py:3239} INFO - Sync 1 DAGs
[2026-04-23T22:07:27.758+0000] {logging_mixin.py:190} INFO - [2026-04-23T22:07:27.758+0000] {dag.py:4180} INFO - Setting next_dagrun for daily_check to 2026-04-23 00:00:00+00:00, run_after=2026-04-24 00:00:00+00:00
[2026-04-23T22:07:27.786+0000] {processor.py:208} INFO - Processing /opt/airflow/dags/daily_chek.py took 0.189 seconds
[2026-04-23T22:07:58.143+0000] {processor.py:186} INFO - Started process (PID=8917) to work on /opt/airflow/dags/daily_chek.py
[2026-04-23T22:07:58.146+0000] {processor.py:914} INFO - Processing file /opt/airflow/dags/daily_chek.py for tasks to queue
[2026-04-23T22:07:58.153+0000] {logging_mixin.py:190} INFO - [2026-04-23T22:07:58.152+0000] {dagbag.py:588} INFO - Filling up the DagBag from /opt/airflow/dags/daily_chek.py
[2026-04-23T22:07:58.193+0000] {processor.py:925} INFO - DAG(s) 'daily_check' retrieved from /opt/airflow/dags/daily_chek.py
[2026-04-23T22:07:58.265+0000] {logging_mixin.py:190} INFO - [2026-04-23T22:07:58.264+0000] {dag.py:3239} INFO - Sync 1 DAGs
[2026-04-23T22:07:58.344+0000] {logging_mixin.py:190} INFO - [2026-04-23T22:07:58.344+0000] {dag.py:4180} INFO - Setting next_dagrun for daily_check to 2026-04-23 00:00:00+00:00, run_after=2026-04-24 00:00:00+00:00
[2026-04-23T22:07:58.404+0000] {processor.py:208} INFO - Processing /opt/airflow/dags/daily_chek.py took 0.277 seconds
[2026-04-23T22:08:28.792+0000] {processor.py:186} INFO - Started process (PID=8938) to work on /opt/airflow/dags/daily_chek.py
[2026-04-23T22:08:28.794+0000] {processor.py:914} INFO - Processing file /opt/airflow/dags/daily_chek.py for tasks to queue
[2026-04-23T22:08:28.802+0000] {logging_mixin.py:190} INFO - [2026-04-23T22:08:28.801+0000] {dagbag.py:588} INFO - Filling up the DagBag from /opt/airflow/dags/daily_chek.py
[2026-04-23T22:08:28.834+0000] {processor.py:925} INFO - DAG(s) 'daily_check' retrieved from /opt/airflow/dags/daily_chek.py
[2026-04-23T22:08:28.910+0000] {logging_mixin.py:190} INFO - [2026-04-23T22:08:28.910+0000] {dag.py:3239} INFO - Sync 1 DAGs
[2026-04-23T22:08:28.960+0000] {logging_mixin.py:190} INFO - [2026-04-23T22:08:28.960+0000] {dag.py:4180} INFO - Setting next_dagrun for daily_check to 2026-04-23 00:00:00+00:00, run_after=2026-04-24 00:00:00+00:00
[2026-04-23T22:08:28.993+0000] {processor.py:208} INFO - Processing /opt/airflow/dags/daily_chek.py took 0.222 seconds
[2026-04-23T22:08:59.355+0000] {processor.py:186} INFO - Started process (PID=8959) to work on /opt/airflow/dags/daily_chek.py
[2026-04-23T22:08:59.357+0000] {processor.py:914} INFO - Processing file /opt/airflow/dags/daily_chek.py for tasks to queue
[2026-04-23T22:08:59.364+0000] {logging_mixin.py:190} INFO - [2026-04-23T22:08:59.363+0000] {dagbag.py:588} INFO - Filling up the DagBag from /opt/airflow/dags/daily_chek.py
[2026-04-23T22:08:59.399+0000] {processor.py:925} INFO - DAG(s) 'daily_check' retrieved from /opt/airflow/dags/daily_chek.py
[2026-04-23T22:08:59.461+0000] {logging_mixin.py:190} INFO - [2026-04-23T22:08:59.461+0000] {dag.py:3239} INFO - Sync 1 DAGs
[2026-04-23T22:08:59.497+0000] {logging_mixin.py:190} INFO - [2026-04-23T22:08:59.497+0000] {dag.py:4180} INFO - Setting next_dagrun for daily_check to 2026-04-23 00:00:00+00:00, run_after=2026-04-24 00:00:00+00:00
[2026-04-23T22:08:59.518+0000] {processor.py:208} INFO - Processing /opt/airflow/dags/daily_chek.py took 0.185 seconds
[2026-04-23T22:09:29.861+0000] {processor.py:186} INFO - Started process (PID=8980) to work on /opt/airflow/dags/daily_chek.py
[2026-04-23T22:09:29.863+0000] {processor.py:914} INFO - Processing file /opt/airflow/dags/daily_chek.py for tasks to queue
[2026-04-23T22:09:29.870+0000] {logging_mixin.py:190} INFO - [2026-04-23T22:09:29.869+0000] {dagbag.py:588} INFO - Filling up the DagBag from /opt/airflow/dags/daily_chek.py
[2026-04-23T22:09:29.911+0000] {processor.py:925} INFO - DAG(s) 'daily_check' retrieved from /opt/airflow/dags/daily_chek.py
[2026-04-23T22:09:29.982+0000] {logging_mixin.py:190} INFO - [2026-04-23T22:09:29.982+0000] {dag.py:3239} INFO - Sync 1 DAGs
[2026-04-23T22:09:30.018+0000] {logging_mixin.py:190} INFO - [2026-04-23T22:09:30.017+0000] {dag.py:4180} INFO - Setting next_dagrun for daily_check to 2026-04-23 00:00:00+00:00, run_after=2026-04-24 00:00:00+00:00
[2026-04-23T22:09:30.036+0000] {processor.py:208} INFO - Processing /opt/airflow/dags/daily_chek.py took 0.194 seconds
[2026-04-23T22:10:00.382+0000] {processor.py:186} INFO - Started process (PID=9001) to work on /opt/airflow/dags/daily_chek.py
[2026-04-23T22:10:00.384+0000] {processor.py:914} INFO - Processing file /opt/airflow/dags/daily_chek.py for tasks to queue
[2026-04-23T22:10:00.391+0000] {logging_mixin.py:190} INFO - [2026-04-23T22:10:00.390+0000] {dagbag.py:588} INFO - Filling up the DagBag from /opt/airflow/dags/daily_chek.py
[2026-04-23T22:10:00.428+0000] {processor.py:925} INFO - DAG(s) 'daily_check' retrieved from /opt/airflow/dags/daily_chek.py
[2026-04-23T22:10:00.496+0000] {logging_mixin.py:190} INFO - [2026-04-23T22:10:00.496+0000] {dag.py:3239} INFO - Sync 1 DAGs
[2026-04-23T22:10:00.533+0000] {logging_mixin.py:190} INFO - [2026-04-23T22:10:00.533+0000] {dag.py:4180} INFO - Setting next_dagrun for daily_check to 2026-04-23 00:00:00+00:00, run_after=2026-04-24 00:00:00+00:00
[2026-04-23T22:10:00.553+0000] {processor.py:208} INFO - Processing /opt/airflow/dags/daily_chek.py took 0.189 seconds
[2026-04-23T22:10:30.899+0000] {processor.py:186} INFO - Started process (PID=9022) to work on /opt/airflow/dags/daily_chek.py
[2026-04-23T22:10:30.902+0000] {processor.py:914} INFO - Processing file /opt/airflow/dags/daily_chek.py for tasks to queue
[2026-04-23T22:10:30.908+0000] {logging_mixin.py:190} INFO - [2026-04-23T22:10:30.907+0000] {dagbag.py:588} INFO - Filling up the DagBag from /opt/airflow/dags/daily_chek.py
[2026-04-23T22:10:30.947+0000] {processor.py:925} INFO - DAG(s) 'daily_check' retrieved from /opt/airflow/dags/daily_chek.py
[2026-04-23T22:10:31.020+0000] {logging_mixin.py:190} INFO - [2026-04-23T22:10:31.019+0000] {dag.py:3239} INFO - Sync 1 DAGs
[2026-04-23T22:10:31.051+0000] {logging_mixin.py:190} INFO - [2026-04-23T22:10:31.051+0000] {dag.py:4180} INFO - Setting next_dagrun for daily_check to 2026-04-23 00:00:00+00:00, run_after=2026-04-24 00:00:00+00:00
[2026-04-23T22:10:31.068+0000] {processor.py:208} INFO - Processing /opt/airflow/dags/daily_chek.py took 0.188 seconds
[2026-04-23T22:11:01.427+0000] {processor.py:186} INFO - Started process (PID=9043) to work on /opt/airflow/dags/daily_chek.py
[2026-04-23T22:11:01.429+0000] {processor.py:914} INFO - Processing file /opt/airflow/dags/daily_chek.py for tasks to queue
[2026-04-23T22:11:01.435+0000] {logging_mixin.py:190} INFO - [2026-04-23T22:11:01.434+0000] {dagbag.py:588} INFO - Filling up the DagBag from /opt/airflow/dags/daily_chek.py
[2026-04-23T22:11:01.474+0000] {processor.py:925} INFO - DAG(s) 'daily_check' retrieved from /opt/airflow/dags/daily_chek.py
[2026-04-23T22:11:01.534+0000] {logging_mixin.py:190} INFO - [2026-04-23T22:11:01.533+0000] {dag.py:3239} INFO - Sync 1 DAGs
[2026-04-23T22:11:01.567+0000] {logging_mixin.py:190} INFO - [2026-04-23T22:11:01.567+0000] {dag.py:4180} INFO - Setting next_dagrun for daily_check to 2026-04-23 00:00:00+00:00, run_after=2026-04-24 00:00:00+00:00
[2026-04-23T22:11:01.606+0000] {processor.py:208} INFO - Processing /opt/airflow/dags/daily_chek.py took 0.197 seconds
[2026-04-23T22:11:31.996+0000] {processor.py:186} INFO - Started process (PID=9064) to work on /opt/airflow/dags/daily_chek.py
[2026-04-23T22:11:31.999+0000] {processor.py:914} INFO - Processing file /opt/airflow/dags/daily_chek.py for tasks to queue
[2026-04-23T22:11:32.010+0000] {logging_mixin.py:190} INFO - [2026-04-23T22:11:32.008+0000] {dagbag.py:588} INFO - Filling up the DagBag from /opt/airflow/dags/daily_chek.py
[2026-04-23T22:11:32.050+0000] {processor.py:925} INFO - DAG(s) 'daily_check' retrieved from /opt/airflow/dags/daily_chek.py
[2026-04-23T22:11:32.098+0000] {logging_mixin.py:190} INFO - [2026-04-23T22:11:32.098+0000] {dag.py:3239} INFO - Sync 1 DAGs
[2026-04-23T22:11:32.128+0000] {logging_mixin.py:190} INFO - [2026-04-23T22:11:32.128+0000] {dag.py:4180} INFO - Setting next_dagrun for daily_check to 2026-04-23 00:00:00+00:00, run_after=2026-04-24 00:00:00+00:00
[2026-04-23T22:11:32.150+0000] {processor.py:208} INFO - Processing /opt/airflow/dags/daily_chek.py took 0.181 seconds
[2026-04-23T22:12:02.500+0000] {processor.py:186} INFO - Started process (PID=9085) to work on /opt/airflow/dags/daily_chek.py
[2026-04-23T22:12:02.503+0000] {processor.py:914} INFO - Processing file /opt/airflow/dags/daily_chek.py for tasks to queue
[2026-04-23T22:12:02.510+0000] {logging_mixin.py:190} INFO - [2026-04-23T22:12:02.510+0000] {dagbag.py:588} INFO - Filling up the DagBag from /opt/airflow/dags/daily_chek.py
[2026-04-23T22:12:02.553+0000] {processor.py:925} INFO - DAG(s) 'daily_check' retrieved from /opt/airflow/dags/daily_chek.py
[2026-04-23T22:12:02.603+0000] {logging_mixin.py:190} INFO - [2026-04-23T22:12:02.602+0000] {dag.py:3239} INFO - Sync 1 DAGs
[2026-04-23T22:12:02.638+0000] {logging_mixin.py:190} INFO - [2026-04-23T22:12:02.637+0000] {dag.py:4180} INFO - Setting next_dagrun for daily_check to 2026-04-23 00:00:00+00:00, run_after=2026-04-24 00:00:00+00:00
[2026-04-23T22:12:02.659+0000] {processor.py:208} INFO - Processing /opt/airflow/dags/daily_chek.py took 0.176 seconds
[2026-04-23T22:12:33.014+0000] {processor.py:186} INFO - Started process (PID=9106) to work on /opt/airflow/dags/daily_chek.py
[2026-04-23T22:12:33.019+0000] {processor.py:914} INFO - Processing file /opt/airflow/dags/daily_chek.py for tasks to queue
[2026-04-23T22:12:33.025+0000] {logging_mixin.py:190} INFO - [2026-04-23T22:12:33.024+0000] {dagbag.py:588} INFO - Filling up the DagBag from /opt/airflow/dags/daily_chek.py
[2026-04-23T22:12:33.066+0000] {processor.py:925} INFO - DAG(s) 'daily_check' retrieved from /opt/airflow/dags/daily_chek.py
[2026-04-23T22:12:33.144+0000] {logging_mixin.py:190} INFO - [2026-04-23T22:12:33.143+0000] {dag.py:3239} INFO - Sync 1 DAGs
[2026-04-23T22:12:33.209+0000] {logging_mixin.py:190} INFO - [2026-04-23T22:12:33.209+0000] {dag.py:4180} INFO - Setting next_dagrun for daily_check to 2026-04-23 00:00:00+00:00, run_after=2026-04-24 00:00:00+00:00
[2026-04-23T22:12:33.237+0000] {processor.py:208} INFO - Processing /opt/airflow/dags/daily_chek.py took 0.244 seconds
[2026-04-23T22:13:03.585+0000] {processor.py:186} INFO - Started process (PID=9127) to work on /opt/airflow/dags/daily_chek.py
[2026-04-23T22:13:03.586+0000] {processor.py:914} INFO - Processing file /opt/airflow/dags/daily_chek.py for tasks to queue
[2026-04-23T22:13:03.592+0000] {logging_mixin.py:190} INFO - [2026-04-23T22:13:03.591+0000] {dagbag.py:588} INFO - Filling up the DagBag from /opt/airflow/dags/daily_chek.py
[2026-04-23T22:13:03.635+0000] {processor.py:925} INFO - DAG(s) 'daily_check' retrieved from /opt/airflow/dags/daily_chek.py
[2026-04-23T22:13:03.706+0000] {logging_mixin.py:190} INFO - [2026-04-23T22:13:03.705+0000] {dag.py:3239} INFO - Sync 1 DAGs
[2026-04-23T22:13:03.791+0000] {logging_mixin.py:190} INFO - [2026-04-23T22:13:03.790+0000] {dag.py:4180} INFO - Setting next_dagrun for daily_check to 2026-04-23 00:00:00+00:00, run_after=2026-04-24 00:00:00+00:00
[2026-04-23T22:13:03.848+0000] {processor.py:208} INFO - Processing /opt/airflow/dags/daily_chek.py took 0.283 seconds
[2026-04-23T22:13:34.657+0000] {processor.py:186} INFO - Started process (PID=9148) to work on /opt/airflow/dags/daily_chek.py
[2026-04-23T22:13:34.659+0000] {processor.py:914} INFO - Processing file /opt/airflow/dags/daily_chek.py for tasks to queue
[2026-04-23T22:13:34.667+0000] {logging_mixin.py:190} INFO - [2026-04-23T22:13:34.666+0000] {dagbag.py:588} INFO - Filling up the DagBag from /opt/airflow/dags/daily_chek.py
[2026-04-23T22:13:34.708+0000] {processor.py:925} INFO - DAG(s) 'daily_check' retrieved from /opt/airflow/dags/daily_chek.py
[2026-04-23T22:13:34.773+0000] {logging_mixin.py:190} INFO - [2026-04-23T22:13:34.772+0000] {dag.py:3239} INFO - Sync 1 DAGs
[2026-04-23T22:13:34.809+0000] {logging_mixin.py:190} INFO - [2026-04-23T22:13:34.809+0000] {dag.py:4180} INFO - Setting next_dagrun for daily_check to 2026-04-23 00:00:00+00:00, run_after=2026-04-24 00:00:00+00:00
[2026-04-23T22:13:34.826+0000] {processor.py:208} INFO - Processing /opt/airflow/dags/daily_chek.py took 0.189 seconds
[2026-04-23T22:14:05.186+0000] {processor.py:186} INFO - Started process (PID=9169) to work on /opt/airflow/dags/daily_chek.py
[2026-04-23T22:14:05.188+0000] {processor.py:914} INFO - Processing file /opt/airflow/dags/daily_chek.py for tasks to queue
[2026-04-23T22:14:05.197+0000] {logging_mixin.py:190} INFO - [2026-04-23T22:14:05.196+0000] {dagbag.py:588} INFO - Filling up the DagBag from /opt/airflow/dags/daily_chek.py
[2026-04-23T22:14:05.232+0000] {processor.py:925} INFO - DAG(s) 'daily_check' retrieved from /opt/airflow/dags/daily_chek.py
[2026-04-23T22:14:05.299+0000] {logging_mixin.py:190} INFO - [2026-04-23T22:14:05.298+0000] {dag.py:3239} INFO - Sync 1 DAGs
[2026-04-23T22:14:05.380+0000] {logging_mixin.py:190} INFO - [2026-04-23T22:14:05.379+0000] {dag.py:4180} INFO - Setting next_dagrun for daily_check to 2026-04-23 00:00:00+00:00, run_after=2026-04-24 00:00:00+00:00
[2026-04-23T22:14:05.439+0000] {processor.py:208} INFO - Processing /opt/airflow/dags/daily_chek.py took 0.277 seconds
[2026-04-23T22:14:35.821+0000] {processor.py:186} INFO - Started process (PID=9190) to work on /opt/airflow/dags/daily_chek.py
[2026-04-23T22:14:35.824+0000] {processor.py:914} INFO - Processing file /opt/airflow/dags/daily_chek.py for tasks to queue
[2026-04-23T22:14:35.834+0000] {logging_mixin.py:190} INFO - [2026-04-23T22:14:35.832+0000] {dagbag.py:588} INFO - Filling up the DagBag from /opt/airflow/dags/daily_chek.py
[2026-04-23T22:14:35.876+0000] {processor.py:925} INFO - DAG(s) 'daily_check' retrieved from /opt/airflow/dags/daily_chek.py
[2026-04-23T22:14:35.908+0000] {logging_mixin.py:190} INFO - [2026-04-23T22:14:35.908+0000] {dag.py:3239} INFO - Sync 1 DAGs
[2026-04-23T22:14:35.935+0000] {logging_mixin.py:190} INFO - [2026-04-23T22:14:35.935+0000] {dag.py:4180} INFO - Setting next_dagrun for daily_check to 2026-04-23 00:00:00+00:00, run_after=2026-04-24 00:00:00+00:00
[2026-04-23T22:14:35.960+0000] {processor.py:208} INFO - Processing /opt/airflow/dags/daily_chek.py took 0.165 seconds
[2026-04-23T22:15:06.310+0000] {processor.py:186} INFO - Started process (PID=9211) to work on /opt/airflow/dags/daily_chek.py
[2026-04-23T22:15:06.312+0000] {processor.py:914} INFO - Processing file /opt/airflow/dags/daily_chek.py for tasks to queue
[2026-04-23T22:15:06.320+0000] {logging_mixin.py:190} INFO - [2026-04-23T22:15:06.319+0000] {dagbag.py:588} INFO - Filling up the DagBag from /opt/airflow/dags/daily_chek.py
[2026-04-23T22:15:06.358+0000] {processor.py:925} INFO - DAG(s) 'daily_check' retrieved from /opt/airflow/dags/daily_chek.py
[2026-04-23T22:15:06.410+0000] {logging_mixin.py:190} INFO - [2026-04-23T22:15:06.410+0000] {dag.py:3239} INFO - Sync 1 DAGs
[2026-04-23T22:15:06.442+0000] {logging_mixin.py:190} INFO - [2026-04-23T22:15:06.442+0000] {dag.py:4180} INFO - Setting next_dagrun for daily_check to 2026-04-23 00:00:00+00:00, run_after=2026-04-24 00:00:00+00:00
[2026-04-23T22:15:06.464+0000] {processor.py:208} INFO - Processing /opt/airflow/dags/daily_chek.py took 0.173 seconds
[2026-04-23T22:15:36.796+0000] {processor.py:186} INFO - Started process (PID=9232) to work on /opt/airflow/dags/daily_chek.py
[2026-04-23T22:15:36.799+0000] {processor.py:914} INFO - Processing file /opt/airflow/dags/daily_chek.py for tasks to queue
[2026-04-23T22:15:36.804+0000] {logging_mixin.py:190} INFO - [2026-04-23T22:15:36.803+0000] {dagbag.py:588} INFO - Filling up the DagBag from /opt/airflow/dags/daily_chek.py
[2026-04-23T22:15:36.849+0000] {processor.py:925} INFO - DAG(s) 'daily_check' retrieved from /opt/airflow/dags/daily_chek.py
[2026-04-23T22:15:36.900+0000] {logging_mixin.py:190} INFO - [2026-04-23T22:15:36.899+0000] {dag.py:3239} INFO - Sync 1 DAGs
[2026-04-23T22:15:36.934+0000] {logging_mixin.py:190} INFO - [2026-04-23T22:15:36.934+0000] {dag.py:4180} INFO - Setting next_dagrun for daily_check to 2026-04-23 00:00:00+00:00, run_after=2026-04-24 00:00:00+00:00
[2026-04-23T22:15:36.959+0000] {processor.py:208} INFO - Processing /opt/airflow/dags/daily_chek.py took 0.185 seconds
[2026-04-23T22:16:07.304+0000] {processor.py:186} INFO - Started process (PID=9253) to work on /opt/airflow/dags/daily_chek.py
[2026-04-23T22:16:07.305+0000] {processor.py:914} INFO - Processing file /opt/airflow/dags/daily_chek.py for tasks to queue
[2026-04-23T22:16:07.310+0000] {logging_mixin.py:190} INFO - [2026-04-23T22:16:07.310+0000] {dagbag.py:588} INFO - Filling up the DagBag from /opt/airflow/dags/daily_chek.py
[2026-04-23T22:16:07.341+0000] {processor.py:925} INFO - DAG(s) 'daily_check' retrieved from /opt/airflow/dags/daily_chek.py
[2026-04-23T22:16:07.401+0000] {logging_mixin.py:190} INFO - [2026-04-23T22:16:07.400+0000] {dag.py:3239} INFO - Sync 1 DAGs
[2026-04-23T22:16:07.431+0000] {logging_mixin.py:190} INFO - [2026-04-23T22:16:07.431+0000] {dag.py:4180} INFO - Setting next_dagrun for daily_check to 2026-04-23 00:00:00+00:00, run_after=2026-04-24 00:00:00+00:00
[2026-04-23T22:16:07.454+0000] {processor.py:208} INFO - Processing /opt/airflow/dags/daily_chek.py took 0.175 seconds
[2026-04-23T22:16:37.789+0000] {processor.py:186} INFO - Started process (PID=9274) to work on /opt/airflow/dags/daily_chek.py
[2026-04-23T22:16:37.792+0000] {processor.py:914} INFO - Processing file /opt/airflow/dags/daily_chek.py for tasks to queue
[2026-04-23T22:16:37.801+0000] {logging_mixin.py:190} INFO - [2026-04-23T22:16:37.799+0000] {dagbag.py:588} INFO - Filling up the DagBag from /opt/airflow/dags/daily_chek.py
[2026-04-23T22:16:37.837+0000] {processor.py:925} INFO - DAG(s) 'daily_check' retrieved from /opt/airflow/dags/daily_chek.py
[2026-04-23T22:16:37.906+0000] {logging_mixin.py:190} INFO - [2026-04-23T22:16:37.906+0000] {dag.py:3239} INFO - Sync 1 DAGs
[2026-04-23T22:16:37.941+0000] {logging_mixin.py:190} INFO - [2026-04-23T22:16:37.941+0000] {dag.py:4180} INFO - Setting next_dagrun for daily_check to 2026-04-23 00:00:00+00:00, run_after=2026-04-24 00:00:00+00:00
[2026-04-23T22:16:37.967+0000] {processor.py:208} INFO - Processing /opt/airflow/dags/daily_chek.py took 0.195 seconds
[2026-04-23T22:17:08.324+0000] {processor.py:186} INFO - Started process (PID=9295) to work on /opt/airflow/dags/daily_chek.py
[2026-04-23T22:17:08.326+0000] {processor.py:914} INFO - Processing file /opt/airflow/dags/daily_chek.py for tasks to queue
[2026-04-23T22:17:08.332+0000] {logging_mixin.py:190} INFO - [2026-04-23T22:17:08.331+0000] {dagbag.py:588} INFO - Filling up the DagBag from /opt/airflow/dags/daily_chek.py
[2026-04-23T22:17:08.369+0000] {processor.py:925} INFO - DAG(s) 'daily_check' retrieved from /opt/airflow/dags/daily_chek.py
[2026-04-23T22:17:08.447+0000] {logging_mixin.py:190} INFO - [2026-04-23T22:17:08.446+0000] {dag.py:3239} INFO - Sync 1 DAGs
[2026-04-23T22:17:08.525+0000] {logging_mixin.py:190} INFO - [2026-04-23T22:17:08.524+0000] {dag.py:4180} INFO - Setting next_dagrun for daily_check to 2026-04-23 00:00:00+00:00, run_after=2026-04-24 00:00:00+00:00
[2026-04-23T22:17:08.579+0000] {processor.py:208} INFO - Processing /opt/airflow/dags/daily_chek.py took 0.272 seconds
[2026-04-23T22:17:38.946+0000] {processor.py:186} INFO - Started process (PID=9316) to work on /opt/airflow/dags/daily_chek.py
[2026-04-23T22:17:38.948+0000] {processor.py:914} INFO - Processing file /opt/airflow/dags/daily_chek.py for tasks to queue
[2026-04-23T22:17:38.954+0000] {logging_mixin.py:190} INFO - [2026-04-23T22:17:38.953+0000] {dagbag.py:588} INFO - Filling up the DagBag from /opt/airflow/dags/daily_chek.py
[2026-04-23T22:17:38.985+0000] {processor.py:925} INFO - DAG(s) 'daily_check' retrieved from /opt/airflow/dags/daily_chek.py
[2026-04-23T22:17:39.076+0000] {logging_mixin.py:190} INFO - [2026-04-23T22:17:39.075+0000] {dag.py:3239} INFO - Sync 1 DAGs
[2026-04-23T22:17:39.109+0000] {logging_mixin.py:190} INFO - [2026-04-23T22:17:39.108+0000] {dag.py:4180} INFO - Setting next_dagrun for daily_check to 2026-04-23 00:00:00+00:00, run_after=2026-04-24 00:00:00+00:00
[2026-04-23T22:17:39.124+0000] {processor.py:208} INFO - Processing /opt/airflow/dags/daily_chek.py took 0.194 seconds
[2026-04-23T22:18:09.512+0000] {processor.py:186} INFO - Started process (PID=9337) to work on /opt/airflow/dags/daily_chek.py
[2026-04-23T22:18:09.515+0000] {processor.py:914} INFO - Processing file /opt/airflow/dags/daily_chek.py for tasks to queue
[2026-04-23T22:18:09.524+0000] {logging_mixin.py:190} INFO - [2026-04-23T22:18:09.523+0000] {dagbag.py:588} INFO - Filling up the DagBag from /opt/airflow/dags/daily_chek.py
[2026-04-23T22:18:09.562+0000] {processor.py:925} INFO - DAG(s) 'daily_check' retrieved from /opt/airflow/dags/daily_chek.py
[2026-04-23T22:18:09.595+0000] {logging_mixin.py:190} INFO - [2026-04-23T22:18:09.595+0000] {dag.py:3239} INFO - Sync 1 DAGs
[2026-04-23T22:18:09.622+0000] {logging_mixin.py:190} INFO - [2026-04-23T22:18:09.622+0000] {dag.py:4180} INFO - Setting next_dagrun for daily_check to 2026-04-23 00:00:00+00:00, run_after=2026-04-24 00:00:00+00:00
[2026-04-23T22:18:09.640+0000] {processor.py:208} INFO - Processing /opt/airflow/dags/daily_chek.py took 0.148 seconds
[2026-04-23T22:18:39.993+0000] {processor.py:186} INFO - Started process (PID=9358) to work on /opt/airflow/dags/daily_chek.py
[2026-04-23T22:18:39.996+0000] {processor.py:914} INFO - Processing file /opt/airflow/dags/daily_chek.py for tasks to queue
[2026-04-23T22:18:40.001+0000] {logging_mixin.py:190} INFO - [2026-04-23T22:18:40.000+0000] {dagbag.py:588} INFO - Filling up the DagBag from /opt/airflow/dags/daily_chek.py
[2026-04-23T22:18:40.038+0000] {processor.py:925} INFO - DAG(s) 'daily_check' retrieved from /opt/airflow/dags/daily_chek.py
[2026-04-23T22:18:40.112+0000] {logging_mixin.py:190} INFO - [2026-04-23T22:18:40.112+0000] {dag.py:3239} INFO - Sync 1 DAGs
[2026-04-23T22:18:40.149+0000] {logging_mixin.py:190} INFO - [2026-04-23T22:18:40.148+0000] {dag.py:4180} INFO - Setting next_dagrun for daily_check to 2026-04-23 00:00:00+00:00, run_after=2026-04-24 00:00:00+00:00
[2026-04-23T22:18:40.166+0000] {processor.py:208} INFO - Processing /opt/airflow/dags/daily_chek.py took 0.192 seconds
[2026-04-23T22:19:10.511+0000] {processor.py:186} INFO - Started process (PID=9379) to work on /opt/airflow/dags/daily_chek.py
[2026-04-23T22:19:10.513+0000] {processor.py:914} INFO - Processing file /opt/airflow/dags/daily_chek.py for tasks to queue
[2026-04-23T22:19:10.518+0000] {logging_mixin.py:190} INFO - [2026-04-23T22:19:10.517+0000] {dagbag.py:588} INFO - Filling up the DagBag from /opt/airflow/dags/daily_chek.py
[2026-04-23T22:19:10.552+0000] {processor.py:925} INFO - DAG(s) 'daily_check' retrieved from /opt/airflow/dags/daily_chek.py
[2026-04-23T22:19:10.624+0000] {logging_mixin.py:190} INFO - [2026-04-23T22:19:10.624+0000] {dag.py:3239} INFO - Sync 1 DAGs
[2026-04-23T22:19:10.710+0000] {logging_mixin.py:190} INFO - [2026-04-23T22:19:10.710+0000] {dag.py:4180} INFO - Setting next_dagrun for daily_check to 2026-04-23 00:00:00+00:00, run_after=2026-04-24 00:00:00+00:00
[2026-04-23T22:19:10.770+0000] {processor.py:208} INFO - Processing /opt/airflow/dags/daily_chek.py took 0.278 seconds
[2026-04-23T22:19:41.117+0000] {processor.py:186} INFO - Started process (PID=9400) to work on /opt/airflow/dags/daily_chek.py
[2026-04-23T22:19:41.119+0000] {processor.py:914} INFO - Processing file /opt/airflow/dags/daily_chek.py for tasks to queue
[2026-04-23T22:19:41.124+0000] {logging_mixin.py:190} INFO - [2026-04-23T22:19:41.124+0000] {dagbag.py:588} INFO - Filling up the DagBag from /opt/airflow/dags/daily_chek.py
[2026-04-23T22:19:41.155+0000] {processor.py:925} INFO - DAG(s) 'daily_check' retrieved from /opt/airflow/dags/daily_chek.py
[2026-04-23T22:19:41.235+0000] {logging_mixin.py:190} INFO - [2026-04-23T22:19:41.235+0000] {dag.py:3239} INFO - Sync 1 DAGs
[2026-04-23T22:19:41.280+0000] {logging_mixin.py:190} INFO - [2026-04-23T22:19:41.280+0000] {dag.py:4180} INFO - Setting next_dagrun for daily_check to 2026-04-23 00:00:00+00:00, run_after=2026-04-24 00:00:00+00:00
[2026-04-23T22:19:41.309+0000] {processor.py:208} INFO - Processing /opt/airflow/dags/daily_chek.py took 0.209 seconds
[2026-04-23T22:20:11.662+0000] {processor.py:186} INFO - Started process (PID=9421) to work on /opt/airflow/dags/daily_chek.py
[2026-04-23T22:20:11.664+0000] {processor.py:914} INFO - Processing file /opt/airflow/dags/daily_chek.py for tasks to queue
[2026-04-23T22:20:11.670+0000] {logging_mixin.py:190} INFO - [2026-04-23T22:20:11.669+0000] {dagbag.py:588} INFO - Filling up the DagBag from /opt/airflow/dags/daily_chek.py
[2026-04-23T22:20:11.709+0000] {processor.py:925} INFO - DAG(s) 'daily_check' retrieved from /opt/airflow/dags/daily_chek.py
[2026-04-23T22:20:11.774+0000] {logging_mixin.py:190} INFO - [2026-04-23T22:20:11.774+0000] {dag.py:3239} INFO - Sync 1 DAGs
[2026-04-23T22:20:11.803+0000] {logging_mixin.py:190} INFO - [2026-04-23T22:20:11.803+0000] {dag.py:4180} INFO - Setting next_dagrun for daily_check to 2026-04-23 00:00:00+00:00, run_after=2026-04-24 00:00:00+00:00
[2026-04-23T22:20:11.821+0000] {processor.py:208} INFO - Processing /opt/airflow/dags/daily_chek.py took 0.176 seconds
[2026-04-23T22:20:42.163+0000] {processor.py:186} INFO - Started process (PID=9442) to work on /opt/airflow/dags/daily_chek.py
[2026-04-23T22:20:42.165+0000] {processor.py:914} INFO - Processing file /opt/airflow/dags/daily_chek.py for tasks to queue
[2026-04-23T22:20:42.172+0000] {logging_mixin.py:190} INFO - [2026-04-23T22:20:42.170+0000] {dagbag.py:588} INFO - Filling up the DagBag from /opt/airflow/dags/daily_chek.py
[2026-04-23T22:20:42.213+0000] {processor.py:925} INFO - DAG(s) 'daily_check' retrieved from /opt/airflow/dags/daily_chek.py
[2026-04-23T22:20:42.285+0000] {logging_mixin.py:190} INFO - [2026-04-23T22:20:42.285+0000] {dag.py:3239} INFO - Sync 1 DAGs
[2026-04-23T22:20:42.375+0000] {logging_mixin.py:190} INFO - [2026-04-23T22:20:42.374+0000] {dag.py:4180} INFO - Setting next_dagrun for daily_check to 2026-04-23 00:00:00+00:00, run_after=2026-04-24 00:00:00+00:00
[2026-04-23T22:20:42.436+0000] {processor.py:208} INFO - Processing /opt/airflow/dags/daily_chek.py took 0.291 seconds
[2026-04-23T22:21:12.808+0000] {processor.py:186} INFO - Started process (PID=9464) to work on /opt/airflow/dags/daily_chek.py
[2026-04-23T22:21:12.811+0000] {processor.py:914} INFO - Processing file /opt/airflow/dags/daily_chek.py for tasks to queue
[2026-04-23T22:21:12.819+0000] {logging_mixin.py:190} INFO - [2026-04-23T22:21:12.818+0000] {dagbag.py:588} INFO - Filling up the DagBag from /opt/airflow/dags/daily_chek.py
[2026-04-23T22:21:12.854+0000] {processor.py:925} INFO - DAG(s) 'daily_check' retrieved from /opt/airflow/dags/daily_chek.py
[2026-04-23T22:21:12.924+0000] {logging_mixin.py:190} INFO - [2026-04-23T22:21:12.923+0000] {dag.py:3239} INFO - Sync 1 DAGs
[2026-04-23T22:21:13.008+0000] {logging_mixin.py:190} INFO - [2026-04-23T22:21:13.008+0000] {dag.py:4180} INFO - Setting next_dagrun for daily_check to 2026-04-23 00:00:00+00:00, run_after=2026-04-24 00:00:00+00:00
[2026-04-23T22:21:13.067+0000] {processor.py:208} INFO - Processing /opt/airflow/dags/daily_chek.py took 0.279 seconds
[2026-04-23T22:21:43.439+0000] {processor.py:186} INFO - Started process (PID=9485) to work on /opt/airflow/dags/daily_chek.py
[2026-04-23T22:21:43.441+0000] {processor.py:914} INFO - Processing file /opt/airflow/dags/daily_chek.py for tasks to queue
[2026-04-23T22:21:43.451+0000] {logging_mixin.py:190} INFO - [2026-04-23T22:21:43.450+0000] {dagbag.py:588} INFO - Filling up the DagBag from /opt/airflow/dags/daily_chek.py
[2026-04-23T22:21:43.489+0000] {processor.py:925} INFO - DAG(s) 'daily_check' retrieved from /opt/airflow/dags/daily_chek.py
[2026-04-23T22:21:43.543+0000] {logging_mixin.py:190} INFO - [2026-04-23T22:21:43.542+0000] {dag.py:3239} INFO - Sync 1 DAGs
[2026-04-23T22:21:43.577+0000] {logging_mixin.py:190} INFO - [2026-04-23T22:21:43.576+0000] {dag.py:4180} INFO - Setting next_dagrun for daily_check to 2026-04-23 00:00:00+00:00, run_after=2026-04-24 00:00:00+00:00
[2026-04-23T22:21:43.597+0000] {processor.py:208} INFO - Processing /opt/airflow/dags/daily_chek.py took 0.178 seconds
[2026-04-23T22:22:13.944+0000] {processor.py:186} INFO - Started process (PID=9506) to work on /opt/airflow/dags/daily_chek.py
[2026-04-23T22:22:13.946+0000] {processor.py:914} INFO - Processing file /opt/airflow/dags/daily_chek.py for tasks to queue
[2026-04-23T22:22:13.953+0000] {logging_mixin.py:190} INFO - [2026-04-23T22:22:13.951+0000] {dagbag.py:588} INFO - Filling up the DagBag from /opt/airflow/dags/daily_chek.py
[2026-04-23T22:22:13.998+0000] {processor.py:925} INFO - DAG(s) 'daily_check' retrieved from /opt/airflow/dags/daily_chek.py
[2026-04-23T22:22:14.072+0000] {logging_mixin.py:190} INFO - [2026-04-23T22:22:14.072+0000] {dag.py:3239} INFO - Sync 1 DAGs
[2026-04-23T22:22:14.133+0000] {logging_mixin.py:190} INFO - [2026-04-23T22:22:14.133+0000] {dag.py:4180} INFO - Setting next_dagrun for daily_check to 2026-04-23 00:00:00+00:00, run_after=2026-04-24 00:00:00+00:00
[2026-04-23T22:22:14.167+0000] {processor.py:208} INFO - Processing /opt/airflow/dags/daily_chek.py took 0.242 seconds
[2026-04-23T22:22:44.525+0000] {processor.py:186} INFO - Started process (PID=9527) to work on /opt/airflow/dags/daily_chek.py
[2026-04-23T22:22:44.527+0000] {processor.py:914} INFO - Processing file /opt/airflow/dags/daily_chek.py for tasks to queue
[2026-04-23T22:22:44.532+0000] {logging_mixin.py:190} INFO - [2026-04-23T22:22:44.531+0000] {dagbag.py:588} INFO - Filling up the DagBag from /opt/airflow/dags/daily_chek.py
[2026-04-23T22:22:44.570+0000] {processor.py:925} INFO - DAG(s) 'daily_check' retrieved from /opt/airflow/dags/daily_chek.py
[2026-04-23T22:22:44.654+0000] {logging_mixin.py:190} INFO - [2026-04-23T22:22:44.653+0000] {dag.py:3239} INFO - Sync 1 DAGs
[2026-04-23T22:22:44.727+0000] {logging_mixin.py:190} INFO - [2026-04-23T22:22:44.727+0000] {dag.py:4180} INFO - Setting next_dagrun for daily_check to 2026-04-23 00:00:00+00:00, run_after=2026-04-24 00:00:00+00:00
[2026-04-23T22:22:44.758+0000] {processor.py:208} INFO - Processing /opt/airflow/dags/daily_chek.py took 0.252 seconds
[2026-04-23T22:23:15.168+0000] {processor.py:186} INFO - Started process (PID=9554) to work on /opt/airflow/dags/daily_chek.py
[2026-04-23T22:23:15.171+0000] {processor.py:914} INFO - Processing file /opt/airflow/dags/daily_chek.py for tasks to queue
[2026-04-23T22:23:15.181+0000] {logging_mixin.py:190} INFO - [2026-04-23T22:23:15.179+0000] {dagbag.py:588} INFO - Filling up the DagBag from /opt/airflow/dags/daily_chek.py
[2026-04-23T22:23:15.226+0000] {processor.py:925} INFO - DAG(s) 'daily_check' retrieved from /opt/airflow/dags/daily_chek.py
[2026-04-23T22:23:15.315+0000] {logging_mixin.py:190} INFO - [2026-04-23T22:23:15.314+0000] {dag.py:3239} INFO - Sync 1 DAGs
[2026-04-23T22:23:15.397+0000] {logging_mixin.py:190} INFO - [2026-04-23T22:23:15.396+0000] {dag.py:4180} INFO - Setting next_dagrun for daily_check to 2026-04-23 00:00:00+00:00, run_after=2026-04-24 00:00:00+00:00
[2026-04-23T22:23:15.453+0000] {processor.py:208} INFO - Processing /opt/airflow/dags/daily_chek.py took 0.307 seconds
[2026-04-23T22:23:45.843+0000] {processor.py:186} INFO - Started process (PID=9575) to work on /opt/airflow/dags/daily_chek.py
[2026-04-23T22:23:45.846+0000] {processor.py:914} INFO - Processing file /opt/airflow/dags/daily_chek.py for tasks to queue
[2026-04-23T22:23:45.853+0000] {logging_mixin.py:190} INFO - [2026-04-23T22:23:45.852+0000] {dagbag.py:588} INFO - Filling up the DagBag from /opt/airflow/dags/daily_chek.py
[2026-04-23T22:23:45.880+0000] {processor.py:925} INFO - DAG(s) 'daily_check' retrieved from /opt/airflow/dags/daily_chek.py
[2026-04-23T22:23:45.909+0000] {logging_mixin.py:190} INFO - [2026-04-23T22:23:45.909+0000] {dag.py:3239} INFO - Sync 1 DAGs
[2026-04-23T22:23:45.934+0000] {logging_mixin.py:190} INFO - [2026-04-23T22:23:45.933+0000] {dag.py:4180} INFO - Setting next_dagrun for daily_check to 2026-04-23 00:00:00+00:00, run_after=2026-04-24 00:00:00+00:00
[2026-04-23T22:23:45.951+0000] {processor.py:208} INFO - Processing /opt/airflow/dags/daily_chek.py took 0.134 seconds
[2026-04-23T22:24:16.307+0000] {processor.py:186} INFO - Started process (PID=9596) to work on /opt/airflow/dags/daily_chek.py
[2026-04-23T22:24:16.310+0000] {processor.py:914} INFO - Processing file /opt/airflow/dags/daily_chek.py for tasks to queue
[2026-04-23T22:24:16.320+0000] {logging_mixin.py:190} INFO - [2026-04-23T22:24:16.319+0000] {dagbag.py:588} INFO - Filling up the DagBag from /opt/airflow/dags/daily_chek.py
[2026-04-23T22:24:16.361+0000] {processor.py:925} INFO - DAG(s) 'daily_check' retrieved from /opt/airflow/dags/daily_chek.py
[2026-04-23T22:24:16.407+0000] {logging_mixin.py:190} INFO - [2026-04-23T22:24:16.407+0000] {dag.py:3239} INFO - Sync 1 DAGs
[2026-04-23T22:24:16.433+0000] {logging_mixin.py:190} INFO - [2026-04-23T22:24:16.433+0000] {dag.py:4180} INFO - Setting next_dagrun for daily_check to 2026-04-23 00:00:00+00:00, run_after=2026-04-24 00:00:00+00:00
[2026-04-23T22:24:16.450+0000] {processor.py:208} INFO - Processing /opt/airflow/dags/daily_chek.py took 0.165 seconds
[2026-04-23T22:24:46.794+0000] {processor.py:186} INFO - Started process (PID=9617) to work on /opt/airflow/dags/daily_chek.py
[2026-04-23T22:24:46.796+0000] {processor.py:914} INFO - Processing file /opt/airflow/dags/daily_chek.py for tasks to queue
[2026-04-23T22:24:46.801+0000] {logging_mixin.py:190} INFO - [2026-04-23T22:24:46.800+0000] {dagbag.py:588} INFO - Filling up the DagBag from /opt/airflow/dags/daily_chek.py
[2026-04-23T22:24:46.842+0000] {processor.py:925} INFO - DAG(s) 'daily_check' retrieved from /opt/airflow/dags/daily_chek.py
[2026-04-23T22:24:46.889+0000] {logging_mixin.py:190} INFO - [2026-04-23T22:24:46.889+0000] {dag.py:3239} INFO - Sync 1 DAGs
[2026-04-23T22:24:46.918+0000] {logging_mixin.py:190} INFO - [2026-04-23T22:24:46.918+0000] {dag.py:4180} INFO - Setting next_dagrun for daily_check to 2026-04-23 00:00:00+00:00, run_after=2026-04-24 00:00:00+00:00
[2026-04-23T22:24:46.937+0000] {processor.py:208} INFO - Processing /opt/airflow/dags/daily_chek.py took 0.163 seconds
[2026-04-23T22:25:17.286+0000] {processor.py:186} INFO - Started process (PID=9638) to work on /opt/airflow/dags/daily_chek.py
[2026-04-23T22:25:17.288+0000] {processor.py:914} INFO - Processing file /opt/airflow/dags/daily_chek.py for tasks to queue
[2026-04-23T22:25:17.294+0000] {logging_mixin.py:190} INFO - [2026-04-23T22:25:17.293+0000] {dagbag.py:588} INFO - Filling up the DagBag from /opt/airflow/dags/daily_chek.py
[2026-04-23T22:25:17.329+0000] {processor.py:925} INFO - DAG(s) 'daily_check' retrieved from /opt/airflow/dags/daily_chek.py
[2026-04-23T22:25:17.400+0000] {logging_mixin.py:190} INFO - [2026-04-23T22:25:17.400+0000] {dag.py:3239} INFO - Sync 1 DAGs
[2026-04-23T22:25:17.428+0000] {logging_mixin.py:190} INFO - [2026-04-23T22:25:17.427+0000] {dag.py:4180} INFO - Setting next_dagrun for daily_check to 2026-04-23 00:00:00+00:00, run_after=2026-04-24 00:00:00+00:00
[2026-04-23T22:25:17.451+0000] {processor.py:208} INFO - Processing /opt/airflow/dags/daily_chek.py took 0.185 seconds
[2026-04-23T22:25:47.802+0000] {processor.py:186} INFO - Started process (PID=9659) to work on /opt/airflow/dags/daily_chek.py
[2026-04-23T22:25:47.804+0000] {processor.py:914} INFO - Processing file /opt/airflow/dags/daily_chek.py for tasks to queue
[2026-04-23T22:25:47.810+0000] {logging_mixin.py:190} INFO - [2026-04-23T22:25:47.809+0000] {dagbag.py:588} INFO - Filling up the DagBag from /opt/airflow/dags/daily_chek.py
[2026-04-23T22:25:47.844+0000] {processor.py:925} INFO - DAG(s) 'daily_check' retrieved from /opt/airflow/dags/daily_chek.py
[2026-04-23T22:25:47.919+0000] {logging_mixin.py:190} INFO - [2026-04-23T22:25:47.918+0000] {dag.py:3239} INFO - Sync 1 DAGs
[2026-04-23T22:25:47.984+0000] {logging_mixin.py:190} INFO - [2026-04-23T22:25:47.984+0000] {dag.py:4180} INFO - Setting next_dagrun for daily_check to 2026-04-23 00:00:00+00:00, run_after=2026-04-24 00:00:00+00:00
[2026-04-23T22:25:48.015+0000] {processor.py:208} INFO - Processing /opt/airflow/dags/daily_chek.py took 0.232 seconds
[2026-04-23T22:26:18.364+0000] {processor.py:186} INFO - Started process (PID=9680) to work on /opt/airflow/dags/daily_chek.py
[2026-04-23T22:26:18.366+0000] {processor.py:914} INFO - Processing file /opt/airflow/dags/daily_chek.py for tasks to queue
[2026-04-23T22:26:18.373+0000] {logging_mixin.py:190} INFO - [2026-04-23T22:26:18.372+0000] {dagbag.py:588} INFO - Filling up the DagBag from /opt/airflow/dags/daily_chek.py
[2026-04-23T22:26:18.409+0000] {processor.py:925} INFO - DAG(s) 'daily_check' retrieved from /opt/airflow/dags/daily_chek.py
[2026-04-23T22:26:18.476+0000] {logging_mixin.py:190} INFO - [2026-04-23T22:26:18.475+0000] {dag.py:3239} INFO - Sync 1 DAGs
[2026-04-23T22:26:18.507+0000] {logging_mixin.py:190} INFO - [2026-04-23T22:26:18.507+0000] {dag.py:4180} INFO - Setting next_dagrun for daily_check to 2026-04-23 00:00:00+00:00, run_after=2026-04-24 00:00:00+00:00
[2026-04-23T22:26:18.524+0000] {processor.py:208} INFO - Processing /opt/airflow/dags/daily_chek.py took 0.178 seconds
[2026-04-23T22:26:48.858+0000] {processor.py:186} INFO - Started process (PID=9701) to work on /opt/airflow/dags/daily_chek.py
[2026-04-23T22:26:48.860+0000] {processor.py:914} INFO - Processing file /opt/airflow/dags/daily_chek.py for tasks to queue
[2026-04-23T22:26:48.866+0000] {logging_mixin.py:190} INFO - [2026-04-23T22:26:48.865+0000] {dagbag.py:588} INFO - Filling up the DagBag from /opt/airflow/dags/daily_chek.py
[2026-04-23T22:26:48.899+0000] {processor.py:925} INFO - DAG(s) 'daily_check' retrieved from /opt/airflow/dags/daily_chek.py
[2026-04-23T22:26:48.967+0000] {logging_mixin.py:190} INFO - [2026-04-23T22:26:48.966+0000] {dag.py:3239} INFO - Sync 1 DAGs
[2026-04-23T22:26:49.005+0000] {logging_mixin.py:190} INFO - [2026-04-23T22:26:49.005+0000] {dag.py:4180} INFO - Setting next_dagrun for daily_check to 2026-04-23 00:00:00+00:00, run_after=2026-04-24 00:00:00+00:00
[2026-04-23T22:26:49.036+0000] {processor.py:208} INFO - Processing /opt/airflow/dags/daily_chek.py took 0.197 seconds
[2026-04-23T22:27:19.383+0000] {processor.py:186} INFO - Started process (PID=9722) to work on /opt/airflow/dags/daily_chek.py
[2026-04-23T22:27:19.385+0000] {processor.py:914} INFO - Processing file /opt/airflow/dags/daily_chek.py for tasks to queue
[2026-04-23T22:27:19.392+0000] {logging_mixin.py:190} INFO - [2026-04-23T22:27:19.391+0000] {dagbag.py:588} INFO - Filling up the DagBag from /opt/airflow/dags/daily_chek.py
[2026-04-23T22:27:19.426+0000] {processor.py:925} INFO - DAG(s) 'daily_check' retrieved from /opt/airflow/dags/daily_chek.py
[2026-04-23T22:27:19.498+0000] {logging_mixin.py:190} INFO - [2026-04-23T22:27:19.498+0000] {dag.py:3239} INFO - Sync 1 DAGs
[2026-04-23T22:27:19.586+0000] {logging_mixin.py:190} INFO - [2026-04-23T22:27:19.586+0000] {dag.py:4180} INFO - Setting next_dagrun for daily_check to 2026-04-23 00:00:00+00:00, run_after=2026-04-24 00:00:00+00:00
[2026-04-23T22:27:19.640+0000] {processor.py:208} INFO - Processing /opt/airflow/dags/daily_chek.py took 0.275 seconds
[2026-04-23T22:27:50.033+0000] {processor.py:186} INFO - Started process (PID=9743) to work on /opt/airflow/dags/daily_chek.py
[2026-04-23T22:27:50.035+0000] {processor.py:914} INFO - Processing file /opt/airflow/dags/daily_chek.py for tasks to queue
[2026-04-23T22:27:50.042+0000] {logging_mixin.py:190} INFO - [2026-04-23T22:27:50.041+0000] {dagbag.py:588} INFO - Filling up the DagBag from /opt/airflow/dags/daily_chek.py
[2026-04-23T22:27:50.078+0000] {processor.py:925} INFO - DAG(s) 'daily_check' retrieved from /opt/airflow/dags/daily_chek.py
[2026-04-23T22:27:50.150+0000] {logging_mixin.py:190} INFO - [2026-04-23T22:27:50.150+0000] {dag.py:3239} INFO - Sync 1 DAGs
[2026-04-23T22:27:50.183+0000] {logging_mixin.py:190} INFO - [2026-04-23T22:27:50.183+0000] {dag.py:4180} INFO - Setting next_dagrun for daily_check to 2026-04-23 00:00:00+00:00, run_after=2026-04-24 00:00:00+00:00
[2026-04-23T22:27:50.208+0000] {processor.py:208} INFO - Processing /opt/airflow/dags/daily_chek.py took 0.193 seconds
[2026-04-23T22:28:20.596+0000] {processor.py:186} INFO - Started process (PID=9764) to work on /opt/airflow/dags/daily_chek.py
[2026-04-23T22:28:20.598+0000] {processor.py:914} INFO - Processing file /opt/airflow/dags/daily_chek.py for tasks to queue
[2026-04-23T22:28:20.603+0000] {logging_mixin.py:190} INFO - [2026-04-23T22:28:20.602+0000] {dagbag.py:588} INFO - Filling up the DagBag from /opt/airflow/dags/daily_chek.py
[2026-04-23T22:28:20.636+0000] {processor.py:925} INFO - DAG(s) 'daily_check' retrieved from /opt/airflow/dags/daily_chek.py
[2026-04-23T22:28:20.707+0000] {logging_mixin.py:190} INFO - [2026-04-23T22:28:20.706+0000] {dag.py:3239} INFO - Sync 1 DAGs
[2026-04-23T22:28:20.784+0000] {logging_mixin.py:190} INFO - [2026-04-23T22:28:20.783+0000] {dag.py:4180} INFO - Setting next_dagrun for daily_check to 2026-04-23 00:00:00+00:00, run_after=2026-04-24 00:00:00+00:00
[2026-04-23T22:28:20.839+0000] {processor.py:208} INFO - Processing /opt/airflow/dags/daily_chek.py took 0.269 seconds
[2026-04-23T22:28:51.230+0000] {processor.py:186} INFO - Started process (PID=9785) to work on /opt/airflow/dags/daily_chek.py
[2026-04-23T22:28:51.232+0000] {processor.py:914} INFO - Processing file /opt/airflow/dags/daily_chek.py for tasks to queue
[2026-04-23T22:28:51.238+0000] {logging_mixin.py:190} INFO - [2026-04-23T22:28:51.237+0000] {dagbag.py:588} INFO - Filling up the DagBag from /opt/airflow/dags/daily_chek.py
[2026-04-23T22:28:51.271+0000] {processor.py:925} INFO - DAG(s) 'daily_check' retrieved from /opt/airflow/dags/daily_chek.py
[2026-04-23T22:28:51.322+0000] {logging_mixin.py:190} INFO - [2026-04-23T22:28:51.322+0000] {dag.py:3239} INFO - Sync 1 DAGs
[2026-04-23T22:28:51.352+0000] {logging_mixin.py:190} INFO - [2026-04-23T22:28:51.352+0000] {dag.py:4180} INFO - Setting next_dagrun for daily_check to 2026-04-23 00:00:00+00:00, run_after=2026-04-24 00:00:00+00:00
[2026-04-23T22:28:51.370+0000] {processor.py:208} INFO - Processing /opt/airflow/dags/daily_chek.py took 0.168 seconds
[2026-04-23T22:29:21.733+0000] {processor.py:186} INFO - Started process (PID=9806) to work on /opt/airflow/dags/daily_chek.py
[2026-04-23T22:29:21.735+0000] {processor.py:914} INFO - Processing file /opt/airflow/dags/daily_chek.py for tasks to queue
[2026-04-23T22:29:21.745+0000] {logging_mixin.py:190} INFO - [2026-04-23T22:29:21.743+0000] {dagbag.py:588} INFO - Filling up the DagBag from /opt/airflow/dags/daily_chek.py
[2026-04-23T22:29:21.780+0000] {processor.py:925} INFO - DAG(s) 'daily_check' retrieved from /opt/airflow/dags/daily_chek.py
[2026-04-23T22:29:21.852+0000] {logging_mixin.py:190} INFO - [2026-04-23T22:29:21.851+0000] {dag.py:3239} INFO - Sync 1 DAGs
[2026-04-23T22:29:21.881+0000] {logging_mixin.py:190} INFO - [2026-04-23T22:29:21.881+0000] {dag.py:4180} INFO - Setting next_dagrun for daily_check to 2026-04-23 00:00:00+00:00, run_after=2026-04-24 00:00:00+00:00
[2026-04-23T22:29:21.902+0000] {processor.py:208} INFO - Processing /opt/airflow/dags/daily_chek.py took 0.188 seconds
[2026-04-23T22:29:52.257+0000] {processor.py:186} INFO - Started process (PID=9827) to work on /opt/airflow/dags/daily_chek.py
[2026-04-23T22:29:52.259+0000] {processor.py:914} INFO - Processing file /opt/airflow/dags/daily_chek.py for tasks to queue
[2026-04-23T22:29:52.264+0000] {logging_mixin.py:190} INFO - [2026-04-23T22:29:52.263+0000] {dagbag.py:588} INFO - Filling up the DagBag from /opt/airflow/dags/daily_chek.py
[2026-04-23T22:29:52.295+0000] {processor.py:925} INFO - DAG(s) 'daily_check' retrieved from /opt/airflow/dags/daily_chek.py
[2026-04-23T22:29:52.360+0000] {logging_mixin.py:190} INFO - [2026-04-23T22:29:52.360+0000] {dag.py:3239} INFO - Sync 1 DAGs
[2026-04-23T22:29:52.390+0000] {logging_mixin.py:190} INFO - [2026-04-23T22:29:52.389+0000] {dag.py:4180} INFO - Setting next_dagrun for daily_check to 2026-04-23 00:00:00+00:00, run_after=2026-04-24 00:00:00+00:00
[2026-04-23T22:29:52.407+0000] {processor.py:208} INFO - Processing /opt/airflow/dags/daily_chek.py took 0.175 seconds
[2026-04-23T22:30:22.759+0000] {processor.py:186} INFO - Started process (PID=9848) to work on /opt/airflow/dags/daily_chek.py
[2026-04-23T22:30:22.761+0000] {processor.py:914} INFO - Processing file /opt/airflow/dags/daily_chek.py for tasks to queue
[2026-04-23T22:30:22.767+0000] {logging_mixin.py:190} INFO - [2026-04-23T22:30:22.766+0000] {dagbag.py:588} INFO - Filling up the DagBag from /opt/airflow/dags/daily_chek.py
[2026-04-23T22:30:22.805+0000] {processor.py:925} INFO - DAG(s) 'daily_check' retrieved from /opt/airflow/dags/daily_chek.py
[2026-04-23T22:30:22.898+0000] {logging_mixin.py:190} INFO - [2026-04-23T22:30:22.898+0000] {dag.py:3239} INFO - Sync 1 DAGs
[2026-04-23T22:30:22.943+0000] {logging_mixin.py:190} INFO - [2026-04-23T22:30:22.942+0000] {dag.py:4180} INFO - Setting next_dagrun for daily_check to 2026-04-23 00:00:00+00:00, run_after=2026-04-24 00:00:00+00:00
[2026-04-23T22:30:22.971+0000] {processor.py:208} INFO - Processing /opt/airflow/dags/daily_chek.py took 0.235 seconds
[2026-04-23T22:30:53.326+0000] {processor.py:186} INFO - Started process (PID=9869) to work on /opt/airflow/dags/daily_chek.py
[2026-04-23T22:30:53.328+0000] {processor.py:914} INFO - Processing file /opt/airflow/dags/daily_chek.py for tasks to queue
[2026-04-23T22:30:53.336+0000] {logging_mixin.py:190} INFO - [2026-04-23T22:30:53.335+0000] {dagbag.py:588} INFO - Filling up the DagBag from /opt/airflow/dags/daily_chek.py
[2026-04-23T22:30:53.370+0000] {processor.py:925} INFO - DAG(s) 'daily_check' retrieved from /opt/airflow/dags/daily_chek.py
[2026-04-23T22:30:53.452+0000] {logging_mixin.py:190} INFO - [2026-04-23T22:30:53.452+0000] {dag.py:3239} INFO - Sync 1 DAGs
[2026-04-23T22:30:53.485+0000] {logging_mixin.py:190} INFO - [2026-04-23T22:30:53.485+0000] {dag.py:4180} INFO - Setting next_dagrun for daily_check to 2026-04-23 00:00:00+00:00, run_after=2026-04-24 00:00:00+00:00
[2026-04-23T22:30:53.501+0000] {processor.py:208} INFO - Processing /opt/airflow/dags/daily_chek.py took 0.193 seconds
[2026-04-23T22:31:23.838+0000] {processor.py:186} INFO - Started process (PID=9890) to work on /opt/airflow/dags/daily_chek.py
[2026-04-23T22:31:23.840+0000] {processor.py:914} INFO - Processing file /opt/airflow/dags/daily_chek.py for tasks to queue
[2026-04-23T22:31:23.847+0000] {logging_mixin.py:190} INFO - [2026-04-23T22:31:23.846+0000] {dagbag.py:588} INFO - Filling up the DagBag from /opt/airflow/dags/daily_chek.py
[2026-04-23T22:31:23.880+0000] {processor.py:925} INFO - DAG(s) 'daily_check' retrieved from /opt/airflow/dags/daily_chek.py
[2026-04-23T22:31:23.950+0000] {logging_mixin.py:190} INFO - [2026-04-23T22:31:23.949+0000] {dag.py:3239} INFO - Sync 1 DAGs
[2026-04-23T22:31:23.993+0000] {logging_mixin.py:190} INFO - [2026-04-23T22:31:23.993+0000] {dag.py:4180} INFO - Setting next_dagrun for daily_check to 2026-04-23 00:00:00+00:00, run_after=2026-04-24 00:00:00+00:00
[2026-04-23T22:31:24.024+0000] {processor.py:208} INFO - Processing /opt/airflow/dags/daily_chek.py took 0.203 seconds
[2026-04-23T22:31:54.384+0000] {processor.py:186} INFO - Started process (PID=9911) to work on /opt/airflow/dags/daily_chek.py
[2026-04-23T22:31:54.386+0000] {processor.py:914} INFO - Processing file /opt/airflow/dags/daily_chek.py for tasks to queue
[2026-04-23T22:31:54.392+0000] {logging_mixin.py:190} INFO - [2026-04-23T22:31:54.391+0000] {dagbag.py:588} INFO - Filling up the DagBag from /opt/airflow/dags/daily_chek.py
[2026-04-23T22:31:54.437+0000] {processor.py:925} INFO - DAG(s) 'daily_check' retrieved from /opt/airflow/dags/daily_chek.py
[2026-04-23T22:31:54.513+0000] {logging_mixin.py:190} INFO - [2026-04-23T22:31:54.512+0000] {dag.py:3239} INFO - Sync 1 DAGs
[2026-04-23T22:31:54.585+0000] {logging_mixin.py:190} INFO - [2026-04-23T22:31:54.585+0000] {dag.py:4180} INFO - Setting next_dagrun for daily_check to 2026-04-23 00:00:00+00:00, run_after=2026-04-24 00:00:00+00:00
[2026-04-23T22:31:54.636+0000] {processor.py:208} INFO - Processing /opt/airflow/dags/daily_chek.py took 0.272 seconds
[2026-04-23T22:32:25.018+0000] {processor.py:186} INFO - Started process (PID=9932) to work on /opt/airflow/dags/daily_chek.py
[2026-04-23T22:32:25.020+0000] {processor.py:914} INFO - Processing file /opt/airflow/dags/daily_chek.py for tasks to queue
[2026-04-23T22:32:25.026+0000] {logging_mixin.py:190} INFO - [2026-04-23T22:32:25.025+0000] {dagbag.py:588} INFO - Filling up the DagBag from /opt/airflow/dags/daily_chek.py
[2026-04-23T22:32:25.069+0000] {processor.py:925} INFO - DAG(s) 'daily_check' retrieved from /opt/airflow/dags/daily_chek.py
[2026-04-23T22:32:25.129+0000] {logging_mixin.py:190} INFO - [2026-04-23T22:32:25.129+0000] {dag.py:3239} INFO - Sync 1 DAGs
[2026-04-23T22:32:25.157+0000] {logging_mixin.py:190} INFO - [2026-04-23T22:32:25.157+0000] {dag.py:4180} INFO - Setting next_dagrun for daily_check to 2026-04-23 00:00:00+00:00, run_after=2026-04-24 00:00:00+00:00
[2026-04-23T22:32:25.177+0000] {processor.py:208} INFO - Processing /opt/airflow/dags/daily_chek.py took 0.181 seconds
[2026-04-23T22:32:55.522+0000] {processor.py:186} INFO - Started process (PID=9953) to work on /opt/airflow/dags/daily_chek.py
[2026-04-23T22:32:55.525+0000] {processor.py:914} INFO - Processing file /opt/airflow/dags/daily_chek.py for tasks to queue
[2026-04-23T22:32:55.531+0000] {logging_mixin.py:190} INFO - [2026-04-23T22:32:55.530+0000] {dagbag.py:588} INFO - Filling up the DagBag from /opt/airflow/dags/daily_chek.py
[2026-04-23T22:32:55.567+0000] {processor.py:925} INFO - DAG(s) 'daily_check' retrieved from /opt/airflow/dags/daily_chek.py
[2026-04-23T22:32:55.629+0000] {logging_mixin.py:190} INFO - [2026-04-23T22:32:55.629+0000] {dag.py:3239} INFO - Sync 1 DAGs
[2026-04-23T22:32:55.664+0000] {logging_mixin.py:190} INFO - [2026-04-23T22:32:55.664+0000] {dag.py:4180} INFO - Setting next_dagrun for daily_check to 2026-04-23 00:00:00+00:00, run_after=2026-04-24 00:00:00+00:00
[2026-04-23T22:32:55.690+0000] {processor.py:208} INFO - Processing /opt/airflow/dags/daily_chek.py took 0.186 seconds
[2026-04-23T22:33:26.062+0000] {processor.py:186} INFO - Started process (PID=9974) to work on /opt/airflow/dags/daily_chek.py
[2026-04-23T22:33:26.065+0000] {processor.py:914} INFO - Processing file /opt/airflow/dags/daily_chek.py for tasks to queue
[2026-04-23T22:33:26.070+0000] {logging_mixin.py:190} INFO - [2026-04-23T22:33:26.069+0000] {dagbag.py:588} INFO - Filling up the DagBag from /opt/airflow/dags/daily_chek.py
[2026-04-23T22:33:26.108+0000] {processor.py:925} INFO - DAG(s) 'daily_check' retrieved from /opt/airflow/dags/daily_chek.py
[2026-04-23T22:33:26.177+0000] {logging_mixin.py:190} INFO - [2026-04-23T22:33:26.176+0000] {dag.py:3239} INFO - Sync 1 DAGs
[2026-04-23T22:33:26.256+0000] {logging_mixin.py:190} INFO - [2026-04-23T22:33:26.255+0000] {dag.py:4180} INFO - Setting next_dagrun for daily_check to 2026-04-23 00:00:00+00:00, run_after=2026-04-24 00:00:00+00:00
[2026-04-23T22:33:26.301+0000] {processor.py:208} INFO - Processing /opt/airflow/dags/daily_chek.py took 0.259 seconds
[2026-04-23T22:33:56.659+0000] {processor.py:186} INFO - Started process (PID=9995) to work on /opt/airflow/dags/daily_chek.py
[2026-04-23T22:33:56.661+0000] {processor.py:914} INFO - Processing file /opt/airflow/dags/daily_chek.py for tasks to queue
[2026-04-23T22:33:56.668+0000] {logging_mixin.py:190} INFO - [2026-04-23T22:33:56.667+0000] {dagbag.py:588} INFO - Filling up the DagBag from /opt/airflow/dags/daily_chek.py
[2026-04-23T22:33:56.708+0000] {processor.py:925} INFO - DAG(s) 'daily_check' retrieved from /opt/airflow/dags/daily_chek.py
[2026-04-23T22:33:56.776+0000] {logging_mixin.py:190} INFO - [2026-04-23T22:33:56.776+0000] {dag.py:3239} INFO - Sync 1 DAGs
[2026-04-23T22:33:56.817+0000] {logging_mixin.py:190} INFO - [2026-04-23T22:33:56.816+0000] {dag.py:4180} INFO - Setting next_dagrun for daily_check to 2026-04-23 00:00:00+00:00, run_after=2026-04-24 00:00:00+00:00
[2026-04-23T22:33:56.850+0000] {processor.py:208} INFO - Processing /opt/airflow/dags/daily_chek.py took 0.209 seconds
[2026-04-23T22:34:27.208+0000] {processor.py:186} INFO - Started process (PID=10016) to work on /opt/airflow/dags/daily_chek.py
[2026-04-23T22:34:27.210+0000] {processor.py:914} INFO - Processing file /opt/airflow/dags/daily_chek.py for tasks to queue
[2026-04-23T22:34:27.217+0000] {logging_mixin.py:190} INFO - [2026-04-23T22:34:27.216+0000] {dagbag.py:588} INFO - Filling up the DagBag from /opt/airflow/dags/daily_chek.py
[2026-04-23T22:34:27.252+0000] {processor.py:925} INFO - DAG(s) 'daily_check' retrieved from /opt/airflow/dags/daily_chek.py
[2026-04-23T22:34:27.334+0000] {logging_mixin.py:190} INFO - [2026-04-23T22:34:27.333+0000] {dag.py:3239} INFO - Sync 1 DAGs
[2026-04-23T22:34:27.409+0000] {logging_mixin.py:190} INFO - [2026-04-23T22:34:27.408+0000] {dag.py:4180} INFO - Setting next_dagrun for daily_check to 2026-04-23 00:00:00+00:00, run_after=2026-04-24 00:00:00+00:00
[2026-04-23T22:34:27.457+0000] {processor.py:208} INFO - Processing /opt/airflow/dags/daily_chek.py took 0.266 seconds
[2026-04-23T22:34:57.823+0000] {processor.py:186} INFO - Started process (PID=10037) to work on /opt/airflow/dags/daily_chek.py
[2026-04-23T22:34:57.825+0000] {processor.py:914} INFO - Processing file /opt/airflow/dags/daily_chek.py for tasks to queue
[2026-04-23T22:34:57.831+0000] {logging_mixin.py:190} INFO - [2026-04-23T22:34:57.830+0000] {dagbag.py:588} INFO - Filling up the DagBag from /opt/airflow/dags/daily_chek.py
[2026-04-23T22:34:57.865+0000] {processor.py:925} INFO - DAG(s) 'daily_check' retrieved from /opt/airflow/dags/daily_chek.py
[2026-04-23T22:34:57.927+0000] {logging_mixin.py:190} INFO - [2026-04-23T22:34:57.927+0000] {dag.py:3239} INFO - Sync 1 DAGs
[2026-04-23T22:34:57.963+0000] {logging_mixin.py:190} INFO - [2026-04-23T22:34:57.963+0000] {dag.py:4180} INFO - Setting next_dagrun for daily_check to 2026-04-23 00:00:00+00:00, run_after=2026-04-24 00:00:00+00:00
[2026-04-23T22:34:57.980+0000] {processor.py:208} INFO - Processing /opt/airflow/dags/daily_chek.py took 0.176 seconds
[2026-04-23T22:35:28.339+0000] {processor.py:186} INFO - Started process (PID=10058) to work on /opt/airflow/dags/daily_chek.py
[2026-04-23T22:35:28.341+0000] {processor.py:914} INFO - Processing file /opt/airflow/dags/daily_chek.py for tasks to queue
[2026-04-23T22:35:28.346+0000] {logging_mixin.py:190} INFO - [2026-04-23T22:35:28.345+0000] {dagbag.py:588} INFO - Filling up the DagBag from /opt/airflow/dags/daily_chek.py
[2026-04-23T22:35:28.383+0000] {processor.py:925} INFO - DAG(s) 'daily_check' retrieved from /opt/airflow/dags/daily_chek.py
[2026-04-23T22:35:28.458+0000] {logging_mixin.py:190} INFO - [2026-04-23T22:35:28.457+0000] {dag.py:3239} INFO - Sync 1 DAGs
[2026-04-23T22:35:28.524+0000] {logging_mixin.py:190} INFO - [2026-04-23T22:35:28.523+0000] {dag.py:4180} INFO - Setting next_dagrun for daily_check to 2026-04-23 00:00:00+00:00, run_after=2026-04-24 00:00:00+00:00
[2026-04-23T22:35:28.564+0000] {processor.py:208} INFO - Processing /opt/airflow/dags/daily_chek.py took 0.245 seconds
[2026-04-23T22:35:58.921+0000] {processor.py:186} INFO - Started process (PID=10079) to work on /opt/airflow/dags/daily_chek.py
[2026-04-23T22:35:58.923+0000] {processor.py:914} INFO - Processing file /opt/airflow/dags/daily_chek.py for tasks to queue
[2026-04-23T22:35:58.928+0000] {logging_mixin.py:190} INFO - [2026-04-23T22:35:58.927+0000] {dagbag.py:588} INFO - Filling up the DagBag from /opt/airflow/dags/daily_chek.py
[2026-04-23T22:35:58.966+0000] {processor.py:925} INFO - DAG(s) 'daily_check' retrieved from /opt/airflow/dags/daily_chek.py
[2026-04-23T22:35:59.029+0000] {logging_mixin.py:190} INFO - [2026-04-23T22:35:59.029+0000] {dag.py:3239} INFO - Sync 1 DAGs
[2026-04-23T22:35:59.062+0000] {logging_mixin.py:190} INFO - [2026-04-23T22:35:59.062+0000] {dag.py:4180} INFO - Setting next_dagrun for daily_check to 2026-04-23 00:00:00+00:00, run_after=2026-04-24 00:00:00+00:00
[2026-04-23T22:35:59.080+0000] {processor.py:208} INFO - Processing /opt/airflow/dags/daily_chek.py took 0.177 seconds
[2026-04-23T22:36:29.424+0000] {processor.py:186} INFO - Started process (PID=10100) to work on /opt/airflow/dags/daily_chek.py
[2026-04-23T22:36:29.426+0000] {processor.py:914} INFO - Processing file /opt/airflow/dags/daily_chek.py for tasks to queue
[2026-04-23T22:36:29.431+0000] {logging_mixin.py:190} INFO - [2026-04-23T22:36:29.430+0000] {dagbag.py:588} INFO - Filling up the DagBag from /opt/airflow/dags/daily_chek.py
[2026-04-23T22:36:29.463+0000] {processor.py:925} INFO - DAG(s) 'daily_check' retrieved from /opt/airflow/dags/daily_chek.py
[2026-04-23T22:36:29.533+0000] {logging_mixin.py:190} INFO - [2026-04-23T22:36:29.533+0000] {dag.py:3239} INFO - Sync 1 DAGs
[2026-04-23T22:36:29.570+0000] {logging_mixin.py:190} INFO - [2026-04-23T22:36:29.569+0000] {dag.py:4180} INFO - Setting next_dagrun for daily_check to 2026-04-23 00:00:00+00:00, run_after=2026-04-24 00:00:00+00:00
[2026-04-23T22:36:29.586+0000] {processor.py:208} INFO - Processing /opt/airflow/dags/daily_chek.py took 0.179 seconds
[2026-04-23T22:36:59.932+0000] {processor.py:186} INFO - Started process (PID=10121) to work on /opt/airflow/dags/daily_chek.py
[2026-04-23T22:36:59.933+0000] {processor.py:914} INFO - Processing file /opt/airflow/dags/daily_chek.py for tasks to queue
[2026-04-23T22:36:59.941+0000] {logging_mixin.py:190} INFO - [2026-04-23T22:36:59.938+0000] {dagbag.py:588} INFO - Filling up the DagBag from /opt/airflow/dags/daily_chek.py
[2026-04-23T22:36:59.974+0000] {processor.py:925} INFO - DAG(s) 'daily_check' retrieved from /opt/airflow/dags/daily_chek.py
[2026-04-23T22:37:00.051+0000] {logging_mixin.py:190} INFO - [2026-04-23T22:37:00.050+0000] {dag.py:3239} INFO - Sync 1 DAGs
[2026-04-23T22:37:00.134+0000] {logging_mixin.py:190} INFO - [2026-04-23T22:37:00.134+0000] {dag.py:4180} INFO - Setting next_dagrun for daily_check to 2026-04-23 00:00:00+00:00, run_after=2026-04-24 00:00:00+00:00
[2026-04-23T22:37:00.195+0000] {processor.py:208} INFO - Processing /opt/airflow/dags/daily_chek.py took 0.283 seconds
[2026-04-23T22:37:30.559+0000] {processor.py:186} INFO - Started process (PID=10142) to work on /opt/airflow/dags/daily_chek.py
[2026-04-23T22:37:30.561+0000] {processor.py:914} INFO - Processing file /opt/airflow/dags/daily_chek.py for tasks to queue
[2026-04-23T22:37:30.568+0000] {logging_mixin.py:190} INFO - [2026-04-23T22:37:30.567+0000] {dagbag.py:588} INFO - Filling up the DagBag from /opt/airflow/dags/daily_chek.py
[2026-04-23T22:37:30.602+0000] {processor.py:925} INFO - DAG(s) 'daily_check' retrieved from /opt/airflow/dags/daily_chek.py
[2026-04-23T22:37:30.672+0000] {logging_mixin.py:190} INFO - [2026-04-23T22:37:30.672+0000] {dag.py:3239} INFO - Sync 1 DAGs
[2026-04-23T22:37:30.708+0000] {logging_mixin.py:190} INFO - [2026-04-23T22:37:30.708+0000] {dag.py:4180} INFO - Setting next_dagrun for daily_check to 2026-04-23 00:00:00+00:00, run_after=2026-04-24 00:00:00+00:00
[2026-04-23T22:37:30.737+0000] {processor.py:208} INFO - Processing /opt/airflow/dags/daily_chek.py took 0.195 seconds
[2026-04-23T22:38:01.105+0000] {processor.py:186} INFO - Started process (PID=10163) to work on /opt/airflow/dags/daily_chek.py
[2026-04-23T22:38:01.107+0000] {processor.py:914} INFO - Processing file /opt/airflow/dags/daily_chek.py for tasks to queue
[2026-04-23T22:38:01.116+0000] {logging_mixin.py:190} INFO - [2026-04-23T22:38:01.115+0000] {dagbag.py:588} INFO - Filling up the DagBag from /opt/airflow/dags/daily_chek.py
[2026-04-23T22:38:01.154+0000] {processor.py:925} INFO - DAG(s) 'daily_check' retrieved from /opt/airflow/dags/daily_chek.py
[2026-04-23T22:38:01.228+0000] {logging_mixin.py:190} INFO - [2026-04-23T22:38:01.227+0000] {dag.py:3239} INFO - Sync 1 DAGs
[2026-04-23T22:38:01.319+0000] {logging_mixin.py:190} INFO - [2026-04-23T22:38:01.318+0000] {dag.py:4180} INFO - Setting next_dagrun for daily_check to 2026-04-23 00:00:00+00:00, run_after=2026-04-24 00:00:00+00:00
[2026-04-23T22:38:01.370+0000] {processor.py:208} INFO - Processing /opt/airflow/dags/daily_chek.py took 0.287 seconds
[2026-04-23T22:38:31.785+0000] {processor.py:186} INFO - Started process (PID=10184) to work on /opt/airflow/dags/daily_chek.py
[2026-04-23T22:38:31.788+0000] {processor.py:914} INFO - Processing file /opt/airflow/dags/daily_chek.py for tasks to queue
[2026-04-23T22:38:31.797+0000] {logging_mixin.py:190} INFO - [2026-04-23T22:38:31.795+0000] {dagbag.py:588} INFO - Filling up the DagBag from /opt/airflow/dags/daily_chek.py
[2026-04-23T22:38:31.833+0000] {processor.py:925} INFO - DAG(s) 'daily_check' retrieved from /opt/airflow/dags/daily_chek.py
[2026-04-23T22:38:31.902+0000] {logging_mixin.py:190} INFO - [2026-04-23T22:38:31.902+0000] {dag.py:3239} INFO - Sync 1 DAGs
[2026-04-23T22:38:31.989+0000] {logging_mixin.py:190} INFO - [2026-04-23T22:38:31.989+0000] {dag.py:4180} INFO - Setting next_dagrun for daily_check to 2026-04-23 00:00:00+00:00, run_after=2026-04-24 00:00:00+00:00
[2026-04-23T22:38:32.044+0000] {processor.py:208} INFO - Processing /opt/airflow/dags/daily_chek.py took 0.283 seconds
[2026-04-23T22:39:02.427+0000] {processor.py:186} INFO - Started process (PID=10205) to work on /opt/airflow/dags/daily_chek.py
[2026-04-23T22:39:02.429+0000] {processor.py:914} INFO - Processing file /opt/airflow/dags/daily_chek.py for tasks to queue
[2026-04-23T22:39:02.435+0000] {logging_mixin.py:190} INFO - [2026-04-23T22:39:02.434+0000] {dagbag.py:588} INFO - Filling up the DagBag from /opt/airflow/dags/daily_chek.py
[2026-04-23T22:39:02.472+0000] {processor.py:925} INFO - DAG(s) 'daily_check' retrieved from /opt/airflow/dags/daily_chek.py
[2026-04-23T22:39:02.520+0000] {logging_mixin.py:190} INFO - [2026-04-23T22:39:02.519+0000] {dag.py:3239} INFO - Sync 1 DAGs
[2026-04-23T22:39:02.547+0000] {logging_mixin.py:190} INFO - [2026-04-23T22:39:02.547+0000] {dag.py:4180} INFO - Setting next_dagrun for daily_check to 2026-04-23 00:00:00+00:00, run_after=2026-04-24 00:00:00+00:00
[2026-04-23T22:39:02.563+0000] {processor.py:208} INFO - Processing /opt/airflow/dags/daily_chek.py took 0.158 seconds
[2026-04-23T22:39:32.911+0000] {processor.py:186} INFO - Started process (PID=10226) to work on /opt/airflow/dags/daily_chek.py
[2026-04-23T22:39:32.913+0000] {processor.py:914} INFO - Processing file /opt/airflow/dags/daily_chek.py for tasks to queue
[2026-04-23T22:39:32.919+0000] {logging_mixin.py:190} INFO - [2026-04-23T22:39:32.918+0000] {dagbag.py:588} INFO - Filling up the DagBag from /opt/airflow/dags/daily_chek.py
[2026-04-23T22:39:32.958+0000] {processor.py:925} INFO - DAG(s) 'daily_check' retrieved from /opt/airflow/dags/daily_chek.py
[2026-04-23T22:39:33.027+0000] {logging_mixin.py:190} INFO - [2026-04-23T22:39:33.027+0000] {dag.py:3239} INFO - Sync 1 DAGs
[2026-04-23T22:39:33.067+0000] {logging_mixin.py:190} INFO - [2026-04-23T22:39:33.067+0000] {dag.py:4180} INFO - Setting next_dagrun for daily_check to 2026-04-23 00:00:00+00:00, run_after=2026-04-24 00:00:00+00:00
[2026-04-23T22:39:33.096+0000] {processor.py:208} INFO - Processing /opt/airflow/dags/daily_chek.py took 0.205 seconds
[2026-04-23T22:40:03.449+0000] {processor.py:186} INFO - Started process (PID=10247) to work on /opt/airflow/dags/daily_chek.py
[2026-04-23T22:40:03.451+0000] {processor.py:914} INFO - Processing file /opt/airflow/dags/daily_chek.py for tasks to queue
[2026-04-23T22:40:03.460+0000] {logging_mixin.py:190} INFO - [2026-04-23T22:40:03.458+0000] {dagbag.py:588} INFO - Filling up the DagBag from /opt/airflow/dags/daily_chek.py
[2026-04-23T22:40:03.497+0000] {processor.py:925} INFO - DAG(s) 'daily_check' retrieved from /opt/airflow/dags/daily_chek.py
[2026-04-23T22:40:03.568+0000] {logging_mixin.py:190} INFO - [2026-04-23T22:40:03.568+0000] {dag.py:3239} INFO - Sync 1 DAGs
[2026-04-23T22:40:03.645+0000] {logging_mixin.py:190} INFO - [2026-04-23T22:40:03.644+0000] {dag.py:4180} INFO - Setting next_dagrun for daily_check to 2026-04-23 00:00:00+00:00, run_after=2026-04-24 00:00:00+00:00
[2026-04-23T22:40:03.700+0000] {processor.py:208} INFO - Processing /opt/airflow/dags/daily_chek.py took 0.269 seconds
[2026-04-23T22:40:34.058+0000] {processor.py:186} INFO - Started process (PID=10268) to work on /opt/airflow/dags/daily_chek.py
[2026-04-23T22:40:34.060+0000] {processor.py:914} INFO - Processing file /opt/airflow/dags/daily_chek.py for tasks to queue
[2026-04-23T22:40:34.068+0000] {logging_mixin.py:190} INFO - [2026-04-23T22:40:34.067+0000] {dagbag.py:588} INFO - Filling up the DagBag from /opt/airflow/dags/daily_chek.py
[2026-04-23T22:40:34.106+0000] {processor.py:925} INFO - DAG(s) 'daily_check' retrieved from /opt/airflow/dags/daily_chek.py
[2026-04-23T22:40:34.162+0000] {logging_mixin.py:190} INFO - [2026-04-23T22:40:34.162+0000] {dag.py:3239} INFO - Sync 1 DAGs
[2026-04-23T22:40:34.193+0000] {logging_mixin.py:190} INFO - [2026-04-23T22:40:34.193+0000] {dag.py:4180} INFO - Setting next_dagrun for daily_check to 2026-04-23 00:00:00+00:00, run_after=2026-04-24 00:00:00+00:00
[2026-04-23T22:40:34.217+0000] {processor.py:208} INFO - Processing /opt/airflow/dags/daily_chek.py took 0.179 seconds
[2026-04-23T22:41:04.566+0000] {processor.py:186} INFO - Started process (PID=10289) to work on /opt/airflow/dags/daily_chek.py
[2026-04-23T22:41:04.568+0000] {processor.py:914} INFO - Processing file /opt/airflow/dags/daily_chek.py for tasks to queue
[2026-04-23T22:41:04.573+0000] {logging_mixin.py:190} INFO - [2026-04-23T22:41:04.572+0000] {dagbag.py:588} INFO - Filling up the DagBag from /opt/airflow/dags/daily_chek.py
[2026-04-23T22:41:04.616+0000] {processor.py:925} INFO - DAG(s) 'daily_check' retrieved from /opt/airflow/dags/daily_chek.py
[2026-04-23T22:41:04.682+0000] {logging_mixin.py:190} INFO - [2026-04-23T22:41:04.682+0000] {dag.py:3239} INFO - Sync 1 DAGs
[2026-04-23T22:41:04.737+0000] {logging_mixin.py:190} INFO - [2026-04-23T22:41:04.736+0000] {dag.py:4180} INFO - Setting next_dagrun for daily_check to 2026-04-23 00:00:00+00:00, run_after=2026-04-24 00:00:00+00:00
[2026-04-23T22:41:04.779+0000] {processor.py:208} INFO - Processing /opt/airflow/dags/daily_chek.py took 0.232 seconds
[2026-04-23T22:41:35.158+0000] {processor.py:186} INFO - Started process (PID=10310) to work on /opt/airflow/dags/daily_chek.py
[2026-04-23T22:41:35.161+0000] {processor.py:914} INFO - Processing file /opt/airflow/dags/daily_chek.py for tasks to queue
[2026-04-23T22:41:35.169+0000] {logging_mixin.py:190} INFO - [2026-04-23T22:41:35.167+0000] {dagbag.py:588} INFO - Filling up the DagBag from /opt/airflow/dags/daily_chek.py
[2026-04-23T22:41:35.213+0000] {processor.py:925} INFO - DAG(s) 'daily_check' retrieved from /opt/airflow/dags/daily_chek.py
[2026-04-23T22:41:35.277+0000] {logging_mixin.py:190} INFO - [2026-04-23T22:41:35.277+0000] {dag.py:3239} INFO - Sync 1 DAGs
[2026-04-23T22:41:35.330+0000] {logging_mixin.py:190} INFO - [2026-04-23T22:41:35.329+0000] {dag.py:4180} INFO - Setting next_dagrun for daily_check to 2026-04-23 00:00:00+00:00, run_after=2026-04-24 00:00:00+00:00
[2026-04-23T22:41:35.363+0000] {processor.py:208} INFO - Processing /opt/airflow/dags/daily_chek.py took 0.228 seconds
[2026-04-23T22:42:05.719+0000] {processor.py:186} INFO - Started process (PID=10331) to work on /opt/airflow/dags/daily_chek.py
[2026-04-23T22:42:05.721+0000] {processor.py:914} INFO - Processing file /opt/airflow/dags/daily_chek.py for tasks to queue
[2026-04-23T22:42:05.727+0000] {logging_mixin.py:190} INFO - [2026-04-23T22:42:05.726+0000] {dagbag.py:588} INFO - Filling up the DagBag from /opt/airflow/dags/daily_chek.py
[2026-04-23T22:42:05.769+0000] {processor.py:925} INFO - DAG(s) 'daily_check' retrieved from /opt/airflow/dags/daily_chek.py
[2026-04-23T22:42:05.843+0000] {logging_mixin.py:190} INFO - [2026-04-23T22:42:05.842+0000] {dag.py:3239} INFO - Sync 1 DAGs
[2026-04-23T22:42:05.922+0000] {logging_mixin.py:190} INFO - [2026-04-23T22:42:05.921+0000] {dag.py:4180} INFO - Setting next_dagrun for daily_check to 2026-04-23 00:00:00+00:00, run_after=2026-04-24 00:00:00+00:00
[2026-04-23T22:42:05.965+0000] {processor.py:208} INFO - Processing /opt/airflow/dags/daily_chek.py took 0.266 seconds
[2026-04-23T22:42:36.282+0000] {processor.py:186} INFO - Started process (PID=10352) to work on /opt/airflow/dags/daily_chek.py
[2026-04-23T22:42:36.283+0000] {processor.py:914} INFO - Processing file /opt/airflow/dags/daily_chek.py for tasks to queue
[2026-04-23T22:42:36.285+0000] {logging_mixin.py:190} INFO - [2026-04-23T22:42:36.285+0000] {dagbag.py:588} INFO - Filling up the DagBag from /opt/airflow/dags/daily_chek.py
[2026-04-23T22:42:36.299+0000] {processor.py:925} INFO - DAG(s) 'daily_check' retrieved from /opt/airflow/dags/daily_chek.py
[2026-04-23T22:42:36.336+0000] {logging_mixin.py:190} INFO - [2026-04-23T22:42:36.335+0000] {dag.py:3239} INFO - Sync 1 DAGs
[2026-04-23T22:42:36.370+0000] {logging_mixin.py:190} INFO - [2026-04-23T22:42:36.370+0000] {dag.py:4180} INFO - Setting next_dagrun for daily_check to 2026-04-23 00:00:00+00:00, run_after=2026-04-24 00:00:00+00:00
[2026-04-23T22:42:36.393+0000] {processor.py:208} INFO - Processing /opt/airflow/dags/daily_chek.py took 0.118 seconds
[2026-04-23T22:43:06.687+0000] {processor.py:186} INFO - Started process (PID=10373) to work on /opt/airflow/dags/daily_chek.py
[2026-04-23T22:43:06.687+0000] {processor.py:914} INFO - Processing file /opt/airflow/dags/daily_chek.py for tasks to queue
[2026-04-23T22:43:06.689+0000] {logging_mixin.py:190} INFO - [2026-04-23T22:43:06.689+0000] {dagbag.py:588} INFO - Filling up the DagBag from /opt/airflow/dags/daily_chek.py
[2026-04-23T22:43:06.700+0000] {processor.py:925} INFO - DAG(s) 'daily_check' retrieved from /opt/airflow/dags/daily_chek.py
[2026-04-23T22:43:06.727+0000] {logging_mixin.py:190} INFO - [2026-04-23T22:43:06.727+0000] {dag.py:3239} INFO - Sync 1 DAGs
[2026-04-23T22:43:06.759+0000] {logging_mixin.py:190} INFO - [2026-04-23T22:43:06.759+0000] {dag.py:4180} INFO - Setting next_dagrun for daily_check to 2026-04-23 00:00:00+00:00, run_after=2026-04-24 00:00:00+00:00
[2026-04-23T22:43:06.784+0000] {processor.py:208} INFO - Processing /opt/airflow/dags/daily_chek.py took 0.102 seconds
[2026-04-23T22:43:37.132+0000] {processor.py:186} INFO - Started process (PID=10394) to work on /opt/airflow/dags/daily_chek.py
[2026-04-23T22:43:37.134+0000] {processor.py:914} INFO - Processing file /opt/airflow/dags/daily_chek.py for tasks to queue
[2026-04-23T22:43:37.141+0000] {logging_mixin.py:190} INFO - [2026-04-23T22:43:37.140+0000] {dagbag.py:588} INFO - Filling up the DagBag from /opt/airflow/dags/daily_chek.py
[2026-04-23T22:43:37.174+0000] {processor.py:925} INFO - DAG(s) 'daily_check' retrieved from /opt/airflow/dags/daily_chek.py
[2026-04-23T22:43:37.240+0000] {logging_mixin.py:190} INFO - [2026-04-23T22:43:37.239+0000] {dag.py:3239} INFO - Sync 1 DAGs
[2026-04-23T22:43:37.305+0000] {logging_mixin.py:190} INFO - [2026-04-23T22:43:37.304+0000] {dag.py:4180} INFO - Setting next_dagrun for daily_check to 2026-04-23 00:00:00+00:00, run_after=2026-04-24 00:00:00+00:00
[2026-04-23T22:43:37.324+0000] {processor.py:208} INFO - Processing /opt/airflow/dags/daily_chek.py took 0.208 seconds
[2026-04-23T22:44:07.691+0000] {processor.py:186} INFO - Started process (PID=10415) to work on /opt/airflow/dags/daily_chek.py
[2026-04-23T22:44:07.693+0000] {processor.py:914} INFO - Processing file /opt/airflow/dags/daily_chek.py for tasks to queue
[2026-04-23T22:44:07.699+0000] {logging_mixin.py:190} INFO - [2026-04-23T22:44:07.698+0000] {dagbag.py:588} INFO - Filling up the DagBag from /opt/airflow/dags/daily_chek.py
[2026-04-23T22:44:07.748+0000] {processor.py:925} INFO - DAG(s) 'daily_check' retrieved from /opt/airflow/dags/daily_chek.py
[2026-04-23T22:44:07.821+0000] {logging_mixin.py:190} INFO - [2026-04-23T22:44:07.820+0000] {dag.py:3239} INFO - Sync 1 DAGs
[2026-04-23T22:44:07.909+0000] {logging_mixin.py:190} INFO - [2026-04-23T22:44:07.909+0000] {dag.py:4180} INFO - Setting next_dagrun for daily_check to 2026-04-23 00:00:00+00:00, run_after=2026-04-24 00:00:00+00:00
[2026-04-23T22:44:07.964+0000] {processor.py:208} INFO - Processing /opt/airflow/dags/daily_chek.py took 0.299 seconds
[2026-04-23T22:44:38.344+0000] {processor.py:186} INFO - Started process (PID=10436) to work on /opt/airflow/dags/daily_chek.py
[2026-04-23T22:44:38.346+0000] {processor.py:914} INFO - Processing file /opt/airflow/dags/daily_chek.py for tasks to queue
[2026-04-23T22:44:38.353+0000] {logging_mixin.py:190} INFO - [2026-04-23T22:44:38.352+0000] {dagbag.py:588} INFO - Filling up the DagBag from /opt/airflow/dags/daily_chek.py
[2026-04-23T22:44:38.385+0000] {processor.py:925} INFO - DAG(s) 'daily_check' retrieved from /opt/airflow/dags/daily_chek.py
[2026-04-23T22:44:38.445+0000] {logging_mixin.py:190} INFO - [2026-04-23T22:44:38.444+0000] {dag.py:3239} INFO - Sync 1 DAGs
[2026-04-23T22:44:38.475+0000] {logging_mixin.py:190} INFO - [2026-04-23T22:44:38.475+0000] {dag.py:4180} INFO - Setting next_dagrun for daily_check to 2026-04-23 00:00:00+00:00, run_after=2026-04-24 00:00:00+00:00
[2026-04-23T22:44:38.498+0000] {processor.py:208} INFO - Processing /opt/airflow/dags/daily_chek.py took 0.172 seconds
[2026-04-23T22:45:08.839+0000] {processor.py:186} INFO - Started process (PID=10457) to work on /opt/airflow/dags/daily_chek.py
[2026-04-23T22:45:08.841+0000] {processor.py:914} INFO - Processing file /opt/airflow/dags/daily_chek.py for tasks to queue
[2026-04-23T22:45:08.848+0000] {logging_mixin.py:190} INFO - [2026-04-23T22:45:08.847+0000] {dagbag.py:588} INFO - Filling up the DagBag from /opt/airflow/dags/daily_chek.py
[2026-04-23T22:45:08.884+0000] {processor.py:925} INFO - DAG(s) 'daily_check' retrieved from /opt/airflow/dags/daily_chek.py
[2026-04-23T22:45:08.950+0000] {logging_mixin.py:190} INFO - [2026-04-23T22:45:08.950+0000] {dag.py:3239} INFO - Sync 1 DAGs
[2026-04-23T22:45:08.995+0000] {logging_mixin.py:190} INFO - [2026-04-23T22:45:08.995+0000] {dag.py:4180} INFO - Setting next_dagrun for daily_check to 2026-04-23 00:00:00+00:00, run_after=2026-04-24 00:00:00+00:00
[2026-04-23T22:45:09.019+0000] {processor.py:208} INFO - Processing /opt/airflow/dags/daily_chek.py took 0.199 seconds
[2026-04-23T22:45:39.335+0000] {processor.py:186} INFO - Started process (PID=10478) to work on /opt/airflow/dags/daily_chek.py
[2026-04-23T22:45:39.337+0000] {processor.py:914} INFO - Processing file /opt/airflow/dags/daily_chek.py for tasks to queue
[2026-04-23T22:45:39.345+0000] {logging_mixin.py:190} INFO - [2026-04-23T22:45:39.344+0000] {dagbag.py:588} INFO - Filling up the DagBag from /opt/airflow/dags/daily_chek.py
[2026-04-23T22:45:39.381+0000] {processor.py:925} INFO - DAG(s) 'daily_check' retrieved from /opt/airflow/dags/daily_chek.py
[2026-04-23T22:45:39.446+0000] {logging_mixin.py:190} INFO - [2026-04-23T22:45:39.445+0000] {dag.py:3239} INFO - Sync 1 DAGs
[2026-04-23T22:45:39.484+0000] {logging_mixin.py:190} INFO - [2026-04-23T22:45:39.484+0000] {dag.py:4180} INFO - Setting next_dagrun for daily_check to 2026-04-23 00:00:00+00:00, run_after=2026-04-24 00:00:00+00:00
[2026-04-23T22:45:39.510+0000] {processor.py:208} INFO - Processing /opt/airflow/dags/daily_chek.py took 0.190 seconds
[2026-04-23T22:46:09.806+0000] {processor.py:186} INFO - Started process (PID=10499) to work on /opt/airflow/dags/daily_chek.py
[2026-04-23T22:46:09.808+0000] {processor.py:914} INFO - Processing file /opt/airflow/dags/daily_chek.py for tasks to queue
[2026-04-23T22:46:09.815+0000] {logging_mixin.py:190} INFO - [2026-04-23T22:46:09.814+0000] {dagbag.py:588} INFO - Filling up the DagBag from /opt/airflow/dags/daily_chek.py
[2026-04-23T22:46:09.853+0000] {processor.py:925} INFO - DAG(s) 'daily_check' retrieved from /opt/airflow/dags/daily_chek.py
[2026-04-23T22:46:09.930+0000] {logging_mixin.py:190} INFO - [2026-04-23T22:46:09.929+0000] {dag.py:3239} INFO - Sync 1 DAGs
[2026-04-23T22:46:09.974+0000] {logging_mixin.py:190} INFO - [2026-04-23T22:46:09.973+0000] {dag.py:4180} INFO - Setting next_dagrun for daily_check to 2026-04-23 00:00:00+00:00, run_after=2026-04-24 00:00:00+00:00
[2026-04-23T22:46:10.004+0000] {processor.py:208} INFO - Processing /opt/airflow/dags/daily_chek.py took 0.215 seconds
[2026-04-23T22:46:40.341+0000] {processor.py:186} INFO - Started process (PID=10520) to work on /opt/airflow/dags/daily_chek.py
[2026-04-23T22:46:40.343+0000] {processor.py:914} INFO - Processing file /opt/airflow/dags/daily_chek.py for tasks to queue
[2026-04-23T22:46:40.350+0000] {logging_mixin.py:190} INFO - [2026-04-23T22:46:40.349+0000] {dagbag.py:588} INFO - Filling up the DagBag from /opt/airflow/dags/daily_chek.py
[2026-04-23T22:46:40.382+0000] {processor.py:925} INFO - DAG(s) 'daily_check' retrieved from /opt/airflow/dags/daily_chek.py
[2026-04-23T22:46:40.457+0000] {logging_mixin.py:190} INFO - [2026-04-23T22:46:40.456+0000] {dag.py:3239} INFO - Sync 1 DAGs
[2026-04-23T22:46:40.498+0000] {logging_mixin.py:190} INFO - [2026-04-23T22:46:40.498+0000] {dag.py:4180} INFO - Setting next_dagrun for daily_check to 2026-04-23 00:00:00+00:00, run_after=2026-04-24 00:00:00+00:00
[2026-04-23T22:46:40.516+0000] {processor.py:208} INFO - Processing /opt/airflow/dags/daily_chek.py took 0.191 seconds
[2026-04-23T22:47:10.830+0000] {processor.py:186} INFO - Started process (PID=10541) to work on /opt/airflow/dags/daily_chek.py
[2026-04-23T22:47:10.832+0000] {processor.py:914} INFO - Processing file /opt/airflow/dags/daily_chek.py for tasks to queue
[2026-04-23T22:47:10.839+0000] {logging_mixin.py:190} INFO - [2026-04-23T22:47:10.838+0000] {dagbag.py:588} INFO - Filling up the DagBag from /opt/airflow/dags/daily_chek.py
[2026-04-23T22:47:10.869+0000] {processor.py:925} INFO - DAG(s) 'daily_check' retrieved from /opt/airflow/dags/daily_chek.py
[2026-04-23T22:47:10.935+0000] {logging_mixin.py:190} INFO - [2026-04-23T22:47:10.935+0000] {dag.py:3239} INFO - Sync 1 DAGs
[2026-04-23T22:47:10.977+0000] {logging_mixin.py:190} INFO - [2026-04-23T22:47:10.977+0000] {dag.py:4180} INFO - Setting next_dagrun for daily_check to 2026-04-23 00:00:00+00:00, run_after=2026-04-24 00:00:00+00:00
[2026-04-23T22:47:11.003+0000] {processor.py:208} INFO - Processing /opt/airflow/dags/daily_chek.py took 0.189 seconds
[2026-04-23T22:47:41.362+0000] {processor.py:186} INFO - Started process (PID=10562) to work on /opt/airflow/dags/daily_chek.py
[2026-04-23T22:47:41.364+0000] {processor.py:914} INFO - Processing file /opt/airflow/dags/daily_chek.py for tasks to queue
[2026-04-23T22:47:41.370+0000] {logging_mixin.py:190} INFO - [2026-04-23T22:47:41.369+0000] {dagbag.py:588} INFO - Filling up the DagBag from /opt/airflow/dags/daily_chek.py
[2026-04-23T22:47:41.395+0000] {processor.py:925} INFO - DAG(s) 'daily_check' retrieved from /opt/airflow/dags/daily_chek.py
[2026-04-23T22:47:41.451+0000] {logging_mixin.py:190} INFO - [2026-04-23T22:47:41.450+0000] {dag.py:3239} INFO - Sync 1 DAGs
[2026-04-23T22:47:41.507+0000] {logging_mixin.py:190} INFO - [2026-04-23T22:47:41.506+0000] {dag.py:4180} INFO - Setting next_dagrun for daily_check to 2026-04-23 00:00:00+00:00, run_after=2026-04-24 00:00:00+00:00
[2026-04-23T22:47:41.548+0000] {processor.py:208} INFO - Processing /opt/airflow/dags/daily_chek.py took 0.206 seconds
[2026-04-23T22:48:11.893+0000] {processor.py:186} INFO - Started process (PID=10583) to work on /opt/airflow/dags/daily_chek.py
[2026-04-23T22:48:11.896+0000] {processor.py:914} INFO - Processing file /opt/airflow/dags/daily_chek.py for tasks to queue
[2026-04-23T22:48:11.903+0000] {logging_mixin.py:190} INFO - [2026-04-23T22:48:11.902+0000] {dagbag.py:588} INFO - Filling up the DagBag from /opt/airflow/dags/daily_chek.py
[2026-04-23T22:48:11.938+0000] {processor.py:925} INFO - DAG(s) 'daily_check' retrieved from /opt/airflow/dags/daily_chek.py
[2026-04-23T22:48:12.001+0000] {logging_mixin.py:190} INFO - [2026-04-23T22:48:12.001+0000] {dag.py:3239} INFO - Sync 1 DAGs
[2026-04-23T22:48:12.031+0000] {logging_mixin.py:190} INFO - [2026-04-23T22:48:12.031+0000] {dag.py:4180} INFO - Setting next_dagrun for daily_check to 2026-04-23 00:00:00+00:00, run_after=2026-04-24 00:00:00+00:00
[2026-04-23T22:48:12.054+0000] {processor.py:208} INFO - Processing /opt/airflow/dags/daily_chek.py took 0.179 seconds
[2026-04-23T22:48:42.402+0000] {processor.py:186} INFO - Started process (PID=10604) to work on /opt/airflow/dags/daily_chek.py
[2026-04-23T22:48:42.405+0000] {processor.py:914} INFO - Processing file /opt/airflow/dags/daily_chek.py for tasks to queue
[2026-04-23T22:48:42.414+0000] {logging_mixin.py:190} INFO - [2026-04-23T22:48:42.412+0000] {dagbag.py:588} INFO - Filling up the DagBag from /opt/airflow/dags/daily_chek.py
[2026-04-23T22:48:42.441+0000] {processor.py:925} INFO - DAG(s) 'daily_check' retrieved from /opt/airflow/dags/daily_chek.py
[2026-04-23T22:48:42.474+0000] {logging_mixin.py:190} INFO - [2026-04-23T22:48:42.474+0000] {dag.py:3239} INFO - Sync 1 DAGs
[2026-04-23T22:48:42.512+0000] {logging_mixin.py:190} INFO - [2026-04-23T22:48:42.512+0000] {dag.py:4180} INFO - Setting next_dagrun for daily_check to 2026-04-23 00:00:00+00:00, run_after=2026-04-24 00:00:00+00:00
[2026-04-23T22:48:42.542+0000] {processor.py:208} INFO - Processing /opt/airflow/dags/daily_chek.py took 0.167 seconds
[2026-04-23T22:49:12.883+0000] {processor.py:186} INFO - Started process (PID=10625) to work on /opt/airflow/dags/daily_chek.py
[2026-04-23T22:49:12.885+0000] {processor.py:914} INFO - Processing file /opt/airflow/dags/daily_chek.py for tasks to queue
[2026-04-23T22:49:12.891+0000] {logging_mixin.py:190} INFO - [2026-04-23T22:49:12.889+0000] {dagbag.py:588} INFO - Filling up the DagBag from /opt/airflow/dags/daily_chek.py
[2026-04-23T22:49:12.926+0000] {processor.py:925} INFO - DAG(s) 'daily_check' retrieved from /opt/airflow/dags/daily_chek.py
[2026-04-23T22:49:12.976+0000] {logging_mixin.py:190} INFO - [2026-04-23T22:49:12.976+0000] {dag.py:3239} INFO - Sync 1 DAGs
[2026-04-23T22:49:13.003+0000] {logging_mixin.py:190} INFO - [2026-04-23T22:49:13.003+0000] {dag.py:4180} INFO - Setting next_dagrun for daily_check to 2026-04-23 00:00:00+00:00, run_after=2026-04-24 00:00:00+00:00
[2026-04-23T22:49:13.026+0000] {processor.py:208} INFO - Processing /opt/airflow/dags/daily_chek.py took 0.159 seconds
[2026-04-23T22:49:43.356+0000] {processor.py:186} INFO - Started process (PID=10646) to work on /opt/airflow/dags/daily_chek.py
[2026-04-23T22:49:43.358+0000] {processor.py:914} INFO - Processing file /opt/airflow/dags/daily_chek.py for tasks to queue
[2026-04-23T22:49:43.366+0000] {logging_mixin.py:190} INFO - [2026-04-23T22:49:43.365+0000] {dagbag.py:588} INFO - Filling up the DagBag from /opt/airflow/dags/daily_chek.py
[2026-04-23T22:49:43.402+0000] {processor.py:925} INFO - DAG(s) 'daily_check' retrieved from /opt/airflow/dags/daily_chek.py
[2026-04-23T22:49:43.465+0000] {logging_mixin.py:190} INFO - [2026-04-23T22:49:43.465+0000] {dag.py:3239} INFO - Sync 1 DAGs
[2026-04-23T22:49:43.499+0000] {logging_mixin.py:190} INFO - [2026-04-23T22:49:43.498+0000] {dag.py:4180} INFO - Setting next_dagrun for daily_check to 2026-04-23 00:00:00+00:00, run_after=2026-04-24 00:00:00+00:00
[2026-04-23T22:49:43.522+0000] {processor.py:208} INFO - Processing /opt/airflow/dags/daily_chek.py took 0.183 seconds
[2026-04-23T22:50:13.851+0000] {processor.py:186} INFO - Started process (PID=10667) to work on /opt/airflow/dags/daily_chek.py
[2026-04-23T22:50:13.853+0000] {processor.py:914} INFO - Processing file /opt/airflow/dags/daily_chek.py for tasks to queue
[2026-04-23T22:50:13.860+0000] {logging_mixin.py:190} INFO - [2026-04-23T22:50:13.859+0000] {dagbag.py:588} INFO - Filling up the DagBag from /opt/airflow/dags/daily_chek.py
[2026-04-23T22:50:13.896+0000] {processor.py:925} INFO - DAG(s) 'daily_check' retrieved from /opt/airflow/dags/daily_chek.py
[2026-04-23T22:50:13.978+0000] {logging_mixin.py:190} INFO - [2026-04-23T22:50:13.978+0000] {dag.py:3239} INFO - Sync 1 DAGs
[2026-04-23T22:50:14.018+0000] {logging_mixin.py:190} INFO - [2026-04-23T22:50:14.018+0000] {dag.py:4180} INFO - Setting next_dagrun for daily_check to 2026-04-23 00:00:00+00:00, run_after=2026-04-24 00:00:00+00:00
[2026-04-23T22:50:14.043+0000] {processor.py:208} INFO - Processing /opt/airflow/dags/daily_chek.py took 0.208 seconds
[2026-04-23T22:50:44.374+0000] {processor.py:186} INFO - Started process (PID=10688) to work on /opt/airflow/dags/daily_chek.py
[2026-04-23T22:50:44.376+0000] {processor.py:914} INFO - Processing file /opt/airflow/dags/daily_chek.py for tasks to queue
[2026-04-23T22:50:44.381+0000] {logging_mixin.py:190} INFO - [2026-04-23T22:50:44.381+0000] {dagbag.py:588} INFO - Filling up the DagBag from /opt/airflow/dags/daily_chek.py
[2026-04-23T22:50:44.415+0000] {processor.py:925} INFO - DAG(s) 'daily_check' retrieved from /opt/airflow/dags/daily_chek.py
[2026-04-23T22:50:44.480+0000] {logging_mixin.py:190} INFO - [2026-04-23T22:50:44.479+0000] {dag.py:3239} INFO - Sync 1 DAGs
[2026-04-23T22:50:44.533+0000] {logging_mixin.py:190} INFO - [2026-04-23T22:50:44.533+0000] {dag.py:4180} INFO - Setting next_dagrun for daily_check to 2026-04-23 00:00:00+00:00, run_after=2026-04-24 00:00:00+00:00
[2026-04-23T22:50:44.553+0000] {processor.py:208} INFO - Processing /opt/airflow/dags/daily_chek.py took 0.197 seconds
[2026-04-23T22:51:14.890+0000] {processor.py:186} INFO - Started process (PID=10709) to work on /opt/airflow/dags/daily_chek.py
[2026-04-23T22:51:14.892+0000] {processor.py:914} INFO - Processing file /opt/airflow/dags/daily_chek.py for tasks to queue
[2026-04-23T22:51:14.898+0000] {logging_mixin.py:190} INFO - [2026-04-23T22:51:14.897+0000] {dagbag.py:588} INFO - Filling up the DagBag from /opt/airflow/dags/daily_chek.py
[2026-04-23T22:51:14.932+0000] {processor.py:925} INFO - DAG(s) 'daily_check' retrieved from /opt/airflow/dags/daily_chek.py
[2026-04-23T22:51:15.003+0000] {logging_mixin.py:190} INFO - [2026-04-23T22:51:15.002+0000] {dag.py:3239} INFO - Sync 1 DAGs
[2026-04-23T22:51:15.090+0000] {logging_mixin.py:190} INFO - [2026-04-23T22:51:15.089+0000] {dag.py:4180} INFO - Setting next_dagrun for daily_check to 2026-04-23 00:00:00+00:00, run_after=2026-04-24 00:00:00+00:00
[2026-04-23T22:51:15.144+0000] {processor.py:208} INFO - Processing /opt/airflow/dags/daily_chek.py took 0.277 seconds
[2026-04-23T22:51:45.505+0000] {processor.py:186} INFO - Started process (PID=10730) to work on /opt/airflow/dags/daily_chek.py
[2026-04-23T22:51:45.507+0000] {processor.py:914} INFO - Processing file /opt/airflow/dags/daily_chek.py for tasks to queue
[2026-04-23T22:51:45.512+0000] {logging_mixin.py:190} INFO - [2026-04-23T22:51:45.511+0000] {dagbag.py:588} INFO - Filling up the DagBag from /opt/airflow/dags/daily_chek.py
[2026-04-23T22:51:45.545+0000] {processor.py:925} INFO - DAG(s) 'daily_check' retrieved from /opt/airflow/dags/daily_chek.py
[2026-04-23T22:51:45.608+0000] {logging_mixin.py:190} INFO - [2026-04-23T22:51:45.608+0000] {dag.py:3239} INFO - Sync 1 DAGs
[2026-04-23T22:51:45.640+0000] {logging_mixin.py:190} INFO - [2026-04-23T22:51:45.640+0000] {dag.py:4180} INFO - Setting next_dagrun for daily_check to 2026-04-23 00:00:00+00:00, run_after=2026-04-24 00:00:00+00:00
[2026-04-23T22:51:45.663+0000] {processor.py:208} INFO - Processing /opt/airflow/dags/daily_chek.py took 0.174 seconds
[2026-04-23T22:52:15.999+0000] {processor.py:186} INFO - Started process (PID=10751) to work on /opt/airflow/dags/daily_chek.py
[2026-04-23T22:52:16.001+0000] {processor.py:914} INFO - Processing file /opt/airflow/dags/daily_chek.py for tasks to queue
[2026-04-23T22:52:16.010+0000] {logging_mixin.py:190} INFO - [2026-04-23T22:52:16.009+0000] {dagbag.py:588} INFO - Filling up the DagBag from /opt/airflow/dags/daily_chek.py
[2026-04-23T22:52:16.050+0000] {processor.py:925} INFO - DAG(s) 'daily_check' retrieved from /opt/airflow/dags/daily_chek.py
[2026-04-23T22:52:16.091+0000] {logging_mixin.py:190} INFO - [2026-04-23T22:52:16.091+0000] {dag.py:3239} INFO - Sync 1 DAGs
[2026-04-23T22:52:16.126+0000] {logging_mixin.py:190} INFO - [2026-04-23T22:52:16.125+0000] {dag.py:4180} INFO - Setting next_dagrun for daily_check to 2026-04-23 00:00:00+00:00, run_after=2026-04-24 00:00:00+00:00
[2026-04-23T22:52:16.155+0000] {processor.py:208} INFO - Processing /opt/airflow/dags/daily_chek.py took 0.175 seconds
[2026-04-23T22:52:46.533+0000] {processor.py:186} INFO - Started process (PID=10772) to work on /opt/airflow/dags/daily_chek.py
[2026-04-23T22:52:46.535+0000] {processor.py:914} INFO - Processing file /opt/airflow/dags/daily_chek.py for tasks to queue
[2026-04-23T22:52:46.543+0000] {logging_mixin.py:190} INFO - [2026-04-23T22:52:46.542+0000] {dagbag.py:588} INFO - Filling up the DagBag from /opt/airflow/dags/daily_chek.py
[2026-04-23T22:52:46.581+0000] {processor.py:925} INFO - DAG(s) 'daily_check' retrieved from /opt/airflow/dags/daily_chek.py
[2026-04-23T22:52:46.631+0000] {logging_mixin.py:190} INFO - [2026-04-23T22:52:46.631+0000] {dag.py:3239} INFO - Sync 1 DAGs
[2026-04-23T22:52:46.676+0000] {logging_mixin.py:190} INFO - [2026-04-23T22:52:46.676+0000] {dag.py:4180} INFO - Setting next_dagrun for daily_check to 2026-04-23 00:00:00+00:00, run_after=2026-04-24 00:00:00+00:00
[2026-04-23T22:52:46.707+0000] {processor.py:208} INFO - Processing /opt/airflow/dags/daily_chek.py took 0.195 seconds
[2026-04-23T22:53:17.123+0000] {processor.py:186} INFO - Started process (PID=10793) to work on /opt/airflow/dags/daily_chek.py
[2026-04-23T22:53:17.126+0000] {processor.py:914} INFO - Processing file /opt/airflow/dags/daily_chek.py for tasks to queue
[2026-04-23T22:53:17.135+0000] {logging_mixin.py:190} INFO - [2026-04-23T22:53:17.134+0000] {dagbag.py:588} INFO - Filling up the DagBag from /opt/airflow/dags/daily_chek.py
[2026-04-23T22:53:17.178+0000] {processor.py:925} INFO - DAG(s) 'daily_check' retrieved from /opt/airflow/dags/daily_chek.py
[2026-04-23T22:53:17.224+0000] {logging_mixin.py:190} INFO - [2026-04-23T22:53:17.223+0000] {dag.py:3239} INFO - Sync 1 DAGs
[2026-04-23T22:53:17.275+0000] {logging_mixin.py:190} INFO - [2026-04-23T22:53:17.275+0000] {dag.py:4180} INFO - Setting next_dagrun for daily_check to 2026-04-23 00:00:00+00:00, run_after=2026-04-24 00:00:00+00:00
[2026-04-23T22:53:17.306+0000] {processor.py:208} INFO - Processing /opt/airflow/dags/daily_chek.py took 0.208 seconds
[2026-04-23T22:53:47.705+0000] {processor.py:186} INFO - Started process (PID=10814) to work on /opt/airflow/dags/daily_chek.py
[2026-04-23T22:53:47.708+0000] {processor.py:914} INFO - Processing file /opt/airflow/dags/daily_chek.py for tasks to queue
[2026-04-23T22:53:47.718+0000] {logging_mixin.py:190} INFO - [2026-04-23T22:53:47.717+0000] {dagbag.py:588} INFO - Filling up the DagBag from /opt/airflow/dags/daily_chek.py
[2026-04-23T22:53:47.764+0000] {processor.py:925} INFO - DAG(s) 'daily_check' retrieved from /opt/airflow/dags/daily_chek.py
[2026-04-23T22:53:47.810+0000] {logging_mixin.py:190} INFO - [2026-04-23T22:53:47.809+0000] {dag.py:3239} INFO - Sync 1 DAGs
[2026-04-23T22:53:47.847+0000] {logging_mixin.py:190} INFO - [2026-04-23T22:53:47.847+0000] {dag.py:4180} INFO - Setting next_dagrun for daily_check to 2026-04-23 00:00:00+00:00, run_after=2026-04-24 00:00:00+00:00
[2026-04-23T22:53:47.877+0000] {processor.py:208} INFO - Processing /opt/airflow/dags/daily_chek.py took 0.202 seconds
[2026-04-23T22:54:18.249+0000] {processor.py:186} INFO - Started process (PID=10835) to work on /opt/airflow/dags/daily_chek.py
[2026-04-23T22:54:18.251+0000] {processor.py:914} INFO - Processing file /opt/airflow/dags/daily_chek.py for tasks to queue
[2026-04-23T22:54:18.257+0000] {logging_mixin.py:190} INFO - [2026-04-23T22:54:18.256+0000] {dagbag.py:588} INFO - Filling up the DagBag from /opt/airflow/dags/daily_chek.py
[2026-04-23T22:54:18.303+0000] {processor.py:925} INFO - DAG(s) 'daily_check' retrieved from /opt/airflow/dags/daily_chek.py
[2026-04-23T22:54:18.380+0000] {logging_mixin.py:190} INFO - [2026-04-23T22:54:18.380+0000] {dag.py:3239} INFO - Sync 1 DAGs
[2026-04-23T22:54:18.446+0000] {logging_mixin.py:190} INFO - [2026-04-23T22:54:18.446+0000] {dag.py:4180} INFO - Setting next_dagrun for daily_check to 2026-04-23 00:00:00+00:00, run_after=2026-04-24 00:00:00+00:00
[2026-04-23T22:54:18.492+0000] {processor.py:208} INFO - Processing /opt/airflow/dags/daily_chek.py took 0.262 seconds
[2026-04-23T22:54:48.878+0000] {processor.py:186} INFO - Started process (PID=10856) to work on /opt/airflow/dags/daily_chek.py
[2026-04-23T22:54:48.881+0000] {processor.py:914} INFO - Processing file /opt/airflow/dags/daily_chek.py for tasks to queue
[2026-04-23T22:54:48.887+0000] {logging_mixin.py:190} INFO - [2026-04-23T22:54:48.886+0000] {dagbag.py:588} INFO - Filling up the DagBag from /opt/airflow/dags/daily_chek.py
[2026-04-23T22:54:48.922+0000] {processor.py:925} INFO - DAG(s) 'daily_check' retrieved from /opt/airflow/dags/daily_chek.py
[2026-04-23T22:54:48.971+0000] {logging_mixin.py:190} INFO - [2026-04-23T22:54:48.970+0000] {dag.py:3239} INFO - Sync 1 DAGs
[2026-04-23T22:54:49.001+0000] {logging_mixin.py:190} INFO - [2026-04-23T22:54:49.000+0000] {dag.py:4180} INFO - Setting next_dagrun for daily_check to 2026-04-23 00:00:00+00:00, run_after=2026-04-24 00:00:00+00:00
[2026-04-23T22:54:49.018+0000] {processor.py:208} INFO - Processing /opt/airflow/dags/daily_chek.py took 0.160 seconds
[2026-04-23T22:55:19.397+0000] {processor.py:186} INFO - Started process (PID=10877) to work on /opt/airflow/dags/daily_chek.py
[2026-04-23T22:55:19.399+0000] {processor.py:914} INFO - Processing file /opt/airflow/dags/daily_chek.py for tasks to queue
[2026-04-23T22:55:19.407+0000] {logging_mixin.py:190} INFO - [2026-04-23T22:55:19.406+0000] {dagbag.py:588} INFO - Filling up the DagBag from /opt/airflow/dags/daily_chek.py
[2026-04-23T22:55:19.441+0000] {processor.py:925} INFO - DAG(s) 'daily_check' retrieved from /opt/airflow/dags/daily_chek.py
[2026-04-23T22:55:19.487+0000] {logging_mixin.py:190} INFO - [2026-04-23T22:55:19.486+0000] {dag.py:3239} INFO - Sync 1 DAGs
[2026-04-23T22:55:19.523+0000] {logging_mixin.py:190} INFO - [2026-04-23T22:55:19.523+0000] {dag.py:4180} INFO - Setting next_dagrun for daily_check to 2026-04-23 00:00:00+00:00, run_after=2026-04-24 00:00:00+00:00
[2026-04-23T22:55:19.555+0000] {processor.py:208} INFO - Processing /opt/airflow/dags/daily_chek.py took 0.186 seconds
[2026-04-23T22:55:49.930+0000] {processor.py:186} INFO - Started process (PID=10898) to work on /opt/airflow/dags/daily_chek.py
[2026-04-23T22:55:49.932+0000] {processor.py:914} INFO - Processing file /opt/airflow/dags/daily_chek.py for tasks to queue
[2026-04-23T22:55:49.941+0000] {logging_mixin.py:190} INFO - [2026-04-23T22:55:49.940+0000] {dagbag.py:588} INFO - Filling up the DagBag from /opt/airflow/dags/daily_chek.py
[2026-04-23T22:55:49.982+0000] {processor.py:925} INFO - DAG(s) 'daily_check' retrieved from /opt/airflow/dags/daily_chek.py
[2026-04-23T22:55:50.068+0000] {logging_mixin.py:190} INFO - [2026-04-23T22:55:50.068+0000] {dag.py:3239} INFO - Sync 1 DAGs
[2026-04-23T22:55:50.163+0000] {logging_mixin.py:190} INFO - [2026-04-23T22:55:50.163+0000] {dag.py:4180} INFO - Setting next_dagrun for daily_check to 2026-04-23 00:00:00+00:00, run_after=2026-04-24 00:00:00+00:00
[2026-04-23T22:55:50.230+0000] {processor.py:208} INFO - Processing /opt/airflow/dags/daily_chek.py took 0.321 seconds
[2026-04-23T22:56:20.651+0000] {processor.py:186} INFO - Started process (PID=10919) to work on /opt/airflow/dags/daily_chek.py
[2026-04-23T22:56:20.653+0000] {processor.py:914} INFO - Processing file /opt/airflow/dags/daily_chek.py for tasks to queue
[2026-04-23T22:56:20.664+0000] {logging_mixin.py:190} INFO - [2026-04-23T22:56:20.663+0000] {dagbag.py:588} INFO - Filling up the DagBag from /opt/airflow/dags/daily_chek.py
[2026-04-23T22:56:20.706+0000] {processor.py:925} INFO - DAG(s) 'daily_check' retrieved from /opt/airflow/dags/daily_chek.py
[2026-04-23T22:56:20.777+0000] {logging_mixin.py:190} INFO - [2026-04-23T22:56:20.777+0000] {dag.py:3239} INFO - Sync 1 DAGs
[2026-04-23T22:56:20.813+0000] {logging_mixin.py:190} INFO - [2026-04-23T22:56:20.812+0000] {dag.py:4180} INFO - Setting next_dagrun for daily_check to 2026-04-23 00:00:00+00:00, run_after=2026-04-24 00:00:00+00:00
[2026-04-23T22:56:20.841+0000] {processor.py:208} INFO - Processing /opt/airflow/dags/daily_chek.py took 0.212 seconds
[2026-04-23T22:56:51.227+0000] {processor.py:186} INFO - Started process (PID=10940) to work on /opt/airflow/dags/daily_chek.py
[2026-04-23T22:56:51.230+0000] {processor.py:914} INFO - Processing file /opt/airflow/dags/daily_chek.py for tasks to queue
[2026-04-23T22:56:51.237+0000] {logging_mixin.py:190} INFO - [2026-04-23T22:56:51.236+0000] {dagbag.py:588} INFO - Filling up the DagBag from /opt/airflow/dags/daily_chek.py
[2026-04-23T22:56:51.280+0000] {processor.py:925} INFO - DAG(s) 'daily_check' retrieved from /opt/airflow/dags/daily_chek.py
[2026-04-23T22:56:51.355+0000] {logging_mixin.py:190} INFO - [2026-04-23T22:56:51.354+0000] {dag.py:3239} INFO - Sync 1 DAGs
[2026-04-23T22:56:51.385+0000] {logging_mixin.py:190} INFO - [2026-04-23T22:56:51.384+0000] {dag.py:4180} INFO - Setting next_dagrun for daily_check to 2026-04-23 00:00:00+00:00, run_after=2026-04-24 00:00:00+00:00
[2026-04-23T22:56:51.409+0000] {processor.py:208} INFO - Processing /opt/airflow/dags/daily_chek.py took 0.205 seconds
[2026-04-23T22:57:21.791+0000] {processor.py:186} INFO - Started process (PID=10961) to work on /opt/airflow/dags/daily_chek.py
[2026-04-23T22:57:21.794+0000] {processor.py:914} INFO - Processing file /opt/airflow/dags/daily_chek.py for tasks to queue
[2026-04-23T22:57:21.801+0000] {logging_mixin.py:190} INFO - [2026-04-23T22:57:21.800+0000] {dagbag.py:588} INFO - Filling up the DagBag from /opt/airflow/dags/daily_chek.py
[2026-04-23T22:57:21.843+0000] {processor.py:925} INFO - DAG(s) 'daily_check' retrieved from /opt/airflow/dags/daily_chek.py
[2026-04-23T22:57:21.889+0000] {logging_mixin.py:190} INFO - [2026-04-23T22:57:21.889+0000] {dag.py:3239} INFO - Sync 1 DAGs
[2026-04-23T22:57:21.916+0000] {logging_mixin.py:190} INFO - [2026-04-23T22:57:21.916+0000] {dag.py:4180} INFO - Setting next_dagrun for daily_check to 2026-04-23 00:00:00+00:00, run_after=2026-04-24 00:00:00+00:00
[2026-04-23T22:57:21.936+0000] {processor.py:208} INFO - Processing /opt/airflow/dags/daily_chek.py took 0.167 seconds
[2026-04-23T22:57:52.307+0000] {processor.py:186} INFO - Started process (PID=10982) to work on /opt/airflow/dags/daily_chek.py
[2026-04-23T22:57:52.309+0000] {processor.py:914} INFO - Processing file /opt/airflow/dags/daily_chek.py for tasks to queue
[2026-04-23T22:57:52.315+0000] {logging_mixin.py:190} INFO - [2026-04-23T22:57:52.314+0000] {dagbag.py:588} INFO - Filling up the DagBag from /opt/airflow/dags/daily_chek.py
[2026-04-23T22:57:52.356+0000] {processor.py:925} INFO - DAG(s) 'daily_check' retrieved from /opt/airflow/dags/daily_chek.py
[2026-04-23T22:57:52.410+0000] {logging_mixin.py:190} INFO - [2026-04-23T22:57:52.410+0000] {dag.py:3239} INFO - Sync 1 DAGs
[2026-04-23T22:57:52.446+0000] {logging_mixin.py:190} INFO - [2026-04-23T22:57:52.445+0000] {dag.py:4180} INFO - Setting next_dagrun for daily_check to 2026-04-23 00:00:00+00:00, run_after=2026-04-24 00:00:00+00:00
[2026-04-23T22:57:52.466+0000] {processor.py:208} INFO - Processing /opt/airflow/dags/daily_chek.py took 0.180 seconds
[2026-04-23T22:58:22.881+0000] {processor.py:186} INFO - Started process (PID=11003) to work on /opt/airflow/dags/daily_chek.py
[2026-04-23T22:58:22.883+0000] {processor.py:914} INFO - Processing file /opt/airflow/dags/daily_chek.py for tasks to queue
[2026-04-23T22:58:22.890+0000] {logging_mixin.py:190} INFO - [2026-04-23T22:58:22.889+0000] {dagbag.py:588} INFO - Filling up the DagBag from /opt/airflow/dags/daily_chek.py
[2026-04-23T22:58:22.927+0000] {processor.py:925} INFO - DAG(s) 'daily_check' retrieved from /opt/airflow/dags/daily_chek.py
[2026-04-23T22:58:23.002+0000] {logging_mixin.py:190} INFO - [2026-04-23T22:58:23.002+0000] {dag.py:3239} INFO - Sync 1 DAGs
[2026-04-23T22:58:23.036+0000] {logging_mixin.py:190} INFO - [2026-04-23T22:58:23.036+0000] {dag.py:4180} INFO - Setting next_dagrun for daily_check to 2026-04-23 00:00:00+00:00, run_after=2026-04-24 00:00:00+00:00
[2026-04-23T22:58:23.067+0000] {processor.py:208} INFO - Processing /opt/airflow/dags/daily_chek.py took 0.204 seconds
[2026-04-23T22:58:53.441+0000] {processor.py:186} INFO - Started process (PID=11024) to work on /opt/airflow/dags/daily_chek.py
[2026-04-23T22:58:53.443+0000] {processor.py:914} INFO - Processing file /opt/airflow/dags/daily_chek.py for tasks to queue
[2026-04-23T22:58:53.451+0000] {logging_mixin.py:190} INFO - [2026-04-23T22:58:53.450+0000] {dagbag.py:588} INFO - Filling up the DagBag from /opt/airflow/dags/daily_chek.py
[2026-04-23T22:58:53.491+0000] {processor.py:925} INFO - DAG(s) 'daily_check' retrieved from /opt/airflow/dags/daily_chek.py
[2026-04-23T22:58:53.548+0000] {logging_mixin.py:190} INFO - [2026-04-23T22:58:53.548+0000] {dag.py:3239} INFO - Sync 1 DAGs
[2026-04-23T22:58:53.580+0000] {logging_mixin.py:190} INFO - [2026-04-23T22:58:53.580+0000] {dag.py:4180} INFO - Setting next_dagrun for daily_check to 2026-04-23 00:00:00+00:00, run_after=2026-04-24 00:00:00+00:00
[2026-04-23T22:58:53.605+0000] {processor.py:208} INFO - Processing /opt/airflow/dags/daily_chek.py took 0.185 seconds
[2026-04-23T22:59:23.989+0000] {processor.py:186} INFO - Started process (PID=11045) to work on /opt/airflow/dags/daily_chek.py
[2026-04-23T22:59:23.992+0000] {processor.py:914} INFO - Processing file /opt/airflow/dags/daily_chek.py for tasks to queue
[2026-04-23T22:59:23.999+0000] {logging_mixin.py:190} INFO - [2026-04-23T22:59:23.998+0000] {dagbag.py:588} INFO - Filling up the DagBag from /opt/airflow/dags/daily_chek.py
[2026-04-23T22:59:24.036+0000] {processor.py:925} INFO - DAG(s) 'daily_check' retrieved from /opt/airflow/dags/daily_chek.py
[2026-04-23T22:59:24.090+0000] {logging_mixin.py:190} INFO - [2026-04-23T22:59:24.090+0000] {dag.py:3239} INFO - Sync 1 DAGs
[2026-04-23T22:59:24.127+0000] {logging_mixin.py:190} INFO - [2026-04-23T22:59:24.127+0000] {dag.py:4180} INFO - Setting next_dagrun for daily_check to 2026-04-23 00:00:00+00:00, run_after=2026-04-24 00:00:00+00:00
[2026-04-23T22:59:24.150+0000] {processor.py:208} INFO - Processing /opt/airflow/dags/daily_chek.py took 0.182 seconds
[2026-04-23T22:59:54.523+0000] {processor.py:186} INFO - Started process (PID=11066) to work on /opt/airflow/dags/daily_chek.py
[2026-04-23T22:59:54.525+0000] {processor.py:914} INFO - Processing file /opt/airflow/dags/daily_chek.py for tasks to queue
[2026-04-23T22:59:54.532+0000] {logging_mixin.py:190} INFO - [2026-04-23T22:59:54.531+0000] {dagbag.py:588} INFO - Filling up the DagBag from /opt/airflow/dags/daily_chek.py
[2026-04-23T22:59:54.567+0000] {processor.py:925} INFO - DAG(s) 'daily_check' retrieved from /opt/airflow/dags/daily_chek.py
[2026-04-23T22:59:54.634+0000] {logging_mixin.py:190} INFO - [2026-04-23T22:59:54.633+0000] {dag.py:3239} INFO - Sync 1 DAGs
[2026-04-23T22:59:54.671+0000] {logging_mixin.py:190} INFO - [2026-04-23T22:59:54.671+0000] {dag.py:4180} INFO - Setting next_dagrun for daily_check to 2026-04-23 00:00:00+00:00, run_after=2026-04-24 00:00:00+00:00
[2026-04-23T22:59:54.700+0000] {processor.py:208} INFO - Processing /opt/airflow/dags/daily_chek.py took 0.199 seconds
[2026-04-23T23:00:25.064+0000] {processor.py:186} INFO - Started process (PID=11087) to work on /opt/airflow/dags/daily_chek.py
[2026-04-23T23:00:25.066+0000] {processor.py:914} INFO - Processing file /opt/airflow/dags/daily_chek.py for tasks to queue
[2026-04-23T23:00:25.075+0000] {logging_mixin.py:190} INFO - [2026-04-23T23:00:25.074+0000] {dagbag.py:588} INFO - Filling up the DagBag from /opt/airflow/dags/daily_chek.py
[2026-04-23T23:00:25.119+0000] {processor.py:925} INFO - DAG(s) 'daily_check' retrieved from /opt/airflow/dags/daily_chek.py
[2026-04-23T23:00:25.207+0000] {logging_mixin.py:190} INFO - [2026-04-23T23:00:25.206+0000] {dag.py:3239} INFO - Sync 1 DAGs
[2026-04-23T23:00:25.299+0000] {logging_mixin.py:190} INFO - [2026-04-23T23:00:25.299+0000] {dag.py:4180} INFO - Setting next_dagrun for daily_check to 2026-04-23 00:00:00+00:00, run_after=2026-04-24 00:00:00+00:00
[2026-04-23T23:00:25.359+0000] {processor.py:208} INFO - Processing /opt/airflow/dags/daily_chek.py took 0.315 seconds
[2026-04-23T23:00:55.775+0000] {processor.py:186} INFO - Started process (PID=11108) to work on /opt/airflow/dags/daily_chek.py
[2026-04-23T23:00:55.777+0000] {processor.py:914} INFO - Processing file /opt/airflow/dags/daily_chek.py for tasks to queue
[2026-04-23T23:00:55.783+0000] {logging_mixin.py:190} INFO - [2026-04-23T23:00:55.782+0000] {dagbag.py:588} INFO - Filling up the DagBag from /opt/airflow/dags/daily_chek.py
[2026-04-23T23:00:55.819+0000] {processor.py:925} INFO - DAG(s) 'daily_check' retrieved from /opt/airflow/dags/daily_chek.py
[2026-04-23T23:00:55.903+0000] {logging_mixin.py:190} INFO - [2026-04-23T23:00:55.902+0000] {dag.py:3239} INFO - Sync 1 DAGs
[2026-04-23T23:00:55.954+0000] {logging_mixin.py:190} INFO - [2026-04-23T23:00:55.954+0000] {dag.py:4180} INFO - Setting next_dagrun for daily_check to 2026-04-23 00:00:00+00:00, run_after=2026-04-24 00:00:00+00:00
[2026-04-23T23:00:55.987+0000] {processor.py:208} INFO - Processing /opt/airflow/dags/daily_chek.py took 0.231 seconds
[2026-04-23T23:01:26.373+0000] {processor.py:186} INFO - Started process (PID=11135) to work on /opt/airflow/dags/daily_chek.py
[2026-04-23T23:01:26.376+0000] {processor.py:914} INFO - Processing file /opt/airflow/dags/daily_chek.py for tasks to queue
[2026-04-23T23:01:26.382+0000] {logging_mixin.py:190} INFO - [2026-04-23T23:01:26.381+0000] {dagbag.py:588} INFO - Filling up the DagBag from /opt/airflow/dags/daily_chek.py
[2026-04-23T23:01:26.421+0000] {processor.py:925} INFO - DAG(s) 'daily_check' retrieved from /opt/airflow/dags/daily_chek.py
[2026-04-23T23:01:26.470+0000] {logging_mixin.py:190} INFO - [2026-04-23T23:01:26.470+0000] {dag.py:3239} INFO - Sync 1 DAGs
[2026-04-23T23:01:26.507+0000] {logging_mixin.py:190} INFO - [2026-04-23T23:01:26.507+0000] {dag.py:4180} INFO - Setting next_dagrun for daily_check to 2026-04-23 00:00:00+00:00, run_after=2026-04-24 00:00:00+00:00
[2026-04-23T23:01:26.528+0000] {processor.py:208} INFO - Processing /opt/airflow/dags/daily_chek.py took 0.176 seconds
[2026-04-23T23:01:56.903+0000] {processor.py:186} INFO - Started process (PID=11156) to work on /opt/airflow/dags/daily_chek.py
[2026-04-23T23:01:56.905+0000] {processor.py:914} INFO - Processing file /opt/airflow/dags/daily_chek.py for tasks to queue
[2026-04-23T23:01:56.912+0000] {logging_mixin.py:190} INFO - [2026-04-23T23:01:56.911+0000] {dagbag.py:588} INFO - Filling up the DagBag from /opt/airflow/dags/daily_chek.py
[2026-04-23T23:01:56.951+0000] {processor.py:925} INFO - DAG(s) 'daily_check' retrieved from /opt/airflow/dags/daily_chek.py
[2026-04-23T23:01:57.040+0000] {logging_mixin.py:190} INFO - [2026-04-23T23:01:57.039+0000] {dag.py:3239} INFO - Sync 1 DAGs
[2026-04-23T23:01:57.140+0000] {logging_mixin.py:190} INFO - [2026-04-23T23:01:57.139+0000] {dag.py:4180} INFO - Setting next_dagrun for daily_check to 2026-04-23 00:00:00+00:00, run_after=2026-04-24 00:00:00+00:00
[2026-04-23T23:01:57.195+0000] {processor.py:208} INFO - Processing /opt/airflow/dags/daily_chek.py took 0.313 seconds
[2026-04-23T23:02:27.579+0000] {processor.py:186} INFO - Started process (PID=11177) to work on /opt/airflow/dags/daily_chek.py
[2026-04-23T23:02:27.582+0000] {processor.py:914} INFO - Processing file /opt/airflow/dags/daily_chek.py for tasks to queue
[2026-04-23T23:02:27.590+0000] {logging_mixin.py:190} INFO - [2026-04-23T23:02:27.589+0000] {dagbag.py:588} INFO - Filling up the DagBag from /opt/airflow/dags/daily_chek.py
[2026-04-23T23:02:27.628+0000] {processor.py:925} INFO - DAG(s) 'daily_check' retrieved from /opt/airflow/dags/daily_chek.py
[2026-04-23T23:02:27.675+0000] {logging_mixin.py:190} INFO - [2026-04-23T23:02:27.675+0000] {dag.py:3239} INFO - Sync 1 DAGs
[2026-04-23T23:02:27.711+0000] {logging_mixin.py:190} INFO - [2026-04-23T23:02:27.711+0000] {dag.py:4180} INFO - Setting next_dagrun for daily_check to 2026-04-23 00:00:00+00:00, run_after=2026-04-24 00:00:00+00:00
[2026-04-23T23:02:27.733+0000] {processor.py:208} INFO - Processing /opt/airflow/dags/daily_chek.py took 0.174 seconds
[2026-04-23T23:02:58.114+0000] {processor.py:186} INFO - Started process (PID=11198) to work on /opt/airflow/dags/daily_chek.py
[2026-04-23T23:02:58.116+0000] {processor.py:914} INFO - Processing file /opt/airflow/dags/daily_chek.py for tasks to queue
[2026-04-23T23:02:58.123+0000] {logging_mixin.py:190} INFO - [2026-04-23T23:02:58.122+0000] {dagbag.py:588} INFO - Filling up the DagBag from /opt/airflow/dags/daily_chek.py
[2026-04-23T23:02:58.158+0000] {processor.py:925} INFO - DAG(s) 'daily_check' retrieved from /opt/airflow/dags/daily_chek.py
[2026-04-23T23:02:58.213+0000] {logging_mixin.py:190} INFO - [2026-04-23T23:02:58.213+0000] {dag.py:3239} INFO - Sync 1 DAGs
[2026-04-23T23:02:58.259+0000] {logging_mixin.py:190} INFO - [2026-04-23T23:02:58.258+0000] {dag.py:4180} INFO - Setting next_dagrun for daily_check to 2026-04-23 00:00:00+00:00, run_after=2026-04-24 00:00:00+00:00
[2026-04-23T23:02:58.283+0000] {processor.py:208} INFO - Processing /opt/airflow/dags/daily_chek.py took 0.190 seconds
[2026-04-23T23:03:28.689+0000] {processor.py:186} INFO - Started process (PID=11219) to work on /opt/airflow/dags/daily_chek.py
[2026-04-23T23:03:28.692+0000] {processor.py:914} INFO - Processing file /opt/airflow/dags/daily_chek.py for tasks to queue
[2026-04-23T23:03:28.698+0000] {logging_mixin.py:190} INFO - [2026-04-23T23:03:28.697+0000] {dagbag.py:588} INFO - Filling up the DagBag from /opt/airflow/dags/daily_chek.py
[2026-04-23T23:03:28.734+0000] {processor.py:925} INFO - DAG(s) 'daily_check' retrieved from /opt/airflow/dags/daily_chek.py
[2026-04-23T23:03:28.827+0000] {logging_mixin.py:190} INFO - [2026-04-23T23:03:28.826+0000] {dag.py:3239} INFO - Sync 1 DAGs
[2026-04-23T23:03:28.895+0000] {logging_mixin.py:190} INFO - [2026-04-23T23:03:28.895+0000] {dag.py:4180} INFO - Setting next_dagrun for daily_check to 2026-04-23 00:00:00+00:00, run_after=2026-04-24 00:00:00+00:00
[2026-04-23T23:03:28.926+0000] {processor.py:208} INFO - Processing /opt/airflow/dags/daily_chek.py took 0.256 seconds
[2026-04-23T23:03:59.317+0000] {processor.py:186} INFO - Started process (PID=11240) to work on /opt/airflow/dags/daily_chek.py
[2026-04-23T23:03:59.321+0000] {processor.py:914} INFO - Processing file /opt/airflow/dags/daily_chek.py for tasks to queue
[2026-04-23T23:03:59.331+0000] {logging_mixin.py:190} INFO - [2026-04-23T23:03:59.329+0000] {dagbag.py:588} INFO - Filling up the DagBag from /opt/airflow/dags/daily_chek.py
[2026-04-23T23:03:59.370+0000] {processor.py:925} INFO - DAG(s) 'daily_check' retrieved from /opt/airflow/dags/daily_chek.py
[2026-04-23T23:03:59.404+0000] {logging_mixin.py:190} INFO - [2026-04-23T23:03:59.403+0000] {dag.py:3239} INFO - Sync 1 DAGs
[2026-04-23T23:03:59.429+0000] {logging_mixin.py:190} INFO - [2026-04-23T23:03:59.428+0000] {dag.py:4180} INFO - Setting next_dagrun for daily_check to 2026-04-23 00:00:00+00:00, run_after=2026-04-24 00:00:00+00:00
[2026-04-23T23:03:59.449+0000] {processor.py:208} INFO - Processing /opt/airflow/dags/daily_chek.py took 0.159 seconds
[2026-04-23T23:04:29.825+0000] {processor.py:186} INFO - Started process (PID=11261) to work on /opt/airflow/dags/daily_chek.py
[2026-04-23T23:04:29.827+0000] {processor.py:914} INFO - Processing file /opt/airflow/dags/daily_chek.py for tasks to queue
[2026-04-23T23:04:29.835+0000] {logging_mixin.py:190} INFO - [2026-04-23T23:04:29.834+0000] {dagbag.py:588} INFO - Filling up the DagBag from /opt/airflow/dags/daily_chek.py
[2026-04-23T23:04:29.870+0000] {processor.py:925} INFO - DAG(s) 'daily_check' retrieved from /opt/airflow/dags/daily_chek.py
[2026-04-23T23:04:29.944+0000] {logging_mixin.py:190} INFO - [2026-04-23T23:04:29.943+0000] {dag.py:3239} INFO - Sync 1 DAGs
[2026-04-23T23:04:29.999+0000] {logging_mixin.py:190} INFO - [2026-04-23T23:04:29.999+0000] {dag.py:4180} INFO - Setting next_dagrun for daily_check to 2026-04-23 00:00:00+00:00, run_after=2026-04-24 00:00:00+00:00
[2026-04-23T23:04:30.026+0000] {processor.py:208} INFO - Processing /opt/airflow/dags/daily_chek.py took 0.222 seconds
[2026-04-23T23:05:00.399+0000] {processor.py:186} INFO - Started process (PID=11282) to work on /opt/airflow/dags/daily_chek.py
[2026-04-23T23:05:00.401+0000] {processor.py:914} INFO - Processing file /opt/airflow/dags/daily_chek.py for tasks to queue
[2026-04-23T23:05:00.409+0000] {logging_mixin.py:190} INFO - [2026-04-23T23:05:00.409+0000] {dagbag.py:588} INFO - Filling up the DagBag from /opt/airflow/dags/daily_chek.py
[2026-04-23T23:05:00.446+0000] {processor.py:925} INFO - DAG(s) 'daily_check' retrieved from /opt/airflow/dags/daily_chek.py
[2026-04-23T23:05:00.520+0000] {logging_mixin.py:190} INFO - [2026-04-23T23:05:00.520+0000] {dag.py:3239} INFO - Sync 1 DAGs
[2026-04-23T23:05:00.554+0000] {logging_mixin.py:190} INFO - [2026-04-23T23:05:00.554+0000] {dag.py:4180} INFO - Setting next_dagrun for daily_check to 2026-04-23 00:00:00+00:00, run_after=2026-04-24 00:00:00+00:00
[2026-04-23T23:05:00.578+0000] {processor.py:208} INFO - Processing /opt/airflow/dags/daily_chek.py took 0.198 seconds
[2026-04-23T23:05:30.958+0000] {processor.py:186} INFO - Started process (PID=11303) to work on /opt/airflow/dags/daily_chek.py
[2026-04-23T23:05:30.960+0000] {processor.py:914} INFO - Processing file /opt/airflow/dags/daily_chek.py for tasks to queue
[2026-04-23T23:05:30.968+0000] {logging_mixin.py:190} INFO - [2026-04-23T23:05:30.967+0000] {dagbag.py:588} INFO - Filling up the DagBag from /opt/airflow/dags/daily_chek.py
[2026-04-23T23:05:31.007+0000] {processor.py:925} INFO - DAG(s) 'daily_check' retrieved from /opt/airflow/dags/daily_chek.py
[2026-04-23T23:05:31.062+0000] {logging_mixin.py:190} INFO - [2026-04-23T23:05:31.061+0000] {dag.py:3239} INFO - Sync 1 DAGs
[2026-04-23T23:05:31.112+0000] {logging_mixin.py:190} INFO - [2026-04-23T23:05:31.112+0000] {dag.py:4180} INFO - Setting next_dagrun for daily_check to 2026-04-23 00:00:00+00:00, run_after=2026-04-24 00:00:00+00:00
[2026-04-23T23:05:31.138+0000] {processor.py:208} INFO - Processing /opt/airflow/dags/daily_chek.py took 0.202 seconds
[2026-04-23T23:06:01.507+0000] {processor.py:186} INFO - Started process (PID=11324) to work on /opt/airflow/dags/daily_chek.py
[2026-04-23T23:06:01.509+0000] {processor.py:914} INFO - Processing file /opt/airflow/dags/daily_chek.py for tasks to queue
[2026-04-23T23:06:01.515+0000] {logging_mixin.py:190} INFO - [2026-04-23T23:06:01.514+0000] {dagbag.py:588} INFO - Filling up the DagBag from /opt/airflow/dags/daily_chek.py
[2026-04-23T23:06:01.554+0000] {processor.py:925} INFO - DAG(s) 'daily_check' retrieved from /opt/airflow/dags/daily_chek.py
[2026-04-23T23:06:01.612+0000] {logging_mixin.py:190} INFO - [2026-04-23T23:06:01.612+0000] {dag.py:3239} INFO - Sync 1 DAGs
[2026-04-23T23:06:01.647+0000] {logging_mixin.py:190} INFO - [2026-04-23T23:06:01.646+0000] {dag.py:4180} INFO - Setting next_dagrun for daily_check to 2026-04-23 00:00:00+00:00, run_after=2026-04-24 00:00:00+00:00
[2026-04-23T23:06:01.674+0000] {processor.py:208} INFO - Processing /opt/airflow/dags/daily_chek.py took 0.188 seconds
[2026-04-23T23:06:32.056+0000] {processor.py:186} INFO - Started process (PID=11345) to work on /opt/airflow/dags/daily_chek.py
[2026-04-23T23:06:32.058+0000] {processor.py:914} INFO - Processing file /opt/airflow/dags/daily_chek.py for tasks to queue
[2026-04-23T23:06:32.064+0000] {logging_mixin.py:190} INFO - [2026-04-23T23:06:32.063+0000] {dagbag.py:588} INFO - Filling up the DagBag from /opt/airflow/dags/daily_chek.py
[2026-04-23T23:06:32.109+0000] {processor.py:925} INFO - DAG(s) 'daily_check' retrieved from /opt/airflow/dags/daily_chek.py
[2026-04-23T23:06:32.185+0000] {logging_mixin.py:190} INFO - [2026-04-23T23:06:32.184+0000] {dag.py:3239} INFO - Sync 1 DAGs
[2026-04-23T23:06:32.233+0000] {logging_mixin.py:190} INFO - [2026-04-23T23:06:32.233+0000] {dag.py:4180} INFO - Setting next_dagrun for daily_check to 2026-04-23 00:00:00+00:00, run_after=2026-04-24 00:00:00+00:00
[2026-04-23T23:06:32.253+0000] {processor.py:208} INFO - Processing /opt/airflow/dags/daily_chek.py took 0.219 seconds
[2026-04-23T23:07:02.622+0000] {processor.py:186} INFO - Started process (PID=11366) to work on /opt/airflow/dags/daily_chek.py
[2026-04-23T23:07:02.624+0000] {processor.py:914} INFO - Processing file /opt/airflow/dags/daily_chek.py for tasks to queue
[2026-04-23T23:07:02.630+0000] {logging_mixin.py:190} INFO - [2026-04-23T23:07:02.629+0000] {dagbag.py:588} INFO - Filling up the DagBag from /opt/airflow/dags/daily_chek.py
[2026-04-23T23:07:02.666+0000] {processor.py:925} INFO - DAG(s) 'daily_check' retrieved from /opt/airflow/dags/daily_chek.py
[2026-04-23T23:07:02.743+0000] {logging_mixin.py:190} INFO - [2026-04-23T23:07:02.743+0000] {dag.py:3239} INFO - Sync 1 DAGs
[2026-04-23T23:07:02.780+0000] {logging_mixin.py:190} INFO - [2026-04-23T23:07:02.780+0000] {dag.py:4180} INFO - Setting next_dagrun for daily_check to 2026-04-23 00:00:00+00:00, run_after=2026-04-24 00:00:00+00:00
[2026-04-23T23:07:02.805+0000] {processor.py:208} INFO - Processing /opt/airflow/dags/daily_chek.py took 0.204 seconds
[2026-04-23T23:07:33.188+0000] {processor.py:186} INFO - Started process (PID=11387) to work on /opt/airflow/dags/daily_chek.py
[2026-04-23T23:07:33.190+0000] {processor.py:914} INFO - Processing file /opt/airflow/dags/daily_chek.py for tasks to queue
[2026-04-23T23:07:33.197+0000] {logging_mixin.py:190} INFO - [2026-04-23T23:07:33.196+0000] {dagbag.py:588} INFO - Filling up the DagBag from /opt/airflow/dags/daily_chek.py
[2026-04-23T23:07:33.236+0000] {processor.py:925} INFO - DAG(s) 'daily_check' retrieved from /opt/airflow/dags/daily_chek.py
[2026-04-23T23:07:33.317+0000] {logging_mixin.py:190} INFO - [2026-04-23T23:07:33.317+0000] {dag.py:3239} INFO - Sync 1 DAGs
[2026-04-23T23:07:33.408+0000] {logging_mixin.py:190} INFO - [2026-04-23T23:07:33.407+0000] {dag.py:4180} INFO - Setting next_dagrun for daily_check to 2026-04-23 00:00:00+00:00, run_after=2026-04-24 00:00:00+00:00
[2026-04-23T23:07:33.468+0000] {processor.py:208} INFO - Processing /opt/airflow/dags/daily_chek.py took 0.300 seconds
[2026-04-23T23:08:03.900+0000] {processor.py:186} INFO - Started process (PID=11408) to work on /opt/airflow/dags/daily_chek.py
[2026-04-23T23:08:03.903+0000] {processor.py:914} INFO - Processing file /opt/airflow/dags/daily_chek.py for tasks to queue
[2026-04-23T23:08:03.912+0000] {logging_mixin.py:190} INFO - [2026-04-23T23:08:03.911+0000] {dagbag.py:588} INFO - Filling up the DagBag from /opt/airflow/dags/daily_chek.py
[2026-04-23T23:08:03.951+0000] {processor.py:925} INFO - DAG(s) 'daily_check' retrieved from /opt/airflow/dags/daily_chek.py
[2026-04-23T23:08:03.994+0000] {logging_mixin.py:190} INFO - [2026-04-23T23:08:03.994+0000] {dag.py:3239} INFO - Sync 1 DAGs
[2026-04-23T23:08:04.034+0000] {logging_mixin.py:190} INFO - [2026-04-23T23:08:04.034+0000] {dag.py:4180} INFO - Setting next_dagrun for daily_check to 2026-04-23 00:00:00+00:00, run_after=2026-04-24 00:00:00+00:00
[2026-04-23T23:08:04.062+0000] {processor.py:208} INFO - Processing /opt/airflow/dags/daily_chek.py took 0.182 seconds
[2026-04-23T23:08:34.467+0000] {processor.py:186} INFO - Started process (PID=11429) to work on /opt/airflow/dags/daily_chek.py
[2026-04-23T23:08:34.469+0000] {processor.py:914} INFO - Processing file /opt/airflow/dags/daily_chek.py for tasks to queue
[2026-04-23T23:08:34.478+0000] {logging_mixin.py:190} INFO - [2026-04-23T23:08:34.476+0000] {dagbag.py:588} INFO - Filling up the DagBag from /opt/airflow/dags/daily_chek.py
[2026-04-23T23:08:34.519+0000] {processor.py:925} INFO - DAG(s) 'daily_check' retrieved from /opt/airflow/dags/daily_chek.py
[2026-04-23T23:08:34.600+0000] {logging_mixin.py:190} INFO - [2026-04-23T23:08:34.599+0000] {dag.py:3239} INFO - Sync 1 DAGs
[2026-04-23T23:08:34.690+0000] {logging_mixin.py:190} INFO - [2026-04-23T23:08:34.688+0000] {dag.py:4180} INFO - Setting next_dagrun for daily_check to 2026-04-23 00:00:00+00:00, run_after=2026-04-24 00:00:00+00:00
[2026-04-23T23:08:34.740+0000] {processor.py:208} INFO - Processing /opt/airflow/dags/daily_chek.py took 0.293 seconds
[2026-04-23T23:09:05.139+0000] {processor.py:186} INFO - Started process (PID=11450) to work on /opt/airflow/dags/daily_chek.py
[2026-04-23T23:09:05.141+0000] {processor.py:914} INFO - Processing file /opt/airflow/dags/daily_chek.py for tasks to queue
[2026-04-23T23:09:05.148+0000] {logging_mixin.py:190} INFO - [2026-04-23T23:09:05.147+0000] {dagbag.py:588} INFO - Filling up the DagBag from /opt/airflow/dags/daily_chek.py
[2026-04-23T23:09:05.187+0000] {processor.py:925} INFO - DAG(s) 'daily_check' retrieved from /opt/airflow/dags/daily_chek.py
[2026-04-23T23:09:05.258+0000] {logging_mixin.py:190} INFO - [2026-04-23T23:09:05.257+0000] {dag.py:3239} INFO - Sync 1 DAGs
[2026-04-23T23:09:05.295+0000] {logging_mixin.py:190} INFO - [2026-04-23T23:09:05.295+0000] {dag.py:4180} INFO - Setting next_dagrun for daily_check to 2026-04-23 00:00:00+00:00, run_after=2026-04-24 00:00:00+00:00
[2026-04-23T23:09:05.315+0000] {processor.py:208} INFO - Processing /opt/airflow/dags/daily_chek.py took 0.199 seconds
[2026-04-23T23:09:35.681+0000] {processor.py:186} INFO - Started process (PID=11471) to work on /opt/airflow/dags/daily_chek.py
[2026-04-23T23:09:35.684+0000] {processor.py:914} INFO - Processing file /opt/airflow/dags/daily_chek.py for tasks to queue
[2026-04-23T23:09:35.690+0000] {logging_mixin.py:190} INFO - [2026-04-23T23:09:35.689+0000] {dagbag.py:588} INFO - Filling up the DagBag from /opt/airflow/dags/daily_chek.py
[2026-04-23T23:09:35.727+0000] {processor.py:925} INFO - DAG(s) 'daily_check' retrieved from /opt/airflow/dags/daily_chek.py
[2026-04-23T23:09:35.801+0000] {logging_mixin.py:190} INFO - [2026-04-23T23:09:35.800+0000] {dag.py:3239} INFO - Sync 1 DAGs
[2026-04-23T23:09:35.846+0000] {logging_mixin.py:190} INFO - [2026-04-23T23:09:35.846+0000] {dag.py:4180} INFO - Setting next_dagrun for daily_check to 2026-04-23 00:00:00+00:00, run_after=2026-04-24 00:00:00+00:00
[2026-04-23T23:09:35.871+0000] {processor.py:208} INFO - Processing /opt/airflow/dags/daily_chek.py took 0.208 seconds
[2026-04-23T23:10:06.260+0000] {processor.py:186} INFO - Started process (PID=11492) to work on /opt/airflow/dags/daily_chek.py
[2026-04-23T23:10:06.262+0000] {processor.py:914} INFO - Processing file /opt/airflow/dags/daily_chek.py for tasks to queue
[2026-04-23T23:10:06.268+0000] {logging_mixin.py:190} INFO - [2026-04-23T23:10:06.267+0000] {dagbag.py:588} INFO - Filling up the DagBag from /opt/airflow/dags/daily_chek.py
[2026-04-23T23:10:06.309+0000] {processor.py:925} INFO - DAG(s) 'daily_check' retrieved from /opt/airflow/dags/daily_chek.py
[2026-04-23T23:10:06.363+0000] {logging_mixin.py:190} INFO - [2026-04-23T23:10:06.363+0000] {dag.py:3239} INFO - Sync 1 DAGs
[2026-04-23T23:10:06.393+0000] {logging_mixin.py:190} INFO - [2026-04-23T23:10:06.392+0000] {dag.py:4180} INFO - Setting next_dagrun for daily_check to 2026-04-23 00:00:00+00:00, run_after=2026-04-24 00:00:00+00:00
[2026-04-23T23:10:06.416+0000] {processor.py:208} INFO - Processing /opt/airflow/dags/daily_chek.py took 0.174 seconds
[2026-04-23T23:10:36.795+0000] {processor.py:186} INFO - Started process (PID=11513) to work on /opt/airflow/dags/daily_chek.py
[2026-04-23T23:10:36.798+0000] {processor.py:914} INFO - Processing file /opt/airflow/dags/daily_chek.py for tasks to queue
[2026-04-23T23:10:36.810+0000] {logging_mixin.py:190} INFO - [2026-04-23T23:10:36.807+0000] {dagbag.py:588} INFO - Filling up the DagBag from /opt/airflow/dags/daily_chek.py
[2026-04-23T23:10:36.857+0000] {processor.py:925} INFO - DAG(s) 'daily_check' retrieved from /opt/airflow/dags/daily_chek.py
[2026-04-23T23:10:36.898+0000] {logging_mixin.py:190} INFO - [2026-04-23T23:10:36.898+0000] {dag.py:3239} INFO - Sync 1 DAGs
[2026-04-23T23:10:36.925+0000] {logging_mixin.py:190} INFO - [2026-04-23T23:10:36.925+0000] {dag.py:4180} INFO - Setting next_dagrun for daily_check to 2026-04-23 00:00:00+00:00, run_after=2026-04-24 00:00:00+00:00
[2026-04-23T23:10:36.948+0000] {processor.py:208} INFO - Processing /opt/airflow/dags/daily_chek.py took 0.180 seconds
[2026-04-23T23:11:07.326+0000] {processor.py:186} INFO - Started process (PID=11534) to work on /opt/airflow/dags/daily_chek.py
[2026-04-23T23:11:07.329+0000] {processor.py:914} INFO - Processing file /opt/airflow/dags/daily_chek.py for tasks to queue
[2026-04-23T23:11:07.337+0000] {logging_mixin.py:190} INFO - [2026-04-23T23:11:07.336+0000] {dagbag.py:588} INFO - Filling up the DagBag from /opt/airflow/dags/daily_chek.py
[2026-04-23T23:11:07.376+0000] {processor.py:925} INFO - DAG(s) 'daily_check' retrieved from /opt/airflow/dags/daily_chek.py
[2026-04-23T23:11:07.418+0000] {logging_mixin.py:190} INFO - [2026-04-23T23:11:07.418+0000] {dag.py:3239} INFO - Sync 1 DAGs
[2026-04-23T23:11:07.444+0000] {logging_mixin.py:190} INFO - [2026-04-23T23:11:07.444+0000] {dag.py:4180} INFO - Setting next_dagrun for daily_check to 2026-04-23 00:00:00+00:00, run_after=2026-04-24 00:00:00+00:00
[2026-04-23T23:11:07.468+0000] {processor.py:208} INFO - Processing /opt/airflow/dags/daily_chek.py took 0.164 seconds
[2026-04-23T23:11:37.845+0000] {processor.py:186} INFO - Started process (PID=11555) to work on /opt/airflow/dags/daily_chek.py
[2026-04-23T23:11:37.847+0000] {processor.py:914} INFO - Processing file /opt/airflow/dags/daily_chek.py for tasks to queue
[2026-04-23T23:11:37.856+0000] {logging_mixin.py:190} INFO - [2026-04-23T23:11:37.855+0000] {dagbag.py:588} INFO - Filling up the DagBag from /opt/airflow/dags/daily_chek.py
[2026-04-23T23:11:37.895+0000] {processor.py:925} INFO - DAG(s) 'daily_check' retrieved from /opt/airflow/dags/daily_chek.py
[2026-04-23T23:11:37.992+0000] {logging_mixin.py:190} INFO - [2026-04-23T23:11:37.991+0000] {dag.py:3239} INFO - Sync 1 DAGs
[2026-04-23T23:11:38.054+0000] {logging_mixin.py:190} INFO - [2026-04-23T23:11:38.053+0000] {dag.py:4180} INFO - Setting next_dagrun for daily_check to 2026-04-23 00:00:00+00:00, run_after=2026-04-24 00:00:00+00:00
[2026-04-23T23:11:38.087+0000] {processor.py:208} INFO - Processing /opt/airflow/dags/daily_chek.py took 0.262 seconds
[2026-04-23T23:12:08.484+0000] {processor.py:186} INFO - Started process (PID=11576) to work on /opt/airflow/dags/daily_chek.py
[2026-04-23T23:12:08.486+0000] {processor.py:914} INFO - Processing file /opt/airflow/dags/daily_chek.py for tasks to queue
[2026-04-23T23:12:08.492+0000] {logging_mixin.py:190} INFO - [2026-04-23T23:12:08.491+0000] {dagbag.py:588} INFO - Filling up the DagBag from /opt/airflow/dags/daily_chek.py
[2026-04-23T23:12:08.527+0000] {processor.py:925} INFO - DAG(s) 'daily_check' retrieved from /opt/airflow/dags/daily_chek.py
[2026-04-23T23:12:08.616+0000] {logging_mixin.py:190} INFO - [2026-04-23T23:12:08.615+0000] {dag.py:3239} INFO - Sync 1 DAGs
[2026-04-23T23:12:08.655+0000] {logging_mixin.py:190} INFO - [2026-04-23T23:12:08.655+0000] {dag.py:4180} INFO - Setting next_dagrun for daily_check to 2026-04-23 00:00:00+00:00, run_after=2026-04-24 00:00:00+00:00
[2026-04-23T23:12:08.677+0000] {processor.py:208} INFO - Processing /opt/airflow/dags/daily_chek.py took 0.216 seconds
[2026-04-23T23:12:39.056+0000] {processor.py:186} INFO - Started process (PID=11597) to work on /opt/airflow/dags/daily_chek.py
[2026-04-23T23:12:39.058+0000] {processor.py:914} INFO - Processing file /opt/airflow/dags/daily_chek.py for tasks to queue
[2026-04-23T23:12:39.064+0000] {logging_mixin.py:190} INFO - [2026-04-23T23:12:39.063+0000] {dagbag.py:588} INFO - Filling up the DagBag from /opt/airflow/dags/daily_chek.py
[2026-04-23T23:12:39.103+0000] {processor.py:925} INFO - DAG(s) 'daily_check' retrieved from /opt/airflow/dags/daily_chek.py
[2026-04-23T23:12:39.154+0000] {logging_mixin.py:190} INFO - [2026-04-23T23:12:39.154+0000] {dag.py:3239} INFO - Sync 1 DAGs
[2026-04-23T23:12:39.200+0000] {logging_mixin.py:190} INFO - [2026-04-23T23:12:39.199+0000] {dag.py:4180} INFO - Setting next_dagrun for daily_check to 2026-04-23 00:00:00+00:00, run_after=2026-04-24 00:00:00+00:00
[2026-04-23T23:12:39.225+0000] {processor.py:208} INFO - Processing /opt/airflow/dags/daily_chek.py took 0.191 seconds
[2026-04-23T23:13:09.609+0000] {processor.py:186} INFO - Started process (PID=11618) to work on /opt/airflow/dags/daily_chek.py
[2026-04-23T23:13:09.611+0000] {processor.py:914} INFO - Processing file /opt/airflow/dags/daily_chek.py for tasks to queue
[2026-04-23T23:13:09.617+0000] {logging_mixin.py:190} INFO - [2026-04-23T23:13:09.616+0000] {dagbag.py:588} INFO - Filling up the DagBag from /opt/airflow/dags/daily_chek.py
[2026-04-23T23:13:09.659+0000] {processor.py:925} INFO - DAG(s) 'daily_check' retrieved from /opt/airflow/dags/daily_chek.py
[2026-04-23T23:13:09.755+0000] {logging_mixin.py:190} INFO - [2026-04-23T23:13:09.754+0000] {dag.py:3239} INFO - Sync 1 DAGs
[2026-04-23T23:13:09.802+0000] {logging_mixin.py:190} INFO - [2026-04-23T23:13:09.801+0000] {dag.py:4180} INFO - Setting next_dagrun for daily_check to 2026-04-23 00:00:00+00:00, run_after=2026-04-24 00:00:00+00:00
[2026-04-23T23:13:09.827+0000] {processor.py:208} INFO - Processing /opt/airflow/dags/daily_chek.py took 0.238 seconds
[2026-04-23T23:13:40.230+0000] {processor.py:186} INFO - Started process (PID=11639) to work on /opt/airflow/dags/daily_chek.py
[2026-04-23T23:13:40.232+0000] {processor.py:914} INFO - Processing file /opt/airflow/dags/daily_chek.py for tasks to queue
[2026-04-23T23:13:40.241+0000] {logging_mixin.py:190} INFO - [2026-04-23T23:13:40.239+0000] {dagbag.py:588} INFO - Filling up the DagBag from /opt/airflow/dags/daily_chek.py
[2026-04-23T23:13:40.276+0000] {processor.py:925} INFO - DAG(s) 'daily_check' retrieved from /opt/airflow/dags/daily_chek.py
[2026-04-23T23:13:40.321+0000] {logging_mixin.py:190} INFO - [2026-04-23T23:13:40.320+0000] {dag.py:3239} INFO - Sync 1 DAGs
[2026-04-23T23:13:40.354+0000] {logging_mixin.py:190} INFO - [2026-04-23T23:13:40.354+0000] {dag.py:4180} INFO - Setting next_dagrun for daily_check to 2026-04-23 00:00:00+00:00, run_after=2026-04-24 00:00:00+00:00
[2026-04-23T23:13:40.381+0000] {processor.py:208} INFO - Processing /opt/airflow/dags/daily_chek.py took 0.171 seconds
[2026-04-23T23:14:10.758+0000] {processor.py:186} INFO - Started process (PID=11660) to work on /opt/airflow/dags/daily_chek.py
[2026-04-23T23:14:10.760+0000] {processor.py:914} INFO - Processing file /opt/airflow/dags/daily_chek.py for tasks to queue
[2026-04-23T23:14:10.770+0000] {logging_mixin.py:190} INFO - [2026-04-23T23:14:10.769+0000] {dagbag.py:588} INFO - Filling up the DagBag from /opt/airflow/dags/daily_chek.py
[2026-04-23T23:14:10.814+0000] {processor.py:925} INFO - DAG(s) 'daily_check' retrieved from /opt/airflow/dags/daily_chek.py
[2026-04-23T23:14:10.860+0000] {logging_mixin.py:190} INFO - [2026-04-23T23:14:10.860+0000] {dag.py:3239} INFO - Sync 1 DAGs
[2026-04-23T23:14:10.892+0000] {logging_mixin.py:190} INFO - [2026-04-23T23:14:10.891+0000] {dag.py:4180} INFO - Setting next_dagrun for daily_check to 2026-04-23 00:00:00+00:00, run_after=2026-04-24 00:00:00+00:00
[2026-04-23T23:14:10.912+0000] {processor.py:208} INFO - Processing /opt/airflow/dags/daily_chek.py took 0.174 seconds
[2026-04-23T23:14:41.270+0000] {processor.py:186} INFO - Started process (PID=11682) to work on /opt/airflow/dags/daily_chek.py
[2026-04-23T23:14:41.273+0000] {processor.py:914} INFO - Processing file /opt/airflow/dags/daily_chek.py for tasks to queue
[2026-04-23T23:14:41.280+0000] {logging_mixin.py:190} INFO - [2026-04-23T23:14:41.279+0000] {dagbag.py:588} INFO - Filling up the DagBag from /opt/airflow/dags/daily_chek.py
[2026-04-23T23:14:41.327+0000] {processor.py:925} INFO - DAG(s) 'daily_check' retrieved from /opt/airflow/dags/daily_chek.py
[2026-04-23T23:14:41.374+0000] {logging_mixin.py:190} INFO - [2026-04-23T23:14:41.373+0000] {dag.py:3239} INFO - Sync 1 DAGs
[2026-04-23T23:14:41.409+0000] {logging_mixin.py:190} INFO - [2026-04-23T23:14:41.409+0000] {dag.py:4180} INFO - Setting next_dagrun for daily_check to 2026-04-23 00:00:00+00:00, run_after=2026-04-24 00:00:00+00:00
[2026-04-23T23:14:41.429+0000] {processor.py:208} INFO - Processing /opt/airflow/dags/daily_chek.py took 0.180 seconds
[2026-04-23T23:15:11.811+0000] {processor.py:186} INFO - Started process (PID=11703) to work on /opt/airflow/dags/daily_chek.py
[2026-04-23T23:15:11.813+0000] {processor.py:914} INFO - Processing file /opt/airflow/dags/daily_chek.py for tasks to queue
[2026-04-23T23:15:11.820+0000] {logging_mixin.py:190} INFO - [2026-04-23T23:15:11.819+0000] {dagbag.py:588} INFO - Filling up the DagBag from /opt/airflow/dags/daily_chek.py
[2026-04-23T23:15:11.854+0000] {processor.py:925} INFO - DAG(s) 'daily_check' retrieved from /opt/airflow/dags/daily_chek.py
[2026-04-23T23:15:11.954+0000] {logging_mixin.py:190} INFO - [2026-04-23T23:15:11.953+0000] {dag.py:3239} INFO - Sync 1 DAGs
[2026-04-23T23:15:12.067+0000] {logging_mixin.py:190} INFO - [2026-04-23T23:15:12.066+0000] {dag.py:4180} INFO - Setting next_dagrun for daily_check to 2026-04-23 00:00:00+00:00, run_after=2026-04-24 00:00:00+00:00
[2026-04-23T23:15:12.124+0000] {processor.py:208} INFO - Processing /opt/airflow/dags/daily_chek.py took 0.334 seconds
[2026-04-23T23:15:42.536+0000] {processor.py:186} INFO - Started process (PID=11724) to work on /opt/airflow/dags/daily_chek.py
[2026-04-23T23:15:42.539+0000] {processor.py:914} INFO - Processing file /opt/airflow/dags/daily_chek.py for tasks to queue
[2026-04-23T23:15:42.546+0000] {logging_mixin.py:190} INFO - [2026-04-23T23:15:42.544+0000] {dagbag.py:588} INFO - Filling up the DagBag from /opt/airflow/dags/daily_chek.py
[2026-04-23T23:15:42.586+0000] {processor.py:925} INFO - DAG(s) 'daily_check' retrieved from /opt/airflow/dags/daily_chek.py
[2026-04-23T23:15:42.667+0000] {logging_mixin.py:190} INFO - [2026-04-23T23:15:42.667+0000] {dag.py:3239} INFO - Sync 1 DAGs
[2026-04-23T23:15:42.771+0000] {logging_mixin.py:190} INFO - [2026-04-23T23:15:42.770+0000] {dag.py:4180} INFO - Setting next_dagrun for daily_check to 2026-04-23 00:00:00+00:00, run_after=2026-04-24 00:00:00+00:00
[2026-04-23T23:15:42.831+0000] {processor.py:208} INFO - Processing /opt/airflow/dags/daily_chek.py took 0.313 seconds
[2026-04-23T23:16:13.250+0000] {processor.py:186} INFO - Started process (PID=11745) to work on /opt/airflow/dags/daily_chek.py
[2026-04-23T23:16:13.252+0000] {processor.py:914} INFO - Processing file /opt/airflow/dags/daily_chek.py for tasks to queue
[2026-04-23T23:16:13.260+0000] {logging_mixin.py:190} INFO - [2026-04-23T23:16:13.258+0000] {dagbag.py:588} INFO - Filling up the DagBag from /opt/airflow/dags/daily_chek.py
[2026-04-23T23:16:13.299+0000] {processor.py:925} INFO - DAG(s) 'daily_check' retrieved from /opt/airflow/dags/daily_chek.py
[2026-04-23T23:16:13.353+0000] {logging_mixin.py:190} INFO - [2026-04-23T23:16:13.353+0000] {dag.py:3239} INFO - Sync 1 DAGs
[2026-04-23T23:16:13.392+0000] {logging_mixin.py:190} INFO - [2026-04-23T23:16:13.391+0000] {dag.py:4180} INFO - Setting next_dagrun for daily_check to 2026-04-23 00:00:00+00:00, run_after=2026-04-24 00:00:00+00:00
[2026-04-23T23:16:13.418+0000] {processor.py:208} INFO - Processing /opt/airflow/dags/daily_chek.py took 0.195 seconds
[2026-04-23T23:16:43.792+0000] {processor.py:186} INFO - Started process (PID=11766) to work on /opt/airflow/dags/daily_chek.py
[2026-04-23T23:16:43.794+0000] {processor.py:914} INFO - Processing file /opt/airflow/dags/daily_chek.py for tasks to queue
[2026-04-23T23:16:43.802+0000] {logging_mixin.py:190} INFO - [2026-04-23T23:16:43.800+0000] {dagbag.py:588} INFO - Filling up the DagBag from /opt/airflow/dags/daily_chek.py
[2026-04-23T23:16:43.838+0000] {processor.py:925} INFO - DAG(s) 'daily_check' retrieved from /opt/airflow/dags/daily_chek.py
[2026-04-23T23:16:43.889+0000] {logging_mixin.py:190} INFO - [2026-04-23T23:16:43.889+0000] {dag.py:3239} INFO - Sync 1 DAGs
[2026-04-23T23:16:43.921+0000] {logging_mixin.py:190} INFO - [2026-04-23T23:16:43.921+0000] {dag.py:4180} INFO - Setting next_dagrun for daily_check to 2026-04-23 00:00:00+00:00, run_after=2026-04-24 00:00:00+00:00
[2026-04-23T23:16:43.940+0000] {processor.py:208} INFO - Processing /opt/airflow/dags/daily_chek.py took 0.167 seconds
[2026-04-23T23:17:14.320+0000] {processor.py:186} INFO - Started process (PID=11787) to work on /opt/airflow/dags/daily_chek.py
[2026-04-23T23:17:14.323+0000] {processor.py:914} INFO - Processing file /opt/airflow/dags/daily_chek.py for tasks to queue
[2026-04-23T23:17:14.338+0000] {logging_mixin.py:190} INFO - [2026-04-23T23:17:14.336+0000] {dagbag.py:588} INFO - Filling up the DagBag from /opt/airflow/dags/daily_chek.py
[2026-04-23T23:17:14.373+0000] {processor.py:925} INFO - DAG(s) 'daily_check' retrieved from /opt/airflow/dags/daily_chek.py
[2026-04-23T23:17:14.416+0000] {logging_mixin.py:190} INFO - [2026-04-23T23:17:14.415+0000] {dag.py:3239} INFO - Sync 1 DAGs
[2026-04-23T23:17:14.453+0000] {logging_mixin.py:190} INFO - [2026-04-23T23:17:14.453+0000] {dag.py:4180} INFO - Setting next_dagrun for daily_check to 2026-04-23 00:00:00+00:00, run_after=2026-04-24 00:00:00+00:00
[2026-04-23T23:17:14.471+0000] {processor.py:208} INFO - Processing /opt/airflow/dags/daily_chek.py took 0.171 seconds
[2026-04-23T23:17:44.851+0000] {processor.py:186} INFO - Started process (PID=11808) to work on /opt/airflow/dags/daily_chek.py
[2026-04-23T23:17:44.854+0000] {processor.py:914} INFO - Processing file /opt/airflow/dags/daily_chek.py for tasks to queue
[2026-04-23T23:17:44.865+0000] {logging_mixin.py:190} INFO - [2026-04-23T23:17:44.864+0000] {dagbag.py:588} INFO - Filling up the DagBag from /opt/airflow/dags/daily_chek.py
[2026-04-23T23:17:44.908+0000] {processor.py:925} INFO - DAG(s) 'daily_check' retrieved from /opt/airflow/dags/daily_chek.py
[2026-04-23T23:17:44.984+0000] {logging_mixin.py:190} INFO - [2026-04-23T23:17:44.983+0000] {dag.py:3239} INFO - Sync 1 DAGs
[2026-04-23T23:17:45.047+0000] {logging_mixin.py:190} INFO - [2026-04-23T23:17:45.046+0000] {dag.py:4180} INFO - Setting next_dagrun for daily_check to 2026-04-23 00:00:00+00:00, run_after=2026-04-24 00:00:00+00:00
[2026-04-23T23:17:45.090+0000] {processor.py:208} INFO - Processing /opt/airflow/dags/daily_chek.py took 0.266 seconds
[2026-04-23T23:18:15.508+0000] {processor.py:186} INFO - Started process (PID=11829) to work on /opt/airflow/dags/daily_chek.py
[2026-04-23T23:18:15.511+0000] {processor.py:914} INFO - Processing file /opt/airflow/dags/daily_chek.py for tasks to queue
[2026-04-23T23:18:15.517+0000] {logging_mixin.py:190} INFO - [2026-04-23T23:18:15.516+0000] {dagbag.py:588} INFO - Filling up the DagBag from /opt/airflow/dags/daily_chek.py
[2026-04-23T23:18:15.560+0000] {processor.py:925} INFO - DAG(s) 'daily_check' retrieved from /opt/airflow/dags/daily_chek.py
[2026-04-23T23:18:15.640+0000] {logging_mixin.py:190} INFO - [2026-04-23T23:18:15.638+0000] {dag.py:3239} INFO - Sync 1 DAGs
[2026-04-23T23:18:15.678+0000] {logging_mixin.py:190} INFO - [2026-04-23T23:18:15.678+0000] {dag.py:4180} INFO - Setting next_dagrun for daily_check to 2026-04-23 00:00:00+00:00, run_after=2026-04-24 00:00:00+00:00
[2026-04-23T23:18:15.697+0000] {processor.py:208} INFO - Processing /opt/airflow/dags/daily_chek.py took 0.209 seconds
[2026-04-23T23:18:46.078+0000] {processor.py:186} INFO - Started process (PID=11850) to work on /opt/airflow/dags/daily_chek.py
[2026-04-23T23:18:46.081+0000] {processor.py:914} INFO - Processing file /opt/airflow/dags/daily_chek.py for tasks to queue
[2026-04-23T23:18:46.090+0000] {logging_mixin.py:190} INFO - [2026-04-23T23:18:46.088+0000] {dagbag.py:588} INFO - Filling up the DagBag from /opt/airflow/dags/daily_chek.py
[2026-04-23T23:18:46.132+0000] {processor.py:925} INFO - DAG(s) 'daily_check' retrieved from /opt/airflow/dags/daily_chek.py
[2026-04-23T23:18:46.215+0000] {logging_mixin.py:190} INFO - [2026-04-23T23:18:46.214+0000] {dag.py:3239} INFO - Sync 1 DAGs
[2026-04-23T23:18:46.302+0000] {logging_mixin.py:190} INFO - [2026-04-23T23:18:46.301+0000] {dag.py:4180} INFO - Setting next_dagrun for daily_check to 2026-04-23 00:00:00+00:00, run_after=2026-04-24 00:00:00+00:00
[2026-04-23T23:18:46.359+0000] {processor.py:208} INFO - Processing /opt/airflow/dags/daily_chek.py took 0.305 seconds
[2026-04-23T23:19:16.779+0000] {processor.py:186} INFO - Started process (PID=11871) to work on /opt/airflow/dags/daily_chek.py
[2026-04-23T23:19:16.781+0000] {processor.py:914} INFO - Processing file /opt/airflow/dags/daily_chek.py for tasks to queue
[2026-04-23T23:19:16.788+0000] {logging_mixin.py:190} INFO - [2026-04-23T23:19:16.787+0000] {dagbag.py:588} INFO - Filling up the DagBag from /opt/airflow/dags/daily_chek.py
[2026-04-23T23:19:16.827+0000] {processor.py:925} INFO - DAG(s) 'daily_check' retrieved from /opt/airflow/dags/daily_chek.py
[2026-04-23T23:19:16.900+0000] {logging_mixin.py:190} INFO - [2026-04-23T23:19:16.899+0000] {dag.py:3239} INFO - Sync 1 DAGs
[2026-04-23T23:19:16.935+0000] {logging_mixin.py:190} INFO - [2026-04-23T23:19:16.934+0000] {dag.py:4180} INFO - Setting next_dagrun for daily_check to 2026-04-23 00:00:00+00:00, run_after=2026-04-24 00:00:00+00:00
[2026-04-23T23:19:16.956+0000] {processor.py:208} INFO - Processing /opt/airflow/dags/daily_chek.py took 0.196 seconds
[2026-04-23T23:19:47.341+0000] {processor.py:186} INFO - Started process (PID=11893) to work on /opt/airflow/dags/daily_chek.py
[2026-04-23T23:19:47.344+0000] {processor.py:914} INFO - Processing file /opt/airflow/dags/daily_chek.py for tasks to queue
[2026-04-23T23:19:47.353+0000] {logging_mixin.py:190} INFO - [2026-04-23T23:19:47.352+0000] {dagbag.py:588} INFO - Filling up the DagBag from /opt/airflow/dags/daily_chek.py
[2026-04-23T23:19:47.389+0000] {processor.py:925} INFO - DAG(s) 'daily_check' retrieved from /opt/airflow/dags/daily_chek.py
[2026-04-23T23:19:47.483+0000] {logging_mixin.py:190} INFO - [2026-04-23T23:19:47.482+0000] {dag.py:3239} INFO - Sync 1 DAGs
[2026-04-23T23:19:47.534+0000] {logging_mixin.py:190} INFO - [2026-04-23T23:19:47.533+0000] {dag.py:4180} INFO - Setting next_dagrun for daily_check to 2026-04-23 00:00:00+00:00, run_after=2026-04-24 00:00:00+00:00
[2026-04-23T23:19:47.569+0000] {processor.py:208} INFO - Processing /opt/airflow/dags/daily_chek.py took 0.256 seconds
[2026-04-23T23:20:17.958+0000] {processor.py:186} INFO - Started process (PID=11914) to work on /opt/airflow/dags/daily_chek.py
[2026-04-23T23:20:17.961+0000] {processor.py:914} INFO - Processing file /opt/airflow/dags/daily_chek.py for tasks to queue
[2026-04-23T23:20:17.969+0000] {logging_mixin.py:190} INFO - [2026-04-23T23:20:17.968+0000] {dagbag.py:588} INFO - Filling up the DagBag from /opt/airflow/dags/daily_chek.py
[2026-04-23T23:20:18.014+0000] {processor.py:925} INFO - DAG(s) 'daily_check' retrieved from /opt/airflow/dags/daily_chek.py
[2026-04-23T23:20:18.072+0000] {logging_mixin.py:190} INFO - [2026-04-23T23:20:18.072+0000] {dag.py:3239} INFO - Sync 1 DAGs
[2026-04-23T23:20:18.108+0000] {logging_mixin.py:190} INFO - [2026-04-23T23:20:18.107+0000] {dag.py:4180} INFO - Setting next_dagrun for daily_check to 2026-04-23 00:00:00+00:00, run_after=2026-04-24 00:00:00+00:00
[2026-04-23T23:20:18.129+0000] {processor.py:208} INFO - Processing /opt/airflow/dags/daily_chek.py took 0.194 seconds
[2026-04-23T23:20:48.520+0000] {processor.py:186} INFO - Started process (PID=11935) to work on /opt/airflow/dags/daily_chek.py
[2026-04-23T23:20:48.522+0000] {processor.py:914} INFO - Processing file /opt/airflow/dags/daily_chek.py for tasks to queue
[2026-04-23T23:20:48.528+0000] {logging_mixin.py:190} INFO - [2026-04-23T23:20:48.527+0000] {dagbag.py:588} INFO - Filling up the DagBag from /opt/airflow/dags/daily_chek.py
[2026-04-23T23:20:48.566+0000] {processor.py:925} INFO - DAG(s) 'daily_check' retrieved from /opt/airflow/dags/daily_chek.py
[2026-04-23T23:20:48.651+0000] {logging_mixin.py:190} INFO - [2026-04-23T23:20:48.651+0000] {dag.py:3239} INFO - Sync 1 DAGs
[2026-04-23T23:20:48.753+0000] {logging_mixin.py:190} INFO - [2026-04-23T23:20:48.753+0000] {dag.py:4180} INFO - Setting next_dagrun for daily_check to 2026-04-23 00:00:00+00:00, run_after=2026-04-24 00:00:00+00:00
[2026-04-23T23:20:48.810+0000] {processor.py:208} INFO - Processing /opt/airflow/dags/daily_chek.py took 0.314 seconds
[2026-04-23T23:21:19.213+0000] {processor.py:186} INFO - Started process (PID=11956) to work on /opt/airflow/dags/daily_chek.py
[2026-04-23T23:21:19.215+0000] {processor.py:914} INFO - Processing file /opt/airflow/dags/daily_chek.py for tasks to queue
[2026-04-23T23:21:19.222+0000] {logging_mixin.py:190} INFO - [2026-04-23T23:21:19.221+0000] {dagbag.py:588} INFO - Filling up the DagBag from /opt/airflow/dags/daily_chek.py
[2026-04-23T23:21:19.258+0000] {processor.py:925} INFO - DAG(s) 'daily_check' retrieved from /opt/airflow/dags/daily_chek.py
[2026-04-23T23:21:19.340+0000] {logging_mixin.py:190} INFO - [2026-04-23T23:21:19.339+0000] {dag.py:3239} INFO - Sync 1 DAGs
[2026-04-23T23:21:19.392+0000] {logging_mixin.py:190} INFO - [2026-04-23T23:21:19.392+0000] {dag.py:4180} INFO - Setting next_dagrun for daily_check to 2026-04-23 00:00:00+00:00, run_after=2026-04-24 00:00:00+00:00
[2026-04-23T23:21:19.417+0000] {processor.py:208} INFO - Processing /opt/airflow/dags/daily_chek.py took 0.229 seconds
[2026-04-23T23:21:49.807+0000] {processor.py:186} INFO - Started process (PID=11977) to work on /opt/airflow/dags/daily_chek.py
[2026-04-23T23:21:49.809+0000] {processor.py:914} INFO - Processing file /opt/airflow/dags/daily_chek.py for tasks to queue
[2026-04-23T23:21:49.817+0000] {logging_mixin.py:190} INFO - [2026-04-23T23:21:49.816+0000] {dagbag.py:588} INFO - Filling up the DagBag from /opt/airflow/dags/daily_chek.py
[2026-04-23T23:21:49.854+0000] {processor.py:925} INFO - DAG(s) 'daily_check' retrieved from /opt/airflow/dags/daily_chek.py
[2026-04-23T23:21:49.929+0000] {logging_mixin.py:190} INFO - [2026-04-23T23:21:49.928+0000] {dag.py:3239} INFO - Sync 1 DAGs
[2026-04-23T23:21:49.979+0000] {logging_mixin.py:190} INFO - [2026-04-23T23:21:49.979+0000] {dag.py:4180} INFO - Setting next_dagrun for daily_check to 2026-04-23 00:00:00+00:00, run_after=2026-04-24 00:00:00+00:00
[2026-04-23T23:21:50.006+0000] {processor.py:208} INFO - Processing /opt/airflow/dags/daily_chek.py took 0.219 seconds
[2026-04-23T23:22:20.383+0000] {processor.py:186} INFO - Started process (PID=11998) to work on /opt/airflow/dags/daily_chek.py
[2026-04-23T23:22:20.385+0000] {processor.py:914} INFO - Processing file /opt/airflow/dags/daily_chek.py for tasks to queue
[2026-04-23T23:22:20.392+0000] {logging_mixin.py:190} INFO - [2026-04-23T23:22:20.391+0000] {dagbag.py:588} INFO - Filling up the DagBag from /opt/airflow/dags/daily_chek.py
[2026-04-23T23:22:20.433+0000] {processor.py:925} INFO - DAG(s) 'daily_check' retrieved from /opt/airflow/dags/daily_chek.py
[2026-04-23T23:22:20.518+0000] {logging_mixin.py:190} INFO - [2026-04-23T23:22:20.517+0000] {dag.py:3239} INFO - Sync 1 DAGs
[2026-04-23T23:22:20.625+0000] {logging_mixin.py:190} INFO - [2026-04-23T23:22:20.624+0000] {dag.py:4180} INFO - Setting next_dagrun for daily_check to 2026-04-23 00:00:00+00:00, run_after=2026-04-24 00:00:00+00:00
[2026-04-23T23:22:20.680+0000] {processor.py:208} INFO - Processing /opt/airflow/dags/daily_chek.py took 0.317 seconds
[2026-04-23T23:22:51.067+0000] {processor.py:186} INFO - Started process (PID=12019) to work on /opt/airflow/dags/daily_chek.py
[2026-04-23T23:22:51.069+0000] {processor.py:914} INFO - Processing file /opt/airflow/dags/daily_chek.py for tasks to queue
[2026-04-23T23:22:51.077+0000] {logging_mixin.py:190} INFO - [2026-04-23T23:22:51.075+0000] {dagbag.py:588} INFO - Filling up the DagBag from /opt/airflow/dags/daily_chek.py
[2026-04-23T23:22:51.117+0000] {processor.py:925} INFO - DAG(s) 'daily_check' retrieved from /opt/airflow/dags/daily_chek.py
[2026-04-23T23:22:51.165+0000] {logging_mixin.py:190} INFO - [2026-04-23T23:22:51.165+0000] {dag.py:3239} INFO - Sync 1 DAGs
[2026-04-23T23:22:51.194+0000] {logging_mixin.py:190} INFO - [2026-04-23T23:22:51.194+0000] {dag.py:4180} INFO - Setting next_dagrun for daily_check to 2026-04-23 00:00:00+00:00, run_after=2026-04-24 00:00:00+00:00
[2026-04-23T23:22:51.216+0000] {processor.py:208} INFO - Processing /opt/airflow/dags/daily_chek.py took 0.169 seconds
[2026-04-23T23:23:21.631+0000] {processor.py:186} INFO - Started process (PID=12040) to work on /opt/airflow/dags/daily_chek.py
[2026-04-23T23:23:21.634+0000] {processor.py:914} INFO - Processing file /opt/airflow/dags/daily_chek.py for tasks to queue
[2026-04-23T23:23:21.643+0000] {logging_mixin.py:190} INFO - [2026-04-23T23:23:21.642+0000] {dagbag.py:588} INFO - Filling up the DagBag from /opt/airflow/dags/daily_chek.py
[2026-04-23T23:23:21.697+0000] {processor.py:925} INFO - DAG(s) 'daily_check' retrieved from /opt/airflow/dags/daily_chek.py
[2026-04-23T23:23:21.760+0000] {logging_mixin.py:190} INFO - [2026-04-23T23:23:21.759+0000] {dag.py:3239} INFO - Sync 1 DAGs
[2026-04-23T23:23:21.822+0000] {logging_mixin.py:190} INFO - [2026-04-23T23:23:21.821+0000] {dag.py:4180} INFO - Setting next_dagrun for daily_check to 2026-04-23 00:00:00+00:00, run_after=2026-04-24 00:00:00+00:00
[2026-04-23T23:23:21.871+0000] {processor.py:208} INFO - Processing /opt/airflow/dags/daily_chek.py took 0.271 seconds
[2026-04-23T23:23:52.276+0000] {processor.py:186} INFO - Started process (PID=12061) to work on /opt/airflow/dags/daily_chek.py
[2026-04-23T23:23:52.279+0000] {processor.py:914} INFO - Processing file /opt/airflow/dags/daily_chek.py for tasks to queue
[2026-04-23T23:23:52.286+0000] {logging_mixin.py:190} INFO - [2026-04-23T23:23:52.285+0000] {dagbag.py:588} INFO - Filling up the DagBag from /opt/airflow/dags/daily_chek.py
[2026-04-23T23:23:52.330+0000] {processor.py:925} INFO - DAG(s) 'daily_check' retrieved from /opt/airflow/dags/daily_chek.py
[2026-04-23T23:23:52.378+0000] {logging_mixin.py:190} INFO - [2026-04-23T23:23:52.377+0000] {dag.py:3239} INFO - Sync 1 DAGs
[2026-04-23T23:23:52.425+0000] {logging_mixin.py:190} INFO - [2026-04-23T23:23:52.425+0000] {dag.py:4180} INFO - Setting next_dagrun for daily_check to 2026-04-23 00:00:00+00:00, run_after=2026-04-24 00:00:00+00:00
[2026-04-23T23:23:52.450+0000] {processor.py:208} INFO - Processing /opt/airflow/dags/daily_chek.py took 0.199 seconds
[2026-04-23T23:24:22.838+0000] {processor.py:186} INFO - Started process (PID=12082) to work on /opt/airflow/dags/daily_chek.py
[2026-04-23T23:24:22.841+0000] {processor.py:914} INFO - Processing file /opt/airflow/dags/daily_chek.py for tasks to queue
[2026-04-23T23:24:22.849+0000] {logging_mixin.py:190} INFO - [2026-04-23T23:24:22.848+0000] {dagbag.py:588} INFO - Filling up the DagBag from /opt/airflow/dags/daily_chek.py
[2026-04-23T23:24:22.896+0000] {processor.py:925} INFO - DAG(s) 'daily_check' retrieved from /opt/airflow/dags/daily_chek.py
[2026-04-23T23:24:22.969+0000] {logging_mixin.py:190} INFO - [2026-04-23T23:24:22.968+0000] {dag.py:3239} INFO - Sync 1 DAGs
[2026-04-23T23:24:23.059+0000] {logging_mixin.py:190} INFO - [2026-04-23T23:24:23.059+0000] {dag.py:4180} INFO - Setting next_dagrun for daily_check to 2026-04-23 00:00:00+00:00, run_after=2026-04-24 00:00:00+00:00
[2026-04-23T23:24:23.123+0000] {processor.py:208} INFO - Processing /opt/airflow/dags/daily_chek.py took 0.306 seconds
[2026-04-23T23:24:53.537+0000] {processor.py:186} INFO - Started process (PID=12104) to work on /opt/airflow/dags/daily_chek.py
[2026-04-23T23:24:53.539+0000] {processor.py:914} INFO - Processing file /opt/airflow/dags/daily_chek.py for tasks to queue
[2026-04-23T23:24:53.548+0000] {logging_mixin.py:190} INFO - [2026-04-23T23:24:53.546+0000] {dagbag.py:588} INFO - Filling up the DagBag from /opt/airflow/dags/daily_chek.py
[2026-04-23T23:24:53.593+0000] {processor.py:925} INFO - DAG(s) 'daily_check' retrieved from /opt/airflow/dags/daily_chek.py
[2026-04-23T23:24:53.632+0000] {logging_mixin.py:190} INFO - [2026-04-23T23:24:53.632+0000] {dag.py:3239} INFO - Sync 1 DAGs
[2026-04-23T23:24:53.660+0000] {logging_mixin.py:190} INFO - [2026-04-23T23:24:53.660+0000] {dag.py:4180} INFO - Setting next_dagrun for daily_check to 2026-04-23 00:00:00+00:00, run_after=2026-04-24 00:00:00+00:00
[2026-04-23T23:24:53.688+0000] {processor.py:208} INFO - Processing /opt/airflow/dags/daily_chek.py took 0.171 seconds
[2026-04-23T23:25:24.058+0000] {processor.py:186} INFO - Started process (PID=12125) to work on /opt/airflow/dags/daily_chek.py
[2026-04-23T23:25:24.060+0000] {processor.py:914} INFO - Processing file /opt/airflow/dags/daily_chek.py for tasks to queue
[2026-04-23T23:25:24.067+0000] {logging_mixin.py:190} INFO - [2026-04-23T23:25:24.066+0000] {dagbag.py:588} INFO - Filling up the DagBag from /opt/airflow/dags/daily_chek.py
[2026-04-23T23:25:24.108+0000] {processor.py:925} INFO - DAG(s) 'daily_check' retrieved from /opt/airflow/dags/daily_chek.py
[2026-04-23T23:25:24.180+0000] {logging_mixin.py:190} INFO - [2026-04-23T23:25:24.180+0000] {dag.py:3239} INFO - Sync 1 DAGs
[2026-04-23T23:25:24.219+0000] {logging_mixin.py:190} INFO - [2026-04-23T23:25:24.218+0000] {dag.py:4180} INFO - Setting next_dagrun for daily_check to 2026-04-23 00:00:00+00:00, run_after=2026-04-24 00:00:00+00:00
[2026-04-23T23:25:24.251+0000] {processor.py:208} INFO - Processing /opt/airflow/dags/daily_chek.py took 0.212 seconds
[2026-04-23T23:25:54.637+0000] {processor.py:186} INFO - Started process (PID=12146) to work on /opt/airflow/dags/daily_chek.py
[2026-04-23T23:25:54.639+0000] {processor.py:914} INFO - Processing file /opt/airflow/dags/daily_chek.py for tasks to queue
[2026-04-23T23:25:54.647+0000] {logging_mixin.py:190} INFO - [2026-04-23T23:25:54.646+0000] {dagbag.py:588} INFO - Filling up the DagBag from /opt/airflow/dags/daily_chek.py
[2026-04-23T23:25:54.682+0000] {processor.py:925} INFO - DAG(s) 'daily_check' retrieved from /opt/airflow/dags/daily_chek.py
[2026-04-23T23:25:54.761+0000] {logging_mixin.py:190} INFO - [2026-04-23T23:25:54.761+0000] {dag.py:3239} INFO - Sync 1 DAGs
[2026-04-23T23:25:54.795+0000] {logging_mixin.py:190} INFO - [2026-04-23T23:25:54.794+0000] {dag.py:4180} INFO - Setting next_dagrun for daily_check to 2026-04-23 00:00:00+00:00, run_after=2026-04-24 00:00:00+00:00
[2026-04-23T23:25:54.824+0000] {processor.py:208} INFO - Processing /opt/airflow/dags/daily_chek.py took 0.205 seconds
[2026-04-23T23:26:25.210+0000] {processor.py:186} INFO - Started process (PID=12167) to work on /opt/airflow/dags/daily_chek.py
[2026-04-23T23:26:25.213+0000] {processor.py:914} INFO - Processing file /opt/airflow/dags/daily_chek.py for tasks to queue
[2026-04-23T23:26:25.223+0000] {logging_mixin.py:190} INFO - [2026-04-23T23:26:25.221+0000] {dagbag.py:588} INFO - Filling up the DagBag from /opt/airflow/dags/daily_chek.py
[2026-04-23T23:26:25.263+0000] {processor.py:925} INFO - DAG(s) 'daily_check' retrieved from /opt/airflow/dags/daily_chek.py
[2026-04-23T23:26:25.306+0000] {logging_mixin.py:190} INFO - [2026-04-23T23:26:25.305+0000] {dag.py:3239} INFO - Sync 1 DAGs
[2026-04-23T23:26:25.348+0000] {logging_mixin.py:190} INFO - [2026-04-23T23:26:25.347+0000] {dag.py:4180} INFO - Setting next_dagrun for daily_check to 2026-04-23 00:00:00+00:00, run_after=2026-04-24 00:00:00+00:00
[2026-04-23T23:26:25.378+0000] {processor.py:208} INFO - Processing /opt/airflow/dags/daily_chek.py took 0.191 seconds
[2026-04-23T23:26:55.759+0000] {processor.py:186} INFO - Started process (PID=12188) to work on /opt/airflow/dags/daily_chek.py
[2026-04-23T23:26:55.762+0000] {processor.py:914} INFO - Processing file /opt/airflow/dags/daily_chek.py for tasks to queue
[2026-04-23T23:26:55.768+0000] {logging_mixin.py:190} INFO - [2026-04-23T23:26:55.767+0000] {dagbag.py:588} INFO - Filling up the DagBag from /opt/airflow/dags/daily_chek.py
[2026-04-23T23:26:55.804+0000] {processor.py:925} INFO - DAG(s) 'daily_check' retrieved from /opt/airflow/dags/daily_chek.py
[2026-04-23T23:26:55.904+0000] {logging_mixin.py:190} INFO - [2026-04-23T23:26:55.903+0000] {dag.py:3239} INFO - Sync 1 DAGs
[2026-04-23T23:26:55.977+0000] {logging_mixin.py:190} INFO - [2026-04-23T23:26:55.976+0000] {dag.py:4180} INFO - Setting next_dagrun for daily_check to 2026-04-23 00:00:00+00:00, run_after=2026-04-24 00:00:00+00:00
[2026-04-23T23:26:56.033+0000] {processor.py:208} INFO - Processing /opt/airflow/dags/daily_chek.py took 0.295 seconds
[2026-04-23T23:27:26.436+0000] {processor.py:186} INFO - Started process (PID=12209) to work on /opt/airflow/dags/daily_chek.py
[2026-04-23T23:27:26.439+0000] {processor.py:914} INFO - Processing file /opt/airflow/dags/daily_chek.py for tasks to queue
[2026-04-23T23:27:26.445+0000] {logging_mixin.py:190} INFO - [2026-04-23T23:27:26.444+0000] {dagbag.py:588} INFO - Filling up the DagBag from /opt/airflow/dags/daily_chek.py
[2026-04-23T23:27:26.485+0000] {processor.py:925} INFO - DAG(s) 'daily_check' retrieved from /opt/airflow/dags/daily_chek.py
[2026-04-23T23:27:26.556+0000] {logging_mixin.py:190} INFO - [2026-04-23T23:27:26.556+0000] {dag.py:3239} INFO - Sync 1 DAGs
[2026-04-23T23:27:26.594+0000] {logging_mixin.py:190} INFO - [2026-04-23T23:27:26.594+0000] {dag.py:4180} INFO - Setting next_dagrun for daily_check to 2026-04-23 00:00:00+00:00, run_after=2026-04-24 00:00:00+00:00
[2026-04-23T23:27:26.615+0000] {processor.py:208} INFO - Processing /opt/airflow/dags/daily_chek.py took 0.200 seconds
[2026-04-23T23:27:56.998+0000] {processor.py:186} INFO - Started process (PID=12230) to work on /opt/airflow/dags/daily_chek.py
[2026-04-23T23:27:57.000+0000] {processor.py:914} INFO - Processing file /opt/airflow/dags/daily_chek.py for tasks to queue
[2026-04-23T23:27:57.006+0000] {logging_mixin.py:190} INFO - [2026-04-23T23:27:57.005+0000] {dagbag.py:588} INFO - Filling up the DagBag from /opt/airflow/dags/daily_chek.py
[2026-04-23T23:27:57.047+0000] {processor.py:925} INFO - DAG(s) 'daily_check' retrieved from /opt/airflow/dags/daily_chek.py
[2026-04-23T23:27:57.107+0000] {logging_mixin.py:190} INFO - [2026-04-23T23:27:57.106+0000] {dag.py:3239} INFO - Sync 1 DAGs
[2026-04-23T23:27:57.136+0000] {logging_mixin.py:190} INFO - [2026-04-23T23:27:57.136+0000] {dag.py:4180} INFO - Setting next_dagrun for daily_check to 2026-04-23 00:00:00+00:00, run_after=2026-04-24 00:00:00+00:00
[2026-04-23T23:27:57.157+0000] {processor.py:208} INFO - Processing /opt/airflow/dags/daily_chek.py took 0.181 seconds
[2026-04-23T23:28:27.555+0000] {processor.py:186} INFO - Started process (PID=12251) to work on /opt/airflow/dags/daily_chek.py
[2026-04-23T23:28:27.557+0000] {processor.py:914} INFO - Processing file /opt/airflow/dags/daily_chek.py for tasks to queue
[2026-04-23T23:28:27.563+0000] {logging_mixin.py:190} INFO - [2026-04-23T23:28:27.562+0000] {dagbag.py:588} INFO - Filling up the DagBag from /opt/airflow/dags/daily_chek.py
[2026-04-23T23:28:27.603+0000] {processor.py:925} INFO - DAG(s) 'daily_check' retrieved from /opt/airflow/dags/daily_chek.py
[2026-04-23T23:28:27.679+0000] {logging_mixin.py:190} INFO - [2026-04-23T23:28:27.678+0000] {dag.py:3239} INFO - Sync 1 DAGs
[2026-04-23T23:28:27.718+0000] {logging_mixin.py:190} INFO - [2026-04-23T23:28:27.717+0000] {dag.py:4180} INFO - Setting next_dagrun for daily_check to 2026-04-23 00:00:00+00:00, run_after=2026-04-24 00:00:00+00:00
[2026-04-23T23:28:27.741+0000] {processor.py:208} INFO - Processing /opt/airflow/dags/daily_chek.py took 0.207 seconds
[2026-04-23T23:28:58.124+0000] {processor.py:186} INFO - Started process (PID=12272) to work on /opt/airflow/dags/daily_chek.py
[2026-04-23T23:28:58.127+0000] {processor.py:914} INFO - Processing file /opt/airflow/dags/daily_chek.py for tasks to queue
[2026-04-23T23:28:58.136+0000] {logging_mixin.py:190} INFO - [2026-04-23T23:28:58.135+0000] {dagbag.py:588} INFO - Filling up the DagBag from /opt/airflow/dags/daily_chek.py
[2026-04-23T23:28:58.177+0000] {processor.py:925} INFO - DAG(s) 'daily_check' retrieved from /opt/airflow/dags/daily_chek.py
[2026-04-23T23:28:58.224+0000] {logging_mixin.py:190} INFO - [2026-04-23T23:28:58.224+0000] {dag.py:3239} INFO - Sync 1 DAGs
[2026-04-23T23:28:58.272+0000] {logging_mixin.py:190} INFO - [2026-04-23T23:28:58.272+0000] {dag.py:4180} INFO - Setting next_dagrun for daily_check to 2026-04-23 00:00:00+00:00, run_after=2026-04-24 00:00:00+00:00
[2026-04-23T23:28:58.312+0000] {processor.py:208} INFO - Processing /opt/airflow/dags/daily_chek.py took 0.211 seconds
[2026-04-23T23:29:28.677+0000] {processor.py:186} INFO - Started process (PID=12293) to work on /opt/airflow/dags/daily_chek.py
[2026-04-23T23:29:28.679+0000] {processor.py:914} INFO - Processing file /opt/airflow/dags/daily_chek.py for tasks to queue
[2026-04-23T23:29:28.687+0000] {logging_mixin.py:190} INFO - [2026-04-23T23:29:28.686+0000] {dagbag.py:588} INFO - Filling up the DagBag from /opt/airflow/dags/daily_chek.py
[2026-04-23T23:29:28.725+0000] {processor.py:925} INFO - DAG(s) 'daily_check' retrieved from /opt/airflow/dags/daily_chek.py
[2026-04-23T23:29:28.804+0000] {logging_mixin.py:190} INFO - [2026-04-23T23:29:28.804+0000] {dag.py:3239} INFO - Sync 1 DAGs
[2026-04-23T23:29:28.841+0000] {logging_mixin.py:190} INFO - [2026-04-23T23:29:28.841+0000] {dag.py:4180} INFO - Setting next_dagrun for daily_check to 2026-04-23 00:00:00+00:00, run_after=2026-04-24 00:00:00+00:00
[2026-04-23T23:29:28.860+0000] {processor.py:208} INFO - Processing /opt/airflow/dags/daily_chek.py took 0.202 seconds
[2026-04-23T23:29:59.246+0000] {processor.py:186} INFO - Started process (PID=12314) to work on /opt/airflow/dags/daily_chek.py
[2026-04-23T23:29:59.249+0000] {processor.py:914} INFO - Processing file /opt/airflow/dags/daily_chek.py for tasks to queue
[2026-04-23T23:29:59.255+0000] {logging_mixin.py:190} INFO - [2026-04-23T23:29:59.254+0000] {dagbag.py:588} INFO - Filling up the DagBag from /opt/airflow/dags/daily_chek.py
[2026-04-23T23:29:59.291+0000] {processor.py:925} INFO - DAG(s) 'daily_check' retrieved from /opt/airflow/dags/daily_chek.py
[2026-04-23T23:29:59.388+0000] {logging_mixin.py:190} INFO - [2026-04-23T23:29:59.388+0000] {dag.py:3239} INFO - Sync 1 DAGs
[2026-04-23T23:29:59.475+0000] {logging_mixin.py:190} INFO - [2026-04-23T23:29:59.475+0000] {dag.py:4180} INFO - Setting next_dagrun for daily_check to 2026-04-23 00:00:00+00:00, run_after=2026-04-24 00:00:00+00:00
[2026-04-23T23:29:59.535+0000] {processor.py:208} INFO - Processing /opt/airflow/dags/daily_chek.py took 0.310 seconds
[2026-04-23T23:30:29.934+0000] {processor.py:186} INFO - Started process (PID=12335) to work on /opt/airflow/dags/daily_chek.py
[2026-04-23T23:30:29.936+0000] {processor.py:914} INFO - Processing file /opt/airflow/dags/daily_chek.py for tasks to queue
[2026-04-23T23:30:29.942+0000] {logging_mixin.py:190} INFO - [2026-04-23T23:30:29.941+0000] {dagbag.py:588} INFO - Filling up the DagBag from /opt/airflow/dags/daily_chek.py
[2026-04-23T23:30:29.980+0000] {processor.py:925} INFO - DAG(s) 'daily_check' retrieved from /opt/airflow/dags/daily_chek.py
[2026-04-23T23:30:30.065+0000] {logging_mixin.py:190} INFO - [2026-04-23T23:30:30.064+0000] {dag.py:3239} INFO - Sync 1 DAGs
[2026-04-23T23:30:30.097+0000] {logging_mixin.py:190} INFO - [2026-04-23T23:30:30.097+0000] {dag.py:4180} INFO - Setting next_dagrun for daily_check to 2026-04-23 00:00:00+00:00, run_after=2026-04-24 00:00:00+00:00
[2026-04-23T23:30:30.118+0000] {processor.py:208} INFO - Processing /opt/airflow/dags/daily_chek.py took 0.207 seconds
[2026-04-23T23:31:00.499+0000] {processor.py:186} INFO - Started process (PID=12356) to work on /opt/airflow/dags/daily_chek.py
[2026-04-23T23:31:00.501+0000] {processor.py:914} INFO - Processing file /opt/airflow/dags/daily_chek.py for tasks to queue
[2026-04-23T23:31:00.508+0000] {logging_mixin.py:190} INFO - [2026-04-23T23:31:00.507+0000] {dagbag.py:588} INFO - Filling up the DagBag from /opt/airflow/dags/daily_chek.py
[2026-04-23T23:31:00.544+0000] {processor.py:925} INFO - DAG(s) 'daily_check' retrieved from /opt/airflow/dags/daily_chek.py
[2026-04-23T23:31:00.630+0000] {logging_mixin.py:190} INFO - [2026-04-23T23:31:00.630+0000] {dag.py:3239} INFO - Sync 1 DAGs
[2026-04-23T23:31:00.726+0000] {logging_mixin.py:190} INFO - [2026-04-23T23:31:00.725+0000] {dag.py:4180} INFO - Setting next_dagrun for daily_check to 2026-04-23 00:00:00+00:00, run_after=2026-04-24 00:00:00+00:00
[2026-04-23T23:31:00.787+0000] {processor.py:208} INFO - Processing /opt/airflow/dags/daily_chek.py took 0.306 seconds
[2026-04-23T23:31:31.193+0000] {processor.py:186} INFO - Started process (PID=12377) to work on /opt/airflow/dags/daily_chek.py
[2026-04-23T23:31:31.195+0000] {processor.py:914} INFO - Processing file /opt/airflow/dags/daily_chek.py for tasks to queue
[2026-04-23T23:31:31.202+0000] {logging_mixin.py:190} INFO - [2026-04-23T23:31:31.201+0000] {dagbag.py:588} INFO - Filling up the DagBag from /opt/airflow/dags/daily_chek.py
[2026-04-23T23:31:31.249+0000] {processor.py:925} INFO - DAG(s) 'daily_check' retrieved from /opt/airflow/dags/daily_chek.py
[2026-04-23T23:31:31.293+0000] {logging_mixin.py:190} INFO - [2026-04-23T23:31:31.292+0000] {dag.py:3239} INFO - Sync 1 DAGs
[2026-04-23T23:31:31.330+0000] {logging_mixin.py:190} INFO - [2026-04-23T23:31:31.330+0000] {dag.py:4180} INFO - Setting next_dagrun for daily_check to 2026-04-23 00:00:00+00:00, run_after=2026-04-24 00:00:00+00:00
[2026-04-23T23:31:31.351+0000] {processor.py:208} INFO - Processing /opt/airflow/dags/daily_chek.py took 0.178 seconds
[2026-04-23T23:32:01.730+0000] {processor.py:186} INFO - Started process (PID=12398) to work on /opt/airflow/dags/daily_chek.py
[2026-04-23T23:32:01.733+0000] {processor.py:914} INFO - Processing file /opt/airflow/dags/daily_chek.py for tasks to queue
[2026-04-23T23:32:01.740+0000] {logging_mixin.py:190} INFO - [2026-04-23T23:32:01.739+0000] {dagbag.py:588} INFO - Filling up the DagBag from /opt/airflow/dags/daily_chek.py
[2026-04-23T23:32:01.789+0000] {processor.py:925} INFO - DAG(s) 'daily_check' retrieved from /opt/airflow/dags/daily_chek.py
[2026-04-23T23:32:01.869+0000] {logging_mixin.py:190} INFO - [2026-04-23T23:32:01.869+0000] {dag.py:3239} INFO - Sync 1 DAGs
[2026-04-23T23:32:01.960+0000] {logging_mixin.py:190} INFO - [2026-04-23T23:32:01.960+0000] {dag.py:4180} INFO - Setting next_dagrun for daily_check to 2026-04-23 00:00:00+00:00, run_after=2026-04-24 00:00:00+00:00
[2026-04-23T23:32:02.034+0000] {processor.py:208} INFO - Processing /opt/airflow/dags/daily_chek.py took 0.324 seconds
[2026-04-23T23:32:32.439+0000] {processor.py:186} INFO - Started process (PID=12419) to work on /opt/airflow/dags/daily_chek.py
[2026-04-23T23:32:32.441+0000] {processor.py:914} INFO - Processing file /opt/airflow/dags/daily_chek.py for tasks to queue
[2026-04-23T23:32:32.453+0000] {logging_mixin.py:190} INFO - [2026-04-23T23:32:32.452+0000] {dagbag.py:588} INFO - Filling up the DagBag from /opt/airflow/dags/daily_chek.py
[2026-04-23T23:32:32.494+0000] {processor.py:925} INFO - DAG(s) 'daily_check' retrieved from /opt/airflow/dags/daily_chek.py
[2026-04-23T23:32:32.538+0000] {logging_mixin.py:190} INFO - [2026-04-23T23:32:32.538+0000] {dag.py:3239} INFO - Sync 1 DAGs
[2026-04-23T23:32:32.570+0000] {logging_mixin.py:190} INFO - [2026-04-23T23:32:32.570+0000] {dag.py:4180} INFO - Setting next_dagrun for daily_check to 2026-04-23 00:00:00+00:00, run_after=2026-04-24 00:00:00+00:00
[2026-04-23T23:32:32.590+0000] {processor.py:208} INFO - Processing /opt/airflow/dags/daily_chek.py took 0.174 seconds
[2026-04-23T23:33:02.975+0000] {processor.py:186} INFO - Started process (PID=12440) to work on /opt/airflow/dags/daily_chek.py
[2026-04-23T23:33:02.978+0000] {processor.py:914} INFO - Processing file /opt/airflow/dags/daily_chek.py for tasks to queue
[2026-04-23T23:33:02.987+0000] {logging_mixin.py:190} INFO - [2026-04-23T23:33:02.986+0000] {dagbag.py:588} INFO - Filling up the DagBag from /opt/airflow/dags/daily_chek.py
[2026-04-23T23:33:03.022+0000] {processor.py:925} INFO - DAG(s) 'daily_check' retrieved from /opt/airflow/dags/daily_chek.py
[2026-04-23T23:33:03.076+0000] {logging_mixin.py:190} INFO - [2026-04-23T23:33:03.075+0000] {dag.py:3239} INFO - Sync 1 DAGs
[2026-04-23T23:33:03.109+0000] {logging_mixin.py:190} INFO - [2026-04-23T23:33:03.108+0000] {dag.py:4180} INFO - Setting next_dagrun for daily_check to 2026-04-23 00:00:00+00:00, run_after=2026-04-24 00:00:00+00:00
[2026-04-23T23:33:03.130+0000] {processor.py:208} INFO - Processing /opt/airflow/dags/daily_chek.py took 0.181 seconds
[2026-04-23T23:33:33.513+0000] {processor.py:186} INFO - Started process (PID=12461) to work on /opt/airflow/dags/daily_chek.py
[2026-04-23T23:33:33.515+0000] {processor.py:914} INFO - Processing file /opt/airflow/dags/daily_chek.py for tasks to queue
[2026-04-23T23:33:33.521+0000] {logging_mixin.py:190} INFO - [2026-04-23T23:33:33.520+0000] {dagbag.py:588} INFO - Filling up the DagBag from /opt/airflow/dags/daily_chek.py
[2026-04-23T23:33:33.559+0000] {processor.py:925} INFO - DAG(s) 'daily_check' retrieved from /opt/airflow/dags/daily_chek.py
[2026-04-23T23:33:33.636+0000] {logging_mixin.py:190} INFO - [2026-04-23T23:33:33.636+0000] {dag.py:3239} INFO - Sync 1 DAGs
[2026-04-23T23:33:33.738+0000] {logging_mixin.py:190} INFO - [2026-04-23T23:33:33.737+0000] {dag.py:4180} INFO - Setting next_dagrun for daily_check to 2026-04-23 00:00:00+00:00, run_after=2026-04-24 00:00:00+00:00
[2026-04-23T23:33:33.790+0000] {processor.py:208} INFO - Processing /opt/airflow/dags/daily_chek.py took 0.299 seconds
[2026-04-23T23:34:04.189+0000] {processor.py:186} INFO - Started process (PID=12482) to work on /opt/airflow/dags/daily_chek.py
[2026-04-23T23:34:04.191+0000] {processor.py:914} INFO - Processing file /opt/airflow/dags/daily_chek.py for tasks to queue
[2026-04-23T23:34:04.198+0000] {logging_mixin.py:190} INFO - [2026-04-23T23:34:04.197+0000] {dagbag.py:588} INFO - Filling up the DagBag from /opt/airflow/dags/daily_chek.py
[2026-04-23T23:34:04.235+0000] {processor.py:925} INFO - DAG(s) 'daily_check' retrieved from /opt/airflow/dags/daily_chek.py
[2026-04-23T23:34:04.290+0000] {logging_mixin.py:190} INFO - [2026-04-23T23:34:04.290+0000] {dag.py:3239} INFO - Sync 1 DAGs
[2026-04-23T23:34:04.322+0000] {logging_mixin.py:190} INFO - [2026-04-23T23:34:04.322+0000] {dag.py:4180} INFO - Setting next_dagrun for daily_check to 2026-04-23 00:00:00+00:00, run_after=2026-04-24 00:00:00+00:00
[2026-04-23T23:34:04.345+0000] {processor.py:208} INFO - Processing /opt/airflow/dags/daily_chek.py took 0.175 seconds
[2026-04-23T23:34:34.716+0000] {processor.py:186} INFO - Started process (PID=12503) to work on /opt/airflow/dags/daily_chek.py
[2026-04-23T23:34:34.718+0000] {processor.py:914} INFO - Processing file /opt/airflow/dags/daily_chek.py for tasks to queue
[2026-04-23T23:34:34.724+0000] {logging_mixin.py:190} INFO - [2026-04-23T23:34:34.723+0000] {dagbag.py:588} INFO - Filling up the DagBag from /opt/airflow/dags/daily_chek.py
[2026-04-23T23:34:34.761+0000] {processor.py:925} INFO - DAG(s) 'daily_check' retrieved from /opt/airflow/dags/daily_chek.py
[2026-04-23T23:34:34.842+0000] {logging_mixin.py:190} INFO - [2026-04-23T23:34:34.841+0000] {dag.py:3239} INFO - Sync 1 DAGs
[2026-04-23T23:34:34.942+0000] {logging_mixin.py:190} INFO - [2026-04-23T23:34:34.941+0000] {dag.py:4180} INFO - Setting next_dagrun for daily_check to 2026-04-23 00:00:00+00:00, run_after=2026-04-24 00:00:00+00:00
[2026-04-23T23:34:35.004+0000] {processor.py:208} INFO - Processing /opt/airflow/dags/daily_chek.py took 0.308 seconds
[2026-04-23T23:35:05.404+0000] {processor.py:186} INFO - Started process (PID=12524) to work on /opt/airflow/dags/daily_chek.py
[2026-04-23T23:35:05.406+0000] {processor.py:914} INFO - Processing file /opt/airflow/dags/daily_chek.py for tasks to queue
[2026-04-23T23:35:05.414+0000] {logging_mixin.py:190} INFO - [2026-04-23T23:35:05.412+0000] {dagbag.py:588} INFO - Filling up the DagBag from /opt/airflow/dags/daily_chek.py
[2026-04-23T23:35:05.453+0000] {processor.py:925} INFO - DAG(s) 'daily_check' retrieved from /opt/airflow/dags/daily_chek.py
[2026-04-23T23:35:05.532+0000] {logging_mixin.py:190} INFO - [2026-04-23T23:35:05.532+0000] {dag.py:3239} INFO - Sync 1 DAGs
[2026-04-23T23:35:05.571+0000] {logging_mixin.py:190} INFO - [2026-04-23T23:35:05.570+0000] {dag.py:4180} INFO - Setting next_dagrun for daily_check to 2026-04-23 00:00:00+00:00, run_after=2026-04-24 00:00:00+00:00
[2026-04-23T23:35:05.596+0000] {processor.py:208} INFO - Processing /opt/airflow/dags/daily_chek.py took 0.214 seconds
[2026-04-23T23:35:35.979+0000] {processor.py:186} INFO - Started process (PID=12545) to work on /opt/airflow/dags/daily_chek.py
[2026-04-23T23:35:35.981+0000] {processor.py:914} INFO - Processing file /opt/airflow/dags/daily_chek.py for tasks to queue
[2026-04-23T23:35:35.989+0000] {logging_mixin.py:190} INFO - [2026-04-23T23:35:35.988+0000] {dagbag.py:588} INFO - Filling up the DagBag from /opt/airflow/dags/daily_chek.py
[2026-04-23T23:35:36.024+0000] {processor.py:925} INFO - DAG(s) 'daily_check' retrieved from /opt/airflow/dags/daily_chek.py
[2026-04-23T23:35:36.076+0000] {logging_mixin.py:190} INFO - [2026-04-23T23:35:36.076+0000] {dag.py:3239} INFO - Sync 1 DAGs
[2026-04-23T23:35:36.110+0000] {logging_mixin.py:190} INFO - [2026-04-23T23:35:36.110+0000] {dag.py:4180} INFO - Setting next_dagrun for daily_check to 2026-04-23 00:00:00+00:00, run_after=2026-04-24 00:00:00+00:00
[2026-04-23T23:35:36.135+0000] {processor.py:208} INFO - Processing /opt/airflow/dags/daily_chek.py took 0.176 seconds
[2026-04-23T23:36:06.499+0000] {processor.py:186} INFO - Started process (PID=12566) to work on /opt/airflow/dags/daily_chek.py
[2026-04-23T23:36:06.501+0000] {processor.py:914} INFO - Processing file /opt/airflow/dags/daily_chek.py for tasks to queue
[2026-04-23T23:36:06.509+0000] {logging_mixin.py:190} INFO - [2026-04-23T23:36:06.508+0000] {dagbag.py:588} INFO - Filling up the DagBag from /opt/airflow/dags/daily_chek.py
[2026-04-23T23:36:06.546+0000] {processor.py:925} INFO - DAG(s) 'daily_check' retrieved from /opt/airflow/dags/daily_chek.py
[2026-04-23T23:36:06.613+0000] {logging_mixin.py:190} INFO - [2026-04-23T23:36:06.612+0000] {dag.py:3239} INFO - Sync 1 DAGs
[2026-04-23T23:36:06.644+0000] {logging_mixin.py:190} INFO - [2026-04-23T23:36:06.644+0000] {dag.py:4180} INFO - Setting next_dagrun for daily_check to 2026-04-23 00:00:00+00:00, run_after=2026-04-24 00:00:00+00:00
[2026-04-23T23:36:06.669+0000] {processor.py:208} INFO - Processing /opt/airflow/dags/daily_chek.py took 0.188 seconds
[2026-04-23T23:36:37.048+0000] {processor.py:186} INFO - Started process (PID=12587) to work on /opt/airflow/dags/daily_chek.py
[2026-04-23T23:36:37.050+0000] {processor.py:914} INFO - Processing file /opt/airflow/dags/daily_chek.py for tasks to queue
[2026-04-23T23:36:37.056+0000] {logging_mixin.py:190} INFO - [2026-04-23T23:36:37.055+0000] {dagbag.py:588} INFO - Filling up the DagBag from /opt/airflow/dags/daily_chek.py
[2026-04-23T23:36:37.094+0000] {processor.py:925} INFO - DAG(s) 'daily_check' retrieved from /opt/airflow/dags/daily_chek.py
[2026-04-23T23:36:37.167+0000] {logging_mixin.py:190} INFO - [2026-04-23T23:36:37.166+0000] {dag.py:3239} INFO - Sync 1 DAGs
[2026-04-23T23:36:37.204+0000] {logging_mixin.py:190} INFO - [2026-04-23T23:36:37.204+0000] {dag.py:4180} INFO - Setting next_dagrun for daily_check to 2026-04-23 00:00:00+00:00, run_after=2026-04-24 00:00:00+00:00
[2026-04-23T23:36:37.224+0000] {processor.py:208} INFO - Processing /opt/airflow/dags/daily_chek.py took 0.197 seconds
[2026-04-23T23:37:07.618+0000] {processor.py:186} INFO - Started process (PID=12608) to work on /opt/airflow/dags/daily_chek.py
[2026-04-23T23:37:07.621+0000] {processor.py:914} INFO - Processing file /opt/airflow/dags/daily_chek.py for tasks to queue
[2026-04-23T23:37:07.628+0000] {logging_mixin.py:190} INFO - [2026-04-23T23:37:07.628+0000] {dagbag.py:588} INFO - Filling up the DagBag from /opt/airflow/dags/daily_chek.py
[2026-04-23T23:37:07.667+0000] {processor.py:925} INFO - DAG(s) 'daily_check' retrieved from /opt/airflow/dags/daily_chek.py
[2026-04-23T23:37:07.708+0000] {logging_mixin.py:190} INFO - [2026-04-23T23:37:07.708+0000] {dag.py:3239} INFO - Sync 1 DAGs
[2026-04-23T23:37:07.730+0000] {logging_mixin.py:190} INFO - [2026-04-23T23:37:07.730+0000] {dag.py:4180} INFO - Setting next_dagrun for daily_check to 2026-04-23 00:00:00+00:00, run_after=2026-04-24 00:00:00+00:00
[2026-04-23T23:37:07.750+0000] {processor.py:208} INFO - Processing /opt/airflow/dags/daily_chek.py took 0.158 seconds
[2026-04-23T23:37:38.125+0000] {processor.py:186} INFO - Started process (PID=12629) to work on /opt/airflow/dags/daily_chek.py
[2026-04-23T23:37:38.127+0000] {processor.py:914} INFO - Processing file /opt/airflow/dags/daily_chek.py for tasks to queue
[2026-04-23T23:37:38.133+0000] {logging_mixin.py:190} INFO - [2026-04-23T23:37:38.132+0000] {dagbag.py:588} INFO - Filling up the DagBag from /opt/airflow/dags/daily_chek.py
[2026-04-23T23:37:38.170+0000] {processor.py:925} INFO - DAG(s) 'daily_check' retrieved from /opt/airflow/dags/daily_chek.py
[2026-04-23T23:37:38.239+0000] {logging_mixin.py:190} INFO - [2026-04-23T23:37:38.239+0000] {dag.py:3239} INFO - Sync 1 DAGs
[2026-04-23T23:37:38.273+0000] {logging_mixin.py:190} INFO - [2026-04-23T23:37:38.273+0000] {dag.py:4180} INFO - Setting next_dagrun for daily_check to 2026-04-23 00:00:00+00:00, run_after=2026-04-24 00:00:00+00:00
[2026-04-23T23:37:38.298+0000] {processor.py:208} INFO - Processing /opt/airflow/dags/daily_chek.py took 0.193 seconds
[2026-04-23T23:38:08.675+0000] {processor.py:186} INFO - Started process (PID=12650) to work on /opt/airflow/dags/daily_chek.py
[2026-04-23T23:38:08.677+0000] {processor.py:914} INFO - Processing file /opt/airflow/dags/daily_chek.py for tasks to queue
[2026-04-23T23:38:08.683+0000] {logging_mixin.py:190} INFO - [2026-04-23T23:38:08.682+0000] {dagbag.py:588} INFO - Filling up the DagBag from /opt/airflow/dags/daily_chek.py
[2026-04-23T23:38:08.720+0000] {processor.py:925} INFO - DAG(s) 'daily_check' retrieved from /opt/airflow/dags/daily_chek.py
[2026-04-23T23:38:08.804+0000] {logging_mixin.py:190} INFO - [2026-04-23T23:38:08.803+0000] {dag.py:3239} INFO - Sync 1 DAGs
[2026-04-23T23:38:08.853+0000] {logging_mixin.py:190} INFO - [2026-04-23T23:38:08.853+0000] {dag.py:4180} INFO - Setting next_dagrun for daily_check to 2026-04-23 00:00:00+00:00, run_after=2026-04-24 00:00:00+00:00
[2026-04-23T23:38:08.887+0000] {processor.py:208} INFO - Processing /opt/airflow/dags/daily_chek.py took 0.232 seconds
[2026-04-23T23:38:39.299+0000] {processor.py:186} INFO - Started process (PID=12677) to work on /opt/airflow/dags/daily_chek.py
[2026-04-23T23:38:39.302+0000] {processor.py:914} INFO - Processing file /opt/airflow/dags/daily_chek.py for tasks to queue
[2026-04-23T23:38:39.311+0000] {logging_mixin.py:190} INFO - [2026-04-23T23:38:39.310+0000] {dagbag.py:588} INFO - Filling up the DagBag from /opt/airflow/dags/daily_chek.py
[2026-04-23T23:38:39.346+0000] {processor.py:925} INFO - DAG(s) 'daily_check' retrieved from /opt/airflow/dags/daily_chek.py
[2026-04-23T23:38:39.426+0000] {logging_mixin.py:190} INFO - [2026-04-23T23:38:39.425+0000] {dag.py:3239} INFO - Sync 1 DAGs
[2026-04-23T23:38:39.486+0000] {logging_mixin.py:190} INFO - [2026-04-23T23:38:39.485+0000] {dag.py:4180} INFO - Setting next_dagrun for daily_check to 2026-04-23 00:00:00+00:00, run_after=2026-04-24 00:00:00+00:00
[2026-04-23T23:38:39.521+0000] {processor.py:208} INFO - Processing /opt/airflow/dags/daily_chek.py took 0.242 seconds
[2026-04-23T23:39:09.902+0000] {processor.py:186} INFO - Started process (PID=12698) to work on /opt/airflow/dags/daily_chek.py
[2026-04-23T23:39:09.905+0000] {processor.py:914} INFO - Processing file /opt/airflow/dags/daily_chek.py for tasks to queue
[2026-04-23T23:39:09.911+0000] {logging_mixin.py:190} INFO - [2026-04-23T23:39:09.910+0000] {dagbag.py:588} INFO - Filling up the DagBag from /opt/airflow/dags/daily_chek.py
[2026-04-23T23:39:09.952+0000] {processor.py:925} INFO - DAG(s) 'daily_check' retrieved from /opt/airflow/dags/daily_chek.py
[2026-04-23T23:39:10.027+0000] {logging_mixin.py:190} INFO - [2026-04-23T23:39:10.026+0000] {dag.py:3239} INFO - Sync 1 DAGs
[2026-04-23T23:39:10.062+0000] {logging_mixin.py:190} INFO - [2026-04-23T23:39:10.062+0000] {dag.py:4180} INFO - Setting next_dagrun for daily_check to 2026-04-23 00:00:00+00:00, run_after=2026-04-24 00:00:00+00:00
[2026-04-23T23:39:10.081+0000] {processor.py:208} INFO - Processing /opt/airflow/dags/daily_chek.py took 0.200 seconds
[2026-04-23T23:39:40.479+0000] {processor.py:186} INFO - Started process (PID=12719) to work on /opt/airflow/dags/daily_chek.py
[2026-04-23T23:39:40.482+0000] {processor.py:914} INFO - Processing file /opt/airflow/dags/daily_chek.py for tasks to queue
[2026-04-23T23:39:40.498+0000] {logging_mixin.py:190} INFO - [2026-04-23T23:39:40.496+0000] {dagbag.py:588} INFO - Filling up the DagBag from /opt/airflow/dags/daily_chek.py
[2026-04-23T23:39:40.547+0000] {processor.py:925} INFO - DAG(s) 'daily_check' retrieved from /opt/airflow/dags/daily_chek.py
[2026-04-23T23:39:40.645+0000] {logging_mixin.py:190} INFO - [2026-04-23T23:39:40.644+0000] {dag.py:3239} INFO - Sync 1 DAGs
[2026-04-23T23:39:40.723+0000] {logging_mixin.py:190} INFO - [2026-04-23T23:39:40.723+0000] {dag.py:4180} INFO - Setting next_dagrun for daily_check to 2026-04-23 00:00:00+00:00, run_after=2026-04-24 00:00:00+00:00
[2026-04-23T23:39:40.751+0000] {processor.py:208} INFO - Processing /opt/airflow/dags/daily_chek.py took 0.308 seconds
[2026-04-23T23:40:11.146+0000] {processor.py:186} INFO - Started process (PID=12740) to work on /opt/airflow/dags/daily_chek.py
[2026-04-23T23:40:11.149+0000] {processor.py:914} INFO - Processing file /opt/airflow/dags/daily_chek.py for tasks to queue
[2026-04-23T23:40:11.156+0000] {logging_mixin.py:190} INFO - [2026-04-23T23:40:11.155+0000] {dagbag.py:588} INFO - Filling up the DagBag from /opt/airflow/dags/daily_chek.py
[2026-04-23T23:40:11.196+0000] {processor.py:925} INFO - DAG(s) 'daily_check' retrieved from /opt/airflow/dags/daily_chek.py
[2026-04-23T23:40:11.236+0000] {logging_mixin.py:190} INFO - [2026-04-23T23:40:11.235+0000] {dag.py:3239} INFO - Sync 1 DAGs
[2026-04-23T23:40:11.265+0000] {logging_mixin.py:190} INFO - [2026-04-23T23:40:11.264+0000] {dag.py:4180} INFO - Setting next_dagrun for daily_check to 2026-04-23 00:00:00+00:00, run_after=2026-04-24 00:00:00+00:00
[2026-04-23T23:40:11.286+0000] {processor.py:208} INFO - Processing /opt/airflow/dags/daily_chek.py took 0.161 seconds
[2026-04-23T23:40:41.667+0000] {processor.py:186} INFO - Started process (PID=12761) to work on /opt/airflow/dags/daily_chek.py
[2026-04-23T23:40:41.669+0000] {processor.py:914} INFO - Processing file /opt/airflow/dags/daily_chek.py for tasks to queue
[2026-04-23T23:40:41.676+0000] {logging_mixin.py:190} INFO - [2026-04-23T23:40:41.675+0000] {dagbag.py:588} INFO - Filling up the DagBag from /opt/airflow/dags/daily_chek.py
[2026-04-23T23:40:41.720+0000] {processor.py:925} INFO - DAG(s) 'daily_check' retrieved from /opt/airflow/dags/daily_chek.py
[2026-04-23T23:40:41.795+0000] {logging_mixin.py:190} INFO - [2026-04-23T23:40:41.795+0000] {dag.py:3239} INFO - Sync 1 DAGs
[2026-04-23T23:40:41.841+0000] {logging_mixin.py:190} INFO - [2026-04-23T23:40:41.840+0000] {dag.py:4180} INFO - Setting next_dagrun for daily_check to 2026-04-23 00:00:00+00:00, run_after=2026-04-24 00:00:00+00:00
[2026-04-23T23:40:41.870+0000] {processor.py:208} INFO - Processing /opt/airflow/dags/daily_chek.py took 0.223 seconds
[2026-04-23T23:41:12.254+0000] {processor.py:186} INFO - Started process (PID=12782) to work on /opt/airflow/dags/daily_chek.py
[2026-04-23T23:41:12.256+0000] {processor.py:914} INFO - Processing file /opt/airflow/dags/daily_chek.py for tasks to queue
[2026-04-23T23:41:12.262+0000] {logging_mixin.py:190} INFO - [2026-04-23T23:41:12.261+0000] {dagbag.py:588} INFO - Filling up the DagBag from /opt/airflow/dags/daily_chek.py
[2026-04-23T23:41:12.301+0000] {processor.py:925} INFO - DAG(s) 'daily_check' retrieved from /opt/airflow/dags/daily_chek.py
[2026-04-23T23:41:12.353+0000] {logging_mixin.py:190} INFO - [2026-04-23T23:41:12.352+0000] {dag.py:3239} INFO - Sync 1 DAGs
[2026-04-23T23:41:12.401+0000] {logging_mixin.py:190} INFO - [2026-04-23T23:41:12.401+0000] {dag.py:4180} INFO - Setting next_dagrun for daily_check to 2026-04-23 00:00:00+00:00, run_after=2026-04-24 00:00:00+00:00
[2026-04-23T23:41:12.438+0000] {processor.py:208} INFO - Processing /opt/airflow/dags/daily_chek.py took 0.204 seconds
[2026-04-23T23:41:42.823+0000] {processor.py:186} INFO - Started process (PID=12803) to work on /opt/airflow/dags/daily_chek.py
[2026-04-23T23:41:42.826+0000] {processor.py:914} INFO - Processing file /opt/airflow/dags/daily_chek.py for tasks to queue
[2026-04-23T23:41:42.833+0000] {logging_mixin.py:190} INFO - [2026-04-23T23:41:42.832+0000] {dagbag.py:588} INFO - Filling up the DagBag from /opt/airflow/dags/daily_chek.py
[2026-04-23T23:41:42.876+0000] {processor.py:925} INFO - DAG(s) 'daily_check' retrieved from /opt/airflow/dags/daily_chek.py
[2026-04-23T23:41:42.976+0000] {logging_mixin.py:190} INFO - [2026-04-23T23:41:42.975+0000] {dag.py:3239} INFO - Sync 1 DAGs
[2026-04-23T23:41:43.063+0000] {logging_mixin.py:190} INFO - [2026-04-23T23:41:43.062+0000] {dag.py:4180} INFO - Setting next_dagrun for daily_check to 2026-04-23 00:00:00+00:00, run_after=2026-04-24 00:00:00+00:00
[2026-04-23T23:41:43.124+0000] {processor.py:208} INFO - Processing /opt/airflow/dags/daily_chek.py took 0.320 seconds
[2026-04-23T23:42:13.542+0000] {processor.py:186} INFO - Started process (PID=12824) to work on /opt/airflow/dags/daily_chek.py
[2026-04-23T23:42:13.544+0000] {processor.py:914} INFO - Processing file /opt/airflow/dags/daily_chek.py for tasks to queue
[2026-04-23T23:42:13.553+0000] {logging_mixin.py:190} INFO - [2026-04-23T23:42:13.552+0000] {dagbag.py:588} INFO - Filling up the DagBag from /opt/airflow/dags/daily_chek.py
[2026-04-23T23:42:13.590+0000] {processor.py:925} INFO - DAG(s) 'daily_check' retrieved from /opt/airflow/dags/daily_chek.py
[2026-04-23T23:42:13.680+0000] {logging_mixin.py:190} INFO - [2026-04-23T23:42:13.680+0000] {dag.py:3239} INFO - Sync 1 DAGs
[2026-04-23T23:42:13.776+0000] {logging_mixin.py:190} INFO - [2026-04-23T23:42:13.775+0000] {dag.py:4180} INFO - Setting next_dagrun for daily_check to 2026-04-23 00:00:00+00:00, run_after=2026-04-24 00:00:00+00:00
[2026-04-23T23:42:13.841+0000] {processor.py:208} INFO - Processing /opt/airflow/dags/daily_chek.py took 0.319 seconds
[2026-04-23T23:42:44.256+0000] {processor.py:186} INFO - Started process (PID=12845) to work on /opt/airflow/dags/daily_chek.py
[2026-04-23T23:42:44.258+0000] {processor.py:914} INFO - Processing file /opt/airflow/dags/daily_chek.py for tasks to queue
[2026-04-23T23:42:44.265+0000] {logging_mixin.py:190} INFO - [2026-04-23T23:42:44.264+0000] {dagbag.py:588} INFO - Filling up the DagBag from /opt/airflow/dags/daily_chek.py
[2026-04-23T23:42:44.302+0000] {processor.py:925} INFO - DAG(s) 'daily_check' retrieved from /opt/airflow/dags/daily_chek.py
[2026-04-23T23:42:44.357+0000] {logging_mixin.py:190} INFO - [2026-04-23T23:42:44.357+0000] {dag.py:3239} INFO - Sync 1 DAGs
[2026-04-23T23:42:44.391+0000] {logging_mixin.py:190} INFO - [2026-04-23T23:42:44.390+0000] {dag.py:4180} INFO - Setting next_dagrun for daily_check to 2026-04-23 00:00:00+00:00, run_after=2026-04-24 00:00:00+00:00
[2026-04-23T23:42:44.409+0000] {processor.py:208} INFO - Processing /opt/airflow/dags/daily_chek.py took 0.179 seconds
[2026-04-23T23:43:14.783+0000] {processor.py:186} INFO - Started process (PID=12866) to work on /opt/airflow/dags/daily_chek.py
[2026-04-23T23:43:14.786+0000] {processor.py:914} INFO - Processing file /opt/airflow/dags/daily_chek.py for tasks to queue
[2026-04-23T23:43:14.792+0000] {logging_mixin.py:190} INFO - [2026-04-23T23:43:14.791+0000] {dagbag.py:588} INFO - Filling up the DagBag from /opt/airflow/dags/daily_chek.py
[2026-04-23T23:43:14.827+0000] {processor.py:925} INFO - DAG(s) 'daily_check' retrieved from /opt/airflow/dags/daily_chek.py
[2026-04-23T23:43:14.878+0000] {logging_mixin.py:190} INFO - [2026-04-23T23:43:14.878+0000] {dag.py:3239} INFO - Sync 1 DAGs
[2026-04-23T23:43:14.921+0000] {logging_mixin.py:190} INFO - [2026-04-23T23:43:14.921+0000] {dag.py:4180} INFO - Setting next_dagrun for daily_check to 2026-04-23 00:00:00+00:00, run_after=2026-04-24 00:00:00+00:00
[2026-04-23T23:43:14.946+0000] {processor.py:208} INFO - Processing /opt/airflow/dags/daily_chek.py took 0.185 seconds
