[2026-04-22T07:39:09.766+0000] {processor.py:186} INFO - Started process (PID=188) to work on /opt/airflow/dags/dag2.py
[2026-04-22T07:39:09.767+0000] {processor.py:914} INFO - Processing file /opt/airflow/dags/dag2.py for tasks to queue
[2026-04-22T07:39:09.770+0000] {logging_mixin.py:190} INFO - [2026-04-22T07:39:09.769+0000] {dagbag.py:588} INFO - Filling up the DagBag from /opt/airflow/dags/dag2.py
[2026-04-22T07:39:09.785+0000] {processor.py:925} INFO - DAG(s) 'data_pipeline' retrieved from /opt/airflow/dags/dag2.py
[2026-04-22T07:39:09.847+0000] {logging_mixin.py:190} INFO - [2026-04-22T07:39:09.846+0000] {dag.py:3239} INFO - Sync 1 DAGs
[2026-04-22T07:39:09.884+0000] {logging_mixin.py:190} INFO - [2026-04-22T07:39:09.884+0000] {dag.py:4180} INFO - Setting next_dagrun for data_pipeline to 2026-04-21 15:30:00+00:00, run_after=2026-04-22 15:30:00+00:00
[2026-04-22T07:39:09.906+0000] {processor.py:208} INFO - Processing /opt/airflow/dags/dag2.py took 0.148 seconds
[2026-04-22T07:39:40.042+0000] {processor.py:186} INFO - Started process (PID=230) to work on /opt/airflow/dags/dag2.py
[2026-04-22T07:39:40.044+0000] {processor.py:914} INFO - Processing file /opt/airflow/dags/dag2.py for tasks to queue
[2026-04-22T07:39:40.050+0000] {logging_mixin.py:190} INFO - [2026-04-22T07:39:40.049+0000] {dagbag.py:588} INFO - Filling up the DagBag from /opt/airflow/dags/dag2.py
[2026-04-22T07:39:40.080+0000] {processor.py:925} INFO - DAG(s) 'data_pipeline' retrieved from /opt/airflow/dags/dag2.py
[2026-04-22T07:39:40.146+0000] {logging_mixin.py:190} INFO - [2026-04-22T07:39:40.145+0000] {dag.py:3239} INFO - Sync 1 DAGs
[2026-04-22T07:39:40.199+0000] {logging_mixin.py:190} INFO - [2026-04-22T07:39:40.199+0000] {dag.py:4180} INFO - Setting next_dagrun for data_pipeline to 2026-04-21 15:30:00+00:00, run_after=2026-04-22 15:30:00+00:00
[2026-04-22T07:39:40.222+0000] {processor.py:208} INFO - Processing /opt/airflow/dags/dag2.py took 0.196 seconds
[2026-04-22T07:40:10.446+0000] {processor.py:186} INFO - Started process (PID=246) to work on /opt/airflow/dags/dag2.py
[2026-04-22T07:40:10.447+0000] {processor.py:914} INFO - Processing file /opt/airflow/dags/dag2.py for tasks to queue
[2026-04-22T07:40:10.452+0000] {logging_mixin.py:190} INFO - [2026-04-22T07:40:10.452+0000] {dagbag.py:588} INFO - Filling up the DagBag from /opt/airflow/dags/dag2.py
[2026-04-22T07:40:10.490+0000] {processor.py:925} INFO - DAG(s) 'data_pipeline' retrieved from /opt/airflow/dags/dag2.py
[2026-04-22T07:40:10.561+0000] {logging_mixin.py:190} INFO - [2026-04-22T07:40:10.560+0000] {dag.py:3239} INFO - Sync 1 DAGs
[2026-04-22T07:40:10.626+0000] {logging_mixin.py:190} INFO - [2026-04-22T07:40:10.626+0000] {dag.py:4180} INFO - Setting next_dagrun for data_pipeline to 2026-04-21 15:30:00+00:00, run_after=2026-04-22 15:30:00+00:00
[2026-04-22T07:40:10.676+0000] {processor.py:208} INFO - Processing /opt/airflow/dags/dag2.py took 0.254 seconds
[2026-04-22T07:40:40.787+0000] {processor.py:186} INFO - Started process (PID=262) to work on /opt/airflow/dags/dag2.py
[2026-04-22T07:40:40.788+0000] {processor.py:914} INFO - Processing file /opt/airflow/dags/dag2.py for tasks to queue
[2026-04-22T07:40:40.789+0000] {logging_mixin.py:190} INFO - [2026-04-22T07:40:40.789+0000] {dagbag.py:588} INFO - Filling up the DagBag from /opt/airflow/dags/dag2.py
[2026-04-22T07:40:40.801+0000] {processor.py:925} INFO - DAG(s) 'data_pipeline' retrieved from /opt/airflow/dags/dag2.py
[2026-04-22T07:40:40.823+0000] {logging_mixin.py:190} INFO - [2026-04-22T07:40:40.823+0000] {dag.py:3239} INFO - Sync 1 DAGs
[2026-04-22T07:40:40.848+0000] {logging_mixin.py:190} INFO - [2026-04-22T07:40:40.847+0000] {dag.py:4180} INFO - Setting next_dagrun for data_pipeline to 2026-04-21 15:30:00+00:00, run_after=2026-04-22 15:30:00+00:00
[2026-04-22T07:40:40.867+0000] {processor.py:208} INFO - Processing /opt/airflow/dags/dag2.py took 0.086 seconds
[2026-04-22T07:41:11.128+0000] {processor.py:186} INFO - Started process (PID=278) to work on /opt/airflow/dags/dag2.py
[2026-04-22T07:41:11.130+0000] {processor.py:914} INFO - Processing file /opt/airflow/dags/dag2.py for tasks to queue
[2026-04-22T07:41:11.135+0000] {logging_mixin.py:190} INFO - [2026-04-22T07:41:11.134+0000] {dagbag.py:588} INFO - Filling up the DagBag from /opt/airflow/dags/dag2.py
[2026-04-22T07:41:11.168+0000] {processor.py:925} INFO - DAG(s) 'data_pipeline' retrieved from /opt/airflow/dags/dag2.py
[2026-04-22T07:41:11.246+0000] {logging_mixin.py:190} INFO - [2026-04-22T07:41:11.245+0000] {dag.py:3239} INFO - Sync 1 DAGs
[2026-04-22T07:41:11.316+0000] {logging_mixin.py:190} INFO - [2026-04-22T07:41:11.315+0000] {dag.py:4180} INFO - Setting next_dagrun for data_pipeline to 2026-04-21 15:30:00+00:00, run_after=2026-04-22 15:30:00+00:00
[2026-04-22T07:41:11.366+0000] {processor.py:208} INFO - Processing /opt/airflow/dags/dag2.py took 0.254 seconds
[2026-04-22T07:41:41.547+0000] {processor.py:186} INFO - Started process (PID=294) to work on /opt/airflow/dags/dag2.py
[2026-04-22T07:41:41.549+0000] {processor.py:914} INFO - Processing file /opt/airflow/dags/dag2.py for tasks to queue
[2026-04-22T07:41:41.554+0000] {logging_mixin.py:190} INFO - [2026-04-22T07:41:41.553+0000] {dagbag.py:588} INFO - Filling up the DagBag from /opt/airflow/dags/dag2.py
[2026-04-22T07:41:41.593+0000] {processor.py:925} INFO - DAG(s) 'data_pipeline' retrieved from /opt/airflow/dags/dag2.py
[2026-04-22T07:41:41.669+0000] {logging_mixin.py:190} INFO - [2026-04-22T07:41:41.669+0000] {dag.py:3239} INFO - Sync 1 DAGs
[2026-04-22T07:41:41.737+0000] {logging_mixin.py:190} INFO - [2026-04-22T07:41:41.736+0000] {dag.py:4180} INFO - Setting next_dagrun for data_pipeline to 2026-04-21 15:30:00+00:00, run_after=2026-04-22 15:30:00+00:00
[2026-04-22T07:41:41.795+0000] {processor.py:208} INFO - Processing /opt/airflow/dags/dag2.py took 0.271 seconds
[2026-04-22T07:42:11.956+0000] {processor.py:186} INFO - Started process (PID=316) to work on /opt/airflow/dags/dag2.py
[2026-04-22T07:42:11.958+0000] {processor.py:914} INFO - Processing file /opt/airflow/dags/dag2.py for tasks to queue
[2026-04-22T07:42:11.963+0000] {logging_mixin.py:190} INFO - [2026-04-22T07:42:11.962+0000] {dagbag.py:588} INFO - Filling up the DagBag from /opt/airflow/dags/dag2.py
[2026-04-22T07:42:11.999+0000] {processor.py:925} INFO - DAG(s) 'data_pipeline' retrieved from /opt/airflow/dags/dag2.py
[2026-04-22T07:42:12.077+0000] {logging_mixin.py:190} INFO - [2026-04-22T07:42:12.076+0000] {dag.py:3239} INFO - Sync 1 DAGs
[2026-04-22T07:42:12.128+0000] {logging_mixin.py:190} INFO - [2026-04-22T07:42:12.127+0000] {dag.py:4180} INFO - Setting next_dagrun for data_pipeline to 2026-04-21 15:30:00+00:00, run_after=2026-04-22 15:30:00+00:00
[2026-04-22T07:42:12.144+0000] {processor.py:208} INFO - Processing /opt/airflow/dags/dag2.py took 0.205 seconds
[2026-04-22T07:42:42.388+0000] {processor.py:186} INFO - Started process (PID=332) to work on /opt/airflow/dags/dag2.py
[2026-04-22T07:42:42.389+0000] {processor.py:914} INFO - Processing file /opt/airflow/dags/dag2.py for tasks to queue
[2026-04-22T07:42:42.397+0000] {logging_mixin.py:190} INFO - [2026-04-22T07:42:42.396+0000] {dagbag.py:588} INFO - Filling up the DagBag from /opt/airflow/dags/dag2.py
[2026-04-22T07:42:42.436+0000] {processor.py:925} INFO - DAG(s) 'data_pipeline' retrieved from /opt/airflow/dags/dag2.py
[2026-04-22T07:42:42.512+0000] {logging_mixin.py:190} INFO - [2026-04-22T07:42:42.511+0000] {dag.py:3239} INFO - Sync 1 DAGs
[2026-04-22T07:42:42.600+0000] {logging_mixin.py:190} INFO - [2026-04-22T07:42:42.599+0000] {dag.py:4180} INFO - Setting next_dagrun for data_pipeline to 2026-04-21 15:30:00+00:00, run_after=2026-04-22 15:30:00+00:00
[2026-04-22T07:42:42.660+0000] {processor.py:208} INFO - Processing /opt/airflow/dags/dag2.py took 0.293 seconds
[2026-04-22T07:43:12.994+0000] {processor.py:186} INFO - Started process (PID=410) to work on /opt/airflow/dags/dag2.py
[2026-04-22T07:43:12.995+0000] {processor.py:914} INFO - Processing file /opt/airflow/dags/dag2.py for tasks to queue
[2026-04-22T07:43:13.001+0000] {logging_mixin.py:190} INFO - [2026-04-22T07:43:13.000+0000] {dagbag.py:588} INFO - Filling up the DagBag from /opt/airflow/dags/dag2.py
[2026-04-22T07:43:13.032+0000] {processor.py:925} INFO - DAG(s) 'data_pipeline' retrieved from /opt/airflow/dags/dag2.py
[2026-04-22T07:43:13.103+0000] {logging_mixin.py:190} INFO - [2026-04-22T07:43:13.102+0000] {dag.py:3239} INFO - Sync 1 DAGs
[2026-04-22T07:43:13.152+0000] {logging_mixin.py:190} INFO - [2026-04-22T07:43:13.152+0000] {dag.py:4180} INFO - Setting next_dagrun for data_pipeline to 2026-04-21 15:30:00+00:00, run_after=2026-04-22 15:30:00+00:00
[2026-04-22T07:43:13.174+0000] {processor.py:208} INFO - Processing /opt/airflow/dags/dag2.py took 0.199 seconds
[2026-04-22T07:43:43.490+0000] {processor.py:186} INFO - Started process (PID=426) to work on /opt/airflow/dags/dag2.py
[2026-04-22T07:43:43.493+0000] {processor.py:914} INFO - Processing file /opt/airflow/dags/dag2.py for tasks to queue
[2026-04-22T07:43:43.501+0000] {logging_mixin.py:190} INFO - [2026-04-22T07:43:43.500+0000] {dagbag.py:588} INFO - Filling up the DagBag from /opt/airflow/dags/dag2.py
[2026-04-22T07:43:43.534+0000] {processor.py:925} INFO - DAG(s) 'data_pipeline' retrieved from /opt/airflow/dags/dag2.py
[2026-04-22T07:43:43.600+0000] {logging_mixin.py:190} INFO - [2026-04-22T07:43:43.600+0000] {dag.py:3239} INFO - Sync 1 DAGs
[2026-04-22T07:43:43.647+0000] {logging_mixin.py:190} INFO - [2026-04-22T07:43:43.646+0000] {dag.py:4180} INFO - Setting next_dagrun for data_pipeline to 2026-04-21 15:30:00+00:00, run_after=2026-04-22 15:30:00+00:00
[2026-04-22T07:43:43.672+0000] {processor.py:208} INFO - Processing /opt/airflow/dags/dag2.py took 0.200 seconds
[2026-04-22T07:44:14.023+0000] {processor.py:186} INFO - Started process (PID=442) to work on /opt/airflow/dags/dag2.py
[2026-04-22T07:44:14.025+0000] {processor.py:914} INFO - Processing file /opt/airflow/dags/dag2.py for tasks to queue
[2026-04-22T07:44:14.031+0000] {logging_mixin.py:190} INFO - [2026-04-22T07:44:14.030+0000] {dagbag.py:588} INFO - Filling up the DagBag from /opt/airflow/dags/dag2.py
[2026-04-22T07:44:14.065+0000] {processor.py:925} INFO - DAG(s) 'data_pipeline' retrieved from /opt/airflow/dags/dag2.py
[2026-04-22T07:44:14.137+0000] {logging_mixin.py:190} INFO - [2026-04-22T07:44:14.137+0000] {dag.py:3239} INFO - Sync 1 DAGs
[2026-04-22T07:44:14.173+0000] {logging_mixin.py:190} INFO - [2026-04-22T07:44:14.173+0000] {dag.py:4180} INFO - Setting next_dagrun for data_pipeline to 2026-04-21 15:30:00+00:00, run_after=2026-04-22 15:30:00+00:00
[2026-04-22T07:44:14.188+0000] {processor.py:208} INFO - Processing /opt/airflow/dags/dag2.py took 0.183 seconds
[2026-04-22T07:44:44.508+0000] {processor.py:186} INFO - Started process (PID=458) to work on /opt/airflow/dags/dag2.py
[2026-04-22T07:44:44.510+0000] {processor.py:914} INFO - Processing file /opt/airflow/dags/dag2.py for tasks to queue
[2026-04-22T07:44:44.515+0000] {logging_mixin.py:190} INFO - [2026-04-22T07:44:44.514+0000] {dagbag.py:588} INFO - Filling up the DagBag from /opt/airflow/dags/dag2.py
[2026-04-22T07:44:44.545+0000] {processor.py:925} INFO - DAG(s) 'data_pipeline' retrieved from /opt/airflow/dags/dag2.py
[2026-04-22T07:44:44.609+0000] {logging_mixin.py:190} INFO - [2026-04-22T07:44:44.608+0000] {dag.py:3239} INFO - Sync 1 DAGs
[2026-04-22T07:44:44.651+0000] {logging_mixin.py:190} INFO - [2026-04-22T07:44:44.651+0000] {dag.py:4180} INFO - Setting next_dagrun for data_pipeline to 2026-04-21 15:30:00+00:00, run_after=2026-04-22 15:30:00+00:00
[2026-04-22T07:44:44.674+0000] {processor.py:208} INFO - Processing /opt/airflow/dags/dag2.py took 0.182 seconds
[2026-04-22T07:45:14.990+0000] {processor.py:186} INFO - Started process (PID=474) to work on /opt/airflow/dags/dag2.py
[2026-04-22T07:45:14.991+0000] {processor.py:914} INFO - Processing file /opt/airflow/dags/dag2.py for tasks to queue
[2026-04-22T07:45:14.997+0000] {logging_mixin.py:190} INFO - [2026-04-22T07:45:14.995+0000] {dagbag.py:588} INFO - Filling up the DagBag from /opt/airflow/dags/dag2.py
[2026-04-22T07:45:15.028+0000] {processor.py:925} INFO - DAG(s) 'data_pipeline' retrieved from /opt/airflow/dags/dag2.py
[2026-04-22T07:45:15.092+0000] {logging_mixin.py:190} INFO - [2026-04-22T07:45:15.092+0000] {dag.py:3239} INFO - Sync 1 DAGs
[2026-04-22T07:45:15.150+0000] {logging_mixin.py:190} INFO - [2026-04-22T07:45:15.150+0000] {dag.py:4180} INFO - Setting next_dagrun for data_pipeline to 2026-04-21 15:30:00+00:00, run_after=2026-04-22 15:30:00+00:00
[2026-04-22T07:45:15.178+0000] {processor.py:208} INFO - Processing /opt/airflow/dags/dag2.py took 0.204 seconds
[2026-04-22T07:45:45.495+0000] {processor.py:186} INFO - Started process (PID=490) to work on /opt/airflow/dags/dag2.py
[2026-04-22T07:45:45.503+0000] {processor.py:914} INFO - Processing file /opt/airflow/dags/dag2.py for tasks to queue
[2026-04-22T07:45:45.509+0000] {logging_mixin.py:190} INFO - [2026-04-22T07:45:45.508+0000] {dagbag.py:588} INFO - Filling up the DagBag from /opt/airflow/dags/dag2.py
[2026-04-22T07:45:45.538+0000] {processor.py:925} INFO - DAG(s) 'data_pipeline' retrieved from /opt/airflow/dags/dag2.py
[2026-04-22T07:45:45.603+0000] {logging_mixin.py:190} INFO - [2026-04-22T07:45:45.603+0000] {dag.py:3239} INFO - Sync 1 DAGs
[2026-04-22T07:45:45.667+0000] {logging_mixin.py:190} INFO - [2026-04-22T07:45:45.666+0000] {dag.py:4180} INFO - Setting next_dagrun for data_pipeline to 2026-04-21 15:30:00+00:00, run_after=2026-04-22 15:30:00+00:00
[2026-04-22T07:45:45.714+0000] {processor.py:208} INFO - Processing /opt/airflow/dags/dag2.py took 0.234 seconds
[2026-04-22T07:46:16.052+0000] {processor.py:186} INFO - Started process (PID=506) to work on /opt/airflow/dags/dag2.py
[2026-04-22T07:46:16.053+0000] {processor.py:914} INFO - Processing file /opt/airflow/dags/dag2.py for tasks to queue
[2026-04-22T07:46:16.060+0000] {logging_mixin.py:190} INFO - [2026-04-22T07:46:16.059+0000] {dagbag.py:588} INFO - Filling up the DagBag from /opt/airflow/dags/dag2.py
[2026-04-22T07:46:16.089+0000] {processor.py:925} INFO - DAG(s) 'data_pipeline' retrieved from /opt/airflow/dags/dag2.py
[2026-04-22T07:46:16.154+0000] {logging_mixin.py:190} INFO - [2026-04-22T07:46:16.153+0000] {dag.py:3239} INFO - Sync 1 DAGs
[2026-04-22T07:46:16.223+0000] {logging_mixin.py:190} INFO - [2026-04-22T07:46:16.222+0000] {dag.py:4180} INFO - Setting next_dagrun for data_pipeline to 2026-04-21 15:30:00+00:00, run_after=2026-04-22 15:30:00+00:00
[2026-04-22T07:46:16.272+0000] {processor.py:208} INFO - Processing /opt/airflow/dags/dag2.py took 0.236 seconds
[2026-04-22T07:46:46.602+0000] {processor.py:186} INFO - Started process (PID=522) to work on /opt/airflow/dags/dag2.py
[2026-04-22T07:46:46.610+0000] {processor.py:914} INFO - Processing file /opt/airflow/dags/dag2.py for tasks to queue
[2026-04-22T07:46:46.615+0000] {logging_mixin.py:190} INFO - [2026-04-22T07:46:46.614+0000] {dagbag.py:588} INFO - Filling up the DagBag from /opt/airflow/dags/dag2.py
[2026-04-22T07:46:46.644+0000] {processor.py:925} INFO - DAG(s) 'data_pipeline' retrieved from /opt/airflow/dags/dag2.py
[2026-04-22T07:46:46.707+0000] {logging_mixin.py:190} INFO - [2026-04-22T07:46:46.706+0000] {dag.py:3239} INFO - Sync 1 DAGs
[2026-04-22T07:46:46.763+0000] {logging_mixin.py:190} INFO - [2026-04-22T07:46:46.763+0000] {dag.py:4180} INFO - Setting next_dagrun for data_pipeline to 2026-04-21 15:30:00+00:00, run_after=2026-04-22 15:30:00+00:00
[2026-04-22T07:46:46.802+0000] {processor.py:208} INFO - Processing /opt/airflow/dags/dag2.py took 0.217 seconds
[2026-04-22T07:47:17.133+0000] {processor.py:186} INFO - Started process (PID=538) to work on /opt/airflow/dags/dag2.py
[2026-04-22T07:47:17.135+0000] {processor.py:914} INFO - Processing file /opt/airflow/dags/dag2.py for tasks to queue
[2026-04-22T07:47:17.141+0000] {logging_mixin.py:190} INFO - [2026-04-22T07:47:17.140+0000] {dagbag.py:588} INFO - Filling up the DagBag from /opt/airflow/dags/dag2.py
[2026-04-22T07:47:17.177+0000] {processor.py:925} INFO - DAG(s) 'data_pipeline' retrieved from /opt/airflow/dags/dag2.py
[2026-04-22T07:47:17.248+0000] {logging_mixin.py:190} INFO - [2026-04-22T07:47:17.248+0000] {dag.py:3239} INFO - Sync 1 DAGs
[2026-04-22T07:47:17.296+0000] {logging_mixin.py:190} INFO - [2026-04-22T07:47:17.295+0000] {dag.py:4180} INFO - Setting next_dagrun for data_pipeline to 2026-04-21 15:30:00+00:00, run_after=2026-04-22 15:30:00+00:00
[2026-04-22T07:47:17.320+0000] {processor.py:208} INFO - Processing /opt/airflow/dags/dag2.py took 0.204 seconds
[2026-04-22T07:47:47.640+0000] {processor.py:186} INFO - Started process (PID=554) to work on /opt/airflow/dags/dag2.py
[2026-04-22T07:47:47.647+0000] {processor.py:914} INFO - Processing file /opt/airflow/dags/dag2.py for tasks to queue
[2026-04-22T07:47:47.653+0000] {logging_mixin.py:190} INFO - [2026-04-22T07:47:47.652+0000] {dagbag.py:588} INFO - Filling up the DagBag from /opt/airflow/dags/dag2.py
[2026-04-22T07:47:47.682+0000] {processor.py:925} INFO - DAG(s) 'data_pipeline' retrieved from /opt/airflow/dags/dag2.py
[2026-04-22T07:47:47.750+0000] {logging_mixin.py:190} INFO - [2026-04-22T07:47:47.749+0000] {dag.py:3239} INFO - Sync 1 DAGs
[2026-04-22T07:47:47.803+0000] {logging_mixin.py:190} INFO - [2026-04-22T07:47:47.802+0000] {dag.py:4180} INFO - Setting next_dagrun for data_pipeline to 2026-04-21 15:30:00+00:00, run_after=2026-04-22 15:30:00+00:00
[2026-04-22T07:47:47.838+0000] {processor.py:208} INFO - Processing /opt/airflow/dags/dag2.py took 0.218 seconds
[2026-04-22T07:48:18.172+0000] {processor.py:186} INFO - Started process (PID=570) to work on /opt/airflow/dags/dag2.py
[2026-04-22T07:48:18.174+0000] {processor.py:914} INFO - Processing file /opt/airflow/dags/dag2.py for tasks to queue
[2026-04-22T07:48:18.180+0000] {logging_mixin.py:190} INFO - [2026-04-22T07:48:18.179+0000] {dagbag.py:588} INFO - Filling up the DagBag from /opt/airflow/dags/dag2.py
[2026-04-22T07:48:18.216+0000] {processor.py:925} INFO - DAG(s) 'data_pipeline' retrieved from /opt/airflow/dags/dag2.py
[2026-04-22T07:48:18.293+0000] {logging_mixin.py:190} INFO - [2026-04-22T07:48:18.292+0000] {dag.py:3239} INFO - Sync 1 DAGs
[2026-04-22T07:48:18.335+0000] {logging_mixin.py:190} INFO - [2026-04-22T07:48:18.335+0000] {dag.py:4180} INFO - Setting next_dagrun for data_pipeline to 2026-04-21 15:30:00+00:00, run_after=2026-04-22 15:30:00+00:00
[2026-04-22T07:48:18.357+0000] {processor.py:208} INFO - Processing /opt/airflow/dags/dag2.py took 0.204 seconds
[2026-04-22T07:48:48.702+0000] {processor.py:186} INFO - Started process (PID=586) to work on /opt/airflow/dags/dag2.py
[2026-04-22T07:48:48.705+0000] {processor.py:914} INFO - Processing file /opt/airflow/dags/dag2.py for tasks to queue
[2026-04-22T07:48:48.714+0000] {logging_mixin.py:190} INFO - [2026-04-22T07:48:48.713+0000] {dagbag.py:588} INFO - Filling up the DagBag from /opt/airflow/dags/dag2.py
[2026-04-22T07:48:48.770+0000] {processor.py:925} INFO - DAG(s) 'data_pipeline' retrieved from /opt/airflow/dags/dag2.py
[2026-04-22T07:48:48.848+0000] {logging_mixin.py:190} INFO - [2026-04-22T07:48:48.847+0000] {dag.py:3239} INFO - Sync 1 DAGs
[2026-04-22T07:48:48.885+0000] {logging_mixin.py:190} INFO - [2026-04-22T07:48:48.885+0000] {dag.py:4180} INFO - Setting next_dagrun for data_pipeline to 2026-04-21 15:30:00+00:00, run_after=2026-04-22 15:30:00+00:00
[2026-04-22T07:48:48.908+0000] {processor.py:208} INFO - Processing /opt/airflow/dags/dag2.py took 0.235 seconds
[2026-04-22T07:49:19.028+0000] {processor.py:186} INFO - Started process (PID=602) to work on /opt/airflow/dags/dag2.py
[2026-04-22T07:49:19.029+0000] {processor.py:914} INFO - Processing file /opt/airflow/dags/dag2.py for tasks to queue
[2026-04-22T07:49:19.036+0000] {logging_mixin.py:190} INFO - [2026-04-22T07:49:19.035+0000] {dagbag.py:588} INFO - Filling up the DagBag from /opt/airflow/dags/dag2.py
[2026-04-22T07:49:19.065+0000] {processor.py:925} INFO - DAG(s) 'data_pipeline' retrieved from /opt/airflow/dags/dag2.py
[2026-04-22T07:49:19.137+0000] {logging_mixin.py:190} INFO - [2026-04-22T07:49:19.136+0000] {dag.py:3239} INFO - Sync 1 DAGs
[2026-04-22T07:49:19.201+0000] {logging_mixin.py:190} INFO - [2026-04-22T07:49:19.200+0000] {dag.py:4180} INFO - Setting next_dagrun for data_pipeline to 2026-04-21 15:30:00+00:00, run_after=2026-04-22 15:30:00+00:00
[2026-04-22T07:49:19.229+0000] {processor.py:208} INFO - Processing /opt/airflow/dags/dag2.py took 0.216 seconds
[2026-04-22T07:49:49.540+0000] {processor.py:186} INFO - Started process (PID=618) to work on /opt/airflow/dags/dag2.py
[2026-04-22T07:49:49.547+0000] {processor.py:914} INFO - Processing file /opt/airflow/dags/dag2.py for tasks to queue
[2026-04-22T07:49:49.553+0000] {logging_mixin.py:190} INFO - [2026-04-22T07:49:49.553+0000] {dagbag.py:588} INFO - Filling up the DagBag from /opt/airflow/dags/dag2.py
[2026-04-22T07:49:49.581+0000] {processor.py:925} INFO - DAG(s) 'data_pipeline' retrieved from /opt/airflow/dags/dag2.py
[2026-04-22T07:49:49.642+0000] {logging_mixin.py:190} INFO - [2026-04-22T07:49:49.641+0000] {dag.py:3239} INFO - Sync 1 DAGs
[2026-04-22T07:49:49.704+0000] {logging_mixin.py:190} INFO - [2026-04-22T07:49:49.704+0000] {dag.py:4180} INFO - Setting next_dagrun for data_pipeline to 2026-04-21 15:30:00+00:00, run_after=2026-04-22 15:30:00+00:00
[2026-04-22T07:49:49.751+0000] {processor.py:208} INFO - Processing /opt/airflow/dags/dag2.py took 0.227 seconds
[2026-04-22T07:50:20.090+0000] {processor.py:186} INFO - Started process (PID=634) to work on /opt/airflow/dags/dag2.py
[2026-04-22T07:50:20.092+0000] {processor.py:914} INFO - Processing file /opt/airflow/dags/dag2.py for tasks to queue
[2026-04-22T07:50:20.098+0000] {logging_mixin.py:190} INFO - [2026-04-22T07:50:20.097+0000] {dagbag.py:588} INFO - Filling up the DagBag from /opt/airflow/dags/dag2.py
[2026-04-22T07:50:20.132+0000] {processor.py:925} INFO - DAG(s) 'data_pipeline' retrieved from /opt/airflow/dags/dag2.py
[2026-04-22T07:50:20.200+0000] {logging_mixin.py:190} INFO - [2026-04-22T07:50:20.199+0000] {dag.py:3239} INFO - Sync 1 DAGs
[2026-04-22T07:50:20.273+0000] {logging_mixin.py:190} INFO - [2026-04-22T07:50:20.272+0000] {dag.py:4180} INFO - Setting next_dagrun for data_pipeline to 2026-04-21 15:30:00+00:00, run_after=2026-04-22 15:30:00+00:00
[2026-04-22T07:50:20.295+0000] {processor.py:208} INFO - Processing /opt/airflow/dags/dag2.py took 0.224 seconds
[2026-04-22T07:50:50.621+0000] {processor.py:186} INFO - Started process (PID=650) to work on /opt/airflow/dags/dag2.py
[2026-04-22T07:50:50.622+0000] {processor.py:914} INFO - Processing file /opt/airflow/dags/dag2.py for tasks to queue
[2026-04-22T07:50:50.627+0000] {logging_mixin.py:190} INFO - [2026-04-22T07:50:50.626+0000] {dagbag.py:588} INFO - Filling up the DagBag from /opt/airflow/dags/dag2.py
[2026-04-22T07:50:50.656+0000] {processor.py:925} INFO - DAG(s) 'data_pipeline' retrieved from /opt/airflow/dags/dag2.py
[2026-04-22T07:50:50.722+0000] {logging_mixin.py:190} INFO - [2026-04-22T07:50:50.721+0000] {dag.py:3239} INFO - Sync 1 DAGs
[2026-04-22T07:50:50.790+0000] {logging_mixin.py:190} INFO - [2026-04-22T07:50:50.789+0000] {dag.py:4180} INFO - Setting next_dagrun for data_pipeline to 2026-04-21 15:30:00+00:00, run_after=2026-04-22 15:30:00+00:00
[2026-04-22T07:50:50.836+0000] {processor.py:208} INFO - Processing /opt/airflow/dags/dag2.py took 0.230 seconds
[2026-04-22T07:51:21.160+0000] {processor.py:186} INFO - Started process (PID=666) to work on /opt/airflow/dags/dag2.py
[2026-04-22T07:51:21.168+0000] {processor.py:914} INFO - Processing file /opt/airflow/dags/dag2.py for tasks to queue
[2026-04-22T07:51:21.175+0000] {logging_mixin.py:190} INFO - [2026-04-22T07:51:21.174+0000] {dagbag.py:588} INFO - Filling up the DagBag from /opt/airflow/dags/dag2.py
[2026-04-22T07:51:21.218+0000] {processor.py:925} INFO - DAG(s) 'data_pipeline' retrieved from /opt/airflow/dags/dag2.py
[2026-04-22T07:51:21.292+0000] {logging_mixin.py:190} INFO - [2026-04-22T07:51:21.292+0000] {dag.py:3239} INFO - Sync 1 DAGs
[2026-04-22T07:51:21.367+0000] {logging_mixin.py:190} INFO - [2026-04-22T07:51:21.366+0000] {dag.py:4180} INFO - Setting next_dagrun for data_pipeline to 2026-04-21 15:30:00+00:00, run_after=2026-04-22 15:30:00+00:00
[2026-04-22T07:51:21.433+0000] {processor.py:208} INFO - Processing /opt/airflow/dags/dag2.py took 0.292 seconds
[2026-04-22T07:51:51.525+0000] {processor.py:186} INFO - Started process (PID=682) to work on /opt/airflow/dags/dag2.py
[2026-04-22T07:51:51.526+0000] {processor.py:914} INFO - Processing file /opt/airflow/dags/dag2.py for tasks to queue
[2026-04-22T07:51:51.532+0000] {logging_mixin.py:190} INFO - [2026-04-22T07:51:51.531+0000] {dagbag.py:588} INFO - Filling up the DagBag from /opt/airflow/dags/dag2.py
[2026-04-22T07:51:51.568+0000] {processor.py:925} INFO - DAG(s) 'data_pipeline' retrieved from /opt/airflow/dags/dag2.py
[2026-04-22T07:51:51.636+0000] {logging_mixin.py:190} INFO - [2026-04-22T07:51:51.635+0000] {dag.py:3239} INFO - Sync 1 DAGs
[2026-04-22T07:51:51.676+0000] {logging_mixin.py:190} INFO - [2026-04-22T07:51:51.676+0000] {dag.py:4180} INFO - Setting next_dagrun for data_pipeline to 2026-04-21 15:30:00+00:00, run_after=2026-04-22 15:30:00+00:00
[2026-04-22T07:51:51.701+0000] {processor.py:208} INFO - Processing /opt/airflow/dags/dag2.py took 0.194 seconds
[2026-04-22T07:52:21.882+0000] {processor.py:186} INFO - Started process (PID=698) to work on /opt/airflow/dags/dag2.py
[2026-04-22T07:52:21.889+0000] {processor.py:914} INFO - Processing file /opt/airflow/dags/dag2.py for tasks to queue
[2026-04-22T07:52:21.892+0000] {logging_mixin.py:190} INFO - [2026-04-22T07:52:21.892+0000] {dagbag.py:588} INFO - Filling up the DagBag from /opt/airflow/dags/dag2.py
[2026-04-22T07:52:21.912+0000] {processor.py:925} INFO - DAG(s) 'data_pipeline' retrieved from /opt/airflow/dags/dag2.py
[2026-04-22T07:52:21.954+0000] {logging_mixin.py:190} INFO - [2026-04-22T07:52:21.954+0000] {dag.py:3239} INFO - Sync 1 DAGs
[2026-04-22T07:52:21.998+0000] {logging_mixin.py:190} INFO - [2026-04-22T07:52:21.998+0000] {dag.py:4180} INFO - Setting next_dagrun for data_pipeline to 2026-04-21 15:30:00+00:00, run_after=2026-04-22 15:30:00+00:00
[2026-04-22T07:52:22.032+0000] {processor.py:208} INFO - Processing /opt/airflow/dags/dag2.py took 0.161 seconds
[2026-04-22T07:52:52.380+0000] {processor.py:186} INFO - Started process (PID=715) to work on /opt/airflow/dags/dag2.py
[2026-04-22T07:52:52.383+0000] {processor.py:914} INFO - Processing file /opt/airflow/dags/dag2.py for tasks to queue
[2026-04-22T07:52:52.392+0000] {logging_mixin.py:190} INFO - [2026-04-22T07:52:52.391+0000] {dagbag.py:588} INFO - Filling up the DagBag from /opt/airflow/dags/dag2.py
[2026-04-22T07:52:52.440+0000] {processor.py:925} INFO - DAG(s) 'data_pipeline' retrieved from /opt/airflow/dags/dag2.py
[2026-04-22T07:52:52.536+0000] {logging_mixin.py:190} INFO - [2026-04-22T07:52:52.535+0000] {dag.py:3239} INFO - Sync 1 DAGs
[2026-04-22T07:52:52.624+0000] {logging_mixin.py:190} INFO - [2026-04-22T07:52:52.624+0000] {dag.py:4180} INFO - Setting next_dagrun for data_pipeline to 2026-04-21 15:30:00+00:00, run_after=2026-04-22 15:30:00+00:00
[2026-04-22T07:52:52.653+0000] {processor.py:208} INFO - Processing /opt/airflow/dags/dag2.py took 0.300 seconds
[2026-04-22T07:53:22.782+0000] {processor.py:186} INFO - Started process (PID=731) to work on /opt/airflow/dags/dag2.py
[2026-04-22T07:53:22.789+0000] {processor.py:914} INFO - Processing file /opt/airflow/dags/dag2.py for tasks to queue
[2026-04-22T07:53:22.795+0000] {logging_mixin.py:190} INFO - [2026-04-22T07:53:22.794+0000] {dagbag.py:588} INFO - Filling up the DagBag from /opt/airflow/dags/dag2.py
[2026-04-22T07:53:22.827+0000] {processor.py:925} INFO - DAG(s) 'data_pipeline' retrieved from /opt/airflow/dags/dag2.py
[2026-04-22T07:53:22.873+0000] {logging_mixin.py:190} INFO - [2026-04-22T07:53:22.872+0000] {dag.py:3239} INFO - Sync 1 DAGs
[2026-04-22T07:53:22.899+0000] {logging_mixin.py:190} INFO - [2026-04-22T07:53:22.899+0000] {dag.py:4180} INFO - Setting next_dagrun for data_pipeline to 2026-04-21 15:30:00+00:00, run_after=2026-04-22 15:30:00+00:00
[2026-04-22T07:53:22.923+0000] {processor.py:208} INFO - Processing /opt/airflow/dags/dag2.py took 0.161 seconds
[2026-04-22T07:53:53.259+0000] {processor.py:186} INFO - Started process (PID=747) to work on /opt/airflow/dags/dag2.py
[2026-04-22T07:53:53.260+0000] {processor.py:914} INFO - Processing file /opt/airflow/dags/dag2.py for tasks to queue
[2026-04-22T07:53:53.267+0000] {logging_mixin.py:190} INFO - [2026-04-22T07:53:53.266+0000] {dagbag.py:588} INFO - Filling up the DagBag from /opt/airflow/dags/dag2.py
[2026-04-22T07:53:53.301+0000] {processor.py:925} INFO - DAG(s) 'data_pipeline' retrieved from /opt/airflow/dags/dag2.py
[2026-04-22T07:53:53.338+0000] {logging_mixin.py:190} INFO - [2026-04-22T07:53:53.337+0000] {dag.py:3239} INFO - Sync 1 DAGs
[2026-04-22T07:53:53.365+0000] {logging_mixin.py:190} INFO - [2026-04-22T07:53:53.364+0000] {dag.py:4180} INFO - Setting next_dagrun for data_pipeline to 2026-04-21 15:30:00+00:00, run_after=2026-04-22 15:30:00+00:00
[2026-04-22T07:53:53.388+0000] {processor.py:208} INFO - Processing /opt/airflow/dags/dag2.py took 0.146 seconds
[2026-04-22T07:54:23.687+0000] {processor.py:186} INFO - Started process (PID=763) to work on /opt/airflow/dags/dag2.py
[2026-04-22T07:54:23.695+0000] {processor.py:914} INFO - Processing file /opt/airflow/dags/dag2.py for tasks to queue
[2026-04-22T07:54:23.701+0000] {logging_mixin.py:190} INFO - [2026-04-22T07:54:23.700+0000] {dagbag.py:588} INFO - Filling up the DagBag from /opt/airflow/dags/dag2.py
[2026-04-22T07:54:23.743+0000] {processor.py:925} INFO - DAG(s) 'data_pipeline' retrieved from /opt/airflow/dags/dag2.py
[2026-04-22T07:54:23.831+0000] {logging_mixin.py:190} INFO - [2026-04-22T07:54:23.830+0000] {dag.py:3239} INFO - Sync 1 DAGs
[2026-04-22T07:54:23.913+0000] {logging_mixin.py:190} INFO - [2026-04-22T07:54:23.912+0000] {dag.py:4180} INFO - Setting next_dagrun for data_pipeline to 2026-04-21 15:30:00+00:00, run_after=2026-04-22 15:30:00+00:00
[2026-04-22T07:54:23.940+0000] {processor.py:208} INFO - Processing /opt/airflow/dags/dag2.py took 0.272 seconds
[2026-04-22T07:54:54.284+0000] {processor.py:186} INFO - Started process (PID=779) to work on /opt/airflow/dags/dag2.py
[2026-04-22T07:54:54.286+0000] {processor.py:914} INFO - Processing file /opt/airflow/dags/dag2.py for tasks to queue
[2026-04-22T07:54:54.292+0000] {logging_mixin.py:190} INFO - [2026-04-22T07:54:54.291+0000] {dagbag.py:588} INFO - Filling up the DagBag from /opt/airflow/dags/dag2.py
[2026-04-22T07:54:54.327+0000] {processor.py:925} INFO - DAG(s) 'data_pipeline' retrieved from /opt/airflow/dags/dag2.py
[2026-04-22T07:54:54.381+0000] {logging_mixin.py:190} INFO - [2026-04-22T07:54:54.381+0000] {dag.py:3239} INFO - Sync 1 DAGs
[2026-04-22T07:54:54.408+0000] {logging_mixin.py:190} INFO - [2026-04-22T07:54:54.408+0000] {dag.py:4180} INFO - Setting next_dagrun for data_pipeline to 2026-04-21 15:30:00+00:00, run_after=2026-04-22 15:30:00+00:00
[2026-04-22T07:54:54.428+0000] {processor.py:208} INFO - Processing /opt/airflow/dags/dag2.py took 0.162 seconds
[2026-04-22T07:55:24.783+0000] {processor.py:186} INFO - Started process (PID=795) to work on /opt/airflow/dags/dag2.py
[2026-04-22T07:55:24.792+0000] {processor.py:914} INFO - Processing file /opt/airflow/dags/dag2.py for tasks to queue
[2026-04-22T07:55:24.797+0000] {logging_mixin.py:190} INFO - [2026-04-22T07:55:24.796+0000] {dagbag.py:588} INFO - Filling up the DagBag from /opt/airflow/dags/dag2.py
[2026-04-22T07:55:24.833+0000] {processor.py:925} INFO - DAG(s) 'data_pipeline' retrieved from /opt/airflow/dags/dag2.py
[2026-04-22T07:55:24.915+0000] {logging_mixin.py:190} INFO - [2026-04-22T07:55:24.914+0000] {dag.py:3239} INFO - Sync 1 DAGs
[2026-04-22T07:55:25.008+0000] {logging_mixin.py:190} INFO - [2026-04-22T07:55:25.007+0000] {dag.py:4180} INFO - Setting next_dagrun for data_pipeline to 2026-04-21 15:30:00+00:00, run_after=2026-04-22 15:30:00+00:00
[2026-04-22T07:55:25.082+0000] {processor.py:208} INFO - Processing /opt/airflow/dags/dag2.py took 0.321 seconds
[2026-04-22T07:55:55.367+0000] {processor.py:186} INFO - Started process (PID=811) to work on /opt/airflow/dags/dag2.py
[2026-04-22T07:55:55.369+0000] {processor.py:914} INFO - Processing file /opt/airflow/dags/dag2.py for tasks to queue
[2026-04-22T07:55:55.377+0000] {logging_mixin.py:190} INFO - [2026-04-22T07:55:55.376+0000] {dagbag.py:588} INFO - Filling up the DagBag from /opt/airflow/dags/dag2.py
[2026-04-22T07:55:55.413+0000] {processor.py:925} INFO - DAG(s) 'data_pipeline' retrieved from /opt/airflow/dags/dag2.py
[2026-04-22T07:55:55.467+0000] {logging_mixin.py:190} INFO - [2026-04-22T07:55:55.467+0000] {dag.py:3239} INFO - Sync 1 DAGs
[2026-04-22T07:55:55.503+0000] {logging_mixin.py:190} INFO - [2026-04-22T07:55:55.503+0000] {dag.py:4180} INFO - Setting next_dagrun for data_pipeline to 2026-04-21 15:30:00+00:00, run_after=2026-04-22 15:30:00+00:00
[2026-04-22T07:55:55.529+0000] {processor.py:208} INFO - Processing /opt/airflow/dags/dag2.py took 0.180 seconds
[2026-04-22T07:56:25.887+0000] {processor.py:186} INFO - Started process (PID=827) to work on /opt/airflow/dags/dag2.py
[2026-04-22T07:56:25.896+0000] {processor.py:914} INFO - Processing file /opt/airflow/dags/dag2.py for tasks to queue
[2026-04-22T07:56:25.909+0000] {logging_mixin.py:190} INFO - [2026-04-22T07:56:25.908+0000] {dagbag.py:588} INFO - Filling up the DagBag from /opt/airflow/dags/dag2.py
[2026-04-22T07:56:25.938+0000] {processor.py:925} INFO - DAG(s) 'data_pipeline' retrieved from /opt/airflow/dags/dag2.py
[2026-04-22T07:56:25.975+0000] {logging_mixin.py:190} INFO - [2026-04-22T07:56:25.975+0000] {dag.py:3239} INFO - Sync 1 DAGs
[2026-04-22T07:56:26.018+0000] {logging_mixin.py:190} INFO - [2026-04-22T07:56:26.017+0000] {dag.py:4180} INFO - Setting next_dagrun for data_pipeline to 2026-04-21 15:30:00+00:00, run_after=2026-04-22 15:30:00+00:00
[2026-04-22T07:56:26.050+0000] {processor.py:208} INFO - Processing /opt/airflow/dags/dag2.py took 0.191 seconds
[2026-04-22T07:56:56.419+0000] {processor.py:186} INFO - Started process (PID=843) to work on /opt/airflow/dags/dag2.py
[2026-04-22T07:56:56.421+0000] {processor.py:914} INFO - Processing file /opt/airflow/dags/dag2.py for tasks to queue
[2026-04-22T07:56:56.432+0000] {logging_mixin.py:190} INFO - [2026-04-22T07:56:56.430+0000] {dagbag.py:588} INFO - Filling up the DagBag from /opt/airflow/dags/dag2.py
[2026-04-22T07:56:56.483+0000] {processor.py:925} INFO - DAG(s) 'data_pipeline' retrieved from /opt/airflow/dags/dag2.py
[2026-04-22T07:56:56.570+0000] {logging_mixin.py:190} INFO - [2026-04-22T07:56:56.569+0000] {dag.py:3239} INFO - Sync 1 DAGs
[2026-04-22T07:56:56.668+0000] {logging_mixin.py:190} INFO - [2026-04-22T07:56:56.667+0000] {dag.py:4180} INFO - Setting next_dagrun for data_pipeline to 2026-04-21 15:30:00+00:00, run_after=2026-04-22 15:30:00+00:00
[2026-04-22T07:56:56.752+0000] {processor.py:208} INFO - Processing /opt/airflow/dags/dag2.py took 0.359 seconds
[2026-04-22T07:57:27.093+0000] {processor.py:186} INFO - Started process (PID=859) to work on /opt/airflow/dags/dag2.py
[2026-04-22T07:57:27.095+0000] {processor.py:914} INFO - Processing file /opt/airflow/dags/dag2.py for tasks to queue
[2026-04-22T07:57:27.101+0000] {logging_mixin.py:190} INFO - [2026-04-22T07:57:27.100+0000] {dagbag.py:588} INFO - Filling up the DagBag from /opt/airflow/dags/dag2.py
[2026-04-22T07:57:27.134+0000] {processor.py:925} INFO - DAG(s) 'data_pipeline' retrieved from /opt/airflow/dags/dag2.py
[2026-04-22T07:57:27.209+0000] {logging_mixin.py:190} INFO - [2026-04-22T07:57:27.208+0000] {dag.py:3239} INFO - Sync 1 DAGs
[2026-04-22T07:57:27.247+0000] {logging_mixin.py:190} INFO - [2026-04-22T07:57:27.247+0000] {dag.py:4180} INFO - Setting next_dagrun for data_pipeline to 2026-04-21 15:30:00+00:00, run_after=2026-04-22 15:30:00+00:00
[2026-04-22T07:57:27.270+0000] {processor.py:208} INFO - Processing /opt/airflow/dags/dag2.py took 0.195 seconds
[2026-04-22T07:57:57.616+0000] {processor.py:186} INFO - Started process (PID=875) to work on /opt/airflow/dags/dag2.py
[2026-04-22T07:57:57.618+0000] {processor.py:914} INFO - Processing file /opt/airflow/dags/dag2.py for tasks to queue
[2026-04-22T07:57:57.627+0000] {logging_mixin.py:190} INFO - [2026-04-22T07:57:57.625+0000] {dagbag.py:588} INFO - Filling up the DagBag from /opt/airflow/dags/dag2.py
[2026-04-22T07:57:57.665+0000] {processor.py:925} INFO - DAG(s) 'data_pipeline' retrieved from /opt/airflow/dags/dag2.py
[2026-04-22T07:57:57.754+0000] {logging_mixin.py:190} INFO - [2026-04-22T07:57:57.753+0000] {dag.py:3239} INFO - Sync 1 DAGs
[2026-04-22T07:57:57.862+0000] {logging_mixin.py:190} INFO - [2026-04-22T07:57:57.861+0000] {dag.py:4180} INFO - Setting next_dagrun for data_pipeline to 2026-04-21 15:30:00+00:00, run_after=2026-04-22 15:30:00+00:00
[2026-04-22T07:57:57.911+0000] {processor.py:208} INFO - Processing /opt/airflow/dags/dag2.py took 0.315 seconds
[2026-04-22T07:58:28.258+0000] {processor.py:186} INFO - Started process (PID=891) to work on /opt/airflow/dags/dag2.py
[2026-04-22T07:58:28.266+0000] {processor.py:914} INFO - Processing file /opt/airflow/dags/dag2.py for tasks to queue
[2026-04-22T07:58:28.273+0000] {logging_mixin.py:190} INFO - [2026-04-22T07:58:28.272+0000] {dagbag.py:588} INFO - Filling up the DagBag from /opt/airflow/dags/dag2.py
[2026-04-22T07:58:28.311+0000] {processor.py:925} INFO - DAG(s) 'data_pipeline' retrieved from /opt/airflow/dags/dag2.py
[2026-04-22T07:58:28.383+0000] {logging_mixin.py:190} INFO - [2026-04-22T07:58:28.382+0000] {dag.py:3239} INFO - Sync 1 DAGs
[2026-04-22T07:58:28.432+0000] {logging_mixin.py:190} INFO - [2026-04-22T07:58:28.431+0000] {dag.py:4180} INFO - Setting next_dagrun for data_pipeline to 2026-04-21 15:30:00+00:00, run_after=2026-04-22 15:30:00+00:00
[2026-04-22T07:58:28.449+0000] {processor.py:208} INFO - Processing /opt/airflow/dags/dag2.py took 0.211 seconds
[2026-04-22T07:58:58.801+0000] {processor.py:186} INFO - Started process (PID=907) to work on /opt/airflow/dags/dag2.py
[2026-04-22T07:58:58.804+0000] {processor.py:914} INFO - Processing file /opt/airflow/dags/dag2.py for tasks to queue
[2026-04-22T07:58:58.810+0000] {logging_mixin.py:190} INFO - [2026-04-22T07:58:58.809+0000] {dagbag.py:588} INFO - Filling up the DagBag from /opt/airflow/dags/dag2.py
[2026-04-22T07:58:58.847+0000] {processor.py:925} INFO - DAG(s) 'data_pipeline' retrieved from /opt/airflow/dags/dag2.py
[2026-04-22T07:58:58.927+0000] {logging_mixin.py:190} INFO - [2026-04-22T07:58:58.926+0000] {dag.py:3239} INFO - Sync 1 DAGs
[2026-04-22T07:58:58.965+0000] {logging_mixin.py:190} INFO - [2026-04-22T07:58:58.965+0000] {dag.py:4180} INFO - Setting next_dagrun for data_pipeline to 2026-04-21 15:30:00+00:00, run_after=2026-04-22 15:30:00+00:00
[2026-04-22T07:58:58.987+0000] {processor.py:208} INFO - Processing /opt/airflow/dags/dag2.py took 0.206 seconds
[2026-04-22T07:59:29.353+0000] {processor.py:186} INFO - Started process (PID=923) to work on /opt/airflow/dags/dag2.py
[2026-04-22T07:59:29.361+0000] {processor.py:914} INFO - Processing file /opt/airflow/dags/dag2.py for tasks to queue
[2026-04-22T07:59:29.369+0000] {logging_mixin.py:190} INFO - [2026-04-22T07:59:29.367+0000] {dagbag.py:588} INFO - Filling up the DagBag from /opt/airflow/dags/dag2.py
[2026-04-22T07:59:29.410+0000] {processor.py:925} INFO - DAG(s) 'data_pipeline' retrieved from /opt/airflow/dags/dag2.py
[2026-04-22T07:59:29.526+0000] {logging_mixin.py:190} INFO - [2026-04-22T07:59:29.525+0000] {dag.py:3239} INFO - Sync 1 DAGs
[2026-04-22T07:59:29.657+0000] {logging_mixin.py:190} INFO - [2026-04-22T07:59:29.656+0000] {dag.py:4180} INFO - Setting next_dagrun for data_pipeline to 2026-04-21 15:30:00+00:00, run_after=2026-04-22 15:30:00+00:00
[2026-04-22T07:59:29.690+0000] {processor.py:208} INFO - Processing /opt/airflow/dags/dag2.py took 0.357 seconds
[2026-04-22T07:59:59.788+0000] {processor.py:186} INFO - Started process (PID=939) to work on /opt/airflow/dags/dag2.py
[2026-04-22T07:59:59.791+0000] {processor.py:914} INFO - Processing file /opt/airflow/dags/dag2.py for tasks to queue
[2026-04-22T07:59:59.803+0000] {logging_mixin.py:190} INFO - [2026-04-22T07:59:59.802+0000] {dagbag.py:588} INFO - Filling up the DagBag from /opt/airflow/dags/dag2.py
[2026-04-22T07:59:59.854+0000] {processor.py:925} INFO - DAG(s) 'data_pipeline' retrieved from /opt/airflow/dags/dag2.py
[2026-04-22T07:59:59.911+0000] {logging_mixin.py:190} INFO - [2026-04-22T07:59:59.910+0000] {dag.py:3239} INFO - Sync 1 DAGs
[2026-04-22T07:59:59.950+0000] {logging_mixin.py:190} INFO - [2026-04-22T07:59:59.950+0000] {dag.py:4180} INFO - Setting next_dagrun for data_pipeline to 2026-04-21 15:30:00+00:00, run_after=2026-04-22 15:30:00+00:00
[2026-04-22T07:59:59.978+0000] {processor.py:208} INFO - Processing /opt/airflow/dags/dag2.py took 0.219 seconds
[2026-04-22T08:00:30.095+0000] {processor.py:186} INFO - Started process (PID=955) to work on /opt/airflow/dags/dag2.py
[2026-04-22T08:00:30.098+0000] {processor.py:914} INFO - Processing file /opt/airflow/dags/dag2.py for tasks to queue
[2026-04-22T08:00:30.107+0000] {logging_mixin.py:190} INFO - [2026-04-22T08:00:30.106+0000] {dagbag.py:588} INFO - Filling up the DagBag from /opt/airflow/dags/dag2.py
[2026-04-22T08:00:30.153+0000] {processor.py:925} INFO - DAG(s) 'data_pipeline' retrieved from /opt/airflow/dags/dag2.py
[2026-04-22T08:00:30.234+0000] {logging_mixin.py:190} INFO - [2026-04-22T08:00:30.233+0000] {dag.py:3239} INFO - Sync 1 DAGs
[2026-04-22T08:00:30.318+0000] {logging_mixin.py:190} INFO - [2026-04-22T08:00:30.317+0000] {dag.py:4180} INFO - Setting next_dagrun for data_pipeline to 2026-04-21 15:30:00+00:00, run_after=2026-04-22 15:30:00+00:00
[2026-04-22T08:00:30.347+0000] {processor.py:208} INFO - Processing /opt/airflow/dags/dag2.py took 0.282 seconds
[2026-04-22T08:01:00.687+0000] {processor.py:186} INFO - Started process (PID=971) to work on /opt/airflow/dags/dag2.py
[2026-04-22T08:01:00.694+0000] {processor.py:914} INFO - Processing file /opt/airflow/dags/dag2.py for tasks to queue
[2026-04-22T08:01:00.701+0000] {logging_mixin.py:190} INFO - [2026-04-22T08:01:00.700+0000] {dagbag.py:588} INFO - Filling up the DagBag from /opt/airflow/dags/dag2.py
[2026-04-22T08:01:00.733+0000] {processor.py:925} INFO - DAG(s) 'data_pipeline' retrieved from /opt/airflow/dags/dag2.py
[2026-04-22T08:01:00.802+0000] {logging_mixin.py:190} INFO - [2026-04-22T08:01:00.801+0000] {dag.py:3239} INFO - Sync 1 DAGs
[2026-04-22T08:01:00.864+0000] {logging_mixin.py:190} INFO - [2026-04-22T08:01:00.863+0000] {dag.py:4180} INFO - Setting next_dagrun for data_pipeline to 2026-04-21 15:30:00+00:00, run_after=2026-04-22 15:30:00+00:00
[2026-04-22T08:01:00.903+0000] {processor.py:208} INFO - Processing /opt/airflow/dags/dag2.py took 0.235 seconds
[2026-04-22T08:01:31.249+0000] {processor.py:186} INFO - Started process (PID=987) to work on /opt/airflow/dags/dag2.py
[2026-04-22T08:01:31.256+0000] {processor.py:914} INFO - Processing file /opt/airflow/dags/dag2.py for tasks to queue
[2026-04-22T08:01:31.263+0000] {logging_mixin.py:190} INFO - [2026-04-22T08:01:31.262+0000] {dagbag.py:588} INFO - Filling up the DagBag from /opt/airflow/dags/dag2.py
[2026-04-22T08:01:31.299+0000] {processor.py:925} INFO - DAG(s) 'data_pipeline' retrieved from /opt/airflow/dags/dag2.py
[2026-04-22T08:01:31.368+0000] {logging_mixin.py:190} INFO - [2026-04-22T08:01:31.368+0000] {dag.py:3239} INFO - Sync 1 DAGs
[2026-04-22T08:01:31.438+0000] {logging_mixin.py:190} INFO - [2026-04-22T08:01:31.437+0000] {dag.py:4180} INFO - Setting next_dagrun for data_pipeline to 2026-04-21 15:30:00+00:00, run_after=2026-04-22 15:30:00+00:00
[2026-04-22T08:01:31.491+0000] {processor.py:208} INFO - Processing /opt/airflow/dags/dag2.py took 0.259 seconds
[2026-04-22T08:02:01.842+0000] {processor.py:186} INFO - Started process (PID=1003) to work on /opt/airflow/dags/dag2.py
[2026-04-22T08:02:01.844+0000] {processor.py:914} INFO - Processing file /opt/airflow/dags/dag2.py for tasks to queue
[2026-04-22T08:02:01.851+0000] {logging_mixin.py:190} INFO - [2026-04-22T08:02:01.850+0000] {dagbag.py:588} INFO - Filling up the DagBag from /opt/airflow/dags/dag2.py
[2026-04-22T08:02:01.884+0000] {processor.py:925} INFO - DAG(s) 'data_pipeline' retrieved from /opt/airflow/dags/dag2.py
[2026-04-22T08:02:01.947+0000] {logging_mixin.py:190} INFO - [2026-04-22T08:02:01.947+0000] {dag.py:3239} INFO - Sync 1 DAGs
[2026-04-22T08:02:02.004+0000] {logging_mixin.py:190} INFO - [2026-04-22T08:02:02.003+0000] {dag.py:4180} INFO - Setting next_dagrun for data_pipeline to 2026-04-21 15:30:00+00:00, run_after=2026-04-22 15:30:00+00:00
[2026-04-22T08:02:02.037+0000] {processor.py:208} INFO - Processing /opt/airflow/dags/dag2.py took 0.211 seconds
[2026-04-22T08:02:32.367+0000] {processor.py:186} INFO - Started process (PID=1019) to work on /opt/airflow/dags/dag2.py
[2026-04-22T08:02:32.369+0000] {processor.py:914} INFO - Processing file /opt/airflow/dags/dag2.py for tasks to queue
[2026-04-22T08:02:32.375+0000] {logging_mixin.py:190} INFO - [2026-04-22T08:02:32.373+0000] {dagbag.py:588} INFO - Filling up the DagBag from /opt/airflow/dags/dag2.py
[2026-04-22T08:02:32.408+0000] {processor.py:925} INFO - DAG(s) 'data_pipeline' retrieved from /opt/airflow/dags/dag2.py
[2026-04-22T08:02:32.485+0000] {logging_mixin.py:190} INFO - [2026-04-22T08:02:32.484+0000] {dag.py:3239} INFO - Sync 1 DAGs
[2026-04-22T08:02:32.570+0000] {logging_mixin.py:190} INFO - [2026-04-22T08:02:32.570+0000] {dag.py:4180} INFO - Setting next_dagrun for data_pipeline to 2026-04-21 15:30:00+00:00, run_after=2026-04-22 15:30:00+00:00
[2026-04-22T08:02:32.609+0000] {processor.py:208} INFO - Processing /opt/airflow/dags/dag2.py took 0.260 seconds
[2026-04-22T08:03:02.756+0000] {processor.py:186} INFO - Started process (PID=1035) to work on /opt/airflow/dags/dag2.py
[2026-04-22T08:03:02.758+0000] {processor.py:914} INFO - Processing file /opt/airflow/dags/dag2.py for tasks to queue
[2026-04-22T08:03:02.764+0000] {logging_mixin.py:190} INFO - [2026-04-22T08:03:02.763+0000] {dagbag.py:588} INFO - Filling up the DagBag from /opt/airflow/dags/dag2.py
[2026-04-22T08:03:02.797+0000] {processor.py:925} INFO - DAG(s) 'data_pipeline' retrieved from /opt/airflow/dags/dag2.py
[2026-04-22T08:03:02.861+0000] {logging_mixin.py:190} INFO - [2026-04-22T08:03:02.860+0000] {dag.py:3239} INFO - Sync 1 DAGs
[2026-04-22T08:03:02.900+0000] {logging_mixin.py:190} INFO - [2026-04-22T08:03:02.899+0000] {dag.py:4180} INFO - Setting next_dagrun for data_pipeline to 2026-04-21 15:30:00+00:00, run_after=2026-04-22 15:30:00+00:00
[2026-04-22T08:03:02.923+0000] {processor.py:208} INFO - Processing /opt/airflow/dags/dag2.py took 0.185 seconds
[2026-04-22T08:03:33.245+0000] {processor.py:186} INFO - Started process (PID=1051) to work on /opt/airflow/dags/dag2.py
[2026-04-22T08:03:33.252+0000] {processor.py:914} INFO - Processing file /opt/airflow/dags/dag2.py for tasks to queue
[2026-04-22T08:03:33.259+0000] {logging_mixin.py:190} INFO - [2026-04-22T08:03:33.258+0000] {dagbag.py:588} INFO - Filling up the DagBag from /opt/airflow/dags/dag2.py
[2026-04-22T08:03:33.288+0000] {processor.py:925} INFO - DAG(s) 'data_pipeline' retrieved from /opt/airflow/dags/dag2.py
[2026-04-22T08:03:33.350+0000] {logging_mixin.py:190} INFO - [2026-04-22T08:03:33.350+0000] {dag.py:3239} INFO - Sync 1 DAGs
[2026-04-22T08:03:33.420+0000] {logging_mixin.py:190} INFO - [2026-04-22T08:03:33.419+0000] {dag.py:4180} INFO - Setting next_dagrun for data_pipeline to 2026-04-21 15:30:00+00:00, run_after=2026-04-22 15:30:00+00:00
[2026-04-22T08:03:33.453+0000] {processor.py:208} INFO - Processing /opt/airflow/dags/dag2.py took 0.224 seconds
[2026-04-22T08:04:03.792+0000] {processor.py:186} INFO - Started process (PID=1067) to work on /opt/airflow/dags/dag2.py
[2026-04-22T08:04:03.794+0000] {processor.py:914} INFO - Processing file /opt/airflow/dags/dag2.py for tasks to queue
[2026-04-22T08:04:03.806+0000] {logging_mixin.py:190} INFO - [2026-04-22T08:04:03.804+0000] {dagbag.py:588} INFO - Filling up the DagBag from /opt/airflow/dags/dag2.py
[2026-04-22T08:04:03.842+0000] {processor.py:925} INFO - DAG(s) 'data_pipeline' retrieved from /opt/airflow/dags/dag2.py
[2026-04-22T08:04:03.908+0000] {logging_mixin.py:190} INFO - [2026-04-22T08:04:03.908+0000] {dag.py:3239} INFO - Sync 1 DAGs
[2026-04-22T08:04:03.975+0000] {logging_mixin.py:190} INFO - [2026-04-22T08:04:03.974+0000] {dag.py:4180} INFO - Setting next_dagrun for data_pipeline to 2026-04-21 15:30:00+00:00, run_after=2026-04-22 15:30:00+00:00
[2026-04-22T08:04:04.025+0000] {processor.py:208} INFO - Processing /opt/airflow/dags/dag2.py took 0.257 seconds
[2026-04-22T08:04:34.424+0000] {processor.py:186} INFO - Started process (PID=1088) to work on /opt/airflow/dags/dag2.py
[2026-04-22T08:04:34.432+0000] {processor.py:914} INFO - Processing file /opt/airflow/dags/dag2.py for tasks to queue
[2026-04-22T08:04:34.437+0000] {logging_mixin.py:190} INFO - [2026-04-22T08:04:34.436+0000] {dagbag.py:588} INFO - Filling up the DagBag from /opt/airflow/dags/dag2.py
[2026-04-22T08:04:34.467+0000] {processor.py:925} INFO - DAG(s) 'data_pipeline' retrieved from /opt/airflow/dags/dag2.py
[2026-04-22T08:04:34.531+0000] {logging_mixin.py:190} INFO - [2026-04-22T08:04:34.530+0000] {dag.py:3239} INFO - Sync 1 DAGs
[2026-04-22T08:04:34.602+0000] {logging_mixin.py:190} INFO - [2026-04-22T08:04:34.601+0000] {dag.py:4180} INFO - Setting next_dagrun for data_pipeline to 2026-04-21 15:30:00+00:00, run_after=2026-04-22 15:30:00+00:00
[2026-04-22T08:04:34.649+0000] {processor.py:208} INFO - Processing /opt/airflow/dags/dag2.py took 0.241 seconds
[2026-04-22T08:05:04.959+0000] {processor.py:186} INFO - Started process (PID=1109) to work on /opt/airflow/dags/dag2.py
[2026-04-22T08:05:04.961+0000] {processor.py:914} INFO - Processing file /opt/airflow/dags/dag2.py for tasks to queue
[2026-04-22T08:05:04.966+0000] {logging_mixin.py:190} INFO - [2026-04-22T08:05:04.965+0000] {dagbag.py:588} INFO - Filling up the DagBag from /opt/airflow/dags/dag2.py
[2026-04-22T08:05:04.997+0000] {processor.py:925} INFO - DAG(s) 'data_pipeline' retrieved from /opt/airflow/dags/dag2.py
[2026-04-22T08:05:05.061+0000] {logging_mixin.py:190} INFO - [2026-04-22T08:05:05.060+0000] {dag.py:3239} INFO - Sync 1 DAGs
[2026-04-22T08:05:05.138+0000] {logging_mixin.py:190} INFO - [2026-04-22T08:05:05.138+0000] {dag.py:4180} INFO - Setting next_dagrun for data_pipeline to 2026-04-21 15:30:00+00:00, run_after=2026-04-22 15:30:00+00:00
[2026-04-22T08:05:05.190+0000] {processor.py:208} INFO - Processing /opt/airflow/dags/dag2.py took 0.250 seconds
[2026-04-22T08:05:35.811+0000] {processor.py:186} INFO - Started process (PID=1130) to work on /opt/airflow/dags/dag2.py
[2026-04-22T08:05:35.813+0000] {processor.py:914} INFO - Processing file /opt/airflow/dags/dag2.py for tasks to queue
[2026-04-22T08:05:35.820+0000] {logging_mixin.py:190} INFO - [2026-04-22T08:05:35.819+0000] {dagbag.py:588} INFO - Filling up the DagBag from /opt/airflow/dags/dag2.py
[2026-04-22T08:05:35.854+0000] {processor.py:925} INFO - DAG(s) 'data_pipeline' retrieved from /opt/airflow/dags/dag2.py
[2026-04-22T08:05:35.928+0000] {logging_mixin.py:190} INFO - [2026-04-22T08:05:35.927+0000] {dag.py:3239} INFO - Sync 1 DAGs
[2026-04-22T08:05:36.010+0000] {logging_mixin.py:190} INFO - [2026-04-22T08:05:36.009+0000] {dag.py:4180} INFO - Setting next_dagrun for data_pipeline to 2026-04-21 15:30:00+00:00, run_after=2026-04-22 15:30:00+00:00
[2026-04-22T08:05:36.055+0000] {processor.py:208} INFO - Processing /opt/airflow/dags/dag2.py took 0.262 seconds
[2026-04-22T08:06:06.432+0000] {processor.py:186} INFO - Started process (PID=1151) to work on /opt/airflow/dags/dag2.py
[2026-04-22T08:06:06.433+0000] {processor.py:914} INFO - Processing file /opt/airflow/dags/dag2.py for tasks to queue
[2026-04-22T08:06:06.441+0000] {logging_mixin.py:190} INFO - [2026-04-22T08:06:06.440+0000] {dagbag.py:588} INFO - Filling up the DagBag from /opt/airflow/dags/dag2.py
[2026-04-22T08:06:06.470+0000] {processor.py:925} INFO - DAG(s) 'data_pipeline' retrieved from /opt/airflow/dags/dag2.py
[2026-04-22T08:06:06.545+0000] {logging_mixin.py:190} INFO - [2026-04-22T08:06:06.544+0000] {dag.py:3239} INFO - Sync 1 DAGs
[2026-04-22T08:06:06.599+0000] {logging_mixin.py:190} INFO - [2026-04-22T08:06:06.599+0000] {dag.py:4180} INFO - Setting next_dagrun for data_pipeline to 2026-04-21 15:30:00+00:00, run_after=2026-04-22 15:30:00+00:00
[2026-04-22T08:06:06.636+0000] {processor.py:208} INFO - Processing /opt/airflow/dags/dag2.py took 0.221 seconds
[2026-04-22T08:06:37.167+0000] {processor.py:186} INFO - Started process (PID=1172) to work on /opt/airflow/dags/dag2.py
[2026-04-22T08:06:37.174+0000] {processor.py:914} INFO - Processing file /opt/airflow/dags/dag2.py for tasks to queue
[2026-04-22T08:06:37.176+0000] {logging_mixin.py:190} INFO - [2026-04-22T08:06:37.175+0000] {dagbag.py:588} INFO - Filling up the DagBag from /opt/airflow/dags/dag2.py
[2026-04-22T08:06:37.186+0000] {processor.py:925} INFO - DAG(s) 'data_pipeline' retrieved from /opt/airflow/dags/dag2.py
[2026-04-22T08:06:37.209+0000] {logging_mixin.py:190} INFO - [2026-04-22T08:06:37.208+0000] {dag.py:3239} INFO - Sync 1 DAGs
[2026-04-22T08:06:37.231+0000] {logging_mixin.py:190} INFO - [2026-04-22T08:06:37.231+0000] {dag.py:4180} INFO - Setting next_dagrun for data_pipeline to 2026-04-21 15:30:00+00:00, run_after=2026-04-22 15:30:00+00:00
[2026-04-22T08:06:37.247+0000] {processor.py:208} INFO - Processing /opt/airflow/dags/dag2.py took 0.086 seconds
[2026-04-22T08:07:07.828+0000] {processor.py:186} INFO - Started process (PID=1193) to work on /opt/airflow/dags/dag2.py
[2026-04-22T08:07:07.830+0000] {processor.py:914} INFO - Processing file /opt/airflow/dags/dag2.py for tasks to queue
[2026-04-22T08:07:07.835+0000] {logging_mixin.py:190} INFO - [2026-04-22T08:07:07.834+0000] {dagbag.py:588} INFO - Filling up the DagBag from /opt/airflow/dags/dag2.py
[2026-04-22T08:07:07.864+0000] {processor.py:925} INFO - DAG(s) 'data_pipeline' retrieved from /opt/airflow/dags/dag2.py
[2026-04-22T08:07:07.927+0000] {logging_mixin.py:190} INFO - [2026-04-22T08:07:07.926+0000] {dag.py:3239} INFO - Sync 1 DAGs
[2026-04-22T08:07:07.995+0000] {logging_mixin.py:190} INFO - [2026-04-22T08:07:07.994+0000] {dag.py:4180} INFO - Setting next_dagrun for data_pipeline to 2026-04-21 15:30:00+00:00, run_after=2026-04-22 15:30:00+00:00
[2026-04-22T08:07:08.046+0000] {processor.py:208} INFO - Processing /opt/airflow/dags/dag2.py took 0.237 seconds
[2026-04-22T08:07:38.435+0000] {processor.py:186} INFO - Started process (PID=1214) to work on /opt/airflow/dags/dag2.py
[2026-04-22T08:07:38.443+0000] {processor.py:914} INFO - Processing file /opt/airflow/dags/dag2.py for tasks to queue
[2026-04-22T08:07:38.449+0000] {logging_mixin.py:190} INFO - [2026-04-22T08:07:38.448+0000] {dagbag.py:588} INFO - Filling up the DagBag from /opt/airflow/dags/dag2.py
[2026-04-22T08:07:38.481+0000] {processor.py:925} INFO - DAG(s) 'data_pipeline' retrieved from /opt/airflow/dags/dag2.py
[2026-04-22T08:07:38.549+0000] {logging_mixin.py:190} INFO - [2026-04-22T08:07:38.549+0000] {dag.py:3239} INFO - Sync 1 DAGs
[2026-04-22T08:07:38.621+0000] {logging_mixin.py:190} INFO - [2026-04-22T08:07:38.621+0000] {dag.py:4180} INFO - Setting next_dagrun for data_pipeline to 2026-04-21 15:30:00+00:00, run_after=2026-04-22 15:30:00+00:00
[2026-04-22T08:07:38.663+0000] {processor.py:208} INFO - Processing /opt/airflow/dags/dag2.py took 0.246 seconds
[2026-04-22T08:08:09.194+0000] {processor.py:186} INFO - Started process (PID=1235) to work on /opt/airflow/dags/dag2.py
[2026-04-22T08:08:09.196+0000] {processor.py:914} INFO - Processing file /opt/airflow/dags/dag2.py for tasks to queue
[2026-04-22T08:08:09.201+0000] {logging_mixin.py:190} INFO - [2026-04-22T08:08:09.200+0000] {dagbag.py:588} INFO - Filling up the DagBag from /opt/airflow/dags/dag2.py
[2026-04-22T08:08:09.231+0000] {processor.py:925} INFO - DAG(s) 'data_pipeline' retrieved from /opt/airflow/dags/dag2.py
[2026-04-22T08:08:09.295+0000] {logging_mixin.py:190} INFO - [2026-04-22T08:08:09.294+0000] {dag.py:3239} INFO - Sync 1 DAGs
[2026-04-22T08:08:09.362+0000] {logging_mixin.py:190} INFO - [2026-04-22T08:08:09.362+0000] {dag.py:4180} INFO - Setting next_dagrun for data_pipeline to 2026-04-21 15:30:00+00:00, run_after=2026-04-22 15:30:00+00:00
[2026-04-22T08:08:09.406+0000] {processor.py:208} INFO - Processing /opt/airflow/dags/dag2.py took 0.230 seconds
[2026-04-22T08:08:39.812+0000] {processor.py:186} INFO - Started process (PID=1257) to work on /opt/airflow/dags/dag2.py
[2026-04-22T08:08:39.819+0000] {processor.py:914} INFO - Processing file /opt/airflow/dags/dag2.py for tasks to queue
[2026-04-22T08:08:39.827+0000] {logging_mixin.py:190} INFO - [2026-04-22T08:08:39.826+0000] {dagbag.py:588} INFO - Filling up the DagBag from /opt/airflow/dags/dag2.py
[2026-04-22T08:08:39.861+0000] {processor.py:925} INFO - DAG(s) 'data_pipeline' retrieved from /opt/airflow/dags/dag2.py
[2026-04-22T08:08:39.929+0000] {logging_mixin.py:190} INFO - [2026-04-22T08:08:39.928+0000] {dag.py:3239} INFO - Sync 1 DAGs
[2026-04-22T08:08:39.996+0000] {logging_mixin.py:190} INFO - [2026-04-22T08:08:39.996+0000] {dag.py:4180} INFO - Setting next_dagrun for data_pipeline to 2026-04-21 15:30:00+00:00, run_after=2026-04-22 15:30:00+00:00
[2026-04-22T08:08:40.028+0000] {processor.py:208} INFO - Processing /opt/airflow/dags/dag2.py took 0.238 seconds
[2026-04-22T08:09:10.396+0000] {processor.py:186} INFO - Started process (PID=1278) to work on /opt/airflow/dags/dag2.py
[2026-04-22T08:09:10.398+0000] {processor.py:914} INFO - Processing file /opt/airflow/dags/dag2.py for tasks to queue
[2026-04-22T08:09:10.405+0000] {logging_mixin.py:190} INFO - [2026-04-22T08:09:10.404+0000] {dagbag.py:588} INFO - Filling up the DagBag from /opt/airflow/dags/dag2.py
[2026-04-22T08:09:10.434+0000] {processor.py:925} INFO - DAG(s) 'data_pipeline' retrieved from /opt/airflow/dags/dag2.py
[2026-04-22T08:09:10.500+0000] {logging_mixin.py:190} INFO - [2026-04-22T08:09:10.499+0000] {dag.py:3239} INFO - Sync 1 DAGs
[2026-04-22T08:09:10.570+0000] {logging_mixin.py:190} INFO - [2026-04-22T08:09:10.569+0000] {dag.py:4180} INFO - Setting next_dagrun for data_pipeline to 2026-04-21 15:30:00+00:00, run_after=2026-04-22 15:30:00+00:00
[2026-04-22T08:09:10.619+0000] {processor.py:208} INFO - Processing /opt/airflow/dags/dag2.py took 0.238 seconds
[2026-04-22T08:09:41.237+0000] {processor.py:186} INFO - Started process (PID=1299) to work on /opt/airflow/dags/dag2.py
[2026-04-22T08:09:41.239+0000] {processor.py:914} INFO - Processing file /opt/airflow/dags/dag2.py for tasks to queue
[2026-04-22T08:09:41.245+0000] {logging_mixin.py:190} INFO - [2026-04-22T08:09:41.244+0000] {dagbag.py:588} INFO - Filling up the DagBag from /opt/airflow/dags/dag2.py
[2026-04-22T08:09:41.282+0000] {processor.py:925} INFO - DAG(s) 'data_pipeline' retrieved from /opt/airflow/dags/dag2.py
[2026-04-22T08:09:41.347+0000] {logging_mixin.py:190} INFO - [2026-04-22T08:09:41.346+0000] {dag.py:3239} INFO - Sync 1 DAGs
[2026-04-22T08:09:41.412+0000] {logging_mixin.py:190} INFO - [2026-04-22T08:09:41.412+0000] {dag.py:4180} INFO - Setting next_dagrun for data_pipeline to 2026-04-21 15:30:00+00:00, run_after=2026-04-22 15:30:00+00:00
[2026-04-22T08:09:41.440+0000] {processor.py:208} INFO - Processing /opt/airflow/dags/dag2.py took 0.219 seconds
[2026-04-22T08:10:11.715+0000] {processor.py:186} INFO - Started process (PID=1320) to work on /opt/airflow/dags/dag2.py
[2026-04-22T08:10:11.717+0000] {processor.py:914} INFO - Processing file /opt/airflow/dags/dag2.py for tasks to queue
[2026-04-22T08:10:11.722+0000] {logging_mixin.py:190} INFO - [2026-04-22T08:10:11.721+0000] {dagbag.py:588} INFO - Filling up the DagBag from /opt/airflow/dags/dag2.py
[2026-04-22T08:10:11.755+0000] {processor.py:925} INFO - DAG(s) 'data_pipeline' retrieved from /opt/airflow/dags/dag2.py
[2026-04-22T08:10:11.827+0000] {logging_mixin.py:190} INFO - [2026-04-22T08:10:11.826+0000] {dag.py:3239} INFO - Sync 1 DAGs
[2026-04-22T08:10:11.895+0000] {logging_mixin.py:190} INFO - [2026-04-22T08:10:11.895+0000] {dag.py:4180} INFO - Setting next_dagrun for data_pipeline to 2026-04-21 15:30:00+00:00, run_after=2026-04-22 15:30:00+00:00
[2026-04-22T08:10:11.937+0000] {processor.py:208} INFO - Processing /opt/airflow/dags/dag2.py took 0.239 seconds
[2026-04-22T08:10:42.314+0000] {processor.py:186} INFO - Started process (PID=1341) to work on /opt/airflow/dags/dag2.py
[2026-04-22T08:10:42.322+0000] {processor.py:914} INFO - Processing file /opt/airflow/dags/dag2.py for tasks to queue
[2026-04-22T08:10:42.327+0000] {logging_mixin.py:190} INFO - [2026-04-22T08:10:42.326+0000] {dagbag.py:588} INFO - Filling up the DagBag from /opt/airflow/dags/dag2.py
[2026-04-22T08:10:42.359+0000] {processor.py:925} INFO - DAG(s) 'data_pipeline' retrieved from /opt/airflow/dags/dag2.py
[2026-04-22T08:10:42.423+0000] {logging_mixin.py:190} INFO - [2026-04-22T08:10:42.422+0000] {dag.py:3239} INFO - Sync 1 DAGs
[2026-04-22T08:10:42.493+0000] {logging_mixin.py:190} INFO - [2026-04-22T08:10:42.492+0000] {dag.py:4180} INFO - Setting next_dagrun for data_pipeline to 2026-04-21 15:30:00+00:00, run_after=2026-04-22 15:30:00+00:00
[2026-04-22T08:10:42.542+0000] {processor.py:208} INFO - Processing /opt/airflow/dags/dag2.py took 0.244 seconds
[2026-04-22T08:11:13.100+0000] {processor.py:186} INFO - Started process (PID=1362) to work on /opt/airflow/dags/dag2.py
[2026-04-22T08:11:13.101+0000] {processor.py:914} INFO - Processing file /opt/airflow/dags/dag2.py for tasks to queue
[2026-04-22T08:11:13.108+0000] {logging_mixin.py:190} INFO - [2026-04-22T08:11:13.107+0000] {dagbag.py:588} INFO - Filling up the DagBag from /opt/airflow/dags/dag2.py
[2026-04-22T08:11:13.140+0000] {processor.py:925} INFO - DAG(s) 'data_pipeline' retrieved from /opt/airflow/dags/dag2.py
[2026-04-22T08:11:13.207+0000] {logging_mixin.py:190} INFO - [2026-04-22T08:11:13.206+0000] {dag.py:3239} INFO - Sync 1 DAGs
[2026-04-22T08:11:13.272+0000] {logging_mixin.py:190} INFO - [2026-04-22T08:11:13.271+0000] {dag.py:4180} INFO - Setting next_dagrun for data_pipeline to 2026-04-21 15:30:00+00:00, run_after=2026-04-22 15:30:00+00:00
[2026-04-22T08:11:13.320+0000] {processor.py:208} INFO - Processing /opt/airflow/dags/dag2.py took 0.240 seconds
[2026-04-22T08:11:43.730+0000] {processor.py:186} INFO - Started process (PID=1383) to work on /opt/airflow/dags/dag2.py
[2026-04-22T08:11:43.737+0000] {processor.py:914} INFO - Processing file /opt/airflow/dags/dag2.py for tasks to queue
[2026-04-22T08:11:43.744+0000] {logging_mixin.py:190} INFO - [2026-04-22T08:11:43.744+0000] {dagbag.py:588} INFO - Filling up the DagBag from /opt/airflow/dags/dag2.py
[2026-04-22T08:11:43.778+0000] {processor.py:925} INFO - DAG(s) 'data_pipeline' retrieved from /opt/airflow/dags/dag2.py
[2026-04-22T08:11:43.843+0000] {logging_mixin.py:190} INFO - [2026-04-22T08:11:43.842+0000] {dag.py:3239} INFO - Sync 1 DAGs
[2026-04-22T08:11:43.899+0000] {logging_mixin.py:190} INFO - [2026-04-22T08:11:43.898+0000] {dag.py:4180} INFO - Setting next_dagrun for data_pipeline to 2026-04-21 15:30:00+00:00, run_after=2026-04-22 15:30:00+00:00
[2026-04-22T08:11:43.934+0000] {processor.py:208} INFO - Processing /opt/airflow/dags/dag2.py took 0.220 seconds
[2026-04-22T08:12:14.299+0000] {processor.py:186} INFO - Started process (PID=1404) to work on /opt/airflow/dags/dag2.py
[2026-04-22T08:12:14.300+0000] {processor.py:914} INFO - Processing file /opt/airflow/dags/dag2.py for tasks to queue
[2026-04-22T08:12:14.305+0000] {logging_mixin.py:190} INFO - [2026-04-22T08:12:14.304+0000] {dagbag.py:588} INFO - Filling up the DagBag from /opt/airflow/dags/dag2.py
[2026-04-22T08:12:14.334+0000] {processor.py:925} INFO - DAG(s) 'data_pipeline' retrieved from /opt/airflow/dags/dag2.py
[2026-04-22T08:12:14.402+0000] {logging_mixin.py:190} INFO - [2026-04-22T08:12:14.401+0000] {dag.py:3239} INFO - Sync 1 DAGs
[2026-04-22T08:12:14.476+0000] {logging_mixin.py:190} INFO - [2026-04-22T08:12:14.475+0000] {dag.py:4180} INFO - Setting next_dagrun for data_pipeline to 2026-04-21 15:30:00+00:00, run_after=2026-04-22 15:30:00+00:00
[2026-04-22T08:12:14.525+0000] {processor.py:208} INFO - Processing /opt/airflow/dags/dag2.py took 0.245 seconds
[2026-04-22T08:12:45.061+0000] {processor.py:186} INFO - Started process (PID=1425) to work on /opt/airflow/dags/dag2.py
[2026-04-22T08:12:45.069+0000] {processor.py:914} INFO - Processing file /opt/airflow/dags/dag2.py for tasks to queue
[2026-04-22T08:12:45.074+0000] {logging_mixin.py:190} INFO - [2026-04-22T08:12:45.073+0000] {dagbag.py:588} INFO - Filling up the DagBag from /opt/airflow/dags/dag2.py
[2026-04-22T08:12:45.110+0000] {processor.py:925} INFO - DAG(s) 'data_pipeline' retrieved from /opt/airflow/dags/dag2.py
[2026-04-22T08:12:45.195+0000] {logging_mixin.py:190} INFO - [2026-04-22T08:12:45.194+0000] {dag.py:3239} INFO - Sync 1 DAGs
[2026-04-22T08:12:45.269+0000] {logging_mixin.py:190} INFO - [2026-04-22T08:12:45.268+0000] {dag.py:4180} INFO - Setting next_dagrun for data_pipeline to 2026-04-21 15:30:00+00:00, run_after=2026-04-22 15:30:00+00:00
[2026-04-22T08:12:45.323+0000] {processor.py:208} INFO - Processing /opt/airflow/dags/dag2.py took 0.278 seconds
[2026-04-22T08:13:15.744+0000] {processor.py:186} INFO - Started process (PID=1446) to work on /opt/airflow/dags/dag2.py
[2026-04-22T08:13:15.745+0000] {processor.py:914} INFO - Processing file /opt/airflow/dags/dag2.py for tasks to queue
[2026-04-22T08:13:15.747+0000] {logging_mixin.py:190} INFO - [2026-04-22T08:13:15.747+0000] {dagbag.py:588} INFO - Filling up the DagBag from /opt/airflow/dags/dag2.py
[2026-04-22T08:13:15.758+0000] {processor.py:925} INFO - DAG(s) 'data_pipeline' retrieved from /opt/airflow/dags/dag2.py
[2026-04-22T08:13:15.789+0000] {logging_mixin.py:190} INFO - [2026-04-22T08:13:15.788+0000] {dag.py:3239} INFO - Sync 1 DAGs
[2026-04-22T08:13:15.818+0000] {logging_mixin.py:190} INFO - [2026-04-22T08:13:15.818+0000] {dag.py:4180} INFO - Setting next_dagrun for data_pipeline to 2026-04-21 15:30:00+00:00, run_after=2026-04-22 15:30:00+00:00
[2026-04-22T08:13:15.840+0000] {processor.py:208} INFO - Processing /opt/airflow/dags/dag2.py took 0.100 seconds
[2026-04-22T08:13:46.316+0000] {processor.py:186} INFO - Started process (PID=1467) to work on /opt/airflow/dags/dag2.py
[2026-04-22T08:13:46.319+0000] {processor.py:914} INFO - Processing file /opt/airflow/dags/dag2.py for tasks to queue
[2026-04-22T08:13:46.326+0000] {logging_mixin.py:190} INFO - [2026-04-22T08:13:46.325+0000] {dagbag.py:588} INFO - Filling up the DagBag from /opt/airflow/dags/dag2.py
[2026-04-22T08:13:46.358+0000] {processor.py:925} INFO - DAG(s) 'data_pipeline' retrieved from /opt/airflow/dags/dag2.py
[2026-04-22T08:13:46.406+0000] {logging_mixin.py:190} INFO - [2026-04-22T08:13:46.405+0000] {dag.py:3239} INFO - Sync 1 DAGs
[2026-04-22T08:13:46.441+0000] {logging_mixin.py:190} INFO - [2026-04-22T08:13:46.441+0000] {dag.py:4180} INFO - Setting next_dagrun for data_pipeline to 2026-04-21 15:30:00+00:00, run_after=2026-04-22 15:30:00+00:00
[2026-04-22T08:13:46.456+0000] {processor.py:208} INFO - Processing /opt/airflow/dags/dag2.py took 0.162 seconds
[2026-04-22T08:14:16.968+0000] {processor.py:186} INFO - Started process (PID=1488) to work on /opt/airflow/dags/dag2.py
[2026-04-22T08:14:16.970+0000] {processor.py:914} INFO - Processing file /opt/airflow/dags/dag2.py for tasks to queue
[2026-04-22T08:14:16.976+0000] {logging_mixin.py:190} INFO - [2026-04-22T08:14:16.975+0000] {dagbag.py:588} INFO - Filling up the DagBag from /opt/airflow/dags/dag2.py
[2026-04-22T08:14:17.013+0000] {processor.py:925} INFO - DAG(s) 'data_pipeline' retrieved from /opt/airflow/dags/dag2.py
[2026-04-22T08:14:17.059+0000] {logging_mixin.py:190} INFO - [2026-04-22T08:14:17.059+0000] {dag.py:3239} INFO - Sync 1 DAGs
[2026-04-22T08:14:17.091+0000] {logging_mixin.py:190} INFO - [2026-04-22T08:14:17.091+0000] {dag.py:4180} INFO - Setting next_dagrun for data_pipeline to 2026-04-21 15:30:00+00:00, run_after=2026-04-22 15:30:00+00:00
[2026-04-22T08:14:17.107+0000] {processor.py:208} INFO - Processing /opt/airflow/dags/dag2.py took 0.154 seconds
[2026-04-22T08:14:47.544+0000] {processor.py:186} INFO - Started process (PID=1509) to work on /opt/airflow/dags/dag2.py
[2026-04-22T08:14:47.551+0000] {processor.py:914} INFO - Processing file /opt/airflow/dags/dag2.py for tasks to queue
[2026-04-22T08:14:47.553+0000] {logging_mixin.py:190} INFO - [2026-04-22T08:14:47.553+0000] {dagbag.py:588} INFO - Filling up the DagBag from /opt/airflow/dags/dag2.py
[2026-04-22T08:14:47.567+0000] {processor.py:925} INFO - DAG(s) 'data_pipeline' retrieved from /opt/airflow/dags/dag2.py
[2026-04-22T08:14:47.593+0000] {logging_mixin.py:190} INFO - [2026-04-22T08:14:47.592+0000] {dag.py:3239} INFO - Sync 1 DAGs
[2026-04-22T08:14:47.619+0000] {logging_mixin.py:190} INFO - [2026-04-22T08:14:47.619+0000] {dag.py:4180} INFO - Setting next_dagrun for data_pipeline to 2026-04-21 15:30:00+00:00, run_after=2026-04-22 15:30:00+00:00
[2026-04-22T08:14:47.636+0000] {processor.py:208} INFO - Processing /opt/airflow/dags/dag2.py took 0.101 seconds
[2026-04-22T08:15:18.153+0000] {processor.py:186} INFO - Started process (PID=1530) to work on /opt/airflow/dags/dag2.py
[2026-04-22T08:15:18.153+0000] {processor.py:914} INFO - Processing file /opt/airflow/dags/dag2.py for tasks to queue
[2026-04-22T08:15:18.155+0000] {logging_mixin.py:190} INFO - [2026-04-22T08:15:18.155+0000] {dagbag.py:588} INFO - Filling up the DagBag from /opt/airflow/dags/dag2.py
[2026-04-22T08:15:18.165+0000] {processor.py:925} INFO - DAG(s) 'data_pipeline' retrieved from /opt/airflow/dags/dag2.py
[2026-04-22T08:15:18.187+0000] {logging_mixin.py:190} INFO - [2026-04-22T08:15:18.187+0000] {dag.py:3239} INFO - Sync 1 DAGs
[2026-04-22T08:15:18.210+0000] {logging_mixin.py:190} INFO - [2026-04-22T08:15:18.209+0000] {dag.py:4180} INFO - Setting next_dagrun for data_pipeline to 2026-04-21 15:30:00+00:00, run_after=2026-04-22 15:30:00+00:00
[2026-04-22T08:15:18.225+0000] {processor.py:208} INFO - Processing /opt/airflow/dags/dag2.py took 0.077 seconds
[2026-04-22T08:15:48.749+0000] {processor.py:186} INFO - Started process (PID=1551) to work on /opt/airflow/dags/dag2.py
[2026-04-22T08:15:48.756+0000] {processor.py:914} INFO - Processing file /opt/airflow/dags/dag2.py for tasks to queue
[2026-04-22T08:15:48.758+0000] {logging_mixin.py:190} INFO - [2026-04-22T08:15:48.758+0000] {dagbag.py:588} INFO - Filling up the DagBag from /opt/airflow/dags/dag2.py
[2026-04-22T08:15:48.770+0000] {processor.py:925} INFO - DAG(s) 'data_pipeline' retrieved from /opt/airflow/dags/dag2.py
[2026-04-22T08:15:48.796+0000] {logging_mixin.py:190} INFO - [2026-04-22T08:15:48.796+0000] {dag.py:3239} INFO - Sync 1 DAGs
[2026-04-22T08:15:48.831+0000] {logging_mixin.py:190} INFO - [2026-04-22T08:15:48.831+0000] {dag.py:4180} INFO - Setting next_dagrun for data_pipeline to 2026-04-21 15:30:00+00:00, run_after=2026-04-22 15:30:00+00:00
[2026-04-22T08:15:48.856+0000] {processor.py:208} INFO - Processing /opt/airflow/dags/dag2.py took 0.113 seconds
[2026-04-22T08:16:19.372+0000] {processor.py:186} INFO - Started process (PID=1572) to work on /opt/airflow/dags/dag2.py
[2026-04-22T08:16:19.374+0000] {processor.py:914} INFO - Processing file /opt/airflow/dags/dag2.py for tasks to queue
[2026-04-22T08:16:19.381+0000] {logging_mixin.py:190} INFO - [2026-04-22T08:16:19.378+0000] {dagbag.py:588} INFO - Filling up the DagBag from /opt/airflow/dags/dag2.py
[2026-04-22T08:16:19.416+0000] {processor.py:925} INFO - DAG(s) 'data_pipeline' retrieved from /opt/airflow/dags/dag2.py
[2026-04-22T08:16:19.481+0000] {logging_mixin.py:190} INFO - [2026-04-22T08:16:19.480+0000] {dag.py:3239} INFO - Sync 1 DAGs
[2026-04-22T08:16:19.528+0000] {logging_mixin.py:190} INFO - [2026-04-22T08:16:19.528+0000] {dag.py:4180} INFO - Setting next_dagrun for data_pipeline to 2026-04-21 15:30:00+00:00, run_after=2026-04-22 15:30:00+00:00
[2026-04-22T08:16:19.559+0000] {processor.py:208} INFO - Processing /opt/airflow/dags/dag2.py took 0.204 seconds
[2026-04-22T08:16:50.049+0000] {processor.py:186} INFO - Started process (PID=1593) to work on /opt/airflow/dags/dag2.py
[2026-04-22T08:16:50.057+0000] {processor.py:914} INFO - Processing file /opt/airflow/dags/dag2.py for tasks to queue
[2026-04-22T08:16:50.064+0000] {logging_mixin.py:190} INFO - [2026-04-22T08:16:50.063+0000] {dagbag.py:588} INFO - Filling up the DagBag from /opt/airflow/dags/dag2.py
[2026-04-22T08:16:50.099+0000] {processor.py:925} INFO - DAG(s) 'data_pipeline' retrieved from /opt/airflow/dags/dag2.py
[2026-04-22T08:16:50.168+0000] {logging_mixin.py:190} INFO - [2026-04-22T08:16:50.167+0000] {dag.py:3239} INFO - Sync 1 DAGs
[2026-04-22T08:16:50.234+0000] {logging_mixin.py:190} INFO - [2026-04-22T08:16:50.233+0000] {dag.py:4180} INFO - Setting next_dagrun for data_pipeline to 2026-04-21 15:30:00+00:00, run_after=2026-04-22 15:30:00+00:00
[2026-04-22T08:16:50.283+0000] {processor.py:208} INFO - Processing /opt/airflow/dags/dag2.py took 0.251 seconds
[2026-04-22T08:17:20.728+0000] {processor.py:186} INFO - Started process (PID=1614) to work on /opt/airflow/dags/dag2.py
[2026-04-22T08:17:20.730+0000] {processor.py:914} INFO - Processing file /opt/airflow/dags/dag2.py for tasks to queue
[2026-04-22T08:17:20.737+0000] {logging_mixin.py:190} INFO - [2026-04-22T08:17:20.736+0000] {dagbag.py:588} INFO - Filling up the DagBag from /opt/airflow/dags/dag2.py
[2026-04-22T08:17:20.766+0000] {processor.py:925} INFO - DAG(s) 'data_pipeline' retrieved from /opt/airflow/dags/dag2.py
[2026-04-22T08:17:20.835+0000] {logging_mixin.py:190} INFO - [2026-04-22T08:17:20.835+0000] {dag.py:3239} INFO - Sync 1 DAGs
[2026-04-22T08:17:20.904+0000] {logging_mixin.py:190} INFO - [2026-04-22T08:17:20.904+0000] {dag.py:4180} INFO - Setting next_dagrun for data_pipeline to 2026-04-21 15:30:00+00:00, run_after=2026-04-22 15:30:00+00:00
[2026-04-22T08:17:20.954+0000] {processor.py:208} INFO - Processing /opt/airflow/dags/dag2.py took 0.243 seconds
[2026-04-22T08:17:51.422+0000] {processor.py:186} INFO - Started process (PID=1635) to work on /opt/airflow/dags/dag2.py
[2026-04-22T08:17:51.429+0000] {processor.py:914} INFO - Processing file /opt/airflow/dags/dag2.py for tasks to queue
[2026-04-22T08:17:51.435+0000] {logging_mixin.py:190} INFO - [2026-04-22T08:17:51.434+0000] {dagbag.py:588} INFO - Filling up the DagBag from /opt/airflow/dags/dag2.py
[2026-04-22T08:17:51.466+0000] {processor.py:925} INFO - DAG(s) 'data_pipeline' retrieved from /opt/airflow/dags/dag2.py
[2026-04-22T08:17:51.529+0000] {logging_mixin.py:190} INFO - [2026-04-22T08:17:51.529+0000] {dag.py:3239} INFO - Sync 1 DAGs
[2026-04-22T08:17:51.575+0000] {logging_mixin.py:190} INFO - [2026-04-22T08:17:51.575+0000] {dag.py:4180} INFO - Setting next_dagrun for data_pipeline to 2026-04-21 15:30:00+00:00, run_after=2026-04-22 15:30:00+00:00
[2026-04-22T08:17:51.603+0000] {processor.py:208} INFO - Processing /opt/airflow/dags/dag2.py took 0.198 seconds
[2026-04-22T08:18:22.183+0000] {processor.py:186} INFO - Started process (PID=1656) to work on /opt/airflow/dags/dag2.py
[2026-04-22T08:18:22.185+0000] {processor.py:914} INFO - Processing file /opt/airflow/dags/dag2.py for tasks to queue
[2026-04-22T08:18:22.191+0000] {logging_mixin.py:190} INFO - [2026-04-22T08:18:22.190+0000] {dagbag.py:588} INFO - Filling up the DagBag from /opt/airflow/dags/dag2.py
[2026-04-22T08:18:22.225+0000] {processor.py:925} INFO - DAG(s) 'data_pipeline' retrieved from /opt/airflow/dags/dag2.py
[2026-04-22T08:18:22.302+0000] {logging_mixin.py:190} INFO - [2026-04-22T08:18:22.301+0000] {dag.py:3239} INFO - Sync 1 DAGs
[2026-04-22T08:18:22.387+0000] {logging_mixin.py:190} INFO - [2026-04-22T08:18:22.386+0000] {dag.py:4180} INFO - Setting next_dagrun for data_pipeline to 2026-04-21 15:30:00+00:00, run_after=2026-04-22 15:30:00+00:00
[2026-04-22T08:18:22.444+0000] {processor.py:208} INFO - Processing /opt/airflow/dags/dag2.py took 0.280 seconds
[2026-04-22T08:18:52.515+0000] {processor.py:186} INFO - Started process (PID=1683) to work on /opt/airflow/dags/dag2.py
[2026-04-22T08:18:52.523+0000] {processor.py:914} INFO - Processing file /opt/airflow/dags/dag2.py for tasks to queue
[2026-04-22T08:18:52.528+0000] {logging_mixin.py:190} INFO - [2026-04-22T08:18:52.527+0000] {dagbag.py:588} INFO - Filling up the DagBag from /opt/airflow/dags/dag2.py
[2026-04-22T08:18:52.561+0000] {processor.py:925} INFO - DAG(s) 'data_pipeline' retrieved from /opt/airflow/dags/dag2.py
[2026-04-22T08:18:52.628+0000] {logging_mixin.py:190} INFO - [2026-04-22T08:18:52.627+0000] {dag.py:3239} INFO - Sync 1 DAGs
[2026-04-22T08:18:52.676+0000] {logging_mixin.py:190} INFO - [2026-04-22T08:18:52.675+0000] {dag.py:4180} INFO - Setting next_dagrun for data_pipeline to 2026-04-21 15:30:00+00:00, run_after=2026-04-22 15:30:00+00:00
[2026-04-22T08:18:52.706+0000] {processor.py:208} INFO - Processing /opt/airflow/dags/dag2.py took 0.212 seconds
[2026-04-22T08:19:23.201+0000] {processor.py:186} INFO - Started process (PID=1704) to work on /opt/airflow/dags/dag2.py
[2026-04-22T08:19:23.202+0000] {processor.py:914} INFO - Processing file /opt/airflow/dags/dag2.py for tasks to queue
[2026-04-22T08:19:23.209+0000] {logging_mixin.py:190} INFO - [2026-04-22T08:19:23.208+0000] {dagbag.py:588} INFO - Filling up the DagBag from /opt/airflow/dags/dag2.py
[2026-04-22T08:19:23.241+0000] {processor.py:925} INFO - DAG(s) 'data_pipeline' retrieved from /opt/airflow/dags/dag2.py
[2026-04-22T08:19:23.323+0000] {logging_mixin.py:190} INFO - [2026-04-22T08:19:23.322+0000] {dag.py:3239} INFO - Sync 1 DAGs
[2026-04-22T08:19:23.365+0000] {logging_mixin.py:190} INFO - [2026-04-22T08:19:23.365+0000] {dag.py:4180} INFO - Setting next_dagrun for data_pipeline to 2026-04-21 15:30:00+00:00, run_after=2026-04-22 15:30:00+00:00
[2026-04-22T08:19:23.382+0000] {processor.py:208} INFO - Processing /opt/airflow/dags/dag2.py took 0.204 seconds
[2026-04-22T08:19:53.791+0000] {processor.py:186} INFO - Started process (PID=1725) to work on /opt/airflow/dags/dag2.py
[2026-04-22T08:19:53.799+0000] {processor.py:914} INFO - Processing file /opt/airflow/dags/dag2.py for tasks to queue
[2026-04-22T08:19:53.806+0000] {logging_mixin.py:190} INFO - [2026-04-22T08:19:53.805+0000] {dagbag.py:588} INFO - Filling up the DagBag from /opt/airflow/dags/dag2.py
[2026-04-22T08:19:53.838+0000] {processor.py:925} INFO - DAG(s) 'data_pipeline' retrieved from /opt/airflow/dags/dag2.py
[2026-04-22T08:19:53.906+0000] {logging_mixin.py:190} INFO - [2026-04-22T08:19:53.905+0000] {dag.py:3239} INFO - Sync 1 DAGs
[2026-04-22T08:19:53.974+0000] {logging_mixin.py:190} INFO - [2026-04-22T08:19:53.973+0000] {dag.py:4180} INFO - Setting next_dagrun for data_pipeline to 2026-04-21 15:30:00+00:00, run_after=2026-04-22 15:30:00+00:00
[2026-04-22T08:19:54.027+0000] {processor.py:208} INFO - Processing /opt/airflow/dags/dag2.py took 0.251 seconds
[2026-04-22T08:20:24.534+0000] {processor.py:186} INFO - Started process (PID=1746) to work on /opt/airflow/dags/dag2.py
[2026-04-22T08:20:24.535+0000] {processor.py:914} INFO - Processing file /opt/airflow/dags/dag2.py for tasks to queue
[2026-04-22T08:20:24.541+0000] {logging_mixin.py:190} INFO - [2026-04-22T08:20:24.540+0000] {dagbag.py:588} INFO - Filling up the DagBag from /opt/airflow/dags/dag2.py
[2026-04-22T08:20:24.570+0000] {processor.py:925} INFO - DAG(s) 'data_pipeline' retrieved from /opt/airflow/dags/dag2.py
[2026-04-22T08:20:24.640+0000] {logging_mixin.py:190} INFO - [2026-04-22T08:20:24.639+0000] {dag.py:3239} INFO - Sync 1 DAGs
[2026-04-22T08:20:24.708+0000] {logging_mixin.py:190} INFO - [2026-04-22T08:20:24.707+0000] {dag.py:4180} INFO - Setting next_dagrun for data_pipeline to 2026-04-21 15:30:00+00:00, run_after=2026-04-22 15:30:00+00:00
[2026-04-22T08:20:24.751+0000] {processor.py:208} INFO - Processing /opt/airflow/dags/dag2.py took 0.234 seconds
[2026-04-22T08:20:55.164+0000] {processor.py:186} INFO - Started process (PID=1767) to work on /opt/airflow/dags/dag2.py
[2026-04-22T08:20:55.166+0000] {processor.py:914} INFO - Processing file /opt/airflow/dags/dag2.py for tasks to queue
[2026-04-22T08:20:55.171+0000] {logging_mixin.py:190} INFO - [2026-04-22T08:20:55.170+0000] {dagbag.py:588} INFO - Filling up the DagBag from /opt/airflow/dags/dag2.py
[2026-04-22T08:20:55.204+0000] {processor.py:925} INFO - DAG(s) 'data_pipeline' retrieved from /opt/airflow/dags/dag2.py
[2026-04-22T08:20:55.272+0000] {logging_mixin.py:190} INFO - [2026-04-22T08:20:55.271+0000] {dag.py:3239} INFO - Sync 1 DAGs
[2026-04-22T08:20:55.320+0000] {logging_mixin.py:190} INFO - [2026-04-22T08:20:55.320+0000] {dag.py:4180} INFO - Setting next_dagrun for data_pipeline to 2026-04-21 15:30:00+00:00, run_after=2026-04-22 15:30:00+00:00
[2026-04-22T08:20:55.348+0000] {processor.py:208} INFO - Processing /opt/airflow/dags/dag2.py took 0.201 seconds
[2026-04-22T08:21:25.882+0000] {processor.py:186} INFO - Started process (PID=1788) to work on /opt/airflow/dags/dag2.py
[2026-04-22T08:21:25.884+0000] {processor.py:914} INFO - Processing file /opt/airflow/dags/dag2.py for tasks to queue
[2026-04-22T08:21:25.889+0000] {logging_mixin.py:190} INFO - [2026-04-22T08:21:25.888+0000] {dagbag.py:588} INFO - Filling up the DagBag from /opt/airflow/dags/dag2.py
[2026-04-22T08:21:25.919+0000] {processor.py:925} INFO - DAG(s) 'data_pipeline' retrieved from /opt/airflow/dags/dag2.py
[2026-04-22T08:21:25.983+0000] {logging_mixin.py:190} INFO - [2026-04-22T08:21:25.983+0000] {dag.py:3239} INFO - Sync 1 DAGs
[2026-04-22T08:21:26.039+0000] {logging_mixin.py:190} INFO - [2026-04-22T08:21:26.038+0000] {dag.py:4180} INFO - Setting next_dagrun for data_pipeline to 2026-04-21 15:30:00+00:00, run_after=2026-04-22 15:30:00+00:00
[2026-04-22T08:21:26.070+0000] {processor.py:208} INFO - Processing /opt/airflow/dags/dag2.py took 0.205 seconds
[2026-04-22T08:21:56.397+0000] {processor.py:186} INFO - Started process (PID=1809) to work on /opt/airflow/dags/dag2.py
[2026-04-22T08:21:56.404+0000] {processor.py:914} INFO - Processing file /opt/airflow/dags/dag2.py for tasks to queue
[2026-04-22T08:21:56.406+0000] {logging_mixin.py:190} INFO - [2026-04-22T08:21:56.405+0000] {dagbag.py:588} INFO - Filling up the DagBag from /opt/airflow/dags/dag2.py
[2026-04-22T08:21:56.415+0000] {processor.py:925} INFO - DAG(s) 'data_pipeline' retrieved from /opt/airflow/dags/dag2.py
[2026-04-22T08:21:56.438+0000] {logging_mixin.py:190} INFO - [2026-04-22T08:21:56.438+0000] {dag.py:3239} INFO - Sync 1 DAGs
[2026-04-22T08:21:56.467+0000] {logging_mixin.py:190} INFO - [2026-04-22T08:21:56.467+0000] {dag.py:4180} INFO - Setting next_dagrun for data_pipeline to 2026-04-21 15:30:00+00:00, run_after=2026-04-22 15:30:00+00:00
[2026-04-22T08:21:56.486+0000] {processor.py:208} INFO - Processing /opt/airflow/dags/dag2.py took 0.094 seconds
[2026-04-22T08:22:26.967+0000] {processor.py:186} INFO - Started process (PID=1830) to work on /opt/airflow/dags/dag2.py
[2026-04-22T08:22:26.969+0000] {processor.py:914} INFO - Processing file /opt/airflow/dags/dag2.py for tasks to queue
[2026-04-22T08:22:26.979+0000] {logging_mixin.py:190} INFO - [2026-04-22T08:22:26.977+0000] {dagbag.py:588} INFO - Filling up the DagBag from /opt/airflow/dags/dag2.py
[2026-04-22T08:22:27.013+0000] {processor.py:925} INFO - DAG(s) 'data_pipeline' retrieved from /opt/airflow/dags/dag2.py
[2026-04-22T08:22:27.078+0000] {logging_mixin.py:190} INFO - [2026-04-22T08:22:27.078+0000] {dag.py:3239} INFO - Sync 1 DAGs
[2026-04-22T08:22:27.122+0000] {logging_mixin.py:190} INFO - [2026-04-22T08:22:27.122+0000] {dag.py:4180} INFO - Setting next_dagrun for data_pipeline to 2026-04-21 15:30:00+00:00, run_after=2026-04-22 15:30:00+00:00
[2026-04-22T08:22:27.144+0000] {processor.py:208} INFO - Processing /opt/airflow/dags/dag2.py took 0.196 seconds
[2026-04-22T08:22:57.571+0000] {processor.py:186} INFO - Started process (PID=1851) to work on /opt/airflow/dags/dag2.py
[2026-04-22T08:22:57.579+0000] {processor.py:914} INFO - Processing file /opt/airflow/dags/dag2.py for tasks to queue
[2026-04-22T08:22:57.586+0000] {logging_mixin.py:190} INFO - [2026-04-22T08:22:57.585+0000] {dagbag.py:588} INFO - Filling up the DagBag from /opt/airflow/dags/dag2.py
[2026-04-22T08:22:57.620+0000] {processor.py:925} INFO - DAG(s) 'data_pipeline' retrieved from /opt/airflow/dags/dag2.py
[2026-04-22T08:22:57.687+0000] {logging_mixin.py:190} INFO - [2026-04-22T08:22:57.686+0000] {dag.py:3239} INFO - Sync 1 DAGs
[2026-04-22T08:22:57.736+0000] {logging_mixin.py:190} INFO - [2026-04-22T08:22:57.736+0000] {dag.py:4180} INFO - Setting next_dagrun for data_pipeline to 2026-04-21 15:30:00+00:00, run_after=2026-04-22 15:30:00+00:00
[2026-04-22T08:22:57.763+0000] {processor.py:208} INFO - Processing /opt/airflow/dags/dag2.py took 0.209 seconds
[2026-04-22T08:23:28.266+0000] {processor.py:186} INFO - Started process (PID=1872) to work on /opt/airflow/dags/dag2.py
[2026-04-22T08:23:28.268+0000] {processor.py:914} INFO - Processing file /opt/airflow/dags/dag2.py for tasks to queue
[2026-04-22T08:23:28.273+0000] {logging_mixin.py:190} INFO - [2026-04-22T08:23:28.272+0000] {dagbag.py:588} INFO - Filling up the DagBag from /opt/airflow/dags/dag2.py
[2026-04-22T08:23:28.305+0000] {processor.py:925} INFO - DAG(s) 'data_pipeline' retrieved from /opt/airflow/dags/dag2.py
[2026-04-22T08:23:28.379+0000] {logging_mixin.py:190} INFO - [2026-04-22T08:23:28.378+0000] {dag.py:3239} INFO - Sync 1 DAGs
[2026-04-22T08:23:28.449+0000] {logging_mixin.py:190} INFO - [2026-04-22T08:23:28.448+0000] {dag.py:4180} INFO - Setting next_dagrun for data_pipeline to 2026-04-21 15:30:00+00:00, run_after=2026-04-22 15:30:00+00:00
[2026-04-22T08:23:28.498+0000] {processor.py:208} INFO - Processing /opt/airflow/dags/dag2.py took 0.248 seconds
[2026-04-22T08:23:58.835+0000] {processor.py:186} INFO - Started process (PID=1894) to work on /opt/airflow/dags/dag2.py
[2026-04-22T08:23:58.843+0000] {processor.py:914} INFO - Processing file /opt/airflow/dags/dag2.py for tasks to queue
[2026-04-22T08:23:58.849+0000] {logging_mixin.py:190} INFO - [2026-04-22T08:23:58.848+0000] {dagbag.py:588} INFO - Filling up the DagBag from /opt/airflow/dags/dag2.py
[2026-04-22T08:23:58.882+0000] {processor.py:925} INFO - DAG(s) 'data_pipeline' retrieved from /opt/airflow/dags/dag2.py
[2026-04-22T08:23:58.947+0000] {logging_mixin.py:190} INFO - [2026-04-22T08:23:58.947+0000] {dag.py:3239} INFO - Sync 1 DAGs
[2026-04-22T08:23:59.016+0000] {logging_mixin.py:190} INFO - [2026-04-22T08:23:59.015+0000] {dag.py:4180} INFO - Setting next_dagrun for data_pipeline to 2026-04-21 15:30:00+00:00, run_after=2026-04-22 15:30:00+00:00
[2026-04-22T08:23:59.068+0000] {processor.py:208} INFO - Processing /opt/airflow/dags/dag2.py took 0.251 seconds
[2026-04-22T08:24:29.454+0000] {processor.py:186} INFO - Started process (PID=1915) to work on /opt/airflow/dags/dag2.py
[2026-04-22T08:24:29.456+0000] {processor.py:914} INFO - Processing file /opt/airflow/dags/dag2.py for tasks to queue
[2026-04-22T08:24:29.462+0000] {logging_mixin.py:190} INFO - [2026-04-22T08:24:29.461+0000] {dagbag.py:588} INFO - Filling up the DagBag from /opt/airflow/dags/dag2.py
[2026-04-22T08:24:29.491+0000] {processor.py:925} INFO - DAG(s) 'data_pipeline' retrieved from /opt/airflow/dags/dag2.py
[2026-04-22T08:24:29.556+0000] {logging_mixin.py:190} INFO - [2026-04-22T08:24:29.556+0000] {dag.py:3239} INFO - Sync 1 DAGs
[2026-04-22T08:24:29.614+0000] {logging_mixin.py:190} INFO - [2026-04-22T08:24:29.614+0000] {dag.py:4180} INFO - Setting next_dagrun for data_pipeline to 2026-04-21 15:30:00+00:00, run_after=2026-04-22 15:30:00+00:00
[2026-04-22T08:24:29.652+0000] {processor.py:208} INFO - Processing /opt/airflow/dags/dag2.py took 0.214 seconds
[2026-04-22T08:25:00.223+0000] {processor.py:186} INFO - Started process (PID=1936) to work on /opt/airflow/dags/dag2.py
[2026-04-22T08:25:00.231+0000] {processor.py:914} INFO - Processing file /opt/airflow/dags/dag2.py for tasks to queue
[2026-04-22T08:25:00.238+0000] {logging_mixin.py:190} INFO - [2026-04-22T08:25:00.237+0000] {dagbag.py:588} INFO - Filling up the DagBag from /opt/airflow/dags/dag2.py
[2026-04-22T08:25:00.270+0000] {processor.py:925} INFO - DAG(s) 'data_pipeline' retrieved from /opt/airflow/dags/dag2.py
[2026-04-22T08:25:00.339+0000] {logging_mixin.py:190} INFO - [2026-04-22T08:25:00.338+0000] {dag.py:3239} INFO - Sync 1 DAGs
[2026-04-22T08:25:00.391+0000] {logging_mixin.py:190} INFO - [2026-04-22T08:25:00.391+0000] {dag.py:4180} INFO - Setting next_dagrun for data_pipeline to 2026-04-21 15:30:00+00:00, run_after=2026-04-22 15:30:00+00:00
[2026-04-22T08:25:00.420+0000] {processor.py:208} INFO - Processing /opt/airflow/dags/dag2.py took 0.214 seconds
[2026-04-22T08:25:30.757+0000] {processor.py:186} INFO - Started process (PID=1957) to work on /opt/airflow/dags/dag2.py
[2026-04-22T08:25:30.758+0000] {processor.py:914} INFO - Processing file /opt/airflow/dags/dag2.py for tasks to queue
[2026-04-22T08:25:30.763+0000] {logging_mixin.py:190} INFO - [2026-04-22T08:25:30.762+0000] {dagbag.py:588} INFO - Filling up the DagBag from /opt/airflow/dags/dag2.py
[2026-04-22T08:25:30.793+0000] {processor.py:925} INFO - DAG(s) 'data_pipeline' retrieved from /opt/airflow/dags/dag2.py
[2026-04-22T08:25:30.862+0000] {logging_mixin.py:190} INFO - [2026-04-22T08:25:30.862+0000] {dag.py:3239} INFO - Sync 1 DAGs
[2026-04-22T08:25:30.915+0000] {logging_mixin.py:190} INFO - [2026-04-22T08:25:30.914+0000] {dag.py:4180} INFO - Setting next_dagrun for data_pipeline to 2026-04-21 15:30:00+00:00, run_after=2026-04-22 15:30:00+00:00
[2026-04-22T08:25:30.940+0000] {processor.py:208} INFO - Processing /opt/airflow/dags/dag2.py took 0.201 seconds
[2026-04-22T08:26:01.306+0000] {processor.py:186} INFO - Started process (PID=1978) to work on /opt/airflow/dags/dag2.py
[2026-04-22T08:26:01.313+0000] {processor.py:914} INFO - Processing file /opt/airflow/dags/dag2.py for tasks to queue
[2026-04-22T08:26:01.319+0000] {logging_mixin.py:190} INFO - [2026-04-22T08:26:01.318+0000] {dagbag.py:588} INFO - Filling up the DagBag from /opt/airflow/dags/dag2.py
[2026-04-22T08:26:01.355+0000] {processor.py:925} INFO - DAG(s) 'data_pipeline' retrieved from /opt/airflow/dags/dag2.py
[2026-04-22T08:26:01.419+0000] {logging_mixin.py:190} INFO - [2026-04-22T08:26:01.418+0000] {dag.py:3239} INFO - Sync 1 DAGs
[2026-04-22T08:26:01.465+0000] {logging_mixin.py:190} INFO - [2026-04-22T08:26:01.464+0000] {dag.py:4180} INFO - Setting next_dagrun for data_pipeline to 2026-04-21 15:30:00+00:00, run_after=2026-04-22 15:30:00+00:00
[2026-04-22T08:26:01.493+0000] {processor.py:208} INFO - Processing /opt/airflow/dags/dag2.py took 0.203 seconds
[2026-04-22T08:26:32.051+0000] {processor.py:186} INFO - Started process (PID=1999) to work on /opt/airflow/dags/dag2.py
[2026-04-22T08:26:32.053+0000] {processor.py:914} INFO - Processing file /opt/airflow/dags/dag2.py for tasks to queue
[2026-04-22T08:26:32.058+0000] {logging_mixin.py:190} INFO - [2026-04-22T08:26:32.057+0000] {dagbag.py:588} INFO - Filling up the DagBag from /opt/airflow/dags/dag2.py
[2026-04-22T08:26:32.088+0000] {processor.py:925} INFO - DAG(s) 'data_pipeline' retrieved from /opt/airflow/dags/dag2.py
[2026-04-22T08:26:32.170+0000] {logging_mixin.py:190} INFO - [2026-04-22T08:26:32.169+0000] {dag.py:3239} INFO - Sync 1 DAGs
[2026-04-22T08:26:32.241+0000] {logging_mixin.py:190} INFO - [2026-04-22T08:26:32.240+0000] {dag.py:4180} INFO - Setting next_dagrun for data_pipeline to 2026-04-21 15:30:00+00:00, run_after=2026-04-22 15:30:00+00:00
[2026-04-22T08:26:32.290+0000] {processor.py:208} INFO - Processing /opt/airflow/dags/dag2.py took 0.255 seconds
[2026-04-22T08:27:02.728+0000] {processor.py:186} INFO - Started process (PID=2020) to work on /opt/airflow/dags/dag2.py
[2026-04-22T08:27:02.736+0000] {processor.py:914} INFO - Processing file /opt/airflow/dags/dag2.py for tasks to queue
[2026-04-22T08:27:02.741+0000] {logging_mixin.py:190} INFO - [2026-04-22T08:27:02.740+0000] {dagbag.py:588} INFO - Filling up the DagBag from /opt/airflow/dags/dag2.py
[2026-04-22T08:27:02.771+0000] {processor.py:925} INFO - DAG(s) 'data_pipeline' retrieved from /opt/airflow/dags/dag2.py
[2026-04-22T08:27:02.850+0000] {logging_mixin.py:190} INFO - [2026-04-22T08:27:02.850+0000] {dag.py:3239} INFO - Sync 1 DAGs
[2026-04-22T08:27:02.897+0000] {logging_mixin.py:190} INFO - [2026-04-22T08:27:02.897+0000] {dag.py:4180} INFO - Setting next_dagrun for data_pipeline to 2026-04-21 15:30:00+00:00, run_after=2026-04-22 15:30:00+00:00
[2026-04-22T08:27:02.925+0000] {processor.py:208} INFO - Processing /opt/airflow/dags/dag2.py took 0.213 seconds
[2026-04-22T08:27:33.382+0000] {processor.py:186} INFO - Started process (PID=2041) to work on /opt/airflow/dags/dag2.py
[2026-04-22T08:27:33.384+0000] {processor.py:914} INFO - Processing file /opt/airflow/dags/dag2.py for tasks to queue
[2026-04-22T08:27:33.390+0000] {logging_mixin.py:190} INFO - [2026-04-22T08:27:33.389+0000] {dagbag.py:588} INFO - Filling up the DagBag from /opt/airflow/dags/dag2.py
[2026-04-22T08:27:33.420+0000] {processor.py:925} INFO - DAG(s) 'data_pipeline' retrieved from /opt/airflow/dags/dag2.py
[2026-04-22T08:27:33.497+0000] {logging_mixin.py:190} INFO - [2026-04-22T08:27:33.497+0000] {dag.py:3239} INFO - Sync 1 DAGs
[2026-04-22T08:27:33.533+0000] {logging_mixin.py:190} INFO - [2026-04-22T08:27:33.533+0000] {dag.py:4180} INFO - Setting next_dagrun for data_pipeline to 2026-04-21 15:30:00+00:00, run_after=2026-04-22 15:30:00+00:00
[2026-04-22T08:27:33.555+0000] {processor.py:208} INFO - Processing /opt/airflow/dags/dag2.py took 0.190 seconds
[2026-04-22T08:28:04.083+0000] {processor.py:186} INFO - Started process (PID=2062) to work on /opt/airflow/dags/dag2.py
[2026-04-22T08:28:04.085+0000] {processor.py:914} INFO - Processing file /opt/airflow/dags/dag2.py for tasks to queue
[2026-04-22T08:28:04.093+0000] {logging_mixin.py:190} INFO - [2026-04-22T08:28:04.092+0000] {dagbag.py:588} INFO - Filling up the DagBag from /opt/airflow/dags/dag2.py
[2026-04-22T08:28:04.126+0000] {processor.py:925} INFO - DAG(s) 'data_pipeline' retrieved from /opt/airflow/dags/dag2.py
[2026-04-22T08:28:04.212+0000] {logging_mixin.py:190} INFO - [2026-04-22T08:28:04.211+0000] {dag.py:3239} INFO - Sync 1 DAGs
[2026-04-22T08:28:04.285+0000] {logging_mixin.py:190} INFO - [2026-04-22T08:28:04.284+0000] {dag.py:4180} INFO - Setting next_dagrun for data_pipeline to 2026-04-21 15:30:00+00:00, run_after=2026-04-22 15:30:00+00:00
[2026-04-22T08:28:04.335+0000] {processor.py:208} INFO - Processing /opt/airflow/dags/dag2.py took 0.270 seconds
[2026-04-22T08:28:34.690+0000] {processor.py:186} INFO - Started process (PID=2083) to work on /opt/airflow/dags/dag2.py
[2026-04-22T08:28:34.690+0000] {processor.py:914} INFO - Processing file /opt/airflow/dags/dag2.py for tasks to queue
[2026-04-22T08:28:34.692+0000] {logging_mixin.py:190} INFO - [2026-04-22T08:28:34.692+0000] {dagbag.py:588} INFO - Filling up the DagBag from /opt/airflow/dags/dag2.py
[2026-04-22T08:28:34.701+0000] {processor.py:925} INFO - DAG(s) 'data_pipeline' retrieved from /opt/airflow/dags/dag2.py
[2026-04-22T08:28:34.733+0000] {logging_mixin.py:190} INFO - [2026-04-22T08:28:34.732+0000] {dag.py:3239} INFO - Sync 1 DAGs
[2026-04-22T08:28:34.763+0000] {logging_mixin.py:190} INFO - [2026-04-22T08:28:34.763+0000] {dag.py:4180} INFO - Setting next_dagrun for data_pipeline to 2026-04-21 15:30:00+00:00, run_after=2026-04-22 15:30:00+00:00
[2026-04-22T08:28:34.784+0000] {processor.py:208} INFO - Processing /opt/airflow/dags/dag2.py took 0.100 seconds
[2026-04-22T08:29:05.174+0000] {processor.py:186} INFO - Started process (PID=2104) to work on /opt/airflow/dags/dag2.py
[2026-04-22T08:29:05.182+0000] {processor.py:914} INFO - Processing file /opt/airflow/dags/dag2.py for tasks to queue
[2026-04-22T08:29:05.189+0000] {logging_mixin.py:190} INFO - [2026-04-22T08:29:05.188+0000] {dagbag.py:588} INFO - Filling up the DagBag from /opt/airflow/dags/dag2.py
[2026-04-22T08:29:05.220+0000] {processor.py:925} INFO - DAG(s) 'data_pipeline' retrieved from /opt/airflow/dags/dag2.py
[2026-04-22T08:29:05.306+0000] {logging_mixin.py:190} INFO - [2026-04-22T08:29:05.305+0000] {dag.py:3239} INFO - Sync 1 DAGs
[2026-04-22T08:29:05.378+0000] {logging_mixin.py:190} INFO - [2026-04-22T08:29:05.378+0000] {dag.py:4180} INFO - Setting next_dagrun for data_pipeline to 2026-04-21 15:30:00+00:00, run_after=2026-04-22 15:30:00+00:00
[2026-04-22T08:29:05.428+0000] {processor.py:208} INFO - Processing /opt/airflow/dags/dag2.py took 0.270 seconds
[2026-04-22T08:29:35.927+0000] {processor.py:186} INFO - Started process (PID=2125) to work on /opt/airflow/dags/dag2.py
[2026-04-22T08:29:35.934+0000] {processor.py:914} INFO - Processing file /opt/airflow/dags/dag2.py for tasks to queue
[2026-04-22T08:29:35.941+0000] {logging_mixin.py:190} INFO - [2026-04-22T08:29:35.939+0000] {dagbag.py:588} INFO - Filling up the DagBag from /opt/airflow/dags/dag2.py
[2026-04-22T08:29:35.974+0000] {processor.py:925} INFO - DAG(s) 'data_pipeline' retrieved from /opt/airflow/dags/dag2.py
[2026-04-22T08:29:36.071+0000] {logging_mixin.py:190} INFO - [2026-04-22T08:29:36.070+0000] {dag.py:3239} INFO - Sync 1 DAGs
[2026-04-22T08:29:36.144+0000] {logging_mixin.py:190} INFO - [2026-04-22T08:29:36.143+0000] {dag.py:4180} INFO - Setting next_dagrun for data_pipeline to 2026-04-21 15:30:00+00:00, run_after=2026-04-22 15:30:00+00:00
[2026-04-22T08:29:36.195+0000] {processor.py:208} INFO - Processing /opt/airflow/dags/dag2.py took 0.285 seconds
[2026-04-22T08:30:06.532+0000] {processor.py:186} INFO - Started process (PID=2146) to work on /opt/airflow/dags/dag2.py
[2026-04-22T08:30:06.534+0000] {processor.py:914} INFO - Processing file /opt/airflow/dags/dag2.py for tasks to queue
[2026-04-22T08:30:06.541+0000] {logging_mixin.py:190} INFO - [2026-04-22T08:30:06.540+0000] {dagbag.py:588} INFO - Filling up the DagBag from /opt/airflow/dags/dag2.py
[2026-04-22T08:30:06.570+0000] {processor.py:925} INFO - DAG(s) 'data_pipeline' retrieved from /opt/airflow/dags/dag2.py
[2026-04-22T08:30:06.650+0000] {logging_mixin.py:190} INFO - [2026-04-22T08:30:06.649+0000] {dag.py:3239} INFO - Sync 1 DAGs
[2026-04-22T08:30:06.695+0000] {logging_mixin.py:190} INFO - [2026-04-22T08:30:06.695+0000] {dag.py:4180} INFO - Setting next_dagrun for data_pipeline to 2026-04-21 15:30:00+00:00, run_after=2026-04-22 15:30:00+00:00
[2026-04-22T08:30:06.720+0000] {processor.py:208} INFO - Processing /opt/airflow/dags/dag2.py took 0.205 seconds
[2026-04-22T08:30:37.245+0000] {processor.py:186} INFO - Started process (PID=2167) to work on /opt/airflow/dags/dag2.py
[2026-04-22T08:30:37.253+0000] {processor.py:914} INFO - Processing file /opt/airflow/dags/dag2.py for tasks to queue
[2026-04-22T08:30:37.262+0000] {logging_mixin.py:190} INFO - [2026-04-22T08:30:37.260+0000] {dagbag.py:588} INFO - Filling up the DagBag from /opt/airflow/dags/dag2.py
[2026-04-22T08:30:37.321+0000] {processor.py:925} INFO - DAG(s) 'data_pipeline' retrieved from /opt/airflow/dags/dag2.py
[2026-04-22T08:30:37.417+0000] {logging_mixin.py:190} INFO - [2026-04-22T08:30:37.417+0000] {dag.py:3239} INFO - Sync 1 DAGs
[2026-04-22T08:30:37.492+0000] {logging_mixin.py:190} INFO - [2026-04-22T08:30:37.491+0000] {dag.py:4180} INFO - Setting next_dagrun for data_pipeline to 2026-04-21 15:30:00+00:00, run_after=2026-04-22 15:30:00+00:00
[2026-04-22T08:30:37.536+0000] {processor.py:208} INFO - Processing /opt/airflow/dags/dag2.py took 0.316 seconds
[2026-04-22T08:31:07.897+0000] {processor.py:186} INFO - Started process (PID=2189) to work on /opt/airflow/dags/dag2.py
[2026-04-22T08:31:07.904+0000] {processor.py:914} INFO - Processing file /opt/airflow/dags/dag2.py for tasks to queue
[2026-04-22T08:31:07.910+0000] {logging_mixin.py:190} INFO - [2026-04-22T08:31:07.909+0000] {dagbag.py:588} INFO - Filling up the DagBag from /opt/airflow/dags/dag2.py
[2026-04-22T08:31:07.957+0000] {processor.py:925} INFO - DAG(s) 'data_pipeline' retrieved from /opt/airflow/dags/dag2.py
[2026-04-22T08:31:08.024+0000] {logging_mixin.py:190} INFO - [2026-04-22T08:31:08.023+0000] {dag.py:3239} INFO - Sync 1 DAGs
[2026-04-22T08:31:08.094+0000] {logging_mixin.py:190} INFO - [2026-04-22T08:31:08.093+0000] {dag.py:4180} INFO - Setting next_dagrun for data_pipeline to 2026-04-21 15:30:00+00:00, run_after=2026-04-22 15:30:00+00:00
[2026-04-22T08:31:08.143+0000] {processor.py:208} INFO - Processing /opt/airflow/dags/dag2.py took 0.264 seconds
[2026-04-22T08:31:38.528+0000] {processor.py:186} INFO - Started process (PID=2215) to work on /opt/airflow/dags/dag2.py
[2026-04-22T08:31:38.536+0000] {processor.py:914} INFO - Processing file /opt/airflow/dags/dag2.py for tasks to queue
[2026-04-22T08:31:38.542+0000] {logging_mixin.py:190} INFO - [2026-04-22T08:31:38.541+0000] {dagbag.py:588} INFO - Filling up the DagBag from /opt/airflow/dags/dag2.py
[2026-04-22T08:31:38.598+0000] {processor.py:925} INFO - DAG(s) 'data_pipeline' retrieved from /opt/airflow/dags/dag2.py
[2026-04-22T08:31:38.673+0000] {logging_mixin.py:190} INFO - [2026-04-22T08:31:38.672+0000] {dag.py:3239} INFO - Sync 1 DAGs
[2026-04-22T08:31:38.716+0000] {logging_mixin.py:190} INFO - [2026-04-22T08:31:38.716+0000] {dag.py:4180} INFO - Setting next_dagrun for data_pipeline to 2026-04-21 15:30:00+00:00, run_after=2026-04-22 15:30:00+00:00
[2026-04-22T08:31:38.739+0000] {processor.py:208} INFO - Processing /opt/airflow/dags/dag2.py took 0.231 seconds
[2026-04-22T08:32:09.296+0000] {processor.py:186} INFO - Started process (PID=2241) to work on /opt/airflow/dags/dag2.py
[2026-04-22T08:32:09.298+0000] {processor.py:914} INFO - Processing file /opt/airflow/dags/dag2.py for tasks to queue
[2026-04-22T08:32:09.305+0000] {logging_mixin.py:190} INFO - [2026-04-22T08:32:09.303+0000] {dagbag.py:588} INFO - Filling up the DagBag from /opt/airflow/dags/dag2.py
[2026-04-22T08:32:09.347+0000] {processor.py:925} INFO - DAG(s) 'data_pipeline' retrieved from /opt/airflow/dags/dag2.py
[2026-04-22T08:32:09.375+0000] {logging_mixin.py:190} INFO - [2026-04-22T08:32:09.375+0000] {dag.py:3239} INFO - Sync 1 DAGs
[2026-04-22T08:32:09.402+0000] {logging_mixin.py:190} INFO - [2026-04-22T08:32:09.401+0000] {dag.py:4180} INFO - Setting next_dagrun for data_pipeline to 2026-04-21 15:30:00+00:00, run_after=2026-04-22 15:30:00+00:00
[2026-04-22T08:32:09.424+0000] {processor.py:208} INFO - Processing /opt/airflow/dags/dag2.py took 0.152 seconds
[2026-04-22T08:32:39.991+0000] {processor.py:186} INFO - Started process (PID=2262) to work on /opt/airflow/dags/dag2.py
[2026-04-22T08:32:39.999+0000] {processor.py:914} INFO - Processing file /opt/airflow/dags/dag2.py for tasks to queue
[2026-04-22T08:32:40.004+0000] {logging_mixin.py:190} INFO - [2026-04-22T08:32:40.002+0000] {dagbag.py:588} INFO - Filling up the DagBag from /opt/airflow/dags/dag2.py
[2026-04-22T08:32:40.063+0000] {processor.py:925} INFO - DAG(s) 'data_pipeline' retrieved from /opt/airflow/dags/dag2.py
[2026-04-22T08:32:40.128+0000] {logging_mixin.py:190} INFO - [2026-04-22T08:32:40.127+0000] {dag.py:3239} INFO - Sync 1 DAGs
[2026-04-22T08:32:40.162+0000] {logging_mixin.py:190} INFO - [2026-04-22T08:32:40.162+0000] {dag.py:4180} INFO - Setting next_dagrun for data_pipeline to 2026-04-21 15:30:00+00:00, run_after=2026-04-22 15:30:00+00:00
[2026-04-22T08:32:40.186+0000] {processor.py:208} INFO - Processing /opt/airflow/dags/dag2.py took 0.220 seconds
[2026-04-22T08:33:10.728+0000] {processor.py:186} INFO - Started process (PID=2295) to work on /opt/airflow/dags/dag2.py
[2026-04-22T08:33:10.736+0000] {processor.py:914} INFO - Processing file /opt/airflow/dags/dag2.py for tasks to queue
[2026-04-22T08:33:10.739+0000] {logging_mixin.py:190} INFO - [2026-04-22T08:33:10.738+0000] {dagbag.py:588} INFO - Filling up the DagBag from /opt/airflow/dags/dag2.py
[2026-04-22T08:33:10.785+0000] {processor.py:925} INFO - DAG(s) 'data_pipeline' retrieved from /opt/airflow/dags/dag2.py
[2026-04-22T08:33:10.848+0000] {logging_mixin.py:190} INFO - [2026-04-22T08:33:10.848+0000] {dag.py:3239} INFO - Sync 1 DAGs
[2026-04-22T08:33:10.914+0000] {logging_mixin.py:190} INFO - [2026-04-22T08:33:10.913+0000] {dag.py:4180} INFO - Setting next_dagrun for data_pipeline to 2026-04-21 15:30:00+00:00, run_after=2026-04-22 15:30:00+00:00
[2026-04-22T08:33:10.968+0000] {processor.py:208} INFO - Processing /opt/airflow/dags/dag2.py took 0.257 seconds
[2026-04-22T08:33:41.521+0000] {processor.py:186} INFO - Started process (PID=2316) to work on /opt/airflow/dags/dag2.py
[2026-04-22T08:33:41.529+0000] {processor.py:914} INFO - Processing file /opt/airflow/dags/dag2.py for tasks to queue
[2026-04-22T08:33:41.532+0000] {logging_mixin.py:190} INFO - [2026-04-22T08:33:41.531+0000] {dagbag.py:588} INFO - Filling up the DagBag from /opt/airflow/dags/dag2.py
[2026-04-22T08:33:41.563+0000] {processor.py:925} INFO - DAG(s) 'data_pipeline' retrieved from /opt/airflow/dags/dag2.py
[2026-04-22T08:33:41.626+0000] {logging_mixin.py:190} INFO - [2026-04-22T08:33:41.626+0000] {dag.py:3239} INFO - Sync 1 DAGs
[2026-04-22T08:33:41.683+0000] {logging_mixin.py:190} INFO - [2026-04-22T08:33:41.683+0000] {dag.py:4180} INFO - Setting next_dagrun for data_pipeline to 2026-04-21 15:30:00+00:00, run_after=2026-04-22 15:30:00+00:00
[2026-04-22T08:33:41.721+0000] {processor.py:208} INFO - Processing /opt/airflow/dags/dag2.py took 0.216 seconds
[2026-04-22T08:34:12.165+0000] {processor.py:186} INFO - Started process (PID=2337) to work on /opt/airflow/dags/dag2.py
[2026-04-22T08:34:12.172+0000] {processor.py:914} INFO - Processing file /opt/airflow/dags/dag2.py for tasks to queue
[2026-04-22T08:34:12.175+0000] {logging_mixin.py:190} INFO - [2026-04-22T08:34:12.174+0000] {dagbag.py:588} INFO - Filling up the DagBag from /opt/airflow/dags/dag2.py
[2026-04-22T08:34:12.205+0000] {processor.py:925} INFO - DAG(s) 'data_pipeline' retrieved from /opt/airflow/dags/dag2.py
[2026-04-22T08:34:12.268+0000] {logging_mixin.py:190} INFO - [2026-04-22T08:34:12.267+0000] {dag.py:3239} INFO - Sync 1 DAGs
[2026-04-22T08:34:12.331+0000] {logging_mixin.py:190} INFO - [2026-04-22T08:34:12.330+0000] {dag.py:4180} INFO - Setting next_dagrun for data_pipeline to 2026-04-21 15:30:00+00:00, run_after=2026-04-22 15:30:00+00:00
[2026-04-22T08:34:12.378+0000] {processor.py:208} INFO - Processing /opt/airflow/dags/dag2.py took 0.229 seconds
[2026-04-22T08:34:42.818+0000] {processor.py:186} INFO - Started process (PID=2358) to work on /opt/airflow/dags/dag2.py
[2026-04-22T08:34:42.827+0000] {processor.py:914} INFO - Processing file /opt/airflow/dags/dag2.py for tasks to queue
[2026-04-22T08:34:42.830+0000] {logging_mixin.py:190} INFO - [2026-04-22T08:34:42.830+0000] {dagbag.py:588} INFO - Filling up the DagBag from /opt/airflow/dags/dag2.py
[2026-04-22T08:34:42.860+0000] {processor.py:925} INFO - DAG(s) 'data_pipeline' retrieved from /opt/airflow/dags/dag2.py
[2026-04-22T08:34:42.923+0000] {logging_mixin.py:190} INFO - [2026-04-22T08:34:42.922+0000] {dag.py:3239} INFO - Sync 1 DAGs
[2026-04-22T08:34:42.986+0000] {logging_mixin.py:190} INFO - [2026-04-22T08:34:42.986+0000] {dag.py:4180} INFO - Setting next_dagrun for data_pipeline to 2026-04-21 15:30:00+00:00, run_after=2026-04-22 15:30:00+00:00
[2026-04-22T08:34:43.028+0000] {processor.py:208} INFO - Processing /opt/airflow/dags/dag2.py took 0.226 seconds
[2026-04-22T08:35:13.362+0000] {processor.py:186} INFO - Started process (PID=2379) to work on /opt/airflow/dags/dag2.py
[2026-04-22T08:35:13.362+0000] {processor.py:914} INFO - Processing file /opt/airflow/dags/dag2.py for tasks to queue
[2026-04-22T08:35:13.363+0000] {logging_mixin.py:190} INFO - [2026-04-22T08:35:13.363+0000] {dagbag.py:588} INFO - Filling up the DagBag from /opt/airflow/dags/dag2.py
[2026-04-22T08:35:13.376+0000] {processor.py:925} INFO - DAG(s) 'data_pipeline' retrieved from /opt/airflow/dags/dag2.py
[2026-04-22T08:35:13.397+0000] {logging_mixin.py:190} INFO - [2026-04-22T08:35:13.397+0000] {dag.py:3239} INFO - Sync 1 DAGs
[2026-04-22T08:35:13.418+0000] {logging_mixin.py:190} INFO - [2026-04-22T08:35:13.418+0000] {dag.py:4180} INFO - Setting next_dagrun for data_pipeline to 2026-04-21 15:30:00+00:00, run_after=2026-04-22 15:30:00+00:00
[2026-04-22T08:35:13.550+0000] {processor.py:208} INFO - Processing /opt/airflow/dags/dag2.py took 0.194 seconds
[2026-04-22T08:35:43.892+0000] {processor.py:186} INFO - Started process (PID=2400) to work on /opt/airflow/dags/dag2.py
[2026-04-22T08:35:43.893+0000] {processor.py:914} INFO - Processing file /opt/airflow/dags/dag2.py for tasks to queue
[2026-04-22T08:35:43.896+0000] {logging_mixin.py:190} INFO - [2026-04-22T08:35:43.895+0000] {dagbag.py:588} INFO - Filling up the DagBag from /opt/airflow/dags/dag2.py
[2026-04-22T08:35:43.927+0000] {processor.py:925} INFO - DAG(s) 'data_pipeline' retrieved from /opt/airflow/dags/dag2.py
[2026-04-22T08:35:43.993+0000] {logging_mixin.py:190} INFO - [2026-04-22T08:35:43.992+0000] {dag.py:3239} INFO - Sync 1 DAGs
[2026-04-22T08:35:44.067+0000] {logging_mixin.py:190} INFO - [2026-04-22T08:35:44.066+0000] {dag.py:4180} INFO - Setting next_dagrun for data_pipeline to 2026-04-21 15:30:00+00:00, run_after=2026-04-22 15:30:00+00:00
[2026-04-22T08:35:44.114+0000] {processor.py:208} INFO - Processing /opt/airflow/dags/dag2.py took 0.240 seconds
[2026-04-22T08:36:14.619+0000] {processor.py:186} INFO - Started process (PID=2421) to work on /opt/airflow/dags/dag2.py
[2026-04-22T08:36:14.621+0000] {processor.py:914} INFO - Processing file /opt/airflow/dags/dag2.py for tasks to queue
[2026-04-22T08:36:14.624+0000] {logging_mixin.py:190} INFO - [2026-04-22T08:36:14.623+0000] {dagbag.py:588} INFO - Filling up the DagBag from /opt/airflow/dags/dag2.py
[2026-04-22T08:36:14.652+0000] {processor.py:925} INFO - DAG(s) 'data_pipeline' retrieved from /opt/airflow/dags/dag2.py
[2026-04-22T08:36:14.710+0000] {logging_mixin.py:190} INFO - [2026-04-22T08:36:14.709+0000] {dag.py:3239} INFO - Sync 1 DAGs
[2026-04-22T08:36:14.763+0000] {logging_mixin.py:190} INFO - [2026-04-22T08:36:14.762+0000] {dag.py:4180} INFO - Setting next_dagrun for data_pipeline to 2026-04-21 15:30:00+00:00, run_after=2026-04-22 15:30:00+00:00
[2026-04-22T08:36:14.799+0000] {processor.py:208} INFO - Processing /opt/airflow/dags/dag2.py took 0.195 seconds
[2026-04-22T08:36:45.176+0000] {processor.py:186} INFO - Started process (PID=2442) to work on /opt/airflow/dags/dag2.py
[2026-04-22T08:36:45.178+0000] {processor.py:914} INFO - Processing file /opt/airflow/dags/dag2.py for tasks to queue
[2026-04-22T08:36:45.180+0000] {logging_mixin.py:190} INFO - [2026-04-22T08:36:45.180+0000] {dagbag.py:588} INFO - Filling up the DagBag from /opt/airflow/dags/dag2.py
[2026-04-22T08:36:45.210+0000] {processor.py:925} INFO - DAG(s) 'data_pipeline' retrieved from /opt/airflow/dags/dag2.py
[2026-04-22T08:36:45.273+0000] {logging_mixin.py:190} INFO - [2026-04-22T08:36:45.272+0000] {dag.py:3239} INFO - Sync 1 DAGs
[2026-04-22T08:36:45.337+0000] {logging_mixin.py:190} INFO - [2026-04-22T08:36:45.336+0000] {dag.py:4180} INFO - Setting next_dagrun for data_pipeline to 2026-04-21 15:30:00+00:00, run_after=2026-04-22 15:30:00+00:00
[2026-04-22T08:36:45.384+0000] {processor.py:208} INFO - Processing /opt/airflow/dags/dag2.py took 0.223 seconds
[2026-04-22T08:37:15.947+0000] {processor.py:186} INFO - Started process (PID=2464) to work on /opt/airflow/dags/dag2.py
[2026-04-22T08:37:15.955+0000] {processor.py:914} INFO - Processing file /opt/airflow/dags/dag2.py for tasks to queue
[2026-04-22T08:37:15.958+0000] {logging_mixin.py:190} INFO - [2026-04-22T08:37:15.957+0000] {dagbag.py:588} INFO - Filling up the DagBag from /opt/airflow/dags/dag2.py
[2026-04-22T08:37:15.988+0000] {processor.py:925} INFO - DAG(s) 'data_pipeline' retrieved from /opt/airflow/dags/dag2.py
[2026-04-22T08:37:16.053+0000] {logging_mixin.py:190} INFO - [2026-04-22T08:37:16.052+0000] {dag.py:3239} INFO - Sync 1 DAGs
[2026-04-22T08:37:16.114+0000] {logging_mixin.py:190} INFO - [2026-04-22T08:37:16.114+0000] {dag.py:4180} INFO - Setting next_dagrun for data_pipeline to 2026-04-21 15:30:00+00:00, run_after=2026-04-22 15:30:00+00:00
[2026-04-22T08:37:16.160+0000] {processor.py:208} INFO - Processing /opt/airflow/dags/dag2.py took 0.229 seconds
[2026-04-22T08:37:46.471+0000] {processor.py:186} INFO - Started process (PID=2485) to work on /opt/airflow/dags/dag2.py
[2026-04-22T08:37:46.473+0000] {processor.py:914} INFO - Processing file /opt/airflow/dags/dag2.py for tasks to queue
[2026-04-22T08:37:46.477+0000] {logging_mixin.py:190} INFO - [2026-04-22T08:37:46.476+0000] {dagbag.py:588} INFO - Filling up the DagBag from /opt/airflow/dags/dag2.py
[2026-04-22T08:37:46.505+0000] {processor.py:925} INFO - DAG(s) 'data_pipeline' retrieved from /opt/airflow/dags/dag2.py
[2026-04-22T08:37:46.569+0000] {logging_mixin.py:190} INFO - [2026-04-22T08:37:46.568+0000] {dag.py:3239} INFO - Sync 1 DAGs
[2026-04-22T08:37:46.632+0000] {logging_mixin.py:190} INFO - [2026-04-22T08:37:46.631+0000] {dag.py:4180} INFO - Setting next_dagrun for data_pipeline to 2026-04-21 15:30:00+00:00, run_after=2026-04-22 15:30:00+00:00
[2026-04-22T08:37:46.680+0000] {processor.py:208} INFO - Processing /opt/airflow/dags/dag2.py took 0.224 seconds
[2026-04-22T08:38:17.047+0000] {processor.py:186} INFO - Started process (PID=2506) to work on /opt/airflow/dags/dag2.py
[2026-04-22T08:38:17.048+0000] {processor.py:914} INFO - Processing file /opt/airflow/dags/dag2.py for tasks to queue
[2026-04-22T08:38:17.051+0000] {logging_mixin.py:190} INFO - [2026-04-22T08:38:17.051+0000] {dagbag.py:588} INFO - Filling up the DagBag from /opt/airflow/dags/dag2.py
[2026-04-22T08:38:17.082+0000] {processor.py:925} INFO - DAG(s) 'data_pipeline' retrieved from /opt/airflow/dags/dag2.py
[2026-04-22T08:38:17.150+0000] {logging_mixin.py:190} INFO - [2026-04-22T08:38:17.150+0000] {dag.py:3239} INFO - Sync 1 DAGs
[2026-04-22T08:38:17.184+0000] {logging_mixin.py:190} INFO - [2026-04-22T08:38:17.184+0000] {dag.py:4180} INFO - Setting next_dagrun for data_pipeline to 2026-04-21 15:30:00+00:00, run_after=2026-04-22 15:30:00+00:00
[2026-04-22T08:38:17.208+0000] {processor.py:208} INFO - Processing /opt/airflow/dags/dag2.py took 0.177 seconds
[2026-04-22T08:38:47.570+0000] {processor.py:186} INFO - Started process (PID=2527) to work on /opt/airflow/dags/dag2.py
[2026-04-22T08:38:47.572+0000] {processor.py:914} INFO - Processing file /opt/airflow/dags/dag2.py for tasks to queue
[2026-04-22T08:38:47.574+0000] {logging_mixin.py:190} INFO - [2026-04-22T08:38:47.574+0000] {dagbag.py:588} INFO - Filling up the DagBag from /opt/airflow/dags/dag2.py
[2026-04-22T08:38:47.603+0000] {processor.py:925} INFO - DAG(s) 'data_pipeline' retrieved from /opt/airflow/dags/dag2.py
[2026-04-22T08:38:47.661+0000] {logging_mixin.py:190} INFO - [2026-04-22T08:38:47.661+0000] {dag.py:3239} INFO - Sync 1 DAGs
[2026-04-22T08:38:47.729+0000] {logging_mixin.py:190} INFO - [2026-04-22T08:38:47.728+0000] {dag.py:4180} INFO - Setting next_dagrun for data_pipeline to 2026-04-21 15:30:00+00:00, run_after=2026-04-22 15:30:00+00:00
[2026-04-22T08:38:47.770+0000] {processor.py:208} INFO - Processing /opt/airflow/dags/dag2.py took 0.215 seconds
[2026-04-22T08:39:18.408+0000] {processor.py:186} INFO - Started process (PID=2548) to work on /opt/airflow/dags/dag2.py
[2026-04-22T08:39:18.416+0000] {processor.py:914} INFO - Processing file /opt/airflow/dags/dag2.py for tasks to queue
[2026-04-22T08:39:18.419+0000] {logging_mixin.py:190} INFO - [2026-04-22T08:39:18.418+0000] {dagbag.py:588} INFO - Filling up the DagBag from /opt/airflow/dags/dag2.py
[2026-04-22T08:39:18.450+0000] {processor.py:925} INFO - DAG(s) 'data_pipeline' retrieved from /opt/airflow/dags/dag2.py
[2026-04-22T08:39:18.512+0000] {logging_mixin.py:190} INFO - [2026-04-22T08:39:18.512+0000] {dag.py:3239} INFO - Sync 1 DAGs
[2026-04-22T08:39:18.566+0000] {logging_mixin.py:190} INFO - [2026-04-22T08:39:18.566+0000] {dag.py:4180} INFO - Setting next_dagrun for data_pipeline to 2026-04-21 15:30:00+00:00, run_after=2026-04-22 15:30:00+00:00
[2026-04-22T08:39:18.590+0000] {processor.py:208} INFO - Processing /opt/airflow/dags/dag2.py took 0.200 seconds
[2026-04-22T08:39:48.970+0000] {processor.py:186} INFO - Started process (PID=2569) to work on /opt/airflow/dags/dag2.py
[2026-04-22T08:39:48.971+0000] {processor.py:914} INFO - Processing file /opt/airflow/dags/dag2.py for tasks to queue
[2026-04-22T08:39:48.974+0000] {logging_mixin.py:190} INFO - [2026-04-22T08:39:48.973+0000] {dagbag.py:588} INFO - Filling up the DagBag from /opt/airflow/dags/dag2.py
[2026-04-22T08:39:49.006+0000] {processor.py:925} INFO - DAG(s) 'data_pipeline' retrieved from /opt/airflow/dags/dag2.py
[2026-04-22T08:39:49.079+0000] {logging_mixin.py:190} INFO - [2026-04-22T08:39:49.079+0000] {dag.py:3239} INFO - Sync 1 DAGs
[2026-04-22T08:39:49.112+0000] {logging_mixin.py:190} INFO - [2026-04-22T08:39:49.111+0000] {dag.py:4180} INFO - Setting next_dagrun for data_pipeline to 2026-04-21 15:30:00+00:00, run_after=2026-04-22 15:30:00+00:00
[2026-04-22T08:39:49.133+0000] {processor.py:208} INFO - Processing /opt/airflow/dags/dag2.py took 0.182 seconds
[2026-04-22T08:40:19.700+0000] {processor.py:186} INFO - Started process (PID=2590) to work on /opt/airflow/dags/dag2.py
[2026-04-22T08:40:19.707+0000] {processor.py:914} INFO - Processing file /opt/airflow/dags/dag2.py for tasks to queue
[2026-04-22T08:40:19.711+0000] {logging_mixin.py:190} INFO - [2026-04-22T08:40:19.710+0000] {dagbag.py:588} INFO - Filling up the DagBag from /opt/airflow/dags/dag2.py
[2026-04-22T08:40:19.739+0000] {processor.py:925} INFO - DAG(s) 'data_pipeline' retrieved from /opt/airflow/dags/dag2.py
[2026-04-22T08:40:19.796+0000] {logging_mixin.py:190} INFO - [2026-04-22T08:40:19.795+0000] {dag.py:3239} INFO - Sync 1 DAGs
[2026-04-22T08:40:19.859+0000] {logging_mixin.py:190} INFO - [2026-04-22T08:40:19.859+0000] {dag.py:4180} INFO - Setting next_dagrun for data_pipeline to 2026-04-21 15:30:00+00:00, run_after=2026-04-22 15:30:00+00:00
[2026-04-22T08:40:19.909+0000] {processor.py:208} INFO - Processing /opt/airflow/dags/dag2.py took 0.224 seconds
[2026-04-22T08:40:50.196+0000] {processor.py:186} INFO - Started process (PID=2611) to work on /opt/airflow/dags/dag2.py
[2026-04-22T08:40:50.197+0000] {processor.py:914} INFO - Processing file /opt/airflow/dags/dag2.py for tasks to queue
[2026-04-22T08:40:50.200+0000] {logging_mixin.py:190} INFO - [2026-04-22T08:40:50.199+0000] {dagbag.py:588} INFO - Filling up the DagBag from /opt/airflow/dags/dag2.py
[2026-04-22T08:40:50.228+0000] {processor.py:925} INFO - DAG(s) 'data_pipeline' retrieved from /opt/airflow/dags/dag2.py
[2026-04-22T08:40:50.284+0000] {logging_mixin.py:190} INFO - [2026-04-22T08:40:50.283+0000] {dag.py:3239} INFO - Sync 1 DAGs
[2026-04-22T08:40:50.345+0000] {logging_mixin.py:190} INFO - [2026-04-22T08:40:50.344+0000] {dag.py:4180} INFO - Setting next_dagrun for data_pipeline to 2026-04-21 15:30:00+00:00, run_after=2026-04-22 15:30:00+00:00
[2026-04-22T08:40:50.518+0000] {processor.py:208} INFO - Processing /opt/airflow/dags/dag2.py took 0.339 seconds
[2026-04-22T08:41:20.948+0000] {processor.py:186} INFO - Started process (PID=2632) to work on /opt/airflow/dags/dag2.py
[2026-04-22T08:41:20.956+0000] {processor.py:914} INFO - Processing file /opt/airflow/dags/dag2.py for tasks to queue
[2026-04-22T08:41:20.959+0000] {logging_mixin.py:190} INFO - [2026-04-22T08:41:20.958+0000] {dagbag.py:588} INFO - Filling up the DagBag from /opt/airflow/dags/dag2.py
[2026-04-22T08:41:20.992+0000] {processor.py:925} INFO - DAG(s) 'data_pipeline' retrieved from /opt/airflow/dags/dag2.py
[2026-04-22T08:41:21.050+0000] {logging_mixin.py:190} INFO - [2026-04-22T08:41:21.050+0000] {dag.py:3239} INFO - Sync 1 DAGs
[2026-04-22T08:41:21.109+0000] {logging_mixin.py:190} INFO - [2026-04-22T08:41:21.109+0000] {dag.py:4180} INFO - Setting next_dagrun for data_pipeline to 2026-04-21 15:30:00+00:00, run_after=2026-04-22 15:30:00+00:00
[2026-04-22T08:41:21.145+0000] {processor.py:208} INFO - Processing /opt/airflow/dags/dag2.py took 0.213 seconds
[2026-04-22T08:41:51.487+0000] {processor.py:186} INFO - Started process (PID=2653) to work on /opt/airflow/dags/dag2.py
[2026-04-22T08:41:51.489+0000] {processor.py:914} INFO - Processing file /opt/airflow/dags/dag2.py for tasks to queue
[2026-04-22T08:41:51.491+0000] {logging_mixin.py:190} INFO - [2026-04-22T08:41:51.491+0000] {dagbag.py:588} INFO - Filling up the DagBag from /opt/airflow/dags/dag2.py
[2026-04-22T08:41:51.521+0000] {processor.py:925} INFO - DAG(s) 'data_pipeline' retrieved from /opt/airflow/dags/dag2.py
[2026-04-22T08:41:51.584+0000] {logging_mixin.py:190} INFO - [2026-04-22T08:41:51.583+0000] {dag.py:3239} INFO - Sync 1 DAGs
[2026-04-22T08:41:51.623+0000] {logging_mixin.py:190} INFO - [2026-04-22T08:41:51.622+0000] {dag.py:4180} INFO - Setting next_dagrun for data_pipeline to 2026-04-21 15:30:00+00:00, run_after=2026-04-22 15:30:00+00:00
[2026-04-22T08:41:51.649+0000] {processor.py:208} INFO - Processing /opt/airflow/dags/dag2.py took 0.177 seconds
[2026-04-22T08:42:22.063+0000] {processor.py:186} INFO - Started process (PID=2674) to work on /opt/airflow/dags/dag2.py
[2026-04-22T08:42:22.071+0000] {processor.py:914} INFO - Processing file /opt/airflow/dags/dag2.py for tasks to queue
[2026-04-22T08:42:22.074+0000] {logging_mixin.py:190} INFO - [2026-04-22T08:42:22.073+0000] {dagbag.py:588} INFO - Filling up the DagBag from /opt/airflow/dags/dag2.py
[2026-04-22T08:42:22.104+0000] {processor.py:925} INFO - DAG(s) 'data_pipeline' retrieved from /opt/airflow/dags/dag2.py
[2026-04-22T08:42:22.163+0000] {logging_mixin.py:190} INFO - [2026-04-22T08:42:22.162+0000] {dag.py:3239} INFO - Sync 1 DAGs
[2026-04-22T08:42:22.229+0000] {logging_mixin.py:190} INFO - [2026-04-22T08:42:22.229+0000] {dag.py:4180} INFO - Setting next_dagrun for data_pipeline to 2026-04-21 15:30:00+00:00, run_after=2026-04-22 15:30:00+00:00
[2026-04-22T08:42:22.280+0000] {processor.py:208} INFO - Processing /opt/airflow/dags/dag2.py took 0.232 seconds
[2026-04-22T08:42:52.767+0000] {processor.py:186} INFO - Started process (PID=2695) to work on /opt/airflow/dags/dag2.py
[2026-04-22T08:42:52.769+0000] {processor.py:914} INFO - Processing file /opt/airflow/dags/dag2.py for tasks to queue
[2026-04-22T08:42:52.771+0000] {logging_mixin.py:190} INFO - [2026-04-22T08:42:52.771+0000] {dagbag.py:588} INFO - Filling up the DagBag from /opt/airflow/dags/dag2.py
[2026-04-22T08:42:52.805+0000] {processor.py:925} INFO - DAG(s) 'data_pipeline' retrieved from /opt/airflow/dags/dag2.py
[2026-04-22T08:42:52.868+0000] {logging_mixin.py:190} INFO - [2026-04-22T08:42:52.867+0000] {dag.py:3239} INFO - Sync 1 DAGs
[2026-04-22T08:42:52.927+0000] {logging_mixin.py:190} INFO - [2026-04-22T08:42:52.927+0000] {dag.py:4180} INFO - Setting next_dagrun for data_pipeline to 2026-04-21 15:30:00+00:00, run_after=2026-04-22 15:30:00+00:00
[2026-04-22T08:42:52.959+0000] {processor.py:208} INFO - Processing /opt/airflow/dags/dag2.py took 0.208 seconds
[2026-04-22T08:43:23.304+0000] {processor.py:186} INFO - Started process (PID=2716) to work on /opt/airflow/dags/dag2.py
[2026-04-22T08:43:23.306+0000] {processor.py:914} INFO - Processing file /opt/airflow/dags/dag2.py for tasks to queue
[2026-04-22T08:43:23.310+0000] {logging_mixin.py:190} INFO - [2026-04-22T08:43:23.309+0000] {dagbag.py:588} INFO - Filling up the DagBag from /opt/airflow/dags/dag2.py
[2026-04-22T08:43:23.339+0000] {processor.py:925} INFO - DAG(s) 'data_pipeline' retrieved from /opt/airflow/dags/dag2.py
[2026-04-22T08:43:23.404+0000] {logging_mixin.py:190} INFO - [2026-04-22T08:43:23.403+0000] {dag.py:3239} INFO - Sync 1 DAGs
[2026-04-22T08:43:23.469+0000] {logging_mixin.py:190} INFO - [2026-04-22T08:43:23.468+0000] {dag.py:4180} INFO - Setting next_dagrun for data_pipeline to 2026-04-21 15:30:00+00:00, run_after=2026-04-22 15:30:00+00:00
[2026-04-22T08:43:23.509+0000] {processor.py:208} INFO - Processing /opt/airflow/dags/dag2.py took 0.219 seconds
[2026-04-22T08:43:54.063+0000] {processor.py:186} INFO - Started process (PID=2737) to work on /opt/airflow/dags/dag2.py
[2026-04-22T08:43:54.064+0000] {processor.py:914} INFO - Processing file /opt/airflow/dags/dag2.py for tasks to queue
[2026-04-22T08:43:54.067+0000] {logging_mixin.py:190} INFO - [2026-04-22T08:43:54.066+0000] {dagbag.py:588} INFO - Filling up the DagBag from /opt/airflow/dags/dag2.py
[2026-04-22T08:43:54.095+0000] {processor.py:925} INFO - DAG(s) 'data_pipeline' retrieved from /opt/airflow/dags/dag2.py
[2026-04-22T08:43:54.163+0000] {logging_mixin.py:190} INFO - [2026-04-22T08:43:54.162+0000] {dag.py:3239} INFO - Sync 1 DAGs
[2026-04-22T08:43:54.236+0000] {logging_mixin.py:190} INFO - [2026-04-22T08:43:54.236+0000] {dag.py:4180} INFO - Setting next_dagrun for data_pipeline to 2026-04-21 15:30:00+00:00, run_after=2026-04-22 15:30:00+00:00
[2026-04-22T08:43:54.394+0000] {processor.py:208} INFO - Processing /opt/airflow/dags/dag2.py took 0.347 seconds
[2026-04-22T08:44:24.643+0000] {processor.py:186} INFO - Started process (PID=2758) to work on /opt/airflow/dags/dag2.py
[2026-04-22T08:44:24.651+0000] {processor.py:914} INFO - Processing file /opt/airflow/dags/dag2.py for tasks to queue
[2026-04-22T08:44:24.654+0000] {logging_mixin.py:190} INFO - [2026-04-22T08:44:24.653+0000] {dagbag.py:588} INFO - Filling up the DagBag from /opt/airflow/dags/dag2.py
[2026-04-22T08:44:24.684+0000] {processor.py:925} INFO - DAG(s) 'data_pipeline' retrieved from /opt/airflow/dags/dag2.py
[2026-04-22T08:44:24.742+0000] {logging_mixin.py:190} INFO - [2026-04-22T08:44:24.742+0000] {dag.py:3239} INFO - Sync 1 DAGs
[2026-04-22T08:44:24.805+0000] {logging_mixin.py:190} INFO - [2026-04-22T08:44:24.805+0000] {dag.py:4180} INFO - Setting next_dagrun for data_pipeline to 2026-04-21 15:30:00+00:00, run_after=2026-04-22 15:30:00+00:00
[2026-04-22T08:44:24.849+0000] {processor.py:208} INFO - Processing /opt/airflow/dags/dag2.py took 0.222 seconds
[2026-04-22T08:44:55.215+0000] {processor.py:186} INFO - Started process (PID=2779) to work on /opt/airflow/dags/dag2.py
[2026-04-22T08:44:55.217+0000] {processor.py:914} INFO - Processing file /opt/airflow/dags/dag2.py for tasks to queue
[2026-04-22T08:44:55.220+0000] {logging_mixin.py:190} INFO - [2026-04-22T08:44:55.219+0000] {dagbag.py:588} INFO - Filling up the DagBag from /opt/airflow/dags/dag2.py
[2026-04-22T08:44:55.251+0000] {processor.py:925} INFO - DAG(s) 'data_pipeline' retrieved from /opt/airflow/dags/dag2.py
[2026-04-22T08:44:55.312+0000] {logging_mixin.py:190} INFO - [2026-04-22T08:44:55.311+0000] {dag.py:3239} INFO - Sync 1 DAGs
[2026-04-22T08:44:55.361+0000] {logging_mixin.py:190} INFO - [2026-04-22T08:44:55.360+0000] {dag.py:4180} INFO - Setting next_dagrun for data_pipeline to 2026-04-21 15:30:00+00:00, run_after=2026-04-22 15:30:00+00:00
[2026-04-22T08:44:55.390+0000] {processor.py:208} INFO - Processing /opt/airflow/dags/dag2.py took 0.193 seconds
[2026-04-22T08:45:25.950+0000] {processor.py:186} INFO - Started process (PID=2800) to work on /opt/airflow/dags/dag2.py
[2026-04-22T08:45:25.958+0000] {processor.py:914} INFO - Processing file /opt/airflow/dags/dag2.py for tasks to queue
[2026-04-22T08:45:25.961+0000] {logging_mixin.py:190} INFO - [2026-04-22T08:45:25.960+0000] {dagbag.py:588} INFO - Filling up the DagBag from /opt/airflow/dags/dag2.py
[2026-04-22T08:45:25.992+0000] {processor.py:925} INFO - DAG(s) 'data_pipeline' retrieved from /opt/airflow/dags/dag2.py
[2026-04-22T08:45:26.052+0000] {logging_mixin.py:190} INFO - [2026-04-22T08:45:26.051+0000] {dag.py:3239} INFO - Sync 1 DAGs
[2026-04-22T08:45:26.114+0000] {logging_mixin.py:190} INFO - [2026-04-22T08:45:26.113+0000] {dag.py:4180} INFO - Setting next_dagrun for data_pipeline to 2026-04-21 15:30:00+00:00, run_after=2026-04-22 15:30:00+00:00
[2026-04-22T08:45:26.159+0000] {processor.py:208} INFO - Processing /opt/airflow/dags/dag2.py took 0.226 seconds
[2026-04-22T08:45:56.387+0000] {processor.py:186} INFO - Started process (PID=2821) to work on /opt/airflow/dags/dag2.py
[2026-04-22T08:45:56.389+0000] {processor.py:914} INFO - Processing file /opt/airflow/dags/dag2.py for tasks to queue
[2026-04-22T08:45:56.393+0000] {logging_mixin.py:190} INFO - [2026-04-22T08:45:56.392+0000] {dagbag.py:588} INFO - Filling up the DagBag from /opt/airflow/dags/dag2.py
[2026-04-22T08:45:56.421+0000] {processor.py:925} INFO - DAG(s) 'data_pipeline' retrieved from /opt/airflow/dags/dag2.py
[2026-04-22T08:45:56.481+0000] {logging_mixin.py:190} INFO - [2026-04-22T08:45:56.480+0000] {dag.py:3239} INFO - Sync 1 DAGs
[2026-04-22T08:45:56.544+0000] {logging_mixin.py:190} INFO - [2026-04-22T08:45:56.544+0000] {dag.py:4180} INFO - Setting next_dagrun for data_pipeline to 2026-04-21 15:30:00+00:00, run_after=2026-04-22 15:30:00+00:00
[2026-04-22T08:45:56.592+0000] {processor.py:208} INFO - Processing /opt/airflow/dags/dag2.py took 0.221 seconds
[2026-04-22T08:46:27.073+0000] {processor.py:186} INFO - Started process (PID=2842) to work on /opt/airflow/dags/dag2.py
[2026-04-22T08:46:27.081+0000] {processor.py:914} INFO - Processing file /opt/airflow/dags/dag2.py for tasks to queue
[2026-04-22T08:46:27.085+0000] {logging_mixin.py:190} INFO - [2026-04-22T08:46:27.084+0000] {dagbag.py:588} INFO - Filling up the DagBag from /opt/airflow/dags/dag2.py
[2026-04-22T08:46:27.118+0000] {processor.py:925} INFO - DAG(s) 'data_pipeline' retrieved from /opt/airflow/dags/dag2.py
[2026-04-22T08:46:27.187+0000] {logging_mixin.py:190} INFO - [2026-04-22T08:46:27.187+0000] {dag.py:3239} INFO - Sync 1 DAGs
[2026-04-22T08:46:27.237+0000] {logging_mixin.py:190} INFO - [2026-04-22T08:46:27.237+0000] {dag.py:4180} INFO - Setting next_dagrun for data_pipeline to 2026-04-21 15:30:00+00:00, run_after=2026-04-22 15:30:00+00:00
[2026-04-22T08:46:27.379+0000] {processor.py:208} INFO - Processing /opt/airflow/dags/dag2.py took 0.324 seconds
[2026-04-22T08:46:57.742+0000] {processor.py:186} INFO - Started process (PID=2863) to work on /opt/airflow/dags/dag2.py
[2026-04-22T08:46:57.743+0000] {processor.py:914} INFO - Processing file /opt/airflow/dags/dag2.py for tasks to queue
[2026-04-22T08:46:57.746+0000] {logging_mixin.py:190} INFO - [2026-04-22T08:46:57.745+0000] {dagbag.py:588} INFO - Filling up the DagBag from /opt/airflow/dags/dag2.py
[2026-04-22T08:46:57.775+0000] {processor.py:925} INFO - DAG(s) 'data_pipeline' retrieved from /opt/airflow/dags/dag2.py
[2026-04-22T08:46:57.834+0000] {logging_mixin.py:190} INFO - [2026-04-22T08:46:57.833+0000] {dag.py:3239} INFO - Sync 1 DAGs
[2026-04-22T08:46:57.898+0000] {logging_mixin.py:190} INFO - [2026-04-22T08:46:57.898+0000] {dag.py:4180} INFO - Setting next_dagrun for data_pipeline to 2026-04-21 15:30:00+00:00, run_after=2026-04-22 15:30:00+00:00
[2026-04-22T08:46:57.946+0000] {processor.py:208} INFO - Processing /opt/airflow/dags/dag2.py took 0.220 seconds
[2026-04-22T08:47:28.460+0000] {processor.py:186} INFO - Started process (PID=2884) to work on /opt/airflow/dags/dag2.py
[2026-04-22T08:47:28.468+0000] {processor.py:914} INFO - Processing file /opt/airflow/dags/dag2.py for tasks to queue
[2026-04-22T08:47:28.471+0000] {logging_mixin.py:190} INFO - [2026-04-22T08:47:28.470+0000] {dagbag.py:588} INFO - Filling up the DagBag from /opt/airflow/dags/dag2.py
[2026-04-22T08:47:28.507+0000] {processor.py:925} INFO - DAG(s) 'data_pipeline' retrieved from /opt/airflow/dags/dag2.py
[2026-04-22T08:47:28.571+0000] {logging_mixin.py:190} INFO - [2026-04-22T08:47:28.571+0000] {dag.py:3239} INFO - Sync 1 DAGs
[2026-04-22T08:47:28.617+0000] {logging_mixin.py:190} INFO - [2026-04-22T08:47:28.616+0000] {dag.py:4180} INFO - Setting next_dagrun for data_pipeline to 2026-04-21 15:30:00+00:00, run_after=2026-04-22 15:30:00+00:00
[2026-04-22T08:47:28.644+0000] {processor.py:208} INFO - Processing /opt/airflow/dags/dag2.py took 0.203 seconds
[2026-04-22T08:47:59.100+0000] {processor.py:186} INFO - Started process (PID=2905) to work on /opt/airflow/dags/dag2.py
[2026-04-22T08:47:59.102+0000] {processor.py:914} INFO - Processing file /opt/airflow/dags/dag2.py for tasks to queue
[2026-04-22T08:47:59.104+0000] {logging_mixin.py:190} INFO - [2026-04-22T08:47:59.104+0000] {dagbag.py:588} INFO - Filling up the DagBag from /opt/airflow/dags/dag2.py
[2026-04-22T08:47:59.135+0000] {processor.py:925} INFO - DAG(s) 'data_pipeline' retrieved from /opt/airflow/dags/dag2.py
[2026-04-22T08:47:59.198+0000] {logging_mixin.py:190} INFO - [2026-04-22T08:47:59.197+0000] {dag.py:3239} INFO - Sync 1 DAGs
[2026-04-22T08:47:59.261+0000] {logging_mixin.py:190} INFO - [2026-04-22T08:47:59.260+0000] {dag.py:4180} INFO - Setting next_dagrun for data_pipeline to 2026-04-21 15:30:00+00:00, run_after=2026-04-22 15:30:00+00:00
[2026-04-22T08:47:59.295+0000] {processor.py:208} INFO - Processing /opt/airflow/dags/dag2.py took 0.211 seconds
[2026-04-22T08:48:29.717+0000] {processor.py:186} INFO - Started process (PID=2926) to work on /opt/airflow/dags/dag2.py
[2026-04-22T08:48:29.725+0000] {processor.py:914} INFO - Processing file /opt/airflow/dags/dag2.py for tasks to queue
[2026-04-22T08:48:29.728+0000] {logging_mixin.py:190} INFO - [2026-04-22T08:48:29.727+0000] {dagbag.py:588} INFO - Filling up the DagBag from /opt/airflow/dags/dag2.py
[2026-04-22T08:48:29.759+0000] {processor.py:925} INFO - DAG(s) 'data_pipeline' retrieved from /opt/airflow/dags/dag2.py
[2026-04-22T08:48:29.821+0000] {logging_mixin.py:190} INFO - [2026-04-22T08:48:29.820+0000] {dag.py:3239} INFO - Sync 1 DAGs
[2026-04-22T08:48:29.885+0000] {logging_mixin.py:190} INFO - [2026-04-22T08:48:29.885+0000] {dag.py:4180} INFO - Setting next_dagrun for data_pipeline to 2026-04-21 15:30:00+00:00, run_after=2026-04-22 15:30:00+00:00
[2026-04-22T08:48:29.925+0000] {processor.py:208} INFO - Processing /opt/airflow/dags/dag2.py took 0.224 seconds
[2026-04-22T08:49:00.316+0000] {processor.py:186} INFO - Started process (PID=2947) to work on /opt/airflow/dags/dag2.py
[2026-04-22T08:49:00.318+0000] {processor.py:914} INFO - Processing file /opt/airflow/dags/dag2.py for tasks to queue
[2026-04-22T08:49:00.322+0000] {logging_mixin.py:190} INFO - [2026-04-22T08:49:00.321+0000] {dagbag.py:588} INFO - Filling up the DagBag from /opt/airflow/dags/dag2.py
[2026-04-22T08:49:00.350+0000] {processor.py:925} INFO - DAG(s) 'data_pipeline' retrieved from /opt/airflow/dags/dag2.py
[2026-04-22T08:49:00.411+0000] {logging_mixin.py:190} INFO - [2026-04-22T08:49:00.411+0000] {dag.py:3239} INFO - Sync 1 DAGs
[2026-04-22T08:49:00.473+0000] {logging_mixin.py:190} INFO - [2026-04-22T08:49:00.472+0000] {dag.py:4180} INFO - Setting next_dagrun for data_pipeline to 2026-04-21 15:30:00+00:00, run_after=2026-04-22 15:30:00+00:00
[2026-04-22T08:49:00.518+0000] {processor.py:208} INFO - Processing /opt/airflow/dags/dag2.py took 0.218 seconds
[2026-04-22T08:49:31.040+0000] {processor.py:186} INFO - Started process (PID=2968) to work on /opt/airflow/dags/dag2.py
[2026-04-22T08:49:31.048+0000] {processor.py:914} INFO - Processing file /opt/airflow/dags/dag2.py for tasks to queue
[2026-04-22T08:49:31.051+0000] {logging_mixin.py:190} INFO - [2026-04-22T08:49:31.050+0000] {dagbag.py:588} INFO - Filling up the DagBag from /opt/airflow/dags/dag2.py
[2026-04-22T08:49:31.083+0000] {processor.py:925} INFO - DAG(s) 'data_pipeline' retrieved from /opt/airflow/dags/dag2.py
[2026-04-22T08:49:31.146+0000] {logging_mixin.py:190} INFO - [2026-04-22T08:49:31.145+0000] {dag.py:3239} INFO - Sync 1 DAGs
[2026-04-22T08:49:31.211+0000] {logging_mixin.py:190} INFO - [2026-04-22T08:49:31.211+0000] {dag.py:4180} INFO - Setting next_dagrun for data_pipeline to 2026-04-21 15:30:00+00:00, run_after=2026-04-22 15:30:00+00:00
[2026-04-22T08:49:31.260+0000] {processor.py:208} INFO - Processing /opt/airflow/dags/dag2.py took 0.235 seconds
[2026-04-22T08:50:01.798+0000] {processor.py:186} INFO - Started process (PID=2995) to work on /opt/airflow/dags/dag2.py
[2026-04-22T08:50:01.800+0000] {processor.py:914} INFO - Processing file /opt/airflow/dags/dag2.py for tasks to queue
[2026-04-22T08:50:01.803+0000] {logging_mixin.py:190} INFO - [2026-04-22T08:50:01.802+0000] {dagbag.py:588} INFO - Filling up the DagBag from /opt/airflow/dags/dag2.py
[2026-04-22T08:50:01.833+0000] {processor.py:925} INFO - DAG(s) 'data_pipeline' retrieved from /opt/airflow/dags/dag2.py
[2026-04-22T08:50:01.894+0000] {logging_mixin.py:190} INFO - [2026-04-22T08:50:01.893+0000] {dag.py:3239} INFO - Sync 1 DAGs
[2026-04-22T08:50:01.959+0000] {logging_mixin.py:190} INFO - [2026-04-22T08:50:01.958+0000] {dag.py:4180} INFO - Setting next_dagrun for data_pipeline to 2026-04-21 15:30:00+00:00, run_after=2026-04-22 15:30:00+00:00
[2026-04-22T08:50:02.004+0000] {processor.py:208} INFO - Processing /opt/airflow/dags/dag2.py took 0.221 seconds
[2026-04-22T08:50:32.415+0000] {processor.py:186} INFO - Started process (PID=3016) to work on /opt/airflow/dags/dag2.py
[2026-04-22T08:50:32.423+0000] {processor.py:914} INFO - Processing file /opt/airflow/dags/dag2.py for tasks to queue
[2026-04-22T08:50:32.426+0000] {logging_mixin.py:190} INFO - [2026-04-22T08:50:32.425+0000] {dagbag.py:588} INFO - Filling up the DagBag from /opt/airflow/dags/dag2.py
[2026-04-22T08:50:32.457+0000] {processor.py:925} INFO - DAG(s) 'data_pipeline' retrieved from /opt/airflow/dags/dag2.py
[2026-04-22T08:50:32.519+0000] {logging_mixin.py:190} INFO - [2026-04-22T08:50:32.518+0000] {dag.py:3239} INFO - Sync 1 DAGs
[2026-04-22T08:50:32.581+0000] {logging_mixin.py:190} INFO - [2026-04-22T08:50:32.581+0000] {dag.py:4180} INFO - Setting next_dagrun for data_pipeline to 2026-04-21 15:30:00+00:00, run_after=2026-04-22 15:30:00+00:00
[2026-04-22T08:50:32.627+0000] {processor.py:208} INFO - Processing /opt/airflow/dags/dag2.py took 0.227 seconds
[2026-04-22T08:51:03.118+0000] {processor.py:186} INFO - Started process (PID=3037) to work on /opt/airflow/dags/dag2.py
[2026-04-22T08:51:03.120+0000] {processor.py:914} INFO - Processing file /opt/airflow/dags/dag2.py for tasks to queue
[2026-04-22T08:51:03.124+0000] {logging_mixin.py:190} INFO - [2026-04-22T08:51:03.122+0000] {dagbag.py:588} INFO - Filling up the DagBag from /opt/airflow/dags/dag2.py
[2026-04-22T08:51:03.158+0000] {processor.py:925} INFO - DAG(s) 'data_pipeline' retrieved from /opt/airflow/dags/dag2.py
[2026-04-22T08:51:03.224+0000] {logging_mixin.py:190} INFO - [2026-04-22T08:51:03.224+0000] {dag.py:3239} INFO - Sync 1 DAGs
[2026-04-22T08:51:03.281+0000] {logging_mixin.py:190} INFO - [2026-04-22T08:51:03.280+0000] {dag.py:4180} INFO - Setting next_dagrun for data_pipeline to 2026-04-21 15:30:00+00:00, run_after=2026-04-22 15:30:00+00:00
[2026-04-22T08:51:03.307+0000] {processor.py:208} INFO - Processing /opt/airflow/dags/dag2.py took 0.204 seconds
[2026-04-22T08:51:33.789+0000] {processor.py:186} INFO - Started process (PID=3058) to work on /opt/airflow/dags/dag2.py
[2026-04-22T08:51:33.791+0000] {processor.py:914} INFO - Processing file /opt/airflow/dags/dag2.py for tasks to queue
[2026-04-22T08:51:33.794+0000] {logging_mixin.py:190} INFO - [2026-04-22T08:51:33.793+0000] {dagbag.py:588} INFO - Filling up the DagBag from /opt/airflow/dags/dag2.py
[2026-04-22T08:51:33.823+0000] {processor.py:925} INFO - DAG(s) 'data_pipeline' retrieved from /opt/airflow/dags/dag2.py
[2026-04-22T08:51:33.887+0000] {logging_mixin.py:190} INFO - [2026-04-22T08:51:33.887+0000] {dag.py:3239} INFO - Sync 1 DAGs
[2026-04-22T08:51:33.939+0000] {logging_mixin.py:190} INFO - [2026-04-22T08:51:33.939+0000] {dag.py:4180} INFO - Setting next_dagrun for data_pipeline to 2026-04-21 15:30:00+00:00, run_after=2026-04-22 15:30:00+00:00
[2026-04-22T08:51:33.980+0000] {processor.py:208} INFO - Processing /opt/airflow/dags/dag2.py took 0.207 seconds
[2026-04-22T08:52:04.312+0000] {processor.py:186} INFO - Started process (PID=3079) to work on /opt/airflow/dags/dag2.py
[2026-04-22T08:52:04.314+0000] {processor.py:914} INFO - Processing file /opt/airflow/dags/dag2.py for tasks to queue
[2026-04-22T08:52:04.317+0000] {logging_mixin.py:190} INFO - [2026-04-22T08:52:04.316+0000] {dagbag.py:588} INFO - Filling up the DagBag from /opt/airflow/dags/dag2.py
[2026-04-22T08:52:04.344+0000] {processor.py:925} INFO - DAG(s) 'data_pipeline' retrieved from /opt/airflow/dags/dag2.py
[2026-04-22T08:52:04.402+0000] {logging_mixin.py:190} INFO - [2026-04-22T08:52:04.402+0000] {dag.py:3239} INFO - Sync 1 DAGs
[2026-04-22T08:52:04.464+0000] {logging_mixin.py:190} INFO - [2026-04-22T08:52:04.464+0000] {dag.py:4180} INFO - Setting next_dagrun for data_pipeline to 2026-04-21 15:30:00+00:00, run_after=2026-04-22 15:30:00+00:00
[2026-04-22T08:52:04.656+0000] {processor.py:208} INFO - Processing /opt/airflow/dags/dag2.py took 0.359 seconds
[2026-04-22T08:52:35.202+0000] {processor.py:186} INFO - Started process (PID=3100) to work on /opt/airflow/dags/dag2.py
[2026-04-22T08:52:35.210+0000] {processor.py:914} INFO - Processing file /opt/airflow/dags/dag2.py for tasks to queue
[2026-04-22T08:52:35.213+0000] {logging_mixin.py:190} INFO - [2026-04-22T08:52:35.212+0000] {dagbag.py:588} INFO - Filling up the DagBag from /opt/airflow/dags/dag2.py
[2026-04-22T08:52:35.243+0000] {processor.py:925} INFO - DAG(s) 'data_pipeline' retrieved from /opt/airflow/dags/dag2.py
[2026-04-22T08:52:35.307+0000] {logging_mixin.py:190} INFO - [2026-04-22T08:52:35.307+0000] {dag.py:3239} INFO - Sync 1 DAGs
[2026-04-22T08:52:35.364+0000] {logging_mixin.py:190} INFO - [2026-04-22T08:52:35.364+0000] {dag.py:4180} INFO - Setting next_dagrun for data_pipeline to 2026-04-21 15:30:00+00:00, run_after=2026-04-22 15:30:00+00:00
[2026-04-22T08:52:35.404+0000] {processor.py:208} INFO - Processing /opt/airflow/dags/dag2.py took 0.218 seconds
[2026-04-22T08:53:05.846+0000] {processor.py:186} INFO - Started process (PID=3121) to work on /opt/airflow/dags/dag2.py
[2026-04-22T08:53:05.848+0000] {processor.py:914} INFO - Processing file /opt/airflow/dags/dag2.py for tasks to queue
[2026-04-22T08:53:05.851+0000] {logging_mixin.py:190} INFO - [2026-04-22T08:53:05.850+0000] {dagbag.py:588} INFO - Filling up the DagBag from /opt/airflow/dags/dag2.py
[2026-04-22T08:53:05.878+0000] {processor.py:925} INFO - DAG(s) 'data_pipeline' retrieved from /opt/airflow/dags/dag2.py
[2026-04-22T08:53:05.937+0000] {logging_mixin.py:190} INFO - [2026-04-22T08:53:05.936+0000] {dag.py:3239} INFO - Sync 1 DAGs
[2026-04-22T08:53:06.000+0000] {logging_mixin.py:190} INFO - [2026-04-22T08:53:05.999+0000] {dag.py:4180} INFO - Setting next_dagrun for data_pipeline to 2026-04-21 15:30:00+00:00, run_after=2026-04-22 15:30:00+00:00
[2026-04-22T08:53:06.045+0000] {processor.py:208} INFO - Processing /opt/airflow/dags/dag2.py took 0.214 seconds
[2026-04-22T08:53:36.477+0000] {processor.py:186} INFO - Started process (PID=3142) to work on /opt/airflow/dags/dag2.py
[2026-04-22T08:53:36.485+0000] {processor.py:914} INFO - Processing file /opt/airflow/dags/dag2.py for tasks to queue
[2026-04-22T08:53:36.488+0000] {logging_mixin.py:190} INFO - [2026-04-22T08:53:36.487+0000] {dagbag.py:588} INFO - Filling up the DagBag from /opt/airflow/dags/dag2.py
[2026-04-22T08:53:36.518+0000] {processor.py:925} INFO - DAG(s) 'data_pipeline' retrieved from /opt/airflow/dags/dag2.py
[2026-04-22T08:53:36.582+0000] {logging_mixin.py:190} INFO - [2026-04-22T08:53:36.581+0000] {dag.py:3239} INFO - Sync 1 DAGs
[2026-04-22T08:53:36.634+0000] {logging_mixin.py:190} INFO - [2026-04-22T08:53:36.633+0000] {dag.py:4180} INFO - Setting next_dagrun for data_pipeline to 2026-04-21 15:30:00+00:00, run_after=2026-04-22 15:30:00+00:00
[2026-04-22T08:53:36.669+0000] {processor.py:208} INFO - Processing /opt/airflow/dags/dag2.py took 0.208 seconds
[2026-04-22T08:54:07.165+0000] {processor.py:186} INFO - Started process (PID=3163) to work on /opt/airflow/dags/dag2.py
[2026-04-22T08:54:07.167+0000] {processor.py:914} INFO - Processing file /opt/airflow/dags/dag2.py for tasks to queue
[2026-04-22T08:54:07.170+0000] {logging_mixin.py:190} INFO - [2026-04-22T08:54:07.170+0000] {dagbag.py:588} INFO - Filling up the DagBag from /opt/airflow/dags/dag2.py
[2026-04-22T08:54:07.197+0000] {processor.py:925} INFO - DAG(s) 'data_pipeline' retrieved from /opt/airflow/dags/dag2.py
[2026-04-22T08:54:07.255+0000] {logging_mixin.py:190} INFO - [2026-04-22T08:54:07.254+0000] {dag.py:3239} INFO - Sync 1 DAGs
[2026-04-22T08:54:07.316+0000] {logging_mixin.py:190} INFO - [2026-04-22T08:54:07.316+0000] {dag.py:4180} INFO - Setting next_dagrun for data_pipeline to 2026-04-21 15:30:00+00:00, run_after=2026-04-22 15:30:00+00:00
[2026-04-22T08:54:07.361+0000] {processor.py:208} INFO - Processing /opt/airflow/dags/dag2.py took 0.212 seconds
[2026-04-22T08:54:53.467+0000] {processor.py:186} INFO - Started process (PID=3192) to work on /opt/airflow/dags/dag2.py
[2026-04-22T08:54:53.469+0000] {processor.py:914} INFO - Processing file /opt/airflow/dags/dag2.py for tasks to queue
[2026-04-22T08:54:53.471+0000] {logging_mixin.py:190} INFO - [2026-04-22T08:54:53.470+0000] {dagbag.py:588} INFO - Filling up the DagBag from /opt/airflow/dags/dag2.py
[2026-04-22T08:54:53.490+0000] {processor.py:925} INFO - DAG(s) 'data_pipeline' retrieved from /opt/airflow/dags/dag2.py
[2026-04-22T08:54:53.529+0000] {logging_mixin.py:190} INFO - [2026-04-22T08:54:53.529+0000] {dag.py:3239} INFO - Sync 1 DAGs
[2026-04-22T08:54:53.570+0000] {logging_mixin.py:190} INFO - [2026-04-22T08:54:53.569+0000] {dag.py:4180} INFO - Setting next_dagrun for data_pipeline to 2026-04-21 15:30:00+00:00, run_after=2026-04-22 15:30:00+00:00
[2026-04-22T08:54:53.598+0000] {processor.py:208} INFO - Processing /opt/airflow/dags/dag2.py took 0.141 seconds
[2026-04-22T08:55:24.362+0000] {processor.py:186} INFO - Started process (PID=3215) to work on /opt/airflow/dags/dag2.py
[2026-04-22T08:55:24.363+0000] {processor.py:914} INFO - Processing file /opt/airflow/dags/dag2.py for tasks to queue
[2026-04-22T08:55:24.364+0000] {logging_mixin.py:190} INFO - [2026-04-22T08:55:24.364+0000] {dagbag.py:588} INFO - Filling up the DagBag from /opt/airflow/dags/dag2.py
[2026-04-22T08:55:24.375+0000] {processor.py:925} INFO - DAG(s) 'data_pipeline' retrieved from /opt/airflow/dags/dag2.py
[2026-04-22T08:55:24.397+0000] {logging_mixin.py:190} INFO - [2026-04-22T08:55:24.397+0000] {dag.py:3239} INFO - Sync 1 DAGs
[2026-04-22T08:55:24.525+0000] {logging_mixin.py:190} INFO - [2026-04-22T08:55:24.525+0000] {dag.py:4180} INFO - Setting next_dagrun for data_pipeline to 2026-04-21 15:30:00+00:00, run_after=2026-04-22 15:30:00+00:00
[2026-04-22T08:55:24.539+0000] {processor.py:208} INFO - Processing /opt/airflow/dags/dag2.py took 0.183 seconds
[2026-04-22T08:55:54.934+0000] {processor.py:186} INFO - Started process (PID=3236) to work on /opt/airflow/dags/dag2.py
[2026-04-22T08:55:54.935+0000] {processor.py:914} INFO - Processing file /opt/airflow/dags/dag2.py for tasks to queue
[2026-04-22T08:55:54.936+0000] {logging_mixin.py:190} INFO - [2026-04-22T08:55:54.936+0000] {dagbag.py:588} INFO - Filling up the DagBag from /opt/airflow/dags/dag2.py
[2026-04-22T08:55:54.946+0000] {processor.py:925} INFO - DAG(s) 'data_pipeline' retrieved from /opt/airflow/dags/dag2.py
[2026-04-22T08:55:54.968+0000] {logging_mixin.py:190} INFO - [2026-04-22T08:55:54.968+0000] {dag.py:3239} INFO - Sync 1 DAGs
[2026-04-22T08:55:54.994+0000] {logging_mixin.py:190} INFO - [2026-04-22T08:55:54.993+0000] {dag.py:4180} INFO - Setting next_dagrun for data_pipeline to 2026-04-21 15:30:00+00:00, run_after=2026-04-22 15:30:00+00:00
[2026-04-22T08:55:55.009+0000] {processor.py:208} INFO - Processing /opt/airflow/dags/dag2.py took 0.080 seconds
[2026-04-22T08:56:25.629+0000] {processor.py:186} INFO - Started process (PID=3256) to work on /opt/airflow/dags/dag2.py
[2026-04-22T08:56:25.637+0000] {processor.py:914} INFO - Processing file /opt/airflow/dags/dag2.py for tasks to queue
[2026-04-22T08:56:25.641+0000] {logging_mixin.py:190} INFO - [2026-04-22T08:56:25.640+0000] {dagbag.py:588} INFO - Filling up the DagBag from /opt/airflow/dags/dag2.py
[2026-04-22T08:56:25.676+0000] {processor.py:925} INFO - DAG(s) 'data_pipeline' retrieved from /opt/airflow/dags/dag2.py
[2026-04-22T08:56:25.756+0000] {logging_mixin.py:190} INFO - [2026-04-22T08:56:25.755+0000] {dag.py:3239} INFO - Sync 1 DAGs
[2026-04-22T08:56:25.891+0000] {logging_mixin.py:190} INFO - [2026-04-22T08:56:25.890+0000] {dag.py:4180} INFO - Setting next_dagrun for data_pipeline to 2026-04-21 15:30:00+00:00, run_after=2026-04-22 15:30:00+00:00
[2026-04-22T08:56:25.956+0000] {processor.py:208} INFO - Processing /opt/airflow/dags/dag2.py took 0.345 seconds
[2026-04-22T08:56:56.247+0000] {processor.py:186} INFO - Started process (PID=3278) to work on /opt/airflow/dags/dag2.py
[2026-04-22T08:56:56.248+0000] {processor.py:914} INFO - Processing file /opt/airflow/dags/dag2.py for tasks to queue
[2026-04-22T08:56:56.249+0000] {logging_mixin.py:190} INFO - [2026-04-22T08:56:56.249+0000] {dagbag.py:588} INFO - Filling up the DagBag from /opt/airflow/dags/dag2.py
[2026-04-22T08:56:56.260+0000] {processor.py:925} INFO - DAG(s) 'data_pipeline' retrieved from /opt/airflow/dags/dag2.py
[2026-04-22T08:56:56.285+0000] {logging_mixin.py:190} INFO - [2026-04-22T08:56:56.284+0000] {dag.py:3239} INFO - Sync 1 DAGs
[2026-04-22T08:56:56.307+0000] {logging_mixin.py:190} INFO - [2026-04-22T08:56:56.307+0000] {dag.py:4180} INFO - Setting next_dagrun for data_pipeline to 2026-04-21 15:30:00+00:00, run_after=2026-04-22 15:30:00+00:00
[2026-04-22T08:56:56.324+0000] {processor.py:208} INFO - Processing /opt/airflow/dags/dag2.py took 0.083 seconds
[2026-04-22T08:57:26.767+0000] {processor.py:186} INFO - Started process (PID=3299) to work on /opt/airflow/dags/dag2.py
[2026-04-22T08:57:26.768+0000] {processor.py:914} INFO - Processing file /opt/airflow/dags/dag2.py for tasks to queue
[2026-04-22T08:57:26.770+0000] {logging_mixin.py:190} INFO - [2026-04-22T08:57:26.769+0000] {dagbag.py:588} INFO - Filling up the DagBag from /opt/airflow/dags/dag2.py
[2026-04-22T08:57:26.784+0000] {processor.py:925} INFO - DAG(s) 'data_pipeline' retrieved from /opt/airflow/dags/dag2.py
[2026-04-22T08:57:26.815+0000] {logging_mixin.py:190} INFO - [2026-04-22T08:57:26.815+0000] {dag.py:3239} INFO - Sync 1 DAGs
[2026-04-22T08:57:26.847+0000] {logging_mixin.py:190} INFO - [2026-04-22T08:57:26.847+0000] {dag.py:4180} INFO - Setting next_dagrun for data_pipeline to 2026-04-21 15:30:00+00:00, run_after=2026-04-22 15:30:00+00:00
[2026-04-22T08:57:26.868+0000] {processor.py:208} INFO - Processing /opt/airflow/dags/dag2.py took 0.109 seconds
[2026-04-22T08:57:57.400+0000] {processor.py:186} INFO - Started process (PID=3318) to work on /opt/airflow/dags/dag2.py
[2026-04-22T08:57:57.402+0000] {processor.py:914} INFO - Processing file /opt/airflow/dags/dag2.py for tasks to queue
[2026-04-22T08:57:57.405+0000] {logging_mixin.py:190} INFO - [2026-04-22T08:57:57.404+0000] {dagbag.py:588} INFO - Filling up the DagBag from /opt/airflow/dags/dag2.py
[2026-04-22T08:57:57.438+0000] {processor.py:925} INFO - DAG(s) 'data_pipeline' retrieved from /opt/airflow/dags/dag2.py
[2026-04-22T08:57:57.495+0000] {logging_mixin.py:190} INFO - [2026-04-22T08:57:57.495+0000] {dag.py:3239} INFO - Sync 1 DAGs
[2026-04-22T08:57:57.524+0000] {logging_mixin.py:190} INFO - [2026-04-22T08:57:57.524+0000] {dag.py:4180} INFO - Setting next_dagrun for data_pipeline to 2026-04-21 15:30:00+00:00, run_after=2026-04-22 15:30:00+00:00
[2026-04-22T08:57:57.655+0000] {processor.py:208} INFO - Processing /opt/airflow/dags/dag2.py took 0.273 seconds
[2026-04-22T08:58:27.967+0000] {processor.py:186} INFO - Started process (PID=3341) to work on /opt/airflow/dags/dag2.py
[2026-04-22T08:58:27.968+0000] {processor.py:914} INFO - Processing file /opt/airflow/dags/dag2.py for tasks to queue
[2026-04-22T08:58:27.969+0000] {logging_mixin.py:190} INFO - [2026-04-22T08:58:27.969+0000] {dagbag.py:588} INFO - Filling up the DagBag from /opt/airflow/dags/dag2.py
[2026-04-22T08:58:27.979+0000] {processor.py:925} INFO - DAG(s) 'data_pipeline' retrieved from /opt/airflow/dags/dag2.py
[2026-04-22T08:58:28.001+0000] {logging_mixin.py:190} INFO - [2026-04-22T08:58:28.001+0000] {dag.py:3239} INFO - Sync 1 DAGs
[2026-04-22T08:58:28.025+0000] {logging_mixin.py:190} INFO - [2026-04-22T08:58:28.025+0000] {dag.py:4180} INFO - Setting next_dagrun for data_pipeline to 2026-04-21 15:30:00+00:00, run_after=2026-04-22 15:30:00+00:00
[2026-04-22T08:58:28.040+0000] {processor.py:208} INFO - Processing /opt/airflow/dags/dag2.py took 0.078 seconds
[2026-04-22T08:58:58.345+0000] {processor.py:186} INFO - Started process (PID=3362) to work on /opt/airflow/dags/dag2.py
[2026-04-22T08:58:58.346+0000] {processor.py:914} INFO - Processing file /opt/airflow/dags/dag2.py for tasks to queue
[2026-04-22T08:58:58.347+0000] {logging_mixin.py:190} INFO - [2026-04-22T08:58:58.347+0000] {dagbag.py:588} INFO - Filling up the DagBag from /opt/airflow/dags/dag2.py
[2026-04-22T08:58:58.357+0000] {processor.py:925} INFO - DAG(s) 'data_pipeline' retrieved from /opt/airflow/dags/dag2.py
[2026-04-22T08:58:58.380+0000] {logging_mixin.py:190} INFO - [2026-04-22T08:58:58.380+0000] {dag.py:3239} INFO - Sync 1 DAGs
[2026-04-22T08:58:58.404+0000] {logging_mixin.py:190} INFO - [2026-04-22T08:58:58.403+0000] {dag.py:4180} INFO - Setting next_dagrun for data_pipeline to 2026-04-21 15:30:00+00:00, run_after=2026-04-22 15:30:00+00:00
[2026-04-22T08:58:58.419+0000] {processor.py:208} INFO - Processing /opt/airflow/dags/dag2.py took 0.079 seconds
[2026-04-22T08:59:28.987+0000] {processor.py:186} INFO - Started process (PID=3383) to work on /opt/airflow/dags/dag2.py
[2026-04-22T08:59:28.989+0000] {processor.py:914} INFO - Processing file /opt/airflow/dags/dag2.py for tasks to queue
[2026-04-22T08:59:28.992+0000] {logging_mixin.py:190} INFO - [2026-04-22T08:59:28.991+0000] {dagbag.py:588} INFO - Filling up the DagBag from /opt/airflow/dags/dag2.py
[2026-04-22T08:59:29.024+0000] {processor.py:925} INFO - DAG(s) 'data_pipeline' retrieved from /opt/airflow/dags/dag2.py
[2026-04-22T08:59:29.082+0000] {logging_mixin.py:190} INFO - [2026-04-22T08:59:29.082+0000] {dag.py:3239} INFO - Sync 1 DAGs
[2026-04-22T08:59:29.144+0000] {logging_mixin.py:190} INFO - [2026-04-22T08:59:29.144+0000] {dag.py:4180} INFO - Setting next_dagrun for data_pipeline to 2026-04-21 15:30:00+00:00, run_after=2026-04-22 15:30:00+00:00
[2026-04-22T08:59:29.190+0000] {processor.py:208} INFO - Processing /opt/airflow/dags/dag2.py took 0.220 seconds
[2026-04-22T08:59:59.572+0000] {processor.py:186} INFO - Started process (PID=3404) to work on /opt/airflow/dags/dag2.py
[2026-04-22T08:59:59.574+0000] {processor.py:914} INFO - Processing file /opt/airflow/dags/dag2.py for tasks to queue
[2026-04-22T08:59:59.578+0000] {logging_mixin.py:190} INFO - [2026-04-22T08:59:59.577+0000] {dagbag.py:588} INFO - Filling up the DagBag from /opt/airflow/dags/dag2.py
[2026-04-22T08:59:59.604+0000] {processor.py:925} INFO - DAG(s) 'data_pipeline' retrieved from /opt/airflow/dags/dag2.py
[2026-04-22T08:59:59.661+0000] {logging_mixin.py:190} INFO - [2026-04-22T08:59:59.661+0000] {dag.py:3239} INFO - Sync 1 DAGs
[2026-04-22T08:59:59.704+0000] {logging_mixin.py:190} INFO - [2026-04-22T08:59:59.704+0000] {dag.py:4180} INFO - Setting next_dagrun for data_pipeline to 2026-04-21 15:30:00+00:00, run_after=2026-04-22 15:30:00+00:00
[2026-04-22T08:59:59.730+0000] {processor.py:208} INFO - Processing /opt/airflow/dags/dag2.py took 0.173 seconds
[2026-04-22T09:00:30.053+0000] {processor.py:186} INFO - Started process (PID=3425) to work on /opt/airflow/dags/dag2.py
[2026-04-22T09:00:30.054+0000] {processor.py:914} INFO - Processing file /opt/airflow/dags/dag2.py for tasks to queue
[2026-04-22T09:00:30.055+0000] {logging_mixin.py:190} INFO - [2026-04-22T09:00:30.054+0000] {dagbag.py:588} INFO - Filling up the DagBag from /opt/airflow/dags/dag2.py
[2026-04-22T09:00:30.065+0000] {processor.py:925} INFO - DAG(s) 'data_pipeline' retrieved from /opt/airflow/dags/dag2.py
[2026-04-22T09:00:30.087+0000] {logging_mixin.py:190} INFO - [2026-04-22T09:00:30.087+0000] {dag.py:3239} INFO - Sync 1 DAGs
[2026-04-22T09:00:30.113+0000] {logging_mixin.py:190} INFO - [2026-04-22T09:00:30.113+0000] {dag.py:4180} INFO - Setting next_dagrun for data_pipeline to 2026-04-21 15:30:00+00:00, run_after=2026-04-22 15:30:00+00:00
[2026-04-22T09:00:30.130+0000] {processor.py:208} INFO - Processing /opt/airflow/dags/dag2.py took 0.082 seconds
[2026-04-22T09:01:00.669+0000] {processor.py:186} INFO - Started process (PID=3446) to work on /opt/airflow/dags/dag2.py
[2026-04-22T09:01:00.670+0000] {processor.py:914} INFO - Processing file /opt/airflow/dags/dag2.py for tasks to queue
[2026-04-22T09:01:00.671+0000] {logging_mixin.py:190} INFO - [2026-04-22T09:01:00.671+0000] {dagbag.py:588} INFO - Filling up the DagBag from /opt/airflow/dags/dag2.py
[2026-04-22T09:01:00.681+0000] {processor.py:925} INFO - DAG(s) 'data_pipeline' retrieved from /opt/airflow/dags/dag2.py
[2026-04-22T09:01:00.702+0000] {logging_mixin.py:190} INFO - [2026-04-22T09:01:00.702+0000] {dag.py:3239} INFO - Sync 1 DAGs
[2026-04-22T09:01:00.726+0000] {logging_mixin.py:190} INFO - [2026-04-22T09:01:00.726+0000] {dag.py:4180} INFO - Setting next_dagrun for data_pipeline to 2026-04-21 15:30:00+00:00, run_after=2026-04-22 15:30:00+00:00
[2026-04-22T09:01:00.848+0000] {processor.py:208} INFO - Processing /opt/airflow/dags/dag2.py took 0.184 seconds
[2026-04-22T09:01:31.204+0000] {processor.py:186} INFO - Started process (PID=3467) to work on /opt/airflow/dags/dag2.py
[2026-04-22T09:01:31.205+0000] {processor.py:914} INFO - Processing file /opt/airflow/dags/dag2.py for tasks to queue
[2026-04-22T09:01:31.207+0000] {logging_mixin.py:190} INFO - [2026-04-22T09:01:31.207+0000] {dagbag.py:588} INFO - Filling up the DagBag from /opt/airflow/dags/dag2.py
[2026-04-22T09:01:31.229+0000] {processor.py:925} INFO - DAG(s) 'data_pipeline' retrieved from /opt/airflow/dags/dag2.py
[2026-04-22T09:01:31.275+0000] {logging_mixin.py:190} INFO - [2026-04-22T09:01:31.275+0000] {dag.py:3239} INFO - Sync 1 DAGs
[2026-04-22T09:01:31.325+0000] {logging_mixin.py:190} INFO - [2026-04-22T09:01:31.324+0000] {dag.py:4180} INFO - Setting next_dagrun for data_pipeline to 2026-04-21 15:30:00+00:00, run_after=2026-04-22 15:30:00+00:00
[2026-04-22T09:01:31.361+0000] {processor.py:208} INFO - Processing /opt/airflow/dags/dag2.py took 0.169 seconds
[2026-04-22T09:02:01.679+0000] {processor.py:186} INFO - Started process (PID=3488) to work on /opt/airflow/dags/dag2.py
[2026-04-22T09:02:01.680+0000] {processor.py:914} INFO - Processing file /opt/airflow/dags/dag2.py for tasks to queue
[2026-04-22T09:02:01.681+0000] {logging_mixin.py:190} INFO - [2026-04-22T09:02:01.681+0000] {dagbag.py:588} INFO - Filling up the DagBag from /opt/airflow/dags/dag2.py
[2026-04-22T09:02:01.692+0000] {processor.py:925} INFO - DAG(s) 'data_pipeline' retrieved from /opt/airflow/dags/dag2.py
[2026-04-22T09:02:01.714+0000] {logging_mixin.py:190} INFO - [2026-04-22T09:02:01.714+0000] {dag.py:3239} INFO - Sync 1 DAGs
[2026-04-22T09:02:01.737+0000] {logging_mixin.py:190} INFO - [2026-04-22T09:02:01.737+0000] {dag.py:4180} INFO - Setting next_dagrun for data_pipeline to 2026-04-21 15:30:00+00:00, run_after=2026-04-22 15:30:00+00:00
[2026-04-22T09:02:01.752+0000] {processor.py:208} INFO - Processing /opt/airflow/dags/dag2.py took 0.078 seconds
[2026-04-22T09:02:32.169+0000] {processor.py:186} INFO - Started process (PID=3509) to work on /opt/airflow/dags/dag2.py
[2026-04-22T09:02:32.169+0000] {processor.py:914} INFO - Processing file /opt/airflow/dags/dag2.py for tasks to queue
[2026-04-22T09:02:32.170+0000] {logging_mixin.py:190} INFO - [2026-04-22T09:02:32.170+0000] {dagbag.py:588} INFO - Filling up the DagBag from /opt/airflow/dags/dag2.py
[2026-04-22T09:02:32.181+0000] {processor.py:925} INFO - DAG(s) 'data_pipeline' retrieved from /opt/airflow/dags/dag2.py
[2026-04-22T09:02:32.204+0000] {logging_mixin.py:190} INFO - [2026-04-22T09:02:32.203+0000] {dag.py:3239} INFO - Sync 1 DAGs
[2026-04-22T09:02:32.227+0000] {logging_mixin.py:190} INFO - [2026-04-22T09:02:32.227+0000] {dag.py:4180} INFO - Setting next_dagrun for data_pipeline to 2026-04-21 15:30:00+00:00, run_after=2026-04-22 15:30:00+00:00
[2026-04-22T09:02:32.243+0000] {processor.py:208} INFO - Processing /opt/airflow/dags/dag2.py took 0.080 seconds
[2026-04-22T09:03:02.668+0000] {processor.py:186} INFO - Started process (PID=3530) to work on /opt/airflow/dags/dag2.py
[2026-04-22T09:03:02.669+0000] {processor.py:914} INFO - Processing file /opt/airflow/dags/dag2.py for tasks to queue
[2026-04-22T09:03:02.670+0000] {logging_mixin.py:190} INFO - [2026-04-22T09:03:02.669+0000] {dagbag.py:588} INFO - Filling up the DagBag from /opt/airflow/dags/dag2.py
[2026-04-22T09:03:02.680+0000] {processor.py:925} INFO - DAG(s) 'data_pipeline' retrieved from /opt/airflow/dags/dag2.py
[2026-04-22T09:03:02.701+0000] {logging_mixin.py:190} INFO - [2026-04-22T09:03:02.701+0000] {dag.py:3239} INFO - Sync 1 DAGs
[2026-04-22T09:03:02.724+0000] {logging_mixin.py:190} INFO - [2026-04-22T09:03:02.724+0000] {dag.py:4180} INFO - Setting next_dagrun for data_pipeline to 2026-04-21 15:30:00+00:00, run_after=2026-04-22 15:30:00+00:00
[2026-04-22T09:03:02.739+0000] {processor.py:208} INFO - Processing /opt/airflow/dags/dag2.py took 0.076 seconds
[2026-04-22T09:03:33.288+0000] {processor.py:186} INFO - Started process (PID=3551) to work on /opt/airflow/dags/dag2.py
[2026-04-22T09:03:33.290+0000] {processor.py:914} INFO - Processing file /opt/airflow/dags/dag2.py for tasks to queue
[2026-04-22T09:03:33.295+0000] {logging_mixin.py:190} INFO - [2026-04-22T09:03:33.294+0000] {dagbag.py:588} INFO - Filling up the DagBag from /opt/airflow/dags/dag2.py
[2026-04-22T09:03:33.324+0000] {processor.py:925} INFO - DAG(s) 'data_pipeline' retrieved from /opt/airflow/dags/dag2.py
[2026-04-22T09:03:33.391+0000] {logging_mixin.py:190} INFO - [2026-04-22T09:03:33.390+0000] {dag.py:3239} INFO - Sync 1 DAGs
[2026-04-22T09:03:33.453+0000] {logging_mixin.py:190} INFO - [2026-04-22T09:03:33.453+0000] {dag.py:4180} INFO - Setting next_dagrun for data_pipeline to 2026-04-21 15:30:00+00:00, run_after=2026-04-22 15:30:00+00:00
[2026-04-22T09:03:33.656+0000] {processor.py:208} INFO - Processing /opt/airflow/dags/dag2.py took 0.383 seconds
[2026-04-22T09:04:03.884+0000] {processor.py:186} INFO - Started process (PID=3572) to work on /opt/airflow/dags/dag2.py
[2026-04-22T09:04:03.884+0000] {processor.py:914} INFO - Processing file /opt/airflow/dags/dag2.py for tasks to queue
[2026-04-22T09:04:03.885+0000] {logging_mixin.py:190} INFO - [2026-04-22T09:04:03.885+0000] {dagbag.py:588} INFO - Filling up the DagBag from /opt/airflow/dags/dag2.py
[2026-04-22T09:04:03.895+0000] {processor.py:925} INFO - DAG(s) 'data_pipeline' retrieved from /opt/airflow/dags/dag2.py
[2026-04-22T09:04:03.917+0000] {logging_mixin.py:190} INFO - [2026-04-22T09:04:03.917+0000] {dag.py:3239} INFO - Sync 1 DAGs
[2026-04-22T09:04:04.055+0000] {logging_mixin.py:190} INFO - [2026-04-22T09:04:04.054+0000] {dag.py:4180} INFO - Setting next_dagrun for data_pipeline to 2026-04-21 15:30:00+00:00, run_after=2026-04-22 15:30:00+00:00
[2026-04-22T09:04:04.074+0000] {processor.py:208} INFO - Processing /opt/airflow/dags/dag2.py took 0.197 seconds
[2026-04-22T09:04:34.350+0000] {processor.py:186} INFO - Started process (PID=3593) to work on /opt/airflow/dags/dag2.py
[2026-04-22T09:04:34.351+0000] {processor.py:914} INFO - Processing file /opt/airflow/dags/dag2.py for tasks to queue
[2026-04-22T09:04:34.352+0000] {logging_mixin.py:190} INFO - [2026-04-22T09:04:34.352+0000] {dagbag.py:588} INFO - Filling up the DagBag from /opt/airflow/dags/dag2.py
[2026-04-22T09:04:34.364+0000] {processor.py:925} INFO - DAG(s) 'data_pipeline' retrieved from /opt/airflow/dags/dag2.py
[2026-04-22T09:04:34.391+0000] {logging_mixin.py:190} INFO - [2026-04-22T09:04:34.391+0000] {dag.py:3239} INFO - Sync 1 DAGs
[2026-04-22T09:04:34.421+0000] {logging_mixin.py:190} INFO - [2026-04-22T09:04:34.421+0000] {dag.py:4180} INFO - Setting next_dagrun for data_pipeline to 2026-04-21 15:30:00+00:00, run_after=2026-04-22 15:30:00+00:00
[2026-04-22T09:04:34.442+0000] {processor.py:208} INFO - Processing /opt/airflow/dags/dag2.py took 0.098 seconds
[2026-04-22T09:05:04.833+0000] {processor.py:186} INFO - Started process (PID=3614) to work on /opt/airflow/dags/dag2.py
[2026-04-22T09:05:04.834+0000] {processor.py:914} INFO - Processing file /opt/airflow/dags/dag2.py for tasks to queue
[2026-04-22T09:05:04.835+0000] {logging_mixin.py:190} INFO - [2026-04-22T09:05:04.835+0000] {dagbag.py:588} INFO - Filling up the DagBag from /opt/airflow/dags/dag2.py
[2026-04-22T09:05:04.845+0000] {processor.py:925} INFO - DAG(s) 'data_pipeline' retrieved from /opt/airflow/dags/dag2.py
[2026-04-22T09:05:04.866+0000] {logging_mixin.py:190} INFO - [2026-04-22T09:05:04.865+0000] {dag.py:3239} INFO - Sync 1 DAGs
[2026-04-22T09:05:04.887+0000] {logging_mixin.py:190} INFO - [2026-04-22T09:05:04.887+0000] {dag.py:4180} INFO - Setting next_dagrun for data_pipeline to 2026-04-21 15:30:00+00:00, run_after=2026-04-22 15:30:00+00:00
[2026-04-22T09:05:04.901+0000] {processor.py:208} INFO - Processing /opt/airflow/dags/dag2.py took 0.072 seconds
[2026-04-22T09:05:35.331+0000] {processor.py:186} INFO - Started process (PID=3635) to work on /opt/airflow/dags/dag2.py
[2026-04-22T09:05:35.332+0000] {processor.py:914} INFO - Processing file /opt/airflow/dags/dag2.py for tasks to queue
[2026-04-22T09:05:35.333+0000] {logging_mixin.py:190} INFO - [2026-04-22T09:05:35.333+0000] {dagbag.py:588} INFO - Filling up the DagBag from /opt/airflow/dags/dag2.py
[2026-04-22T09:05:35.344+0000] {processor.py:925} INFO - DAG(s) 'data_pipeline' retrieved from /opt/airflow/dags/dag2.py
[2026-04-22T09:05:35.366+0000] {logging_mixin.py:190} INFO - [2026-04-22T09:05:35.366+0000] {dag.py:3239} INFO - Sync 1 DAGs
[2026-04-22T09:05:35.390+0000] {logging_mixin.py:190} INFO - [2026-04-22T09:05:35.390+0000] {dag.py:4180} INFO - Setting next_dagrun for data_pipeline to 2026-04-21 15:30:00+00:00, run_after=2026-04-22 15:30:00+00:00
[2026-04-22T09:05:35.406+0000] {processor.py:208} INFO - Processing /opt/airflow/dags/dag2.py took 0.080 seconds
[2026-04-22T09:06:05.886+0000] {processor.py:186} INFO - Started process (PID=3656) to work on /opt/airflow/dags/dag2.py
[2026-04-22T09:06:05.888+0000] {processor.py:914} INFO - Processing file /opt/airflow/dags/dag2.py for tasks to queue
[2026-04-22T09:06:05.890+0000] {logging_mixin.py:190} INFO - [2026-04-22T09:06:05.889+0000] {dagbag.py:588} INFO - Filling up the DagBag from /opt/airflow/dags/dag2.py
[2026-04-22T09:06:05.907+0000] {processor.py:925} INFO - DAG(s) 'data_pipeline' retrieved from /opt/airflow/dags/dag2.py
[2026-04-22T09:06:05.945+0000] {logging_mixin.py:190} INFO - [2026-04-22T09:06:05.945+0000] {dag.py:3239} INFO - Sync 1 DAGs
[2026-04-22T09:06:05.984+0000] {logging_mixin.py:190} INFO - [2026-04-22T09:06:05.984+0000] {dag.py:4180} INFO - Setting next_dagrun for data_pipeline to 2026-04-21 15:30:00+00:00, run_after=2026-04-22 15:30:00+00:00
[2026-04-22T09:06:06.015+0000] {processor.py:208} INFO - Processing /opt/airflow/dags/dag2.py took 0.138 seconds
[2026-04-22T09:06:36.487+0000] {processor.py:186} INFO - Started process (PID=3677) to work on /opt/airflow/dags/dag2.py
[2026-04-22T09:06:36.488+0000] {processor.py:914} INFO - Processing file /opt/airflow/dags/dag2.py for tasks to queue
[2026-04-22T09:06:36.489+0000] {logging_mixin.py:190} INFO - [2026-04-22T09:06:36.489+0000] {dagbag.py:588} INFO - Filling up the DagBag from /opt/airflow/dags/dag2.py
[2026-04-22T09:06:36.498+0000] {processor.py:925} INFO - DAG(s) 'data_pipeline' retrieved from /opt/airflow/dags/dag2.py
[2026-04-22T09:06:36.519+0000] {logging_mixin.py:190} INFO - [2026-04-22T09:06:36.519+0000] {dag.py:3239} INFO - Sync 1 DAGs
[2026-04-22T09:06:36.541+0000] {logging_mixin.py:190} INFO - [2026-04-22T09:06:36.540+0000] {dag.py:4180} INFO - Setting next_dagrun for data_pipeline to 2026-04-21 15:30:00+00:00, run_after=2026-04-22 15:30:00+00:00
[2026-04-22T09:06:36.669+0000] {processor.py:208} INFO - Processing /opt/airflow/dags/dag2.py took 0.187 seconds
[2026-04-22T09:07:07.085+0000] {processor.py:186} INFO - Started process (PID=3698) to work on /opt/airflow/dags/dag2.py
[2026-04-22T09:07:07.087+0000] {processor.py:914} INFO - Processing file /opt/airflow/dags/dag2.py for tasks to queue
[2026-04-22T09:07:07.089+0000] {logging_mixin.py:190} INFO - [2026-04-22T09:07:07.088+0000] {dagbag.py:588} INFO - Filling up the DagBag from /opt/airflow/dags/dag2.py
[2026-04-22T09:07:07.117+0000] {processor.py:925} INFO - DAG(s) 'data_pipeline' retrieved from /opt/airflow/dags/dag2.py
[2026-04-22T09:07:07.160+0000] {logging_mixin.py:190} INFO - [2026-04-22T09:07:07.159+0000] {dag.py:3239} INFO - Sync 1 DAGs
[2026-04-22T09:07:07.191+0000] {logging_mixin.py:190} INFO - [2026-04-22T09:07:07.191+0000] {dag.py:4180} INFO - Setting next_dagrun for data_pipeline to 2026-04-21 15:30:00+00:00, run_after=2026-04-22 15:30:00+00:00
[2026-04-22T09:07:07.213+0000] {processor.py:208} INFO - Processing /opt/airflow/dags/dag2.py took 0.144 seconds
[2026-04-22T09:07:37.514+0000] {processor.py:186} INFO - Started process (PID=3719) to work on /opt/airflow/dags/dag2.py
[2026-04-22T09:07:37.515+0000] {processor.py:914} INFO - Processing file /opt/airflow/dags/dag2.py for tasks to queue
[2026-04-22T09:07:37.516+0000] {logging_mixin.py:190} INFO - [2026-04-22T09:07:37.516+0000] {dagbag.py:588} INFO - Filling up the DagBag from /opt/airflow/dags/dag2.py
[2026-04-22T09:07:37.528+0000] {processor.py:925} INFO - DAG(s) 'data_pipeline' retrieved from /opt/airflow/dags/dag2.py
[2026-04-22T09:07:37.558+0000] {logging_mixin.py:190} INFO - [2026-04-22T09:07:37.558+0000] {dag.py:3239} INFO - Sync 1 DAGs
[2026-04-22T09:07:37.591+0000] {logging_mixin.py:190} INFO - [2026-04-22T09:07:37.591+0000] {dag.py:4180} INFO - Setting next_dagrun for data_pipeline to 2026-04-21 15:30:00+00:00, run_after=2026-04-22 15:30:00+00:00
[2026-04-22T09:07:37.612+0000] {processor.py:208} INFO - Processing /opt/airflow/dags/dag2.py took 0.104 seconds
[2026-04-22T09:08:08.017+0000] {processor.py:186} INFO - Started process (PID=3740) to work on /opt/airflow/dags/dag2.py
[2026-04-22T09:08:08.018+0000] {processor.py:914} INFO - Processing file /opt/airflow/dags/dag2.py for tasks to queue
[2026-04-22T09:08:08.019+0000] {logging_mixin.py:190} INFO - [2026-04-22T09:08:08.019+0000] {dagbag.py:588} INFO - Filling up the DagBag from /opt/airflow/dags/dag2.py
[2026-04-22T09:08:08.032+0000] {processor.py:925} INFO - DAG(s) 'data_pipeline' retrieved from /opt/airflow/dags/dag2.py
[2026-04-22T09:08:08.058+0000] {logging_mixin.py:190} INFO - [2026-04-22T09:08:08.057+0000] {dag.py:3239} INFO - Sync 1 DAGs
[2026-04-22T09:08:08.085+0000] {logging_mixin.py:190} INFO - [2026-04-22T09:08:08.085+0000] {dag.py:4180} INFO - Setting next_dagrun for data_pipeline to 2026-04-21 15:30:00+00:00, run_after=2026-04-22 15:30:00+00:00
[2026-04-22T09:08:08.102+0000] {processor.py:208} INFO - Processing /opt/airflow/dags/dag2.py took 0.092 seconds
[2026-04-22T09:08:38.628+0000] {processor.py:186} INFO - Started process (PID=3761) to work on /opt/airflow/dags/dag2.py
[2026-04-22T09:08:38.630+0000] {processor.py:914} INFO - Processing file /opt/airflow/dags/dag2.py for tasks to queue
[2026-04-22T09:08:38.633+0000] {logging_mixin.py:190} INFO - [2026-04-22T09:08:38.632+0000] {dagbag.py:588} INFO - Filling up the DagBag from /opt/airflow/dags/dag2.py
[2026-04-22T09:08:38.661+0000] {processor.py:925} INFO - DAG(s) 'data_pipeline' retrieved from /opt/airflow/dags/dag2.py
[2026-04-22T09:08:38.719+0000] {logging_mixin.py:190} INFO - [2026-04-22T09:08:38.719+0000] {dag.py:3239} INFO - Sync 1 DAGs
[2026-04-22T09:08:38.755+0000] {logging_mixin.py:190} INFO - [2026-04-22T09:08:38.755+0000] {dag.py:4180} INFO - Setting next_dagrun for data_pipeline to 2026-04-21 15:30:00+00:00, run_after=2026-04-22 15:30:00+00:00
[2026-04-22T09:08:38.771+0000] {processor.py:208} INFO - Processing /opt/airflow/dags/dag2.py took 0.158 seconds
[2026-04-22T09:09:09.193+0000] {processor.py:186} INFO - Started process (PID=3782) to work on /opt/airflow/dags/dag2.py
[2026-04-22T09:09:09.196+0000] {processor.py:914} INFO - Processing file /opt/airflow/dags/dag2.py for tasks to queue
[2026-04-22T09:09:09.199+0000] {logging_mixin.py:190} INFO - [2026-04-22T09:09:09.198+0000] {dagbag.py:588} INFO - Filling up the DagBag from /opt/airflow/dags/dag2.py
[2026-04-22T09:09:09.221+0000] {processor.py:925} INFO - DAG(s) 'data_pipeline' retrieved from /opt/airflow/dags/dag2.py
[2026-04-22T09:09:09.267+0000] {logging_mixin.py:190} INFO - [2026-04-22T09:09:09.266+0000] {dag.py:3239} INFO - Sync 1 DAGs
[2026-04-22T09:09:09.310+0000] {logging_mixin.py:190} INFO - [2026-04-22T09:09:09.310+0000] {dag.py:4180} INFO - Setting next_dagrun for data_pipeline to 2026-04-21 15:30:00+00:00, run_after=2026-04-22 15:30:00+00:00
[2026-04-22T09:09:09.331+0000] {processor.py:208} INFO - Processing /opt/airflow/dags/dag2.py took 0.149 seconds
[2026-04-22T09:09:39.907+0000] {processor.py:186} INFO - Started process (PID=3803) to work on /opt/airflow/dags/dag2.py
[2026-04-22T09:09:39.908+0000] {processor.py:914} INFO - Processing file /opt/airflow/dags/dag2.py for tasks to queue
[2026-04-22T09:09:39.909+0000] {logging_mixin.py:190} INFO - [2026-04-22T09:09:39.909+0000] {dagbag.py:588} INFO - Filling up the DagBag from /opt/airflow/dags/dag2.py
[2026-04-22T09:09:39.919+0000] {processor.py:925} INFO - DAG(s) 'data_pipeline' retrieved from /opt/airflow/dags/dag2.py
[2026-04-22T09:09:39.940+0000] {logging_mixin.py:190} INFO - [2026-04-22T09:09:39.940+0000] {dag.py:3239} INFO - Sync 1 DAGs
[2026-04-22T09:09:40.068+0000] {logging_mixin.py:190} INFO - [2026-04-22T09:09:40.068+0000] {dag.py:4180} INFO - Setting next_dagrun for data_pipeline to 2026-04-21 15:30:00+00:00, run_after=2026-04-22 15:30:00+00:00
[2026-04-22T09:09:40.087+0000] {processor.py:208} INFO - Processing /opt/airflow/dags/dag2.py took 0.185 seconds
[2026-04-22T17:00:19.729+0000] {processor.py:186} INFO - Started process (PID=3825) to work on /opt/airflow/dags/dag2.py
[2026-04-22T17:00:19.737+0000] {processor.py:914} INFO - Processing file /opt/airflow/dags/dag2.py for tasks to queue
[2026-04-22T17:00:19.740+0000] {logging_mixin.py:190} INFO - [2026-04-22T17:00:19.740+0000] {dagbag.py:588} INFO - Filling up the DagBag from /opt/airflow/dags/dag2.py
[2026-04-22T17:00:19.763+0000] {processor.py:925} INFO - DAG(s) 'data_pipeline' retrieved from /opt/airflow/dags/dag2.py
[2026-04-22T17:00:19.797+0000] {logging_mixin.py:190} INFO - [2026-04-22T17:00:19.797+0000] {dag.py:3239} INFO - Sync 1 DAGs
[2026-04-22T17:00:19.827+0000] {logging_mixin.py:190} INFO - [2026-04-22T17:00:19.827+0000] {dag.py:4180} INFO - Setting next_dagrun for data_pipeline to 2026-04-22 15:30:00+00:00, run_after=2026-04-23 15:30:00+00:00
[2026-04-22T17:00:19.852+0000] {processor.py:208} INFO - Processing /opt/airflow/dags/dag2.py took 0.133 seconds
[2026-04-22T17:00:50.255+0000] {processor.py:186} INFO - Started process (PID=3870) to work on /opt/airflow/dags/dag2.py
[2026-04-22T17:00:50.257+0000] {processor.py:914} INFO - Processing file /opt/airflow/dags/dag2.py for tasks to queue
[2026-04-22T17:00:50.260+0000] {logging_mixin.py:190} INFO - [2026-04-22T17:00:50.259+0000] {dagbag.py:588} INFO - Filling up the DagBag from /opt/airflow/dags/dag2.py
[2026-04-22T17:00:50.286+0000] {processor.py:925} INFO - DAG(s) 'data_pipeline' retrieved from /opt/airflow/dags/dag2.py
[2026-04-22T17:00:50.347+0000] {logging_mixin.py:190} INFO - [2026-04-22T17:00:50.347+0000] {dag.py:3239} INFO - Sync 1 DAGs
[2026-04-22T17:00:50.408+0000] {logging_mixin.py:190} INFO - [2026-04-22T17:00:50.408+0000] {dag.py:4180} INFO - Setting next_dagrun for data_pipeline to 2026-04-22 15:30:00+00:00, run_after=2026-04-23 15:30:00+00:00
[2026-04-22T17:00:50.451+0000] {processor.py:208} INFO - Processing /opt/airflow/dags/dag2.py took 0.211 seconds
[2026-04-22T17:01:20.763+0000] {processor.py:186} INFO - Started process (PID=3891) to work on /opt/airflow/dags/dag2.py
[2026-04-22T17:01:20.764+0000] {processor.py:914} INFO - Processing file /opt/airflow/dags/dag2.py for tasks to queue
[2026-04-22T17:01:20.765+0000] {logging_mixin.py:190} INFO - [2026-04-22T17:01:20.765+0000] {dagbag.py:588} INFO - Filling up the DagBag from /opt/airflow/dags/dag2.py
[2026-04-22T17:01:20.775+0000] {processor.py:925} INFO - DAG(s) 'data_pipeline' retrieved from /opt/airflow/dags/dag2.py
[2026-04-22T17:01:20.799+0000] {logging_mixin.py:190} INFO - [2026-04-22T17:01:20.799+0000] {dag.py:3239} INFO - Sync 1 DAGs
[2026-04-22T17:01:20.826+0000] {logging_mixin.py:190} INFO - [2026-04-22T17:01:20.825+0000] {dag.py:4180} INFO - Setting next_dagrun for data_pipeline to 2026-04-22 15:30:00+00:00, run_after=2026-04-23 15:30:00+00:00
[2026-04-22T17:01:20.843+0000] {processor.py:208} INFO - Processing /opt/airflow/dags/dag2.py took 0.085 seconds
[2026-04-22T17:01:51.289+0000] {processor.py:186} INFO - Started process (PID=3912) to work on /opt/airflow/dags/dag2.py
[2026-04-22T17:01:51.290+0000] {processor.py:914} INFO - Processing file /opt/airflow/dags/dag2.py for tasks to queue
[2026-04-22T17:01:51.290+0000] {logging_mixin.py:190} INFO - [2026-04-22T17:01:51.290+0000] {dagbag.py:588} INFO - Filling up the DagBag from /opt/airflow/dags/dag2.py
[2026-04-22T17:01:51.302+0000] {processor.py:925} INFO - DAG(s) 'data_pipeline' retrieved from /opt/airflow/dags/dag2.py
[2026-04-22T17:01:51.323+0000] {logging_mixin.py:190} INFO - [2026-04-22T17:01:51.323+0000] {dag.py:3239} INFO - Sync 1 DAGs
[2026-04-22T17:01:51.346+0000] {logging_mixin.py:190} INFO - [2026-04-22T17:01:51.346+0000] {dag.py:4180} INFO - Setting next_dagrun for data_pipeline to 2026-04-22 15:30:00+00:00, run_after=2026-04-23 15:30:00+00:00
[2026-04-22T17:01:51.361+0000] {processor.py:208} INFO - Processing /opt/airflow/dags/dag2.py took 0.077 seconds
[2026-04-22T17:02:21.696+0000] {processor.py:186} INFO - Started process (PID=3933) to work on /opt/airflow/dags/dag2.py
[2026-04-22T17:02:21.697+0000] {processor.py:914} INFO - Processing file /opt/airflow/dags/dag2.py for tasks to queue
[2026-04-22T17:02:21.698+0000] {logging_mixin.py:190} INFO - [2026-04-22T17:02:21.697+0000] {dagbag.py:588} INFO - Filling up the DagBag from /opt/airflow/dags/dag2.py
[2026-04-22T17:02:21.709+0000] {processor.py:925} INFO - DAG(s) 'data_pipeline' retrieved from /opt/airflow/dags/dag2.py
[2026-04-22T17:02:21.732+0000] {logging_mixin.py:190} INFO - [2026-04-22T17:02:21.732+0000] {dag.py:3239} INFO - Sync 1 DAGs
[2026-04-22T17:02:21.756+0000] {logging_mixin.py:190} INFO - [2026-04-22T17:02:21.755+0000] {dag.py:4180} INFO - Setting next_dagrun for data_pipeline to 2026-04-22 15:30:00+00:00, run_after=2026-04-23 15:30:00+00:00
[2026-04-22T17:02:21.773+0000] {processor.py:208} INFO - Processing /opt/airflow/dags/dag2.py took 0.083 seconds
[2026-04-22T17:02:52.342+0000] {processor.py:186} INFO - Started process (PID=3954) to work on /opt/airflow/dags/dag2.py
[2026-04-22T17:02:52.342+0000] {processor.py:914} INFO - Processing file /opt/airflow/dags/dag2.py for tasks to queue
[2026-04-22T17:02:52.344+0000] {logging_mixin.py:190} INFO - [2026-04-22T17:02:52.343+0000] {dagbag.py:588} INFO - Filling up the DagBag from /opt/airflow/dags/dag2.py
[2026-04-22T17:02:52.353+0000] {processor.py:925} INFO - DAG(s) 'data_pipeline' retrieved from /opt/airflow/dags/dag2.py
[2026-04-22T17:02:52.376+0000] {logging_mixin.py:190} INFO - [2026-04-22T17:02:52.375+0000] {dag.py:3239} INFO - Sync 1 DAGs
[2026-04-22T17:02:52.541+0000] {logging_mixin.py:190} INFO - [2026-04-22T17:02:52.541+0000] {dag.py:4180} INFO - Setting next_dagrun for data_pipeline to 2026-04-22 15:30:00+00:00, run_after=2026-04-23 15:30:00+00:00
[2026-04-22T17:02:52.561+0000] {processor.py:208} INFO - Processing /opt/airflow/dags/dag2.py took 0.224 seconds
[2026-04-22T17:03:22.771+0000] {processor.py:186} INFO - Started process (PID=3975) to work on /opt/airflow/dags/dag2.py
[2026-04-22T17:03:22.772+0000] {processor.py:914} INFO - Processing file /opt/airflow/dags/dag2.py for tasks to queue
[2026-04-22T17:03:22.772+0000] {logging_mixin.py:190} INFO - [2026-04-22T17:03:22.772+0000] {dagbag.py:588} INFO - Filling up the DagBag from /opt/airflow/dags/dag2.py
[2026-04-22T17:03:22.782+0000] {processor.py:925} INFO - DAG(s) 'data_pipeline' retrieved from /opt/airflow/dags/dag2.py
[2026-04-22T17:03:22.804+0000] {logging_mixin.py:190} INFO - [2026-04-22T17:03:22.804+0000] {dag.py:3239} INFO - Sync 1 DAGs
[2026-04-22T17:03:22.827+0000] {logging_mixin.py:190} INFO - [2026-04-22T17:03:22.827+0000] {dag.py:4180} INFO - Setting next_dagrun for data_pipeline to 2026-04-22 15:30:00+00:00, run_after=2026-04-23 15:30:00+00:00
[2026-04-22T17:03:22.842+0000] {processor.py:208} INFO - Processing /opt/airflow/dags/dag2.py took 0.077 seconds
[2026-04-22T17:03:53.292+0000] {processor.py:186} INFO - Started process (PID=3996) to work on /opt/airflow/dags/dag2.py
[2026-04-22T17:03:53.293+0000] {processor.py:914} INFO - Processing file /opt/airflow/dags/dag2.py for tasks to queue
[2026-04-22T17:03:53.295+0000] {logging_mixin.py:190} INFO - [2026-04-22T17:03:53.294+0000] {dagbag.py:588} INFO - Filling up the DagBag from /opt/airflow/dags/dag2.py
[2026-04-22T17:03:53.310+0000] {processor.py:925} INFO - DAG(s) 'data_pipeline' retrieved from /opt/airflow/dags/dag2.py
[2026-04-22T17:03:53.341+0000] {logging_mixin.py:190} INFO - [2026-04-22T17:03:53.340+0000] {dag.py:3239} INFO - Sync 1 DAGs
[2026-04-22T17:03:53.368+0000] {logging_mixin.py:190} INFO - [2026-04-22T17:03:53.367+0000] {dag.py:4180} INFO - Setting next_dagrun for data_pipeline to 2026-04-22 15:30:00+00:00, run_after=2026-04-23 15:30:00+00:00
[2026-04-22T17:03:53.385+0000] {processor.py:208} INFO - Processing /opt/airflow/dags/dag2.py took 0.100 seconds
[2026-04-22T17:04:23.841+0000] {processor.py:186} INFO - Started process (PID=4017) to work on /opt/airflow/dags/dag2.py
[2026-04-22T17:04:23.842+0000] {processor.py:914} INFO - Processing file /opt/airflow/dags/dag2.py for tasks to queue
[2026-04-22T17:04:23.843+0000] {logging_mixin.py:190} INFO - [2026-04-22T17:04:23.843+0000] {dagbag.py:588} INFO - Filling up the DagBag from /opt/airflow/dags/dag2.py
[2026-04-22T17:04:23.853+0000] {processor.py:925} INFO - DAG(s) 'data_pipeline' retrieved from /opt/airflow/dags/dag2.py
[2026-04-22T17:04:23.875+0000] {logging_mixin.py:190} INFO - [2026-04-22T17:04:23.874+0000] {dag.py:3239} INFO - Sync 1 DAGs
[2026-04-22T17:04:23.898+0000] {logging_mixin.py:190} INFO - [2026-04-22T17:04:23.898+0000] {dag.py:4180} INFO - Setting next_dagrun for data_pipeline to 2026-04-22 15:30:00+00:00, run_after=2026-04-23 15:30:00+00:00
[2026-04-22T17:04:23.912+0000] {processor.py:208} INFO - Processing /opt/airflow/dags/dag2.py took 0.079 seconds
[2026-04-22T17:04:54.418+0000] {processor.py:186} INFO - Started process (PID=4038) to work on /opt/airflow/dags/dag2.py
[2026-04-22T17:04:54.419+0000] {processor.py:914} INFO - Processing file /opt/airflow/dags/dag2.py for tasks to queue
[2026-04-22T17:04:54.421+0000] {logging_mixin.py:190} INFO - [2026-04-22T17:04:54.420+0000] {dagbag.py:588} INFO - Filling up the DagBag from /opt/airflow/dags/dag2.py
[2026-04-22T17:04:54.439+0000] {processor.py:925} INFO - DAG(s) 'data_pipeline' retrieved from /opt/airflow/dags/dag2.py
[2026-04-22T17:04:54.477+0000] {logging_mixin.py:190} INFO - [2026-04-22T17:04:54.477+0000] {dag.py:3239} INFO - Sync 1 DAGs
[2026-04-22T17:04:54.513+0000] {logging_mixin.py:190} INFO - [2026-04-22T17:04:54.513+0000] {dag.py:4180} INFO - Setting next_dagrun for data_pipeline to 2026-04-22 15:30:00+00:00, run_after=2026-04-23 15:30:00+00:00
[2026-04-22T17:04:54.542+0000] {processor.py:208} INFO - Processing /opt/airflow/dags/dag2.py took 0.133 seconds
[2026-04-22T17:05:25.207+0000] {processor.py:186} INFO - Started process (PID=4059) to work on /opt/airflow/dags/dag2.py
[2026-04-22T17:05:25.208+0000] {processor.py:914} INFO - Processing file /opt/airflow/dags/dag2.py for tasks to queue
[2026-04-22T17:05:25.209+0000] {logging_mixin.py:190} INFO - [2026-04-22T17:05:25.209+0000] {dagbag.py:588} INFO - Filling up the DagBag from /opt/airflow/dags/dag2.py
[2026-04-22T17:05:25.219+0000] {processor.py:925} INFO - DAG(s) 'data_pipeline' retrieved from /opt/airflow/dags/dag2.py
[2026-04-22T17:05:25.239+0000] {logging_mixin.py:190} INFO - [2026-04-22T17:05:25.238+0000] {dag.py:3239} INFO - Sync 1 DAGs
[2026-04-22T17:05:25.261+0000] {logging_mixin.py:190} INFO - [2026-04-22T17:05:25.260+0000] {dag.py:4180} INFO - Setting next_dagrun for data_pipeline to 2026-04-22 15:30:00+00:00, run_after=2026-04-23 15:30:00+00:00
[2026-04-22T17:05:25.386+0000] {processor.py:208} INFO - Processing /opt/airflow/dags/dag2.py took 0.184 seconds
[2026-04-22T17:05:55.810+0000] {processor.py:186} INFO - Started process (PID=4080) to work on /opt/airflow/dags/dag2.py
[2026-04-22T17:05:55.811+0000] {processor.py:914} INFO - Processing file /opt/airflow/dags/dag2.py for tasks to queue
[2026-04-22T17:05:55.812+0000] {logging_mixin.py:190} INFO - [2026-04-22T17:05:55.811+0000] {dagbag.py:588} INFO - Filling up the DagBag from /opt/airflow/dags/dag2.py
[2026-04-22T17:05:55.821+0000] {processor.py:925} INFO - DAG(s) 'data_pipeline' retrieved from /opt/airflow/dags/dag2.py
[2026-04-22T17:05:55.843+0000] {logging_mixin.py:190} INFO - [2026-04-22T17:05:55.843+0000] {dag.py:3239} INFO - Sync 1 DAGs
[2026-04-22T17:05:55.864+0000] {logging_mixin.py:190} INFO - [2026-04-22T17:05:55.864+0000] {dag.py:4180} INFO - Setting next_dagrun for data_pipeline to 2026-04-22 15:30:00+00:00, run_after=2026-04-23 15:30:00+00:00
[2026-04-22T17:05:55.880+0000] {processor.py:208} INFO - Processing /opt/airflow/dags/dag2.py took 0.075 seconds
[2026-04-22T17:06:26.240+0000] {processor.py:186} INFO - Started process (PID=4101) to work on /opt/airflow/dags/dag2.py
[2026-04-22T17:06:26.240+0000] {processor.py:914} INFO - Processing file /opt/airflow/dags/dag2.py for tasks to queue
[2026-04-22T17:06:26.241+0000] {logging_mixin.py:190} INFO - [2026-04-22T17:06:26.241+0000] {dagbag.py:588} INFO - Filling up the DagBag from /opt/airflow/dags/dag2.py
[2026-04-22T17:06:26.251+0000] {processor.py:925} INFO - DAG(s) 'data_pipeline' retrieved from /opt/airflow/dags/dag2.py
[2026-04-22T17:06:26.271+0000] {logging_mixin.py:190} INFO - [2026-04-22T17:06:26.271+0000] {dag.py:3239} INFO - Sync 1 DAGs
[2026-04-22T17:06:26.293+0000] {logging_mixin.py:190} INFO - [2026-04-22T17:06:26.292+0000] {dag.py:4180} INFO - Setting next_dagrun for data_pipeline to 2026-04-22 15:30:00+00:00, run_after=2026-04-23 15:30:00+00:00
[2026-04-22T17:06:26.307+0000] {processor.py:208} INFO - Processing /opt/airflow/dags/dag2.py took 0.072 seconds
[2026-04-22T17:06:56.750+0000] {processor.py:186} INFO - Started process (PID=4122) to work on /opt/airflow/dags/dag2.py
[2026-04-22T17:06:56.751+0000] {processor.py:914} INFO - Processing file /opt/airflow/dags/dag2.py for tasks to queue
[2026-04-22T17:06:56.752+0000] {logging_mixin.py:190} INFO - [2026-04-22T17:06:56.751+0000] {dagbag.py:588} INFO - Filling up the DagBag from /opt/airflow/dags/dag2.py
[2026-04-22T17:06:56.764+0000] {processor.py:925} INFO - DAG(s) 'data_pipeline' retrieved from /opt/airflow/dags/dag2.py
[2026-04-22T17:06:56.791+0000] {logging_mixin.py:190} INFO - [2026-04-22T17:06:56.790+0000] {dag.py:3239} INFO - Sync 1 DAGs
[2026-04-22T17:06:56.819+0000] {logging_mixin.py:190} INFO - [2026-04-22T17:06:56.819+0000] {dag.py:4180} INFO - Setting next_dagrun for data_pipeline to 2026-04-22 15:30:00+00:00, run_after=2026-04-23 15:30:00+00:00
[2026-04-22T17:06:56.837+0000] {processor.py:208} INFO - Processing /opt/airflow/dags/dag2.py took 0.094 seconds
[2026-04-22T17:07:27.232+0000] {processor.py:186} INFO - Started process (PID=4143) to work on /opt/airflow/dags/dag2.py
[2026-04-22T17:07:27.233+0000] {processor.py:914} INFO - Processing file /opt/airflow/dags/dag2.py for tasks to queue
[2026-04-22T17:07:27.234+0000] {logging_mixin.py:190} INFO - [2026-04-22T17:07:27.234+0000] {dagbag.py:588} INFO - Filling up the DagBag from /opt/airflow/dags/dag2.py
[2026-04-22T17:07:27.244+0000] {processor.py:925} INFO - DAG(s) 'data_pipeline' retrieved from /opt/airflow/dags/dag2.py
[2026-04-22T17:07:27.265+0000] {logging_mixin.py:190} INFO - [2026-04-22T17:07:27.265+0000] {dag.py:3239} INFO - Sync 1 DAGs
[2026-04-22T17:07:27.292+0000] {logging_mixin.py:190} INFO - [2026-04-22T17:07:27.292+0000] {dag.py:4180} INFO - Setting next_dagrun for data_pipeline to 2026-04-22 15:30:00+00:00, run_after=2026-04-23 15:30:00+00:00
[2026-04-22T17:07:27.311+0000] {processor.py:208} INFO - Processing /opt/airflow/dags/dag2.py took 0.085 seconds
[2026-04-22T17:07:57.881+0000] {processor.py:186} INFO - Started process (PID=4164) to work on /opt/airflow/dags/dag2.py
[2026-04-22T17:07:57.883+0000] {processor.py:914} INFO - Processing file /opt/airflow/dags/dag2.py for tasks to queue
[2026-04-22T17:07:57.886+0000] {logging_mixin.py:190} INFO - [2026-04-22T17:07:57.885+0000] {dagbag.py:588} INFO - Filling up the DagBag from /opt/airflow/dags/dag2.py
[2026-04-22T17:07:57.916+0000] {processor.py:925} INFO - DAG(s) 'data_pipeline' retrieved from /opt/airflow/dags/dag2.py
[2026-04-22T17:07:57.978+0000] {logging_mixin.py:190} INFO - [2026-04-22T17:07:57.977+0000] {dag.py:3239} INFO - Sync 1 DAGs
[2026-04-22T17:07:58.051+0000] {logging_mixin.py:190} INFO - [2026-04-22T17:07:58.050+0000] {dag.py:4180} INFO - Setting next_dagrun for data_pipeline to 2026-04-22 15:30:00+00:00, run_after=2026-04-23 15:30:00+00:00
[2026-04-22T17:07:58.103+0000] {processor.py:208} INFO - Processing /opt/airflow/dags/dag2.py took 0.240 seconds
[2026-04-22T17:08:28.485+0000] {processor.py:186} INFO - Started process (PID=4185) to work on /opt/airflow/dags/dag2.py
[2026-04-22T17:08:28.486+0000] {processor.py:914} INFO - Processing file /opt/airflow/dags/dag2.py for tasks to queue
[2026-04-22T17:08:28.487+0000] {logging_mixin.py:190} INFO - [2026-04-22T17:08:28.487+0000] {dagbag.py:588} INFO - Filling up the DagBag from /opt/airflow/dags/dag2.py
[2026-04-22T17:08:28.497+0000] {processor.py:925} INFO - DAG(s) 'data_pipeline' retrieved from /opt/airflow/dags/dag2.py
[2026-04-22T17:08:28.517+0000] {logging_mixin.py:190} INFO - [2026-04-22T17:08:28.517+0000] {dag.py:3239} INFO - Sync 1 DAGs
[2026-04-22T17:08:28.644+0000] {logging_mixin.py:190} INFO - [2026-04-22T17:08:28.644+0000] {dag.py:4180} INFO - Setting next_dagrun for data_pipeline to 2026-04-22 15:30:00+00:00, run_after=2026-04-23 15:30:00+00:00
[2026-04-22T17:08:28.664+0000] {processor.py:208} INFO - Processing /opt/airflow/dags/dag2.py took 0.184 seconds
[2026-04-22T17:08:59.112+0000] {processor.py:186} INFO - Started process (PID=4206) to work on /opt/airflow/dags/dag2.py
[2026-04-22T17:08:59.114+0000] {processor.py:914} INFO - Processing file /opt/airflow/dags/dag2.py for tasks to queue
[2026-04-22T17:08:59.118+0000] {logging_mixin.py:190} INFO - [2026-04-22T17:08:59.117+0000] {dagbag.py:588} INFO - Filling up the DagBag from /opt/airflow/dags/dag2.py
[2026-04-22T17:08:59.145+0000] {processor.py:925} INFO - DAG(s) 'data_pipeline' retrieved from /opt/airflow/dags/dag2.py
[2026-04-22T17:08:59.183+0000] {logging_mixin.py:190} INFO - [2026-04-22T17:08:59.183+0000] {dag.py:3239} INFO - Sync 1 DAGs
[2026-04-22T17:08:59.212+0000] {logging_mixin.py:190} INFO - [2026-04-22T17:08:59.212+0000] {dag.py:4180} INFO - Setting next_dagrun for data_pipeline to 2026-04-22 15:30:00+00:00, run_after=2026-04-23 15:30:00+00:00
[2026-04-22T17:08:59.233+0000] {processor.py:208} INFO - Processing /opt/airflow/dags/dag2.py took 0.137 seconds
[2026-04-22T17:09:29.682+0000] {processor.py:186} INFO - Started process (PID=4227) to work on /opt/airflow/dags/dag2.py
[2026-04-22T17:09:29.683+0000] {processor.py:914} INFO - Processing file /opt/airflow/dags/dag2.py for tasks to queue
[2026-04-22T17:09:29.684+0000] {logging_mixin.py:190} INFO - [2026-04-22T17:09:29.683+0000] {dagbag.py:588} INFO - Filling up the DagBag from /opt/airflow/dags/dag2.py
[2026-04-22T17:09:29.694+0000] {processor.py:925} INFO - DAG(s) 'data_pipeline' retrieved from /opt/airflow/dags/dag2.py
[2026-04-22T17:09:29.718+0000] {logging_mixin.py:190} INFO - [2026-04-22T17:09:29.717+0000] {dag.py:3239} INFO - Sync 1 DAGs
[2026-04-22T17:09:29.743+0000] {logging_mixin.py:190} INFO - [2026-04-22T17:09:29.743+0000] {dag.py:4180} INFO - Setting next_dagrun for data_pipeline to 2026-04-22 15:30:00+00:00, run_after=2026-04-23 15:30:00+00:00
[2026-04-22T17:09:29.761+0000] {processor.py:208} INFO - Processing /opt/airflow/dags/dag2.py took 0.084 seconds
[2026-04-22T17:10:00.216+0000] {processor.py:186} INFO - Started process (PID=4248) to work on /opt/airflow/dags/dag2.py
[2026-04-22T17:10:00.217+0000] {processor.py:914} INFO - Processing file /opt/airflow/dags/dag2.py for tasks to queue
[2026-04-22T17:10:00.218+0000] {logging_mixin.py:190} INFO - [2026-04-22T17:10:00.217+0000] {dagbag.py:588} INFO - Filling up the DagBag from /opt/airflow/dags/dag2.py
[2026-04-22T17:10:00.230+0000] {processor.py:925} INFO - DAG(s) 'data_pipeline' retrieved from /opt/airflow/dags/dag2.py
[2026-04-22T17:10:00.255+0000] {logging_mixin.py:190} INFO - [2026-04-22T17:10:00.255+0000] {dag.py:3239} INFO - Sync 1 DAGs
[2026-04-22T17:10:00.281+0000] {logging_mixin.py:190} INFO - [2026-04-22T17:10:00.281+0000] {dag.py:4180} INFO - Setting next_dagrun for data_pipeline to 2026-04-22 15:30:00+00:00, run_after=2026-04-23 15:30:00+00:00
[2026-04-22T17:10:00.298+0000] {processor.py:208} INFO - Processing /opt/airflow/dags/dag2.py took 0.088 seconds
[2026-04-22T17:10:30.878+0000] {processor.py:186} INFO - Started process (PID=4269) to work on /opt/airflow/dags/dag2.py
[2026-04-22T17:10:30.879+0000] {processor.py:914} INFO - Processing file /opt/airflow/dags/dag2.py for tasks to queue
[2026-04-22T17:10:30.882+0000] {logging_mixin.py:190} INFO - [2026-04-22T17:10:30.881+0000] {dagbag.py:588} INFO - Filling up the DagBag from /opt/airflow/dags/dag2.py
[2026-04-22T17:10:30.911+0000] {processor.py:925} INFO - DAG(s) 'data_pipeline' retrieved from /opt/airflow/dags/dag2.py
[2026-04-22T17:10:30.951+0000] {logging_mixin.py:190} INFO - [2026-04-22T17:10:30.950+0000] {dag.py:3239} INFO - Sync 1 DAGs
[2026-04-22T17:10:30.975+0000] {logging_mixin.py:190} INFO - [2026-04-22T17:10:30.975+0000] {dag.py:4180} INFO - Setting next_dagrun for data_pipeline to 2026-04-22 15:30:00+00:00, run_after=2026-04-23 15:30:00+00:00
[2026-04-22T17:10:30.995+0000] {processor.py:208} INFO - Processing /opt/airflow/dags/dag2.py took 0.133 seconds
[2026-04-22T17:11:01.453+0000] {processor.py:186} INFO - Started process (PID=4290) to work on /opt/airflow/dags/dag2.py
[2026-04-22T17:11:01.453+0000] {processor.py:914} INFO - Processing file /opt/airflow/dags/dag2.py for tasks to queue
[2026-04-22T17:11:01.454+0000] {logging_mixin.py:190} INFO - [2026-04-22T17:11:01.454+0000] {dagbag.py:588} INFO - Filling up the DagBag from /opt/airflow/dags/dag2.py
[2026-04-22T17:11:01.464+0000] {processor.py:925} INFO - DAG(s) 'data_pipeline' retrieved from /opt/airflow/dags/dag2.py
[2026-04-22T17:11:01.485+0000] {logging_mixin.py:190} INFO - [2026-04-22T17:11:01.485+0000] {dag.py:3239} INFO - Sync 1 DAGs
[2026-04-22T17:11:01.507+0000] {logging_mixin.py:190} INFO - [2026-04-22T17:11:01.507+0000] {dag.py:4180} INFO - Setting next_dagrun for data_pipeline to 2026-04-22 15:30:00+00:00, run_after=2026-04-23 15:30:00+00:00
[2026-04-22T17:11:01.638+0000] {processor.py:208} INFO - Processing /opt/airflow/dags/dag2.py took 0.191 seconds
[2026-04-22T17:11:32.059+0000] {processor.py:186} INFO - Started process (PID=4311) to work on /opt/airflow/dags/dag2.py
[2026-04-22T17:11:32.059+0000] {processor.py:914} INFO - Processing file /opt/airflow/dags/dag2.py for tasks to queue
[2026-04-22T17:11:32.061+0000] {logging_mixin.py:190} INFO - [2026-04-22T17:11:32.061+0000] {dagbag.py:588} INFO - Filling up the DagBag from /opt/airflow/dags/dag2.py
[2026-04-22T17:11:32.071+0000] {processor.py:925} INFO - DAG(s) 'data_pipeline' retrieved from /opt/airflow/dags/dag2.py
[2026-04-22T17:11:32.094+0000] {logging_mixin.py:190} INFO - [2026-04-22T17:11:32.094+0000] {dag.py:3239} INFO - Sync 1 DAGs
[2026-04-22T17:11:32.228+0000] {logging_mixin.py:190} INFO - [2026-04-22T17:11:32.228+0000] {dag.py:4180} INFO - Setting next_dagrun for data_pipeline to 2026-04-22 15:30:00+00:00, run_after=2026-04-23 15:30:00+00:00
[2026-04-22T17:11:32.248+0000] {processor.py:208} INFO - Processing /opt/airflow/dags/dag2.py took 0.195 seconds
[2026-04-22T17:12:02.513+0000] {processor.py:186} INFO - Started process (PID=4332) to work on /opt/airflow/dags/dag2.py
[2026-04-22T17:12:02.514+0000] {processor.py:914} INFO - Processing file /opt/airflow/dags/dag2.py for tasks to queue
[2026-04-22T17:12:02.515+0000] {logging_mixin.py:190} INFO - [2026-04-22T17:12:02.515+0000] {dagbag.py:588} INFO - Filling up the DagBag from /opt/airflow/dags/dag2.py
[2026-04-22T17:12:02.529+0000] {processor.py:925} INFO - DAG(s) 'data_pipeline' retrieved from /opt/airflow/dags/dag2.py
[2026-04-22T17:12:02.560+0000] {logging_mixin.py:190} INFO - [2026-04-22T17:12:02.560+0000] {dag.py:3239} INFO - Sync 1 DAGs
[2026-04-22T17:12:02.594+0000] {logging_mixin.py:190} INFO - [2026-04-22T17:12:02.594+0000] {dag.py:4180} INFO - Setting next_dagrun for data_pipeline to 2026-04-22 15:30:00+00:00, run_after=2026-04-23 15:30:00+00:00
[2026-04-22T17:12:02.617+0000] {processor.py:208} INFO - Processing /opt/airflow/dags/dag2.py took 0.111 seconds
[2026-04-22T17:12:33.131+0000] {processor.py:186} INFO - Started process (PID=4353) to work on /opt/airflow/dags/dag2.py
[2026-04-22T17:12:33.133+0000] {processor.py:914} INFO - Processing file /opt/airflow/dags/dag2.py for tasks to queue
[2026-04-22T17:12:33.135+0000] {logging_mixin.py:190} INFO - [2026-04-22T17:12:33.135+0000] {dagbag.py:588} INFO - Filling up the DagBag from /opt/airflow/dags/dag2.py
[2026-04-22T17:12:33.165+0000] {processor.py:925} INFO - DAG(s) 'data_pipeline' retrieved from /opt/airflow/dags/dag2.py
[2026-04-22T17:12:33.228+0000] {logging_mixin.py:190} INFO - [2026-04-22T17:12:33.227+0000] {dag.py:3239} INFO - Sync 1 DAGs
[2026-04-22T17:12:33.290+0000] {logging_mixin.py:190} INFO - [2026-04-22T17:12:33.290+0000] {dag.py:4180} INFO - Setting next_dagrun for data_pipeline to 2026-04-22 15:30:00+00:00, run_after=2026-04-23 15:30:00+00:00
[2026-04-22T17:12:33.337+0000] {processor.py:208} INFO - Processing /opt/airflow/dags/dag2.py took 0.221 seconds
[2026-04-22T17:13:03.583+0000] {processor.py:186} INFO - Started process (PID=4374) to work on /opt/airflow/dags/dag2.py
[2026-04-22T17:13:03.583+0000] {processor.py:914} INFO - Processing file /opt/airflow/dags/dag2.py for tasks to queue
[2026-04-22T17:13:03.584+0000] {logging_mixin.py:190} INFO - [2026-04-22T17:13:03.584+0000] {dagbag.py:588} INFO - Filling up the DagBag from /opt/airflow/dags/dag2.py
[2026-04-22T17:13:03.595+0000] {processor.py:925} INFO - DAG(s) 'data_pipeline' retrieved from /opt/airflow/dags/dag2.py
[2026-04-22T17:13:03.618+0000] {logging_mixin.py:190} INFO - [2026-04-22T17:13:03.618+0000] {dag.py:3239} INFO - Sync 1 DAGs
[2026-04-22T17:13:03.647+0000] {logging_mixin.py:190} INFO - [2026-04-22T17:13:03.646+0000] {dag.py:4180} INFO - Setting next_dagrun for data_pipeline to 2026-04-22 15:30:00+00:00, run_after=2026-04-23 15:30:00+00:00
[2026-04-22T17:13:03.664+0000] {processor.py:208} INFO - Processing /opt/airflow/dags/dag2.py took 0.087 seconds
[2026-04-22T17:13:34.093+0000] {processor.py:186} INFO - Started process (PID=4401) to work on /opt/airflow/dags/dag2.py
[2026-04-22T17:13:34.094+0000] {processor.py:914} INFO - Processing file /opt/airflow/dags/dag2.py for tasks to queue
[2026-04-22T17:13:34.095+0000] {logging_mixin.py:190} INFO - [2026-04-22T17:13:34.095+0000] {dagbag.py:588} INFO - Filling up the DagBag from /opt/airflow/dags/dag2.py
[2026-04-22T17:13:34.108+0000] {processor.py:925} INFO - DAG(s) 'data_pipeline' retrieved from /opt/airflow/dags/dag2.py
[2026-04-22T17:13:34.137+0000] {logging_mixin.py:190} INFO - [2026-04-22T17:13:34.137+0000] {dag.py:3239} INFO - Sync 1 DAGs
[2026-04-22T17:13:34.164+0000] {logging_mixin.py:190} INFO - [2026-04-22T17:13:34.164+0000] {dag.py:4180} INFO - Setting next_dagrun for data_pipeline to 2026-04-22 15:30:00+00:00, run_after=2026-04-23 15:30:00+00:00
[2026-04-22T17:13:34.179+0000] {processor.py:208} INFO - Processing /opt/airflow/dags/dag2.py took 0.093 seconds
[2026-04-22T17:14:04.876+0000] {processor.py:186} INFO - Started process (PID=4422) to work on /opt/airflow/dags/dag2.py
[2026-04-22T17:14:04.877+0000] {processor.py:914} INFO - Processing file /opt/airflow/dags/dag2.py for tasks to queue
[2026-04-22T17:14:04.878+0000] {logging_mixin.py:190} INFO - [2026-04-22T17:14:04.878+0000] {dagbag.py:588} INFO - Filling up the DagBag from /opt/airflow/dags/dag2.py
[2026-04-22T17:14:04.888+0000] {processor.py:925} INFO - DAG(s) 'data_pipeline' retrieved from /opt/airflow/dags/dag2.py
[2026-04-22T17:14:04.915+0000] {logging_mixin.py:190} INFO - [2026-04-22T17:14:04.914+0000] {dag.py:3239} INFO - Sync 1 DAGs
[2026-04-22T17:14:05.087+0000] {logging_mixin.py:190} INFO - [2026-04-22T17:14:05.086+0000] {dag.py:4180} INFO - Setting next_dagrun for data_pipeline to 2026-04-22 15:30:00+00:00, run_after=2026-04-23 15:30:00+00:00
[2026-04-22T17:14:05.107+0000] {processor.py:208} INFO - Processing /opt/airflow/dags/dag2.py took 0.236 seconds
[2026-04-22T17:14:35.451+0000] {processor.py:186} INFO - Started process (PID=4443) to work on /opt/airflow/dags/dag2.py
[2026-04-22T17:14:35.452+0000] {processor.py:914} INFO - Processing file /opt/airflow/dags/dag2.py for tasks to queue
[2026-04-22T17:14:35.452+0000] {logging_mixin.py:190} INFO - [2026-04-22T17:14:35.452+0000] {dagbag.py:588} INFO - Filling up the DagBag from /opt/airflow/dags/dag2.py
[2026-04-22T17:14:35.462+0000] {processor.py:925} INFO - DAG(s) 'data_pipeline' retrieved from /opt/airflow/dags/dag2.py
[2026-04-22T17:14:35.483+0000] {logging_mixin.py:190} INFO - [2026-04-22T17:14:35.482+0000] {dag.py:3239} INFO - Sync 1 DAGs
[2026-04-22T17:14:35.504+0000] {logging_mixin.py:190} INFO - [2026-04-22T17:14:35.504+0000] {dag.py:4180} INFO - Setting next_dagrun for data_pipeline to 2026-04-22 15:30:00+00:00, run_after=2026-04-23 15:30:00+00:00
[2026-04-22T17:14:35.520+0000] {processor.py:208} INFO - Processing /opt/airflow/dags/dag2.py took 0.074 seconds
[2026-04-22T17:15:05.849+0000] {processor.py:186} INFO - Started process (PID=4462) to work on /opt/airflow/dags/dag2.py
[2026-04-22T17:15:05.849+0000] {processor.py:914} INFO - Processing file /opt/airflow/dags/dag2.py for tasks to queue
[2026-04-22T17:15:05.851+0000] {logging_mixin.py:190} INFO - [2026-04-22T17:15:05.850+0000] {dagbag.py:588} INFO - Filling up the DagBag from /opt/airflow/dags/dag2.py
[2026-04-22T17:15:05.863+0000] {processor.py:925} INFO - DAG(s) 'data_pipeline' retrieved from /opt/airflow/dags/dag2.py
[2026-04-22T17:15:05.888+0000] {logging_mixin.py:190} INFO - [2026-04-22T17:15:05.887+0000] {dag.py:3239} INFO - Sync 1 DAGs
[2026-04-22T17:15:05.914+0000] {logging_mixin.py:190} INFO - [2026-04-22T17:15:05.914+0000] {dag.py:4180} INFO - Setting next_dagrun for data_pipeline to 2026-04-22 15:30:00+00:00, run_after=2026-04-23 15:30:00+00:00
[2026-04-22T17:15:05.931+0000] {processor.py:208} INFO - Processing /opt/airflow/dags/dag2.py took 0.089 seconds
[2026-04-22T17:15:36.518+0000] {processor.py:186} INFO - Started process (PID=4485) to work on /opt/airflow/dags/dag2.py
[2026-04-22T17:15:36.520+0000] {processor.py:914} INFO - Processing file /opt/airflow/dags/dag2.py for tasks to queue
[2026-04-22T17:15:36.523+0000] {logging_mixin.py:190} INFO - [2026-04-22T17:15:36.522+0000] {dagbag.py:588} INFO - Filling up the DagBag from /opt/airflow/dags/dag2.py
[2026-04-22T17:15:36.552+0000] {processor.py:925} INFO - DAG(s) 'data_pipeline' retrieved from /opt/airflow/dags/dag2.py
[2026-04-22T17:15:36.615+0000] {logging_mixin.py:190} INFO - [2026-04-22T17:15:36.614+0000] {dag.py:3239} INFO - Sync 1 DAGs
[2026-04-22T17:15:36.676+0000] {logging_mixin.py:190} INFO - [2026-04-22T17:15:36.676+0000] {dag.py:4180} INFO - Setting next_dagrun for data_pipeline to 2026-04-22 15:30:00+00:00, run_after=2026-04-23 15:30:00+00:00
[2026-04-22T17:15:36.722+0000] {processor.py:208} INFO - Processing /opt/airflow/dags/dag2.py took 0.219 seconds
[2026-04-22T17:18:06.421+0000] {processor.py:186} INFO - Started process (PID=4500) to work on /opt/airflow/dags/dag2.py
[2026-04-22T17:18:06.422+0000] {processor.py:914} INFO - Processing file /opt/airflow/dags/dag2.py for tasks to queue
[2026-04-22T17:18:06.424+0000] {logging_mixin.py:190} INFO - [2026-04-22T17:18:06.423+0000] {dagbag.py:588} INFO - Filling up the DagBag from /opt/airflow/dags/dag2.py
[2026-04-22T17:18:06.442+0000] {processor.py:925} INFO - DAG(s) 'data_pipeline' retrieved from /opt/airflow/dags/dag2.py
[2026-04-22T17:18:06.486+0000] {logging_mixin.py:190} INFO - [2026-04-22T17:18:06.485+0000] {dag.py:3239} INFO - Sync 1 DAGs
[2026-04-22T17:18:06.533+0000] {logging_mixin.py:190} INFO - [2026-04-22T17:18:06.532+0000] {dag.py:4180} INFO - Setting next_dagrun for data_pipeline to 2026-04-22 15:30:00+00:00, run_after=2026-04-23 15:30:00+00:00
[2026-04-22T17:18:06.555+0000] {processor.py:208} INFO - Processing /opt/airflow/dags/dag2.py took 0.148 seconds
[2026-04-22T17:18:36.858+0000] {processor.py:186} INFO - Started process (PID=4521) to work on /opt/airflow/dags/dag2.py
[2026-04-22T17:18:36.859+0000] {processor.py:914} INFO - Processing file /opt/airflow/dags/dag2.py for tasks to queue
[2026-04-22T17:18:36.860+0000] {logging_mixin.py:190} INFO - [2026-04-22T17:18:36.860+0000] {dagbag.py:588} INFO - Filling up the DagBag from /opt/airflow/dags/dag2.py
[2026-04-22T17:18:36.870+0000] {processor.py:925} INFO - DAG(s) 'data_pipeline' retrieved from /opt/airflow/dags/dag2.py
[2026-04-22T17:18:36.892+0000] {logging_mixin.py:190} INFO - [2026-04-22T17:18:36.892+0000] {dag.py:3239} INFO - Sync 1 DAGs
[2026-04-22T17:18:36.915+0000] {logging_mixin.py:190} INFO - [2026-04-22T17:18:36.915+0000] {dag.py:4180} INFO - Setting next_dagrun for data_pipeline to 2026-04-22 15:30:00+00:00, run_after=2026-04-23 15:30:00+00:00
[2026-04-22T17:18:36.930+0000] {processor.py:208} INFO - Processing /opt/airflow/dags/dag2.py took 0.077 seconds
[2026-04-22T17:19:07.327+0000] {processor.py:186} INFO - Started process (PID=4542) to work on /opt/airflow/dags/dag2.py
[2026-04-22T17:19:07.327+0000] {processor.py:914} INFO - Processing file /opt/airflow/dags/dag2.py for tasks to queue
[2026-04-22T17:19:07.328+0000] {logging_mixin.py:190} INFO - [2026-04-22T17:19:07.328+0000] {dagbag.py:588} INFO - Filling up the DagBag from /opt/airflow/dags/dag2.py
[2026-04-22T17:19:07.342+0000] {processor.py:925} INFO - DAG(s) 'data_pipeline' retrieved from /opt/airflow/dags/dag2.py
[2026-04-22T17:19:07.365+0000] {logging_mixin.py:190} INFO - [2026-04-22T17:19:07.365+0000] {dag.py:3239} INFO - Sync 1 DAGs
[2026-04-22T17:19:07.390+0000] {logging_mixin.py:190} INFO - [2026-04-22T17:19:07.390+0000] {dag.py:4180} INFO - Setting next_dagrun for data_pipeline to 2026-04-22 15:30:00+00:00, run_after=2026-04-23 15:30:00+00:00
[2026-04-22T17:19:07.538+0000] {processor.py:208} INFO - Processing /opt/airflow/dags/dag2.py took 0.218 seconds
[2026-04-22T17:19:38.172+0000] {processor.py:186} INFO - Started process (PID=4563) to work on /opt/airflow/dags/dag2.py
[2026-04-22T17:19:38.172+0000] {processor.py:914} INFO - Processing file /opt/airflow/dags/dag2.py for tasks to queue
[2026-04-22T17:19:38.174+0000] {logging_mixin.py:190} INFO - [2026-04-22T17:19:38.173+0000] {dagbag.py:588} INFO - Filling up the DagBag from /opt/airflow/dags/dag2.py
[2026-04-22T17:19:38.184+0000] {processor.py:925} INFO - DAG(s) 'data_pipeline' retrieved from /opt/airflow/dags/dag2.py
[2026-04-22T17:19:38.207+0000] {logging_mixin.py:190} INFO - [2026-04-22T17:19:38.207+0000] {dag.py:3239} INFO - Sync 1 DAGs
[2026-04-22T17:19:38.354+0000] {logging_mixin.py:190} INFO - [2026-04-22T17:19:38.354+0000] {dag.py:4180} INFO - Setting next_dagrun for data_pipeline to 2026-04-22 15:30:00+00:00, run_after=2026-04-23 15:30:00+00:00
[2026-04-22T17:19:38.376+0000] {processor.py:208} INFO - Processing /opt/airflow/dags/dag2.py took 0.210 seconds
[2026-04-22T17:20:08.975+0000] {processor.py:186} INFO - Started process (PID=4584) to work on /opt/airflow/dags/dag2.py
[2026-04-22T17:20:08.977+0000] {processor.py:914} INFO - Processing file /opt/airflow/dags/dag2.py for tasks to queue
[2026-04-22T17:20:08.981+0000] {logging_mixin.py:190} INFO - [2026-04-22T17:20:08.980+0000] {dagbag.py:588} INFO - Filling up the DagBag from /opt/airflow/dags/dag2.py
[2026-04-22T17:20:09.020+0000] {processor.py:925} INFO - DAG(s) 'data_pipeline' retrieved from /opt/airflow/dags/dag2.py
[2026-04-22T17:20:09.108+0000] {logging_mixin.py:190} INFO - [2026-04-22T17:20:09.107+0000] {dag.py:3239} INFO - Sync 1 DAGs
[2026-04-22T17:20:09.209+0000] {logging_mixin.py:190} INFO - [2026-04-22T17:20:09.208+0000] {dag.py:4180} INFO - Setting next_dagrun for data_pipeline to 2026-04-22 15:30:00+00:00, run_after=2026-04-23 15:30:00+00:00
[2026-04-22T17:20:09.255+0000] {processor.py:208} INFO - Processing /opt/airflow/dags/dag2.py took 0.306 seconds
[2026-04-22T17:20:39.735+0000] {processor.py:186} INFO - Started process (PID=4605) to work on /opt/airflow/dags/dag2.py
[2026-04-22T17:20:39.738+0000] {processor.py:914} INFO - Processing file /opt/airflow/dags/dag2.py for tasks to queue
[2026-04-22T17:20:39.741+0000] {logging_mixin.py:190} INFO - [2026-04-22T17:20:39.740+0000] {dagbag.py:588} INFO - Filling up the DagBag from /opt/airflow/dags/dag2.py
[2026-04-22T17:20:39.785+0000] {processor.py:925} INFO - DAG(s) 'data_pipeline' retrieved from /opt/airflow/dags/dag2.py
[2026-04-22T17:20:39.869+0000] {logging_mixin.py:190} INFO - [2026-04-22T17:20:39.869+0000] {dag.py:3239} INFO - Sync 1 DAGs
[2026-04-22T17:20:39.956+0000] {logging_mixin.py:190} INFO - [2026-04-22T17:20:39.955+0000] {dag.py:4180} INFO - Setting next_dagrun for data_pipeline to 2026-04-22 15:30:00+00:00, run_after=2026-04-23 15:30:00+00:00
[2026-04-22T17:20:40.012+0000] {processor.py:208} INFO - Processing /opt/airflow/dags/dag2.py took 0.297 seconds
[2026-04-22T17:21:10.455+0000] {processor.py:186} INFO - Started process (PID=4626) to work on /opt/airflow/dags/dag2.py
[2026-04-22T17:21:10.458+0000] {processor.py:914} INFO - Processing file /opt/airflow/dags/dag2.py for tasks to queue
[2026-04-22T17:21:10.462+0000] {logging_mixin.py:190} INFO - [2026-04-22T17:21:10.461+0000] {dagbag.py:588} INFO - Filling up the DagBag from /opt/airflow/dags/dag2.py
[2026-04-22T17:21:10.500+0000] {processor.py:925} INFO - DAG(s) 'data_pipeline' retrieved from /opt/airflow/dags/dag2.py
[2026-04-22T17:21:10.572+0000] {logging_mixin.py:190} INFO - [2026-04-22T17:21:10.571+0000] {dag.py:3239} INFO - Sync 1 DAGs
[2026-04-22T17:21:10.681+0000] {logging_mixin.py:190} INFO - [2026-04-22T17:21:10.680+0000] {dag.py:4180} INFO - Setting next_dagrun for data_pipeline to 2026-04-22 15:30:00+00:00, run_after=2026-04-23 15:30:00+00:00
[2026-04-22T17:21:10.716+0000] {processor.py:208} INFO - Processing /opt/airflow/dags/dag2.py took 0.285 seconds
[2026-04-22T17:21:41.044+0000] {processor.py:186} INFO - Started process (PID=4647) to work on /opt/airflow/dags/dag2.py
[2026-04-22T17:21:41.045+0000] {processor.py:914} INFO - Processing file /opt/airflow/dags/dag2.py for tasks to queue
[2026-04-22T17:21:41.046+0000] {logging_mixin.py:190} INFO - [2026-04-22T17:21:41.046+0000] {dagbag.py:588} INFO - Filling up the DagBag from /opt/airflow/dags/dag2.py
[2026-04-22T17:21:41.057+0000] {processor.py:925} INFO - DAG(s) 'data_pipeline' retrieved from /opt/airflow/dags/dag2.py
[2026-04-22T17:21:41.079+0000] {logging_mixin.py:190} INFO - [2026-04-22T17:21:41.079+0000] {dag.py:3239} INFO - Sync 1 DAGs
[2026-04-22T17:21:41.107+0000] {logging_mixin.py:190} INFO - [2026-04-22T17:21:41.107+0000] {dag.py:4180} INFO - Setting next_dagrun for data_pipeline to 2026-04-22 15:30:00+00:00, run_after=2026-04-23 15:30:00+00:00
[2026-04-22T17:21:41.134+0000] {processor.py:208} INFO - Processing /opt/airflow/dags/dag2.py took 0.095 seconds
[2026-04-22T17:22:11.887+0000] {processor.py:186} INFO - Started process (PID=4668) to work on /opt/airflow/dags/dag2.py
[2026-04-22T17:22:11.888+0000] {processor.py:914} INFO - Processing file /opt/airflow/dags/dag2.py for tasks to queue
[2026-04-22T17:22:11.889+0000] {logging_mixin.py:190} INFO - [2026-04-22T17:22:11.888+0000] {dagbag.py:588} INFO - Filling up the DagBag from /opt/airflow/dags/dag2.py
[2026-04-22T17:22:11.901+0000] {processor.py:925} INFO - DAG(s) 'data_pipeline' retrieved from /opt/airflow/dags/dag2.py
[2026-04-22T17:22:11.928+0000] {logging_mixin.py:190} INFO - [2026-04-22T17:22:11.927+0000] {dag.py:3239} INFO - Sync 1 DAGs
[2026-04-22T17:22:12.080+0000] {logging_mixin.py:190} INFO - [2026-04-22T17:22:12.079+0000] {dag.py:4180} INFO - Setting next_dagrun for data_pipeline to 2026-04-22 15:30:00+00:00, run_after=2026-04-23 15:30:00+00:00
[2026-04-22T17:22:12.100+0000] {processor.py:208} INFO - Processing /opt/airflow/dags/dag2.py took 0.220 seconds
[2026-04-22T17:22:42.413+0000] {processor.py:186} INFO - Started process (PID=4689) to work on /opt/airflow/dags/dag2.py
[2026-04-22T17:22:42.413+0000] {processor.py:914} INFO - Processing file /opt/airflow/dags/dag2.py for tasks to queue
[2026-04-22T17:22:42.415+0000] {logging_mixin.py:190} INFO - [2026-04-22T17:22:42.415+0000] {dagbag.py:588} INFO - Filling up the DagBag from /opt/airflow/dags/dag2.py
[2026-04-22T17:22:42.425+0000] {processor.py:925} INFO - DAG(s) 'data_pipeline' retrieved from /opt/airflow/dags/dag2.py
[2026-04-22T17:22:42.448+0000] {logging_mixin.py:190} INFO - [2026-04-22T17:22:42.448+0000] {dag.py:3239} INFO - Sync 1 DAGs
[2026-04-22T17:22:42.589+0000] {logging_mixin.py:190} INFO - [2026-04-22T17:22:42.588+0000] {dag.py:4180} INFO - Setting next_dagrun for data_pipeline to 2026-04-22 15:30:00+00:00, run_after=2026-04-23 15:30:00+00:00
[2026-04-22T17:22:42.603+0000] {processor.py:208} INFO - Processing /opt/airflow/dags/dag2.py took 0.195 seconds
[2026-04-22T17:23:12.892+0000] {processor.py:186} INFO - Started process (PID=4710) to work on /opt/airflow/dags/dag2.py
[2026-04-22T17:23:12.892+0000] {processor.py:914} INFO - Processing file /opt/airflow/dags/dag2.py for tasks to queue
[2026-04-22T17:23:12.893+0000] {logging_mixin.py:190} INFO - [2026-04-22T17:23:12.893+0000] {dagbag.py:588} INFO - Filling up the DagBag from /opt/airflow/dags/dag2.py
[2026-04-22T17:23:12.905+0000] {processor.py:925} INFO - DAG(s) 'data_pipeline' retrieved from /opt/airflow/dags/dag2.py
[2026-04-22T17:23:12.930+0000] {logging_mixin.py:190} INFO - [2026-04-22T17:23:12.930+0000] {dag.py:3239} INFO - Sync 1 DAGs
[2026-04-22T17:23:12.958+0000] {logging_mixin.py:190} INFO - [2026-04-22T17:23:12.958+0000] {dag.py:4180} INFO - Setting next_dagrun for data_pipeline to 2026-04-22 15:30:00+00:00, run_after=2026-04-23 15:30:00+00:00
[2026-04-22T17:23:12.977+0000] {processor.py:208} INFO - Processing /opt/airflow/dags/dag2.py took 0.092 seconds
[2026-04-22T17:23:43.555+0000] {processor.py:186} INFO - Started process (PID=4731) to work on /opt/airflow/dags/dag2.py
[2026-04-22T17:23:43.558+0000] {processor.py:914} INFO - Processing file /opt/airflow/dags/dag2.py for tasks to queue
[2026-04-22T17:23:43.561+0000] {logging_mixin.py:190} INFO - [2026-04-22T17:23:43.560+0000] {dagbag.py:588} INFO - Filling up the DagBag from /opt/airflow/dags/dag2.py
[2026-04-22T17:23:43.600+0000] {processor.py:925} INFO - DAG(s) 'data_pipeline' retrieved from /opt/airflow/dags/dag2.py
[2026-04-22T17:23:43.680+0000] {logging_mixin.py:190} INFO - [2026-04-22T17:23:43.680+0000] {dag.py:3239} INFO - Sync 1 DAGs
[2026-04-22T17:23:43.716+0000] {logging_mixin.py:190} INFO - [2026-04-22T17:23:43.716+0000] {dag.py:4180} INFO - Setting next_dagrun for data_pipeline to 2026-04-22 15:30:00+00:00, run_after=2026-04-23 15:30:00+00:00
[2026-04-22T17:23:43.741+0000] {processor.py:208} INFO - Processing /opt/airflow/dags/dag2.py took 0.209 seconds
[2026-04-22T17:24:14.140+0000] {processor.py:186} INFO - Started process (PID=4750) to work on /opt/airflow/dags/dag2.py
[2026-04-22T17:24:14.141+0000] {processor.py:914} INFO - Processing file /opt/airflow/dags/dag2.py for tasks to queue
[2026-04-22T17:24:14.142+0000] {logging_mixin.py:190} INFO - [2026-04-22T17:24:14.142+0000] {dagbag.py:588} INFO - Filling up the DagBag from /opt/airflow/dags/dag2.py
[2026-04-22T17:24:14.153+0000] {processor.py:925} INFO - DAG(s) 'data_pipeline' retrieved from /opt/airflow/dags/dag2.py
[2026-04-22T17:24:14.176+0000] {logging_mixin.py:190} INFO - [2026-04-22T17:24:14.176+0000] {dag.py:3239} INFO - Sync 1 DAGs
[2026-04-22T17:24:14.201+0000] {logging_mixin.py:190} INFO - [2026-04-22T17:24:14.201+0000] {dag.py:4180} INFO - Setting next_dagrun for data_pipeline to 2026-04-22 15:30:00+00:00, run_after=2026-04-23 15:30:00+00:00
[2026-04-22T17:24:14.217+0000] {processor.py:208} INFO - Processing /opt/airflow/dags/dag2.py took 0.088 seconds
[2026-04-22T17:24:45.028+0000] {processor.py:186} INFO - Started process (PID=4773) to work on /opt/airflow/dags/dag2.py
[2026-04-22T17:24:45.035+0000] {processor.py:914} INFO - Processing file /opt/airflow/dags/dag2.py for tasks to queue
[2026-04-22T17:24:45.036+0000] {logging_mixin.py:190} INFO - [2026-04-22T17:24:45.036+0000] {dagbag.py:588} INFO - Filling up the DagBag from /opt/airflow/dags/dag2.py
[2026-04-22T17:24:45.050+0000] {processor.py:925} INFO - DAG(s) 'data_pipeline' retrieved from /opt/airflow/dags/dag2.py
[2026-04-22T17:24:45.083+0000] {logging_mixin.py:190} INFO - [2026-04-22T17:24:45.082+0000] {dag.py:3239} INFO - Sync 1 DAGs
[2026-04-22T17:24:45.158+0000] {logging_mixin.py:190} INFO - [2026-04-22T17:24:45.157+0000] {dag.py:4180} INFO - Setting next_dagrun for data_pipeline to 2026-04-22 15:30:00+00:00, run_after=2026-04-23 15:30:00+00:00
[2026-04-22T17:24:45.347+0000] {processor.py:208} INFO - Processing /opt/airflow/dags/dag2.py took 0.326 seconds
[2026-04-22T17:25:15.800+0000] {processor.py:186} INFO - Started process (PID=4794) to work on /opt/airflow/dags/dag2.py
[2026-04-22T17:25:15.800+0000] {processor.py:914} INFO - Processing file /opt/airflow/dags/dag2.py for tasks to queue
[2026-04-22T17:25:15.802+0000] {logging_mixin.py:190} INFO - [2026-04-22T17:25:15.801+0000] {dagbag.py:588} INFO - Filling up the DagBag from /opt/airflow/dags/dag2.py
[2026-04-22T17:25:15.816+0000] {processor.py:925} INFO - DAG(s) 'data_pipeline' retrieved from /opt/airflow/dags/dag2.py
[2026-04-22T17:25:15.868+0000] {logging_mixin.py:190} INFO - [2026-04-22T17:25:15.868+0000] {dag.py:3239} INFO - Sync 1 DAGs
[2026-04-22T17:25:16.069+0000] {logging_mixin.py:190} INFO - [2026-04-22T17:25:16.069+0000] {dag.py:4180} INFO - Setting next_dagrun for data_pipeline to 2026-04-22 15:30:00+00:00, run_after=2026-04-23 15:30:00+00:00
[2026-04-22T17:25:16.091+0000] {processor.py:208} INFO - Processing /opt/airflow/dags/dag2.py took 0.302 seconds
[2026-04-22T17:25:46.411+0000] {processor.py:186} INFO - Started process (PID=4815) to work on /opt/airflow/dags/dag2.py
[2026-04-22T17:25:46.413+0000] {processor.py:914} INFO - Processing file /opt/airflow/dags/dag2.py for tasks to queue
[2026-04-22T17:25:46.415+0000] {logging_mixin.py:190} INFO - [2026-04-22T17:25:46.415+0000] {dagbag.py:588} INFO - Filling up the DagBag from /opt/airflow/dags/dag2.py
[2026-04-22T17:25:46.439+0000] {processor.py:925} INFO - DAG(s) 'data_pipeline' retrieved from /opt/airflow/dags/dag2.py
[2026-04-22T17:25:46.521+0000] {logging_mixin.py:190} INFO - [2026-04-22T17:25:46.520+0000] {dag.py:3239} INFO - Sync 1 DAGs
[2026-04-22T17:25:46.609+0000] {logging_mixin.py:190} INFO - [2026-04-22T17:25:46.609+0000] {dag.py:4180} INFO - Setting next_dagrun for data_pipeline to 2026-04-22 15:30:00+00:00, run_after=2026-04-23 15:30:00+00:00
[2026-04-22T17:25:46.651+0000] {processor.py:208} INFO - Processing /opt/airflow/dags/dag2.py took 0.248 seconds
[2026-04-22T17:26:16.806+0000] {processor.py:186} INFO - Started process (PID=4836) to work on /opt/airflow/dags/dag2.py
[2026-04-22T17:26:16.808+0000] {processor.py:914} INFO - Processing file /opt/airflow/dags/dag2.py for tasks to queue
[2026-04-22T17:26:16.809+0000] {logging_mixin.py:190} INFO - [2026-04-22T17:26:16.808+0000] {dagbag.py:588} INFO - Filling up the DagBag from /opt/airflow/dags/dag2.py
[2026-04-22T17:26:16.821+0000] {processor.py:925} INFO - DAG(s) 'data_pipeline' retrieved from /opt/airflow/dags/dag2.py
[2026-04-22T17:26:16.850+0000] {logging_mixin.py:190} INFO - [2026-04-22T17:26:16.850+0000] {dag.py:3239} INFO - Sync 1 DAGs
[2026-04-22T17:26:16.875+0000] {logging_mixin.py:190} INFO - [2026-04-22T17:26:16.875+0000] {dag.py:4180} INFO - Setting next_dagrun for data_pipeline to 2026-04-22 15:30:00+00:00, run_after=2026-04-23 15:30:00+00:00
[2026-04-22T17:26:16.894+0000] {processor.py:208} INFO - Processing /opt/airflow/dags/dag2.py took 0.094 seconds
[2026-04-22T17:26:47.366+0000] {processor.py:186} INFO - Started process (PID=4857) to work on /opt/airflow/dags/dag2.py
[2026-04-22T17:26:47.367+0000] {processor.py:914} INFO - Processing file /opt/airflow/dags/dag2.py for tasks to queue
[2026-04-22T17:26:47.368+0000] {logging_mixin.py:190} INFO - [2026-04-22T17:26:47.368+0000] {dagbag.py:588} INFO - Filling up the DagBag from /opt/airflow/dags/dag2.py
[2026-04-22T17:26:47.380+0000] {processor.py:925} INFO - DAG(s) 'data_pipeline' retrieved from /opt/airflow/dags/dag2.py
[2026-04-22T17:26:47.408+0000] {logging_mixin.py:190} INFO - [2026-04-22T17:26:47.407+0000] {dag.py:3239} INFO - Sync 1 DAGs
[2026-04-22T17:26:47.437+0000] {logging_mixin.py:190} INFO - [2026-04-22T17:26:47.436+0000] {dag.py:4180} INFO - Setting next_dagrun for data_pipeline to 2026-04-22 15:30:00+00:00, run_after=2026-04-23 15:30:00+00:00
[2026-04-22T17:26:47.456+0000] {processor.py:208} INFO - Processing /opt/airflow/dags/dag2.py took 0.097 seconds
[2026-04-22T17:27:18.107+0000] {processor.py:186} INFO - Started process (PID=4878) to work on /opt/airflow/dags/dag2.py
[2026-04-22T17:27:18.109+0000] {processor.py:914} INFO - Processing file /opt/airflow/dags/dag2.py for tasks to queue
[2026-04-22T17:27:18.113+0000] {logging_mixin.py:190} INFO - [2026-04-22T17:27:18.111+0000] {dagbag.py:588} INFO - Filling up the DagBag from /opt/airflow/dags/dag2.py
[2026-04-22T17:27:18.141+0000] {processor.py:925} INFO - DAG(s) 'data_pipeline' retrieved from /opt/airflow/dags/dag2.py
[2026-04-22T17:27:18.198+0000] {logging_mixin.py:190} INFO - [2026-04-22T17:27:18.197+0000] {dag.py:3239} INFO - Sync 1 DAGs
[2026-04-22T17:27:18.265+0000] {logging_mixin.py:190} INFO - [2026-04-22T17:27:18.264+0000] {dag.py:4180} INFO - Setting next_dagrun for data_pipeline to 2026-04-22 15:30:00+00:00, run_after=2026-04-23 15:30:00+00:00
[2026-04-22T17:27:18.313+0000] {processor.py:208} INFO - Processing /opt/airflow/dags/dag2.py took 0.219 seconds
[2026-04-22T17:27:48.856+0000] {processor.py:186} INFO - Started process (PID=4899) to work on /opt/airflow/dags/dag2.py
[2026-04-22T17:27:48.857+0000] {processor.py:914} INFO - Processing file /opt/airflow/dags/dag2.py for tasks to queue
[2026-04-22T17:27:48.858+0000] {logging_mixin.py:190} INFO - [2026-04-22T17:27:48.857+0000] {dagbag.py:588} INFO - Filling up the DagBag from /opt/airflow/dags/dag2.py
[2026-04-22T17:27:48.868+0000] {processor.py:925} INFO - DAG(s) 'data_pipeline' retrieved from /opt/airflow/dags/dag2.py
[2026-04-22T17:27:48.891+0000] {logging_mixin.py:190} INFO - [2026-04-22T17:27:48.891+0000] {dag.py:3239} INFO - Sync 1 DAGs
[2026-04-22T17:27:49.032+0000] {logging_mixin.py:190} INFO - [2026-04-22T17:27:49.032+0000] {dag.py:4180} INFO - Setting next_dagrun for data_pipeline to 2026-04-22 15:30:00+00:00, run_after=2026-04-23 15:30:00+00:00
[2026-04-22T17:27:49.071+0000] {processor.py:208} INFO - Processing /opt/airflow/dags/dag2.py took 0.220 seconds
[2026-04-22T17:28:19.378+0000] {processor.py:186} INFO - Started process (PID=4920) to work on /opt/airflow/dags/dag2.py
[2026-04-22T17:28:19.378+0000] {processor.py:914} INFO - Processing file /opt/airflow/dags/dag2.py for tasks to queue
[2026-04-22T17:28:19.379+0000] {logging_mixin.py:190} INFO - [2026-04-22T17:28:19.379+0000] {dagbag.py:588} INFO - Filling up the DagBag from /opt/airflow/dags/dag2.py
[2026-04-22T17:28:19.390+0000] {processor.py:925} INFO - DAG(s) 'data_pipeline' retrieved from /opt/airflow/dags/dag2.py
[2026-04-22T17:28:19.413+0000] {logging_mixin.py:190} INFO - [2026-04-22T17:28:19.412+0000] {dag.py:3239} INFO - Sync 1 DAGs
[2026-04-22T17:28:19.553+0000] {logging_mixin.py:190} INFO - [2026-04-22T17:28:19.553+0000] {dag.py:4180} INFO - Setting next_dagrun for data_pipeline to 2026-04-22 15:30:00+00:00, run_after=2026-04-23 15:30:00+00:00
[2026-04-22T17:28:19.574+0000] {processor.py:208} INFO - Processing /opt/airflow/dags/dag2.py took 0.202 seconds
[2026-04-22T17:28:50.119+0000] {processor.py:186} INFO - Started process (PID=4941) to work on /opt/airflow/dags/dag2.py
[2026-04-22T17:28:50.127+0000] {processor.py:914} INFO - Processing file /opt/airflow/dags/dag2.py for tasks to queue
[2026-04-22T17:28:50.131+0000] {logging_mixin.py:190} INFO - [2026-04-22T17:28:50.130+0000] {dagbag.py:588} INFO - Filling up the DagBag from /opt/airflow/dags/dag2.py
[2026-04-22T17:28:50.168+0000] {processor.py:925} INFO - DAG(s) 'data_pipeline' retrieved from /opt/airflow/dags/dag2.py
[2026-04-22T17:28:50.250+0000] {logging_mixin.py:190} INFO - [2026-04-22T17:28:50.249+0000] {dag.py:3239} INFO - Sync 1 DAGs
[2026-04-22T17:28:50.326+0000] {logging_mixin.py:190} INFO - [2026-04-22T17:28:50.325+0000] {dag.py:4180} INFO - Setting next_dagrun for data_pipeline to 2026-04-22 15:30:00+00:00, run_after=2026-04-23 15:30:00+00:00
[2026-04-22T17:28:50.363+0000] {processor.py:208} INFO - Processing /opt/airflow/dags/dag2.py took 0.265 seconds
[2026-04-22T17:29:20.847+0000] {processor.py:186} INFO - Started process (PID=4962) to work on /opt/airflow/dags/dag2.py
[2026-04-22T17:29:20.850+0000] {processor.py:914} INFO - Processing file /opt/airflow/dags/dag2.py for tasks to queue
[2026-04-22T17:29:20.854+0000] {logging_mixin.py:190} INFO - [2026-04-22T17:29:20.853+0000] {dagbag.py:588} INFO - Filling up the DagBag from /opt/airflow/dags/dag2.py
[2026-04-22T17:29:20.893+0000] {processor.py:925} INFO - DAG(s) 'data_pipeline' retrieved from /opt/airflow/dags/dag2.py
[2026-04-22T17:29:20.969+0000] {logging_mixin.py:190} INFO - [2026-04-22T17:29:20.968+0000] {dag.py:3239} INFO - Sync 1 DAGs
[2026-04-22T17:29:21.057+0000] {logging_mixin.py:190} INFO - [2026-04-22T17:29:21.056+0000] {dag.py:4180} INFO - Setting next_dagrun for data_pipeline to 2026-04-22 15:30:00+00:00, run_after=2026-04-23 15:30:00+00:00
[2026-04-22T17:29:21.113+0000] {processor.py:208} INFO - Processing /opt/airflow/dags/dag2.py took 0.287 seconds
[2026-04-22T17:29:51.584+0000] {processor.py:186} INFO - Started process (PID=4983) to work on /opt/airflow/dags/dag2.py
[2026-04-22T17:29:51.587+0000] {processor.py:914} INFO - Processing file /opt/airflow/dags/dag2.py for tasks to queue
[2026-04-22T17:29:51.593+0000] {logging_mixin.py:190} INFO - [2026-04-22T17:29:51.592+0000] {dagbag.py:588} INFO - Filling up the DagBag from /opt/airflow/dags/dag2.py
[2026-04-22T17:29:51.628+0000] {processor.py:925} INFO - DAG(s) 'data_pipeline' retrieved from /opt/airflow/dags/dag2.py
[2026-04-22T17:29:51.704+0000] {logging_mixin.py:190} INFO - [2026-04-22T17:29:51.703+0000] {dag.py:3239} INFO - Sync 1 DAGs
[2026-04-22T17:29:51.739+0000] {logging_mixin.py:190} INFO - [2026-04-22T17:29:51.739+0000] {dag.py:4180} INFO - Setting next_dagrun for data_pipeline to 2026-04-22 15:30:00+00:00, run_after=2026-04-23 15:30:00+00:00
[2026-04-22T17:29:51.761+0000] {processor.py:208} INFO - Processing /opt/airflow/dags/dag2.py took 0.199 seconds
[2026-04-22T17:30:22.396+0000] {processor.py:186} INFO - Started process (PID=5004) to work on /opt/airflow/dags/dag2.py
[2026-04-22T17:30:22.397+0000] {processor.py:914} INFO - Processing file /opt/airflow/dags/dag2.py for tasks to queue
[2026-04-22T17:30:22.398+0000] {logging_mixin.py:190} INFO - [2026-04-22T17:30:22.398+0000] {dagbag.py:588} INFO - Filling up the DagBag from /opt/airflow/dags/dag2.py
[2026-04-22T17:30:22.408+0000] {processor.py:925} INFO - DAG(s) 'data_pipeline' retrieved from /opt/airflow/dags/dag2.py
[2026-04-22T17:30:22.430+0000] {logging_mixin.py:190} INFO - [2026-04-22T17:30:22.430+0000] {dag.py:3239} INFO - Sync 1 DAGs
[2026-04-22T17:30:22.452+0000] {logging_mixin.py:190} INFO - [2026-04-22T17:30:22.452+0000] {dag.py:4180} INFO - Setting next_dagrun for data_pipeline to 2026-04-22 15:30:00+00:00, run_after=2026-04-23 15:30:00+00:00
[2026-04-22T17:30:22.583+0000] {processor.py:208} INFO - Processing /opt/airflow/dags/dag2.py took 0.192 seconds
[2026-04-22T17:30:53.187+0000] {processor.py:186} INFO - Started process (PID=5025) to work on /opt/airflow/dags/dag2.py
[2026-04-22T17:30:53.187+0000] {processor.py:914} INFO - Processing file /opt/airflow/dags/dag2.py for tasks to queue
[2026-04-22T17:30:53.188+0000] {logging_mixin.py:190} INFO - [2026-04-22T17:30:53.188+0000] {dagbag.py:588} INFO - Filling up the DagBag from /opt/airflow/dags/dag2.py
[2026-04-22T17:30:53.200+0000] {processor.py:925} INFO - DAG(s) 'data_pipeline' retrieved from /opt/airflow/dags/dag2.py
[2026-04-22T17:30:53.233+0000] {logging_mixin.py:190} INFO - [2026-04-22T17:30:53.232+0000] {dag.py:3239} INFO - Sync 1 DAGs
[2026-04-22T17:30:53.443+0000] {logging_mixin.py:190} INFO - [2026-04-22T17:30:53.443+0000] {dag.py:4180} INFO - Setting next_dagrun for data_pipeline to 2026-04-22 15:30:00+00:00, run_after=2026-04-23 15:30:00+00:00
[2026-04-22T17:30:53.466+0000] {processor.py:208} INFO - Processing /opt/airflow/dags/dag2.py took 0.285 seconds
[2026-04-22T17:31:23.918+0000] {processor.py:186} INFO - Started process (PID=5046) to work on /opt/airflow/dags/dag2.py
[2026-04-22T17:31:23.919+0000] {processor.py:914} INFO - Processing file /opt/airflow/dags/dag2.py for tasks to queue
[2026-04-22T17:31:23.920+0000] {logging_mixin.py:190} INFO - [2026-04-22T17:31:23.920+0000] {dagbag.py:588} INFO - Filling up the DagBag from /opt/airflow/dags/dag2.py
[2026-04-22T17:31:23.933+0000] {processor.py:925} INFO - DAG(s) 'data_pipeline' retrieved from /opt/airflow/dags/dag2.py
[2026-04-22T17:31:23.958+0000] {logging_mixin.py:190} INFO - [2026-04-22T17:31:23.958+0000] {dag.py:3239} INFO - Sync 1 DAGs
[2026-04-22T17:31:24.105+0000] {logging_mixin.py:190} INFO - [2026-04-22T17:31:24.105+0000] {dag.py:4180} INFO - Setting next_dagrun for data_pipeline to 2026-04-22 15:30:00+00:00, run_after=2026-04-23 15:30:00+00:00
[2026-04-22T17:31:24.126+0000] {processor.py:208} INFO - Processing /opt/airflow/dags/dag2.py took 0.213 seconds
[2026-04-22T17:31:54.340+0000] {processor.py:186} INFO - Started process (PID=5067) to work on /opt/airflow/dags/dag2.py
[2026-04-22T17:31:54.340+0000] {processor.py:914} INFO - Processing file /opt/airflow/dags/dag2.py for tasks to queue
[2026-04-22T17:31:54.341+0000] {logging_mixin.py:190} INFO - [2026-04-22T17:31:54.341+0000] {dagbag.py:588} INFO - Filling up the DagBag from /opt/airflow/dags/dag2.py
[2026-04-22T17:31:54.351+0000] {processor.py:925} INFO - DAG(s) 'data_pipeline' retrieved from /opt/airflow/dags/dag2.py
[2026-04-22T17:31:54.374+0000] {logging_mixin.py:190} INFO - [2026-04-22T17:31:54.374+0000] {dag.py:3239} INFO - Sync 1 DAGs
[2026-04-22T17:31:54.400+0000] {logging_mixin.py:190} INFO - [2026-04-22T17:31:54.400+0000] {dag.py:4180} INFO - Setting next_dagrun for data_pipeline to 2026-04-22 15:30:00+00:00, run_after=2026-04-23 15:30:00+00:00
[2026-04-22T17:31:54.416+0000] {processor.py:208} INFO - Processing /opt/airflow/dags/dag2.py took 0.082 seconds
[2026-04-22T17:32:25.049+0000] {processor.py:186} INFO - Started process (PID=5088) to work on /opt/airflow/dags/dag2.py
[2026-04-22T17:32:25.052+0000] {processor.py:914} INFO - Processing file /opt/airflow/dags/dag2.py for tasks to queue
[2026-04-22T17:32:25.056+0000] {logging_mixin.py:190} INFO - [2026-04-22T17:32:25.055+0000] {dagbag.py:588} INFO - Filling up the DagBag from /opt/airflow/dags/dag2.py
[2026-04-22T17:32:25.094+0000] {processor.py:925} INFO - DAG(s) 'data_pipeline' retrieved from /opt/airflow/dags/dag2.py
[2026-04-22T17:32:25.178+0000] {logging_mixin.py:190} INFO - [2026-04-22T17:32:25.176+0000] {dag.py:3239} INFO - Sync 1 DAGs
[2026-04-22T17:32:25.285+0000] {logging_mixin.py:190} INFO - [2026-04-22T17:32:25.285+0000] {dag.py:4180} INFO - Setting next_dagrun for data_pipeline to 2026-04-22 15:30:00+00:00, run_after=2026-04-23 15:30:00+00:00
[2026-04-22T17:32:25.352+0000] {processor.py:208} INFO - Processing /opt/airflow/dags/dag2.py took 0.322 seconds
[2026-04-22T17:32:55.640+0000] {processor.py:186} INFO - Started process (PID=5109) to work on /opt/airflow/dags/dag2.py
[2026-04-22T17:32:55.641+0000] {processor.py:914} INFO - Processing file /opt/airflow/dags/dag2.py for tasks to queue
[2026-04-22T17:32:55.644+0000] {logging_mixin.py:190} INFO - [2026-04-22T17:32:55.643+0000] {dagbag.py:588} INFO - Filling up the DagBag from /opt/airflow/dags/dag2.py
[2026-04-22T17:32:55.666+0000] {processor.py:925} INFO - DAG(s) 'data_pipeline' retrieved from /opt/airflow/dags/dag2.py
[2026-04-22T17:32:55.734+0000] {logging_mixin.py:190} INFO - [2026-04-22T17:32:55.734+0000] {dag.py:3239} INFO - Sync 1 DAGs
[2026-04-22T17:32:55.820+0000] {logging_mixin.py:190} INFO - [2026-04-22T17:32:55.820+0000] {dag.py:4180} INFO - Setting next_dagrun for data_pipeline to 2026-04-22 15:30:00+00:00, run_after=2026-04-23 15:30:00+00:00
[2026-04-22T17:32:55.864+0000] {processor.py:208} INFO - Processing /opt/airflow/dags/dag2.py took 0.232 seconds
[2026-04-22T17:33:26.380+0000] {processor.py:186} INFO - Started process (PID=5130) to work on /opt/airflow/dags/dag2.py
[2026-04-22T17:33:26.381+0000] {processor.py:914} INFO - Processing file /opt/airflow/dags/dag2.py for tasks to queue
[2026-04-22T17:33:26.382+0000] {logging_mixin.py:190} INFO - [2026-04-22T17:33:26.382+0000] {dagbag.py:588} INFO - Filling up the DagBag from /opt/airflow/dags/dag2.py
[2026-04-22T17:33:26.393+0000] {processor.py:925} INFO - DAG(s) 'data_pipeline' retrieved from /opt/airflow/dags/dag2.py
[2026-04-22T17:33:26.417+0000] {logging_mixin.py:190} INFO - [2026-04-22T17:33:26.417+0000] {dag.py:3239} INFO - Sync 1 DAGs
[2026-04-22T17:33:26.447+0000] {logging_mixin.py:190} INFO - [2026-04-22T17:33:26.446+0000] {dag.py:4180} INFO - Setting next_dagrun for data_pipeline to 2026-04-22 15:30:00+00:00, run_after=2026-04-23 15:30:00+00:00
[2026-04-22T17:33:26.586+0000] {processor.py:208} INFO - Processing /opt/airflow/dags/dag2.py took 0.212 seconds
[2026-04-22T17:33:57.197+0000] {processor.py:186} INFO - Started process (PID=5151) to work on /opt/airflow/dags/dag2.py
[2026-04-22T17:33:57.198+0000] {processor.py:914} INFO - Processing file /opt/airflow/dags/dag2.py for tasks to queue
[2026-04-22T17:33:57.199+0000] {logging_mixin.py:190} INFO - [2026-04-22T17:33:57.199+0000] {dagbag.py:588} INFO - Filling up the DagBag from /opt/airflow/dags/dag2.py
[2026-04-22T17:33:57.211+0000] {processor.py:925} INFO - DAG(s) 'data_pipeline' retrieved from /opt/airflow/dags/dag2.py
[2026-04-22T17:33:57.244+0000] {logging_mixin.py:190} INFO - [2026-04-22T17:33:57.243+0000] {dag.py:3239} INFO - Sync 1 DAGs
[2026-04-22T17:33:57.421+0000] {logging_mixin.py:190} INFO - [2026-04-22T17:33:57.421+0000] {dag.py:4180} INFO - Setting next_dagrun for data_pipeline to 2026-04-22 15:30:00+00:00, run_after=2026-04-23 15:30:00+00:00
[2026-04-22T17:33:57.441+0000] {processor.py:208} INFO - Processing /opt/airflow/dags/dag2.py took 0.250 seconds
[2026-04-22T17:34:30.217+0000] {processor.py:186} INFO - Started process (PID=5172) to work on /opt/airflow/dags/dag2.py
[2026-04-22T17:34:30.219+0000] {processor.py:914} INFO - Processing file /opt/airflow/dags/dag2.py for tasks to queue
[2026-04-22T17:34:30.222+0000] {logging_mixin.py:190} INFO - [2026-04-22T17:34:30.221+0000] {dagbag.py:588} INFO - Filling up the DagBag from /opt/airflow/dags/dag2.py
[2026-04-22T17:34:30.259+0000] {processor.py:925} INFO - DAG(s) 'data_pipeline' retrieved from /opt/airflow/dags/dag2.py
[2026-04-22T17:34:30.344+0000] {logging_mixin.py:190} INFO - [2026-04-22T17:34:30.344+0000] {dag.py:3239} INFO - Sync 1 DAGs
[2026-04-22T17:34:30.394+0000] {logging_mixin.py:190} INFO - [2026-04-22T17:34:30.394+0000] {dag.py:4180} INFO - Setting next_dagrun for data_pipeline to 2026-04-22 15:30:00+00:00, run_after=2026-04-23 15:30:00+00:00
[2026-04-22T17:34:30.412+0000] {processor.py:208} INFO - Processing /opt/airflow/dags/dag2.py took 0.212 seconds
[2026-04-22T17:35:00.865+0000] {processor.py:186} INFO - Started process (PID=5199) to work on /opt/airflow/dags/dag2.py
[2026-04-22T17:35:00.868+0000] {processor.py:914} INFO - Processing file /opt/airflow/dags/dag2.py for tasks to queue
[2026-04-22T17:35:00.872+0000] {logging_mixin.py:190} INFO - [2026-04-22T17:35:00.871+0000] {dagbag.py:588} INFO - Filling up the DagBag from /opt/airflow/dags/dag2.py
[2026-04-22T17:35:00.912+0000] {processor.py:925} INFO - DAG(s) 'data_pipeline' retrieved from /opt/airflow/dags/dag2.py
[2026-04-22T17:35:00.995+0000] {logging_mixin.py:190} INFO - [2026-04-22T17:35:00.994+0000] {dag.py:3239} INFO - Sync 1 DAGs
[2026-04-22T17:35:01.077+0000] {logging_mixin.py:190} INFO - [2026-04-22T17:35:01.077+0000] {dag.py:4180} INFO - Setting next_dagrun for data_pipeline to 2026-04-22 15:30:00+00:00, run_after=2026-04-23 15:30:00+00:00
[2026-04-22T17:35:01.114+0000] {processor.py:208} INFO - Processing /opt/airflow/dags/dag2.py took 0.269 seconds
[2026-04-22T17:35:31.550+0000] {processor.py:186} INFO - Started process (PID=5220) to work on /opt/airflow/dags/dag2.py
[2026-04-22T17:35:31.551+0000] {processor.py:914} INFO - Processing file /opt/airflow/dags/dag2.py for tasks to queue
[2026-04-22T17:35:31.554+0000] {logging_mixin.py:190} INFO - [2026-04-22T17:35:31.553+0000] {dagbag.py:588} INFO - Filling up the DagBag from /opt/airflow/dags/dag2.py
[2026-04-22T17:35:31.582+0000] {processor.py:925} INFO - DAG(s) 'data_pipeline' retrieved from /opt/airflow/dags/dag2.py
[2026-04-22T17:35:31.653+0000] {logging_mixin.py:190} INFO - [2026-04-22T17:35:31.652+0000] {dag.py:3239} INFO - Sync 1 DAGs
[2026-04-22T17:35:31.742+0000] {logging_mixin.py:190} INFO - [2026-04-22T17:35:31.741+0000] {dag.py:4180} INFO - Setting next_dagrun for data_pipeline to 2026-04-22 15:30:00+00:00, run_after=2026-04-23 15:30:00+00:00
[2026-04-22T17:35:31.803+0000] {processor.py:208} INFO - Processing /opt/airflow/dags/dag2.py took 0.267 seconds
[2026-04-22T17:36:02.216+0000] {processor.py:186} INFO - Started process (PID=5241) to work on /opt/airflow/dags/dag2.py
[2026-04-22T17:36:02.217+0000] {processor.py:914} INFO - Processing file /opt/airflow/dags/dag2.py for tasks to queue
[2026-04-22T17:36:02.219+0000] {logging_mixin.py:190} INFO - [2026-04-22T17:36:02.218+0000] {dagbag.py:588} INFO - Filling up the DagBag from /opt/airflow/dags/dag2.py
[2026-04-22T17:36:02.235+0000] {processor.py:925} INFO - DAG(s) 'data_pipeline' retrieved from /opt/airflow/dags/dag2.py
[2026-04-22T17:36:02.267+0000] {logging_mixin.py:190} INFO - [2026-04-22T17:36:02.266+0000] {dag.py:3239} INFO - Sync 1 DAGs
[2026-04-22T17:36:02.301+0000] {logging_mixin.py:190} INFO - [2026-04-22T17:36:02.301+0000] {dag.py:4180} INFO - Setting next_dagrun for data_pipeline to 2026-04-22 15:30:00+00:00, run_after=2026-04-23 15:30:00+00:00
[2026-04-22T17:36:02.462+0000] {processor.py:208} INFO - Processing /opt/airflow/dags/dag2.py took 0.252 seconds
[2026-04-22T17:36:32.881+0000] {processor.py:186} INFO - Started process (PID=5262) to work on /opt/airflow/dags/dag2.py
[2026-04-22T17:36:32.882+0000] {processor.py:914} INFO - Processing file /opt/airflow/dags/dag2.py for tasks to queue
[2026-04-22T17:36:32.883+0000] {logging_mixin.py:190} INFO - [2026-04-22T17:36:32.883+0000] {dagbag.py:588} INFO - Filling up the DagBag from /opt/airflow/dags/dag2.py
[2026-04-22T17:36:32.893+0000] {processor.py:925} INFO - DAG(s) 'data_pipeline' retrieved from /opt/airflow/dags/dag2.py
[2026-04-22T17:36:32.916+0000] {logging_mixin.py:190} INFO - [2026-04-22T17:36:32.916+0000] {dag.py:3239} INFO - Sync 1 DAGs
[2026-04-22T17:36:33.056+0000] {logging_mixin.py:190} INFO - [2026-04-22T17:36:33.056+0000] {dag.py:4180} INFO - Setting next_dagrun for data_pipeline to 2026-04-22 15:30:00+00:00, run_after=2026-04-23 15:30:00+00:00
[2026-04-22T17:36:33.078+0000] {processor.py:208} INFO - Processing /opt/airflow/dags/dag2.py took 0.203 seconds
[2026-04-22T17:37:03.652+0000] {processor.py:186} INFO - Started process (PID=5283) to work on /opt/airflow/dags/dag2.py
[2026-04-22T17:37:03.653+0000] {processor.py:914} INFO - Processing file /opt/airflow/dags/dag2.py for tasks to queue
[2026-04-22T17:37:03.655+0000] {logging_mixin.py:190} INFO - [2026-04-22T17:37:03.654+0000] {dagbag.py:588} INFO - Filling up the DagBag from /opt/airflow/dags/dag2.py
[2026-04-22T17:37:03.669+0000] {processor.py:925} INFO - DAG(s) 'data_pipeline' retrieved from /opt/airflow/dags/dag2.py
[2026-04-22T17:37:03.701+0000] {logging_mixin.py:190} INFO - [2026-04-22T17:37:03.700+0000] {dag.py:3239} INFO - Sync 1 DAGs
[2026-04-22T17:37:03.857+0000] {logging_mixin.py:190} INFO - [2026-04-22T17:37:03.857+0000] {dag.py:4180} INFO - Setting next_dagrun for data_pipeline to 2026-04-22 15:30:00+00:00, run_after=2026-04-23 15:30:00+00:00
[2026-04-22T17:37:03.872+0000] {processor.py:208} INFO - Processing /opt/airflow/dags/dag2.py took 0.225 seconds
[2026-04-22T17:37:34.375+0000] {processor.py:186} INFO - Started process (PID=5304) to work on /opt/airflow/dags/dag2.py
[2026-04-22T17:37:34.377+0000] {processor.py:914} INFO - Processing file /opt/airflow/dags/dag2.py for tasks to queue
[2026-04-22T17:37:34.381+0000] {logging_mixin.py:190} INFO - [2026-04-22T17:37:34.380+0000] {dagbag.py:588} INFO - Filling up the DagBag from /opt/airflow/dags/dag2.py
[2026-04-22T17:37:34.425+0000] {processor.py:925} INFO - DAG(s) 'data_pipeline' retrieved from /opt/airflow/dags/dag2.py
[2026-04-22T17:37:34.510+0000] {logging_mixin.py:190} INFO - [2026-04-22T17:37:34.509+0000] {dag.py:3239} INFO - Sync 1 DAGs
[2026-04-22T17:37:34.591+0000] {logging_mixin.py:190} INFO - [2026-04-22T17:37:34.591+0000] {dag.py:4180} INFO - Setting next_dagrun for data_pipeline to 2026-04-22 15:30:00+00:00, run_after=2026-04-23 15:30:00+00:00
[2026-04-22T17:37:34.618+0000] {processor.py:208} INFO - Processing /opt/airflow/dags/dag2.py took 0.265 seconds
[2026-04-22T17:38:05.082+0000] {processor.py:186} INFO - Started process (PID=5325) to work on /opt/airflow/dags/dag2.py
[2026-04-22T17:38:05.084+0000] {processor.py:914} INFO - Processing file /opt/airflow/dags/dag2.py for tasks to queue
[2026-04-22T17:38:05.089+0000] {logging_mixin.py:190} INFO - [2026-04-22T17:38:05.088+0000] {dagbag.py:588} INFO - Filling up the DagBag from /opt/airflow/dags/dag2.py
[2026-04-22T17:38:05.129+0000] {processor.py:925} INFO - DAG(s) 'data_pipeline' retrieved from /opt/airflow/dags/dag2.py
[2026-04-22T17:38:05.210+0000] {logging_mixin.py:190} INFO - [2026-04-22T17:38:05.210+0000] {dag.py:3239} INFO - Sync 1 DAGs
[2026-04-22T17:38:05.258+0000] {logging_mixin.py:190} INFO - [2026-04-22T17:38:05.258+0000] {dag.py:4180} INFO - Setting next_dagrun for data_pipeline to 2026-04-22 15:30:00+00:00, run_after=2026-04-23 15:30:00+00:00
[2026-04-22T17:38:05.284+0000] {processor.py:208} INFO - Processing /opt/airflow/dags/dag2.py took 0.222 seconds
[2026-04-22T17:38:35.557+0000] {processor.py:186} INFO - Started process (PID=5346) to work on /opt/airflow/dags/dag2.py
[2026-04-22T17:38:35.558+0000] {processor.py:914} INFO - Processing file /opt/airflow/dags/dag2.py for tasks to queue
[2026-04-22T17:38:35.559+0000] {logging_mixin.py:190} INFO - [2026-04-22T17:38:35.559+0000] {dagbag.py:588} INFO - Filling up the DagBag from /opt/airflow/dags/dag2.py
[2026-04-22T17:38:35.570+0000] {processor.py:925} INFO - DAG(s) 'data_pipeline' retrieved from /opt/airflow/dags/dag2.py
[2026-04-22T17:38:35.593+0000] {logging_mixin.py:190} INFO - [2026-04-22T17:38:35.592+0000] {dag.py:3239} INFO - Sync 1 DAGs
[2026-04-22T17:38:35.617+0000] {logging_mixin.py:190} INFO - [2026-04-22T17:38:35.617+0000] {dag.py:4180} INFO - Setting next_dagrun for data_pipeline to 2026-04-22 15:30:00+00:00, run_after=2026-04-23 15:30:00+00:00
[2026-04-22T17:38:35.639+0000] {processor.py:208} INFO - Processing /opt/airflow/dags/dag2.py took 0.088 seconds
[2026-04-22T17:39:06.425+0000] {processor.py:186} INFO - Started process (PID=5367) to work on /opt/airflow/dags/dag2.py
[2026-04-22T17:39:06.425+0000] {processor.py:914} INFO - Processing file /opt/airflow/dags/dag2.py for tasks to queue
[2026-04-22T17:39:06.426+0000] {logging_mixin.py:190} INFO - [2026-04-22T17:39:06.426+0000] {dagbag.py:588} INFO - Filling up the DagBag from /opt/airflow/dags/dag2.py
[2026-04-22T17:39:06.438+0000] {processor.py:925} INFO - DAG(s) 'data_pipeline' retrieved from /opt/airflow/dags/dag2.py
[2026-04-22T17:39:06.461+0000] {logging_mixin.py:190} INFO - [2026-04-22T17:39:06.461+0000] {dag.py:3239} INFO - Sync 1 DAGs
[2026-04-22T17:39:06.488+0000] {logging_mixin.py:190} INFO - [2026-04-22T17:39:06.488+0000] {dag.py:4180} INFO - Setting next_dagrun for data_pipeline to 2026-04-22 15:30:00+00:00, run_after=2026-04-23 15:30:00+00:00
[2026-04-22T17:39:06.625+0000] {processor.py:208} INFO - Processing /opt/airflow/dags/dag2.py took 0.206 seconds
[2026-04-22T17:39:36.933+0000] {processor.py:186} INFO - Started process (PID=5388) to work on /opt/airflow/dags/dag2.py
[2026-04-22T17:39:36.933+0000] {processor.py:914} INFO - Processing file /opt/airflow/dags/dag2.py for tasks to queue
[2026-04-22T17:39:36.935+0000] {logging_mixin.py:190} INFO - [2026-04-22T17:39:36.934+0000] {dagbag.py:588} INFO - Filling up the DagBag from /opt/airflow/dags/dag2.py
[2026-04-22T17:39:36.945+0000] {processor.py:925} INFO - DAG(s) 'data_pipeline' retrieved from /opt/airflow/dags/dag2.py
[2026-04-22T17:39:36.968+0000] {logging_mixin.py:190} INFO - [2026-04-22T17:39:36.968+0000] {dag.py:3239} INFO - Sync 1 DAGs
[2026-04-22T17:39:37.116+0000] {logging_mixin.py:190} INFO - [2026-04-22T17:39:37.116+0000] {dag.py:4180} INFO - Setting next_dagrun for data_pipeline to 2026-04-22 15:30:00+00:00, run_after=2026-04-23 15:30:00+00:00
[2026-04-22T17:39:37.138+0000] {processor.py:208} INFO - Processing /opt/airflow/dags/dag2.py took 0.211 seconds
[2026-04-22T17:40:07.679+0000] {processor.py:186} INFO - Started process (PID=5409) to work on /opt/airflow/dags/dag2.py
[2026-04-22T17:40:07.680+0000] {processor.py:914} INFO - Processing file /opt/airflow/dags/dag2.py for tasks to queue
[2026-04-22T17:40:07.681+0000] {logging_mixin.py:190} INFO - [2026-04-22T17:40:07.680+0000] {dagbag.py:588} INFO - Filling up the DagBag from /opt/airflow/dags/dag2.py
[2026-04-22T17:40:07.692+0000] {processor.py:925} INFO - DAG(s) 'data_pipeline' retrieved from /opt/airflow/dags/dag2.py
[2026-04-22T17:40:07.840+0000] {logging_mixin.py:190} INFO - [2026-04-22T17:40:07.840+0000] {dag.py:3239} INFO - Sync 1 DAGs
[2026-04-22T17:40:07.860+0000] {logging_mixin.py:190} INFO - [2026-04-22T17:40:07.860+0000] {dag.py:4180} INFO - Setting next_dagrun for data_pipeline to 2026-04-22 15:30:00+00:00, run_after=2026-04-23 15:30:00+00:00
[2026-04-22T17:40:07.881+0000] {processor.py:208} INFO - Processing /opt/airflow/dags/dag2.py took 0.208 seconds
[2026-04-22T17:40:38.218+0000] {processor.py:186} INFO - Started process (PID=5430) to work on /opt/airflow/dags/dag2.py
[2026-04-22T17:40:38.219+0000] {processor.py:914} INFO - Processing file /opt/airflow/dags/dag2.py for tasks to queue
[2026-04-22T17:40:38.220+0000] {logging_mixin.py:190} INFO - [2026-04-22T17:40:38.219+0000] {dagbag.py:588} INFO - Filling up the DagBag from /opt/airflow/dags/dag2.py
[2026-04-22T17:40:38.231+0000] {processor.py:925} INFO - DAG(s) 'data_pipeline' retrieved from /opt/airflow/dags/dag2.py
[2026-04-22T17:40:38.254+0000] {logging_mixin.py:190} INFO - [2026-04-22T17:40:38.253+0000] {dag.py:3239} INFO - Sync 1 DAGs
[2026-04-22T17:40:38.281+0000] {logging_mixin.py:190} INFO - [2026-04-22T17:40:38.281+0000] {dag.py:4180} INFO - Setting next_dagrun for data_pipeline to 2026-04-22 15:30:00+00:00, run_after=2026-04-23 15:30:00+00:00
[2026-04-22T17:40:38.303+0000] {processor.py:208} INFO - Processing /opt/airflow/dags/dag2.py took 0.091 seconds
[2026-04-22T17:41:08.921+0000] {processor.py:186} INFO - Started process (PID=5451) to work on /opt/airflow/dags/dag2.py
[2026-04-22T17:41:08.923+0000] {processor.py:914} INFO - Processing file /opt/airflow/dags/dag2.py for tasks to queue
[2026-04-22T17:41:08.925+0000] {logging_mixin.py:190} INFO - [2026-04-22T17:41:08.924+0000] {dagbag.py:588} INFO - Filling up the DagBag from /opt/airflow/dags/dag2.py
[2026-04-22T17:41:08.951+0000] {processor.py:925} INFO - DAG(s) 'data_pipeline' retrieved from /opt/airflow/dags/dag2.py
[2026-04-22T17:41:09.007+0000] {logging_mixin.py:190} INFO - [2026-04-22T17:41:09.006+0000] {dag.py:3239} INFO - Sync 1 DAGs
[2026-04-22T17:41:09.051+0000] {logging_mixin.py:190} INFO - [2026-04-22T17:41:09.051+0000] {dag.py:4180} INFO - Setting next_dagrun for data_pipeline to 2026-04-22 15:30:00+00:00, run_after=2026-04-23 15:30:00+00:00
[2026-04-22T17:41:09.068+0000] {processor.py:208} INFO - Processing /opt/airflow/dags/dag2.py took 0.161 seconds
[2026-04-22T17:41:39.494+0000] {processor.py:186} INFO - Started process (PID=5472) to work on /opt/airflow/dags/dag2.py
[2026-04-22T17:41:39.495+0000] {processor.py:914} INFO - Processing file /opt/airflow/dags/dag2.py for tasks to queue
[2026-04-22T17:41:39.497+0000] {logging_mixin.py:190} INFO - [2026-04-22T17:41:39.496+0000] {dagbag.py:588} INFO - Filling up the DagBag from /opt/airflow/dags/dag2.py
[2026-04-22T17:41:39.514+0000] {processor.py:925} INFO - DAG(s) 'data_pipeline' retrieved from /opt/airflow/dags/dag2.py
[2026-04-22T17:41:39.549+0000] {logging_mixin.py:190} INFO - [2026-04-22T17:41:39.548+0000] {dag.py:3239} INFO - Sync 1 DAGs
[2026-04-22T17:41:39.584+0000] {logging_mixin.py:190} INFO - [2026-04-22T17:41:39.584+0000] {dag.py:4180} INFO - Setting next_dagrun for data_pipeline to 2026-04-22 15:30:00+00:00, run_after=2026-04-23 15:30:00+00:00
[2026-04-22T17:41:39.615+0000] {processor.py:208} INFO - Processing /opt/airflow/dags/dag2.py took 0.129 seconds
[2026-04-22T17:42:10.248+0000] {processor.py:186} INFO - Started process (PID=5493) to work on /opt/airflow/dags/dag2.py
[2026-04-22T17:42:10.249+0000] {processor.py:914} INFO - Processing file /opt/airflow/dags/dag2.py for tasks to queue
[2026-04-22T17:42:10.250+0000] {logging_mixin.py:190} INFO - [2026-04-22T17:42:10.250+0000] {dagbag.py:588} INFO - Filling up the DagBag from /opt/airflow/dags/dag2.py
[2026-04-22T17:42:10.262+0000] {processor.py:925} INFO - DAG(s) 'data_pipeline' retrieved from /opt/airflow/dags/dag2.py
[2026-04-22T17:42:10.285+0000] {logging_mixin.py:190} INFO - [2026-04-22T17:42:10.285+0000] {dag.py:3239} INFO - Sync 1 DAGs
[2026-04-22T17:42:10.426+0000] {logging_mixin.py:190} INFO - [2026-04-22T17:42:10.426+0000] {dag.py:4180} INFO - Setting next_dagrun for data_pipeline to 2026-04-22 15:30:00+00:00, run_after=2026-04-23 15:30:00+00:00
[2026-04-22T17:42:10.447+0000] {processor.py:208} INFO - Processing /opt/airflow/dags/dag2.py took 0.204 seconds
[2026-04-22T17:42:41.031+0000] {processor.py:186} INFO - Started process (PID=5514) to work on /opt/airflow/dags/dag2.py
[2026-04-22T17:42:41.031+0000] {processor.py:914} INFO - Processing file /opt/airflow/dags/dag2.py for tasks to queue
[2026-04-22T17:42:41.033+0000] {logging_mixin.py:190} INFO - [2026-04-22T17:42:41.033+0000] {dagbag.py:588} INFO - Filling up the DagBag from /opt/airflow/dags/dag2.py
[2026-04-22T17:42:41.044+0000] {processor.py:925} INFO - DAG(s) 'data_pipeline' retrieved from /opt/airflow/dags/dag2.py
[2026-04-22T17:42:41.066+0000] {logging_mixin.py:190} INFO - [2026-04-22T17:42:41.066+0000] {dag.py:3239} INFO - Sync 1 DAGs
[2026-04-22T17:42:41.210+0000] {logging_mixin.py:190} INFO - [2026-04-22T17:42:41.209+0000] {dag.py:4180} INFO - Setting next_dagrun for data_pipeline to 2026-04-22 15:30:00+00:00, run_after=2026-04-23 15:30:00+00:00
[2026-04-22T17:42:41.231+0000] {processor.py:208} INFO - Processing /opt/airflow/dags/dag2.py took 0.206 seconds
[2026-04-22T17:43:11.698+0000] {processor.py:186} INFO - Started process (PID=5535) to work on /opt/airflow/dags/dag2.py
[2026-04-22T17:43:11.699+0000] {processor.py:914} INFO - Processing file /opt/airflow/dags/dag2.py for tasks to queue
[2026-04-22T17:43:11.700+0000] {logging_mixin.py:190} INFO - [2026-04-22T17:43:11.700+0000] {dagbag.py:588} INFO - Filling up the DagBag from /opt/airflow/dags/dag2.py
[2026-04-22T17:43:11.711+0000] {processor.py:925} INFO - DAG(s) 'data_pipeline' retrieved from /opt/airflow/dags/dag2.py
[2026-04-22T17:43:11.735+0000] {logging_mixin.py:190} INFO - [2026-04-22T17:43:11.735+0000] {dag.py:3239} INFO - Sync 1 DAGs
[2026-04-22T17:43:11.761+0000] {logging_mixin.py:190} INFO - [2026-04-22T17:43:11.761+0000] {dag.py:4180} INFO - Setting next_dagrun for data_pipeline to 2026-04-22 15:30:00+00:00, run_after=2026-04-23 15:30:00+00:00
[2026-04-22T17:43:11.778+0000] {processor.py:208} INFO - Processing /opt/airflow/dags/dag2.py took 0.086 seconds
[2026-04-22T17:43:42.334+0000] {processor.py:186} INFO - Started process (PID=5556) to work on /opt/airflow/dags/dag2.py
[2026-04-22T17:43:42.335+0000] {processor.py:914} INFO - Processing file /opt/airflow/dags/dag2.py for tasks to queue
[2026-04-22T17:43:42.336+0000] {logging_mixin.py:190} INFO - [2026-04-22T17:43:42.336+0000] {dagbag.py:588} INFO - Filling up the DagBag from /opt/airflow/dags/dag2.py
[2026-04-22T17:43:42.350+0000] {processor.py:925} INFO - DAG(s) 'data_pipeline' retrieved from /opt/airflow/dags/dag2.py
[2026-04-22T17:43:42.379+0000] {logging_mixin.py:190} INFO - [2026-04-22T17:43:42.379+0000] {dag.py:3239} INFO - Sync 1 DAGs
[2026-04-22T17:43:42.412+0000] {logging_mixin.py:190} INFO - [2026-04-22T17:43:42.412+0000] {dag.py:4180} INFO - Setting next_dagrun for data_pipeline to 2026-04-22 15:30:00+00:00, run_after=2026-04-23 15:30:00+00:00
[2026-04-22T17:43:42.433+0000] {processor.py:208} INFO - Processing /opt/airflow/dags/dag2.py took 0.108 seconds
[2026-04-22T17:44:12.955+0000] {processor.py:186} INFO - Started process (PID=5577) to work on /opt/airflow/dags/dag2.py
[2026-04-22T17:44:12.956+0000] {processor.py:914} INFO - Processing file /opt/airflow/dags/dag2.py for tasks to queue
[2026-04-22T17:44:12.957+0000] {logging_mixin.py:190} INFO - [2026-04-22T17:44:12.957+0000] {dagbag.py:588} INFO - Filling up the DagBag from /opt/airflow/dags/dag2.py
[2026-04-22T17:44:12.970+0000] {processor.py:925} INFO - DAG(s) 'data_pipeline' retrieved from /opt/airflow/dags/dag2.py
[2026-04-22T17:44:13.000+0000] {logging_mixin.py:190} INFO - [2026-04-22T17:44:13.000+0000] {dag.py:3239} INFO - Sync 1 DAGs
[2026-04-22T17:44:13.037+0000] {logging_mixin.py:190} INFO - [2026-04-22T17:44:13.037+0000] {dag.py:4180} INFO - Setting next_dagrun for data_pipeline to 2026-04-22 15:30:00+00:00, run_after=2026-04-23 15:30:00+00:00
[2026-04-22T17:44:13.062+0000] {processor.py:208} INFO - Processing /opt/airflow/dags/dag2.py took 0.114 seconds
[2026-04-22T17:44:43.847+0000] {processor.py:186} INFO - Started process (PID=5598) to work on /opt/airflow/dags/dag2.py
[2026-04-22T17:44:43.848+0000] {processor.py:914} INFO - Processing file /opt/airflow/dags/dag2.py for tasks to queue
[2026-04-22T17:44:43.849+0000] {logging_mixin.py:190} INFO - [2026-04-22T17:44:43.848+0000] {dagbag.py:588} INFO - Filling up the DagBag from /opt/airflow/dags/dag2.py
[2026-04-22T17:44:43.859+0000] {processor.py:925} INFO - DAG(s) 'data_pipeline' retrieved from /opt/airflow/dags/dag2.py
[2026-04-22T17:44:43.882+0000] {logging_mixin.py:190} INFO - [2026-04-22T17:44:43.882+0000] {dag.py:3239} INFO - Sync 1 DAGs
[2026-04-22T17:44:43.908+0000] {logging_mixin.py:190} INFO - [2026-04-22T17:44:43.907+0000] {dag.py:4180} INFO - Setting next_dagrun for data_pipeline to 2026-04-22 15:30:00+00:00, run_after=2026-04-23 15:30:00+00:00
[2026-04-22T17:44:44.063+0000] {processor.py:208} INFO - Processing /opt/airflow/dags/dag2.py took 0.222 seconds
[2026-04-22T17:45:14.485+0000] {processor.py:186} INFO - Started process (PID=5619) to work on /opt/airflow/dags/dag2.py
[2026-04-22T17:45:14.486+0000] {processor.py:914} INFO - Processing file /opt/airflow/dags/dag2.py for tasks to queue
[2026-04-22T17:45:14.486+0000] {logging_mixin.py:190} INFO - [2026-04-22T17:45:14.486+0000] {dagbag.py:588} INFO - Filling up the DagBag from /opt/airflow/dags/dag2.py
[2026-04-22T17:45:14.497+0000] {processor.py:925} INFO - DAG(s) 'data_pipeline' retrieved from /opt/airflow/dags/dag2.py
[2026-04-22T17:45:14.518+0000] {logging_mixin.py:190} INFO - [2026-04-22T17:45:14.518+0000] {dag.py:3239} INFO - Sync 1 DAGs
[2026-04-22T17:45:14.655+0000] {logging_mixin.py:190} INFO - [2026-04-22T17:45:14.654+0000] {dag.py:4180} INFO - Setting next_dagrun for data_pipeline to 2026-04-22 15:30:00+00:00, run_after=2026-04-23 15:30:00+00:00
[2026-04-22T17:45:14.676+0000] {processor.py:208} INFO - Processing /opt/airflow/dags/dag2.py took 0.196 seconds
[2026-04-22T17:45:45.255+0000] {processor.py:186} INFO - Started process (PID=5640) to work on /opt/airflow/dags/dag2.py
[2026-04-22T17:45:45.255+0000] {processor.py:914} INFO - Processing file /opt/airflow/dags/dag2.py for tasks to queue
[2026-04-22T17:45:45.257+0000] {logging_mixin.py:190} INFO - [2026-04-22T17:45:45.257+0000] {dagbag.py:588} INFO - Filling up the DagBag from /opt/airflow/dags/dag2.py
[2026-04-22T17:45:45.270+0000] {processor.py:925} INFO - DAG(s) 'data_pipeline' retrieved from /opt/airflow/dags/dag2.py
[2026-04-22T17:45:45.294+0000] {logging_mixin.py:190} INFO - [2026-04-22T17:45:45.294+0000] {dag.py:3239} INFO - Sync 1 DAGs
[2026-04-22T17:45:45.434+0000] {logging_mixin.py:190} INFO - [2026-04-22T17:45:45.434+0000] {dag.py:4180} INFO - Setting next_dagrun for data_pipeline to 2026-04-22 15:30:00+00:00, run_after=2026-04-23 15:30:00+00:00
[2026-04-22T17:45:45.455+0000] {processor.py:208} INFO - Processing /opt/airflow/dags/dag2.py took 0.206 seconds
[2026-04-22T17:46:15.986+0000] {processor.py:186} INFO - Started process (PID=5661) to work on /opt/airflow/dags/dag2.py
[2026-04-22T17:46:15.994+0000] {processor.py:914} INFO - Processing file /opt/airflow/dags/dag2.py for tasks to queue
[2026-04-22T17:46:16.000+0000] {logging_mixin.py:190} INFO - [2026-04-22T17:46:15.999+0000] {dagbag.py:588} INFO - Filling up the DagBag from /opt/airflow/dags/dag2.py
[2026-04-22T17:46:16.040+0000] {processor.py:925} INFO - DAG(s) 'data_pipeline' retrieved from /opt/airflow/dags/dag2.py
[2026-04-22T17:46:16.125+0000] {logging_mixin.py:190} INFO - [2026-04-22T17:46:16.125+0000] {dag.py:3239} INFO - Sync 1 DAGs
[2026-04-22T17:46:16.215+0000] {logging_mixin.py:190} INFO - [2026-04-22T17:46:16.214+0000] {dag.py:4180} INFO - Setting next_dagrun for data_pipeline to 2026-04-22 15:30:00+00:00, run_after=2026-04-23 15:30:00+00:00
[2026-04-22T17:46:16.276+0000] {processor.py:208} INFO - Processing /opt/airflow/dags/dag2.py took 0.318 seconds
[2026-04-22T17:46:46.688+0000] {processor.py:186} INFO - Started process (PID=5682) to work on /opt/airflow/dags/dag2.py
[2026-04-22T17:46:46.690+0000] {processor.py:914} INFO - Processing file /opt/airflow/dags/dag2.py for tasks to queue
[2026-04-22T17:46:46.696+0000] {logging_mixin.py:190} INFO - [2026-04-22T17:46:46.694+0000] {dagbag.py:588} INFO - Filling up the DagBag from /opt/airflow/dags/dag2.py
[2026-04-22T17:46:46.737+0000] {processor.py:925} INFO - DAG(s) 'data_pipeline' retrieved from /opt/airflow/dags/dag2.py
[2026-04-22T17:46:46.819+0000] {logging_mixin.py:190} INFO - [2026-04-22T17:46:46.819+0000] {dag.py:3239} INFO - Sync 1 DAGs
[2026-04-22T17:46:46.899+0000] {logging_mixin.py:190} INFO - [2026-04-22T17:46:46.898+0000] {dag.py:4180} INFO - Setting next_dagrun for data_pipeline to 2026-04-22 15:30:00+00:00, run_after=2026-04-23 15:30:00+00:00
[2026-04-22T17:46:46.955+0000] {processor.py:208} INFO - Processing /opt/airflow/dags/dag2.py took 0.289 seconds
[2026-04-22T17:47:17.404+0000] {processor.py:186} INFO - Started process (PID=5703) to work on /opt/airflow/dags/dag2.py
[2026-04-22T17:47:17.413+0000] {processor.py:914} INFO - Processing file /opt/airflow/dags/dag2.py for tasks to queue
[2026-04-22T17:47:17.416+0000] {logging_mixin.py:190} INFO - [2026-04-22T17:47:17.415+0000] {dagbag.py:588} INFO - Filling up the DagBag from /opt/airflow/dags/dag2.py
[2026-04-22T17:47:17.457+0000] {processor.py:925} INFO - DAG(s) 'data_pipeline' retrieved from /opt/airflow/dags/dag2.py
[2026-04-22T17:47:17.538+0000] {logging_mixin.py:190} INFO - [2026-04-22T17:47:17.537+0000] {dag.py:3239} INFO - Sync 1 DAGs
[2026-04-22T17:47:17.625+0000] {logging_mixin.py:190} INFO - [2026-04-22T17:47:17.624+0000] {dag.py:4180} INFO - Setting next_dagrun for data_pipeline to 2026-04-22 15:30:00+00:00, run_after=2026-04-23 15:30:00+00:00
[2026-04-22T17:47:17.688+0000] {processor.py:208} INFO - Processing /opt/airflow/dags/dag2.py took 0.305 seconds
[2026-04-22T17:47:48.262+0000] {processor.py:186} INFO - Started process (PID=5724) to work on /opt/airflow/dags/dag2.py
[2026-04-22T17:47:48.263+0000] {processor.py:914} INFO - Processing file /opt/airflow/dags/dag2.py for tasks to queue
[2026-04-22T17:47:48.264+0000] {logging_mixin.py:190} INFO - [2026-04-22T17:47:48.263+0000] {dagbag.py:588} INFO - Filling up the DagBag from /opt/airflow/dags/dag2.py
[2026-04-22T17:47:48.274+0000] {processor.py:925} INFO - DAG(s) 'data_pipeline' retrieved from /opt/airflow/dags/dag2.py
[2026-04-22T17:47:48.296+0000] {logging_mixin.py:190} INFO - [2026-04-22T17:47:48.296+0000] {dag.py:3239} INFO - Sync 1 DAGs
[2026-04-22T17:47:48.437+0000] {logging_mixin.py:190} INFO - [2026-04-22T17:47:48.437+0000] {dag.py:4180} INFO - Setting next_dagrun for data_pipeline to 2026-04-22 15:30:00+00:00, run_after=2026-04-23 15:30:00+00:00
[2026-04-22T17:47:48.453+0000] {processor.py:208} INFO - Processing /opt/airflow/dags/dag2.py took 0.196 seconds
[2026-04-22T17:48:19.022+0000] {processor.py:186} INFO - Started process (PID=5745) to work on /opt/airflow/dags/dag2.py
[2026-04-22T17:48:19.023+0000] {processor.py:914} INFO - Processing file /opt/airflow/dags/dag2.py for tasks to queue
[2026-04-22T17:48:19.025+0000] {logging_mixin.py:190} INFO - [2026-04-22T17:48:19.024+0000] {dagbag.py:588} INFO - Filling up the DagBag from /opt/airflow/dags/dag2.py
[2026-04-22T17:48:19.043+0000] {processor.py:925} INFO - DAG(s) 'data_pipeline' retrieved from /opt/airflow/dags/dag2.py
[2026-04-22T17:48:19.131+0000] {logging_mixin.py:190} INFO - [2026-04-22T17:48:19.130+0000] {dag.py:3239} INFO - Sync 1 DAGs
[2026-04-22T17:48:19.436+0000] {logging_mixin.py:190} INFO - [2026-04-22T17:48:19.435+0000] {dag.py:4180} INFO - Setting next_dagrun for data_pipeline to 2026-04-22 15:30:00+00:00, run_after=2026-04-23 15:30:00+00:00
[2026-04-22T17:48:19.460+0000] {processor.py:208} INFO - Processing /opt/airflow/dags/dag2.py took 0.446 seconds
[2026-04-22T17:48:49.766+0000] {processor.py:186} INFO - Started process (PID=5766) to work on /opt/airflow/dags/dag2.py
[2026-04-22T17:48:49.767+0000] {processor.py:914} INFO - Processing file /opt/airflow/dags/dag2.py for tasks to queue
[2026-04-22T17:48:49.768+0000] {logging_mixin.py:190} INFO - [2026-04-22T17:48:49.767+0000] {dagbag.py:588} INFO - Filling up the DagBag from /opt/airflow/dags/dag2.py
[2026-04-22T17:48:49.781+0000] {processor.py:925} INFO - DAG(s) 'data_pipeline' retrieved from /opt/airflow/dags/dag2.py
[2026-04-22T17:48:50.085+0000] {logging_mixin.py:190} INFO - [2026-04-22T17:48:50.085+0000] {dag.py:3239} INFO - Sync 1 DAGs
[2026-04-22T17:48:50.105+0000] {logging_mixin.py:190} INFO - [2026-04-22T17:48:50.105+0000] {dag.py:4180} INFO - Setting next_dagrun for data_pipeline to 2026-04-22 15:30:00+00:00, run_after=2026-04-23 15:30:00+00:00
[2026-04-22T17:48:50.122+0000] {processor.py:208} INFO - Processing /opt/airflow/dags/dag2.py took 0.363 seconds
[2026-04-22T17:49:20.486+0000] {processor.py:186} INFO - Started process (PID=5787) to work on /opt/airflow/dags/dag2.py
[2026-04-22T17:49:20.494+0000] {processor.py:914} INFO - Processing file /opt/airflow/dags/dag2.py for tasks to queue
[2026-04-22T17:49:20.499+0000] {logging_mixin.py:190} INFO - [2026-04-22T17:49:20.497+0000] {dagbag.py:588} INFO - Filling up the DagBag from /opt/airflow/dags/dag2.py
[2026-04-22T17:49:20.537+0000] {processor.py:925} INFO - DAG(s) 'data_pipeline' retrieved from /opt/airflow/dags/dag2.py
[2026-04-22T17:49:20.617+0000] {logging_mixin.py:190} INFO - [2026-04-22T17:49:20.616+0000] {dag.py:3239} INFO - Sync 1 DAGs
[2026-04-22T17:49:20.700+0000] {logging_mixin.py:190} INFO - [2026-04-22T17:49:20.699+0000] {dag.py:4180} INFO - Setting next_dagrun for data_pipeline to 2026-04-22 15:30:00+00:00, run_after=2026-04-23 15:30:00+00:00
[2026-04-22T17:49:20.738+0000] {processor.py:208} INFO - Processing /opt/airflow/dags/dag2.py took 0.274 seconds
[2026-04-22T17:49:51.186+0000] {processor.py:186} INFO - Started process (PID=5808) to work on /opt/airflow/dags/dag2.py
[2026-04-22T17:49:51.190+0000] {processor.py:914} INFO - Processing file /opt/airflow/dags/dag2.py for tasks to queue
[2026-04-22T17:49:51.194+0000] {logging_mixin.py:190} INFO - [2026-04-22T17:49:51.193+0000] {dagbag.py:588} INFO - Filling up the DagBag from /opt/airflow/dags/dag2.py
[2026-04-22T17:49:51.230+0000] {processor.py:925} INFO - DAG(s) 'data_pipeline' retrieved from /opt/airflow/dags/dag2.py
[2026-04-22T17:49:51.307+0000] {logging_mixin.py:190} INFO - [2026-04-22T17:49:51.307+0000] {dag.py:3239} INFO - Sync 1 DAGs
[2026-04-22T17:49:51.400+0000] {logging_mixin.py:190} INFO - [2026-04-22T17:49:51.399+0000] {dag.py:4180} INFO - Setting next_dagrun for data_pipeline to 2026-04-22 15:30:00+00:00, run_after=2026-04-23 15:30:00+00:00
[2026-04-22T17:49:51.468+0000] {processor.py:208} INFO - Processing /opt/airflow/dags/dag2.py took 0.303 seconds
[2026-04-22T17:50:22.146+0000] {processor.py:186} INFO - Started process (PID=5829) to work on /opt/airflow/dags/dag2.py
[2026-04-22T17:50:22.153+0000] {processor.py:914} INFO - Processing file /opt/airflow/dags/dag2.py for tasks to queue
[2026-04-22T17:50:22.154+0000] {logging_mixin.py:190} INFO - [2026-04-22T17:50:22.154+0000] {dagbag.py:588} INFO - Filling up the DagBag from /opt/airflow/dags/dag2.py
[2026-04-22T17:50:22.169+0000] {processor.py:925} INFO - DAG(s) 'data_pipeline' retrieved from /opt/airflow/dags/dag2.py
[2026-04-22T17:50:22.237+0000] {logging_mixin.py:190} INFO - [2026-04-22T17:50:22.237+0000] {dag.py:3239} INFO - Sync 1 DAGs
[2026-04-22T17:50:22.333+0000] {logging_mixin.py:190} INFO - [2026-04-22T17:50:22.332+0000] {dag.py:4180} INFO - Setting next_dagrun for data_pipeline to 2026-04-22 15:30:00+00:00, run_after=2026-04-23 15:30:00+00:00
[2026-04-22T17:50:22.650+0000] {processor.py:208} INFO - Processing /opt/airflow/dags/dag2.py took 0.510 seconds
[2026-04-22T17:50:52.693+0000] {processor.py:186} INFO - Started process (PID=5850) to work on /opt/airflow/dags/dag2.py
[2026-04-22T17:50:52.694+0000] {processor.py:914} INFO - Processing file /opt/airflow/dags/dag2.py for tasks to queue
[2026-04-22T17:50:52.695+0000] {logging_mixin.py:190} INFO - [2026-04-22T17:50:52.695+0000] {dagbag.py:588} INFO - Filling up the DagBag from /opt/airflow/dags/dag2.py
[2026-04-22T17:50:52.708+0000] {processor.py:925} INFO - DAG(s) 'data_pipeline' retrieved from /opt/airflow/dags/dag2.py
[2026-04-22T17:50:52.732+0000] {logging_mixin.py:190} INFO - [2026-04-22T17:50:52.732+0000] {dag.py:3239} INFO - Sync 1 DAGs
[2026-04-22T17:50:52.878+0000] {logging_mixin.py:190} INFO - [2026-04-22T17:50:52.878+0000] {dag.py:4180} INFO - Setting next_dagrun for data_pipeline to 2026-04-22 15:30:00+00:00, run_after=2026-04-23 15:30:00+00:00
[2026-04-22T17:50:52.900+0000] {processor.py:208} INFO - Processing /opt/airflow/dags/dag2.py took 0.213 seconds
[2026-04-22T17:51:23.185+0000] {processor.py:186} INFO - Started process (PID=5871) to work on /opt/airflow/dags/dag2.py
[2026-04-22T17:51:23.186+0000] {processor.py:914} INFO - Processing file /opt/airflow/dags/dag2.py for tasks to queue
[2026-04-22T17:51:23.187+0000] {logging_mixin.py:190} INFO - [2026-04-22T17:51:23.186+0000] {dagbag.py:588} INFO - Filling up the DagBag from /opt/airflow/dags/dag2.py
[2026-04-22T17:51:23.198+0000] {processor.py:925} INFO - DAG(s) 'data_pipeline' retrieved from /opt/airflow/dags/dag2.py
[2026-04-22T17:51:23.223+0000] {logging_mixin.py:190} INFO - [2026-04-22T17:51:23.223+0000] {dag.py:3239} INFO - Sync 1 DAGs
[2026-04-22T17:51:23.357+0000] {logging_mixin.py:190} INFO - [2026-04-22T17:51:23.357+0000] {dag.py:4180} INFO - Setting next_dagrun for data_pipeline to 2026-04-22 15:30:00+00:00, run_after=2026-04-23 15:30:00+00:00
[2026-04-22T17:51:23.379+0000] {processor.py:208} INFO - Processing /opt/airflow/dags/dag2.py took 0.199 seconds
[2026-04-22T17:51:53.559+0000] {processor.py:186} INFO - Started process (PID=5892) to work on /opt/airflow/dags/dag2.py
[2026-04-22T17:51:53.560+0000] {processor.py:914} INFO - Processing file /opt/airflow/dags/dag2.py for tasks to queue
[2026-04-22T17:51:53.561+0000] {logging_mixin.py:190} INFO - [2026-04-22T17:51:53.561+0000] {dagbag.py:588} INFO - Filling up the DagBag from /opt/airflow/dags/dag2.py
[2026-04-22T17:51:53.573+0000] {processor.py:925} INFO - DAG(s) 'data_pipeline' retrieved from /opt/airflow/dags/dag2.py
[2026-04-22T17:51:53.599+0000] {logging_mixin.py:190} INFO - [2026-04-22T17:51:53.599+0000] {dag.py:3239} INFO - Sync 1 DAGs
[2026-04-22T17:51:53.627+0000] {logging_mixin.py:190} INFO - [2026-04-22T17:51:53.627+0000] {dag.py:4180} INFO - Setting next_dagrun for data_pipeline to 2026-04-22 15:30:00+00:00, run_after=2026-04-23 15:30:00+00:00
[2026-04-22T17:51:53.643+0000] {processor.py:208} INFO - Processing /opt/airflow/dags/dag2.py took 0.090 seconds
[2026-04-22T17:52:23.973+0000] {processor.py:186} INFO - Started process (PID=5912) to work on /opt/airflow/dags/dag2.py
[2026-04-22T17:52:23.974+0000] {processor.py:914} INFO - Processing file /opt/airflow/dags/dag2.py for tasks to queue
[2026-04-22T17:52:23.976+0000] {logging_mixin.py:190} INFO - [2026-04-22T17:52:23.976+0000] {dagbag.py:588} INFO - Filling up the DagBag from /opt/airflow/dags/dag2.py
[2026-04-22T17:52:23.986+0000] {processor.py:925} INFO - DAG(s) 'data_pipeline' retrieved from /opt/airflow/dags/dag2.py
[2026-04-22T17:52:24.009+0000] {logging_mixin.py:190} INFO - [2026-04-22T17:52:24.009+0000] {dag.py:3239} INFO - Sync 1 DAGs
[2026-04-22T17:52:24.033+0000] {logging_mixin.py:190} INFO - [2026-04-22T17:52:24.032+0000] {dag.py:4180} INFO - Setting next_dagrun for data_pipeline to 2026-04-22 15:30:00+00:00, run_after=2026-04-23 15:30:00+00:00
[2026-04-22T17:52:24.051+0000] {processor.py:208} INFO - Processing /opt/airflow/dags/dag2.py took 0.082 seconds
[2026-04-22T17:52:54.391+0000] {processor.py:186} INFO - Started process (PID=5933) to work on /opt/airflow/dags/dag2.py
[2026-04-22T17:52:54.392+0000] {processor.py:914} INFO - Processing file /opt/airflow/dags/dag2.py for tasks to queue
[2026-04-22T17:52:54.393+0000] {logging_mixin.py:190} INFO - [2026-04-22T17:52:54.393+0000] {dagbag.py:588} INFO - Filling up the DagBag from /opt/airflow/dags/dag2.py
[2026-04-22T17:52:54.404+0000] {processor.py:925} INFO - DAG(s) 'data_pipeline' retrieved from /opt/airflow/dags/dag2.py
[2026-04-22T17:52:54.429+0000] {logging_mixin.py:190} INFO - [2026-04-22T17:52:54.429+0000] {dag.py:3239} INFO - Sync 1 DAGs
[2026-04-22T17:52:54.457+0000] {logging_mixin.py:190} INFO - [2026-04-22T17:52:54.456+0000] {dag.py:4180} INFO - Setting next_dagrun for data_pipeline to 2026-04-22 15:30:00+00:00, run_after=2026-04-23 15:30:00+00:00
[2026-04-22T17:52:54.474+0000] {processor.py:208} INFO - Processing /opt/airflow/dags/dag2.py took 0.089 seconds
[2026-04-22T17:53:24.930+0000] {processor.py:186} INFO - Started process (PID=5953) to work on /opt/airflow/dags/dag2.py
[2026-04-22T17:53:24.932+0000] {processor.py:914} INFO - Processing file /opt/airflow/dags/dag2.py for tasks to queue
[2026-04-22T17:53:24.933+0000] {logging_mixin.py:190} INFO - [2026-04-22T17:53:24.933+0000] {dagbag.py:588} INFO - Filling up the DagBag from /opt/airflow/dags/dag2.py
[2026-04-22T17:53:24.943+0000] {processor.py:925} INFO - DAG(s) 'data_pipeline' retrieved from /opt/airflow/dags/dag2.py
[2026-04-22T17:53:24.965+0000] {logging_mixin.py:190} INFO - [2026-04-22T17:53:24.965+0000] {dag.py:3239} INFO - Sync 1 DAGs
[2026-04-22T17:53:24.990+0000] {logging_mixin.py:190} INFO - [2026-04-22T17:53:24.990+0000] {dag.py:4180} INFO - Setting next_dagrun for data_pipeline to 2026-04-22 15:30:00+00:00, run_after=2026-04-23 15:30:00+00:00
[2026-04-22T17:53:25.131+0000] {processor.py:208} INFO - Processing /opt/airflow/dags/dag2.py took 0.206 seconds
[2026-04-22T17:53:55.460+0000] {processor.py:186} INFO - Started process (PID=5974) to work on /opt/airflow/dags/dag2.py
[2026-04-22T17:53:55.461+0000] {processor.py:914} INFO - Processing file /opt/airflow/dags/dag2.py for tasks to queue
[2026-04-22T17:53:55.462+0000] {logging_mixin.py:190} INFO - [2026-04-22T17:53:55.462+0000] {dagbag.py:588} INFO - Filling up the DagBag from /opt/airflow/dags/dag2.py
[2026-04-22T17:53:55.473+0000] {processor.py:925} INFO - DAG(s) 'data_pipeline' retrieved from /opt/airflow/dags/dag2.py
[2026-04-22T17:53:55.497+0000] {logging_mixin.py:190} INFO - [2026-04-22T17:53:55.497+0000] {dag.py:3239} INFO - Sync 1 DAGs
[2026-04-22T17:53:55.646+0000] {logging_mixin.py:190} INFO - [2026-04-22T17:53:55.646+0000] {dag.py:4180} INFO - Setting next_dagrun for data_pipeline to 2026-04-22 15:30:00+00:00, run_after=2026-04-23 15:30:00+00:00
[2026-04-22T17:53:55.667+0000] {processor.py:208} INFO - Processing /opt/airflow/dags/dag2.py took 0.212 seconds
[2026-04-22T17:54:26.057+0000] {processor.py:186} INFO - Started process (PID=5995) to work on /opt/airflow/dags/dag2.py
[2026-04-22T17:54:26.060+0000] {processor.py:914} INFO - Processing file /opt/airflow/dags/dag2.py for tasks to queue
[2026-04-22T17:54:26.061+0000] {logging_mixin.py:190} INFO - [2026-04-22T17:54:26.060+0000] {dagbag.py:588} INFO - Filling up the DagBag from /opt/airflow/dags/dag2.py
[2026-04-22T17:54:26.071+0000] {processor.py:925} INFO - DAG(s) 'data_pipeline' retrieved from /opt/airflow/dags/dag2.py
[2026-04-22T17:54:26.211+0000] {logging_mixin.py:190} INFO - [2026-04-22T17:54:26.211+0000] {dag.py:3239} INFO - Sync 1 DAGs
[2026-04-22T17:54:26.233+0000] {logging_mixin.py:190} INFO - [2026-04-22T17:54:26.233+0000] {dag.py:4180} INFO - Setting next_dagrun for data_pipeline to 2026-04-22 15:30:00+00:00, run_after=2026-04-23 15:30:00+00:00
[2026-04-22T17:54:26.254+0000] {processor.py:208} INFO - Processing /opt/airflow/dags/dag2.py took 0.201 seconds
[2026-04-22T17:54:56.412+0000] {processor.py:186} INFO - Started process (PID=6016) to work on /opt/airflow/dags/dag2.py
[2026-04-22T17:54:56.413+0000] {processor.py:914} INFO - Processing file /opt/airflow/dags/dag2.py for tasks to queue
[2026-04-22T17:54:56.414+0000] {logging_mixin.py:190} INFO - [2026-04-22T17:54:56.413+0000] {dagbag.py:588} INFO - Filling up the DagBag from /opt/airflow/dags/dag2.py
[2026-04-22T17:54:56.424+0000] {processor.py:925} INFO - DAG(s) 'data_pipeline' retrieved from /opt/airflow/dags/dag2.py
[2026-04-22T17:54:56.448+0000] {logging_mixin.py:190} INFO - [2026-04-22T17:54:56.448+0000] {dag.py:3239} INFO - Sync 1 DAGs
[2026-04-22T17:54:56.472+0000] {logging_mixin.py:190} INFO - [2026-04-22T17:54:56.472+0000] {dag.py:4180} INFO - Setting next_dagrun for data_pipeline to 2026-04-22 15:30:00+00:00, run_after=2026-04-23 15:30:00+00:00
[2026-04-22T17:54:56.488+0000] {processor.py:208} INFO - Processing /opt/airflow/dags/dag2.py took 0.081 seconds
[2026-04-22T17:55:26.801+0000] {processor.py:186} INFO - Started process (PID=6037) to work on /opt/airflow/dags/dag2.py
[2026-04-22T17:55:26.803+0000] {processor.py:914} INFO - Processing file /opt/airflow/dags/dag2.py for tasks to queue
[2026-04-22T17:55:26.804+0000] {logging_mixin.py:190} INFO - [2026-04-22T17:55:26.804+0000] {dagbag.py:588} INFO - Filling up the DagBag from /opt/airflow/dags/dag2.py
[2026-04-22T17:55:26.815+0000] {processor.py:925} INFO - DAG(s) 'data_pipeline' retrieved from /opt/airflow/dags/dag2.py
[2026-04-22T17:55:26.838+0000] {logging_mixin.py:190} INFO - [2026-04-22T17:55:26.838+0000] {dag.py:3239} INFO - Sync 1 DAGs
[2026-04-22T17:55:26.863+0000] {logging_mixin.py:190} INFO - [2026-04-22T17:55:26.863+0000] {dag.py:4180} INFO - Setting next_dagrun for data_pipeline to 2026-04-22 15:30:00+00:00, run_after=2026-04-23 15:30:00+00:00
[2026-04-22T17:55:26.879+0000] {processor.py:208} INFO - Processing /opt/airflow/dags/dag2.py took 0.084 seconds
[2026-04-22T17:55:57.327+0000] {processor.py:186} INFO - Started process (PID=6058) to work on /opt/airflow/dags/dag2.py
[2026-04-22T17:55:57.328+0000] {processor.py:914} INFO - Processing file /opt/airflow/dags/dag2.py for tasks to queue
[2026-04-22T17:55:57.329+0000] {logging_mixin.py:190} INFO - [2026-04-22T17:55:57.328+0000] {dagbag.py:588} INFO - Filling up the DagBag from /opt/airflow/dags/dag2.py
[2026-04-22T17:55:57.339+0000] {processor.py:925} INFO - DAG(s) 'data_pipeline' retrieved from /opt/airflow/dags/dag2.py
[2026-04-22T17:55:57.367+0000] {logging_mixin.py:190} INFO - [2026-04-22T17:55:57.366+0000] {dag.py:3239} INFO - Sync 1 DAGs
[2026-04-22T17:55:57.392+0000] {logging_mixin.py:190} INFO - [2026-04-22T17:55:57.392+0000] {dag.py:4180} INFO - Setting next_dagrun for data_pipeline to 2026-04-22 15:30:00+00:00, run_after=2026-04-23 15:30:00+00:00
[2026-04-22T17:55:57.535+0000] {processor.py:208} INFO - Processing /opt/airflow/dags/dag2.py took 0.213 seconds
[2026-04-22T17:56:27.858+0000] {processor.py:186} INFO - Started process (PID=6079) to work on /opt/airflow/dags/dag2.py
[2026-04-22T17:56:27.859+0000] {processor.py:914} INFO - Processing file /opt/airflow/dags/dag2.py for tasks to queue
[2026-04-22T17:56:27.860+0000] {logging_mixin.py:190} INFO - [2026-04-22T17:56:27.860+0000] {dagbag.py:588} INFO - Filling up the DagBag from /opt/airflow/dags/dag2.py
[2026-04-22T17:56:27.871+0000] {processor.py:925} INFO - DAG(s) 'data_pipeline' retrieved from /opt/airflow/dags/dag2.py
[2026-04-22T17:56:27.896+0000] {logging_mixin.py:190} INFO - [2026-04-22T17:56:27.895+0000] {dag.py:3239} INFO - Sync 1 DAGs
[2026-04-22T17:56:28.046+0000] {logging_mixin.py:190} INFO - [2026-04-22T17:56:28.046+0000] {dag.py:4180} INFO - Setting next_dagrun for data_pipeline to 2026-04-22 15:30:00+00:00, run_after=2026-04-23 15:30:00+00:00
[2026-04-22T17:56:28.069+0000] {processor.py:208} INFO - Processing /opt/airflow/dags/dag2.py took 0.216 seconds
[2026-04-22T17:56:58.376+0000] {processor.py:186} INFO - Started process (PID=6100) to work on /opt/airflow/dags/dag2.py
[2026-04-22T17:56:58.377+0000] {processor.py:914} INFO - Processing file /opt/airflow/dags/dag2.py for tasks to queue
[2026-04-22T17:56:58.378+0000] {logging_mixin.py:190} INFO - [2026-04-22T17:56:58.377+0000] {dagbag.py:588} INFO - Filling up the DagBag from /opt/airflow/dags/dag2.py
[2026-04-22T17:56:58.388+0000] {processor.py:925} INFO - DAG(s) 'data_pipeline' retrieved from /opt/airflow/dags/dag2.py
[2026-04-22T17:56:58.417+0000] {logging_mixin.py:190} INFO - [2026-04-22T17:56:58.417+0000] {dag.py:3239} INFO - Sync 1 DAGs
[2026-04-22T17:56:58.556+0000] {logging_mixin.py:190} INFO - [2026-04-22T17:56:58.556+0000] {dag.py:4180} INFO - Setting next_dagrun for data_pipeline to 2026-04-22 15:30:00+00:00, run_after=2026-04-23 15:30:00+00:00
[2026-04-22T17:56:58.579+0000] {processor.py:208} INFO - Processing /opt/airflow/dags/dag2.py took 0.209 seconds
[2026-04-22T17:57:28.944+0000] {processor.py:186} INFO - Started process (PID=6121) to work on /opt/airflow/dags/dag2.py
[2026-04-22T17:57:28.945+0000] {processor.py:914} INFO - Processing file /opt/airflow/dags/dag2.py for tasks to queue
[2026-04-22T17:57:28.946+0000] {logging_mixin.py:190} INFO - [2026-04-22T17:57:28.946+0000] {dagbag.py:588} INFO - Filling up the DagBag from /opt/airflow/dags/dag2.py
[2026-04-22T17:57:28.957+0000] {processor.py:925} INFO - DAG(s) 'data_pipeline' retrieved from /opt/airflow/dags/dag2.py
[2026-04-22T17:57:29.103+0000] {logging_mixin.py:190} INFO - [2026-04-22T17:57:29.103+0000] {dag.py:3239} INFO - Sync 1 DAGs
[2026-04-22T17:57:29.127+0000] {logging_mixin.py:190} INFO - [2026-04-22T17:57:29.126+0000] {dag.py:4180} INFO - Setting next_dagrun for data_pipeline to 2026-04-22 15:30:00+00:00, run_after=2026-04-23 15:30:00+00:00
[2026-04-22T17:57:29.149+0000] {processor.py:208} INFO - Processing /opt/airflow/dags/dag2.py took 0.211 seconds
[2026-04-22T17:57:59.339+0000] {processor.py:186} INFO - Started process (PID=6142) to work on /opt/airflow/dags/dag2.py
[2026-04-22T17:57:59.340+0000] {processor.py:914} INFO - Processing file /opt/airflow/dags/dag2.py for tasks to queue
[2026-04-22T17:57:59.341+0000] {logging_mixin.py:190} INFO - [2026-04-22T17:57:59.340+0000] {dagbag.py:588} INFO - Filling up the DagBag from /opt/airflow/dags/dag2.py
[2026-04-22T17:57:59.353+0000] {processor.py:925} INFO - DAG(s) 'data_pipeline' retrieved from /opt/airflow/dags/dag2.py
[2026-04-22T17:57:59.375+0000] {logging_mixin.py:190} INFO - [2026-04-22T17:57:59.374+0000] {dag.py:3239} INFO - Sync 1 DAGs
[2026-04-22T17:57:59.400+0000] {logging_mixin.py:190} INFO - [2026-04-22T17:57:59.400+0000] {dag.py:4180} INFO - Setting next_dagrun for data_pipeline to 2026-04-22 15:30:00+00:00, run_after=2026-04-23 15:30:00+00:00
[2026-04-22T17:57:59.416+0000] {processor.py:208} INFO - Processing /opt/airflow/dags/dag2.py took 0.082 seconds
[2026-04-22T17:58:29.731+0000] {processor.py:186} INFO - Started process (PID=6163) to work on /opt/airflow/dags/dag2.py
[2026-04-22T17:58:29.731+0000] {processor.py:914} INFO - Processing file /opt/airflow/dags/dag2.py for tasks to queue
[2026-04-22T17:58:29.732+0000] {logging_mixin.py:190} INFO - [2026-04-22T17:58:29.732+0000] {dagbag.py:588} INFO - Filling up the DagBag from /opt/airflow/dags/dag2.py
[2026-04-22T17:58:29.746+0000] {processor.py:925} INFO - DAG(s) 'data_pipeline' retrieved from /opt/airflow/dags/dag2.py
[2026-04-22T17:58:29.771+0000] {logging_mixin.py:190} INFO - [2026-04-22T17:58:29.771+0000] {dag.py:3239} INFO - Sync 1 DAGs
[2026-04-22T17:58:29.796+0000] {logging_mixin.py:190} INFO - [2026-04-22T17:58:29.796+0000] {dag.py:4180} INFO - Setting next_dagrun for data_pipeline to 2026-04-22 15:30:00+00:00, run_after=2026-04-23 15:30:00+00:00
[2026-04-22T17:58:29.812+0000] {processor.py:208} INFO - Processing /opt/airflow/dags/dag2.py took 0.087 seconds
[2026-04-22T17:59:00.274+0000] {processor.py:186} INFO - Started process (PID=6184) to work on /opt/airflow/dags/dag2.py
[2026-04-22T17:59:00.277+0000] {processor.py:914} INFO - Processing file /opt/airflow/dags/dag2.py for tasks to queue
[2026-04-22T17:59:00.278+0000] {logging_mixin.py:190} INFO - [2026-04-22T17:59:00.278+0000] {dagbag.py:588} INFO - Filling up the DagBag from /opt/airflow/dags/dag2.py
[2026-04-22T17:59:00.291+0000] {processor.py:925} INFO - DAG(s) 'data_pipeline' retrieved from /opt/airflow/dags/dag2.py
[2026-04-22T17:59:00.313+0000] {logging_mixin.py:190} INFO - [2026-04-22T17:59:00.313+0000] {dag.py:3239} INFO - Sync 1 DAGs
[2026-04-22T17:59:00.339+0000] {logging_mixin.py:190} INFO - [2026-04-22T17:59:00.338+0000] {dag.py:4180} INFO - Setting next_dagrun for data_pipeline to 2026-04-22 15:30:00+00:00, run_after=2026-04-23 15:30:00+00:00
[2026-04-22T17:59:00.479+0000] {processor.py:208} INFO - Processing /opt/airflow/dags/dag2.py took 0.210 seconds
[2026-04-22T17:59:30.799+0000] {processor.py:186} INFO - Started process (PID=6205) to work on /opt/airflow/dags/dag2.py
[2026-04-22T17:59:30.800+0000] {processor.py:914} INFO - Processing file /opt/airflow/dags/dag2.py for tasks to queue
[2026-04-22T17:59:30.801+0000] {logging_mixin.py:190} INFO - [2026-04-22T17:59:30.801+0000] {dagbag.py:588} INFO - Filling up the DagBag from /opt/airflow/dags/dag2.py
[2026-04-22T17:59:30.812+0000] {processor.py:925} INFO - DAG(s) 'data_pipeline' retrieved from /opt/airflow/dags/dag2.py
[2026-04-22T17:59:30.835+0000] {logging_mixin.py:190} INFO - [2026-04-22T17:59:30.835+0000] {dag.py:3239} INFO - Sync 1 DAGs
[2026-04-22T17:59:30.987+0000] {logging_mixin.py:190} INFO - [2026-04-22T17:59:30.986+0000] {dag.py:4180} INFO - Setting next_dagrun for data_pipeline to 2026-04-22 15:30:00+00:00, run_after=2026-04-23 15:30:00+00:00
[2026-04-22T17:59:31.007+0000] {processor.py:208} INFO - Processing /opt/airflow/dags/dag2.py took 0.214 seconds
[2026-04-22T18:00:01.333+0000] {processor.py:186} INFO - Started process (PID=6226) to work on /opt/airflow/dags/dag2.py
[2026-04-22T18:00:01.334+0000] {processor.py:914} INFO - Processing file /opt/airflow/dags/dag2.py for tasks to queue
[2026-04-22T18:00:01.335+0000] {logging_mixin.py:190} INFO - [2026-04-22T18:00:01.335+0000] {dagbag.py:588} INFO - Filling up the DagBag from /opt/airflow/dags/dag2.py
[2026-04-22T18:00:01.349+0000] {processor.py:925} INFO - DAG(s) 'data_pipeline' retrieved from /opt/airflow/dags/dag2.py
[2026-04-22T18:00:01.490+0000] {logging_mixin.py:190} INFO - [2026-04-22T18:00:01.489+0000] {dag.py:3239} INFO - Sync 1 DAGs
[2026-04-22T18:00:01.511+0000] {logging_mixin.py:190} INFO - [2026-04-22T18:00:01.511+0000] {dag.py:4180} INFO - Setting next_dagrun for data_pipeline to 2026-04-22 15:30:00+00:00, run_after=2026-04-23 15:30:00+00:00
[2026-04-22T18:00:01.531+0000] {processor.py:208} INFO - Processing /opt/airflow/dags/dag2.py took 0.204 seconds
[2026-04-22T18:00:31.745+0000] {processor.py:186} INFO - Started process (PID=6247) to work on /opt/airflow/dags/dag2.py
[2026-04-22T18:00:31.746+0000] {processor.py:914} INFO - Processing file /opt/airflow/dags/dag2.py for tasks to queue
[2026-04-22T18:00:31.747+0000] {logging_mixin.py:190} INFO - [2026-04-22T18:00:31.747+0000] {dagbag.py:588} INFO - Filling up the DagBag from /opt/airflow/dags/dag2.py
[2026-04-22T18:00:31.758+0000] {processor.py:925} INFO - DAG(s) 'data_pipeline' retrieved from /opt/airflow/dags/dag2.py
[2026-04-22T18:00:31.784+0000] {logging_mixin.py:190} INFO - [2026-04-22T18:00:31.784+0000] {dag.py:3239} INFO - Sync 1 DAGs
[2026-04-22T18:00:31.809+0000] {logging_mixin.py:190} INFO - [2026-04-22T18:00:31.808+0000] {dag.py:4180} INFO - Setting next_dagrun for data_pipeline to 2026-04-22 15:30:00+00:00, run_after=2026-04-23 15:30:00+00:00
[2026-04-22T18:00:31.823+0000] {processor.py:208} INFO - Processing /opt/airflow/dags/dag2.py took 0.084 seconds
[2026-04-22T18:01:02.154+0000] {processor.py:186} INFO - Started process (PID=6268) to work on /opt/airflow/dags/dag2.py
[2026-04-22T18:01:02.155+0000] {processor.py:914} INFO - Processing file /opt/airflow/dags/dag2.py for tasks to queue
[2026-04-22T18:01:02.156+0000] {logging_mixin.py:190} INFO - [2026-04-22T18:01:02.156+0000] {dagbag.py:588} INFO - Filling up the DagBag from /opt/airflow/dags/dag2.py
[2026-04-22T18:01:02.169+0000] {processor.py:925} INFO - DAG(s) 'data_pipeline' retrieved from /opt/airflow/dags/dag2.py
[2026-04-22T18:01:02.192+0000] {logging_mixin.py:190} INFO - [2026-04-22T18:01:02.192+0000] {dag.py:3239} INFO - Sync 1 DAGs
[2026-04-22T18:01:02.217+0000] {logging_mixin.py:190} INFO - [2026-04-22T18:01:02.217+0000] {dag.py:4180} INFO - Setting next_dagrun for data_pipeline to 2026-04-22 15:30:00+00:00, run_after=2026-04-23 15:30:00+00:00
[2026-04-22T18:01:02.234+0000] {processor.py:208} INFO - Processing /opt/airflow/dags/dag2.py took 0.086 seconds
[2026-04-22T18:01:32.545+0000] {processor.py:186} INFO - Started process (PID=6289) to work on /opt/airflow/dags/dag2.py
[2026-04-22T18:01:32.546+0000] {processor.py:914} INFO - Processing file /opt/airflow/dags/dag2.py for tasks to queue
[2026-04-22T18:01:32.547+0000] {logging_mixin.py:190} INFO - [2026-04-22T18:01:32.547+0000] {dagbag.py:588} INFO - Filling up the DagBag from /opt/airflow/dags/dag2.py
[2026-04-22T18:01:32.560+0000] {processor.py:925} INFO - DAG(s) 'data_pipeline' retrieved from /opt/airflow/dags/dag2.py
[2026-04-22T18:01:32.584+0000] {logging_mixin.py:190} INFO - [2026-04-22T18:01:32.584+0000] {dag.py:3239} INFO - Sync 1 DAGs
[2026-04-22T18:01:32.611+0000] {logging_mixin.py:190} INFO - [2026-04-22T18:01:32.611+0000] {dag.py:4180} INFO - Setting next_dagrun for data_pipeline to 2026-04-22 15:30:00+00:00, run_after=2026-04-23 15:30:00+00:00
[2026-04-22T18:01:32.628+0000] {processor.py:208} INFO - Processing /opt/airflow/dags/dag2.py took 0.089 seconds
[2026-04-22T18:02:03.047+0000] {processor.py:186} INFO - Started process (PID=6310) to work on /opt/airflow/dags/dag2.py
[2026-04-22T18:02:03.048+0000] {processor.py:914} INFO - Processing file /opt/airflow/dags/dag2.py for tasks to queue
[2026-04-22T18:02:03.049+0000] {logging_mixin.py:190} INFO - [2026-04-22T18:02:03.049+0000] {dagbag.py:588} INFO - Filling up the DagBag from /opt/airflow/dags/dag2.py
[2026-04-22T18:02:03.060+0000] {processor.py:925} INFO - DAG(s) 'data_pipeline' retrieved from /opt/airflow/dags/dag2.py
[2026-04-22T18:02:03.082+0000] {logging_mixin.py:190} INFO - [2026-04-22T18:02:03.082+0000] {dag.py:3239} INFO - Sync 1 DAGs
[2026-04-22T18:02:03.222+0000] {logging_mixin.py:190} INFO - [2026-04-22T18:02:03.221+0000] {dag.py:4180} INFO - Setting next_dagrun for data_pipeline to 2026-04-22 15:30:00+00:00, run_after=2026-04-23 15:30:00+00:00
[2026-04-22T18:02:03.242+0000] {processor.py:208} INFO - Processing /opt/airflow/dags/dag2.py took 0.202 seconds
[2026-04-22T18:02:33.572+0000] {processor.py:186} INFO - Started process (PID=6331) to work on /opt/airflow/dags/dag2.py
[2026-04-22T18:02:33.573+0000] {processor.py:914} INFO - Processing file /opt/airflow/dags/dag2.py for tasks to queue
[2026-04-22T18:02:33.574+0000] {logging_mixin.py:190} INFO - [2026-04-22T18:02:33.574+0000] {dagbag.py:588} INFO - Filling up the DagBag from /opt/airflow/dags/dag2.py
[2026-04-22T18:02:33.585+0000] {processor.py:925} INFO - DAG(s) 'data_pipeline' retrieved from /opt/airflow/dags/dag2.py
[2026-04-22T18:02:33.611+0000] {logging_mixin.py:190} INFO - [2026-04-22T18:02:33.610+0000] {dag.py:3239} INFO - Sync 1 DAGs
[2026-04-22T18:02:33.748+0000] {logging_mixin.py:190} INFO - [2026-04-22T18:02:33.747+0000] {dag.py:4180} INFO - Setting next_dagrun for data_pipeline to 2026-04-22 15:30:00+00:00, run_after=2026-04-23 15:30:00+00:00
[2026-04-22T18:02:33.768+0000] {processor.py:208} INFO - Processing /opt/airflow/dags/dag2.py took 0.203 seconds
[2026-04-22T18:03:04.106+0000] {processor.py:186} INFO - Started process (PID=6352) to work on /opt/airflow/dags/dag2.py
[2026-04-22T18:03:04.107+0000] {processor.py:914} INFO - Processing file /opt/airflow/dags/dag2.py for tasks to queue
[2026-04-22T18:03:04.108+0000] {logging_mixin.py:190} INFO - [2026-04-22T18:03:04.107+0000] {dagbag.py:588} INFO - Filling up the DagBag from /opt/airflow/dags/dag2.py
[2026-04-22T18:03:04.121+0000] {processor.py:925} INFO - DAG(s) 'data_pipeline' retrieved from /opt/airflow/dags/dag2.py
[2026-04-22T18:03:04.260+0000] {logging_mixin.py:190} INFO - [2026-04-22T18:03:04.259+0000] {dag.py:3239} INFO - Sync 1 DAGs
[2026-04-22T18:03:04.280+0000] {logging_mixin.py:190} INFO - [2026-04-22T18:03:04.280+0000] {dag.py:4180} INFO - Setting next_dagrun for data_pipeline to 2026-04-22 15:30:00+00:00, run_after=2026-04-23 15:30:00+00:00
[2026-04-22T18:03:04.301+0000] {processor.py:208} INFO - Processing /opt/airflow/dags/dag2.py took 0.201 seconds
[2026-04-22T18:03:34.574+0000] {processor.py:186} INFO - Started process (PID=6371) to work on /opt/airflow/dags/dag2.py
[2026-04-22T18:03:34.574+0000] {processor.py:914} INFO - Processing file /opt/airflow/dags/dag2.py for tasks to queue
[2026-04-22T18:03:34.575+0000] {logging_mixin.py:190} INFO - [2026-04-22T18:03:34.575+0000] {dagbag.py:588} INFO - Filling up the DagBag from /opt/airflow/dags/dag2.py
[2026-04-22T18:03:34.588+0000] {processor.py:925} INFO - DAG(s) 'data_pipeline' retrieved from /opt/airflow/dags/dag2.py
[2026-04-22T18:03:34.617+0000] {logging_mixin.py:190} INFO - [2026-04-22T18:03:34.616+0000] {dag.py:3239} INFO - Sync 1 DAGs
[2026-04-22T18:03:34.648+0000] {logging_mixin.py:190} INFO - [2026-04-22T18:03:34.647+0000] {dag.py:4180} INFO - Setting next_dagrun for data_pipeline to 2026-04-22 15:30:00+00:00, run_after=2026-04-23 15:30:00+00:00
[2026-04-22T18:03:34.669+0000] {processor.py:208} INFO - Processing /opt/airflow/dags/dag2.py took 0.104 seconds
[2026-04-22T18:04:04.942+0000] {processor.py:186} INFO - Started process (PID=6394) to work on /opt/airflow/dags/dag2.py
[2026-04-22T18:04:04.943+0000] {processor.py:914} INFO - Processing file /opt/airflow/dags/dag2.py for tasks to queue
[2026-04-22T18:04:04.944+0000] {logging_mixin.py:190} INFO - [2026-04-22T18:04:04.943+0000] {dagbag.py:588} INFO - Filling up the DagBag from /opt/airflow/dags/dag2.py
[2026-04-22T18:04:04.955+0000] {processor.py:925} INFO - DAG(s) 'data_pipeline' retrieved from /opt/airflow/dags/dag2.py
[2026-04-22T18:04:04.981+0000] {logging_mixin.py:190} INFO - [2026-04-22T18:04:04.981+0000] {dag.py:3239} INFO - Sync 1 DAGs
[2026-04-22T18:04:05.005+0000] {logging_mixin.py:190} INFO - [2026-04-22T18:04:05.005+0000] {dag.py:4180} INFO - Setting next_dagrun for data_pipeline to 2026-04-22 15:30:00+00:00, run_after=2026-04-23 15:30:00+00:00
[2026-04-22T18:04:05.022+0000] {processor.py:208} INFO - Processing /opt/airflow/dags/dag2.py took 0.086 seconds
[2026-04-22T18:04:35.287+0000] {processor.py:186} INFO - Started process (PID=6415) to work on /opt/airflow/dags/dag2.py
[2026-04-22T18:04:35.287+0000] {processor.py:914} INFO - Processing file /opt/airflow/dags/dag2.py for tasks to queue
[2026-04-22T18:04:35.288+0000] {logging_mixin.py:190} INFO - [2026-04-22T18:04:35.288+0000] {dagbag.py:588} INFO - Filling up the DagBag from /opt/airflow/dags/dag2.py
[2026-04-22T18:04:35.301+0000] {processor.py:925} INFO - DAG(s) 'data_pipeline' retrieved from /opt/airflow/dags/dag2.py
[2026-04-22T18:04:35.325+0000] {logging_mixin.py:190} INFO - [2026-04-22T18:04:35.325+0000] {dag.py:3239} INFO - Sync 1 DAGs
[2026-04-22T18:04:35.351+0000] {logging_mixin.py:190} INFO - [2026-04-22T18:04:35.351+0000] {dag.py:4180} INFO - Setting next_dagrun for data_pipeline to 2026-04-22 15:30:00+00:00, run_after=2026-04-23 15:30:00+00:00
[2026-04-22T18:04:35.367+0000] {processor.py:208} INFO - Processing /opt/airflow/dags/dag2.py took 0.086 seconds
[2026-04-22T18:05:05.678+0000] {processor.py:186} INFO - Started process (PID=6436) to work on /opt/airflow/dags/dag2.py
[2026-04-22T18:05:05.679+0000] {processor.py:914} INFO - Processing file /opt/airflow/dags/dag2.py for tasks to queue
[2026-04-22T18:05:05.682+0000] {logging_mixin.py:190} INFO - [2026-04-22T18:05:05.681+0000] {dagbag.py:588} INFO - Filling up the DagBag from /opt/airflow/dags/dag2.py
[2026-04-22T18:05:05.692+0000] {processor.py:925} INFO - DAG(s) 'data_pipeline' retrieved from /opt/airflow/dags/dag2.py
[2026-04-22T18:05:05.720+0000] {logging_mixin.py:190} INFO - [2026-04-22T18:05:05.720+0000] {dag.py:3239} INFO - Sync 1 DAGs
[2026-04-22T18:05:05.744+0000] {logging_mixin.py:190} INFO - [2026-04-22T18:05:05.743+0000] {dag.py:4180} INFO - Setting next_dagrun for data_pipeline to 2026-04-22 15:30:00+00:00, run_after=2026-04-23 15:30:00+00:00
[2026-04-22T18:05:05.760+0000] {processor.py:208} INFO - Processing /opt/airflow/dags/dag2.py took 0.087 seconds
[2026-04-22T18:05:36.100+0000] {processor.py:186} INFO - Started process (PID=6457) to work on /opt/airflow/dags/dag2.py
[2026-04-22T18:05:36.101+0000] {processor.py:914} INFO - Processing file /opt/airflow/dags/dag2.py for tasks to queue
[2026-04-22T18:05:36.102+0000] {logging_mixin.py:190} INFO - [2026-04-22T18:05:36.101+0000] {dagbag.py:588} INFO - Filling up the DagBag from /opt/airflow/dags/dag2.py
[2026-04-22T18:05:36.113+0000] {processor.py:925} INFO - DAG(s) 'data_pipeline' retrieved from /opt/airflow/dags/dag2.py
[2026-04-22T18:05:36.141+0000] {logging_mixin.py:190} INFO - [2026-04-22T18:05:36.140+0000] {dag.py:3239} INFO - Sync 1 DAGs
[2026-04-22T18:05:36.167+0000] {logging_mixin.py:190} INFO - [2026-04-22T18:05:36.167+0000] {dag.py:4180} INFO - Setting next_dagrun for data_pipeline to 2026-04-22 15:30:00+00:00, run_after=2026-04-23 15:30:00+00:00
[2026-04-22T18:05:36.186+0000] {processor.py:208} INFO - Processing /opt/airflow/dags/dag2.py took 0.092 seconds
[2026-04-22T18:06:06.505+0000] {processor.py:186} INFO - Started process (PID=6478) to work on /opt/airflow/dags/dag2.py
[2026-04-22T18:06:06.506+0000] {processor.py:914} INFO - Processing file /opt/airflow/dags/dag2.py for tasks to queue
[2026-04-22T18:06:06.507+0000] {logging_mixin.py:190} INFO - [2026-04-22T18:06:06.506+0000] {dagbag.py:588} INFO - Filling up the DagBag from /opt/airflow/dags/dag2.py
[2026-04-22T18:06:06.517+0000] {processor.py:925} INFO - DAG(s) 'data_pipeline' retrieved from /opt/airflow/dags/dag2.py
[2026-04-22T18:06:06.543+0000] {logging_mixin.py:190} INFO - [2026-04-22T18:06:06.543+0000] {dag.py:3239} INFO - Sync 1 DAGs
[2026-04-22T18:06:06.568+0000] {logging_mixin.py:190} INFO - [2026-04-22T18:06:06.568+0000] {dag.py:4180} INFO - Setting next_dagrun for data_pipeline to 2026-04-22 15:30:00+00:00, run_after=2026-04-23 15:30:00+00:00
[2026-04-22T18:06:06.600+0000] {processor.py:208} INFO - Processing /opt/airflow/dags/dag2.py took 0.101 seconds
[2026-04-22T18:06:36.911+0000] {processor.py:186} INFO - Started process (PID=6499) to work on /opt/airflow/dags/dag2.py
[2026-04-22T18:06:36.912+0000] {processor.py:914} INFO - Processing file /opt/airflow/dags/dag2.py for tasks to queue
[2026-04-22T18:06:36.913+0000] {logging_mixin.py:190} INFO - [2026-04-22T18:06:36.913+0000] {dagbag.py:588} INFO - Filling up the DagBag from /opt/airflow/dags/dag2.py
[2026-04-22T18:06:36.925+0000] {processor.py:925} INFO - DAG(s) 'data_pipeline' retrieved from /opt/airflow/dags/dag2.py
[2026-04-22T18:06:36.947+0000] {logging_mixin.py:190} INFO - [2026-04-22T18:06:36.947+0000] {dag.py:3239} INFO - Sync 1 DAGs
[2026-04-22T18:06:36.972+0000] {logging_mixin.py:190} INFO - [2026-04-22T18:06:36.971+0000] {dag.py:4180} INFO - Setting next_dagrun for data_pipeline to 2026-04-22 15:30:00+00:00, run_after=2026-04-23 15:30:00+00:00
[2026-04-22T18:06:36.987+0000] {processor.py:208} INFO - Processing /opt/airflow/dags/dag2.py took 0.082 seconds
[2026-04-22T18:07:07.306+0000] {processor.py:186} INFO - Started process (PID=6520) to work on /opt/airflow/dags/dag2.py
[2026-04-22T18:07:07.307+0000] {processor.py:914} INFO - Processing file /opt/airflow/dags/dag2.py for tasks to queue
[2026-04-22T18:07:07.308+0000] {logging_mixin.py:190} INFO - [2026-04-22T18:07:07.308+0000] {dagbag.py:588} INFO - Filling up the DagBag from /opt/airflow/dags/dag2.py
[2026-04-22T18:07:07.321+0000] {processor.py:925} INFO - DAG(s) 'data_pipeline' retrieved from /opt/airflow/dags/dag2.py
[2026-04-22T18:07:07.345+0000] {logging_mixin.py:190} INFO - [2026-04-22T18:07:07.345+0000] {dag.py:3239} INFO - Sync 1 DAGs
[2026-04-22T18:07:07.372+0000] {logging_mixin.py:190} INFO - [2026-04-22T18:07:07.371+0000] {dag.py:4180} INFO - Setting next_dagrun for data_pipeline to 2026-04-22 15:30:00+00:00, run_after=2026-04-23 15:30:00+00:00
[2026-04-22T18:07:07.390+0000] {processor.py:208} INFO - Processing /opt/airflow/dags/dag2.py took 0.091 seconds
[2026-04-22T18:07:37.714+0000] {processor.py:186} INFO - Started process (PID=6541) to work on /opt/airflow/dags/dag2.py
[2026-04-22T18:07:37.714+0000] {processor.py:914} INFO - Processing file /opt/airflow/dags/dag2.py for tasks to queue
[2026-04-22T18:07:37.716+0000] {logging_mixin.py:190} INFO - [2026-04-22T18:07:37.716+0000] {dagbag.py:588} INFO - Filling up the DagBag from /opt/airflow/dags/dag2.py
[2026-04-22T18:07:37.727+0000] {processor.py:925} INFO - DAG(s) 'data_pipeline' retrieved from /opt/airflow/dags/dag2.py
[2026-04-22T18:07:37.750+0000] {logging_mixin.py:190} INFO - [2026-04-22T18:07:37.750+0000] {dag.py:3239} INFO - Sync 1 DAGs
[2026-04-22T18:07:37.775+0000] {logging_mixin.py:190} INFO - [2026-04-22T18:07:37.775+0000] {dag.py:4180} INFO - Setting next_dagrun for data_pipeline to 2026-04-22 15:30:00+00:00, run_after=2026-04-23 15:30:00+00:00
[2026-04-22T18:07:37.793+0000] {processor.py:208} INFO - Processing /opt/airflow/dags/dag2.py took 0.085 seconds
[2026-04-22T18:08:08.086+0000] {processor.py:186} INFO - Started process (PID=6562) to work on /opt/airflow/dags/dag2.py
[2026-04-22T18:08:08.087+0000] {processor.py:914} INFO - Processing file /opt/airflow/dags/dag2.py for tasks to queue
[2026-04-22T18:08:08.089+0000] {logging_mixin.py:190} INFO - [2026-04-22T18:08:08.088+0000] {dagbag.py:588} INFO - Filling up the DagBag from /opt/airflow/dags/dag2.py
[2026-04-22T18:08:08.099+0000] {processor.py:925} INFO - DAG(s) 'data_pipeline' retrieved from /opt/airflow/dags/dag2.py
[2026-04-22T18:08:08.124+0000] {logging_mixin.py:190} INFO - [2026-04-22T18:08:08.123+0000] {dag.py:3239} INFO - Sync 1 DAGs
[2026-04-22T18:08:08.153+0000] {logging_mixin.py:190} INFO - [2026-04-22T18:08:08.152+0000] {dag.py:4180} INFO - Setting next_dagrun for data_pipeline to 2026-04-22 15:30:00+00:00, run_after=2026-04-23 15:30:00+00:00
[2026-04-22T18:08:08.168+0000] {processor.py:208} INFO - Processing /opt/airflow/dags/dag2.py took 0.088 seconds
[2026-04-22T18:08:38.526+0000] {processor.py:186} INFO - Started process (PID=6583) to work on /opt/airflow/dags/dag2.py
[2026-04-22T18:08:38.526+0000] {processor.py:914} INFO - Processing file /opt/airflow/dags/dag2.py for tasks to queue
[2026-04-22T18:08:38.528+0000] {logging_mixin.py:190} INFO - [2026-04-22T18:08:38.528+0000] {dagbag.py:588} INFO - Filling up the DagBag from /opt/airflow/dags/dag2.py
[2026-04-22T18:08:38.543+0000] {processor.py:925} INFO - DAG(s) 'data_pipeline' retrieved from /opt/airflow/dags/dag2.py
[2026-04-22T18:08:38.575+0000] {logging_mixin.py:190} INFO - [2026-04-22T18:08:38.574+0000] {dag.py:3239} INFO - Sync 1 DAGs
[2026-04-22T18:08:38.613+0000] {logging_mixin.py:190} INFO - [2026-04-22T18:08:38.613+0000] {dag.py:4180} INFO - Setting next_dagrun for data_pipeline to 2026-04-22 15:30:00+00:00, run_after=2026-04-23 15:30:00+00:00
[2026-04-22T18:08:38.637+0000] {processor.py:208} INFO - Processing /opt/airflow/dags/dag2.py took 0.122 seconds
[2026-04-22T18:09:08.929+0000] {processor.py:186} INFO - Started process (PID=6604) to work on /opt/airflow/dags/dag2.py
[2026-04-22T18:09:08.930+0000] {processor.py:914} INFO - Processing file /opt/airflow/dags/dag2.py for tasks to queue
[2026-04-22T18:09:08.931+0000] {logging_mixin.py:190} INFO - [2026-04-22T18:09:08.931+0000] {dagbag.py:588} INFO - Filling up the DagBag from /opt/airflow/dags/dag2.py
[2026-04-22T18:09:08.942+0000] {processor.py:925} INFO - DAG(s) 'data_pipeline' retrieved from /opt/airflow/dags/dag2.py
[2026-04-22T18:09:08.965+0000] {logging_mixin.py:190} INFO - [2026-04-22T18:09:08.965+0000] {dag.py:3239} INFO - Sync 1 DAGs
[2026-04-22T18:09:08.993+0000] {logging_mixin.py:190} INFO - [2026-04-22T18:09:08.992+0000] {dag.py:4180} INFO - Setting next_dagrun for data_pipeline to 2026-04-22 15:30:00+00:00, run_after=2026-04-23 15:30:00+00:00
[2026-04-22T18:09:09.013+0000] {processor.py:208} INFO - Processing /opt/airflow/dags/dag2.py took 0.090 seconds
[2026-04-22T18:09:39.300+0000] {processor.py:186} INFO - Started process (PID=6629) to work on /opt/airflow/dags/dag2.py
[2026-04-22T18:09:39.300+0000] {processor.py:914} INFO - Processing file /opt/airflow/dags/dag2.py for tasks to queue
[2026-04-22T18:09:39.301+0000] {logging_mixin.py:190} INFO - [2026-04-22T18:09:39.301+0000] {dagbag.py:588} INFO - Filling up the DagBag from /opt/airflow/dags/dag2.py
[2026-04-22T18:09:39.312+0000] {processor.py:925} INFO - DAG(s) 'data_pipeline' retrieved from /opt/airflow/dags/dag2.py
[2026-04-22T18:09:39.335+0000] {logging_mixin.py:190} INFO - [2026-04-22T18:09:39.335+0000] {dag.py:3239} INFO - Sync 1 DAGs
[2026-04-22T18:09:39.358+0000] {logging_mixin.py:190} INFO - [2026-04-22T18:09:39.358+0000] {dag.py:4180} INFO - Setting next_dagrun for data_pipeline to 2026-04-22 15:30:00+00:00, run_after=2026-04-23 15:30:00+00:00
[2026-04-22T18:09:39.378+0000] {processor.py:208} INFO - Processing /opt/airflow/dags/dag2.py took 0.084 seconds
[2026-04-22T18:10:09.724+0000] {processor.py:186} INFO - Started process (PID=6652) to work on /opt/airflow/dags/dag2.py
[2026-04-22T18:10:09.725+0000] {processor.py:914} INFO - Processing file /opt/airflow/dags/dag2.py for tasks to queue
[2026-04-22T18:10:09.726+0000] {logging_mixin.py:190} INFO - [2026-04-22T18:10:09.725+0000] {dagbag.py:588} INFO - Filling up the DagBag from /opt/airflow/dags/dag2.py
[2026-04-22T18:10:09.737+0000] {processor.py:925} INFO - DAG(s) 'data_pipeline' retrieved from /opt/airflow/dags/dag2.py
[2026-04-22T18:10:09.759+0000] {logging_mixin.py:190} INFO - [2026-04-22T18:10:09.759+0000] {dag.py:3239} INFO - Sync 1 DAGs
[2026-04-22T18:10:09.789+0000] {logging_mixin.py:190} INFO - [2026-04-22T18:10:09.789+0000] {dag.py:4180} INFO - Setting next_dagrun for data_pipeline to 2026-04-22 15:30:00+00:00, run_after=2026-04-23 15:30:00+00:00
[2026-04-22T18:10:09.805+0000] {processor.py:208} INFO - Processing /opt/airflow/dags/dag2.py took 0.088 seconds
[2026-04-22T18:10:40.200+0000] {processor.py:186} INFO - Started process (PID=6673) to work on /opt/airflow/dags/dag2.py
[2026-04-22T18:10:40.201+0000] {processor.py:914} INFO - Processing file /opt/airflow/dags/dag2.py for tasks to queue
[2026-04-22T18:10:40.202+0000] {logging_mixin.py:190} INFO - [2026-04-22T18:10:40.202+0000] {dagbag.py:588} INFO - Filling up the DagBag from /opt/airflow/dags/dag2.py
[2026-04-22T18:10:40.216+0000] {processor.py:925} INFO - DAG(s) 'data_pipeline' retrieved from /opt/airflow/dags/dag2.py
[2026-04-22T18:10:40.249+0000] {logging_mixin.py:190} INFO - [2026-04-22T18:10:40.248+0000] {dag.py:3239} INFO - Sync 1 DAGs
[2026-04-22T18:10:40.275+0000] {logging_mixin.py:190} INFO - [2026-04-22T18:10:40.275+0000] {dag.py:4180} INFO - Setting next_dagrun for data_pipeline to 2026-04-22 15:30:00+00:00, run_after=2026-04-23 15:30:00+00:00
[2026-04-22T18:10:40.295+0000] {processor.py:208} INFO - Processing /opt/airflow/dags/dag2.py took 0.102 seconds
[2026-04-22T18:11:10.572+0000] {processor.py:186} INFO - Started process (PID=6694) to work on /opt/airflow/dags/dag2.py
[2026-04-22T18:11:10.572+0000] {processor.py:914} INFO - Processing file /opt/airflow/dags/dag2.py for tasks to queue
[2026-04-22T18:11:10.573+0000] {logging_mixin.py:190} INFO - [2026-04-22T18:11:10.573+0000] {dagbag.py:588} INFO - Filling up the DagBag from /opt/airflow/dags/dag2.py
[2026-04-22T18:11:10.587+0000] {processor.py:925} INFO - DAG(s) 'data_pipeline' retrieved from /opt/airflow/dags/dag2.py
[2026-04-22T18:11:10.610+0000] {logging_mixin.py:190} INFO - [2026-04-22T18:11:10.610+0000] {dag.py:3239} INFO - Sync 1 DAGs
[2026-04-22T18:11:10.635+0000] {logging_mixin.py:190} INFO - [2026-04-22T18:11:10.635+0000] {dag.py:4180} INFO - Setting next_dagrun for data_pipeline to 2026-04-22 15:30:00+00:00, run_after=2026-04-23 15:30:00+00:00
[2026-04-22T18:11:10.652+0000] {processor.py:208} INFO - Processing /opt/airflow/dags/dag2.py took 0.087 seconds
[2026-04-22T18:11:40.969+0000] {processor.py:186} INFO - Started process (PID=6715) to work on /opt/airflow/dags/dag2.py
[2026-04-22T18:11:40.970+0000] {processor.py:914} INFO - Processing file /opt/airflow/dags/dag2.py for tasks to queue
[2026-04-22T18:11:40.971+0000] {logging_mixin.py:190} INFO - [2026-04-22T18:11:40.971+0000] {dagbag.py:588} INFO - Filling up the DagBag from /opt/airflow/dags/dag2.py
[2026-04-22T18:11:40.982+0000] {processor.py:925} INFO - DAG(s) 'data_pipeline' retrieved from /opt/airflow/dags/dag2.py
[2026-04-22T18:11:41.005+0000] {logging_mixin.py:190} INFO - [2026-04-22T18:11:41.005+0000] {dag.py:3239} INFO - Sync 1 DAGs
[2026-04-22T18:11:41.032+0000] {logging_mixin.py:190} INFO - [2026-04-22T18:11:41.032+0000] {dag.py:4180} INFO - Setting next_dagrun for data_pipeline to 2026-04-22 15:30:00+00:00, run_after=2026-04-23 15:30:00+00:00
[2026-04-22T18:11:41.050+0000] {processor.py:208} INFO - Processing /opt/airflow/dags/dag2.py took 0.087 seconds
[2026-04-22T18:12:11.361+0000] {processor.py:186} INFO - Started process (PID=6736) to work on /opt/airflow/dags/dag2.py
[2026-04-22T18:12:11.361+0000] {processor.py:914} INFO - Processing file /opt/airflow/dags/dag2.py for tasks to queue
[2026-04-22T18:12:11.362+0000] {logging_mixin.py:190} INFO - [2026-04-22T18:12:11.362+0000] {dagbag.py:588} INFO - Filling up the DagBag from /opt/airflow/dags/dag2.py
[2026-04-22T18:12:11.373+0000] {processor.py:925} INFO - DAG(s) 'data_pipeline' retrieved from /opt/airflow/dags/dag2.py
[2026-04-22T18:12:11.397+0000] {logging_mixin.py:190} INFO - [2026-04-22T18:12:11.397+0000] {dag.py:3239} INFO - Sync 1 DAGs
[2026-04-22T18:12:11.423+0000] {logging_mixin.py:190} INFO - [2026-04-22T18:12:11.423+0000] {dag.py:4180} INFO - Setting next_dagrun for data_pipeline to 2026-04-22 15:30:00+00:00, run_after=2026-04-23 15:30:00+00:00
[2026-04-22T18:12:11.439+0000] {processor.py:208} INFO - Processing /opt/airflow/dags/dag2.py took 0.084 seconds
[2026-04-22T18:12:41.752+0000] {processor.py:186} INFO - Started process (PID=6757) to work on /opt/airflow/dags/dag2.py
[2026-04-22T18:12:41.752+0000] {processor.py:914} INFO - Processing file /opt/airflow/dags/dag2.py for tasks to queue
[2026-04-22T18:12:41.753+0000] {logging_mixin.py:190} INFO - [2026-04-22T18:12:41.753+0000] {dagbag.py:588} INFO - Filling up the DagBag from /opt/airflow/dags/dag2.py
[2026-04-22T18:12:41.764+0000] {processor.py:925} INFO - DAG(s) 'data_pipeline' retrieved from /opt/airflow/dags/dag2.py
[2026-04-22T18:12:41.789+0000] {logging_mixin.py:190} INFO - [2026-04-22T18:12:41.789+0000] {dag.py:3239} INFO - Sync 1 DAGs
[2026-04-22T18:12:41.815+0000] {logging_mixin.py:190} INFO - [2026-04-22T18:12:41.815+0000] {dag.py:4180} INFO - Setting next_dagrun for data_pipeline to 2026-04-22 15:30:00+00:00, run_after=2026-04-23 15:30:00+00:00
[2026-04-22T18:12:41.835+0000] {processor.py:208} INFO - Processing /opt/airflow/dags/dag2.py took 0.089 seconds
[2026-04-22T18:13:12.139+0000] {processor.py:186} INFO - Started process (PID=6778) to work on /opt/airflow/dags/dag2.py
[2026-04-22T18:13:12.141+0000] {processor.py:914} INFO - Processing file /opt/airflow/dags/dag2.py for tasks to queue
[2026-04-22T18:13:12.142+0000] {logging_mixin.py:190} INFO - [2026-04-22T18:13:12.142+0000] {dagbag.py:588} INFO - Filling up the DagBag from /opt/airflow/dags/dag2.py
[2026-04-22T18:13:12.153+0000] {processor.py:925} INFO - DAG(s) 'data_pipeline' retrieved from /opt/airflow/dags/dag2.py
[2026-04-22T18:13:12.176+0000] {logging_mixin.py:190} INFO - [2026-04-22T18:13:12.176+0000] {dag.py:3239} INFO - Sync 1 DAGs
[2026-04-22T18:13:12.201+0000] {logging_mixin.py:190} INFO - [2026-04-22T18:13:12.200+0000] {dag.py:4180} INFO - Setting next_dagrun for data_pipeline to 2026-04-22 15:30:00+00:00, run_after=2026-04-23 15:30:00+00:00
[2026-04-22T18:13:12.217+0000] {processor.py:208} INFO - Processing /opt/airflow/dags/dag2.py took 0.084 seconds
[2026-04-22T18:13:42.522+0000] {processor.py:186} INFO - Started process (PID=6799) to work on /opt/airflow/dags/dag2.py
[2026-04-22T18:13:42.523+0000] {processor.py:914} INFO - Processing file /opt/airflow/dags/dag2.py for tasks to queue
[2026-04-22T18:13:42.524+0000] {logging_mixin.py:190} INFO - [2026-04-22T18:13:42.523+0000] {dagbag.py:588} INFO - Filling up the DagBag from /opt/airflow/dags/dag2.py
[2026-04-22T18:13:42.534+0000] {processor.py:925} INFO - DAG(s) 'data_pipeline' retrieved from /opt/airflow/dags/dag2.py
[2026-04-22T18:13:42.560+0000] {logging_mixin.py:190} INFO - [2026-04-22T18:13:42.560+0000] {dag.py:3239} INFO - Sync 1 DAGs
[2026-04-22T18:13:42.588+0000] {logging_mixin.py:190} INFO - [2026-04-22T18:13:42.588+0000] {dag.py:4180} INFO - Setting next_dagrun for data_pipeline to 2026-04-22 15:30:00+00:00, run_after=2026-04-23 15:30:00+00:00
[2026-04-22T18:13:42.604+0000] {processor.py:208} INFO - Processing /opt/airflow/dags/dag2.py took 0.087 seconds
[2026-04-22T18:14:12.925+0000] {processor.py:186} INFO - Started process (PID=6820) to work on /opt/airflow/dags/dag2.py
[2026-04-22T18:14:12.926+0000] {processor.py:914} INFO - Processing file /opt/airflow/dags/dag2.py for tasks to queue
[2026-04-22T18:14:12.928+0000] {logging_mixin.py:190} INFO - [2026-04-22T18:14:12.927+0000] {dagbag.py:588} INFO - Filling up the DagBag from /opt/airflow/dags/dag2.py
[2026-04-22T18:14:12.938+0000] {processor.py:925} INFO - DAG(s) 'data_pipeline' retrieved from /opt/airflow/dags/dag2.py
[2026-04-22T18:14:12.963+0000] {logging_mixin.py:190} INFO - [2026-04-22T18:14:12.963+0000] {dag.py:3239} INFO - Sync 1 DAGs
[2026-04-22T18:14:12.988+0000] {logging_mixin.py:190} INFO - [2026-04-22T18:14:12.988+0000] {dag.py:4180} INFO - Setting next_dagrun for data_pipeline to 2026-04-22 15:30:00+00:00, run_after=2026-04-23 15:30:00+00:00
[2026-04-22T18:14:13.005+0000] {processor.py:208} INFO - Processing /opt/airflow/dags/dag2.py took 0.086 seconds
[2026-04-22T18:14:43.343+0000] {processor.py:186} INFO - Started process (PID=6841) to work on /opt/airflow/dags/dag2.py
[2026-04-22T18:14:43.344+0000] {processor.py:914} INFO - Processing file /opt/airflow/dags/dag2.py for tasks to queue
[2026-04-22T18:14:43.345+0000] {logging_mixin.py:190} INFO - [2026-04-22T18:14:43.344+0000] {dagbag.py:588} INFO - Filling up the DagBag from /opt/airflow/dags/dag2.py
[2026-04-22T18:14:43.355+0000] {processor.py:925} INFO - DAG(s) 'data_pipeline' retrieved from /opt/airflow/dags/dag2.py
[2026-04-22T18:14:43.379+0000] {logging_mixin.py:190} INFO - [2026-04-22T18:14:43.378+0000] {dag.py:3239} INFO - Sync 1 DAGs
[2026-04-22T18:14:43.403+0000] {logging_mixin.py:190} INFO - [2026-04-22T18:14:43.403+0000] {dag.py:4180} INFO - Setting next_dagrun for data_pipeline to 2026-04-22 15:30:00+00:00, run_after=2026-04-23 15:30:00+00:00
[2026-04-22T18:14:43.420+0000] {processor.py:208} INFO - Processing /opt/airflow/dags/dag2.py took 0.083 seconds
[2026-04-22T18:15:13.719+0000] {processor.py:186} INFO - Started process (PID=6862) to work on /opt/airflow/dags/dag2.py
[2026-04-22T18:15:13.720+0000] {processor.py:914} INFO - Processing file /opt/airflow/dags/dag2.py for tasks to queue
[2026-04-22T18:15:13.721+0000] {logging_mixin.py:190} INFO - [2026-04-22T18:15:13.721+0000] {dagbag.py:588} INFO - Filling up the DagBag from /opt/airflow/dags/dag2.py
[2026-04-22T18:15:13.731+0000] {processor.py:925} INFO - DAG(s) 'data_pipeline' retrieved from /opt/airflow/dags/dag2.py
[2026-04-22T18:15:13.755+0000] {logging_mixin.py:190} INFO - [2026-04-22T18:15:13.755+0000] {dag.py:3239} INFO - Sync 1 DAGs
[2026-04-22T18:15:13.784+0000] {logging_mixin.py:190} INFO - [2026-04-22T18:15:13.784+0000] {dag.py:4180} INFO - Setting next_dagrun for data_pipeline to 2026-04-22 15:30:00+00:00, run_after=2026-04-23 15:30:00+00:00
[2026-04-22T18:15:13.800+0000] {processor.py:208} INFO - Processing /opt/airflow/dags/dag2.py took 0.087 seconds
[2026-04-22T18:15:44.133+0000] {processor.py:186} INFO - Started process (PID=6883) to work on /opt/airflow/dags/dag2.py
[2026-04-22T18:15:44.134+0000] {processor.py:914} INFO - Processing file /opt/airflow/dags/dag2.py for tasks to queue
[2026-04-22T18:15:44.135+0000] {logging_mixin.py:190} INFO - [2026-04-22T18:15:44.134+0000] {dagbag.py:588} INFO - Filling up the DagBag from /opt/airflow/dags/dag2.py
[2026-04-22T18:15:44.145+0000] {processor.py:925} INFO - DAG(s) 'data_pipeline' retrieved from /opt/airflow/dags/dag2.py
[2026-04-22T18:15:44.168+0000] {logging_mixin.py:190} INFO - [2026-04-22T18:15:44.168+0000] {dag.py:3239} INFO - Sync 1 DAGs
[2026-04-22T18:15:44.197+0000] {logging_mixin.py:190} INFO - [2026-04-22T18:15:44.197+0000] {dag.py:4180} INFO - Setting next_dagrun for data_pipeline to 2026-04-22 15:30:00+00:00, run_after=2026-04-23 15:30:00+00:00
[2026-04-22T18:15:44.212+0000] {processor.py:208} INFO - Processing /opt/airflow/dags/dag2.py took 0.085 seconds
[2026-04-22T18:16:14.526+0000] {processor.py:186} INFO - Started process (PID=6904) to work on /opt/airflow/dags/dag2.py
[2026-04-22T18:16:14.527+0000] {processor.py:914} INFO - Processing file /opt/airflow/dags/dag2.py for tasks to queue
[2026-04-22T18:16:14.528+0000] {logging_mixin.py:190} INFO - [2026-04-22T18:16:14.527+0000] {dagbag.py:588} INFO - Filling up the DagBag from /opt/airflow/dags/dag2.py
[2026-04-22T18:16:14.542+0000] {processor.py:925} INFO - DAG(s) 'data_pipeline' retrieved from /opt/airflow/dags/dag2.py
[2026-04-22T18:16:14.566+0000] {logging_mixin.py:190} INFO - [2026-04-22T18:16:14.566+0000] {dag.py:3239} INFO - Sync 1 DAGs
[2026-04-22T18:16:14.593+0000] {logging_mixin.py:190} INFO - [2026-04-22T18:16:14.593+0000] {dag.py:4180} INFO - Setting next_dagrun for data_pipeline to 2026-04-22 15:30:00+00:00, run_after=2026-04-23 15:30:00+00:00
[2026-04-22T18:16:14.610+0000] {processor.py:208} INFO - Processing /opt/airflow/dags/dag2.py took 0.090 seconds
[2026-04-22T18:16:44.942+0000] {processor.py:186} INFO - Started process (PID=6925) to work on /opt/airflow/dags/dag2.py
[2026-04-22T18:16:44.943+0000] {processor.py:914} INFO - Processing file /opt/airflow/dags/dag2.py for tasks to queue
[2026-04-22T18:16:44.945+0000] {logging_mixin.py:190} INFO - [2026-04-22T18:16:44.944+0000] {dagbag.py:588} INFO - Filling up the DagBag from /opt/airflow/dags/dag2.py
[2026-04-22T18:16:44.954+0000] {processor.py:925} INFO - DAG(s) 'data_pipeline' retrieved from /opt/airflow/dags/dag2.py
[2026-04-22T18:16:44.977+0000] {logging_mixin.py:190} INFO - [2026-04-22T18:16:44.977+0000] {dag.py:3239} INFO - Sync 1 DAGs
[2026-04-22T18:16:45.002+0000] {logging_mixin.py:190} INFO - [2026-04-22T18:16:45.001+0000] {dag.py:4180} INFO - Setting next_dagrun for data_pipeline to 2026-04-22 15:30:00+00:00, run_after=2026-04-23 15:30:00+00:00
[2026-04-22T18:16:45.019+0000] {processor.py:208} INFO - Processing /opt/airflow/dags/dag2.py took 0.082 seconds
[2026-04-22T18:17:15.367+0000] {processor.py:186} INFO - Started process (PID=6946) to work on /opt/airflow/dags/dag2.py
[2026-04-22T18:17:15.368+0000] {processor.py:914} INFO - Processing file /opt/airflow/dags/dag2.py for tasks to queue
[2026-04-22T18:17:15.369+0000] {logging_mixin.py:190} INFO - [2026-04-22T18:17:15.369+0000] {dagbag.py:588} INFO - Filling up the DagBag from /opt/airflow/dags/dag2.py
[2026-04-22T18:17:15.379+0000] {processor.py:925} INFO - DAG(s) 'data_pipeline' retrieved from /opt/airflow/dags/dag2.py
[2026-04-22T18:17:15.408+0000] {logging_mixin.py:190} INFO - [2026-04-22T18:17:15.408+0000] {dag.py:3239} INFO - Sync 1 DAGs
[2026-04-22T18:17:15.434+0000] {logging_mixin.py:190} INFO - [2026-04-22T18:17:15.434+0000] {dag.py:4180} INFO - Setting next_dagrun for data_pipeline to 2026-04-22 15:30:00+00:00, run_after=2026-04-23 15:30:00+00:00
[2026-04-22T18:17:15.450+0000] {processor.py:208} INFO - Processing /opt/airflow/dags/dag2.py took 0.090 seconds
[2026-04-22T18:17:45.749+0000] {processor.py:186} INFO - Started process (PID=6967) to work on /opt/airflow/dags/dag2.py
[2026-04-22T18:17:45.750+0000] {processor.py:914} INFO - Processing file /opt/airflow/dags/dag2.py for tasks to queue
[2026-04-22T18:17:45.751+0000] {logging_mixin.py:190} INFO - [2026-04-22T18:17:45.751+0000] {dagbag.py:588} INFO - Filling up the DagBag from /opt/airflow/dags/dag2.py
[2026-04-22T18:17:45.762+0000] {processor.py:925} INFO - DAG(s) 'data_pipeline' retrieved from /opt/airflow/dags/dag2.py
[2026-04-22T18:17:45.785+0000] {logging_mixin.py:190} INFO - [2026-04-22T18:17:45.785+0000] {dag.py:3239} INFO - Sync 1 DAGs
[2026-04-22T18:17:45.811+0000] {logging_mixin.py:190} INFO - [2026-04-22T18:17:45.811+0000] {dag.py:4180} INFO - Setting next_dagrun for data_pipeline to 2026-04-22 15:30:00+00:00, run_after=2026-04-23 15:30:00+00:00
[2026-04-22T18:17:45.828+0000] {processor.py:208} INFO - Processing /opt/airflow/dags/dag2.py took 0.086 seconds
[2026-04-22T18:18:16.159+0000] {processor.py:186} INFO - Started process (PID=6988) to work on /opt/airflow/dags/dag2.py
[2026-04-22T18:18:16.160+0000] {processor.py:914} INFO - Processing file /opt/airflow/dags/dag2.py for tasks to queue
[2026-04-22T18:18:16.161+0000] {logging_mixin.py:190} INFO - [2026-04-22T18:18:16.160+0000] {dagbag.py:588} INFO - Filling up the DagBag from /opt/airflow/dags/dag2.py
[2026-04-22T18:18:16.171+0000] {processor.py:925} INFO - DAG(s) 'data_pipeline' retrieved from /opt/airflow/dags/dag2.py
[2026-04-22T18:18:16.195+0000] {logging_mixin.py:190} INFO - [2026-04-22T18:18:16.195+0000] {dag.py:3239} INFO - Sync 1 DAGs
[2026-04-22T18:18:16.219+0000] {logging_mixin.py:190} INFO - [2026-04-22T18:18:16.219+0000] {dag.py:4180} INFO - Setting next_dagrun for data_pipeline to 2026-04-22 15:30:00+00:00, run_after=2026-04-23 15:30:00+00:00
[2026-04-22T18:18:16.237+0000] {processor.py:208} INFO - Processing /opt/airflow/dags/dag2.py took 0.083 seconds
[2026-04-22T18:18:46.585+0000] {processor.py:186} INFO - Started process (PID=7009) to work on /opt/airflow/dags/dag2.py
[2026-04-22T18:18:46.586+0000] {processor.py:914} INFO - Processing file /opt/airflow/dags/dag2.py for tasks to queue
[2026-04-22T18:18:46.587+0000] {logging_mixin.py:190} INFO - [2026-04-22T18:18:46.587+0000] {dagbag.py:588} INFO - Filling up the DagBag from /opt/airflow/dags/dag2.py
[2026-04-22T18:18:46.599+0000] {processor.py:925} INFO - DAG(s) 'data_pipeline' retrieved from /opt/airflow/dags/dag2.py
[2026-04-22T18:18:46.626+0000] {logging_mixin.py:190} INFO - [2026-04-22T18:18:46.625+0000] {dag.py:3239} INFO - Sync 1 DAGs
[2026-04-22T18:18:46.652+0000] {logging_mixin.py:190} INFO - [2026-04-22T18:18:46.652+0000] {dag.py:4180} INFO - Setting next_dagrun for data_pipeline to 2026-04-22 15:30:00+00:00, run_after=2026-04-23 15:30:00+00:00
[2026-04-22T18:18:46.669+0000] {processor.py:208} INFO - Processing /opt/airflow/dags/dag2.py took 0.089 seconds
[2026-04-22T18:19:16.995+0000] {processor.py:186} INFO - Started process (PID=7030) to work on /opt/airflow/dags/dag2.py
[2026-04-22T18:19:16.995+0000] {processor.py:914} INFO - Processing file /opt/airflow/dags/dag2.py for tasks to queue
[2026-04-22T18:19:16.996+0000] {logging_mixin.py:190} INFO - [2026-04-22T18:19:16.996+0000] {dagbag.py:588} INFO - Filling up the DagBag from /opt/airflow/dags/dag2.py
[2026-04-22T18:19:17.008+0000] {processor.py:925} INFO - DAG(s) 'data_pipeline' retrieved from /opt/airflow/dags/dag2.py
[2026-04-22T18:19:17.032+0000] {logging_mixin.py:190} INFO - [2026-04-22T18:19:17.032+0000] {dag.py:3239} INFO - Sync 1 DAGs
[2026-04-22T18:19:17.058+0000] {logging_mixin.py:190} INFO - [2026-04-22T18:19:17.058+0000] {dag.py:4180} INFO - Setting next_dagrun for data_pipeline to 2026-04-22 15:30:00+00:00, run_after=2026-04-23 15:30:00+00:00
[2026-04-22T18:19:17.075+0000] {processor.py:208} INFO - Processing /opt/airflow/dags/dag2.py took 0.086 seconds
[2026-04-22T18:19:47.389+0000] {processor.py:186} INFO - Started process (PID=7051) to work on /opt/airflow/dags/dag2.py
[2026-04-22T18:19:47.390+0000] {processor.py:914} INFO - Processing file /opt/airflow/dags/dag2.py for tasks to queue
[2026-04-22T18:19:47.391+0000] {logging_mixin.py:190} INFO - [2026-04-22T18:19:47.391+0000] {dagbag.py:588} INFO - Filling up the DagBag from /opt/airflow/dags/dag2.py
[2026-04-22T18:19:47.404+0000] {processor.py:925} INFO - DAG(s) 'data_pipeline' retrieved from /opt/airflow/dags/dag2.py
[2026-04-22T18:19:47.430+0000] {logging_mixin.py:190} INFO - [2026-04-22T18:19:47.430+0000] {dag.py:3239} INFO - Sync 1 DAGs
[2026-04-22T18:19:47.455+0000] {logging_mixin.py:190} INFO - [2026-04-22T18:19:47.454+0000] {dag.py:4180} INFO - Setting next_dagrun for data_pipeline to 2026-04-22 15:30:00+00:00, run_after=2026-04-23 15:30:00+00:00
[2026-04-22T18:19:47.471+0000] {processor.py:208} INFO - Processing /opt/airflow/dags/dag2.py took 0.088 seconds
[2026-04-22T18:20:17.775+0000] {processor.py:186} INFO - Started process (PID=7072) to work on /opt/airflow/dags/dag2.py
[2026-04-22T18:20:17.776+0000] {processor.py:914} INFO - Processing file /opt/airflow/dags/dag2.py for tasks to queue
[2026-04-22T18:20:17.777+0000] {logging_mixin.py:190} INFO - [2026-04-22T18:20:17.777+0000] {dagbag.py:588} INFO - Filling up the DagBag from /opt/airflow/dags/dag2.py
[2026-04-22T18:20:17.788+0000] {processor.py:925} INFO - DAG(s) 'data_pipeline' retrieved from /opt/airflow/dags/dag2.py
[2026-04-22T18:20:17.813+0000] {logging_mixin.py:190} INFO - [2026-04-22T18:20:17.813+0000] {dag.py:3239} INFO - Sync 1 DAGs
[2026-04-22T18:20:17.840+0000] {logging_mixin.py:190} INFO - [2026-04-22T18:20:17.840+0000] {dag.py:4180} INFO - Setting next_dagrun for data_pipeline to 2026-04-22 15:30:00+00:00, run_after=2026-04-23 15:30:00+00:00
[2026-04-22T18:20:17.856+0000] {processor.py:208} INFO - Processing /opt/airflow/dags/dag2.py took 0.086 seconds
[2026-04-22T18:20:48.183+0000] {processor.py:186} INFO - Started process (PID=7093) to work on /opt/airflow/dags/dag2.py
[2026-04-22T18:20:48.184+0000] {processor.py:914} INFO - Processing file /opt/airflow/dags/dag2.py for tasks to queue
[2026-04-22T18:20:48.185+0000] {logging_mixin.py:190} INFO - [2026-04-22T18:20:48.185+0000] {dagbag.py:588} INFO - Filling up the DagBag from /opt/airflow/dags/dag2.py
[2026-04-22T18:20:48.196+0000] {processor.py:925} INFO - DAG(s) 'data_pipeline' retrieved from /opt/airflow/dags/dag2.py
[2026-04-22T18:20:48.223+0000] {logging_mixin.py:190} INFO - [2026-04-22T18:20:48.223+0000] {dag.py:3239} INFO - Sync 1 DAGs
[2026-04-22T18:20:48.253+0000] {logging_mixin.py:190} INFO - [2026-04-22T18:20:48.253+0000] {dag.py:4180} INFO - Setting next_dagrun for data_pipeline to 2026-04-22 15:30:00+00:00, run_after=2026-04-23 15:30:00+00:00
[2026-04-22T18:20:48.269+0000] {processor.py:208} INFO - Processing /opt/airflow/dags/dag2.py took 0.093 seconds
[2026-04-22T18:21:18.586+0000] {processor.py:186} INFO - Started process (PID=7114) to work on /opt/airflow/dags/dag2.py
[2026-04-22T18:21:18.586+0000] {processor.py:914} INFO - Processing file /opt/airflow/dags/dag2.py for tasks to queue
[2026-04-22T18:21:18.587+0000] {logging_mixin.py:190} INFO - [2026-04-22T18:21:18.587+0000] {dagbag.py:588} INFO - Filling up the DagBag from /opt/airflow/dags/dag2.py
[2026-04-22T18:21:18.599+0000] {processor.py:925} INFO - DAG(s) 'data_pipeline' retrieved from /opt/airflow/dags/dag2.py
[2026-04-22T18:21:18.624+0000] {logging_mixin.py:190} INFO - [2026-04-22T18:21:18.624+0000] {dag.py:3239} INFO - Sync 1 DAGs
[2026-04-22T18:21:18.651+0000] {logging_mixin.py:190} INFO - [2026-04-22T18:21:18.651+0000] {dag.py:4180} INFO - Setting next_dagrun for data_pipeline to 2026-04-22 15:30:00+00:00, run_after=2026-04-23 15:30:00+00:00
[2026-04-22T18:21:18.667+0000] {processor.py:208} INFO - Processing /opt/airflow/dags/dag2.py took 0.087 seconds
[2026-04-22T18:21:48.983+0000] {processor.py:186} INFO - Started process (PID=7135) to work on /opt/airflow/dags/dag2.py
[2026-04-22T18:21:48.986+0000] {processor.py:914} INFO - Processing file /opt/airflow/dags/dag2.py for tasks to queue
[2026-04-22T18:21:48.989+0000] {logging_mixin.py:190} INFO - [2026-04-22T18:21:48.988+0000] {dagbag.py:588} INFO - Filling up the DagBag from /opt/airflow/dags/dag2.py
[2026-04-22T18:21:49.013+0000] {processor.py:925} INFO - DAG(s) 'data_pipeline' retrieved from /opt/airflow/dags/dag2.py
[2026-04-22T18:21:49.038+0000] {logging_mixin.py:190} INFO - [2026-04-22T18:21:49.038+0000] {dag.py:3239} INFO - Sync 1 DAGs
[2026-04-22T18:21:49.065+0000] {logging_mixin.py:190} INFO - [2026-04-22T18:21:49.065+0000] {dag.py:4180} INFO - Setting next_dagrun for data_pipeline to 2026-04-22 15:30:00+00:00, run_after=2026-04-23 15:30:00+00:00
[2026-04-22T18:21:49.081+0000] {processor.py:208} INFO - Processing /opt/airflow/dags/dag2.py took 0.105 seconds
[2026-04-22T18:22:19.380+0000] {processor.py:186} INFO - Started process (PID=7156) to work on /opt/airflow/dags/dag2.py
[2026-04-22T18:22:19.381+0000] {processor.py:914} INFO - Processing file /opt/airflow/dags/dag2.py for tasks to queue
[2026-04-22T18:22:19.382+0000] {logging_mixin.py:190} INFO - [2026-04-22T18:22:19.381+0000] {dagbag.py:588} INFO - Filling up the DagBag from /opt/airflow/dags/dag2.py
[2026-04-22T18:22:19.393+0000] {processor.py:925} INFO - DAG(s) 'data_pipeline' retrieved from /opt/airflow/dags/dag2.py
[2026-04-22T18:22:19.417+0000] {logging_mixin.py:190} INFO - [2026-04-22T18:22:19.417+0000] {dag.py:3239} INFO - Sync 1 DAGs
[2026-04-22T18:22:19.443+0000] {logging_mixin.py:190} INFO - [2026-04-22T18:22:19.443+0000] {dag.py:4180} INFO - Setting next_dagrun for data_pipeline to 2026-04-22 15:30:00+00:00, run_after=2026-04-23 15:30:00+00:00
[2026-04-22T18:22:19.461+0000] {processor.py:208} INFO - Processing /opt/airflow/dags/dag2.py took 0.086 seconds
[2026-04-22T18:22:49.757+0000] {processor.py:186} INFO - Started process (PID=7177) to work on /opt/airflow/dags/dag2.py
[2026-04-22T18:22:49.757+0000] {processor.py:914} INFO - Processing file /opt/airflow/dags/dag2.py for tasks to queue
[2026-04-22T18:22:49.758+0000] {logging_mixin.py:190} INFO - [2026-04-22T18:22:49.758+0000] {dagbag.py:588} INFO - Filling up the DagBag from /opt/airflow/dags/dag2.py
[2026-04-22T18:22:49.769+0000] {processor.py:925} INFO - DAG(s) 'data_pipeline' retrieved from /opt/airflow/dags/dag2.py
[2026-04-22T18:22:49.793+0000] {logging_mixin.py:190} INFO - [2026-04-22T18:22:49.793+0000] {dag.py:3239} INFO - Sync 1 DAGs
[2026-04-22T18:22:49.819+0000] {logging_mixin.py:190} INFO - [2026-04-22T18:22:49.819+0000] {dag.py:4180} INFO - Setting next_dagrun for data_pipeline to 2026-04-22 15:30:00+00:00, run_after=2026-04-23 15:30:00+00:00
[2026-04-22T18:22:49.837+0000] {processor.py:208} INFO - Processing /opt/airflow/dags/dag2.py took 0.087 seconds
[2026-04-22T18:23:20.166+0000] {processor.py:186} INFO - Started process (PID=7198) to work on /opt/airflow/dags/dag2.py
[2026-04-22T18:23:20.166+0000] {processor.py:914} INFO - Processing file /opt/airflow/dags/dag2.py for tasks to queue
[2026-04-22T18:23:20.168+0000] {logging_mixin.py:190} INFO - [2026-04-22T18:23:20.167+0000] {dagbag.py:588} INFO - Filling up the DagBag from /opt/airflow/dags/dag2.py
[2026-04-22T18:23:20.179+0000] {processor.py:925} INFO - DAG(s) 'data_pipeline' retrieved from /opt/airflow/dags/dag2.py
[2026-04-22T18:23:20.204+0000] {logging_mixin.py:190} INFO - [2026-04-22T18:23:20.204+0000] {dag.py:3239} INFO - Sync 1 DAGs
[2026-04-22T18:23:20.231+0000] {logging_mixin.py:190} INFO - [2026-04-22T18:23:20.230+0000] {dag.py:4180} INFO - Setting next_dagrun for data_pipeline to 2026-04-22 15:30:00+00:00, run_after=2026-04-23 15:30:00+00:00
[2026-04-22T18:23:20.250+0000] {processor.py:208} INFO - Processing /opt/airflow/dags/dag2.py took 0.091 seconds
[2026-04-22T18:23:50.586+0000] {processor.py:186} INFO - Started process (PID=7219) to work on /opt/airflow/dags/dag2.py
[2026-04-22T18:23:50.588+0000] {processor.py:914} INFO - Processing file /opt/airflow/dags/dag2.py for tasks to queue
[2026-04-22T18:23:50.589+0000] {logging_mixin.py:190} INFO - [2026-04-22T18:23:50.589+0000] {dagbag.py:588} INFO - Filling up the DagBag from /opt/airflow/dags/dag2.py
[2026-04-22T18:23:50.600+0000] {processor.py:925} INFO - DAG(s) 'data_pipeline' retrieved from /opt/airflow/dags/dag2.py
[2026-04-22T18:23:50.627+0000] {logging_mixin.py:190} INFO - [2026-04-22T18:23:50.627+0000] {dag.py:3239} INFO - Sync 1 DAGs
[2026-04-22T18:23:50.654+0000] {logging_mixin.py:190} INFO - [2026-04-22T18:23:50.653+0000] {dag.py:4180} INFO - Setting next_dagrun for data_pipeline to 2026-04-22 15:30:00+00:00, run_after=2026-04-23 15:30:00+00:00
[2026-04-22T18:23:50.671+0000] {processor.py:208} INFO - Processing /opt/airflow/dags/dag2.py took 0.091 seconds
[2026-04-22T18:24:20.993+0000] {processor.py:186} INFO - Started process (PID=7240) to work on /opt/airflow/dags/dag2.py
[2026-04-22T18:24:20.994+0000] {processor.py:914} INFO - Processing file /opt/airflow/dags/dag2.py for tasks to queue
[2026-04-22T18:24:20.995+0000] {logging_mixin.py:190} INFO - [2026-04-22T18:24:20.995+0000] {dagbag.py:588} INFO - Filling up the DagBag from /opt/airflow/dags/dag2.py
[2026-04-22T18:24:21.005+0000] {processor.py:925} INFO - DAG(s) 'data_pipeline' retrieved from /opt/airflow/dags/dag2.py
[2026-04-22T18:24:21.028+0000] {logging_mixin.py:190} INFO - [2026-04-22T18:24:21.028+0000] {dag.py:3239} INFO - Sync 1 DAGs
[2026-04-22T18:24:21.056+0000] {logging_mixin.py:190} INFO - [2026-04-22T18:24:21.056+0000] {dag.py:4180} INFO - Setting next_dagrun for data_pipeline to 2026-04-22 15:30:00+00:00, run_after=2026-04-23 15:30:00+00:00
[2026-04-22T18:24:21.072+0000] {processor.py:208} INFO - Processing /opt/airflow/dags/dag2.py took 0.086 seconds
[2026-04-22T18:24:51.402+0000] {processor.py:186} INFO - Started process (PID=7261) to work on /opt/airflow/dags/dag2.py
[2026-04-22T18:24:51.403+0000] {processor.py:914} INFO - Processing file /opt/airflow/dags/dag2.py for tasks to queue
[2026-04-22T18:24:51.404+0000] {logging_mixin.py:190} INFO - [2026-04-22T18:24:51.403+0000] {dagbag.py:588} INFO - Filling up the DagBag from /opt/airflow/dags/dag2.py
[2026-04-22T18:24:51.414+0000] {processor.py:925} INFO - DAG(s) 'data_pipeline' retrieved from /opt/airflow/dags/dag2.py
[2026-04-22T18:24:51.437+0000] {logging_mixin.py:190} INFO - [2026-04-22T18:24:51.436+0000] {dag.py:3239} INFO - Sync 1 DAGs
[2026-04-22T18:24:51.468+0000] {logging_mixin.py:190} INFO - [2026-04-22T18:24:51.467+0000] {dag.py:4180} INFO - Setting next_dagrun for data_pipeline to 2026-04-22 15:30:00+00:00, run_after=2026-04-23 15:30:00+00:00
[2026-04-22T18:24:51.485+0000] {processor.py:208} INFO - Processing /opt/airflow/dags/dag2.py took 0.089 seconds
[2026-04-22T18:25:21.783+0000] {processor.py:186} INFO - Started process (PID=7282) to work on /opt/airflow/dags/dag2.py
[2026-04-22T18:25:21.784+0000] {processor.py:914} INFO - Processing file /opt/airflow/dags/dag2.py for tasks to queue
[2026-04-22T18:25:21.785+0000] {logging_mixin.py:190} INFO - [2026-04-22T18:25:21.784+0000] {dagbag.py:588} INFO - Filling up the DagBag from /opt/airflow/dags/dag2.py
[2026-04-22T18:25:21.795+0000] {processor.py:925} INFO - DAG(s) 'data_pipeline' retrieved from /opt/airflow/dags/dag2.py
[2026-04-22T18:25:21.820+0000] {logging_mixin.py:190} INFO - [2026-04-22T18:25:21.819+0000] {dag.py:3239} INFO - Sync 1 DAGs
[2026-04-22T18:25:21.845+0000] {logging_mixin.py:190} INFO - [2026-04-22T18:25:21.845+0000] {dag.py:4180} INFO - Setting next_dagrun for data_pipeline to 2026-04-22 15:30:00+00:00, run_after=2026-04-23 15:30:00+00:00
[2026-04-22T18:25:21.862+0000] {processor.py:208} INFO - Processing /opt/airflow/dags/dag2.py took 0.085 seconds
[2026-04-22T18:25:52.203+0000] {processor.py:186} INFO - Started process (PID=7303) to work on /opt/airflow/dags/dag2.py
[2026-04-22T18:25:52.204+0000] {processor.py:914} INFO - Processing file /opt/airflow/dags/dag2.py for tasks to queue
[2026-04-22T18:25:52.205+0000] {logging_mixin.py:190} INFO - [2026-04-22T18:25:52.205+0000] {dagbag.py:588} INFO - Filling up the DagBag from /opt/airflow/dags/dag2.py
[2026-04-22T18:25:52.216+0000] {processor.py:925} INFO - DAG(s) 'data_pipeline' retrieved from /opt/airflow/dags/dag2.py
[2026-04-22T18:25:52.239+0000] {logging_mixin.py:190} INFO - [2026-04-22T18:25:52.239+0000] {dag.py:3239} INFO - Sync 1 DAGs
[2026-04-22T18:25:52.266+0000] {logging_mixin.py:190} INFO - [2026-04-22T18:25:52.265+0000] {dag.py:4180} INFO - Setting next_dagrun for data_pipeline to 2026-04-22 15:30:00+00:00, run_after=2026-04-23 15:30:00+00:00
[2026-04-22T18:25:52.284+0000] {processor.py:208} INFO - Processing /opt/airflow/dags/dag2.py took 0.087 seconds
[2026-04-22T18:26:22.573+0000] {processor.py:186} INFO - Started process (PID=7324) to work on /opt/airflow/dags/dag2.py
[2026-04-22T18:26:22.574+0000] {processor.py:914} INFO - Processing file /opt/airflow/dags/dag2.py for tasks to queue
[2026-04-22T18:26:22.575+0000] {logging_mixin.py:190} INFO - [2026-04-22T18:26:22.575+0000] {dagbag.py:588} INFO - Filling up the DagBag from /opt/airflow/dags/dag2.py
[2026-04-22T18:26:22.586+0000] {processor.py:925} INFO - DAG(s) 'data_pipeline' retrieved from /opt/airflow/dags/dag2.py
[2026-04-22T18:26:22.609+0000] {logging_mixin.py:190} INFO - [2026-04-22T18:26:22.609+0000] {dag.py:3239} INFO - Sync 1 DAGs
[2026-04-22T18:26:22.633+0000] {logging_mixin.py:190} INFO - [2026-04-22T18:26:22.633+0000] {dag.py:4180} INFO - Setting next_dagrun for data_pipeline to 2026-04-22 15:30:00+00:00, run_after=2026-04-23 15:30:00+00:00
[2026-04-22T18:26:22.650+0000] {processor.py:208} INFO - Processing /opt/airflow/dags/dag2.py took 0.082 seconds
[2026-04-22T18:26:53.004+0000] {processor.py:186} INFO - Started process (PID=7345) to work on /opt/airflow/dags/dag2.py
[2026-04-22T18:26:53.005+0000] {processor.py:914} INFO - Processing file /opt/airflow/dags/dag2.py for tasks to queue
[2026-04-22T18:26:53.006+0000] {logging_mixin.py:190} INFO - [2026-04-22T18:26:53.005+0000] {dagbag.py:588} INFO - Filling up the DagBag from /opt/airflow/dags/dag2.py
[2026-04-22T18:26:53.016+0000] {processor.py:925} INFO - DAG(s) 'data_pipeline' retrieved from /opt/airflow/dags/dag2.py
[2026-04-22T18:26:53.038+0000] {logging_mixin.py:190} INFO - [2026-04-22T18:26:53.038+0000] {dag.py:3239} INFO - Sync 1 DAGs
[2026-04-22T18:26:53.066+0000] {logging_mixin.py:190} INFO - [2026-04-22T18:26:53.065+0000] {dag.py:4180} INFO - Setting next_dagrun for data_pipeline to 2026-04-22 15:30:00+00:00, run_after=2026-04-23 15:30:00+00:00
[2026-04-22T18:26:53.082+0000] {processor.py:208} INFO - Processing /opt/airflow/dags/dag2.py took 0.085 seconds
[2026-04-22T18:27:23.384+0000] {processor.py:186} INFO - Started process (PID=7366) to work on /opt/airflow/dags/dag2.py
[2026-04-22T18:27:23.385+0000] {processor.py:914} INFO - Processing file /opt/airflow/dags/dag2.py for tasks to queue
[2026-04-22T18:27:23.386+0000] {logging_mixin.py:190} INFO - [2026-04-22T18:27:23.386+0000] {dagbag.py:588} INFO - Filling up the DagBag from /opt/airflow/dags/dag2.py
[2026-04-22T18:27:23.397+0000] {processor.py:925} INFO - DAG(s) 'data_pipeline' retrieved from /opt/airflow/dags/dag2.py
[2026-04-22T18:27:23.420+0000] {logging_mixin.py:190} INFO - [2026-04-22T18:27:23.420+0000] {dag.py:3239} INFO - Sync 1 DAGs
[2026-04-22T18:27:23.447+0000] {logging_mixin.py:190} INFO - [2026-04-22T18:27:23.447+0000] {dag.py:4180} INFO - Setting next_dagrun for data_pipeline to 2026-04-22 15:30:00+00:00, run_after=2026-04-23 15:30:00+00:00
[2026-04-22T18:27:23.464+0000] {processor.py:208} INFO - Processing /opt/airflow/dags/dag2.py took 0.086 seconds
[2026-04-22T18:27:53.769+0000] {processor.py:186} INFO - Started process (PID=7387) to work on /opt/airflow/dags/dag2.py
[2026-04-22T18:27:53.770+0000] {processor.py:914} INFO - Processing file /opt/airflow/dags/dag2.py for tasks to queue
[2026-04-22T18:27:53.771+0000] {logging_mixin.py:190} INFO - [2026-04-22T18:27:53.771+0000] {dagbag.py:588} INFO - Filling up the DagBag from /opt/airflow/dags/dag2.py
[2026-04-22T18:27:53.782+0000] {processor.py:925} INFO - DAG(s) 'data_pipeline' retrieved from /opt/airflow/dags/dag2.py
[2026-04-22T18:27:53.806+0000] {logging_mixin.py:190} INFO - [2026-04-22T18:27:53.806+0000] {dag.py:3239} INFO - Sync 1 DAGs
[2026-04-22T18:27:53.833+0000] {logging_mixin.py:190} INFO - [2026-04-22T18:27:53.832+0000] {dag.py:4180} INFO - Setting next_dagrun for data_pipeline to 2026-04-22 15:30:00+00:00, run_after=2026-04-23 15:30:00+00:00
[2026-04-22T18:27:53.851+0000] {processor.py:208} INFO - Processing /opt/airflow/dags/dag2.py took 0.088 seconds
[2026-04-22T18:28:24.183+0000] {processor.py:186} INFO - Started process (PID=7408) to work on /opt/airflow/dags/dag2.py
[2026-04-22T18:28:24.186+0000] {processor.py:914} INFO - Processing file /opt/airflow/dags/dag2.py for tasks to queue
[2026-04-22T18:28:24.187+0000] {logging_mixin.py:190} INFO - [2026-04-22T18:28:24.187+0000] {dagbag.py:588} INFO - Filling up the DagBag from /opt/airflow/dags/dag2.py
[2026-04-22T18:28:24.199+0000] {processor.py:925} INFO - DAG(s) 'data_pipeline' retrieved from /opt/airflow/dags/dag2.py
[2026-04-22T18:28:24.225+0000] {logging_mixin.py:190} INFO - [2026-04-22T18:28:24.224+0000] {dag.py:3239} INFO - Sync 1 DAGs
[2026-04-22T18:28:24.251+0000] {logging_mixin.py:190} INFO - [2026-04-22T18:28:24.251+0000] {dag.py:4180} INFO - Setting next_dagrun for data_pipeline to 2026-04-22 15:30:00+00:00, run_after=2026-04-23 15:30:00+00:00
[2026-04-22T18:28:24.270+0000] {processor.py:208} INFO - Processing /opt/airflow/dags/dag2.py took 0.094 seconds
[2026-04-22T18:28:54.603+0000] {processor.py:186} INFO - Started process (PID=7429) to work on /opt/airflow/dags/dag2.py
[2026-04-22T18:28:54.604+0000] {processor.py:914} INFO - Processing file /opt/airflow/dags/dag2.py for tasks to queue
[2026-04-22T18:28:54.605+0000] {logging_mixin.py:190} INFO - [2026-04-22T18:28:54.604+0000] {dagbag.py:588} INFO - Filling up the DagBag from /opt/airflow/dags/dag2.py
[2026-04-22T18:28:54.617+0000] {processor.py:925} INFO - DAG(s) 'data_pipeline' retrieved from /opt/airflow/dags/dag2.py
[2026-04-22T18:28:54.639+0000] {logging_mixin.py:190} INFO - [2026-04-22T18:28:54.639+0000] {dag.py:3239} INFO - Sync 1 DAGs
[2026-04-22T18:28:54.665+0000] {logging_mixin.py:190} INFO - [2026-04-22T18:28:54.665+0000] {dag.py:4180} INFO - Setting next_dagrun for data_pipeline to 2026-04-22 15:30:00+00:00, run_after=2026-04-23 15:30:00+00:00
[2026-04-22T18:28:54.683+0000] {processor.py:208} INFO - Processing /opt/airflow/dags/dag2.py took 0.088 seconds
[2026-04-22T18:29:25.016+0000] {processor.py:186} INFO - Started process (PID=7450) to work on /opt/airflow/dags/dag2.py
[2026-04-22T18:29:25.017+0000] {processor.py:914} INFO - Processing file /opt/airflow/dags/dag2.py for tasks to queue
[2026-04-22T18:29:25.018+0000] {logging_mixin.py:190} INFO - [2026-04-22T18:29:25.018+0000] {dagbag.py:588} INFO - Filling up the DagBag from /opt/airflow/dags/dag2.py
[2026-04-22T18:29:25.029+0000] {processor.py:925} INFO - DAG(s) 'data_pipeline' retrieved from /opt/airflow/dags/dag2.py
[2026-04-22T18:29:25.051+0000] {logging_mixin.py:190} INFO - [2026-04-22T18:29:25.051+0000] {dag.py:3239} INFO - Sync 1 DAGs
[2026-04-22T18:29:25.075+0000] {logging_mixin.py:190} INFO - [2026-04-22T18:29:25.075+0000] {dag.py:4180} INFO - Setting next_dagrun for data_pipeline to 2026-04-22 15:30:00+00:00, run_after=2026-04-23 15:30:00+00:00
[2026-04-22T18:29:25.094+0000] {processor.py:208} INFO - Processing /opt/airflow/dags/dag2.py took 0.084 seconds
[2026-04-22T18:29:55.453+0000] {processor.py:186} INFO - Started process (PID=7471) to work on /opt/airflow/dags/dag2.py
[2026-04-22T18:29:55.453+0000] {processor.py:914} INFO - Processing file /opt/airflow/dags/dag2.py for tasks to queue
[2026-04-22T18:29:55.454+0000] {logging_mixin.py:190} INFO - [2026-04-22T18:29:55.454+0000] {dagbag.py:588} INFO - Filling up the DagBag from /opt/airflow/dags/dag2.py
[2026-04-22T18:29:55.465+0000] {processor.py:925} INFO - DAG(s) 'data_pipeline' retrieved from /opt/airflow/dags/dag2.py
[2026-04-22T18:29:55.490+0000] {logging_mixin.py:190} INFO - [2026-04-22T18:29:55.490+0000] {dag.py:3239} INFO - Sync 1 DAGs
[2026-04-22T18:29:55.518+0000] {logging_mixin.py:190} INFO - [2026-04-22T18:29:55.517+0000] {dag.py:4180} INFO - Setting next_dagrun for data_pipeline to 2026-04-22 15:30:00+00:00, run_after=2026-04-23 15:30:00+00:00
[2026-04-22T18:29:55.536+0000] {processor.py:208} INFO - Processing /opt/airflow/dags/dag2.py took 0.089 seconds
[2026-04-22T18:30:25.889+0000] {processor.py:186} INFO - Started process (PID=7492) to work on /opt/airflow/dags/dag2.py
[2026-04-22T18:30:25.890+0000] {processor.py:914} INFO - Processing file /opt/airflow/dags/dag2.py for tasks to queue
[2026-04-22T18:30:25.891+0000] {logging_mixin.py:190} INFO - [2026-04-22T18:30:25.891+0000] {dagbag.py:588} INFO - Filling up the DagBag from /opt/airflow/dags/dag2.py
[2026-04-22T18:30:25.902+0000] {processor.py:925} INFO - DAG(s) 'data_pipeline' retrieved from /opt/airflow/dags/dag2.py
[2026-04-22T18:30:25.925+0000] {logging_mixin.py:190} INFO - [2026-04-22T18:30:25.924+0000] {dag.py:3239} INFO - Sync 1 DAGs
[2026-04-22T18:30:25.949+0000] {logging_mixin.py:190} INFO - [2026-04-22T18:30:25.949+0000] {dag.py:4180} INFO - Setting next_dagrun for data_pipeline to 2026-04-22 15:30:00+00:00, run_after=2026-04-23 15:30:00+00:00
[2026-04-22T18:30:25.965+0000] {processor.py:208} INFO - Processing /opt/airflow/dags/dag2.py took 0.081 seconds
[2026-04-22T18:30:56.264+0000] {processor.py:186} INFO - Started process (PID=7513) to work on /opt/airflow/dags/dag2.py
[2026-04-22T18:30:56.264+0000] {processor.py:914} INFO - Processing file /opt/airflow/dags/dag2.py for tasks to queue
[2026-04-22T18:30:56.265+0000] {logging_mixin.py:190} INFO - [2026-04-22T18:30:56.265+0000] {dagbag.py:588} INFO - Filling up the DagBag from /opt/airflow/dags/dag2.py
[2026-04-22T18:30:56.276+0000] {processor.py:925} INFO - DAG(s) 'data_pipeline' retrieved from /opt/airflow/dags/dag2.py
[2026-04-22T18:30:56.300+0000] {logging_mixin.py:190} INFO - [2026-04-22T18:30:56.299+0000] {dag.py:3239} INFO - Sync 1 DAGs
[2026-04-22T18:30:56.324+0000] {logging_mixin.py:190} INFO - [2026-04-22T18:30:56.324+0000] {dag.py:4180} INFO - Setting next_dagrun for data_pipeline to 2026-04-22 15:30:00+00:00, run_after=2026-04-23 15:30:00+00:00
[2026-04-22T18:30:56.340+0000] {processor.py:208} INFO - Processing /opt/airflow/dags/dag2.py took 0.082 seconds
[2026-04-22T18:31:26.670+0000] {processor.py:186} INFO - Started process (PID=7534) to work on /opt/airflow/dags/dag2.py
[2026-04-22T18:31:26.676+0000] {processor.py:914} INFO - Processing file /opt/airflow/dags/dag2.py for tasks to queue
[2026-04-22T18:31:26.677+0000] {logging_mixin.py:190} INFO - [2026-04-22T18:31:26.677+0000] {dagbag.py:588} INFO - Filling up the DagBag from /opt/airflow/dags/dag2.py
[2026-04-22T18:31:26.688+0000] {processor.py:925} INFO - DAG(s) 'data_pipeline' retrieved from /opt/airflow/dags/dag2.py
[2026-04-22T18:31:26.713+0000] {logging_mixin.py:190} INFO - [2026-04-22T18:31:26.713+0000] {dag.py:3239} INFO - Sync 1 DAGs
[2026-04-22T18:31:26.739+0000] {logging_mixin.py:190} INFO - [2026-04-22T18:31:26.739+0000] {dag.py:4180} INFO - Setting next_dagrun for data_pipeline to 2026-04-22 15:30:00+00:00, run_after=2026-04-23 15:30:00+00:00
[2026-04-22T18:31:26.755+0000] {processor.py:208} INFO - Processing /opt/airflow/dags/dag2.py took 0.091 seconds
[2026-04-22T18:31:57.067+0000] {processor.py:186} INFO - Started process (PID=7555) to work on /opt/airflow/dags/dag2.py
[2026-04-22T18:31:57.068+0000] {processor.py:914} INFO - Processing file /opt/airflow/dags/dag2.py for tasks to queue
[2026-04-22T18:31:57.070+0000] {logging_mixin.py:190} INFO - [2026-04-22T18:31:57.069+0000] {dagbag.py:588} INFO - Filling up the DagBag from /opt/airflow/dags/dag2.py
[2026-04-22T18:31:57.081+0000] {processor.py:925} INFO - DAG(s) 'data_pipeline' retrieved from /opt/airflow/dags/dag2.py
[2026-04-22T18:31:57.113+0000] {logging_mixin.py:190} INFO - [2026-04-22T18:31:57.112+0000] {dag.py:3239} INFO - Sync 1 DAGs
[2026-04-22T18:31:57.139+0000] {logging_mixin.py:190} INFO - [2026-04-22T18:31:57.139+0000] {dag.py:4180} INFO - Setting next_dagrun for data_pipeline to 2026-04-22 15:30:00+00:00, run_after=2026-04-23 15:30:00+00:00
[2026-04-22T18:31:57.157+0000] {processor.py:208} INFO - Processing /opt/airflow/dags/dag2.py took 0.095 seconds
[2026-04-22T18:32:27.489+0000] {processor.py:186} INFO - Started process (PID=7576) to work on /opt/airflow/dags/dag2.py
[2026-04-22T18:32:27.490+0000] {processor.py:914} INFO - Processing file /opt/airflow/dags/dag2.py for tasks to queue
[2026-04-22T18:32:27.491+0000] {logging_mixin.py:190} INFO - [2026-04-22T18:32:27.491+0000] {dagbag.py:588} INFO - Filling up the DagBag from /opt/airflow/dags/dag2.py
[2026-04-22T18:32:27.502+0000] {processor.py:925} INFO - DAG(s) 'data_pipeline' retrieved from /opt/airflow/dags/dag2.py
[2026-04-22T18:32:27.526+0000] {logging_mixin.py:190} INFO - [2026-04-22T18:32:27.526+0000] {dag.py:3239} INFO - Sync 1 DAGs
[2026-04-22T18:32:27.554+0000] {logging_mixin.py:190} INFO - [2026-04-22T18:32:27.554+0000] {dag.py:4180} INFO - Setting next_dagrun for data_pipeline to 2026-04-22 15:30:00+00:00, run_after=2026-04-23 15:30:00+00:00
[2026-04-22T18:32:27.571+0000] {processor.py:208} INFO - Processing /opt/airflow/dags/dag2.py took 0.088 seconds
[2026-04-22T18:32:57.903+0000] {processor.py:186} INFO - Started process (PID=7597) to work on /opt/airflow/dags/dag2.py
[2026-04-22T18:32:57.904+0000] {processor.py:914} INFO - Processing file /opt/airflow/dags/dag2.py for tasks to queue
[2026-04-22T18:32:57.905+0000] {logging_mixin.py:190} INFO - [2026-04-22T18:32:57.905+0000] {dagbag.py:588} INFO - Filling up the DagBag from /opt/airflow/dags/dag2.py
[2026-04-22T18:32:57.916+0000] {processor.py:925} INFO - DAG(s) 'data_pipeline' retrieved from /opt/airflow/dags/dag2.py
[2026-04-22T18:32:57.938+0000] {logging_mixin.py:190} INFO - [2026-04-22T18:32:57.938+0000] {dag.py:3239} INFO - Sync 1 DAGs
[2026-04-22T18:32:57.965+0000] {logging_mixin.py:190} INFO - [2026-04-22T18:32:57.965+0000] {dag.py:4180} INFO - Setting next_dagrun for data_pipeline to 2026-04-22 15:30:00+00:00, run_after=2026-04-23 15:30:00+00:00
[2026-04-22T18:32:57.981+0000] {processor.py:208} INFO - Processing /opt/airflow/dags/dag2.py took 0.084 seconds
[2026-04-22T18:33:28.305+0000] {processor.py:186} INFO - Started process (PID=7618) to work on /opt/airflow/dags/dag2.py
[2026-04-22T18:33:28.306+0000] {processor.py:914} INFO - Processing file /opt/airflow/dags/dag2.py for tasks to queue
[2026-04-22T18:33:28.307+0000] {logging_mixin.py:190} INFO - [2026-04-22T18:33:28.307+0000] {dagbag.py:588} INFO - Filling up the DagBag from /opt/airflow/dags/dag2.py
[2026-04-22T18:33:28.317+0000] {processor.py:925} INFO - DAG(s) 'data_pipeline' retrieved from /opt/airflow/dags/dag2.py
[2026-04-22T18:33:28.341+0000] {logging_mixin.py:190} INFO - [2026-04-22T18:33:28.341+0000] {dag.py:3239} INFO - Sync 1 DAGs
[2026-04-22T18:33:28.365+0000] {logging_mixin.py:190} INFO - [2026-04-22T18:33:28.365+0000] {dag.py:4180} INFO - Setting next_dagrun for data_pipeline to 2026-04-22 15:30:00+00:00, run_after=2026-04-23 15:30:00+00:00
[2026-04-22T18:33:28.382+0000] {processor.py:208} INFO - Processing /opt/airflow/dags/dag2.py took 0.083 seconds
[2026-04-22T18:33:58.701+0000] {processor.py:186} INFO - Started process (PID=7639) to work on /opt/airflow/dags/dag2.py
[2026-04-22T18:33:58.702+0000] {processor.py:914} INFO - Processing file /opt/airflow/dags/dag2.py for tasks to queue
[2026-04-22T18:33:58.703+0000] {logging_mixin.py:190} INFO - [2026-04-22T18:33:58.702+0000] {dagbag.py:588} INFO - Filling up the DagBag from /opt/airflow/dags/dag2.py
[2026-04-22T18:33:58.714+0000] {processor.py:925} INFO - DAG(s) 'data_pipeline' retrieved from /opt/airflow/dags/dag2.py
[2026-04-22T18:33:58.738+0000] {logging_mixin.py:190} INFO - [2026-04-22T18:33:58.737+0000] {dag.py:3239} INFO - Sync 1 DAGs
[2026-04-22T18:33:58.762+0000] {logging_mixin.py:190} INFO - [2026-04-22T18:33:58.762+0000] {dag.py:4180} INFO - Setting next_dagrun for data_pipeline to 2026-04-22 15:30:00+00:00, run_after=2026-04-23 15:30:00+00:00
[2026-04-22T18:33:58.778+0000] {processor.py:208} INFO - Processing /opt/airflow/dags/dag2.py took 0.082 seconds
[2026-04-22T18:34:29.126+0000] {processor.py:186} INFO - Started process (PID=7660) to work on /opt/airflow/dags/dag2.py
[2026-04-22T18:34:29.127+0000] {processor.py:914} INFO - Processing file /opt/airflow/dags/dag2.py for tasks to queue
[2026-04-22T18:34:29.128+0000] {logging_mixin.py:190} INFO - [2026-04-22T18:34:29.128+0000] {dagbag.py:588} INFO - Filling up the DagBag from /opt/airflow/dags/dag2.py
[2026-04-22T18:34:29.139+0000] {processor.py:925} INFO - DAG(s) 'data_pipeline' retrieved from /opt/airflow/dags/dag2.py
[2026-04-22T18:34:29.163+0000] {logging_mixin.py:190} INFO - [2026-04-22T18:34:29.162+0000] {dag.py:3239} INFO - Sync 1 DAGs
[2026-04-22T18:34:29.188+0000] {logging_mixin.py:190} INFO - [2026-04-22T18:34:29.188+0000] {dag.py:4180} INFO - Setting next_dagrun for data_pipeline to 2026-04-22 15:30:00+00:00, run_after=2026-04-23 15:30:00+00:00
[2026-04-22T18:34:29.204+0000] {processor.py:208} INFO - Processing /opt/airflow/dags/dag2.py took 0.083 seconds
[2026-04-22T18:34:59.521+0000] {processor.py:186} INFO - Started process (PID=7681) to work on /opt/airflow/dags/dag2.py
[2026-04-22T18:34:59.521+0000] {processor.py:914} INFO - Processing file /opt/airflow/dags/dag2.py for tasks to queue
[2026-04-22T18:34:59.522+0000] {logging_mixin.py:190} INFO - [2026-04-22T18:34:59.522+0000] {dagbag.py:588} INFO - Filling up the DagBag from /opt/airflow/dags/dag2.py
[2026-04-22T18:34:59.533+0000] {processor.py:925} INFO - DAG(s) 'data_pipeline' retrieved from /opt/airflow/dags/dag2.py
[2026-04-22T18:34:59.561+0000] {logging_mixin.py:190} INFO - [2026-04-22T18:34:59.561+0000] {dag.py:3239} INFO - Sync 1 DAGs
[2026-04-22T18:34:59.586+0000] {logging_mixin.py:190} INFO - [2026-04-22T18:34:59.586+0000] {dag.py:4180} INFO - Setting next_dagrun for data_pipeline to 2026-04-22 15:30:00+00:00, run_after=2026-04-23 15:30:00+00:00
[2026-04-22T18:34:59.608+0000] {processor.py:208} INFO - Processing /opt/airflow/dags/dag2.py took 0.093 seconds
[2026-04-22T18:35:29.946+0000] {processor.py:186} INFO - Started process (PID=7702) to work on /opt/airflow/dags/dag2.py
[2026-04-22T18:35:29.947+0000] {processor.py:914} INFO - Processing file /opt/airflow/dags/dag2.py for tasks to queue
[2026-04-22T18:35:29.949+0000] {logging_mixin.py:190} INFO - [2026-04-22T18:35:29.949+0000] {dagbag.py:588} INFO - Filling up the DagBag from /opt/airflow/dags/dag2.py
[2026-04-22T18:35:29.960+0000] {processor.py:925} INFO - DAG(s) 'data_pipeline' retrieved from /opt/airflow/dags/dag2.py
[2026-04-22T18:35:29.983+0000] {logging_mixin.py:190} INFO - [2026-04-22T18:35:29.983+0000] {dag.py:3239} INFO - Sync 1 DAGs
[2026-04-22T18:35:30.008+0000] {logging_mixin.py:190} INFO - [2026-04-22T18:35:30.008+0000] {dag.py:4180} INFO - Setting next_dagrun for data_pipeline to 2026-04-22 15:30:00+00:00, run_after=2026-04-23 15:30:00+00:00
[2026-04-22T18:35:30.025+0000] {processor.py:208} INFO - Processing /opt/airflow/dags/dag2.py took 0.086 seconds
[2026-04-22T18:36:00.369+0000] {processor.py:186} INFO - Started process (PID=7723) to work on /opt/airflow/dags/dag2.py
[2026-04-22T18:36:00.370+0000] {processor.py:914} INFO - Processing file /opt/airflow/dags/dag2.py for tasks to queue
[2026-04-22T18:36:00.371+0000] {logging_mixin.py:190} INFO - [2026-04-22T18:36:00.371+0000] {dagbag.py:588} INFO - Filling up the DagBag from /opt/airflow/dags/dag2.py
[2026-04-22T18:36:00.382+0000] {processor.py:925} INFO - DAG(s) 'data_pipeline' retrieved from /opt/airflow/dags/dag2.py
[2026-04-22T18:36:00.408+0000] {logging_mixin.py:190} INFO - [2026-04-22T18:36:00.408+0000] {dag.py:3239} INFO - Sync 1 DAGs
[2026-04-22T18:36:00.436+0000] {logging_mixin.py:190} INFO - [2026-04-22T18:36:00.436+0000] {dag.py:4180} INFO - Setting next_dagrun for data_pipeline to 2026-04-22 15:30:00+00:00, run_after=2026-04-23 15:30:00+00:00
[2026-04-22T18:36:00.451+0000] {processor.py:208} INFO - Processing /opt/airflow/dags/dag2.py took 0.089 seconds
[2026-04-22T18:36:30.939+0000] {processor.py:186} INFO - Started process (PID=7742) to work on /opt/airflow/dags/dag2.py
[2026-04-22T18:36:30.940+0000] {processor.py:914} INFO - Processing file /opt/airflow/dags/dag2.py for tasks to queue
[2026-04-22T18:36:30.941+0000] {logging_mixin.py:190} INFO - [2026-04-22T18:36:30.941+0000] {dagbag.py:588} INFO - Filling up the DagBag from /opt/airflow/dags/dag2.py
[2026-04-22T18:36:30.952+0000] {processor.py:925} INFO - DAG(s) 'data_pipeline' retrieved from /opt/airflow/dags/dag2.py
[2026-04-22T18:36:30.975+0000] {logging_mixin.py:190} INFO - [2026-04-22T18:36:30.975+0000] {dag.py:3239} INFO - Sync 1 DAGs
[2026-04-22T18:36:31.000+0000] {logging_mixin.py:190} INFO - [2026-04-22T18:36:30.999+0000] {dag.py:4180} INFO - Setting next_dagrun for data_pipeline to 2026-04-22 15:30:00+00:00, run_after=2026-04-23 15:30:00+00:00
[2026-04-22T18:36:31.015+0000] {processor.py:208} INFO - Processing /opt/airflow/dags/dag2.py took 0.083 seconds
[2026-04-22T18:37:01.614+0000] {processor.py:186} INFO - Started process (PID=7765) to work on /opt/airflow/dags/dag2.py
[2026-04-22T18:37:01.615+0000] {processor.py:914} INFO - Processing file /opt/airflow/dags/dag2.py for tasks to queue
[2026-04-22T18:37:01.617+0000] {logging_mixin.py:190} INFO - [2026-04-22T18:37:01.617+0000] {dagbag.py:588} INFO - Filling up the DagBag from /opt/airflow/dags/dag2.py
[2026-04-22T18:37:01.639+0000] {processor.py:925} INFO - DAG(s) 'data_pipeline' retrieved from /opt/airflow/dags/dag2.py
[2026-04-22T18:37:01.696+0000] {logging_mixin.py:190} INFO - [2026-04-22T18:37:01.696+0000] {dag.py:3239} INFO - Sync 1 DAGs
[2026-04-22T18:37:01.754+0000] {logging_mixin.py:190} INFO - [2026-04-22T18:37:01.753+0000] {dag.py:4180} INFO - Setting next_dagrun for data_pipeline to 2026-04-22 15:30:00+00:00, run_after=2026-04-23 15:30:00+00:00
[2026-04-22T18:37:01.788+0000] {processor.py:208} INFO - Processing /opt/airflow/dags/dag2.py took 0.183 seconds
[2026-04-22T18:37:32.369+0000] {processor.py:186} INFO - Started process (PID=7786) to work on /opt/airflow/dags/dag2.py
[2026-04-22T18:37:32.378+0000] {processor.py:914} INFO - Processing file /opt/airflow/dags/dag2.py for tasks to queue
[2026-04-22T18:37:32.383+0000] {logging_mixin.py:190} INFO - [2026-04-22T18:37:32.382+0000] {dagbag.py:588} INFO - Filling up the DagBag from /opt/airflow/dags/dag2.py
[2026-04-22T18:37:32.433+0000] {processor.py:925} INFO - DAG(s) 'data_pipeline' retrieved from /opt/airflow/dags/dag2.py
[2026-04-22T18:37:32.478+0000] {logging_mixin.py:190} INFO - [2026-04-22T18:37:32.477+0000] {dag.py:3239} INFO - Sync 1 DAGs
[2026-04-22T18:37:32.524+0000] {logging_mixin.py:190} INFO - [2026-04-22T18:37:32.524+0000] {dag.py:4180} INFO - Setting next_dagrun for data_pipeline to 2026-04-22 15:30:00+00:00, run_after=2026-04-23 15:30:00+00:00
[2026-04-22T18:37:32.554+0000] {processor.py:208} INFO - Processing /opt/airflow/dags/dag2.py took 0.216 seconds
[2026-04-22T18:38:03.096+0000] {processor.py:186} INFO - Started process (PID=7807) to work on /opt/airflow/dags/dag2.py
[2026-04-22T18:38:03.098+0000] {processor.py:914} INFO - Processing file /opt/airflow/dags/dag2.py for tasks to queue
[2026-04-22T18:38:03.104+0000] {logging_mixin.py:190} INFO - [2026-04-22T18:38:03.103+0000] {dagbag.py:588} INFO - Filling up the DagBag from /opt/airflow/dags/dag2.py
[2026-04-22T18:38:03.147+0000] {processor.py:925} INFO - DAG(s) 'data_pipeline' retrieved from /opt/airflow/dags/dag2.py
[2026-04-22T18:38:03.229+0000] {logging_mixin.py:190} INFO - [2026-04-22T18:38:03.228+0000] {dag.py:3239} INFO - Sync 1 DAGs
[2026-04-22T18:38:03.328+0000] {logging_mixin.py:190} INFO - [2026-04-22T18:38:03.327+0000] {dag.py:4180} INFO - Setting next_dagrun for data_pipeline to 2026-04-22 15:30:00+00:00, run_after=2026-04-23 15:30:00+00:00
[2026-04-22T18:38:03.381+0000] {processor.py:208} INFO - Processing /opt/airflow/dags/dag2.py took 0.317 seconds
[2026-04-22T18:38:34.457+0000] {processor.py:186} INFO - Started process (PID=7828) to work on /opt/airflow/dags/dag2.py
[2026-04-22T18:38:34.459+0000] {processor.py:914} INFO - Processing file /opt/airflow/dags/dag2.py for tasks to queue
[2026-04-22T18:38:34.463+0000] {logging_mixin.py:190} INFO - [2026-04-22T18:38:34.462+0000] {dagbag.py:588} INFO - Filling up the DagBag from /opt/airflow/dags/dag2.py
[2026-04-22T18:38:34.499+0000] {processor.py:925} INFO - DAG(s) 'data_pipeline' retrieved from /opt/airflow/dags/dag2.py
[2026-04-22T18:38:34.544+0000] {logging_mixin.py:190} INFO - [2026-04-22T18:38:34.543+0000] {dag.py:3239} INFO - Sync 1 DAGs
[2026-04-22T18:38:34.574+0000] {logging_mixin.py:190} INFO - [2026-04-22T18:38:34.573+0000] {dag.py:4180} INFO - Setting next_dagrun for data_pipeline to 2026-04-22 15:30:00+00:00, run_after=2026-04-23 15:30:00+00:00
[2026-04-22T18:38:34.597+0000] {processor.py:208} INFO - Processing /opt/airflow/dags/dag2.py took 0.164 seconds
[2026-04-22T18:39:04.962+0000] {processor.py:186} INFO - Started process (PID=7849) to work on /opt/airflow/dags/dag2.py
[2026-04-22T18:39:04.964+0000] {processor.py:914} INFO - Processing file /opt/airflow/dags/dag2.py for tasks to queue
[2026-04-22T18:39:04.968+0000] {logging_mixin.py:190} INFO - [2026-04-22T18:39:04.967+0000] {dagbag.py:588} INFO - Filling up the DagBag from /opt/airflow/dags/dag2.py
[2026-04-22T18:39:05.009+0000] {processor.py:925} INFO - DAG(s) 'data_pipeline' retrieved from /opt/airflow/dags/dag2.py
[2026-04-22T18:39:05.070+0000] {logging_mixin.py:190} INFO - [2026-04-22T18:39:05.069+0000] {dag.py:3239} INFO - Sync 1 DAGs
[2026-04-22T18:39:05.125+0000] {logging_mixin.py:190} INFO - [2026-04-22T18:39:05.124+0000] {dag.py:4180} INFO - Setting next_dagrun for data_pipeline to 2026-04-22 15:30:00+00:00, run_after=2026-04-23 15:30:00+00:00
[2026-04-22T18:39:05.160+0000] {processor.py:208} INFO - Processing /opt/airflow/dags/dag2.py took 0.221 seconds
[2026-04-22T18:39:35.527+0000] {processor.py:186} INFO - Started process (PID=7870) to work on /opt/airflow/dags/dag2.py
[2026-04-22T18:39:35.534+0000] {processor.py:914} INFO - Processing file /opt/airflow/dags/dag2.py for tasks to queue
[2026-04-22T18:39:35.535+0000] {logging_mixin.py:190} INFO - [2026-04-22T18:39:35.535+0000] {dagbag.py:588} INFO - Filling up the DagBag from /opt/airflow/dags/dag2.py
[2026-04-22T18:39:35.545+0000] {processor.py:925} INFO - DAG(s) 'data_pipeline' retrieved from /opt/airflow/dags/dag2.py
[2026-04-22T18:39:35.568+0000] {logging_mixin.py:190} INFO - [2026-04-22T18:39:35.568+0000] {dag.py:3239} INFO - Sync 1 DAGs
[2026-04-22T18:39:35.591+0000] {logging_mixin.py:190} INFO - [2026-04-22T18:39:35.591+0000] {dag.py:4180} INFO - Setting next_dagrun for data_pipeline to 2026-04-22 15:30:00+00:00, run_after=2026-04-23 15:30:00+00:00
[2026-04-22T18:39:35.611+0000] {processor.py:208} INFO - Processing /opt/airflow/dags/dag2.py took 0.091 seconds
[2026-04-22T18:40:05.948+0000] {processor.py:186} INFO - Started process (PID=7891) to work on /opt/airflow/dags/dag2.py
[2026-04-22T18:40:05.949+0000] {processor.py:914} INFO - Processing file /opt/airflow/dags/dag2.py for tasks to queue
[2026-04-22T18:40:05.950+0000] {logging_mixin.py:190} INFO - [2026-04-22T18:40:05.950+0000] {dagbag.py:588} INFO - Filling up the DagBag from /opt/airflow/dags/dag2.py
[2026-04-22T18:40:05.961+0000] {processor.py:925} INFO - DAG(s) 'data_pipeline' retrieved from /opt/airflow/dags/dag2.py
[2026-04-22T18:40:05.984+0000] {logging_mixin.py:190} INFO - [2026-04-22T18:40:05.984+0000] {dag.py:3239} INFO - Sync 1 DAGs
[2026-04-22T18:40:06.009+0000] {logging_mixin.py:190} INFO - [2026-04-22T18:40:06.009+0000] {dag.py:4180} INFO - Setting next_dagrun for data_pipeline to 2026-04-22 15:30:00+00:00, run_after=2026-04-23 15:30:00+00:00
[2026-04-22T18:40:06.024+0000] {processor.py:208} INFO - Processing /opt/airflow/dags/dag2.py took 0.084 seconds
[2026-04-22T18:40:36.379+0000] {processor.py:186} INFO - Started process (PID=7912) to work on /opt/airflow/dags/dag2.py
[2026-04-22T18:40:36.386+0000] {processor.py:914} INFO - Processing file /opt/airflow/dags/dag2.py for tasks to queue
[2026-04-22T18:40:36.388+0000] {logging_mixin.py:190} INFO - [2026-04-22T18:40:36.388+0000] {dagbag.py:588} INFO - Filling up the DagBag from /opt/airflow/dags/dag2.py
[2026-04-22T18:40:36.403+0000] {processor.py:925} INFO - DAG(s) 'data_pipeline' retrieved from /opt/airflow/dags/dag2.py
[2026-04-22T18:40:36.427+0000] {logging_mixin.py:190} INFO - [2026-04-22T18:40:36.427+0000] {dag.py:3239} INFO - Sync 1 DAGs
[2026-04-22T18:40:36.450+0000] {logging_mixin.py:190} INFO - [2026-04-22T18:40:36.450+0000] {dag.py:4180} INFO - Setting next_dagrun for data_pipeline to 2026-04-22 15:30:00+00:00, run_after=2026-04-23 15:30:00+00:00
[2026-04-22T18:40:36.470+0000] {processor.py:208} INFO - Processing /opt/airflow/dags/dag2.py took 0.111 seconds
[2026-04-22T18:41:06.772+0000] {processor.py:186} INFO - Started process (PID=7933) to work on /opt/airflow/dags/dag2.py
[2026-04-22T18:41:06.773+0000] {processor.py:914} INFO - Processing file /opt/airflow/dags/dag2.py for tasks to queue
[2026-04-22T18:41:06.774+0000] {logging_mixin.py:190} INFO - [2026-04-22T18:41:06.774+0000] {dagbag.py:588} INFO - Filling up the DagBag from /opt/airflow/dags/dag2.py
[2026-04-22T18:41:06.786+0000] {processor.py:925} INFO - DAG(s) 'data_pipeline' retrieved from /opt/airflow/dags/dag2.py
[2026-04-22T18:41:06.808+0000] {logging_mixin.py:190} INFO - [2026-04-22T18:41:06.808+0000] {dag.py:3239} INFO - Sync 1 DAGs
[2026-04-22T18:41:06.832+0000] {logging_mixin.py:190} INFO - [2026-04-22T18:41:06.831+0000] {dag.py:4180} INFO - Setting next_dagrun for data_pipeline to 2026-04-22 15:30:00+00:00, run_after=2026-04-23 15:30:00+00:00
[2026-04-22T18:41:06.847+0000] {processor.py:208} INFO - Processing /opt/airflow/dags/dag2.py took 0.086 seconds
[2026-04-22T18:41:37.128+0000] {processor.py:186} INFO - Started process (PID=7954) to work on /opt/airflow/dags/dag2.py
[2026-04-22T18:41:37.135+0000] {processor.py:914} INFO - Processing file /opt/airflow/dags/dag2.py for tasks to queue
[2026-04-22T18:41:37.136+0000] {logging_mixin.py:190} INFO - [2026-04-22T18:41:37.136+0000] {dagbag.py:588} INFO - Filling up the DagBag from /opt/airflow/dags/dag2.py
[2026-04-22T18:41:37.147+0000] {processor.py:925} INFO - DAG(s) 'data_pipeline' retrieved from /opt/airflow/dags/dag2.py
[2026-04-22T18:41:37.169+0000] {logging_mixin.py:190} INFO - [2026-04-22T18:41:37.169+0000] {dag.py:3239} INFO - Sync 1 DAGs
[2026-04-22T18:41:37.192+0000] {logging_mixin.py:190} INFO - [2026-04-22T18:41:37.192+0000] {dag.py:4180} INFO - Setting next_dagrun for data_pipeline to 2026-04-22 15:30:00+00:00, run_after=2026-04-23 15:30:00+00:00
[2026-04-22T18:41:37.208+0000] {processor.py:208} INFO - Processing /opt/airflow/dags/dag2.py took 0.087 seconds
[2026-04-22T18:42:07.509+0000] {processor.py:186} INFO - Started process (PID=7975) to work on /opt/airflow/dags/dag2.py
[2026-04-22T18:42:07.510+0000] {processor.py:914} INFO - Processing file /opt/airflow/dags/dag2.py for tasks to queue
[2026-04-22T18:42:07.511+0000] {logging_mixin.py:190} INFO - [2026-04-22T18:42:07.511+0000] {dagbag.py:588} INFO - Filling up the DagBag from /opt/airflow/dags/dag2.py
[2026-04-22T18:42:07.525+0000] {processor.py:925} INFO - DAG(s) 'data_pipeline' retrieved from /opt/airflow/dags/dag2.py
[2026-04-22T18:42:07.546+0000] {logging_mixin.py:190} INFO - [2026-04-22T18:42:07.546+0000] {dag.py:3239} INFO - Sync 1 DAGs
[2026-04-22T18:42:07.568+0000] {logging_mixin.py:190} INFO - [2026-04-22T18:42:07.568+0000] {dag.py:4180} INFO - Setting next_dagrun for data_pipeline to 2026-04-22 15:30:00+00:00, run_after=2026-04-23 15:30:00+00:00
[2026-04-22T18:42:07.587+0000] {processor.py:208} INFO - Processing /opt/airflow/dags/dag2.py took 0.093 seconds
[2026-04-22T18:42:37.881+0000] {processor.py:186} INFO - Started process (PID=7996) to work on /opt/airflow/dags/dag2.py
[2026-04-22T18:42:37.888+0000] {processor.py:914} INFO - Processing file /opt/airflow/dags/dag2.py for tasks to queue
[2026-04-22T18:42:37.891+0000] {logging_mixin.py:190} INFO - [2026-04-22T18:42:37.890+0000] {dagbag.py:588} INFO - Filling up the DagBag from /opt/airflow/dags/dag2.py
[2026-04-22T18:42:37.907+0000] {processor.py:925} INFO - DAG(s) 'data_pipeline' retrieved from /opt/airflow/dags/dag2.py
[2026-04-22T18:42:37.934+0000] {logging_mixin.py:190} INFO - [2026-04-22T18:42:37.934+0000] {dag.py:3239} INFO - Sync 1 DAGs
[2026-04-22T18:42:37.959+0000] {logging_mixin.py:190} INFO - [2026-04-22T18:42:37.959+0000] {dag.py:4180} INFO - Setting next_dagrun for data_pipeline to 2026-04-22 15:30:00+00:00, run_after=2026-04-23 15:30:00+00:00
[2026-04-22T18:42:37.975+0000] {processor.py:208} INFO - Processing /opt/airflow/dags/dag2.py took 0.106 seconds
[2026-04-22T18:43:08.255+0000] {processor.py:186} INFO - Started process (PID=8017) to work on /opt/airflow/dags/dag2.py
[2026-04-22T18:43:08.256+0000] {processor.py:914} INFO - Processing file /opt/airflow/dags/dag2.py for tasks to queue
[2026-04-22T18:43:08.258+0000] {logging_mixin.py:190} INFO - [2026-04-22T18:43:08.257+0000] {dagbag.py:588} INFO - Filling up the DagBag from /opt/airflow/dags/dag2.py
[2026-04-22T18:43:08.270+0000] {processor.py:925} INFO - DAG(s) 'data_pipeline' retrieved from /opt/airflow/dags/dag2.py
[2026-04-22T18:43:08.292+0000] {logging_mixin.py:190} INFO - [2026-04-22T18:43:08.292+0000] {dag.py:3239} INFO - Sync 1 DAGs
[2026-04-22T18:43:08.316+0000] {logging_mixin.py:190} INFO - [2026-04-22T18:43:08.315+0000] {dag.py:4180} INFO - Setting next_dagrun for data_pipeline to 2026-04-22 15:30:00+00:00, run_after=2026-04-23 15:30:00+00:00
[2026-04-22T18:43:08.333+0000] {processor.py:208} INFO - Processing /opt/airflow/dags/dag2.py took 0.090 seconds
[2026-04-22T18:43:38.645+0000] {processor.py:186} INFO - Started process (PID=8038) to work on /opt/airflow/dags/dag2.py
[2026-04-22T18:43:38.652+0000] {processor.py:914} INFO - Processing file /opt/airflow/dags/dag2.py for tasks to queue
[2026-04-22T18:43:38.654+0000] {logging_mixin.py:190} INFO - [2026-04-22T18:43:38.654+0000] {dagbag.py:588} INFO - Filling up the DagBag from /opt/airflow/dags/dag2.py
[2026-04-22T18:43:38.667+0000] {processor.py:925} INFO - DAG(s) 'data_pipeline' retrieved from /opt/airflow/dags/dag2.py
[2026-04-22T18:43:38.690+0000] {logging_mixin.py:190} INFO - [2026-04-22T18:43:38.690+0000] {dag.py:3239} INFO - Sync 1 DAGs
[2026-04-22T18:43:38.712+0000] {logging_mixin.py:190} INFO - [2026-04-22T18:43:38.712+0000] {dag.py:4180} INFO - Setting next_dagrun for data_pipeline to 2026-04-22 15:30:00+00:00, run_after=2026-04-23 15:30:00+00:00
[2026-04-22T18:43:38.730+0000] {processor.py:208} INFO - Processing /opt/airflow/dags/dag2.py took 0.103 seconds
[2026-04-22T18:44:09.024+0000] {processor.py:186} INFO - Started process (PID=8059) to work on /opt/airflow/dags/dag2.py
[2026-04-22T18:44:09.024+0000] {processor.py:914} INFO - Processing file /opt/airflow/dags/dag2.py for tasks to queue
[2026-04-22T18:44:09.026+0000] {logging_mixin.py:190} INFO - [2026-04-22T18:44:09.025+0000] {dagbag.py:588} INFO - Filling up the DagBag from /opt/airflow/dags/dag2.py
[2026-04-22T18:44:09.037+0000] {processor.py:925} INFO - DAG(s) 'data_pipeline' retrieved from /opt/airflow/dags/dag2.py
[2026-04-22T18:44:09.059+0000] {logging_mixin.py:190} INFO - [2026-04-22T18:44:09.059+0000] {dag.py:3239} INFO - Sync 1 DAGs
[2026-04-22T18:44:09.084+0000] {logging_mixin.py:190} INFO - [2026-04-22T18:44:09.084+0000] {dag.py:4180} INFO - Setting next_dagrun for data_pipeline to 2026-04-22 15:30:00+00:00, run_after=2026-04-23 15:30:00+00:00
[2026-04-22T18:44:09.101+0000] {processor.py:208} INFO - Processing /opt/airflow/dags/dag2.py took 0.087 seconds
[2026-04-22T18:44:39.385+0000] {processor.py:186} INFO - Started process (PID=8080) to work on /opt/airflow/dags/dag2.py
[2026-04-22T18:44:39.392+0000] {processor.py:914} INFO - Processing file /opt/airflow/dags/dag2.py for tasks to queue
[2026-04-22T18:44:39.394+0000] {logging_mixin.py:190} INFO - [2026-04-22T18:44:39.394+0000] {dagbag.py:588} INFO - Filling up the DagBag from /opt/airflow/dags/dag2.py
[2026-04-22T18:44:39.405+0000] {processor.py:925} INFO - DAG(s) 'data_pipeline' retrieved from /opt/airflow/dags/dag2.py
[2026-04-22T18:44:39.428+0000] {logging_mixin.py:190} INFO - [2026-04-22T18:44:39.428+0000] {dag.py:3239} INFO - Sync 1 DAGs
[2026-04-22T18:44:39.451+0000] {logging_mixin.py:190} INFO - [2026-04-22T18:44:39.450+0000] {dag.py:4180} INFO - Setting next_dagrun for data_pipeline to 2026-04-22 15:30:00+00:00, run_after=2026-04-23 15:30:00+00:00
[2026-04-22T18:44:39.466+0000] {processor.py:208} INFO - Processing /opt/airflow/dags/dag2.py took 0.091 seconds
[2026-04-22T18:45:09.795+0000] {processor.py:186} INFO - Started process (PID=8101) to work on /opt/airflow/dags/dag2.py
[2026-04-22T18:45:09.795+0000] {processor.py:914} INFO - Processing file /opt/airflow/dags/dag2.py for tasks to queue
[2026-04-22T18:45:09.797+0000] {logging_mixin.py:190} INFO - [2026-04-22T18:45:09.797+0000] {dagbag.py:588} INFO - Filling up the DagBag from /opt/airflow/dags/dag2.py
[2026-04-22T18:45:09.808+0000] {processor.py:925} INFO - DAG(s) 'data_pipeline' retrieved from /opt/airflow/dags/dag2.py
[2026-04-22T18:45:09.830+0000] {logging_mixin.py:190} INFO - [2026-04-22T18:45:09.830+0000] {dag.py:3239} INFO - Sync 1 DAGs
[2026-04-22T18:45:09.856+0000] {logging_mixin.py:190} INFO - [2026-04-22T18:45:09.855+0000] {dag.py:4180} INFO - Setting next_dagrun for data_pipeline to 2026-04-22 15:30:00+00:00, run_after=2026-04-23 15:30:00+00:00
[2026-04-22T18:45:09.871+0000] {processor.py:208} INFO - Processing /opt/airflow/dags/dag2.py took 0.084 seconds
[2026-04-22T18:45:40.258+0000] {processor.py:186} INFO - Started process (PID=8122) to work on /opt/airflow/dags/dag2.py
[2026-04-22T18:45:40.264+0000] {processor.py:914} INFO - Processing file /opt/airflow/dags/dag2.py for tasks to queue
[2026-04-22T18:45:40.266+0000] {logging_mixin.py:190} INFO - [2026-04-22T18:45:40.265+0000] {dagbag.py:588} INFO - Filling up the DagBag from /opt/airflow/dags/dag2.py
[2026-04-22T18:45:40.277+0000] {processor.py:925} INFO - DAG(s) 'data_pipeline' retrieved from /opt/airflow/dags/dag2.py
[2026-04-22T18:45:40.299+0000] {logging_mixin.py:190} INFO - [2026-04-22T18:45:40.299+0000] {dag.py:3239} INFO - Sync 1 DAGs
[2026-04-22T18:45:40.322+0000] {logging_mixin.py:190} INFO - [2026-04-22T18:45:40.322+0000] {dag.py:4180} INFO - Setting next_dagrun for data_pipeline to 2026-04-22 15:30:00+00:00, run_after=2026-04-23 15:30:00+00:00
[2026-04-22T18:45:40.338+0000] {processor.py:208} INFO - Processing /opt/airflow/dags/dag2.py took 0.096 seconds
[2026-04-22T18:46:10.651+0000] {processor.py:186} INFO - Started process (PID=8143) to work on /opt/airflow/dags/dag2.py
[2026-04-22T18:46:10.652+0000] {processor.py:914} INFO - Processing file /opt/airflow/dags/dag2.py for tasks to queue
[2026-04-22T18:46:10.654+0000] {logging_mixin.py:190} INFO - [2026-04-22T18:46:10.653+0000] {dagbag.py:588} INFO - Filling up the DagBag from /opt/airflow/dags/dag2.py
[2026-04-22T18:46:10.669+0000] {processor.py:925} INFO - DAG(s) 'data_pipeline' retrieved from /opt/airflow/dags/dag2.py
[2026-04-22T18:46:10.692+0000] {logging_mixin.py:190} INFO - [2026-04-22T18:46:10.692+0000] {dag.py:3239} INFO - Sync 1 DAGs
[2026-04-22T18:46:10.715+0000] {logging_mixin.py:190} INFO - [2026-04-22T18:46:10.715+0000] {dag.py:4180} INFO - Setting next_dagrun for data_pipeline to 2026-04-22 15:30:00+00:00, run_after=2026-04-23 15:30:00+00:00
[2026-04-22T18:46:10.732+0000] {processor.py:208} INFO - Processing /opt/airflow/dags/dag2.py took 0.094 seconds
[2026-04-22T18:46:41.021+0000] {processor.py:186} INFO - Started process (PID=8164) to work on /opt/airflow/dags/dag2.py
[2026-04-22T18:46:41.022+0000] {processor.py:914} INFO - Processing file /opt/airflow/dags/dag2.py for tasks to queue
[2026-04-22T18:46:41.023+0000] {logging_mixin.py:190} INFO - [2026-04-22T18:46:41.023+0000] {dagbag.py:588} INFO - Filling up the DagBag from /opt/airflow/dags/dag2.py
[2026-04-22T18:46:41.036+0000] {processor.py:925} INFO - DAG(s) 'data_pipeline' retrieved from /opt/airflow/dags/dag2.py
[2026-04-22T18:46:41.058+0000] {logging_mixin.py:190} INFO - [2026-04-22T18:46:41.058+0000] {dag.py:3239} INFO - Sync 1 DAGs
[2026-04-22T18:46:41.084+0000] {logging_mixin.py:190} INFO - [2026-04-22T18:46:41.083+0000] {dag.py:4180} INFO - Setting next_dagrun for data_pipeline to 2026-04-22 15:30:00+00:00, run_after=2026-04-23 15:30:00+00:00
[2026-04-22T18:46:41.100+0000] {processor.py:208} INFO - Processing /opt/airflow/dags/dag2.py took 0.088 seconds
[2026-04-22T18:47:11.511+0000] {processor.py:186} INFO - Started process (PID=8185) to work on /opt/airflow/dags/dag2.py
[2026-04-22T18:47:11.513+0000] {processor.py:914} INFO - Processing file /opt/airflow/dags/dag2.py for tasks to queue
[2026-04-22T18:47:11.514+0000] {logging_mixin.py:190} INFO - [2026-04-22T18:47:11.514+0000] {dagbag.py:588} INFO - Filling up the DagBag from /opt/airflow/dags/dag2.py
[2026-04-22T18:47:11.529+0000] {processor.py:925} INFO - DAG(s) 'data_pipeline' retrieved from /opt/airflow/dags/dag2.py
[2026-04-22T18:47:11.551+0000] {logging_mixin.py:190} INFO - [2026-04-22T18:47:11.550+0000] {dag.py:3239} INFO - Sync 1 DAGs
[2026-04-22T18:47:11.574+0000] {logging_mixin.py:190} INFO - [2026-04-22T18:47:11.574+0000] {dag.py:4180} INFO - Setting next_dagrun for data_pipeline to 2026-04-22 15:30:00+00:00, run_after=2026-04-23 15:30:00+00:00
[2026-04-22T18:47:11.590+0000] {processor.py:208} INFO - Processing /opt/airflow/dags/dag2.py took 0.089 seconds
[2026-04-22T18:47:41.897+0000] {processor.py:186} INFO - Started process (PID=8206) to work on /opt/airflow/dags/dag2.py
[2026-04-22T18:47:41.898+0000] {processor.py:914} INFO - Processing file /opt/airflow/dags/dag2.py for tasks to queue
[2026-04-22T18:47:41.901+0000] {logging_mixin.py:190} INFO - [2026-04-22T18:47:41.901+0000] {dagbag.py:588} INFO - Filling up the DagBag from /opt/airflow/dags/dag2.py
[2026-04-22T18:47:41.916+0000] {processor.py:925} INFO - DAG(s) 'data_pipeline' retrieved from /opt/airflow/dags/dag2.py
[2026-04-22T18:47:41.940+0000] {logging_mixin.py:190} INFO - [2026-04-22T18:47:41.939+0000] {dag.py:3239} INFO - Sync 1 DAGs
[2026-04-22T18:47:41.963+0000] {logging_mixin.py:190} INFO - [2026-04-22T18:47:41.963+0000] {dag.py:4180} INFO - Setting next_dagrun for data_pipeline to 2026-04-22 15:30:00+00:00, run_after=2026-04-23 15:30:00+00:00
[2026-04-22T18:47:41.981+0000] {processor.py:208} INFO - Processing /opt/airflow/dags/dag2.py took 0.107 seconds
[2026-04-22T18:48:12.266+0000] {processor.py:186} INFO - Started process (PID=8227) to work on /opt/airflow/dags/dag2.py
[2026-04-22T18:48:12.273+0000] {processor.py:914} INFO - Processing file /opt/airflow/dags/dag2.py for tasks to queue
[2026-04-22T18:48:12.274+0000] {logging_mixin.py:190} INFO - [2026-04-22T18:48:12.274+0000] {dagbag.py:588} INFO - Filling up the DagBag from /opt/airflow/dags/dag2.py
[2026-04-22T18:48:12.284+0000] {processor.py:925} INFO - DAG(s) 'data_pipeline' retrieved from /opt/airflow/dags/dag2.py
[2026-04-22T18:48:12.308+0000] {logging_mixin.py:190} INFO - [2026-04-22T18:48:12.307+0000] {dag.py:3239} INFO - Sync 1 DAGs
[2026-04-22T18:48:12.333+0000] {logging_mixin.py:190} INFO - [2026-04-22T18:48:12.333+0000] {dag.py:4180} INFO - Setting next_dagrun for data_pipeline to 2026-04-22 15:30:00+00:00, run_after=2026-04-23 15:30:00+00:00
[2026-04-22T18:48:12.351+0000] {processor.py:208} INFO - Processing /opt/airflow/dags/dag2.py took 0.096 seconds
[2026-04-22T18:48:42.759+0000] {processor.py:186} INFO - Started process (PID=8248) to work on /opt/airflow/dags/dag2.py
[2026-04-22T18:48:42.760+0000] {processor.py:914} INFO - Processing file /opt/airflow/dags/dag2.py for tasks to queue
[2026-04-22T18:48:42.762+0000] {logging_mixin.py:190} INFO - [2026-04-22T18:48:42.762+0000] {dagbag.py:588} INFO - Filling up the DagBag from /opt/airflow/dags/dag2.py
[2026-04-22T18:48:42.777+0000] {processor.py:925} INFO - DAG(s) 'data_pipeline' retrieved from /opt/airflow/dags/dag2.py
[2026-04-22T18:48:42.798+0000] {logging_mixin.py:190} INFO - [2026-04-22T18:48:42.798+0000] {dag.py:3239} INFO - Sync 1 DAGs
[2026-04-22T18:48:42.821+0000] {logging_mixin.py:190} INFO - [2026-04-22T18:48:42.821+0000] {dag.py:4180} INFO - Setting next_dagrun for data_pipeline to 2026-04-22 15:30:00+00:00, run_after=2026-04-23 15:30:00+00:00
[2026-04-22T18:48:42.840+0000] {processor.py:208} INFO - Processing /opt/airflow/dags/dag2.py took 0.094 seconds
[2026-04-22T18:49:13.111+0000] {processor.py:186} INFO - Started process (PID=8269) to work on /opt/airflow/dags/dag2.py
[2026-04-22T18:49:13.118+0000] {processor.py:914} INFO - Processing file /opt/airflow/dags/dag2.py for tasks to queue
[2026-04-22T18:49:13.123+0000] {logging_mixin.py:190} INFO - [2026-04-22T18:49:13.121+0000] {dagbag.py:588} INFO - Filling up the DagBag from /opt/airflow/dags/dag2.py
[2026-04-22T18:49:13.146+0000] {processor.py:925} INFO - DAG(s) 'data_pipeline' retrieved from /opt/airflow/dags/dag2.py
[2026-04-22T18:49:13.172+0000] {logging_mixin.py:190} INFO - [2026-04-22T18:49:13.172+0000] {dag.py:3239} INFO - Sync 1 DAGs
[2026-04-22T18:49:13.198+0000] {logging_mixin.py:190} INFO - [2026-04-22T18:49:13.198+0000] {dag.py:4180} INFO - Setting next_dagrun for data_pipeline to 2026-04-22 15:30:00+00:00, run_after=2026-04-23 15:30:00+00:00
[2026-04-22T18:49:13.216+0000] {processor.py:208} INFO - Processing /opt/airflow/dags/dag2.py took 0.116 seconds
[2026-04-22T18:49:43.511+0000] {processor.py:186} INFO - Started process (PID=8290) to work on /opt/airflow/dags/dag2.py
[2026-04-22T18:49:43.512+0000] {processor.py:914} INFO - Processing file /opt/airflow/dags/dag2.py for tasks to queue
[2026-04-22T18:49:43.514+0000] {logging_mixin.py:190} INFO - [2026-04-22T18:49:43.513+0000] {dagbag.py:588} INFO - Filling up the DagBag from /opt/airflow/dags/dag2.py
[2026-04-22T18:49:43.529+0000] {processor.py:925} INFO - DAG(s) 'data_pipeline' retrieved from /opt/airflow/dags/dag2.py
[2026-04-22T18:49:43.552+0000] {logging_mixin.py:190} INFO - [2026-04-22T18:49:43.552+0000] {dag.py:3239} INFO - Sync 1 DAGs
[2026-04-22T18:49:43.575+0000] {logging_mixin.py:190} INFO - [2026-04-22T18:49:43.575+0000] {dag.py:4180} INFO - Setting next_dagrun for data_pipeline to 2026-04-22 15:30:00+00:00, run_after=2026-04-23 15:30:00+00:00
[2026-04-22T18:49:43.591+0000] {processor.py:208} INFO - Processing /opt/airflow/dags/dag2.py took 0.088 seconds
[2026-04-22T18:50:13.986+0000] {processor.py:186} INFO - Started process (PID=8311) to work on /opt/airflow/dags/dag2.py
[2026-04-22T18:50:13.992+0000] {processor.py:914} INFO - Processing file /opt/airflow/dags/dag2.py for tasks to queue
[2026-04-22T18:50:13.994+0000] {logging_mixin.py:190} INFO - [2026-04-22T18:50:13.993+0000] {dagbag.py:588} INFO - Filling up the DagBag from /opt/airflow/dags/dag2.py
[2026-04-22T18:50:14.006+0000] {processor.py:925} INFO - DAG(s) 'data_pipeline' retrieved from /opt/airflow/dags/dag2.py
[2026-04-22T18:50:14.027+0000] {logging_mixin.py:190} INFO - [2026-04-22T18:50:14.027+0000] {dag.py:3239} INFO - Sync 1 DAGs
[2026-04-22T18:50:14.050+0000] {logging_mixin.py:190} INFO - [2026-04-22T18:50:14.050+0000] {dag.py:4180} INFO - Setting next_dagrun for data_pipeline to 2026-04-22 15:30:00+00:00, run_after=2026-04-23 15:30:00+00:00
[2026-04-22T18:50:14.067+0000] {processor.py:208} INFO - Processing /opt/airflow/dags/dag2.py took 0.089 seconds
[2026-04-22T18:50:44.313+0000] {processor.py:186} INFO - Started process (PID=8332) to work on /opt/airflow/dags/dag2.py
[2026-04-22T18:50:44.314+0000] {processor.py:914} INFO - Processing file /opt/airflow/dags/dag2.py for tasks to queue
[2026-04-22T18:50:44.315+0000] {logging_mixin.py:190} INFO - [2026-04-22T18:50:44.315+0000] {dagbag.py:588} INFO - Filling up the DagBag from /opt/airflow/dags/dag2.py
[2026-04-22T18:50:44.327+0000] {processor.py:925} INFO - DAG(s) 'data_pipeline' retrieved from /opt/airflow/dags/dag2.py
[2026-04-22T18:50:44.349+0000] {logging_mixin.py:190} INFO - [2026-04-22T18:50:44.349+0000] {dag.py:3239} INFO - Sync 1 DAGs
[2026-04-22T18:50:44.374+0000] {logging_mixin.py:190} INFO - [2026-04-22T18:50:44.373+0000] {dag.py:4180} INFO - Setting next_dagrun for data_pipeline to 2026-04-22 15:30:00+00:00, run_after=2026-04-23 15:30:00+00:00
[2026-04-22T18:50:44.392+0000] {processor.py:208} INFO - Processing /opt/airflow/dags/dag2.py took 0.086 seconds
[2026-04-22T18:51:14.730+0000] {processor.py:186} INFO - Started process (PID=8353) to work on /opt/airflow/dags/dag2.py
[2026-04-22T18:51:14.737+0000] {processor.py:914} INFO - Processing file /opt/airflow/dags/dag2.py for tasks to queue
[2026-04-22T18:51:14.739+0000] {logging_mixin.py:190} INFO - [2026-04-22T18:51:14.739+0000] {dagbag.py:588} INFO - Filling up the DagBag from /opt/airflow/dags/dag2.py
[2026-04-22T18:51:14.751+0000] {processor.py:925} INFO - DAG(s) 'data_pipeline' retrieved from /opt/airflow/dags/dag2.py
[2026-04-22T18:51:14.773+0000] {logging_mixin.py:190} INFO - [2026-04-22T18:51:14.773+0000] {dag.py:3239} INFO - Sync 1 DAGs
[2026-04-22T18:51:14.796+0000] {logging_mixin.py:190} INFO - [2026-04-22T18:51:14.796+0000] {dag.py:4180} INFO - Setting next_dagrun for data_pipeline to 2026-04-22 15:30:00+00:00, run_after=2026-04-23 15:30:00+00:00
[2026-04-22T18:51:14.812+0000] {processor.py:208} INFO - Processing /opt/airflow/dags/dag2.py took 0.096 seconds
[2026-04-22T18:51:45.107+0000] {processor.py:186} INFO - Started process (PID=8374) to work on /opt/airflow/dags/dag2.py
[2026-04-22T18:51:45.108+0000] {processor.py:914} INFO - Processing file /opt/airflow/dags/dag2.py for tasks to queue
[2026-04-22T18:51:45.110+0000] {logging_mixin.py:190} INFO - [2026-04-22T18:51:45.110+0000] {dagbag.py:588} INFO - Filling up the DagBag from /opt/airflow/dags/dag2.py
[2026-04-22T18:51:45.124+0000] {processor.py:925} INFO - DAG(s) 'data_pipeline' retrieved from /opt/airflow/dags/dag2.py
[2026-04-22T18:51:45.147+0000] {logging_mixin.py:190} INFO - [2026-04-22T18:51:45.147+0000] {dag.py:3239} INFO - Sync 1 DAGs
[2026-04-22T18:51:45.175+0000] {logging_mixin.py:190} INFO - [2026-04-22T18:51:45.175+0000] {dag.py:4180} INFO - Setting next_dagrun for data_pipeline to 2026-04-22 15:30:00+00:00, run_after=2026-04-23 15:30:00+00:00
[2026-04-22T18:51:45.194+0000] {processor.py:208} INFO - Processing /opt/airflow/dags/dag2.py took 0.105 seconds
[2026-04-22T18:52:15.502+0000] {processor.py:186} INFO - Started process (PID=8395) to work on /opt/airflow/dags/dag2.py
[2026-04-22T18:52:15.510+0000] {processor.py:914} INFO - Processing file /opt/airflow/dags/dag2.py for tasks to queue
[2026-04-22T18:52:15.514+0000] {logging_mixin.py:190} INFO - [2026-04-22T18:52:15.513+0000] {dagbag.py:588} INFO - Filling up the DagBag from /opt/airflow/dags/dag2.py
[2026-04-22T18:52:15.537+0000] {processor.py:925} INFO - DAG(s) 'data_pipeline' retrieved from /opt/airflow/dags/dag2.py
[2026-04-22T18:52:15.564+0000] {logging_mixin.py:190} INFO - [2026-04-22T18:52:15.563+0000] {dag.py:3239} INFO - Sync 1 DAGs
[2026-04-22T18:52:15.589+0000] {logging_mixin.py:190} INFO - [2026-04-22T18:52:15.589+0000] {dag.py:4180} INFO - Setting next_dagrun for data_pipeline to 2026-04-22 15:30:00+00:00, run_after=2026-04-23 15:30:00+00:00
[2026-04-22T18:52:15.605+0000] {processor.py:208} INFO - Processing /opt/airflow/dags/dag2.py took 0.113 seconds
[2026-04-22T18:52:45.924+0000] {processor.py:186} INFO - Started process (PID=8416) to work on /opt/airflow/dags/dag2.py
[2026-04-22T18:52:45.925+0000] {processor.py:914} INFO - Processing file /opt/airflow/dags/dag2.py for tasks to queue
[2026-04-22T18:52:45.927+0000] {logging_mixin.py:190} INFO - [2026-04-22T18:52:45.927+0000] {dagbag.py:588} INFO - Filling up the DagBag from /opt/airflow/dags/dag2.py
[2026-04-22T18:52:45.943+0000] {processor.py:925} INFO - DAG(s) 'data_pipeline' retrieved from /opt/airflow/dags/dag2.py
[2026-04-22T18:52:45.967+0000] {logging_mixin.py:190} INFO - [2026-04-22T18:52:45.966+0000] {dag.py:3239} INFO - Sync 1 DAGs
[2026-04-22T18:52:45.990+0000] {logging_mixin.py:190} INFO - [2026-04-22T18:52:45.990+0000] {dag.py:4180} INFO - Setting next_dagrun for data_pipeline to 2026-04-22 15:30:00+00:00, run_after=2026-04-23 15:30:00+00:00
[2026-04-22T18:52:46.006+0000] {processor.py:208} INFO - Processing /opt/airflow/dags/dag2.py took 0.097 seconds
[2026-04-22T18:53:16.350+0000] {processor.py:186} INFO - Started process (PID=8437) to work on /opt/airflow/dags/dag2.py
[2026-04-22T18:53:16.357+0000] {processor.py:914} INFO - Processing file /opt/airflow/dags/dag2.py for tasks to queue
[2026-04-22T18:53:16.359+0000] {logging_mixin.py:190} INFO - [2026-04-22T18:53:16.358+0000] {dagbag.py:588} INFO - Filling up the DagBag from /opt/airflow/dags/dag2.py
[2026-04-22T18:53:16.373+0000] {processor.py:925} INFO - DAG(s) 'data_pipeline' retrieved from /opt/airflow/dags/dag2.py
[2026-04-22T18:53:16.396+0000] {logging_mixin.py:190} INFO - [2026-04-22T18:53:16.396+0000] {dag.py:3239} INFO - Sync 1 DAGs
[2026-04-22T18:53:16.419+0000] {logging_mixin.py:190} INFO - [2026-04-22T18:53:16.419+0000] {dag.py:4180} INFO - Setting next_dagrun for data_pipeline to 2026-04-22 15:30:00+00:00, run_after=2026-04-23 15:30:00+00:00
[2026-04-22T18:53:16.436+0000] {processor.py:208} INFO - Processing /opt/airflow/dags/dag2.py took 0.102 seconds
[2026-04-22T18:53:46.736+0000] {processor.py:186} INFO - Started process (PID=8458) to work on /opt/airflow/dags/dag2.py
[2026-04-22T18:53:46.737+0000] {processor.py:914} INFO - Processing file /opt/airflow/dags/dag2.py for tasks to queue
[2026-04-22T18:53:46.740+0000] {logging_mixin.py:190} INFO - [2026-04-22T18:53:46.739+0000] {dagbag.py:588} INFO - Filling up the DagBag from /opt/airflow/dags/dag2.py
[2026-04-22T18:53:46.753+0000] {processor.py:925} INFO - DAG(s) 'data_pipeline' retrieved from /opt/airflow/dags/dag2.py
[2026-04-22T18:53:46.777+0000] {logging_mixin.py:190} INFO - [2026-04-22T18:53:46.777+0000] {dag.py:3239} INFO - Sync 1 DAGs
[2026-04-22T18:53:46.800+0000] {logging_mixin.py:190} INFO - [2026-04-22T18:53:46.799+0000] {dag.py:4180} INFO - Setting next_dagrun for data_pipeline to 2026-04-22 15:30:00+00:00, run_after=2026-04-23 15:30:00+00:00
[2026-04-22T18:53:46.816+0000] {processor.py:208} INFO - Processing /opt/airflow/dags/dag2.py took 0.098 seconds
[2026-04-22T18:54:17.180+0000] {processor.py:186} INFO - Started process (PID=8479) to work on /opt/airflow/dags/dag2.py
[2026-04-22T18:54:17.187+0000] {processor.py:914} INFO - Processing file /opt/airflow/dags/dag2.py for tasks to queue
[2026-04-22T18:54:17.189+0000] {logging_mixin.py:190} INFO - [2026-04-22T18:54:17.188+0000] {dagbag.py:588} INFO - Filling up the DagBag from /opt/airflow/dags/dag2.py
[2026-04-22T18:54:17.202+0000] {processor.py:925} INFO - DAG(s) 'data_pipeline' retrieved from /opt/airflow/dags/dag2.py
[2026-04-22T18:54:17.224+0000] {logging_mixin.py:190} INFO - [2026-04-22T18:54:17.224+0000] {dag.py:3239} INFO - Sync 1 DAGs
[2026-04-22T18:54:17.247+0000] {logging_mixin.py:190} INFO - [2026-04-22T18:54:17.246+0000] {dag.py:4180} INFO - Setting next_dagrun for data_pipeline to 2026-04-22 15:30:00+00:00, run_after=2026-04-23 15:30:00+00:00
[2026-04-22T18:54:17.262+0000] {processor.py:208} INFO - Processing /opt/airflow/dags/dag2.py took 0.093 seconds
[2026-04-22T18:54:47.582+0000] {processor.py:186} INFO - Started process (PID=8500) to work on /opt/airflow/dags/dag2.py
[2026-04-22T18:54:47.583+0000] {processor.py:914} INFO - Processing file /opt/airflow/dags/dag2.py for tasks to queue
[2026-04-22T18:54:47.585+0000] {logging_mixin.py:190} INFO - [2026-04-22T18:54:47.584+0000] {dagbag.py:588} INFO - Filling up the DagBag from /opt/airflow/dags/dag2.py
[2026-04-22T18:54:47.598+0000] {processor.py:925} INFO - DAG(s) 'data_pipeline' retrieved from /opt/airflow/dags/dag2.py
[2026-04-22T18:54:47.619+0000] {logging_mixin.py:190} INFO - [2026-04-22T18:54:47.619+0000] {dag.py:3239} INFO - Sync 1 DAGs
[2026-04-22T18:54:47.645+0000] {logging_mixin.py:190} INFO - [2026-04-22T18:54:47.645+0000] {dag.py:4180} INFO - Setting next_dagrun for data_pipeline to 2026-04-22 15:30:00+00:00, run_after=2026-04-23 15:30:00+00:00
[2026-04-22T18:54:47.663+0000] {processor.py:208} INFO - Processing /opt/airflow/dags/dag2.py took 0.099 seconds
[2026-04-22T18:55:18.021+0000] {processor.py:186} INFO - Started process (PID=8527) to work on /opt/airflow/dags/dag2.py
[2026-04-22T18:55:18.022+0000] {processor.py:914} INFO - Processing file /opt/airflow/dags/dag2.py for tasks to queue
[2026-04-22T18:55:18.023+0000] {logging_mixin.py:190} INFO - [2026-04-22T18:55:18.023+0000] {dagbag.py:588} INFO - Filling up the DagBag from /opt/airflow/dags/dag2.py
[2026-04-22T18:55:18.035+0000] {processor.py:925} INFO - DAG(s) 'data_pipeline' retrieved from /opt/airflow/dags/dag2.py
[2026-04-22T18:55:18.058+0000] {logging_mixin.py:190} INFO - [2026-04-22T18:55:18.058+0000] {dag.py:3239} INFO - Sync 1 DAGs
[2026-04-22T18:55:18.084+0000] {logging_mixin.py:190} INFO - [2026-04-22T18:55:18.083+0000] {dag.py:4180} INFO - Setting next_dagrun for data_pipeline to 2026-04-22 15:30:00+00:00, run_after=2026-04-23 15:30:00+00:00
[2026-04-22T18:55:18.101+0000] {processor.py:208} INFO - Processing /opt/airflow/dags/dag2.py took 0.088 seconds
[2026-04-22T18:55:48.421+0000] {processor.py:186} INFO - Started process (PID=8548) to work on /opt/airflow/dags/dag2.py
[2026-04-22T18:55:48.422+0000] {processor.py:914} INFO - Processing file /opt/airflow/dags/dag2.py for tasks to queue
[2026-04-22T18:55:48.423+0000] {logging_mixin.py:190} INFO - [2026-04-22T18:55:48.423+0000] {dagbag.py:588} INFO - Filling up the DagBag from /opt/airflow/dags/dag2.py
[2026-04-22T18:55:48.433+0000] {processor.py:925} INFO - DAG(s) 'data_pipeline' retrieved from /opt/airflow/dags/dag2.py
[2026-04-22T18:55:48.455+0000] {logging_mixin.py:190} INFO - [2026-04-22T18:55:48.455+0000] {dag.py:3239} INFO - Sync 1 DAGs
[2026-04-22T18:55:48.478+0000] {logging_mixin.py:190} INFO - [2026-04-22T18:55:48.478+0000] {dag.py:4180} INFO - Setting next_dagrun for data_pipeline to 2026-04-22 15:30:00+00:00, run_after=2026-04-23 15:30:00+00:00
[2026-04-22T18:55:48.495+0000] {processor.py:208} INFO - Processing /opt/airflow/dags/dag2.py took 0.080 seconds
[2026-04-22T18:56:18.802+0000] {processor.py:186} INFO - Started process (PID=8569) to work on /opt/airflow/dags/dag2.py
[2026-04-22T18:56:18.809+0000] {processor.py:914} INFO - Processing file /opt/airflow/dags/dag2.py for tasks to queue
[2026-04-22T18:56:18.812+0000] {logging_mixin.py:190} INFO - [2026-04-22T18:56:18.811+0000] {dagbag.py:588} INFO - Filling up the DagBag from /opt/airflow/dags/dag2.py
[2026-04-22T18:56:18.825+0000] {processor.py:925} INFO - DAG(s) 'data_pipeline' retrieved from /opt/airflow/dags/dag2.py
[2026-04-22T18:56:18.847+0000] {logging_mixin.py:190} INFO - [2026-04-22T18:56:18.846+0000] {dag.py:3239} INFO - Sync 1 DAGs
[2026-04-22T18:56:18.869+0000] {logging_mixin.py:190} INFO - [2026-04-22T18:56:18.869+0000] {dag.py:4180} INFO - Setting next_dagrun for data_pipeline to 2026-04-22 15:30:00+00:00, run_after=2026-04-23 15:30:00+00:00
[2026-04-22T18:56:18.886+0000] {processor.py:208} INFO - Processing /opt/airflow/dags/dag2.py took 0.100 seconds
[2026-04-22T18:56:49.199+0000] {processor.py:186} INFO - Started process (PID=8590) to work on /opt/airflow/dags/dag2.py
[2026-04-22T18:56:49.200+0000] {processor.py:914} INFO - Processing file /opt/airflow/dags/dag2.py for tasks to queue
[2026-04-22T18:56:49.202+0000] {logging_mixin.py:190} INFO - [2026-04-22T18:56:49.201+0000] {dagbag.py:588} INFO - Filling up the DagBag from /opt/airflow/dags/dag2.py
[2026-04-22T18:56:49.215+0000] {processor.py:925} INFO - DAG(s) 'data_pipeline' retrieved from /opt/airflow/dags/dag2.py
[2026-04-22T18:56:49.236+0000] {logging_mixin.py:190} INFO - [2026-04-22T18:56:49.236+0000] {dag.py:3239} INFO - Sync 1 DAGs
[2026-04-22T18:56:49.259+0000] {logging_mixin.py:190} INFO - [2026-04-22T18:56:49.259+0000] {dag.py:4180} INFO - Setting next_dagrun for data_pipeline to 2026-04-22 15:30:00+00:00, run_after=2026-04-23 15:30:00+00:00
[2026-04-22T18:56:49.275+0000] {processor.py:208} INFO - Processing /opt/airflow/dags/dag2.py took 0.092 seconds
[2026-04-22T18:57:19.567+0000] {processor.py:186} INFO - Started process (PID=8611) to work on /opt/airflow/dags/dag2.py
[2026-04-22T18:57:19.574+0000] {processor.py:914} INFO - Processing file /opt/airflow/dags/dag2.py for tasks to queue
[2026-04-22T18:57:19.576+0000] {logging_mixin.py:190} INFO - [2026-04-22T18:57:19.575+0000] {dagbag.py:588} INFO - Filling up the DagBag from /opt/airflow/dags/dag2.py
[2026-04-22T18:57:19.587+0000] {processor.py:925} INFO - DAG(s) 'data_pipeline' retrieved from /opt/airflow/dags/dag2.py
[2026-04-22T18:57:19.609+0000] {logging_mixin.py:190} INFO - [2026-04-22T18:57:19.609+0000] {dag.py:3239} INFO - Sync 1 DAGs
[2026-04-22T18:57:19.633+0000] {logging_mixin.py:190} INFO - [2026-04-22T18:57:19.633+0000] {dag.py:4180} INFO - Setting next_dagrun for data_pipeline to 2026-04-22 15:30:00+00:00, run_after=2026-04-23 15:30:00+00:00
[2026-04-22T18:57:19.651+0000] {processor.py:208} INFO - Processing /opt/airflow/dags/dag2.py took 0.097 seconds
[2026-04-22T18:57:49.935+0000] {processor.py:186} INFO - Started process (PID=8632) to work on /opt/airflow/dags/dag2.py
[2026-04-22T18:57:49.936+0000] {processor.py:914} INFO - Processing file /opt/airflow/dags/dag2.py for tasks to queue
[2026-04-22T18:57:49.937+0000] {logging_mixin.py:190} INFO - [2026-04-22T18:57:49.937+0000] {dagbag.py:588} INFO - Filling up the DagBag from /opt/airflow/dags/dag2.py
[2026-04-22T18:57:49.954+0000] {processor.py:925} INFO - DAG(s) 'data_pipeline' retrieved from /opt/airflow/dags/dag2.py
[2026-04-22T18:57:49.978+0000] {logging_mixin.py:190} INFO - [2026-04-22T18:57:49.977+0000] {dag.py:3239} INFO - Sync 1 DAGs
[2026-04-22T18:57:50.001+0000] {logging_mixin.py:190} INFO - [2026-04-22T18:57:50.001+0000] {dag.py:4180} INFO - Setting next_dagrun for data_pipeline to 2026-04-22 15:30:00+00:00, run_after=2026-04-23 15:30:00+00:00
[2026-04-22T18:57:50.024+0000] {processor.py:208} INFO - Processing /opt/airflow/dags/dag2.py took 0.098 seconds
[2026-04-22T18:58:20.348+0000] {processor.py:186} INFO - Started process (PID=8653) to work on /opt/airflow/dags/dag2.py
[2026-04-22T18:58:20.355+0000] {processor.py:914} INFO - Processing file /opt/airflow/dags/dag2.py for tasks to queue
[2026-04-22T18:58:20.357+0000] {logging_mixin.py:190} INFO - [2026-04-22T18:58:20.356+0000] {dagbag.py:588} INFO - Filling up the DagBag from /opt/airflow/dags/dag2.py
[2026-04-22T18:58:20.375+0000] {processor.py:925} INFO - DAG(s) 'data_pipeline' retrieved from /opt/airflow/dags/dag2.py
[2026-04-22T18:58:20.399+0000] {logging_mixin.py:190} INFO - [2026-04-22T18:58:20.399+0000] {dag.py:3239} INFO - Sync 1 DAGs
[2026-04-22T18:58:20.423+0000] {logging_mixin.py:190} INFO - [2026-04-22T18:58:20.423+0000] {dag.py:4180} INFO - Setting next_dagrun for data_pipeline to 2026-04-22 15:30:00+00:00, run_after=2026-04-23 15:30:00+00:00
[2026-04-22T18:58:20.439+0000] {processor.py:208} INFO - Processing /opt/airflow/dags/dag2.py took 0.101 seconds
[2026-04-22T18:58:50.729+0000] {processor.py:186} INFO - Started process (PID=8674) to work on /opt/airflow/dags/dag2.py
[2026-04-22T18:58:50.730+0000] {processor.py:914} INFO - Processing file /opt/airflow/dags/dag2.py for tasks to queue
[2026-04-22T18:58:50.732+0000] {logging_mixin.py:190} INFO - [2026-04-22T18:58:50.731+0000] {dagbag.py:588} INFO - Filling up the DagBag from /opt/airflow/dags/dag2.py
[2026-04-22T18:58:50.745+0000] {processor.py:925} INFO - DAG(s) 'data_pipeline' retrieved from /opt/airflow/dags/dag2.py
[2026-04-22T18:58:50.767+0000] {logging_mixin.py:190} INFO - [2026-04-22T18:58:50.767+0000] {dag.py:3239} INFO - Sync 1 DAGs
[2026-04-22T18:58:50.790+0000] {logging_mixin.py:190} INFO - [2026-04-22T18:58:50.790+0000] {dag.py:4180} INFO - Setting next_dagrun for data_pipeline to 2026-04-22 15:30:00+00:00, run_after=2026-04-23 15:30:00+00:00
[2026-04-22T18:58:50.813+0000] {processor.py:208} INFO - Processing /opt/airflow/dags/dag2.py took 0.097 seconds
[2026-04-22T18:59:21.245+0000] {processor.py:186} INFO - Started process (PID=8695) to work on /opt/airflow/dags/dag2.py
[2026-04-22T18:59:21.252+0000] {processor.py:914} INFO - Processing file /opt/airflow/dags/dag2.py for tasks to queue
[2026-04-22T18:59:21.253+0000] {logging_mixin.py:190} INFO - [2026-04-22T18:59:21.253+0000] {dagbag.py:588} INFO - Filling up the DagBag from /opt/airflow/dags/dag2.py
[2026-04-22T18:59:21.265+0000] {processor.py:925} INFO - DAG(s) 'data_pipeline' retrieved from /opt/airflow/dags/dag2.py
[2026-04-22T18:59:21.287+0000] {logging_mixin.py:190} INFO - [2026-04-22T18:59:21.287+0000] {dag.py:3239} INFO - Sync 1 DAGs
[2026-04-22T18:59:21.309+0000] {logging_mixin.py:190} INFO - [2026-04-22T18:59:21.309+0000] {dag.py:4180} INFO - Setting next_dagrun for data_pipeline to 2026-04-22 15:30:00+00:00, run_after=2026-04-23 15:30:00+00:00
[2026-04-22T18:59:21.326+0000] {processor.py:208} INFO - Processing /opt/airflow/dags/dag2.py took 0.095 seconds
[2026-04-22T18:59:51.643+0000] {processor.py:186} INFO - Started process (PID=8716) to work on /opt/airflow/dags/dag2.py
[2026-04-22T18:59:51.644+0000] {processor.py:914} INFO - Processing file /opt/airflow/dags/dag2.py for tasks to queue
[2026-04-22T18:59:51.646+0000] {logging_mixin.py:190} INFO - [2026-04-22T18:59:51.646+0000] {dagbag.py:588} INFO - Filling up the DagBag from /opt/airflow/dags/dag2.py
[2026-04-22T18:59:51.657+0000] {processor.py:925} INFO - DAG(s) 'data_pipeline' retrieved from /opt/airflow/dags/dag2.py
[2026-04-22T18:59:51.679+0000] {logging_mixin.py:190} INFO - [2026-04-22T18:59:51.679+0000] {dag.py:3239} INFO - Sync 1 DAGs
[2026-04-22T18:59:51.701+0000] {logging_mixin.py:190} INFO - [2026-04-22T18:59:51.701+0000] {dag.py:4180} INFO - Setting next_dagrun for data_pipeline to 2026-04-22 15:30:00+00:00, run_after=2026-04-23 15:30:00+00:00
[2026-04-22T18:59:51.721+0000] {processor.py:208} INFO - Processing /opt/airflow/dags/dag2.py took 0.087 seconds
[2026-04-22T19:00:22.046+0000] {processor.py:186} INFO - Started process (PID=8737) to work on /opt/airflow/dags/dag2.py
[2026-04-22T19:00:22.053+0000] {processor.py:914} INFO - Processing file /opt/airflow/dags/dag2.py for tasks to queue
[2026-04-22T19:00:22.054+0000] {logging_mixin.py:190} INFO - [2026-04-22T19:00:22.054+0000] {dagbag.py:588} INFO - Filling up the DagBag from /opt/airflow/dags/dag2.py
[2026-04-22T19:00:22.071+0000] {processor.py:925} INFO - DAG(s) 'data_pipeline' retrieved from /opt/airflow/dags/dag2.py
[2026-04-22T19:00:22.094+0000] {logging_mixin.py:190} INFO - [2026-04-22T19:00:22.093+0000] {dag.py:3239} INFO - Sync 1 DAGs
[2026-04-22T19:00:22.117+0000] {logging_mixin.py:190} INFO - [2026-04-22T19:00:22.117+0000] {dag.py:4180} INFO - Setting next_dagrun for data_pipeline to 2026-04-22 15:30:00+00:00, run_after=2026-04-23 15:30:00+00:00
[2026-04-22T19:00:22.135+0000] {processor.py:208} INFO - Processing /opt/airflow/dags/dag2.py took 0.099 seconds
[2026-04-22T19:00:52.493+0000] {processor.py:186} INFO - Started process (PID=8758) to work on /opt/airflow/dags/dag2.py
[2026-04-22T19:00:52.494+0000] {processor.py:914} INFO - Processing file /opt/airflow/dags/dag2.py for tasks to queue
[2026-04-22T19:00:52.496+0000] {logging_mixin.py:190} INFO - [2026-04-22T19:00:52.495+0000] {dagbag.py:588} INFO - Filling up the DagBag from /opt/airflow/dags/dag2.py
[2026-04-22T19:00:52.509+0000] {processor.py:925} INFO - DAG(s) 'data_pipeline' retrieved from /opt/airflow/dags/dag2.py
[2026-04-22T19:00:52.531+0000] {logging_mixin.py:190} INFO - [2026-04-22T19:00:52.530+0000] {dag.py:3239} INFO - Sync 1 DAGs
[2026-04-22T19:00:52.554+0000] {logging_mixin.py:190} INFO - [2026-04-22T19:00:52.554+0000] {dag.py:4180} INFO - Setting next_dagrun for data_pipeline to 2026-04-22 15:30:00+00:00, run_after=2026-04-23 15:30:00+00:00
[2026-04-22T19:00:52.572+0000] {processor.py:208} INFO - Processing /opt/airflow/dags/dag2.py took 0.088 seconds
[2026-04-22T19:01:22.858+0000] {processor.py:186} INFO - Started process (PID=8779) to work on /opt/airflow/dags/dag2.py
[2026-04-22T19:01:22.858+0000] {processor.py:914} INFO - Processing file /opt/airflow/dags/dag2.py for tasks to queue
[2026-04-22T19:01:22.860+0000] {logging_mixin.py:190} INFO - [2026-04-22T19:01:22.860+0000] {dagbag.py:588} INFO - Filling up the DagBag from /opt/airflow/dags/dag2.py
[2026-04-22T19:01:22.874+0000] {processor.py:925} INFO - DAG(s) 'data_pipeline' retrieved from /opt/airflow/dags/dag2.py
[2026-04-22T19:01:22.899+0000] {logging_mixin.py:190} INFO - [2026-04-22T19:01:22.899+0000] {dag.py:3239} INFO - Sync 1 DAGs
[2026-04-22T19:01:22.924+0000] {logging_mixin.py:190} INFO - [2026-04-22T19:01:22.924+0000] {dag.py:4180} INFO - Setting next_dagrun for data_pipeline to 2026-04-22 15:30:00+00:00, run_after=2026-04-23 15:30:00+00:00
[2026-04-22T19:01:22.940+0000] {processor.py:208} INFO - Processing /opt/airflow/dags/dag2.py took 0.090 seconds
[2026-04-22T19:01:53.262+0000] {processor.py:186} INFO - Started process (PID=8800) to work on /opt/airflow/dags/dag2.py
[2026-04-22T19:01:53.263+0000] {processor.py:914} INFO - Processing file /opt/airflow/dags/dag2.py for tasks to queue
[2026-04-22T19:01:53.264+0000] {logging_mixin.py:190} INFO - [2026-04-22T19:01:53.264+0000] {dagbag.py:588} INFO - Filling up the DagBag from /opt/airflow/dags/dag2.py
[2026-04-22T19:01:53.277+0000] {processor.py:925} INFO - DAG(s) 'data_pipeline' retrieved from /opt/airflow/dags/dag2.py
[2026-04-22T19:01:53.303+0000] {logging_mixin.py:190} INFO - [2026-04-22T19:01:53.303+0000] {dag.py:3239} INFO - Sync 1 DAGs
[2026-04-22T19:01:53.327+0000] {logging_mixin.py:190} INFO - [2026-04-22T19:01:53.326+0000] {dag.py:4180} INFO - Setting next_dagrun for data_pipeline to 2026-04-22 15:30:00+00:00, run_after=2026-04-23 15:30:00+00:00
[2026-04-22T19:01:53.343+0000] {processor.py:208} INFO - Processing /opt/airflow/dags/dag2.py took 0.086 seconds
[2026-04-22T19:02:23.627+0000] {processor.py:186} INFO - Started process (PID=8821) to work on /opt/airflow/dags/dag2.py
[2026-04-22T19:02:23.635+0000] {processor.py:914} INFO - Processing file /opt/airflow/dags/dag2.py for tasks to queue
[2026-04-22T19:02:23.640+0000] {logging_mixin.py:190} INFO - [2026-04-22T19:02:23.639+0000] {dagbag.py:588} INFO - Filling up the DagBag from /opt/airflow/dags/dag2.py
[2026-04-22T19:02:23.670+0000] {processor.py:925} INFO - DAG(s) 'data_pipeline' retrieved from /opt/airflow/dags/dag2.py
[2026-04-22T19:02:23.735+0000] {logging_mixin.py:190} INFO - [2026-04-22T19:02:23.735+0000] {dag.py:3239} INFO - Sync 1 DAGs
[2026-04-22T19:02:23.770+0000] {logging_mixin.py:190} INFO - [2026-04-22T19:02:23.770+0000] {dag.py:4180} INFO - Setting next_dagrun for data_pipeline to 2026-04-22 15:30:00+00:00, run_after=2026-04-23 15:30:00+00:00
[2026-04-22T19:02:23.787+0000] {processor.py:208} INFO - Processing /opt/airflow/dags/dag2.py took 0.173 seconds
[2026-04-22T19:02:54.095+0000] {processor.py:186} INFO - Started process (PID=8842) to work on /opt/airflow/dags/dag2.py
[2026-04-22T19:02:54.096+0000] {processor.py:914} INFO - Processing file /opt/airflow/dags/dag2.py for tasks to queue
[2026-04-22T19:02:54.098+0000] {logging_mixin.py:190} INFO - [2026-04-22T19:02:54.097+0000] {dagbag.py:588} INFO - Filling up the DagBag from /opt/airflow/dags/dag2.py
[2026-04-22T19:02:54.109+0000] {processor.py:925} INFO - DAG(s) 'data_pipeline' retrieved from /opt/airflow/dags/dag2.py
[2026-04-22T19:02:54.133+0000] {logging_mixin.py:190} INFO - [2026-04-22T19:02:54.132+0000] {dag.py:3239} INFO - Sync 1 DAGs
[2026-04-22T19:02:54.156+0000] {logging_mixin.py:190} INFO - [2026-04-22T19:02:54.156+0000] {dag.py:4180} INFO - Setting next_dagrun for data_pipeline to 2026-04-22 15:30:00+00:00, run_after=2026-04-23 15:30:00+00:00
[2026-04-22T19:02:54.174+0000] {processor.py:208} INFO - Processing /opt/airflow/dags/dag2.py took 0.086 seconds
[2026-04-22T19:03:24.460+0000] {processor.py:186} INFO - Started process (PID=8863) to work on /opt/airflow/dags/dag2.py
[2026-04-22T19:03:24.467+0000] {processor.py:914} INFO - Processing file /opt/airflow/dags/dag2.py for tasks to queue
[2026-04-22T19:03:24.469+0000] {logging_mixin.py:190} INFO - [2026-04-22T19:03:24.469+0000] {dagbag.py:588} INFO - Filling up the DagBag from /opt/airflow/dags/dag2.py
[2026-04-22T19:03:24.487+0000] {processor.py:925} INFO - DAG(s) 'data_pipeline' retrieved from /opt/airflow/dags/dag2.py
[2026-04-22T19:03:24.511+0000] {logging_mixin.py:190} INFO - [2026-04-22T19:03:24.511+0000] {dag.py:3239} INFO - Sync 1 DAGs
[2026-04-22T19:03:24.536+0000] {logging_mixin.py:190} INFO - [2026-04-22T19:03:24.536+0000] {dag.py:4180} INFO - Setting next_dagrun for data_pipeline to 2026-04-22 15:30:00+00:00, run_after=2026-04-23 15:30:00+00:00
[2026-04-22T19:03:24.552+0000] {processor.py:208} INFO - Processing /opt/airflow/dags/dag2.py took 0.104 seconds
[2026-04-22T19:03:54.873+0000] {processor.py:186} INFO - Started process (PID=8884) to work on /opt/airflow/dags/dag2.py
[2026-04-22T19:03:54.880+0000] {processor.py:914} INFO - Processing file /opt/airflow/dags/dag2.py for tasks to queue
[2026-04-22T19:03:54.882+0000] {logging_mixin.py:190} INFO - [2026-04-22T19:03:54.881+0000] {dagbag.py:588} INFO - Filling up the DagBag from /opt/airflow/dags/dag2.py
[2026-04-22T19:03:54.896+0000] {processor.py:925} INFO - DAG(s) 'data_pipeline' retrieved from /opt/airflow/dags/dag2.py
[2026-04-22T19:03:54.921+0000] {logging_mixin.py:190} INFO - [2026-04-22T19:03:54.920+0000] {dag.py:3239} INFO - Sync 1 DAGs
[2026-04-22T19:03:54.943+0000] {logging_mixin.py:190} INFO - [2026-04-22T19:03:54.943+0000] {dag.py:4180} INFO - Setting next_dagrun for data_pipeline to 2026-04-22 15:30:00+00:00, run_after=2026-04-23 15:30:00+00:00
[2026-04-22T19:03:54.959+0000] {processor.py:208} INFO - Processing /opt/airflow/dags/dag2.py took 0.105 seconds
[2026-04-22T19:04:25.240+0000] {processor.py:186} INFO - Started process (PID=8905) to work on /opt/airflow/dags/dag2.py
[2026-04-22T19:04:25.241+0000] {processor.py:914} INFO - Processing file /opt/airflow/dags/dag2.py for tasks to queue
[2026-04-22T19:04:25.242+0000] {logging_mixin.py:190} INFO - [2026-04-22T19:04:25.242+0000] {dagbag.py:588} INFO - Filling up the DagBag from /opt/airflow/dags/dag2.py
[2026-04-22T19:04:25.255+0000] {processor.py:925} INFO - DAG(s) 'data_pipeline' retrieved from /opt/airflow/dags/dag2.py
[2026-04-22T19:04:25.279+0000] {logging_mixin.py:190} INFO - [2026-04-22T19:04:25.279+0000] {dag.py:3239} INFO - Sync 1 DAGs
[2026-04-22T19:04:25.303+0000] {logging_mixin.py:190} INFO - [2026-04-22T19:04:25.302+0000] {dag.py:4180} INFO - Setting next_dagrun for data_pipeline to 2026-04-22 15:30:00+00:00, run_after=2026-04-23 15:30:00+00:00
[2026-04-22T19:04:25.319+0000] {processor.py:208} INFO - Processing /opt/airflow/dags/dag2.py took 0.090 seconds
[2026-04-22T19:04:55.606+0000] {processor.py:186} INFO - Started process (PID=8926) to work on /opt/airflow/dags/dag2.py
[2026-04-22T19:04:55.608+0000] {processor.py:914} INFO - Processing file /opt/airflow/dags/dag2.py for tasks to queue
[2026-04-22T19:04:55.610+0000] {logging_mixin.py:190} INFO - [2026-04-22T19:04:55.609+0000] {dagbag.py:588} INFO - Filling up the DagBag from /opt/airflow/dags/dag2.py
[2026-04-22T19:04:55.625+0000] {processor.py:925} INFO - DAG(s) 'data_pipeline' retrieved from /opt/airflow/dags/dag2.py
[2026-04-22T19:04:55.648+0000] {logging_mixin.py:190} INFO - [2026-04-22T19:04:55.647+0000] {dag.py:3239} INFO - Sync 1 DAGs
[2026-04-22T19:04:55.670+0000] {logging_mixin.py:190} INFO - [2026-04-22T19:04:55.670+0000] {dag.py:4180} INFO - Setting next_dagrun for data_pipeline to 2026-04-22 15:30:00+00:00, run_after=2026-04-23 15:30:00+00:00
[2026-04-22T19:04:55.686+0000] {processor.py:208} INFO - Processing /opt/airflow/dags/dag2.py took 0.091 seconds
[2026-04-22T19:05:26.052+0000] {processor.py:186} INFO - Started process (PID=8947) to work on /opt/airflow/dags/dag2.py
[2026-04-22T19:05:26.059+0000] {processor.py:914} INFO - Processing file /opt/airflow/dags/dag2.py for tasks to queue
[2026-04-22T19:05:26.061+0000] {logging_mixin.py:190} INFO - [2026-04-22T19:05:26.061+0000] {dagbag.py:588} INFO - Filling up the DagBag from /opt/airflow/dags/dag2.py
[2026-04-22T19:05:26.074+0000] {processor.py:925} INFO - DAG(s) 'data_pipeline' retrieved from /opt/airflow/dags/dag2.py
[2026-04-22T19:05:26.096+0000] {logging_mixin.py:190} INFO - [2026-04-22T19:05:26.095+0000] {dag.py:3239} INFO - Sync 1 DAGs
[2026-04-22T19:05:26.120+0000] {logging_mixin.py:190} INFO - [2026-04-22T19:05:26.120+0000] {dag.py:4180} INFO - Setting next_dagrun for data_pipeline to 2026-04-22 15:30:00+00:00, run_after=2026-04-23 15:30:00+00:00
[2026-04-22T19:05:26.137+0000] {processor.py:208} INFO - Processing /opt/airflow/dags/dag2.py took 0.103 seconds
[2026-04-22T19:05:56.423+0000] {processor.py:186} INFO - Started process (PID=8968) to work on /opt/airflow/dags/dag2.py
[2026-04-22T19:05:56.424+0000] {processor.py:914} INFO - Processing file /opt/airflow/dags/dag2.py for tasks to queue
[2026-04-22T19:05:56.425+0000] {logging_mixin.py:190} INFO - [2026-04-22T19:05:56.424+0000] {dagbag.py:588} INFO - Filling up the DagBag from /opt/airflow/dags/dag2.py
[2026-04-22T19:05:56.436+0000] {processor.py:925} INFO - DAG(s) 'data_pipeline' retrieved from /opt/airflow/dags/dag2.py
[2026-04-22T19:05:56.459+0000] {logging_mixin.py:190} INFO - [2026-04-22T19:05:56.459+0000] {dag.py:3239} INFO - Sync 1 DAGs
[2026-04-22T19:05:56.482+0000] {logging_mixin.py:190} INFO - [2026-04-22T19:05:56.482+0000] {dag.py:4180} INFO - Setting next_dagrun for data_pipeline to 2026-04-22 15:30:00+00:00, run_after=2026-04-23 15:30:00+00:00
[2026-04-22T19:05:56.500+0000] {processor.py:208} INFO - Processing /opt/airflow/dags/dag2.py took 0.086 seconds
[2026-04-22T19:06:26.808+0000] {processor.py:186} INFO - Started process (PID=8989) to work on /opt/airflow/dags/dag2.py
[2026-04-22T19:06:26.815+0000] {processor.py:914} INFO - Processing file /opt/airflow/dags/dag2.py for tasks to queue
[2026-04-22T19:06:26.816+0000] {logging_mixin.py:190} INFO - [2026-04-22T19:06:26.816+0000] {dagbag.py:588} INFO - Filling up the DagBag from /opt/airflow/dags/dag2.py
[2026-04-22T19:06:26.828+0000] {processor.py:925} INFO - DAG(s) 'data_pipeline' retrieved from /opt/airflow/dags/dag2.py
[2026-04-22T19:06:26.851+0000] {logging_mixin.py:190} INFO - [2026-04-22T19:06:26.851+0000] {dag.py:3239} INFO - Sync 1 DAGs
[2026-04-22T19:06:26.875+0000] {logging_mixin.py:190} INFO - [2026-04-22T19:06:26.874+0000] {dag.py:4180} INFO - Setting next_dagrun for data_pipeline to 2026-04-22 15:30:00+00:00, run_after=2026-04-23 15:30:00+00:00
[2026-04-22T19:06:26.892+0000] {processor.py:208} INFO - Processing /opt/airflow/dags/dag2.py took 0.098 seconds
[2026-04-22T19:06:57.257+0000] {processor.py:186} INFO - Started process (PID=9010) to work on /opt/airflow/dags/dag2.py
[2026-04-22T19:06:57.258+0000] {processor.py:914} INFO - Processing file /opt/airflow/dags/dag2.py for tasks to queue
[2026-04-22T19:06:57.259+0000] {logging_mixin.py:190} INFO - [2026-04-22T19:06:57.259+0000] {dagbag.py:588} INFO - Filling up the DagBag from /opt/airflow/dags/dag2.py
[2026-04-22T19:06:57.272+0000] {processor.py:925} INFO - DAG(s) 'data_pipeline' retrieved from /opt/airflow/dags/dag2.py
[2026-04-22T19:06:57.293+0000] {logging_mixin.py:190} INFO - [2026-04-22T19:06:57.293+0000] {dag.py:3239} INFO - Sync 1 DAGs
[2026-04-22T19:06:57.316+0000] {logging_mixin.py:190} INFO - [2026-04-22T19:06:57.316+0000] {dag.py:4180} INFO - Setting next_dagrun for data_pipeline to 2026-04-22 15:30:00+00:00, run_after=2026-04-23 15:30:00+00:00
[2026-04-22T19:06:57.331+0000] {processor.py:208} INFO - Processing /opt/airflow/dags/dag2.py took 0.085 seconds
[2026-04-22T19:07:27.632+0000] {processor.py:186} INFO - Started process (PID=9031) to work on /opt/airflow/dags/dag2.py
[2026-04-22T19:07:27.639+0000] {processor.py:914} INFO - Processing file /opt/airflow/dags/dag2.py for tasks to queue
[2026-04-22T19:07:27.640+0000] {logging_mixin.py:190} INFO - [2026-04-22T19:07:27.640+0000] {dagbag.py:588} INFO - Filling up the DagBag from /opt/airflow/dags/dag2.py
[2026-04-22T19:07:27.652+0000] {processor.py:925} INFO - DAG(s) 'data_pipeline' retrieved from /opt/airflow/dags/dag2.py
[2026-04-22T19:07:27.673+0000] {logging_mixin.py:190} INFO - [2026-04-22T19:07:27.673+0000] {dag.py:3239} INFO - Sync 1 DAGs
[2026-04-22T19:07:27.696+0000] {logging_mixin.py:190} INFO - [2026-04-22T19:07:27.696+0000] {dag.py:4180} INFO - Setting next_dagrun for data_pipeline to 2026-04-22 15:30:00+00:00, run_after=2026-04-23 15:30:00+00:00
[2026-04-22T19:07:27.711+0000] {processor.py:208} INFO - Processing /opt/airflow/dags/dag2.py took 0.088 seconds
[2026-04-22T19:07:57.993+0000] {processor.py:186} INFO - Started process (PID=9052) to work on /opt/airflow/dags/dag2.py
[2026-04-22T19:07:57.993+0000] {processor.py:914} INFO - Processing file /opt/airflow/dags/dag2.py for tasks to queue
[2026-04-22T19:07:57.994+0000] {logging_mixin.py:190} INFO - [2026-04-22T19:07:57.994+0000] {dagbag.py:588} INFO - Filling up the DagBag from /opt/airflow/dags/dag2.py
[2026-04-22T19:07:58.005+0000] {processor.py:925} INFO - DAG(s) 'data_pipeline' retrieved from /opt/airflow/dags/dag2.py
[2026-04-22T19:07:58.028+0000] {logging_mixin.py:190} INFO - [2026-04-22T19:07:58.027+0000] {dag.py:3239} INFO - Sync 1 DAGs
[2026-04-22T19:07:58.051+0000] {logging_mixin.py:190} INFO - [2026-04-22T19:07:58.050+0000] {dag.py:4180} INFO - Setting next_dagrun for data_pipeline to 2026-04-22 15:30:00+00:00, run_after=2026-04-23 15:30:00+00:00
[2026-04-22T19:07:58.066+0000] {processor.py:208} INFO - Processing /opt/airflow/dags/dag2.py took 0.079 seconds
[2026-04-22T19:08:28.432+0000] {processor.py:186} INFO - Started process (PID=9073) to work on /opt/airflow/dags/dag2.py
[2026-04-22T19:08:28.440+0000] {processor.py:914} INFO - Processing file /opt/airflow/dags/dag2.py for tasks to queue
[2026-04-22T19:08:28.443+0000] {logging_mixin.py:190} INFO - [2026-04-22T19:08:28.442+0000] {dagbag.py:588} INFO - Filling up the DagBag from /opt/airflow/dags/dag2.py
[2026-04-22T19:08:28.459+0000] {processor.py:925} INFO - DAG(s) 'data_pipeline' retrieved from /opt/airflow/dags/dag2.py
[2026-04-22T19:08:28.482+0000] {logging_mixin.py:190} INFO - [2026-04-22T19:08:28.481+0000] {dag.py:3239} INFO - Sync 1 DAGs
[2026-04-22T19:08:28.504+0000] {logging_mixin.py:190} INFO - [2026-04-22T19:08:28.504+0000] {dag.py:4180} INFO - Setting next_dagrun for data_pipeline to 2026-04-22 15:30:00+00:00, run_after=2026-04-23 15:30:00+00:00
[2026-04-22T19:08:28.521+0000] {processor.py:208} INFO - Processing /opt/airflow/dags/dag2.py took 0.104 seconds
[2026-04-22T19:08:58.825+0000] {processor.py:186} INFO - Started process (PID=9094) to work on /opt/airflow/dags/dag2.py
[2026-04-22T19:08:58.826+0000] {processor.py:914} INFO - Processing file /opt/airflow/dags/dag2.py for tasks to queue
[2026-04-22T19:08:58.827+0000] {logging_mixin.py:190} INFO - [2026-04-22T19:08:58.827+0000] {dagbag.py:588} INFO - Filling up the DagBag from /opt/airflow/dags/dag2.py
[2026-04-22T19:08:58.841+0000] {processor.py:925} INFO - DAG(s) 'data_pipeline' retrieved from /opt/airflow/dags/dag2.py
[2026-04-22T19:08:58.863+0000] {logging_mixin.py:190} INFO - [2026-04-22T19:08:58.863+0000] {dag.py:3239} INFO - Sync 1 DAGs
[2026-04-22T19:08:58.889+0000] {logging_mixin.py:190} INFO - [2026-04-22T19:08:58.889+0000] {dag.py:4180} INFO - Setting next_dagrun for data_pipeline to 2026-04-22 15:30:00+00:00, run_after=2026-04-23 15:30:00+00:00
[2026-04-22T19:08:58.905+0000] {processor.py:208} INFO - Processing /opt/airflow/dags/dag2.py took 0.095 seconds
[2026-04-22T19:09:29.232+0000] {processor.py:186} INFO - Started process (PID=9115) to work on /opt/airflow/dags/dag2.py
[2026-04-22T19:09:29.233+0000] {processor.py:914} INFO - Processing file /opt/airflow/dags/dag2.py for tasks to queue
[2026-04-22T19:09:29.235+0000] {logging_mixin.py:190} INFO - [2026-04-22T19:09:29.235+0000] {dagbag.py:588} INFO - Filling up the DagBag from /opt/airflow/dags/dag2.py
[2026-04-22T19:09:29.248+0000] {processor.py:925} INFO - DAG(s) 'data_pipeline' retrieved from /opt/airflow/dags/dag2.py
[2026-04-22T19:09:29.271+0000] {logging_mixin.py:190} INFO - [2026-04-22T19:09:29.271+0000] {dag.py:3239} INFO - Sync 1 DAGs
[2026-04-22T19:09:29.297+0000] {logging_mixin.py:190} INFO - [2026-04-22T19:09:29.296+0000] {dag.py:4180} INFO - Setting next_dagrun for data_pipeline to 2026-04-22 15:30:00+00:00, run_after=2026-04-23 15:30:00+00:00
[2026-04-22T19:09:29.312+0000] {processor.py:208} INFO - Processing /opt/airflow/dags/dag2.py took 0.092 seconds
[2026-04-22T19:09:59.693+0000] {processor.py:186} INFO - Started process (PID=9136) to work on /opt/airflow/dags/dag2.py
[2026-04-22T19:09:59.695+0000] {processor.py:914} INFO - Processing file /opt/airflow/dags/dag2.py for tasks to queue
[2026-04-22T19:09:59.697+0000] {logging_mixin.py:190} INFO - [2026-04-22T19:09:59.696+0000] {dagbag.py:588} INFO - Filling up the DagBag from /opt/airflow/dags/dag2.py
[2026-04-22T19:09:59.716+0000] {processor.py:925} INFO - DAG(s) 'data_pipeline' retrieved from /opt/airflow/dags/dag2.py
[2026-04-22T19:09:59.740+0000] {logging_mixin.py:190} INFO - [2026-04-22T19:09:59.739+0000] {dag.py:3239} INFO - Sync 1 DAGs
[2026-04-22T19:09:59.760+0000] {logging_mixin.py:190} INFO - [2026-04-22T19:09:59.760+0000] {dag.py:4180} INFO - Setting next_dagrun for data_pipeline to 2026-04-22 15:30:00+00:00, run_after=2026-04-23 15:30:00+00:00
[2026-04-22T19:09:59.776+0000] {processor.py:208} INFO - Processing /opt/airflow/dags/dag2.py took 0.096 seconds
[2026-04-22T19:10:30.063+0000] {processor.py:186} INFO - Started process (PID=9156) to work on /opt/airflow/dags/dag2.py
[2026-04-22T19:10:30.070+0000] {processor.py:914} INFO - Processing file /opt/airflow/dags/dag2.py for tasks to queue
[2026-04-22T19:10:30.072+0000] {logging_mixin.py:190} INFO - [2026-04-22T19:10:30.072+0000] {dagbag.py:588} INFO - Filling up the DagBag from /opt/airflow/dags/dag2.py
[2026-04-22T19:10:30.086+0000] {processor.py:925} INFO - DAG(s) 'data_pipeline' retrieved from /opt/airflow/dags/dag2.py
[2026-04-22T19:10:30.106+0000] {logging_mixin.py:190} INFO - [2026-04-22T19:10:30.106+0000] {dag.py:3239} INFO - Sync 1 DAGs
[2026-04-22T19:10:30.127+0000] {logging_mixin.py:190} INFO - [2026-04-22T19:10:30.127+0000] {dag.py:4180} INFO - Setting next_dagrun for data_pipeline to 2026-04-22 15:30:00+00:00, run_after=2026-04-23 15:30:00+00:00
[2026-04-22T19:10:30.141+0000] {processor.py:208} INFO - Processing /opt/airflow/dags/dag2.py took 0.094 seconds
[2026-04-22T19:11:00.430+0000] {processor.py:186} INFO - Started process (PID=9177) to work on /opt/airflow/dags/dag2.py
[2026-04-22T19:11:00.432+0000] {processor.py:914} INFO - Processing file /opt/airflow/dags/dag2.py for tasks to queue
[2026-04-22T19:11:00.434+0000] {logging_mixin.py:190} INFO - [2026-04-22T19:11:00.434+0000] {dagbag.py:588} INFO - Filling up the DagBag from /opt/airflow/dags/dag2.py
[2026-04-22T19:11:00.451+0000] {processor.py:925} INFO - DAG(s) 'data_pipeline' retrieved from /opt/airflow/dags/dag2.py
[2026-04-22T19:11:00.472+0000] {logging_mixin.py:190} INFO - [2026-04-22T19:11:00.472+0000] {dag.py:3239} INFO - Sync 1 DAGs
[2026-04-22T19:11:00.493+0000] {logging_mixin.py:190} INFO - [2026-04-22T19:11:00.493+0000] {dag.py:4180} INFO - Setting next_dagrun for data_pipeline to 2026-04-22 15:30:00+00:00, run_after=2026-04-23 15:30:00+00:00
[2026-04-22T19:11:00.508+0000] {processor.py:208} INFO - Processing /opt/airflow/dags/dag2.py took 0.094 seconds
[2026-04-22T19:11:30.774+0000] {processor.py:186} INFO - Started process (PID=9198) to work on /opt/airflow/dags/dag2.py
[2026-04-22T19:11:30.781+0000] {processor.py:914} INFO - Processing file /opt/airflow/dags/dag2.py for tasks to queue
[2026-04-22T19:11:30.783+0000] {logging_mixin.py:190} INFO - [2026-04-22T19:11:30.783+0000] {dagbag.py:588} INFO - Filling up the DagBag from /opt/airflow/dags/dag2.py
[2026-04-22T19:11:30.793+0000] {processor.py:925} INFO - DAG(s) 'data_pipeline' retrieved from /opt/airflow/dags/dag2.py
[2026-04-22T19:11:30.822+0000] {logging_mixin.py:190} INFO - [2026-04-22T19:11:30.821+0000] {dag.py:3239} INFO - Sync 1 DAGs
[2026-04-22T19:11:30.846+0000] {logging_mixin.py:190} INFO - [2026-04-22T19:11:30.846+0000] {dag.py:4180} INFO - Setting next_dagrun for data_pipeline to 2026-04-22 15:30:00+00:00, run_after=2026-04-23 15:30:00+00:00
[2026-04-22T19:11:30.865+0000] {processor.py:208} INFO - Processing /opt/airflow/dags/dag2.py took 0.096 seconds
[2026-04-22T19:12:01.172+0000] {processor.py:186} INFO - Started process (PID=9219) to work on /opt/airflow/dags/dag2.py
[2026-04-22T19:12:01.174+0000] {processor.py:914} INFO - Processing file /opt/airflow/dags/dag2.py for tasks to queue
[2026-04-22T19:12:01.176+0000] {logging_mixin.py:190} INFO - [2026-04-22T19:12:01.175+0000] {dagbag.py:588} INFO - Filling up the DagBag from /opt/airflow/dags/dag2.py
[2026-04-22T19:12:01.191+0000] {processor.py:925} INFO - DAG(s) 'data_pipeline' retrieved from /opt/airflow/dags/dag2.py
[2026-04-22T19:12:01.214+0000] {logging_mixin.py:190} INFO - [2026-04-22T19:12:01.214+0000] {dag.py:3239} INFO - Sync 1 DAGs
[2026-04-22T19:12:01.236+0000] {logging_mixin.py:190} INFO - [2026-04-22T19:12:01.236+0000] {dag.py:4180} INFO - Setting next_dagrun for data_pipeline to 2026-04-22 15:30:00+00:00, run_after=2026-04-23 15:30:00+00:00
[2026-04-22T19:12:01.251+0000] {processor.py:208} INFO - Processing /opt/airflow/dags/dag2.py took 0.096 seconds
[2026-04-22T19:12:31.467+0000] {processor.py:186} INFO - Started process (PID=9240) to work on /opt/airflow/dags/dag2.py
[2026-04-22T19:12:31.474+0000] {processor.py:914} INFO - Processing file /opt/airflow/dags/dag2.py for tasks to queue
[2026-04-22T19:12:31.475+0000] {logging_mixin.py:190} INFO - [2026-04-22T19:12:31.475+0000] {dagbag.py:588} INFO - Filling up the DagBag from /opt/airflow/dags/dag2.py
[2026-04-22T19:12:31.486+0000] {processor.py:925} INFO - DAG(s) 'data_pipeline' retrieved from /opt/airflow/dags/dag2.py
[2026-04-22T19:12:31.506+0000] {logging_mixin.py:190} INFO - [2026-04-22T19:12:31.506+0000] {dag.py:3239} INFO - Sync 1 DAGs
[2026-04-22T19:12:31.527+0000] {logging_mixin.py:190} INFO - [2026-04-22T19:12:31.527+0000] {dag.py:4180} INFO - Setting next_dagrun for data_pipeline to 2026-04-22 15:30:00+00:00, run_after=2026-04-23 15:30:00+00:00
[2026-04-22T19:12:31.542+0000] {processor.py:208} INFO - Processing /opt/airflow/dags/dag2.py took 0.081 seconds
[2026-04-22T19:13:01.813+0000] {processor.py:186} INFO - Started process (PID=9261) to work on /opt/airflow/dags/dag2.py
[2026-04-22T19:13:01.814+0000] {processor.py:914} INFO - Processing file /opt/airflow/dags/dag2.py for tasks to queue
[2026-04-22T19:13:01.815+0000] {logging_mixin.py:190} INFO - [2026-04-22T19:13:01.814+0000] {dagbag.py:588} INFO - Filling up the DagBag from /opt/airflow/dags/dag2.py
[2026-04-22T19:13:01.825+0000] {processor.py:925} INFO - DAG(s) 'data_pipeline' retrieved from /opt/airflow/dags/dag2.py
[2026-04-22T19:13:01.848+0000] {logging_mixin.py:190} INFO - [2026-04-22T19:13:01.848+0000] {dag.py:3239} INFO - Sync 1 DAGs
[2026-04-22T19:13:01.871+0000] {logging_mixin.py:190} INFO - [2026-04-22T19:13:01.870+0000] {dag.py:4180} INFO - Setting next_dagrun for data_pipeline to 2026-04-22 15:30:00+00:00, run_after=2026-04-23 15:30:00+00:00
[2026-04-22T19:13:01.886+0000] {processor.py:208} INFO - Processing /opt/airflow/dags/dag2.py took 0.078 seconds
[2026-04-22T19:13:32.206+0000] {processor.py:186} INFO - Started process (PID=9282) to work on /opt/airflow/dags/dag2.py
[2026-04-22T19:13:32.213+0000] {processor.py:914} INFO - Processing file /opt/airflow/dags/dag2.py for tasks to queue
[2026-04-22T19:13:32.215+0000] {logging_mixin.py:190} INFO - [2026-04-22T19:13:32.215+0000] {dagbag.py:588} INFO - Filling up the DagBag from /opt/airflow/dags/dag2.py
[2026-04-22T19:13:32.232+0000] {processor.py:925} INFO - DAG(s) 'data_pipeline' retrieved from /opt/airflow/dags/dag2.py
[2026-04-22T19:13:32.255+0000] {logging_mixin.py:190} INFO - [2026-04-22T19:13:32.255+0000] {dag.py:3239} INFO - Sync 1 DAGs
[2026-04-22T19:13:32.280+0000] {logging_mixin.py:190} INFO - [2026-04-22T19:13:32.279+0000] {dag.py:4180} INFO - Setting next_dagrun for data_pipeline to 2026-04-22 15:30:00+00:00, run_after=2026-04-23 15:30:00+00:00
[2026-04-22T19:13:32.296+0000] {processor.py:208} INFO - Processing /opt/airflow/dags/dag2.py took 0.105 seconds
[2026-04-22T19:14:02.688+0000] {processor.py:186} INFO - Started process (PID=9303) to work on /opt/airflow/dags/dag2.py
[2026-04-22T19:14:02.689+0000] {processor.py:914} INFO - Processing file /opt/airflow/dags/dag2.py for tasks to queue
[2026-04-22T19:14:02.691+0000] {logging_mixin.py:190} INFO - [2026-04-22T19:14:02.690+0000] {dagbag.py:588} INFO - Filling up the DagBag from /opt/airflow/dags/dag2.py
[2026-04-22T19:14:02.704+0000] {processor.py:925} INFO - DAG(s) 'data_pipeline' retrieved from /opt/airflow/dags/dag2.py
[2026-04-22T19:14:02.725+0000] {logging_mixin.py:190} INFO - [2026-04-22T19:14:02.725+0000] {dag.py:3239} INFO - Sync 1 DAGs
[2026-04-22T19:14:02.751+0000] {logging_mixin.py:190} INFO - [2026-04-22T19:14:02.750+0000] {dag.py:4180} INFO - Setting next_dagrun for data_pipeline to 2026-04-22 15:30:00+00:00, run_after=2026-04-23 15:30:00+00:00
[2026-04-22T19:14:02.768+0000] {processor.py:208} INFO - Processing /opt/airflow/dags/dag2.py took 0.092 seconds
[2026-04-22T19:14:33.062+0000] {processor.py:186} INFO - Started process (PID=9324) to work on /opt/airflow/dags/dag2.py
[2026-04-22T19:14:33.064+0000] {processor.py:914} INFO - Processing file /opt/airflow/dags/dag2.py for tasks to queue
[2026-04-22T19:14:33.065+0000] {logging_mixin.py:190} INFO - [2026-04-22T19:14:33.065+0000] {dagbag.py:588} INFO - Filling up the DagBag from /opt/airflow/dags/dag2.py
[2026-04-22T19:14:33.077+0000] {processor.py:925} INFO - DAG(s) 'data_pipeline' retrieved from /opt/airflow/dags/dag2.py
[2026-04-22T19:14:33.101+0000] {logging_mixin.py:190} INFO - [2026-04-22T19:14:33.100+0000] {dag.py:3239} INFO - Sync 1 DAGs
[2026-04-22T19:14:33.123+0000] {logging_mixin.py:190} INFO - [2026-04-22T19:14:33.123+0000] {dag.py:4180} INFO - Setting next_dagrun for data_pipeline to 2026-04-22 15:30:00+00:00, run_after=2026-04-23 15:30:00+00:00
[2026-04-22T19:14:33.140+0000] {processor.py:208} INFO - Processing /opt/airflow/dags/dag2.py took 0.087 seconds
[2026-04-22T19:15:03.446+0000] {processor.py:186} INFO - Started process (PID=9345) to work on /opt/airflow/dags/dag2.py
[2026-04-22T19:15:03.447+0000] {processor.py:914} INFO - Processing file /opt/airflow/dags/dag2.py for tasks to queue
[2026-04-22T19:15:03.449+0000] {logging_mixin.py:190} INFO - [2026-04-22T19:15:03.449+0000] {dagbag.py:588} INFO - Filling up the DagBag from /opt/airflow/dags/dag2.py
[2026-04-22T19:15:03.460+0000] {processor.py:925} INFO - DAG(s) 'data_pipeline' retrieved from /opt/airflow/dags/dag2.py
[2026-04-22T19:15:03.482+0000] {logging_mixin.py:190} INFO - [2026-04-22T19:15:03.482+0000] {dag.py:3239} INFO - Sync 1 DAGs
[2026-04-22T19:15:03.506+0000] {logging_mixin.py:190} INFO - [2026-04-22T19:15:03.506+0000] {dag.py:4180} INFO - Setting next_dagrun for data_pipeline to 2026-04-22 15:30:00+00:00, run_after=2026-04-23 15:30:00+00:00
[2026-04-22T19:15:03.526+0000] {processor.py:208} INFO - Processing /opt/airflow/dags/dag2.py took 0.088 seconds
[2026-04-22T19:15:33.836+0000] {processor.py:186} INFO - Started process (PID=9366) to work on /opt/airflow/dags/dag2.py
[2026-04-22T19:15:33.837+0000] {processor.py:914} INFO - Processing file /opt/airflow/dags/dag2.py for tasks to queue
[2026-04-22T19:15:33.840+0000] {logging_mixin.py:190} INFO - [2026-04-22T19:15:33.839+0000] {dagbag.py:588} INFO - Filling up the DagBag from /opt/airflow/dags/dag2.py
[2026-04-22T19:15:33.855+0000] {processor.py:925} INFO - DAG(s) 'data_pipeline' retrieved from /opt/airflow/dags/dag2.py
[2026-04-22T19:15:33.880+0000] {logging_mixin.py:190} INFO - [2026-04-22T19:15:33.879+0000] {dag.py:3239} INFO - Sync 1 DAGs
[2026-04-22T19:15:33.904+0000] {logging_mixin.py:190} INFO - [2026-04-22T19:15:33.904+0000] {dag.py:4180} INFO - Setting next_dagrun for data_pipeline to 2026-04-22 15:30:00+00:00, run_after=2026-04-23 15:30:00+00:00
[2026-04-22T19:15:33.920+0000] {processor.py:208} INFO - Processing /opt/airflow/dags/dag2.py took 0.095 seconds
[2026-04-22T19:16:04.328+0000] {processor.py:186} INFO - Started process (PID=9387) to work on /opt/airflow/dags/dag2.py
[2026-04-22T19:16:04.328+0000] {processor.py:914} INFO - Processing file /opt/airflow/dags/dag2.py for tasks to queue
[2026-04-22T19:16:04.329+0000] {logging_mixin.py:190} INFO - [2026-04-22T19:16:04.329+0000] {dagbag.py:588} INFO - Filling up the DagBag from /opt/airflow/dags/dag2.py
[2026-04-22T19:16:04.340+0000] {processor.py:925} INFO - DAG(s) 'data_pipeline' retrieved from /opt/airflow/dags/dag2.py
[2026-04-22T19:16:04.361+0000] {logging_mixin.py:190} INFO - [2026-04-22T19:16:04.361+0000] {dag.py:3239} INFO - Sync 1 DAGs
[2026-04-22T19:16:04.383+0000] {logging_mixin.py:190} INFO - [2026-04-22T19:16:04.383+0000] {dag.py:4180} INFO - Setting next_dagrun for data_pipeline to 2026-04-22 15:30:00+00:00, run_after=2026-04-23 15:30:00+00:00
[2026-04-22T19:16:04.399+0000] {processor.py:208} INFO - Processing /opt/airflow/dags/dag2.py took 0.077 seconds
[2026-04-22T19:16:34.694+0000] {processor.py:186} INFO - Started process (PID=9408) to work on /opt/airflow/dags/dag2.py
[2026-04-22T19:16:34.701+0000] {processor.py:914} INFO - Processing file /opt/airflow/dags/dag2.py for tasks to queue
[2026-04-22T19:16:34.703+0000] {logging_mixin.py:190} INFO - [2026-04-22T19:16:34.702+0000] {dagbag.py:588} INFO - Filling up the DagBag from /opt/airflow/dags/dag2.py
[2026-04-22T19:16:34.717+0000] {processor.py:925} INFO - DAG(s) 'data_pipeline' retrieved from /opt/airflow/dags/dag2.py
[2026-04-22T19:16:34.740+0000] {logging_mixin.py:190} INFO - [2026-04-22T19:16:34.740+0000] {dag.py:3239} INFO - Sync 1 DAGs
[2026-04-22T19:16:34.766+0000] {logging_mixin.py:190} INFO - [2026-04-22T19:16:34.766+0000] {dag.py:4180} INFO - Setting next_dagrun for data_pipeline to 2026-04-22 15:30:00+00:00, run_after=2026-04-23 15:30:00+00:00
[2026-04-22T19:16:34.783+0000] {processor.py:208} INFO - Processing /opt/airflow/dags/dag2.py took 0.102 seconds
[2026-04-22T19:17:05.141+0000] {processor.py:186} INFO - Started process (PID=9429) to work on /opt/airflow/dags/dag2.py
[2026-04-22T19:17:05.141+0000] {processor.py:914} INFO - Processing file /opt/airflow/dags/dag2.py for tasks to queue
[2026-04-22T19:17:05.142+0000] {logging_mixin.py:190} INFO - [2026-04-22T19:17:05.142+0000] {dagbag.py:588} INFO - Filling up the DagBag from /opt/airflow/dags/dag2.py
[2026-04-22T19:17:05.153+0000] {processor.py:925} INFO - DAG(s) 'data_pipeline' retrieved from /opt/airflow/dags/dag2.py
[2026-04-22T19:17:05.177+0000] {logging_mixin.py:190} INFO - [2026-04-22T19:17:05.176+0000] {dag.py:3239} INFO - Sync 1 DAGs
[2026-04-22T19:17:05.200+0000] {logging_mixin.py:190} INFO - [2026-04-22T19:17:05.200+0000] {dag.py:4180} INFO - Setting next_dagrun for data_pipeline to 2026-04-22 15:30:00+00:00, run_after=2026-04-23 15:30:00+00:00
[2026-04-22T19:17:05.218+0000] {processor.py:208} INFO - Processing /opt/airflow/dags/dag2.py took 0.083 seconds
[2026-04-22T19:17:35.511+0000] {processor.py:186} INFO - Started process (PID=9450) to work on /opt/airflow/dags/dag2.py
[2026-04-22T19:17:35.518+0000] {processor.py:914} INFO - Processing file /opt/airflow/dags/dag2.py for tasks to queue
[2026-04-22T19:17:35.519+0000] {logging_mixin.py:190} INFO - [2026-04-22T19:17:35.519+0000] {dagbag.py:588} INFO - Filling up the DagBag from /opt/airflow/dags/dag2.py
[2026-04-22T19:17:35.530+0000] {processor.py:925} INFO - DAG(s) 'data_pipeline' retrieved from /opt/airflow/dags/dag2.py
[2026-04-22T19:17:35.553+0000] {logging_mixin.py:190} INFO - [2026-04-22T19:17:35.552+0000] {dag.py:3239} INFO - Sync 1 DAGs
[2026-04-22T19:17:35.576+0000] {logging_mixin.py:190} INFO - [2026-04-22T19:17:35.576+0000] {dag.py:4180} INFO - Setting next_dagrun for data_pipeline to 2026-04-22 15:30:00+00:00, run_after=2026-04-23 15:30:00+00:00
[2026-04-22T19:17:35.593+0000] {processor.py:208} INFO - Processing /opt/airflow/dags/dag2.py took 0.090 seconds
[2026-04-22T19:18:05.840+0000] {processor.py:186} INFO - Started process (PID=9471) to work on /opt/airflow/dags/dag2.py
[2026-04-22T19:18:05.847+0000] {processor.py:914} INFO - Processing file /opt/airflow/dags/dag2.py for tasks to queue
[2026-04-22T19:18:05.848+0000] {logging_mixin.py:190} INFO - [2026-04-22T19:18:05.848+0000] {dagbag.py:588} INFO - Filling up the DagBag from /opt/airflow/dags/dag2.py
[2026-04-22T19:18:05.859+0000] {processor.py:925} INFO - DAG(s) 'data_pipeline' retrieved from /opt/airflow/dags/dag2.py
[2026-04-22T19:18:05.882+0000] {logging_mixin.py:190} INFO - [2026-04-22T19:18:05.881+0000] {dag.py:3239} INFO - Sync 1 DAGs
[2026-04-22T19:18:05.906+0000] {logging_mixin.py:190} INFO - [2026-04-22T19:18:05.906+0000] {dag.py:4180} INFO - Setting next_dagrun for data_pipeline to 2026-04-22 15:30:00+00:00, run_after=2026-04-23 15:30:00+00:00
[2026-04-22T19:18:05.924+0000] {processor.py:208} INFO - Processing /opt/airflow/dags/dag2.py took 0.091 seconds
[2026-04-22T19:18:36.285+0000] {processor.py:186} INFO - Started process (PID=9492) to work on /opt/airflow/dags/dag2.py
[2026-04-22T19:18:36.288+0000] {processor.py:914} INFO - Processing file /opt/airflow/dags/dag2.py for tasks to queue
[2026-04-22T19:18:36.291+0000] {logging_mixin.py:190} INFO - [2026-04-22T19:18:36.290+0000] {dagbag.py:588} INFO - Filling up the DagBag from /opt/airflow/dags/dag2.py
[2026-04-22T19:18:36.330+0000] {processor.py:925} INFO - DAG(s) 'data_pipeline' retrieved from /opt/airflow/dags/dag2.py
[2026-04-22T19:18:36.376+0000] {logging_mixin.py:190} INFO - [2026-04-22T19:18:36.375+0000] {dag.py:3239} INFO - Sync 1 DAGs
[2026-04-22T19:18:36.402+0000] {logging_mixin.py:190} INFO - [2026-04-22T19:18:36.401+0000] {dag.py:4180} INFO - Setting next_dagrun for data_pipeline to 2026-04-22 15:30:00+00:00, run_after=2026-04-23 15:30:00+00:00
[2026-04-22T19:18:36.424+0000] {processor.py:208} INFO - Processing /opt/airflow/dags/dag2.py took 0.163 seconds
[2026-04-22T19:19:06.691+0000] {processor.py:186} INFO - Started process (PID=9513) to work on /opt/airflow/dags/dag2.py
[2026-04-22T19:19:06.691+0000] {processor.py:914} INFO - Processing file /opt/airflow/dags/dag2.py for tasks to queue
[2026-04-22T19:19:06.692+0000] {logging_mixin.py:190} INFO - [2026-04-22T19:19:06.692+0000] {dagbag.py:588} INFO - Filling up the DagBag from /opt/airflow/dags/dag2.py
[2026-04-22T19:19:06.702+0000] {processor.py:925} INFO - DAG(s) 'data_pipeline' retrieved from /opt/airflow/dags/dag2.py
[2026-04-22T19:19:06.724+0000] {logging_mixin.py:190} INFO - [2026-04-22T19:19:06.724+0000] {dag.py:3239} INFO - Sync 1 DAGs
[2026-04-22T19:19:06.747+0000] {logging_mixin.py:190} INFO - [2026-04-22T19:19:06.747+0000] {dag.py:4180} INFO - Setting next_dagrun for data_pipeline to 2026-04-22 15:30:00+00:00, run_after=2026-04-23 15:30:00+00:00
[2026-04-22T19:19:06.764+0000] {processor.py:208} INFO - Processing /opt/airflow/dags/dag2.py took 0.079 seconds
[2026-04-22T19:19:37.052+0000] {processor.py:186} INFO - Started process (PID=9534) to work on /opt/airflow/dags/dag2.py
[2026-04-22T19:19:37.059+0000] {processor.py:914} INFO - Processing file /opt/airflow/dags/dag2.py for tasks to queue
[2026-04-22T19:19:37.060+0000] {logging_mixin.py:190} INFO - [2026-04-22T19:19:37.059+0000] {dagbag.py:588} INFO - Filling up the DagBag from /opt/airflow/dags/dag2.py
[2026-04-22T19:19:37.072+0000] {processor.py:925} INFO - DAG(s) 'data_pipeline' retrieved from /opt/airflow/dags/dag2.py
[2026-04-22T19:19:37.094+0000] {logging_mixin.py:190} INFO - [2026-04-22T19:19:37.094+0000] {dag.py:3239} INFO - Sync 1 DAGs
[2026-04-22T19:19:37.117+0000] {logging_mixin.py:190} INFO - [2026-04-22T19:19:37.117+0000] {dag.py:4180} INFO - Setting next_dagrun for data_pipeline to 2026-04-22 15:30:00+00:00, run_after=2026-04-23 15:30:00+00:00
[2026-04-22T19:19:37.133+0000] {processor.py:208} INFO - Processing /opt/airflow/dags/dag2.py took 0.091 seconds
[2026-04-22T19:20:07.508+0000] {processor.py:186} INFO - Started process (PID=9555) to work on /opt/airflow/dags/dag2.py
[2026-04-22T19:20:07.509+0000] {processor.py:914} INFO - Processing file /opt/airflow/dags/dag2.py for tasks to queue
[2026-04-22T19:20:07.510+0000] {logging_mixin.py:190} INFO - [2026-04-22T19:20:07.510+0000] {dagbag.py:588} INFO - Filling up the DagBag from /opt/airflow/dags/dag2.py
[2026-04-22T19:20:07.523+0000] {processor.py:925} INFO - DAG(s) 'data_pipeline' retrieved from /opt/airflow/dags/dag2.py
[2026-04-22T19:20:07.545+0000] {logging_mixin.py:190} INFO - [2026-04-22T19:20:07.545+0000] {dag.py:3239} INFO - Sync 1 DAGs
[2026-04-22T19:20:07.568+0000] {logging_mixin.py:190} INFO - [2026-04-22T19:20:07.567+0000] {dag.py:4180} INFO - Setting next_dagrun for data_pipeline to 2026-04-22 15:30:00+00:00, run_after=2026-04-23 15:30:00+00:00
[2026-04-22T19:20:07.586+0000] {processor.py:208} INFO - Processing /opt/airflow/dags/dag2.py took 0.087 seconds
[2026-04-22T19:20:37.878+0000] {processor.py:186} INFO - Started process (PID=9576) to work on /opt/airflow/dags/dag2.py
[2026-04-22T19:20:37.885+0000] {processor.py:914} INFO - Processing file /opt/airflow/dags/dag2.py for tasks to queue
[2026-04-22T19:20:37.889+0000] {logging_mixin.py:190} INFO - [2026-04-22T19:20:37.888+0000] {dagbag.py:588} INFO - Filling up the DagBag from /opt/airflow/dags/dag2.py
[2026-04-22T19:20:37.905+0000] {processor.py:925} INFO - DAG(s) 'data_pipeline' retrieved from /opt/airflow/dags/dag2.py
[2026-04-22T19:20:37.927+0000] {logging_mixin.py:190} INFO - [2026-04-22T19:20:37.927+0000] {dag.py:3239} INFO - Sync 1 DAGs
[2026-04-22T19:20:37.951+0000] {logging_mixin.py:190} INFO - [2026-04-22T19:20:37.950+0000] {dag.py:4180} INFO - Setting next_dagrun for data_pipeline to 2026-04-22 15:30:00+00:00, run_after=2026-04-23 15:30:00+00:00
[2026-04-22T19:20:37.970+0000] {processor.py:208} INFO - Processing /opt/airflow/dags/dag2.py took 0.103 seconds
[2026-04-22T19:21:08.319+0000] {processor.py:186} INFO - Started process (PID=9597) to work on /opt/airflow/dags/dag2.py
[2026-04-22T19:21:08.319+0000] {processor.py:914} INFO - Processing file /opt/airflow/dags/dag2.py for tasks to queue
[2026-04-22T19:21:08.321+0000] {logging_mixin.py:190} INFO - [2026-04-22T19:21:08.320+0000] {dagbag.py:588} INFO - Filling up the DagBag from /opt/airflow/dags/dag2.py
[2026-04-22T19:21:08.332+0000] {processor.py:925} INFO - DAG(s) 'data_pipeline' retrieved from /opt/airflow/dags/dag2.py
[2026-04-22T19:21:08.355+0000] {logging_mixin.py:190} INFO - [2026-04-22T19:21:08.354+0000] {dag.py:3239} INFO - Sync 1 DAGs
[2026-04-22T19:21:08.379+0000] {logging_mixin.py:190} INFO - [2026-04-22T19:21:08.379+0000] {dag.py:4180} INFO - Setting next_dagrun for data_pipeline to 2026-04-22 15:30:00+00:00, run_after=2026-04-23 15:30:00+00:00
[2026-04-22T19:21:08.396+0000] {processor.py:208} INFO - Processing /opt/airflow/dags/dag2.py took 0.084 seconds
[2026-04-22T19:21:38.760+0000] {processor.py:186} INFO - Started process (PID=9618) to work on /opt/airflow/dags/dag2.py
[2026-04-22T19:21:38.761+0000] {processor.py:914} INFO - Processing file /opt/airflow/dags/dag2.py for tasks to queue
[2026-04-22T19:21:38.762+0000] {logging_mixin.py:190} INFO - [2026-04-22T19:21:38.762+0000] {dagbag.py:588} INFO - Filling up the DagBag from /opt/airflow/dags/dag2.py
[2026-04-22T19:21:38.774+0000] {processor.py:925} INFO - DAG(s) 'data_pipeline' retrieved from /opt/airflow/dags/dag2.py
[2026-04-22T19:21:38.798+0000] {logging_mixin.py:190} INFO - [2026-04-22T19:21:38.798+0000] {dag.py:3239} INFO - Sync 1 DAGs
[2026-04-22T19:21:38.827+0000] {logging_mixin.py:190} INFO - [2026-04-22T19:21:38.827+0000] {dag.py:4180} INFO - Setting next_dagrun for data_pipeline to 2026-04-22 15:30:00+00:00, run_after=2026-04-23 15:30:00+00:00
[2026-04-22T19:21:38.843+0000] {processor.py:208} INFO - Processing /opt/airflow/dags/dag2.py took 0.089 seconds
[2026-04-22T19:22:09.107+0000] {processor.py:186} INFO - Started process (PID=9639) to work on /opt/airflow/dags/dag2.py
[2026-04-22T19:22:09.108+0000] {processor.py:914} INFO - Processing file /opt/airflow/dags/dag2.py for tasks to queue
[2026-04-22T19:22:09.109+0000] {logging_mixin.py:190} INFO - [2026-04-22T19:22:09.109+0000] {dagbag.py:588} INFO - Filling up the DagBag from /opt/airflow/dags/dag2.py
[2026-04-22T19:22:09.120+0000] {processor.py:925} INFO - DAG(s) 'data_pipeline' retrieved from /opt/airflow/dags/dag2.py
[2026-04-22T19:22:09.142+0000] {logging_mixin.py:190} INFO - [2026-04-22T19:22:09.141+0000] {dag.py:3239} INFO - Sync 1 DAGs
[2026-04-22T19:22:09.166+0000] {logging_mixin.py:190} INFO - [2026-04-22T19:22:09.166+0000] {dag.py:4180} INFO - Setting next_dagrun for data_pipeline to 2026-04-22 15:30:00+00:00, run_after=2026-04-23 15:30:00+00:00
[2026-04-22T19:22:09.182+0000] {processor.py:208} INFO - Processing /opt/airflow/dags/dag2.py took 0.080 seconds
[2026-04-22T19:22:39.622+0000] {processor.py:186} INFO - Started process (PID=9660) to work on /opt/airflow/dags/dag2.py
[2026-04-22T19:22:39.629+0000] {processor.py:914} INFO - Processing file /opt/airflow/dags/dag2.py for tasks to queue
[2026-04-22T19:22:39.630+0000] {logging_mixin.py:190} INFO - [2026-04-22T19:22:39.630+0000] {dagbag.py:588} INFO - Filling up the DagBag from /opt/airflow/dags/dag2.py
[2026-04-22T19:22:39.642+0000] {processor.py:925} INFO - DAG(s) 'data_pipeline' retrieved from /opt/airflow/dags/dag2.py
[2026-04-22T19:22:39.663+0000] {logging_mixin.py:190} INFO - [2026-04-22T19:22:39.663+0000] {dag.py:3239} INFO - Sync 1 DAGs
[2026-04-22T19:22:39.690+0000] {logging_mixin.py:190} INFO - [2026-04-22T19:22:39.690+0000] {dag.py:4180} INFO - Setting next_dagrun for data_pipeline to 2026-04-22 15:30:00+00:00, run_after=2026-04-23 15:30:00+00:00
[2026-04-22T19:22:39.708+0000] {processor.py:208} INFO - Processing /opt/airflow/dags/dag2.py took 0.096 seconds
[2026-04-22T19:23:10.001+0000] {processor.py:186} INFO - Started process (PID=9681) to work on /opt/airflow/dags/dag2.py
[2026-04-22T19:23:10.002+0000] {processor.py:914} INFO - Processing file /opt/airflow/dags/dag2.py for tasks to queue
[2026-04-22T19:23:10.004+0000] {logging_mixin.py:190} INFO - [2026-04-22T19:23:10.003+0000] {dagbag.py:588} INFO - Filling up the DagBag from /opt/airflow/dags/dag2.py
[2026-04-22T19:23:10.019+0000] {processor.py:925} INFO - DAG(s) 'data_pipeline' retrieved from /opt/airflow/dags/dag2.py
[2026-04-22T19:23:10.044+0000] {logging_mixin.py:190} INFO - [2026-04-22T19:23:10.044+0000] {dag.py:3239} INFO - Sync 1 DAGs
[2026-04-22T19:23:10.070+0000] {logging_mixin.py:190} INFO - [2026-04-22T19:23:10.070+0000] {dag.py:4180} INFO - Setting next_dagrun for data_pipeline to 2026-04-22 15:30:00+00:00, run_after=2026-04-23 15:30:00+00:00
[2026-04-22T19:23:10.087+0000] {processor.py:208} INFO - Processing /opt/airflow/dags/dag2.py took 0.094 seconds
[2026-04-22T19:23:40.375+0000] {processor.py:186} INFO - Started process (PID=9702) to work on /opt/airflow/dags/dag2.py
[2026-04-22T19:23:40.377+0000] {processor.py:914} INFO - Processing file /opt/airflow/dags/dag2.py for tasks to queue
[2026-04-22T19:23:40.379+0000] {logging_mixin.py:190} INFO - [2026-04-22T19:23:40.378+0000] {dagbag.py:588} INFO - Filling up the DagBag from /opt/airflow/dags/dag2.py
[2026-04-22T19:23:40.389+0000] {processor.py:925} INFO - DAG(s) 'data_pipeline' retrieved from /opt/airflow/dags/dag2.py
[2026-04-22T19:23:40.412+0000] {logging_mixin.py:190} INFO - [2026-04-22T19:23:40.412+0000] {dag.py:3239} INFO - Sync 1 DAGs
[2026-04-22T19:23:40.435+0000] {logging_mixin.py:190} INFO - [2026-04-22T19:23:40.435+0000] {dag.py:4180} INFO - Setting next_dagrun for data_pipeline to 2026-04-22 15:30:00+00:00, run_after=2026-04-23 15:30:00+00:00
[2026-04-22T19:23:40.456+0000] {processor.py:208} INFO - Processing /opt/airflow/dags/dag2.py took 0.090 seconds
[2026-04-22T19:24:10.833+0000] {processor.py:186} INFO - Started process (PID=9723) to work on /opt/airflow/dags/dag2.py
[2026-04-22T19:24:10.834+0000] {processor.py:914} INFO - Processing file /opt/airflow/dags/dag2.py for tasks to queue
[2026-04-22T19:24:10.836+0000] {logging_mixin.py:190} INFO - [2026-04-22T19:24:10.836+0000] {dagbag.py:588} INFO - Filling up the DagBag from /opt/airflow/dags/dag2.py
[2026-04-22T19:24:10.848+0000] {processor.py:925} INFO - DAG(s) 'data_pipeline' retrieved from /opt/airflow/dags/dag2.py
[2026-04-22T19:24:10.870+0000] {logging_mixin.py:190} INFO - [2026-04-22T19:24:10.869+0000] {dag.py:3239} INFO - Sync 1 DAGs
[2026-04-22T19:24:10.893+0000] {logging_mixin.py:190} INFO - [2026-04-22T19:24:10.893+0000] {dag.py:4180} INFO - Setting next_dagrun for data_pipeline to 2026-04-22 15:30:00+00:00, run_after=2026-04-23 15:30:00+00:00
[2026-04-22T19:24:10.910+0000] {processor.py:208} INFO - Processing /opt/airflow/dags/dag2.py took 0.087 seconds
[2026-04-22T19:24:41.234+0000] {processor.py:186} INFO - Started process (PID=9744) to work on /opt/airflow/dags/dag2.py
[2026-04-22T19:24:41.242+0000] {processor.py:914} INFO - Processing file /opt/airflow/dags/dag2.py for tasks to queue
[2026-04-22T19:24:41.244+0000] {logging_mixin.py:190} INFO - [2026-04-22T19:24:41.243+0000] {dagbag.py:588} INFO - Filling up the DagBag from /opt/airflow/dags/dag2.py
[2026-04-22T19:24:41.258+0000] {processor.py:925} INFO - DAG(s) 'data_pipeline' retrieved from /opt/airflow/dags/dag2.py
[2026-04-22T19:24:41.280+0000] {logging_mixin.py:190} INFO - [2026-04-22T19:24:41.279+0000] {dag.py:3239} INFO - Sync 1 DAGs
[2026-04-22T19:24:41.301+0000] {logging_mixin.py:190} INFO - [2026-04-22T19:24:41.301+0000] {dag.py:4180} INFO - Setting next_dagrun for data_pipeline to 2026-04-22 15:30:00+00:00, run_after=2026-04-23 15:30:00+00:00
[2026-04-22T19:24:41.320+0000] {processor.py:208} INFO - Processing /opt/airflow/dags/dag2.py took 0.108 seconds
[2026-04-22T19:25:11.648+0000] {processor.py:186} INFO - Started process (PID=9765) to work on /opt/airflow/dags/dag2.py
[2026-04-22T19:25:11.650+0000] {processor.py:914} INFO - Processing file /opt/airflow/dags/dag2.py for tasks to queue
[2026-04-22T19:25:11.654+0000] {logging_mixin.py:190} INFO - [2026-04-22T19:25:11.653+0000] {dagbag.py:588} INFO - Filling up the DagBag from /opt/airflow/dags/dag2.py
[2026-04-22T19:25:11.692+0000] {processor.py:925} INFO - DAG(s) 'data_pipeline' retrieved from /opt/airflow/dags/dag2.py
[2026-04-22T19:25:11.762+0000] {logging_mixin.py:190} INFO - [2026-04-22T19:25:11.761+0000] {dag.py:3239} INFO - Sync 1 DAGs
[2026-04-22T19:25:11.809+0000] {logging_mixin.py:190} INFO - [2026-04-22T19:25:11.809+0000] {dag.py:4180} INFO - Setting next_dagrun for data_pipeline to 2026-04-22 15:30:00+00:00, run_after=2026-04-23 15:30:00+00:00
[2026-04-22T19:25:11.837+0000] {processor.py:208} INFO - Processing /opt/airflow/dags/dag2.py took 0.209 seconds
[2026-04-22T19:25:42.267+0000] {processor.py:186} INFO - Started process (PID=9786) to work on /opt/airflow/dags/dag2.py
[2026-04-22T19:25:42.270+0000] {processor.py:914} INFO - Processing file /opt/airflow/dags/dag2.py for tasks to queue
[2026-04-22T19:25:42.275+0000] {logging_mixin.py:190} INFO - [2026-04-22T19:25:42.274+0000] {dagbag.py:588} INFO - Filling up the DagBag from /opt/airflow/dags/dag2.py
[2026-04-22T19:25:42.317+0000] {processor.py:925} INFO - DAG(s) 'data_pipeline' retrieved from /opt/airflow/dags/dag2.py
[2026-04-22T19:25:42.393+0000] {logging_mixin.py:190} INFO - [2026-04-22T19:25:42.393+0000] {dag.py:3239} INFO - Sync 1 DAGs
[2026-04-22T19:25:42.427+0000] {logging_mixin.py:190} INFO - [2026-04-22T19:25:42.427+0000] {dag.py:4180} INFO - Setting next_dagrun for data_pipeline to 2026-04-22 15:30:00+00:00, run_after=2026-04-23 15:30:00+00:00
[2026-04-22T19:25:42.450+0000] {processor.py:208} INFO - Processing /opt/airflow/dags/dag2.py took 0.204 seconds
[2026-04-22T19:26:12.902+0000] {processor.py:186} INFO - Started process (PID=9807) to work on /opt/airflow/dags/dag2.py
[2026-04-22T19:26:12.904+0000] {processor.py:914} INFO - Processing file /opt/airflow/dags/dag2.py for tasks to queue
[2026-04-22T19:26:12.910+0000] {logging_mixin.py:190} INFO - [2026-04-22T19:26:12.909+0000] {dagbag.py:588} INFO - Filling up the DagBag from /opt/airflow/dags/dag2.py
[2026-04-22T19:26:12.947+0000] {processor.py:925} INFO - DAG(s) 'data_pipeline' retrieved from /opt/airflow/dags/dag2.py
[2026-04-22T19:26:13.016+0000] {logging_mixin.py:190} INFO - [2026-04-22T19:26:13.016+0000] {dag.py:3239} INFO - Sync 1 DAGs
[2026-04-22T19:26:13.046+0000] {logging_mixin.py:190} INFO - [2026-04-22T19:26:13.046+0000] {dag.py:4180} INFO - Setting next_dagrun for data_pipeline to 2026-04-22 15:30:00+00:00, run_after=2026-04-23 15:30:00+00:00
[2026-04-22T19:26:13.068+0000] {processor.py:208} INFO - Processing /opt/airflow/dags/dag2.py took 0.187 seconds
[2026-04-22T19:26:43.365+0000] {processor.py:186} INFO - Started process (PID=9828) to work on /opt/airflow/dags/dag2.py
[2026-04-22T19:26:43.372+0000] {processor.py:914} INFO - Processing file /opt/airflow/dags/dag2.py for tasks to queue
[2026-04-22T19:26:43.374+0000] {logging_mixin.py:190} INFO - [2026-04-22T19:26:43.374+0000] {dagbag.py:588} INFO - Filling up the DagBag from /opt/airflow/dags/dag2.py
[2026-04-22T19:26:43.388+0000] {processor.py:925} INFO - DAG(s) 'data_pipeline' retrieved from /opt/airflow/dags/dag2.py
[2026-04-22T19:26:43.418+0000] {logging_mixin.py:190} INFO - [2026-04-22T19:26:43.418+0000] {dag.py:3239} INFO - Sync 1 DAGs
[2026-04-22T19:26:43.452+0000] {logging_mixin.py:190} INFO - [2026-04-22T19:26:43.452+0000] {dag.py:4180} INFO - Setting next_dagrun for data_pipeline to 2026-04-22 15:30:00+00:00, run_after=2026-04-23 15:30:00+00:00
[2026-04-22T19:26:43.477+0000] {processor.py:208} INFO - Processing /opt/airflow/dags/dag2.py took 0.119 seconds
[2026-04-22T19:27:13.832+0000] {processor.py:186} INFO - Started process (PID=9849) to work on /opt/airflow/dags/dag2.py
[2026-04-22T19:27:13.834+0000] {processor.py:914} INFO - Processing file /opt/airflow/dags/dag2.py for tasks to queue
[2026-04-22T19:27:13.838+0000] {logging_mixin.py:190} INFO - [2026-04-22T19:27:13.837+0000] {dagbag.py:588} INFO - Filling up the DagBag from /opt/airflow/dags/dag2.py
[2026-04-22T19:27:13.877+0000] {processor.py:925} INFO - DAG(s) 'data_pipeline' retrieved from /opt/airflow/dags/dag2.py
[2026-04-22T19:27:13.958+0000] {logging_mixin.py:190} INFO - [2026-04-22T19:27:13.957+0000] {dag.py:3239} INFO - Sync 1 DAGs
[2026-04-22T19:27:13.999+0000] {logging_mixin.py:190} INFO - [2026-04-22T19:27:13.999+0000] {dag.py:4180} INFO - Setting next_dagrun for data_pipeline to 2026-04-22 15:30:00+00:00, run_after=2026-04-23 15:30:00+00:00
[2026-04-22T19:27:14.023+0000] {processor.py:208} INFO - Processing /opt/airflow/dags/dag2.py took 0.214 seconds
[2026-04-22T19:27:44.369+0000] {processor.py:186} INFO - Started process (PID=9870) to work on /opt/airflow/dags/dag2.py
[2026-04-22T19:27:44.377+0000] {processor.py:914} INFO - Processing file /opt/airflow/dags/dag2.py for tasks to queue
[2026-04-22T19:27:44.381+0000] {logging_mixin.py:190} INFO - [2026-04-22T19:27:44.380+0000] {dagbag.py:588} INFO - Filling up the DagBag from /opt/airflow/dags/dag2.py
[2026-04-22T19:27:44.419+0000] {processor.py:925} INFO - DAG(s) 'data_pipeline' retrieved from /opt/airflow/dags/dag2.py
[2026-04-22T19:27:44.511+0000] {logging_mixin.py:190} INFO - [2026-04-22T19:27:44.511+0000] {dag.py:3239} INFO - Sync 1 DAGs
[2026-04-22T19:27:44.587+0000] {logging_mixin.py:190} INFO - [2026-04-22T19:27:44.587+0000] {dag.py:4180} INFO - Setting next_dagrun for data_pipeline to 2026-04-22 15:30:00+00:00, run_after=2026-04-23 15:30:00+00:00
[2026-04-22T19:27:44.612+0000] {processor.py:208} INFO - Processing /opt/airflow/dags/dag2.py took 0.267 seconds
[2026-04-22T19:28:14.976+0000] {processor.py:186} INFO - Started process (PID=9891) to work on /opt/airflow/dags/dag2.py
[2026-04-22T19:28:14.978+0000] {processor.py:914} INFO - Processing file /opt/airflow/dags/dag2.py for tasks to queue
[2026-04-22T19:28:14.982+0000] {logging_mixin.py:190} INFO - [2026-04-22T19:28:14.981+0000] {dagbag.py:588} INFO - Filling up the DagBag from /opt/airflow/dags/dag2.py
[2026-04-22T19:28:15.022+0000] {processor.py:925} INFO - DAG(s) 'data_pipeline' retrieved from /opt/airflow/dags/dag2.py
[2026-04-22T19:28:15.116+0000] {logging_mixin.py:190} INFO - [2026-04-22T19:28:15.115+0000] {dag.py:3239} INFO - Sync 1 DAGs
[2026-04-22T19:28:15.181+0000] {logging_mixin.py:190} INFO - [2026-04-22T19:28:15.180+0000] {dag.py:4180} INFO - Setting next_dagrun for data_pipeline to 2026-04-22 15:30:00+00:00, run_after=2026-04-23 15:30:00+00:00
[2026-04-22T19:28:15.212+0000] {processor.py:208} INFO - Processing /opt/airflow/dags/dag2.py took 0.256 seconds
[2026-04-22T19:28:45.569+0000] {processor.py:186} INFO - Started process (PID=9912) to work on /opt/airflow/dags/dag2.py
[2026-04-22T19:28:45.572+0000] {processor.py:914} INFO - Processing file /opt/airflow/dags/dag2.py for tasks to queue
[2026-04-22T19:28:45.576+0000] {logging_mixin.py:190} INFO - [2026-04-22T19:28:45.575+0000] {dagbag.py:588} INFO - Filling up the DagBag from /opt/airflow/dags/dag2.py
[2026-04-22T19:28:45.613+0000] {processor.py:925} INFO - DAG(s) 'data_pipeline' retrieved from /opt/airflow/dags/dag2.py
[2026-04-22T19:28:45.655+0000] {logging_mixin.py:190} INFO - [2026-04-22T19:28:45.654+0000] {dag.py:3239} INFO - Sync 1 DAGs
[2026-04-22T19:28:45.700+0000] {logging_mixin.py:190} INFO - [2026-04-22T19:28:45.700+0000] {dag.py:4180} INFO - Setting next_dagrun for data_pipeline to 2026-04-22 15:30:00+00:00, run_after=2026-04-23 15:30:00+00:00
[2026-04-22T19:28:45.732+0000] {processor.py:208} INFO - Processing /opt/airflow/dags/dag2.py took 0.184 seconds
[2026-04-22T19:29:16.094+0000] {processor.py:186} INFO - Started process (PID=9933) to work on /opt/airflow/dags/dag2.py
[2026-04-22T19:29:16.095+0000] {processor.py:914} INFO - Processing file /opt/airflow/dags/dag2.py for tasks to queue
[2026-04-22T19:29:16.097+0000] {logging_mixin.py:190} INFO - [2026-04-22T19:29:16.096+0000] {dagbag.py:588} INFO - Filling up the DagBag from /opt/airflow/dags/dag2.py
[2026-04-22T19:29:16.113+0000] {processor.py:925} INFO - DAG(s) 'data_pipeline' retrieved from /opt/airflow/dags/dag2.py
[2026-04-22T19:29:16.149+0000] {logging_mixin.py:190} INFO - [2026-04-22T19:29:16.148+0000] {dag.py:3239} INFO - Sync 1 DAGs
[2026-04-22T19:29:16.189+0000] {logging_mixin.py:190} INFO - [2026-04-22T19:29:16.189+0000] {dag.py:4180} INFO - Setting next_dagrun for data_pipeline to 2026-04-22 15:30:00+00:00, run_after=2026-04-23 15:30:00+00:00
[2026-04-22T19:29:16.219+0000] {processor.py:208} INFO - Processing /opt/airflow/dags/dag2.py took 0.142 seconds
[2026-04-22T19:29:46.571+0000] {processor.py:186} INFO - Started process (PID=9954) to work on /opt/airflow/dags/dag2.py
[2026-04-22T19:29:46.579+0000] {processor.py:914} INFO - Processing file /opt/airflow/dags/dag2.py for tasks to queue
[2026-04-22T19:29:46.583+0000] {logging_mixin.py:190} INFO - [2026-04-22T19:29:46.582+0000] {dagbag.py:588} INFO - Filling up the DagBag from /opt/airflow/dags/dag2.py
[2026-04-22T19:29:46.626+0000] {processor.py:925} INFO - DAG(s) 'data_pipeline' retrieved from /opt/airflow/dags/dag2.py
[2026-04-22T19:29:46.714+0000] {logging_mixin.py:190} INFO - [2026-04-22T19:29:46.713+0000] {dag.py:3239} INFO - Sync 1 DAGs
[2026-04-22T19:29:46.771+0000] {logging_mixin.py:190} INFO - [2026-04-22T19:29:46.771+0000] {dag.py:4180} INFO - Setting next_dagrun for data_pipeline to 2026-04-22 15:30:00+00:00, run_after=2026-04-23 15:30:00+00:00
[2026-04-22T19:29:46.797+0000] {processor.py:208} INFO - Processing /opt/airflow/dags/dag2.py took 0.250 seconds
[2026-04-22T19:30:17.219+0000] {processor.py:186} INFO - Started process (PID=9975) to work on /opt/airflow/dags/dag2.py
[2026-04-22T19:30:17.221+0000] {processor.py:914} INFO - Processing file /opt/airflow/dags/dag2.py for tasks to queue
[2026-04-22T19:30:17.228+0000] {logging_mixin.py:190} INFO - [2026-04-22T19:30:17.227+0000] {dagbag.py:588} INFO - Filling up the DagBag from /opt/airflow/dags/dag2.py
[2026-04-22T19:30:17.272+0000] {processor.py:925} INFO - DAG(s) 'data_pipeline' retrieved from /opt/airflow/dags/dag2.py
[2026-04-22T19:30:17.317+0000] {logging_mixin.py:190} INFO - [2026-04-22T19:30:17.317+0000] {dag.py:3239} INFO - Sync 1 DAGs
[2026-04-22T19:30:17.364+0000] {logging_mixin.py:190} INFO - [2026-04-22T19:30:17.363+0000] {dag.py:4180} INFO - Setting next_dagrun for data_pipeline to 2026-04-22 15:30:00+00:00, run_after=2026-04-23 15:30:00+00:00
[2026-04-22T19:30:17.399+0000] {processor.py:208} INFO - Processing /opt/airflow/dags/dag2.py took 0.207 seconds
[2026-04-22T19:30:47.853+0000] {processor.py:186} INFO - Started process (PID=9996) to work on /opt/airflow/dags/dag2.py
[2026-04-22T19:30:47.861+0000] {processor.py:914} INFO - Processing file /opt/airflow/dags/dag2.py for tasks to queue
[2026-04-22T19:30:47.865+0000] {logging_mixin.py:190} INFO - [2026-04-22T19:30:47.863+0000] {dagbag.py:588} INFO - Filling up the DagBag from /opt/airflow/dags/dag2.py
[2026-04-22T19:30:47.903+0000] {processor.py:925} INFO - DAG(s) 'data_pipeline' retrieved from /opt/airflow/dags/dag2.py
[2026-04-22T19:30:47.982+0000] {logging_mixin.py:190} INFO - [2026-04-22T19:30:47.982+0000] {dag.py:3239} INFO - Sync 1 DAGs
[2026-04-22T19:30:48.020+0000] {logging_mixin.py:190} INFO - [2026-04-22T19:30:48.020+0000] {dag.py:4180} INFO - Setting next_dagrun for data_pipeline to 2026-04-22 15:30:00+00:00, run_after=2026-04-23 15:30:00+00:00
[2026-04-22T19:30:48.045+0000] {processor.py:208} INFO - Processing /opt/airflow/dags/dag2.py took 0.211 seconds
[2026-04-22T19:31:18.522+0000] {processor.py:186} INFO - Started process (PID=10017) to work on /opt/airflow/dags/dag2.py
[2026-04-22T19:31:18.531+0000] {processor.py:914} INFO - Processing file /opt/airflow/dags/dag2.py for tasks to queue
[2026-04-22T19:31:18.535+0000] {logging_mixin.py:190} INFO - [2026-04-22T19:31:18.534+0000] {dagbag.py:588} INFO - Filling up the DagBag from /opt/airflow/dags/dag2.py
[2026-04-22T19:31:18.576+0000] {processor.py:925} INFO - DAG(s) 'data_pipeline' retrieved from /opt/airflow/dags/dag2.py
[2026-04-22T19:31:18.665+0000] {logging_mixin.py:190} INFO - [2026-04-22T19:31:18.665+0000] {dag.py:3239} INFO - Sync 1 DAGs
[2026-04-22T19:31:18.744+0000] {logging_mixin.py:190} INFO - [2026-04-22T19:31:18.743+0000] {dag.py:4180} INFO - Setting next_dagrun for data_pipeline to 2026-04-22 15:30:00+00:00, run_after=2026-04-23 15:30:00+00:00
[2026-04-22T19:31:18.786+0000] {processor.py:208} INFO - Processing /opt/airflow/dags/dag2.py took 0.286 seconds
[2026-04-22T19:31:48.960+0000] {processor.py:186} INFO - Started process (PID=10038) to work on /opt/airflow/dags/dag2.py
[2026-04-22T19:31:48.968+0000] {processor.py:914} INFO - Processing file /opt/airflow/dags/dag2.py for tasks to queue
[2026-04-22T19:31:48.972+0000] {logging_mixin.py:190} INFO - [2026-04-22T19:31:48.971+0000] {dagbag.py:588} INFO - Filling up the DagBag from /opt/airflow/dags/dag2.py
[2026-04-22T19:31:49.009+0000] {processor.py:925} INFO - DAG(s) 'data_pipeline' retrieved from /opt/airflow/dags/dag2.py
[2026-04-22T19:31:49.089+0000] {logging_mixin.py:190} INFO - [2026-04-22T19:31:49.089+0000] {dag.py:3239} INFO - Sync 1 DAGs
[2026-04-22T19:31:49.180+0000] {logging_mixin.py:190} INFO - [2026-04-22T19:31:49.179+0000] {dag.py:4180} INFO - Setting next_dagrun for data_pipeline to 2026-04-22 15:30:00+00:00, run_after=2026-04-23 15:30:00+00:00
[2026-04-22T19:31:49.246+0000] {processor.py:208} INFO - Processing /opt/airflow/dags/dag2.py took 0.308 seconds
[2026-04-22T19:32:19.605+0000] {processor.py:186} INFO - Started process (PID=10059) to work on /opt/airflow/dags/dag2.py
[2026-04-22T19:32:19.608+0000] {processor.py:914} INFO - Processing file /opt/airflow/dags/dag2.py for tasks to queue
[2026-04-22T19:32:19.614+0000] {logging_mixin.py:190} INFO - [2026-04-22T19:32:19.612+0000] {dagbag.py:588} INFO - Filling up the DagBag from /opt/airflow/dags/dag2.py
[2026-04-22T19:32:19.670+0000] {processor.py:925} INFO - DAG(s) 'data_pipeline' retrieved from /opt/airflow/dags/dag2.py
[2026-04-22T19:32:19.759+0000] {logging_mixin.py:190} INFO - [2026-04-22T19:32:19.758+0000] {dag.py:3239} INFO - Sync 1 DAGs
[2026-04-22T19:32:19.874+0000] {logging_mixin.py:190} INFO - [2026-04-22T19:32:19.873+0000] {dag.py:4180} INFO - Setting next_dagrun for data_pipeline to 2026-04-22 15:30:00+00:00, run_after=2026-04-23 15:30:00+00:00
[2026-04-22T19:32:19.926+0000] {processor.py:208} INFO - Processing /opt/airflow/dags/dag2.py took 0.351 seconds
[2026-04-22T19:32:50.283+0000] {processor.py:186} INFO - Started process (PID=10080) to work on /opt/airflow/dags/dag2.py
[2026-04-22T19:32:50.286+0000] {processor.py:914} INFO - Processing file /opt/airflow/dags/dag2.py for tasks to queue
[2026-04-22T19:32:50.291+0000] {logging_mixin.py:190} INFO - [2026-04-22T19:32:50.290+0000] {dagbag.py:588} INFO - Filling up the DagBag from /opt/airflow/dags/dag2.py
[2026-04-22T19:32:50.332+0000] {processor.py:925} INFO - DAG(s) 'data_pipeline' retrieved from /opt/airflow/dags/dag2.py
[2026-04-22T19:32:50.409+0000] {logging_mixin.py:190} INFO - [2026-04-22T19:32:50.408+0000] {dag.py:3239} INFO - Sync 1 DAGs
[2026-04-22T19:32:50.442+0000] {logging_mixin.py:190} INFO - [2026-04-22T19:32:50.442+0000] {dag.py:4180} INFO - Setting next_dagrun for data_pipeline to 2026-04-22 15:30:00+00:00, run_after=2026-04-23 15:30:00+00:00
[2026-04-22T19:32:50.465+0000] {processor.py:208} INFO - Processing /opt/airflow/dags/dag2.py took 0.203 seconds
[2026-04-22T19:33:21.023+0000] {processor.py:186} INFO - Started process (PID=10101) to work on /opt/airflow/dags/dag2.py
[2026-04-22T19:33:21.025+0000] {processor.py:914} INFO - Processing file /opt/airflow/dags/dag2.py for tasks to queue
[2026-04-22T19:33:21.029+0000] {logging_mixin.py:190} INFO - [2026-04-22T19:33:21.028+0000] {dagbag.py:588} INFO - Filling up the DagBag from /opt/airflow/dags/dag2.py
[2026-04-22T19:33:21.068+0000] {processor.py:925} INFO - DAG(s) 'data_pipeline' retrieved from /opt/airflow/dags/dag2.py
[2026-04-22T19:33:21.152+0000] {logging_mixin.py:190} INFO - [2026-04-22T19:33:21.152+0000] {dag.py:3239} INFO - Sync 1 DAGs
[2026-04-22T19:33:21.212+0000] {logging_mixin.py:190} INFO - [2026-04-22T19:33:21.212+0000] {dag.py:4180} INFO - Setting next_dagrun for data_pipeline to 2026-04-22 15:30:00+00:00, run_after=2026-04-23 15:30:00+00:00
[2026-04-22T19:33:21.242+0000] {processor.py:208} INFO - Processing /opt/airflow/dags/dag2.py took 0.244 seconds
[2026-04-22T19:33:51.583+0000] {processor.py:186} INFO - Started process (PID=10122) to work on /opt/airflow/dags/dag2.py
[2026-04-22T19:33:51.585+0000] {processor.py:914} INFO - Processing file /opt/airflow/dags/dag2.py for tasks to queue
[2026-04-22T19:33:51.589+0000] {logging_mixin.py:190} INFO - [2026-04-22T19:33:51.588+0000] {dagbag.py:588} INFO - Filling up the DagBag from /opt/airflow/dags/dag2.py
[2026-04-22T19:33:51.629+0000] {processor.py:925} INFO - DAG(s) 'data_pipeline' retrieved from /opt/airflow/dags/dag2.py
[2026-04-22T19:33:51.715+0000] {logging_mixin.py:190} INFO - [2026-04-22T19:33:51.714+0000] {dag.py:3239} INFO - Sync 1 DAGs
[2026-04-22T19:33:51.778+0000] {logging_mixin.py:190} INFO - [2026-04-22T19:33:51.777+0000] {dag.py:4180} INFO - Setting next_dagrun for data_pipeline to 2026-04-22 15:30:00+00:00, run_after=2026-04-23 15:30:00+00:00
[2026-04-22T19:33:51.800+0000] {processor.py:208} INFO - Processing /opt/airflow/dags/dag2.py took 0.239 seconds
[2026-04-22T19:34:21.939+0000] {processor.py:186} INFO - Started process (PID=10143) to work on /opt/airflow/dags/dag2.py
[2026-04-22T19:34:21.942+0000] {processor.py:914} INFO - Processing file /opt/airflow/dags/dag2.py for tasks to queue
[2026-04-22T19:34:21.947+0000] {logging_mixin.py:190} INFO - [2026-04-22T19:34:21.946+0000] {dagbag.py:588} INFO - Filling up the DagBag from /opt/airflow/dags/dag2.py
[2026-04-22T19:34:21.987+0000] {processor.py:925} INFO - DAG(s) 'data_pipeline' retrieved from /opt/airflow/dags/dag2.py
[2026-04-22T19:34:22.081+0000] {logging_mixin.py:190} INFO - [2026-04-22T19:34:22.080+0000] {dag.py:3239} INFO - Sync 1 DAGs
[2026-04-22T19:34:22.154+0000] {logging_mixin.py:190} INFO - [2026-04-22T19:34:22.154+0000] {dag.py:4180} INFO - Setting next_dagrun for data_pipeline to 2026-04-22 15:30:00+00:00, run_after=2026-04-23 15:30:00+00:00
[2026-04-22T19:34:22.181+0000] {processor.py:208} INFO - Processing /opt/airflow/dags/dag2.py took 0.263 seconds
[2026-04-22T19:34:52.524+0000] {processor.py:186} INFO - Started process (PID=10164) to work on /opt/airflow/dags/dag2.py
[2026-04-22T19:34:52.532+0000] {processor.py:914} INFO - Processing file /opt/airflow/dags/dag2.py for tasks to queue
[2026-04-22T19:34:52.536+0000] {logging_mixin.py:190} INFO - [2026-04-22T19:34:52.535+0000] {dagbag.py:588} INFO - Filling up the DagBag from /opt/airflow/dags/dag2.py
[2026-04-22T19:34:52.575+0000] {processor.py:925} INFO - DAG(s) 'data_pipeline' retrieved from /opt/airflow/dags/dag2.py
[2026-04-22T19:34:52.649+0000] {logging_mixin.py:190} INFO - [2026-04-22T19:34:52.648+0000] {dag.py:3239} INFO - Sync 1 DAGs
[2026-04-22T19:34:52.713+0000] {logging_mixin.py:190} INFO - [2026-04-22T19:34:52.712+0000] {dag.py:4180} INFO - Setting next_dagrun for data_pipeline to 2026-04-22 15:30:00+00:00, run_after=2026-04-23 15:30:00+00:00
[2026-04-22T19:34:52.758+0000] {processor.py:208} INFO - Processing /opt/airflow/dags/dag2.py took 0.255 seconds
[2026-04-22T19:35:23.114+0000] {processor.py:186} INFO - Started process (PID=10186) to work on /opt/airflow/dags/dag2.py
[2026-04-22T19:35:23.117+0000] {processor.py:914} INFO - Processing file /opt/airflow/dags/dag2.py for tasks to queue
[2026-04-22T19:35:23.120+0000] {logging_mixin.py:190} INFO - [2026-04-22T19:35:23.119+0000] {dagbag.py:588} INFO - Filling up the DagBag from /opt/airflow/dags/dag2.py
[2026-04-22T19:35:23.159+0000] {processor.py:925} INFO - DAG(s) 'data_pipeline' retrieved from /opt/airflow/dags/dag2.py
[2026-04-22T19:35:23.241+0000] {logging_mixin.py:190} INFO - [2026-04-22T19:35:23.240+0000] {dag.py:3239} INFO - Sync 1 DAGs
[2026-04-22T19:35:23.310+0000] {logging_mixin.py:190} INFO - [2026-04-22T19:35:23.309+0000] {dag.py:4180} INFO - Setting next_dagrun for data_pipeline to 2026-04-22 15:30:00+00:00, run_after=2026-04-23 15:30:00+00:00
[2026-04-22T19:35:23.335+0000] {processor.py:208} INFO - Processing /opt/airflow/dags/dag2.py took 0.241 seconds
[2026-04-22T19:35:53.943+0000] {processor.py:186} INFO - Started process (PID=10207) to work on /opt/airflow/dags/dag2.py
[2026-04-22T19:35:53.952+0000] {processor.py:914} INFO - Processing file /opt/airflow/dags/dag2.py for tasks to queue
[2026-04-22T19:35:53.957+0000] {logging_mixin.py:190} INFO - [2026-04-22T19:35:53.956+0000] {dagbag.py:588} INFO - Filling up the DagBag from /opt/airflow/dags/dag2.py
[2026-04-22T19:35:53.995+0000] {processor.py:925} INFO - DAG(s) 'data_pipeline' retrieved from /opt/airflow/dags/dag2.py
[2026-04-22T19:35:54.076+0000] {logging_mixin.py:190} INFO - [2026-04-22T19:35:54.075+0000] {dag.py:3239} INFO - Sync 1 DAGs
[2026-04-22T19:35:54.149+0000] {logging_mixin.py:190} INFO - [2026-04-22T19:35:54.148+0000] {dag.py:4180} INFO - Setting next_dagrun for data_pipeline to 2026-04-22 15:30:00+00:00, run_after=2026-04-23 15:30:00+00:00
[2026-04-22T19:35:54.183+0000] {processor.py:208} INFO - Processing /opt/airflow/dags/dag2.py took 0.261 seconds
[2026-04-22T19:36:24.322+0000] {processor.py:186} INFO - Started process (PID=10228) to work on /opt/airflow/dags/dag2.py
[2026-04-22T19:36:24.325+0000] {processor.py:914} INFO - Processing file /opt/airflow/dags/dag2.py for tasks to queue
[2026-04-22T19:36:24.328+0000] {logging_mixin.py:190} INFO - [2026-04-22T19:36:24.327+0000] {dagbag.py:588} INFO - Filling up the DagBag from /opt/airflow/dags/dag2.py
[2026-04-22T19:36:24.368+0000] {processor.py:925} INFO - DAG(s) 'data_pipeline' retrieved from /opt/airflow/dags/dag2.py
[2026-04-22T19:36:24.464+0000] {logging_mixin.py:190} INFO - [2026-04-22T19:36:24.463+0000] {dag.py:3239} INFO - Sync 1 DAGs
[2026-04-22T19:36:24.559+0000] {logging_mixin.py:190} INFO - [2026-04-22T19:36:24.558+0000] {dag.py:4180} INFO - Setting next_dagrun for data_pipeline to 2026-04-22 15:30:00+00:00, run_after=2026-04-23 15:30:00+00:00
[2026-04-22T19:36:24.625+0000] {processor.py:208} INFO - Processing /opt/airflow/dags/dag2.py took 0.330 seconds
[2026-04-22T19:36:54.899+0000] {processor.py:186} INFO - Started process (PID=10249) to work on /opt/airflow/dags/dag2.py
[2026-04-22T19:36:54.906+0000] {processor.py:914} INFO - Processing file /opt/airflow/dags/dag2.py for tasks to queue
[2026-04-22T19:36:54.908+0000] {logging_mixin.py:190} INFO - [2026-04-22T19:36:54.908+0000] {dagbag.py:588} INFO - Filling up the DagBag from /opt/airflow/dags/dag2.py
[2026-04-22T19:36:54.922+0000] {processor.py:925} INFO - DAG(s) 'data_pipeline' retrieved from /opt/airflow/dags/dag2.py
[2026-04-22T19:36:54.954+0000] {logging_mixin.py:190} INFO - [2026-04-22T19:36:54.954+0000] {dag.py:3239} INFO - Sync 1 DAGs
[2026-04-22T19:36:54.988+0000] {logging_mixin.py:190} INFO - [2026-04-22T19:36:54.988+0000] {dag.py:4180} INFO - Setting next_dagrun for data_pipeline to 2026-04-22 15:30:00+00:00, run_after=2026-04-23 15:30:00+00:00
[2026-04-22T19:36:55.012+0000] {processor.py:208} INFO - Processing /opt/airflow/dags/dag2.py took 0.121 seconds
[2026-04-22T19:37:25.323+0000] {processor.py:186} INFO - Started process (PID=10270) to work on /opt/airflow/dags/dag2.py
[2026-04-22T19:37:25.325+0000] {processor.py:914} INFO - Processing file /opt/airflow/dags/dag2.py for tasks to queue
[2026-04-22T19:37:25.329+0000] {logging_mixin.py:190} INFO - [2026-04-22T19:37:25.328+0000] {dagbag.py:588} INFO - Filling up the DagBag from /opt/airflow/dags/dag2.py
[2026-04-22T19:37:25.373+0000] {processor.py:925} INFO - DAG(s) 'data_pipeline' retrieved from /opt/airflow/dags/dag2.py
[2026-04-22T19:37:25.463+0000] {logging_mixin.py:190} INFO - [2026-04-22T19:37:25.462+0000] {dag.py:3239} INFO - Sync 1 DAGs
[2026-04-22T19:37:25.521+0000] {logging_mixin.py:190} INFO - [2026-04-22T19:37:25.521+0000] {dag.py:4180} INFO - Setting next_dagrun for data_pipeline to 2026-04-22 15:30:00+00:00, run_after=2026-04-23 15:30:00+00:00
[2026-04-22T19:37:25.545+0000] {processor.py:208} INFO - Processing /opt/airflow/dags/dag2.py took 0.245 seconds
[2026-04-22T19:37:55.904+0000] {processor.py:186} INFO - Started process (PID=10291) to work on /opt/airflow/dags/dag2.py
[2026-04-22T19:37:55.912+0000] {processor.py:914} INFO - Processing file /opt/airflow/dags/dag2.py for tasks to queue
[2026-04-22T19:37:55.916+0000] {logging_mixin.py:190} INFO - [2026-04-22T19:37:55.915+0000] {dagbag.py:588} INFO - Filling up the DagBag from /opt/airflow/dags/dag2.py
[2026-04-22T19:37:55.956+0000] {processor.py:925} INFO - DAG(s) 'data_pipeline' retrieved from /opt/airflow/dags/dag2.py
[2026-04-22T19:37:56.036+0000] {logging_mixin.py:190} INFO - [2026-04-22T19:37:56.035+0000] {dag.py:3239} INFO - Sync 1 DAGs
[2026-04-22T19:37:56.127+0000] {logging_mixin.py:190} INFO - [2026-04-22T19:37:56.126+0000] {dag.py:4180} INFO - Setting next_dagrun for data_pipeline to 2026-04-22 15:30:00+00:00, run_after=2026-04-23 15:30:00+00:00
[2026-04-22T19:37:56.192+0000] {processor.py:208} INFO - Processing /opt/airflow/dags/dag2.py took 0.309 seconds
[2026-04-22T19:38:26.567+0000] {processor.py:186} INFO - Started process (PID=10312) to work on /opt/airflow/dags/dag2.py
[2026-04-22T19:38:26.569+0000] {processor.py:914} INFO - Processing file /opt/airflow/dags/dag2.py for tasks to queue
[2026-04-22T19:38:26.574+0000] {logging_mixin.py:190} INFO - [2026-04-22T19:38:26.573+0000] {dagbag.py:588} INFO - Filling up the DagBag from /opt/airflow/dags/dag2.py
[2026-04-22T19:38:26.615+0000] {processor.py:925} INFO - DAG(s) 'data_pipeline' retrieved from /opt/airflow/dags/dag2.py
[2026-04-22T19:38:26.662+0000] {logging_mixin.py:190} INFO - [2026-04-22T19:38:26.661+0000] {dag.py:3239} INFO - Sync 1 DAGs
[2026-04-22T19:38:26.687+0000] {logging_mixin.py:190} INFO - [2026-04-22T19:38:26.687+0000] {dag.py:4180} INFO - Setting next_dagrun for data_pipeline to 2026-04-22 15:30:00+00:00, run_after=2026-04-23 15:30:00+00:00
[2026-04-22T19:38:26.704+0000] {processor.py:208} INFO - Processing /opt/airflow/dags/dag2.py took 0.161 seconds
[2026-04-22T19:38:57.372+0000] {processor.py:186} INFO - Started process (PID=10339) to work on /opt/airflow/dags/dag2.py
[2026-04-22T19:38:57.373+0000] {processor.py:914} INFO - Processing file /opt/airflow/dags/dag2.py for tasks to queue
[2026-04-22T19:38:57.374+0000] {logging_mixin.py:190} INFO - [2026-04-22T19:38:57.374+0000] {dagbag.py:588} INFO - Filling up the DagBag from /opt/airflow/dags/dag2.py
[2026-04-22T19:38:57.388+0000] {processor.py:925} INFO - DAG(s) 'data_pipeline' retrieved from /opt/airflow/dags/dag2.py
[2026-04-22T19:38:57.417+0000] {logging_mixin.py:190} INFO - [2026-04-22T19:38:57.416+0000] {dag.py:3239} INFO - Sync 1 DAGs
[2026-04-22T19:38:57.451+0000] {logging_mixin.py:190} INFO - [2026-04-22T19:38:57.450+0000] {dag.py:4180} INFO - Setting next_dagrun for data_pipeline to 2026-04-22 15:30:00+00:00, run_after=2026-04-23 15:30:00+00:00
[2026-04-22T19:38:57.471+0000] {processor.py:208} INFO - Processing /opt/airflow/dags/dag2.py took 0.106 seconds
[2026-04-22T19:39:27.941+0000] {processor.py:186} INFO - Started process (PID=10360) to work on /opt/airflow/dags/dag2.py
[2026-04-22T19:39:27.943+0000] {processor.py:914} INFO - Processing file /opt/airflow/dags/dag2.py for tasks to queue
[2026-04-22T19:39:27.949+0000] {logging_mixin.py:190} INFO - [2026-04-22T19:39:27.947+0000] {dagbag.py:588} INFO - Filling up the DagBag from /opt/airflow/dags/dag2.py
[2026-04-22T19:39:27.984+0000] {processor.py:925} INFO - DAG(s) 'data_pipeline' retrieved from /opt/airflow/dags/dag2.py
[2026-04-22T19:39:28.063+0000] {logging_mixin.py:190} INFO - [2026-04-22T19:39:28.063+0000] {dag.py:3239} INFO - Sync 1 DAGs
[2026-04-22T19:39:28.126+0000] {logging_mixin.py:190} INFO - [2026-04-22T19:39:28.125+0000] {dag.py:4180} INFO - Setting next_dagrun for data_pipeline to 2026-04-22 15:30:00+00:00, run_after=2026-04-23 15:30:00+00:00
[2026-04-22T19:39:28.170+0000] {processor.py:208} INFO - Processing /opt/airflow/dags/dag2.py took 0.248 seconds
[2026-04-22T19:39:58.544+0000] {processor.py:186} INFO - Started process (PID=10381) to work on /opt/airflow/dags/dag2.py
[2026-04-22T19:39:58.553+0000] {processor.py:914} INFO - Processing file /opt/airflow/dags/dag2.py for tasks to queue
[2026-04-22T19:39:58.557+0000] {logging_mixin.py:190} INFO - [2026-04-22T19:39:58.556+0000] {dagbag.py:588} INFO - Filling up the DagBag from /opt/airflow/dags/dag2.py
[2026-04-22T19:39:58.597+0000] {processor.py:925} INFO - DAG(s) 'data_pipeline' retrieved from /opt/airflow/dags/dag2.py
[2026-04-22T19:39:58.681+0000] {logging_mixin.py:190} INFO - [2026-04-22T19:39:58.680+0000] {dag.py:3239} INFO - Sync 1 DAGs
[2026-04-22T19:39:58.759+0000] {logging_mixin.py:190} INFO - [2026-04-22T19:39:58.758+0000] {dag.py:4180} INFO - Setting next_dagrun for data_pipeline to 2026-04-22 15:30:00+00:00, run_after=2026-04-23 15:30:00+00:00
[2026-04-22T19:39:58.804+0000] {processor.py:208} INFO - Processing /opt/airflow/dags/dag2.py took 0.284 seconds
[2026-04-22T19:40:29.166+0000] {processor.py:186} INFO - Started process (PID=10402) to work on /opt/airflow/dags/dag2.py
[2026-04-22T19:40:29.168+0000] {processor.py:914} INFO - Processing file /opt/airflow/dags/dag2.py for tasks to queue
[2026-04-22T19:40:29.172+0000] {logging_mixin.py:190} INFO - [2026-04-22T19:40:29.171+0000] {dagbag.py:588} INFO - Filling up the DagBag from /opt/airflow/dags/dag2.py
[2026-04-22T19:40:29.210+0000] {processor.py:925} INFO - DAG(s) 'data_pipeline' retrieved from /opt/airflow/dags/dag2.py
[2026-04-22T19:40:29.296+0000] {logging_mixin.py:190} INFO - [2026-04-22T19:40:29.295+0000] {dag.py:3239} INFO - Sync 1 DAGs
[2026-04-22T19:40:29.391+0000] {logging_mixin.py:190} INFO - [2026-04-22T19:40:29.390+0000] {dag.py:4180} INFO - Setting next_dagrun for data_pipeline to 2026-04-22 15:30:00+00:00, run_after=2026-04-23 15:30:00+00:00
[2026-04-22T19:40:29.457+0000] {processor.py:208} INFO - Processing /opt/airflow/dags/dag2.py took 0.316 seconds
[2026-04-22T19:40:59.851+0000] {processor.py:186} INFO - Started process (PID=10423) to work on /opt/airflow/dags/dag2.py
[2026-04-22T19:40:59.859+0000] {processor.py:914} INFO - Processing file /opt/airflow/dags/dag2.py for tasks to queue
[2026-04-22T19:40:59.862+0000] {logging_mixin.py:190} INFO - [2026-04-22T19:40:59.861+0000] {dagbag.py:588} INFO - Filling up the DagBag from /opt/airflow/dags/dag2.py
[2026-04-22T19:40:59.902+0000] {processor.py:925} INFO - DAG(s) 'data_pipeline' retrieved from /opt/airflow/dags/dag2.py
[2026-04-22T19:40:59.984+0000] {logging_mixin.py:190} INFO - [2026-04-22T19:40:59.982+0000] {dag.py:3239} INFO - Sync 1 DAGs
[2026-04-22T19:41:00.046+0000] {logging_mixin.py:190} INFO - [2026-04-22T19:41:00.046+0000] {dag.py:4180} INFO - Setting next_dagrun for data_pipeline to 2026-04-22 15:30:00+00:00, run_after=2026-04-23 15:30:00+00:00
[2026-04-22T19:41:00.069+0000] {processor.py:208} INFO - Processing /opt/airflow/dags/dag2.py took 0.241 seconds
[2026-04-22T19:41:30.408+0000] {processor.py:186} INFO - Started process (PID=10444) to work on /opt/airflow/dags/dag2.py
[2026-04-22T19:41:30.410+0000] {processor.py:914} INFO - Processing file /opt/airflow/dags/dag2.py for tasks to queue
[2026-04-22T19:41:30.415+0000] {logging_mixin.py:190} INFO - [2026-04-22T19:41:30.413+0000] {dagbag.py:588} INFO - Filling up the DagBag from /opt/airflow/dags/dag2.py
[2026-04-22T19:41:30.462+0000] {processor.py:925} INFO - DAG(s) 'data_pipeline' retrieved from /opt/airflow/dags/dag2.py
[2026-04-22T19:41:30.523+0000] {logging_mixin.py:190} INFO - [2026-04-22T19:41:30.522+0000] {dag.py:3239} INFO - Sync 1 DAGs
[2026-04-22T19:41:30.553+0000] {logging_mixin.py:190} INFO - [2026-04-22T19:41:30.553+0000] {dag.py:4180} INFO - Setting next_dagrun for data_pipeline to 2026-04-22 15:30:00+00:00, run_after=2026-04-23 15:30:00+00:00
[2026-04-22T19:41:30.575+0000] {processor.py:208} INFO - Processing /opt/airflow/dags/dag2.py took 0.188 seconds
[2026-04-22T19:42:01.126+0000] {processor.py:186} INFO - Started process (PID=10465) to work on /opt/airflow/dags/dag2.py
[2026-04-22T19:42:01.127+0000] {processor.py:914} INFO - Processing file /opt/airflow/dags/dag2.py for tasks to queue
[2026-04-22T19:42:01.129+0000] {logging_mixin.py:190} INFO - [2026-04-22T19:42:01.128+0000] {dagbag.py:588} INFO - Filling up the DagBag from /opt/airflow/dags/dag2.py
[2026-04-22T19:42:01.140+0000] {processor.py:925} INFO - DAG(s) 'data_pipeline' retrieved from /opt/airflow/dags/dag2.py
[2026-04-22T19:42:01.162+0000] {logging_mixin.py:190} INFO - [2026-04-22T19:42:01.162+0000] {dag.py:3239} INFO - Sync 1 DAGs
[2026-04-22T19:42:01.187+0000] {logging_mixin.py:190} INFO - [2026-04-22T19:42:01.187+0000] {dag.py:4180} INFO - Setting next_dagrun for data_pipeline to 2026-04-22 15:30:00+00:00, run_after=2026-04-23 15:30:00+00:00
[2026-04-22T19:42:01.206+0000] {processor.py:208} INFO - Processing /opt/airflow/dags/dag2.py took 0.085 seconds
[2026-04-22T19:42:31.560+0000] {processor.py:186} INFO - Started process (PID=10486) to work on /opt/airflow/dags/dag2.py
[2026-04-22T19:42:31.562+0000] {processor.py:914} INFO - Processing file /opt/airflow/dags/dag2.py for tasks to queue
[2026-04-22T19:42:31.566+0000] {logging_mixin.py:190} INFO - [2026-04-22T19:42:31.565+0000] {dagbag.py:588} INFO - Filling up the DagBag from /opt/airflow/dags/dag2.py
[2026-04-22T19:42:31.606+0000] {processor.py:925} INFO - DAG(s) 'data_pipeline' retrieved from /opt/airflow/dags/dag2.py
[2026-04-22T19:42:31.666+0000] {logging_mixin.py:190} INFO - [2026-04-22T19:42:31.666+0000] {dag.py:3239} INFO - Sync 1 DAGs
[2026-04-22T19:42:31.706+0000] {logging_mixin.py:190} INFO - [2026-04-22T19:42:31.705+0000] {dag.py:4180} INFO - Setting next_dagrun for data_pipeline to 2026-04-22 15:30:00+00:00, run_after=2026-04-23 15:30:00+00:00
[2026-04-22T19:42:31.731+0000] {processor.py:208} INFO - Processing /opt/airflow/dags/dag2.py took 0.194 seconds
[2026-04-22T19:43:02.109+0000] {processor.py:186} INFO - Started process (PID=10507) to work on /opt/airflow/dags/dag2.py
[2026-04-22T19:43:02.112+0000] {processor.py:914} INFO - Processing file /opt/airflow/dags/dag2.py for tasks to queue
[2026-04-22T19:43:02.117+0000] {logging_mixin.py:190} INFO - [2026-04-22T19:43:02.116+0000] {dagbag.py:588} INFO - Filling up the DagBag from /opt/airflow/dags/dag2.py
[2026-04-22T19:43:02.154+0000] {processor.py:925} INFO - DAG(s) 'data_pipeline' retrieved from /opt/airflow/dags/dag2.py
[2026-04-22T19:43:02.200+0000] {logging_mixin.py:190} INFO - [2026-04-22T19:43:02.199+0000] {dag.py:3239} INFO - Sync 1 DAGs
[2026-04-22T19:43:02.247+0000] {logging_mixin.py:190} INFO - [2026-04-22T19:43:02.247+0000] {dag.py:4180} INFO - Setting next_dagrun for data_pipeline to 2026-04-22 15:30:00+00:00, run_after=2026-04-23 15:30:00+00:00
[2026-04-22T19:43:02.283+0000] {processor.py:208} INFO - Processing /opt/airflow/dags/dag2.py took 0.197 seconds
[2026-04-22T19:43:32.860+0000] {processor.py:186} INFO - Started process (PID=10528) to work on /opt/airflow/dags/dag2.py
[2026-04-22T19:43:32.862+0000] {processor.py:914} INFO - Processing file /opt/airflow/dags/dag2.py for tasks to queue
[2026-04-22T19:43:32.866+0000] {logging_mixin.py:190} INFO - [2026-04-22T19:43:32.865+0000] {dagbag.py:588} INFO - Filling up the DagBag from /opt/airflow/dags/dag2.py
[2026-04-22T19:43:32.909+0000] {processor.py:925} INFO - DAG(s) 'data_pipeline' retrieved from /opt/airflow/dags/dag2.py
[2026-04-22T19:43:32.991+0000] {logging_mixin.py:190} INFO - [2026-04-22T19:43:32.990+0000] {dag.py:3239} INFO - Sync 1 DAGs
[2026-04-22T19:43:33.030+0000] {logging_mixin.py:190} INFO - [2026-04-22T19:43:33.030+0000] {dag.py:4180} INFO - Setting next_dagrun for data_pipeline to 2026-04-22 15:30:00+00:00, run_after=2026-04-23 15:30:00+00:00
[2026-04-22T19:43:33.055+0000] {processor.py:208} INFO - Processing /opt/airflow/dags/dag2.py took 0.215 seconds
[2026-04-22T19:44:03.398+0000] {processor.py:186} INFO - Started process (PID=10549) to work on /opt/airflow/dags/dag2.py
[2026-04-22T19:44:03.400+0000] {processor.py:914} INFO - Processing file /opt/airflow/dags/dag2.py for tasks to queue
[2026-04-22T19:44:03.404+0000] {logging_mixin.py:190} INFO - [2026-04-22T19:44:03.403+0000] {dagbag.py:588} INFO - Filling up the DagBag from /opt/airflow/dags/dag2.py
[2026-04-22T19:44:03.443+0000] {processor.py:925} INFO - DAG(s) 'data_pipeline' retrieved from /opt/airflow/dags/dag2.py
[2026-04-22T19:44:03.530+0000] {logging_mixin.py:190} INFO - [2026-04-22T19:44:03.529+0000] {dag.py:3239} INFO - Sync 1 DAGs
[2026-04-22T19:44:03.618+0000] {logging_mixin.py:190} INFO - [2026-04-22T19:44:03.617+0000] {dag.py:4180} INFO - Setting next_dagrun for data_pipeline to 2026-04-22 15:30:00+00:00, run_after=2026-04-23 15:30:00+00:00
[2026-04-22T19:44:03.655+0000] {processor.py:208} INFO - Processing /opt/airflow/dags/dag2.py took 0.284 seconds
[2026-04-22T19:44:34.009+0000] {processor.py:186} INFO - Started process (PID=10570) to work on /opt/airflow/dags/dag2.py
[2026-04-22T19:44:34.011+0000] {processor.py:914} INFO - Processing file /opt/airflow/dags/dag2.py for tasks to queue
[2026-04-22T19:44:34.014+0000] {logging_mixin.py:190} INFO - [2026-04-22T19:44:34.013+0000] {dagbag.py:588} INFO - Filling up the DagBag from /opt/airflow/dags/dag2.py
[2026-04-22T19:44:34.052+0000] {processor.py:925} INFO - DAG(s) 'data_pipeline' retrieved from /opt/airflow/dags/dag2.py
[2026-04-22T19:44:34.130+0000] {logging_mixin.py:190} INFO - [2026-04-22T19:44:34.130+0000] {dag.py:3239} INFO - Sync 1 DAGs
[2026-04-22T19:44:34.167+0000] {logging_mixin.py:190} INFO - [2026-04-22T19:44:34.167+0000] {dag.py:4180} INFO - Setting next_dagrun for data_pipeline to 2026-04-22 15:30:00+00:00, run_after=2026-04-23 15:30:00+00:00
[2026-04-22T19:44:34.190+0000] {processor.py:208} INFO - Processing /opt/airflow/dags/dag2.py took 0.202 seconds
[2026-04-22T19:45:04.540+0000] {processor.py:186} INFO - Started process (PID=10591) to work on /opt/airflow/dags/dag2.py
[2026-04-22T19:45:04.543+0000] {processor.py:914} INFO - Processing file /opt/airflow/dags/dag2.py for tasks to queue
[2026-04-22T19:45:04.547+0000] {logging_mixin.py:190} INFO - [2026-04-22T19:45:04.546+0000] {dagbag.py:588} INFO - Filling up the DagBag from /opt/airflow/dags/dag2.py
[2026-04-22T19:45:04.587+0000] {processor.py:925} INFO - DAG(s) 'data_pipeline' retrieved from /opt/airflow/dags/dag2.py
[2026-04-22T19:45:04.673+0000] {logging_mixin.py:190} INFO - [2026-04-22T19:45:04.672+0000] {dag.py:3239} INFO - Sync 1 DAGs
[2026-04-22T19:45:04.744+0000] {logging_mixin.py:190} INFO - [2026-04-22T19:45:04.744+0000] {dag.py:4180} INFO - Setting next_dagrun for data_pipeline to 2026-04-22 15:30:00+00:00, run_after=2026-04-23 15:30:00+00:00
[2026-04-22T19:45:04.775+0000] {processor.py:208} INFO - Processing /opt/airflow/dags/dag2.py took 0.259 seconds
[2026-04-22T19:45:35.109+0000] {processor.py:186} INFO - Started process (PID=10612) to work on /opt/airflow/dags/dag2.py
[2026-04-22T19:45:35.111+0000] {processor.py:914} INFO - Processing file /opt/airflow/dags/dag2.py for tasks to queue
[2026-04-22T19:45:35.112+0000] {logging_mixin.py:190} INFO - [2026-04-22T19:45:35.112+0000] {dagbag.py:588} INFO - Filling up the DagBag from /opt/airflow/dags/dag2.py
[2026-04-22T19:45:35.126+0000] {processor.py:925} INFO - DAG(s) 'data_pipeline' retrieved from /opt/airflow/dags/dag2.py
[2026-04-22T19:45:35.151+0000] {logging_mixin.py:190} INFO - [2026-04-22T19:45:35.150+0000] {dag.py:3239} INFO - Sync 1 DAGs
[2026-04-22T19:45:35.181+0000] {logging_mixin.py:190} INFO - [2026-04-22T19:45:35.180+0000] {dag.py:4180} INFO - Setting next_dagrun for data_pipeline to 2026-04-22 15:30:00+00:00, run_after=2026-04-23 15:30:00+00:00
[2026-04-22T19:45:35.203+0000] {processor.py:208} INFO - Processing /opt/airflow/dags/dag2.py took 0.110 seconds
[2026-04-22T19:46:05.923+0000] {processor.py:186} INFO - Started process (PID=10633) to work on /opt/airflow/dags/dag2.py
[2026-04-22T19:46:05.931+0000] {processor.py:914} INFO - Processing file /opt/airflow/dags/dag2.py for tasks to queue
[2026-04-22T19:46:05.935+0000] {logging_mixin.py:190} INFO - [2026-04-22T19:46:05.933+0000] {dagbag.py:588} INFO - Filling up the DagBag from /opt/airflow/dags/dag2.py
[2026-04-22T19:46:05.972+0000] {processor.py:925} INFO - DAG(s) 'data_pipeline' retrieved from /opt/airflow/dags/dag2.py
[2026-04-22T19:46:06.055+0000] {logging_mixin.py:190} INFO - [2026-04-22T19:46:06.054+0000] {dag.py:3239} INFO - Sync 1 DAGs
[2026-04-22T19:46:06.101+0000] {logging_mixin.py:190} INFO - [2026-04-22T19:46:06.101+0000] {dag.py:4180} INFO - Setting next_dagrun for data_pipeline to 2026-04-22 15:30:00+00:00, run_after=2026-04-23 15:30:00+00:00
[2026-04-22T19:46:06.123+0000] {processor.py:208} INFO - Processing /opt/airflow/dags/dag2.py took 0.220 seconds
[2026-04-22T19:46:36.623+0000] {processor.py:186} INFO - Started process (PID=10654) to work on /opt/airflow/dags/dag2.py
[2026-04-22T19:46:36.625+0000] {processor.py:914} INFO - Processing file /opt/airflow/dags/dag2.py for tasks to queue
[2026-04-22T19:46:36.631+0000] {logging_mixin.py:190} INFO - [2026-04-22T19:46:36.630+0000] {dagbag.py:588} INFO - Filling up the DagBag from /opt/airflow/dags/dag2.py
[2026-04-22T19:46:36.671+0000] {processor.py:925} INFO - DAG(s) 'data_pipeline' retrieved from /opt/airflow/dags/dag2.py
[2026-04-22T19:46:36.753+0000] {logging_mixin.py:190} INFO - [2026-04-22T19:46:36.752+0000] {dag.py:3239} INFO - Sync 1 DAGs
[2026-04-22T19:46:36.822+0000] {logging_mixin.py:190} INFO - [2026-04-22T19:46:36.822+0000] {dag.py:4180} INFO - Setting next_dagrun for data_pipeline to 2026-04-22 15:30:00+00:00, run_after=2026-04-23 15:30:00+00:00
[2026-04-22T19:46:36.851+0000] {processor.py:208} INFO - Processing /opt/airflow/dags/dag2.py took 0.248 seconds
[2026-04-22T19:47:07.348+0000] {processor.py:186} INFO - Started process (PID=10675) to work on /opt/airflow/dags/dag2.py
[2026-04-22T19:47:07.350+0000] {processor.py:914} INFO - Processing file /opt/airflow/dags/dag2.py for tasks to queue
[2026-04-22T19:47:07.354+0000] {logging_mixin.py:190} INFO - [2026-04-22T19:47:07.353+0000] {dagbag.py:588} INFO - Filling up the DagBag from /opt/airflow/dags/dag2.py
[2026-04-22T19:47:07.393+0000] {processor.py:925} INFO - DAG(s) 'data_pipeline' retrieved from /opt/airflow/dags/dag2.py
[2026-04-22T19:47:07.473+0000] {logging_mixin.py:190} INFO - [2026-04-22T19:47:07.472+0000] {dag.py:3239} INFO - Sync 1 DAGs
[2026-04-22T19:47:07.543+0000] {logging_mixin.py:190} INFO - [2026-04-22T19:47:07.543+0000] {dag.py:4180} INFO - Setting next_dagrun for data_pipeline to 2026-04-22 15:30:00+00:00, run_after=2026-04-23 15:30:00+00:00
[2026-04-22T19:47:07.590+0000] {processor.py:208} INFO - Processing /opt/airflow/dags/dag2.py took 0.263 seconds
[2026-04-22T19:47:37.701+0000] {processor.py:186} INFO - Started process (PID=10696) to work on /opt/airflow/dags/dag2.py
[2026-04-22T19:47:37.703+0000] {processor.py:914} INFO - Processing file /opt/airflow/dags/dag2.py for tasks to queue
[2026-04-22T19:47:37.707+0000] {logging_mixin.py:190} INFO - [2026-04-22T19:47:37.705+0000] {dagbag.py:588} INFO - Filling up the DagBag from /opt/airflow/dags/dag2.py
[2026-04-22T19:47:37.740+0000] {processor.py:925} INFO - DAG(s) 'data_pipeline' retrieved from /opt/airflow/dags/dag2.py
[2026-04-22T19:47:37.804+0000] {logging_mixin.py:190} INFO - [2026-04-22T19:47:37.804+0000] {dag.py:3239} INFO - Sync 1 DAGs
[2026-04-22T19:47:37.853+0000] {logging_mixin.py:190} INFO - [2026-04-22T19:47:37.853+0000] {dag.py:4180} INFO - Setting next_dagrun for data_pipeline to 2026-04-22 15:30:00+00:00, run_after=2026-04-23 15:30:00+00:00
[2026-04-22T19:47:37.884+0000] {processor.py:208} INFO - Processing /opt/airflow/dags/dag2.py took 0.203 seconds
[2026-04-22T19:48:08.237+0000] {processor.py:186} INFO - Started process (PID=10717) to work on /opt/airflow/dags/dag2.py
[2026-04-22T19:48:08.245+0000] {processor.py:914} INFO - Processing file /opt/airflow/dags/dag2.py for tasks to queue
[2026-04-22T19:48:08.250+0000] {logging_mixin.py:190} INFO - [2026-04-22T19:48:08.249+0000] {dagbag.py:588} INFO - Filling up the DagBag from /opt/airflow/dags/dag2.py
[2026-04-22T19:48:08.284+0000] {processor.py:925} INFO - DAG(s) 'data_pipeline' retrieved from /opt/airflow/dags/dag2.py
[2026-04-22T19:48:08.352+0000] {logging_mixin.py:190} INFO - [2026-04-22T19:48:08.352+0000] {dag.py:3239} INFO - Sync 1 DAGs
[2026-04-22T19:48:08.424+0000] {logging_mixin.py:190} INFO - [2026-04-22T19:48:08.424+0000] {dag.py:4180} INFO - Setting next_dagrun for data_pipeline to 2026-04-22 15:30:00+00:00, run_after=2026-04-23 15:30:00+00:00
[2026-04-22T19:48:08.475+0000] {processor.py:208} INFO - Processing /opt/airflow/dags/dag2.py took 0.262 seconds
[2026-04-22T19:48:39.001+0000] {processor.py:186} INFO - Started process (PID=10738) to work on /opt/airflow/dags/dag2.py
[2026-04-22T19:48:39.003+0000] {processor.py:914} INFO - Processing file /opt/airflow/dags/dag2.py for tasks to queue
[2026-04-22T19:48:39.005+0000] {logging_mixin.py:190} INFO - [2026-04-22T19:48:39.005+0000] {dagbag.py:588} INFO - Filling up the DagBag from /opt/airflow/dags/dag2.py
[2026-04-22T19:48:39.036+0000] {processor.py:925} INFO - DAG(s) 'data_pipeline' retrieved from /opt/airflow/dags/dag2.py
[2026-04-22T19:48:39.098+0000] {logging_mixin.py:190} INFO - [2026-04-22T19:48:39.098+0000] {dag.py:3239} INFO - Sync 1 DAGs
[2026-04-22T19:48:39.165+0000] {logging_mixin.py:190} INFO - [2026-04-22T19:48:39.165+0000] {dag.py:4180} INFO - Setting next_dagrun for data_pipeline to 2026-04-22 15:30:00+00:00, run_after=2026-04-23 15:30:00+00:00
[2026-04-22T19:48:39.192+0000] {processor.py:208} INFO - Processing /opt/airflow/dags/dag2.py took 0.211 seconds
[2026-04-22T19:49:09.498+0000] {processor.py:186} INFO - Started process (PID=10759) to work on /opt/airflow/dags/dag2.py
[2026-04-22T19:49:09.506+0000] {processor.py:914} INFO - Processing file /opt/airflow/dags/dag2.py for tasks to queue
[2026-04-22T19:49:09.509+0000] {logging_mixin.py:190} INFO - [2026-04-22T19:49:09.508+0000] {dagbag.py:588} INFO - Filling up the DagBag from /opt/airflow/dags/dag2.py
[2026-04-22T19:49:09.540+0000] {processor.py:925} INFO - DAG(s) 'data_pipeline' retrieved from /opt/airflow/dags/dag2.py
[2026-04-22T19:49:09.605+0000] {logging_mixin.py:190} INFO - [2026-04-22T19:49:09.605+0000] {dag.py:3239} INFO - Sync 1 DAGs
[2026-04-22T19:49:09.674+0000] {logging_mixin.py:190} INFO - [2026-04-22T19:49:09.673+0000] {dag.py:4180} INFO - Setting next_dagrun for data_pipeline to 2026-04-22 15:30:00+00:00, run_after=2026-04-23 15:30:00+00:00
[2026-04-22T19:49:09.721+0000] {processor.py:208} INFO - Processing /opt/airflow/dags/dag2.py took 0.243 seconds
[2026-04-22T19:49:40.139+0000] {processor.py:186} INFO - Started process (PID=10780) to work on /opt/airflow/dags/dag2.py
[2026-04-22T19:49:40.141+0000] {processor.py:914} INFO - Processing file /opt/airflow/dags/dag2.py for tasks to queue
[2026-04-22T19:49:40.143+0000] {logging_mixin.py:190} INFO - [2026-04-22T19:49:40.143+0000] {dagbag.py:588} INFO - Filling up the DagBag from /opt/airflow/dags/dag2.py
[2026-04-22T19:49:40.173+0000] {processor.py:925} INFO - DAG(s) 'data_pipeline' retrieved from /opt/airflow/dags/dag2.py
[2026-04-22T19:49:40.237+0000] {logging_mixin.py:190} INFO - [2026-04-22T19:49:40.236+0000] {dag.py:3239} INFO - Sync 1 DAGs
[2026-04-22T19:49:40.300+0000] {logging_mixin.py:190} INFO - [2026-04-22T19:49:40.299+0000] {dag.py:4180} INFO - Setting next_dagrun for data_pipeline to 2026-04-22 15:30:00+00:00, run_after=2026-04-23 15:30:00+00:00
[2026-04-22T19:49:40.345+0000] {processor.py:208} INFO - Processing /opt/airflow/dags/dag2.py took 0.221 seconds
[2026-04-22T19:50:10.649+0000] {processor.py:186} INFO - Started process (PID=10801) to work on /opt/airflow/dags/dag2.py
[2026-04-22T19:50:10.657+0000] {processor.py:914} INFO - Processing file /opt/airflow/dags/dag2.py for tasks to queue
[2026-04-22T19:50:10.660+0000] {logging_mixin.py:190} INFO - [2026-04-22T19:50:10.659+0000] {dagbag.py:588} INFO - Filling up the DagBag from /opt/airflow/dags/dag2.py
[2026-04-22T19:50:10.691+0000] {processor.py:925} INFO - DAG(s) 'data_pipeline' retrieved from /opt/airflow/dags/dag2.py
[2026-04-22T19:50:10.754+0000] {logging_mixin.py:190} INFO - [2026-04-22T19:50:10.753+0000] {dag.py:3239} INFO - Sync 1 DAGs
[2026-04-22T19:50:10.817+0000] {logging_mixin.py:190} INFO - [2026-04-22T19:50:10.817+0000] {dag.py:4180} INFO - Setting next_dagrun for data_pipeline to 2026-04-22 15:30:00+00:00, run_after=2026-04-23 15:30:00+00:00
[2026-04-22T19:50:10.865+0000] {processor.py:208} INFO - Processing /opt/airflow/dags/dag2.py took 0.233 seconds
[2026-04-22T19:50:40.980+0000] {processor.py:186} INFO - Started process (PID=10822) to work on /opt/airflow/dags/dag2.py
[2026-04-22T19:50:40.982+0000] {processor.py:914} INFO - Processing file /opt/airflow/dags/dag2.py for tasks to queue
[2026-04-22T19:50:40.985+0000] {logging_mixin.py:190} INFO - [2026-04-22T19:50:40.984+0000] {dagbag.py:588} INFO - Filling up the DagBag from /opt/airflow/dags/dag2.py
[2026-04-22T19:50:41.025+0000] {processor.py:925} INFO - DAG(s) 'data_pipeline' retrieved from /opt/airflow/dags/dag2.py
[2026-04-22T19:50:41.098+0000] {logging_mixin.py:190} INFO - [2026-04-22T19:50:41.098+0000] {dag.py:3239} INFO - Sync 1 DAGs
[2026-04-22T19:50:41.137+0000] {logging_mixin.py:190} INFO - [2026-04-22T19:50:41.137+0000] {dag.py:4180} INFO - Setting next_dagrun for data_pipeline to 2026-04-22 15:30:00+00:00, run_after=2026-04-23 15:30:00+00:00
[2026-04-22T19:50:41.159+0000] {processor.py:208} INFO - Processing /opt/airflow/dags/dag2.py took 0.196 seconds
[2026-04-22T19:51:11.488+0000] {processor.py:186} INFO - Started process (PID=10843) to work on /opt/airflow/dags/dag2.py
[2026-04-22T19:51:11.496+0000] {processor.py:914} INFO - Processing file /opt/airflow/dags/dag2.py for tasks to queue
[2026-04-22T19:51:11.499+0000] {logging_mixin.py:190} INFO - [2026-04-22T19:51:11.498+0000] {dagbag.py:588} INFO - Filling up the DagBag from /opt/airflow/dags/dag2.py
[2026-04-22T19:51:11.530+0000] {processor.py:925} INFO - DAG(s) 'data_pipeline' retrieved from /opt/airflow/dags/dag2.py
[2026-04-22T19:51:11.595+0000] {logging_mixin.py:190} INFO - [2026-04-22T19:51:11.595+0000] {dag.py:3239} INFO - Sync 1 DAGs
[2026-04-22T19:51:11.634+0000] {logging_mixin.py:190} INFO - [2026-04-22T19:51:11.634+0000] {dag.py:4180} INFO - Setting next_dagrun for data_pipeline to 2026-04-22 15:30:00+00:00, run_after=2026-04-23 15:30:00+00:00
[2026-04-22T19:51:11.652+0000] {processor.py:208} INFO - Processing /opt/airflow/dags/dag2.py took 0.182 seconds
[2026-04-22T19:51:41.989+0000] {processor.py:186} INFO - Started process (PID=10864) to work on /opt/airflow/dags/dag2.py
[2026-04-22T19:51:41.991+0000] {processor.py:914} INFO - Processing file /opt/airflow/dags/dag2.py for tasks to queue
[2026-04-22T19:51:41.994+0000] {logging_mixin.py:190} INFO - [2026-04-22T19:51:41.993+0000] {dagbag.py:588} INFO - Filling up the DagBag from /opt/airflow/dags/dag2.py
[2026-04-22T19:51:42.023+0000] {processor.py:925} INFO - DAG(s) 'data_pipeline' retrieved from /opt/airflow/dags/dag2.py
[2026-04-22T19:51:42.087+0000] {logging_mixin.py:190} INFO - [2026-04-22T19:51:42.087+0000] {dag.py:3239} INFO - Sync 1 DAGs
[2026-04-22T19:51:42.129+0000] {logging_mixin.py:190} INFO - [2026-04-22T19:51:42.129+0000] {dag.py:4180} INFO - Setting next_dagrun for data_pipeline to 2026-04-22 15:30:00+00:00, run_after=2026-04-23 15:30:00+00:00
[2026-04-22T19:51:42.156+0000] {processor.py:208} INFO - Processing /opt/airflow/dags/dag2.py took 0.193 seconds
[2026-04-22T19:52:12.494+0000] {processor.py:186} INFO - Started process (PID=10885) to work on /opt/airflow/dags/dag2.py
[2026-04-22T19:52:12.496+0000] {processor.py:914} INFO - Processing file /opt/airflow/dags/dag2.py for tasks to queue
[2026-04-22T19:52:12.499+0000] {logging_mixin.py:190} INFO - [2026-04-22T19:52:12.498+0000] {dagbag.py:588} INFO - Filling up the DagBag from /opt/airflow/dags/dag2.py
[2026-04-22T19:52:12.528+0000] {processor.py:925} INFO - DAG(s) 'data_pipeline' retrieved from /opt/airflow/dags/dag2.py
[2026-04-22T19:52:12.597+0000] {logging_mixin.py:190} INFO - [2026-04-22T19:52:12.597+0000] {dag.py:3239} INFO - Sync 1 DAGs
[2026-04-22T19:52:12.653+0000] {logging_mixin.py:190} INFO - [2026-04-22T19:52:12.653+0000] {dag.py:4180} INFO - Setting next_dagrun for data_pipeline to 2026-04-22 15:30:00+00:00, run_after=2026-04-23 15:30:00+00:00
[2026-04-22T19:52:12.687+0000] {processor.py:208} INFO - Processing /opt/airflow/dags/dag2.py took 0.213 seconds
[2026-04-22T19:52:43.032+0000] {processor.py:186} INFO - Started process (PID=10906) to work on /opt/airflow/dags/dag2.py
[2026-04-22T19:52:43.034+0000] {processor.py:914} INFO - Processing file /opt/airflow/dags/dag2.py for tasks to queue
[2026-04-22T19:52:43.037+0000] {logging_mixin.py:190} INFO - [2026-04-22T19:52:43.036+0000] {dagbag.py:588} INFO - Filling up the DagBag from /opt/airflow/dags/dag2.py
[2026-04-22T19:52:43.067+0000] {processor.py:925} INFO - DAG(s) 'data_pipeline' retrieved from /opt/airflow/dags/dag2.py
[2026-04-22T19:52:43.136+0000] {logging_mixin.py:190} INFO - [2026-04-22T19:52:43.135+0000] {dag.py:3239} INFO - Sync 1 DAGs
[2026-04-22T19:52:43.194+0000] {logging_mixin.py:190} INFO - [2026-04-22T19:52:43.193+0000] {dag.py:4180} INFO - Setting next_dagrun for data_pipeline to 2026-04-22 15:30:00+00:00, run_after=2026-04-23 15:30:00+00:00
[2026-04-22T19:52:43.227+0000] {processor.py:208} INFO - Processing /opt/airflow/dags/dag2.py took 0.211 seconds
[2026-04-22T19:53:13.552+0000] {processor.py:186} INFO - Started process (PID=10927) to work on /opt/airflow/dags/dag2.py
[2026-04-22T19:53:13.554+0000] {processor.py:914} INFO - Processing file /opt/airflow/dags/dag2.py for tasks to queue
[2026-04-22T19:53:13.557+0000] {logging_mixin.py:190} INFO - [2026-04-22T19:53:13.556+0000] {dagbag.py:588} INFO - Filling up the DagBag from /opt/airflow/dags/dag2.py
[2026-04-22T19:53:13.587+0000] {processor.py:925} INFO - DAG(s) 'data_pipeline' retrieved from /opt/airflow/dags/dag2.py
[2026-04-22T19:53:13.652+0000] {logging_mixin.py:190} INFO - [2026-04-22T19:53:13.652+0000] {dag.py:3239} INFO - Sync 1 DAGs
[2026-04-22T19:53:13.709+0000] {logging_mixin.py:190} INFO - [2026-04-22T19:53:13.708+0000] {dag.py:4180} INFO - Setting next_dagrun for data_pipeline to 2026-04-22 15:30:00+00:00, run_after=2026-04-23 15:30:00+00:00
[2026-04-22T19:53:13.748+0000] {processor.py:208} INFO - Processing /opt/airflow/dags/dag2.py took 0.213 seconds
[2026-04-22T19:53:44.128+0000] {processor.py:186} INFO - Started process (PID=10948) to work on /opt/airflow/dags/dag2.py
[2026-04-22T19:53:44.135+0000] {processor.py:914} INFO - Processing file /opt/airflow/dags/dag2.py for tasks to queue
[2026-04-22T19:53:44.139+0000] {logging_mixin.py:190} INFO - [2026-04-22T19:53:44.137+0000] {dagbag.py:588} INFO - Filling up the DagBag from /opt/airflow/dags/dag2.py
[2026-04-22T19:53:44.170+0000] {processor.py:925} INFO - DAG(s) 'data_pipeline' retrieved from /opt/airflow/dags/dag2.py
[2026-04-22T19:53:44.236+0000] {logging_mixin.py:190} INFO - [2026-04-22T19:53:44.235+0000] {dag.py:3239} INFO - Sync 1 DAGs
[2026-04-22T19:53:44.294+0000] {logging_mixin.py:190} INFO - [2026-04-22T19:53:44.293+0000] {dag.py:4180} INFO - Setting next_dagrun for data_pipeline to 2026-04-22 15:30:00+00:00, run_after=2026-04-23 15:30:00+00:00
[2026-04-22T19:53:44.334+0000] {processor.py:208} INFO - Processing /opt/airflow/dags/dag2.py took 0.222 seconds
[2026-04-22T19:54:14.713+0000] {processor.py:186} INFO - Started process (PID=10969) to work on /opt/airflow/dags/dag2.py
[2026-04-22T19:54:14.715+0000] {processor.py:914} INFO - Processing file /opt/airflow/dags/dag2.py for tasks to queue
[2026-04-22T19:54:14.718+0000] {logging_mixin.py:190} INFO - [2026-04-22T19:54:14.717+0000] {dagbag.py:588} INFO - Filling up the DagBag from /opt/airflow/dags/dag2.py
[2026-04-22T19:54:14.751+0000] {processor.py:925} INFO - DAG(s) 'data_pipeline' retrieved from /opt/airflow/dags/dag2.py
[2026-04-22T19:54:14.814+0000] {logging_mixin.py:190} INFO - [2026-04-22T19:54:14.814+0000] {dag.py:3239} INFO - Sync 1 DAGs
[2026-04-22T19:54:14.872+0000] {logging_mixin.py:190} INFO - [2026-04-22T19:54:14.872+0000] {dag.py:4180} INFO - Setting next_dagrun for data_pipeline to 2026-04-22 15:30:00+00:00, run_after=2026-04-23 15:30:00+00:00
[2026-04-22T19:54:14.904+0000] {processor.py:208} INFO - Processing /opt/airflow/dags/dag2.py took 0.209 seconds
[2026-04-22T19:54:45.239+0000] {processor.py:186} INFO - Started process (PID=10990) to work on /opt/airflow/dags/dag2.py
[2026-04-22T19:54:45.247+0000] {processor.py:914} INFO - Processing file /opt/airflow/dags/dag2.py for tasks to queue
[2026-04-22T19:54:45.252+0000] {logging_mixin.py:190} INFO - [2026-04-22T19:54:45.251+0000] {dagbag.py:588} INFO - Filling up the DagBag from /opt/airflow/dags/dag2.py
[2026-04-22T19:54:45.282+0000] {processor.py:925} INFO - DAG(s) 'data_pipeline' retrieved from /opt/airflow/dags/dag2.py
[2026-04-22T19:54:45.347+0000] {logging_mixin.py:190} INFO - [2026-04-22T19:54:45.347+0000] {dag.py:3239} INFO - Sync 1 DAGs
[2026-04-22T19:54:45.423+0000] {logging_mixin.py:190} INFO - [2026-04-22T19:54:45.423+0000] {dag.py:4180} INFO - Setting next_dagrun for data_pipeline to 2026-04-22 15:30:00+00:00, run_after=2026-04-23 15:30:00+00:00
[2026-04-22T19:54:45.466+0000] {processor.py:208} INFO - Processing /opt/airflow/dags/dag2.py took 0.243 seconds
[2026-04-22T19:55:15.781+0000] {processor.py:186} INFO - Started process (PID=11011) to work on /opt/airflow/dags/dag2.py
[2026-04-22T19:55:15.783+0000] {processor.py:914} INFO - Processing file /opt/airflow/dags/dag2.py for tasks to queue
[2026-04-22T19:55:15.786+0000] {logging_mixin.py:190} INFO - [2026-04-22T19:55:15.785+0000] {dagbag.py:588} INFO - Filling up the DagBag from /opt/airflow/dags/dag2.py
[2026-04-22T19:55:15.820+0000] {processor.py:925} INFO - DAG(s) 'data_pipeline' retrieved from /opt/airflow/dags/dag2.py
[2026-04-22T19:55:15.892+0000] {logging_mixin.py:190} INFO - [2026-04-22T19:55:15.892+0000] {dag.py:3239} INFO - Sync 1 DAGs
[2026-04-22T19:55:15.928+0000] {logging_mixin.py:190} INFO - [2026-04-22T19:55:15.927+0000] {dag.py:4180} INFO - Setting next_dagrun for data_pipeline to 2026-04-22 15:30:00+00:00, run_after=2026-04-23 15:30:00+00:00
[2026-04-22T19:55:15.950+0000] {processor.py:208} INFO - Processing /opt/airflow/dags/dag2.py took 0.188 seconds
[2026-04-22T19:55:46.315+0000] {processor.py:186} INFO - Started process (PID=11032) to work on /opt/airflow/dags/dag2.py
[2026-04-22T19:55:46.323+0000] {processor.py:914} INFO - Processing file /opt/airflow/dags/dag2.py for tasks to queue
[2026-04-22T19:55:46.326+0000] {logging_mixin.py:190} INFO - [2026-04-22T19:55:46.326+0000] {dagbag.py:588} INFO - Filling up the DagBag from /opt/airflow/dags/dag2.py
[2026-04-22T19:55:46.358+0000] {processor.py:925} INFO - DAG(s) 'data_pipeline' retrieved from /opt/airflow/dags/dag2.py
[2026-04-22T19:55:46.425+0000] {logging_mixin.py:190} INFO - [2026-04-22T19:55:46.425+0000] {dag.py:3239} INFO - Sync 1 DAGs
[2026-04-22T19:55:46.480+0000] {logging_mixin.py:190} INFO - [2026-04-22T19:55:46.480+0000] {dag.py:4180} INFO - Setting next_dagrun for data_pipeline to 2026-04-22 15:30:00+00:00, run_after=2026-04-23 15:30:00+00:00
[2026-04-22T19:55:46.513+0000] {processor.py:208} INFO - Processing /opt/airflow/dags/dag2.py took 0.214 seconds
[2026-04-22T19:56:16.832+0000] {processor.py:186} INFO - Started process (PID=11053) to work on /opt/airflow/dags/dag2.py
[2026-04-22T19:56:16.834+0000] {processor.py:914} INFO - Processing file /opt/airflow/dags/dag2.py for tasks to queue
[2026-04-22T19:56:16.838+0000] {logging_mixin.py:190} INFO - [2026-04-22T19:56:16.837+0000] {dagbag.py:588} INFO - Filling up the DagBag from /opt/airflow/dags/dag2.py
[2026-04-22T19:56:16.869+0000] {processor.py:925} INFO - DAG(s) 'data_pipeline' retrieved from /opt/airflow/dags/dag2.py
[2026-04-22T19:56:16.935+0000] {logging_mixin.py:190} INFO - [2026-04-22T19:56:16.935+0000] {dag.py:3239} INFO - Sync 1 DAGs
[2026-04-22T19:56:16.992+0000] {logging_mixin.py:190} INFO - [2026-04-22T19:56:16.991+0000] {dag.py:4180} INFO - Setting next_dagrun for data_pipeline to 2026-04-22 15:30:00+00:00, run_after=2026-04-23 15:30:00+00:00
[2026-04-22T19:56:17.027+0000] {processor.py:208} INFO - Processing /opt/airflow/dags/dag2.py took 0.214 seconds
[2026-04-22T19:56:47.562+0000] {processor.py:186} INFO - Started process (PID=11074) to work on /opt/airflow/dags/dag2.py
[2026-04-22T19:56:47.564+0000] {processor.py:914} INFO - Processing file /opt/airflow/dags/dag2.py for tasks to queue
[2026-04-22T19:56:47.568+0000] {logging_mixin.py:190} INFO - [2026-04-22T19:56:47.567+0000] {dagbag.py:588} INFO - Filling up the DagBag from /opt/airflow/dags/dag2.py
[2026-04-22T19:56:47.600+0000] {processor.py:925} INFO - DAG(s) 'data_pipeline' retrieved from /opt/airflow/dags/dag2.py
[2026-04-22T19:56:47.663+0000] {logging_mixin.py:190} INFO - [2026-04-22T19:56:47.662+0000] {dag.py:3239} INFO - Sync 1 DAGs
[2026-04-22T19:56:47.720+0000] {logging_mixin.py:190} INFO - [2026-04-22T19:56:47.719+0000] {dag.py:4180} INFO - Setting next_dagrun for data_pipeline to 2026-04-22 15:30:00+00:00, run_after=2026-04-23 15:30:00+00:00
[2026-04-22T19:56:47.759+0000] {processor.py:208} INFO - Processing /opt/airflow/dags/dag2.py took 0.214 seconds
[2026-04-22T19:57:18.082+0000] {processor.py:186} INFO - Started process (PID=11095) to work on /opt/airflow/dags/dag2.py
[2026-04-22T19:57:18.084+0000] {processor.py:914} INFO - Processing file /opt/airflow/dags/dag2.py for tasks to queue
[2026-04-22T19:57:18.088+0000] {logging_mixin.py:190} INFO - [2026-04-22T19:57:18.087+0000] {dagbag.py:588} INFO - Filling up the DagBag from /opt/airflow/dags/dag2.py
[2026-04-22T19:57:18.117+0000] {processor.py:925} INFO - DAG(s) 'data_pipeline' retrieved from /opt/airflow/dags/dag2.py
[2026-04-22T19:57:18.182+0000] {logging_mixin.py:190} INFO - [2026-04-22T19:57:18.182+0000] {dag.py:3239} INFO - Sync 1 DAGs
[2026-04-22T19:57:18.252+0000] {logging_mixin.py:190} INFO - [2026-04-22T19:57:18.252+0000] {dag.py:4180} INFO - Setting next_dagrun for data_pipeline to 2026-04-22 15:30:00+00:00, run_after=2026-04-23 15:30:00+00:00
[2026-04-22T19:57:18.302+0000] {processor.py:208} INFO - Processing /opt/airflow/dags/dag2.py took 0.236 seconds
[2026-04-22T19:57:48.795+0000] {processor.py:186} INFO - Started process (PID=11116) to work on /opt/airflow/dags/dag2.py
[2026-04-22T19:57:48.797+0000] {processor.py:914} INFO - Processing file /opt/airflow/dags/dag2.py for tasks to queue
[2026-04-22T19:57:48.800+0000] {logging_mixin.py:190} INFO - [2026-04-22T19:57:48.799+0000] {dagbag.py:588} INFO - Filling up the DagBag from /opt/airflow/dags/dag2.py
[2026-04-22T19:57:48.830+0000] {processor.py:925} INFO - DAG(s) 'data_pipeline' retrieved from /opt/airflow/dags/dag2.py
[2026-04-22T19:57:48.894+0000] {logging_mixin.py:190} INFO - [2026-04-22T19:57:48.893+0000] {dag.py:3239} INFO - Sync 1 DAGs
[2026-04-22T19:57:48.958+0000] {logging_mixin.py:190} INFO - [2026-04-22T19:57:48.957+0000] {dag.py:4180} INFO - Setting next_dagrun for data_pipeline to 2026-04-22 15:30:00+00:00, run_after=2026-04-23 15:30:00+00:00
[2026-04-22T19:57:49.001+0000] {processor.py:208} INFO - Processing /opt/airflow/dags/dag2.py took 0.226 seconds
[2026-04-22T19:58:19.308+0000] {processor.py:186} INFO - Started process (PID=11137) to work on /opt/airflow/dags/dag2.py
[2026-04-22T19:58:19.310+0000] {processor.py:914} INFO - Processing file /opt/airflow/dags/dag2.py for tasks to queue
[2026-04-22T19:58:19.314+0000] {logging_mixin.py:190} INFO - [2026-04-22T19:58:19.313+0000] {dagbag.py:588} INFO - Filling up the DagBag from /opt/airflow/dags/dag2.py
[2026-04-22T19:58:19.354+0000] {processor.py:925} INFO - DAG(s) 'data_pipeline' retrieved from /opt/airflow/dags/dag2.py
[2026-04-22T19:58:19.421+0000] {logging_mixin.py:190} INFO - [2026-04-22T19:58:19.420+0000] {dag.py:3239} INFO - Sync 1 DAGs
[2026-04-22T19:58:19.468+0000] {logging_mixin.py:190} INFO - [2026-04-22T19:58:19.468+0000] {dag.py:4180} INFO - Setting next_dagrun for data_pipeline to 2026-04-22 15:30:00+00:00, run_after=2026-04-23 15:30:00+00:00
[2026-04-22T19:58:19.490+0000] {processor.py:208} INFO - Processing /opt/airflow/dags/dag2.py took 0.204 seconds
[2026-04-22T19:58:49.796+0000] {processor.py:186} INFO - Started process (PID=11158) to work on /opt/airflow/dags/dag2.py
[2026-04-22T19:58:49.804+0000] {processor.py:914} INFO - Processing file /opt/airflow/dags/dag2.py for tasks to queue
[2026-04-22T19:58:49.807+0000] {logging_mixin.py:190} INFO - [2026-04-22T19:58:49.806+0000] {dagbag.py:588} INFO - Filling up the DagBag from /opt/airflow/dags/dag2.py
[2026-04-22T19:58:49.837+0000] {processor.py:925} INFO - DAG(s) 'data_pipeline' retrieved from /opt/airflow/dags/dag2.py
[2026-04-22T19:58:49.902+0000] {logging_mixin.py:190} INFO - [2026-04-22T19:58:49.901+0000] {dag.py:3239} INFO - Sync 1 DAGs
[2026-04-22T19:58:49.956+0000] {logging_mixin.py:190} INFO - [2026-04-22T19:58:49.955+0000] {dag.py:4180} INFO - Setting next_dagrun for data_pipeline to 2026-04-22 15:30:00+00:00, run_after=2026-04-23 15:30:00+00:00
[2026-04-22T19:58:49.991+0000] {processor.py:208} INFO - Processing /opt/airflow/dags/dag2.py took 0.211 seconds
[2026-04-22T19:59:20.297+0000] {processor.py:186} INFO - Started process (PID=11179) to work on /opt/airflow/dags/dag2.py
[2026-04-22T19:59:20.299+0000] {processor.py:914} INFO - Processing file /opt/airflow/dags/dag2.py for tasks to queue
[2026-04-22T19:59:20.302+0000] {logging_mixin.py:190} INFO - [2026-04-22T19:59:20.301+0000] {dagbag.py:588} INFO - Filling up the DagBag from /opt/airflow/dags/dag2.py
[2026-04-22T19:59:20.332+0000] {processor.py:925} INFO - DAG(s) 'data_pipeline' retrieved from /opt/airflow/dags/dag2.py
[2026-04-22T19:59:20.402+0000] {logging_mixin.py:190} INFO - [2026-04-22T19:59:20.401+0000] {dag.py:3239} INFO - Sync 1 DAGs
[2026-04-22T19:59:20.459+0000] {logging_mixin.py:190} INFO - [2026-04-22T19:59:20.458+0000] {dag.py:4180} INFO - Setting next_dagrun for data_pipeline to 2026-04-22 15:30:00+00:00, run_after=2026-04-23 15:30:00+00:00
[2026-04-22T19:59:20.493+0000] {processor.py:208} INFO - Processing /opt/airflow/dags/dag2.py took 0.212 seconds
[2026-04-22T19:59:50.812+0000] {processor.py:186} INFO - Started process (PID=11200) to work on /opt/airflow/dags/dag2.py
[2026-04-22T19:59:50.820+0000] {processor.py:914} INFO - Processing file /opt/airflow/dags/dag2.py for tasks to queue
[2026-04-22T19:59:50.823+0000] {logging_mixin.py:190} INFO - [2026-04-22T19:59:50.822+0000] {dagbag.py:588} INFO - Filling up the DagBag from /opt/airflow/dags/dag2.py
[2026-04-22T19:59:50.854+0000] {processor.py:925} INFO - DAG(s) 'data_pipeline' retrieved from /opt/airflow/dags/dag2.py
[2026-04-22T19:59:50.918+0000] {logging_mixin.py:190} INFO - [2026-04-22T19:59:50.918+0000] {dag.py:3239} INFO - Sync 1 DAGs
[2026-04-22T19:59:50.975+0000] {logging_mixin.py:190} INFO - [2026-04-22T19:59:50.974+0000] {dag.py:4180} INFO - Setting next_dagrun for data_pipeline to 2026-04-22 15:30:00+00:00, run_after=2026-04-23 15:30:00+00:00
[2026-04-22T19:59:51.014+0000] {processor.py:208} INFO - Processing /opt/airflow/dags/dag2.py took 0.219 seconds
[2026-04-22T20:00:21.310+0000] {processor.py:186} INFO - Started process (PID=11221) to work on /opt/airflow/dags/dag2.py
[2026-04-22T20:00:21.311+0000] {processor.py:914} INFO - Processing file /opt/airflow/dags/dag2.py for tasks to queue
[2026-04-22T20:00:21.312+0000] {logging_mixin.py:190} INFO - [2026-04-22T20:00:21.311+0000] {dagbag.py:588} INFO - Filling up the DagBag from /opt/airflow/dags/dag2.py
[2026-04-22T20:00:21.322+0000] {processor.py:925} INFO - DAG(s) 'data_pipeline' retrieved from /opt/airflow/dags/dag2.py
[2026-04-22T20:00:21.343+0000] {logging_mixin.py:190} INFO - [2026-04-22T20:00:21.343+0000] {dag.py:3239} INFO - Sync 1 DAGs
[2026-04-22T20:00:21.367+0000] {logging_mixin.py:190} INFO - [2026-04-22T20:00:21.367+0000] {dag.py:4180} INFO - Setting next_dagrun for data_pipeline to 2026-04-22 15:30:00+00:00, run_after=2026-04-23 15:30:00+00:00
[2026-04-22T20:00:21.383+0000] {processor.py:208} INFO - Processing /opt/airflow/dags/dag2.py took 0.079 seconds
[2026-04-22T20:00:51.731+0000] {processor.py:186} INFO - Started process (PID=11242) to work on /opt/airflow/dags/dag2.py
[2026-04-22T20:00:51.733+0000] {processor.py:914} INFO - Processing file /opt/airflow/dags/dag2.py for tasks to queue
[2026-04-22T20:00:51.736+0000] {logging_mixin.py:190} INFO - [2026-04-22T20:00:51.735+0000] {dagbag.py:588} INFO - Filling up the DagBag from /opt/airflow/dags/dag2.py
[2026-04-22T20:00:51.766+0000] {processor.py:925} INFO - DAG(s) 'data_pipeline' retrieved from /opt/airflow/dags/dag2.py
[2026-04-22T20:00:51.830+0000] {logging_mixin.py:190} INFO - [2026-04-22T20:00:51.830+0000] {dag.py:3239} INFO - Sync 1 DAGs
[2026-04-22T20:00:51.898+0000] {logging_mixin.py:190} INFO - [2026-04-22T20:00:51.897+0000] {dag.py:4180} INFO - Setting next_dagrun for data_pipeline to 2026-04-22 15:30:00+00:00, run_after=2026-04-23 15:30:00+00:00
[2026-04-22T20:00:51.946+0000] {processor.py:208} INFO - Processing /opt/airflow/dags/dag2.py took 0.233 seconds
[2026-04-22T20:01:22.262+0000] {processor.py:186} INFO - Started process (PID=11263) to work on /opt/airflow/dags/dag2.py
[2026-04-22T20:01:22.264+0000] {processor.py:914} INFO - Processing file /opt/airflow/dags/dag2.py for tasks to queue
[2026-04-22T20:01:22.267+0000] {logging_mixin.py:190} INFO - [2026-04-22T20:01:22.266+0000] {dagbag.py:588} INFO - Filling up the DagBag from /opt/airflow/dags/dag2.py
[2026-04-22T20:01:22.297+0000] {processor.py:925} INFO - DAG(s) 'data_pipeline' retrieved from /opt/airflow/dags/dag2.py
[2026-04-22T20:01:22.369+0000] {logging_mixin.py:190} INFO - [2026-04-22T20:01:22.369+0000] {dag.py:3239} INFO - Sync 1 DAGs
[2026-04-22T20:01:22.415+0000] {logging_mixin.py:190} INFO - [2026-04-22T20:01:22.415+0000] {dag.py:4180} INFO - Setting next_dagrun for data_pipeline to 2026-04-22 15:30:00+00:00, run_after=2026-04-23 15:30:00+00:00
[2026-04-22T20:01:22.437+0000] {processor.py:208} INFO - Processing /opt/airflow/dags/dag2.py took 0.192 seconds
[2026-04-22T20:01:52.773+0000] {processor.py:186} INFO - Started process (PID=11284) to work on /opt/airflow/dags/dag2.py
[2026-04-22T20:01:52.782+0000] {processor.py:914} INFO - Processing file /opt/airflow/dags/dag2.py for tasks to queue
[2026-04-22T20:01:52.785+0000] {logging_mixin.py:190} INFO - [2026-04-22T20:01:52.784+0000] {dagbag.py:588} INFO - Filling up the DagBag from /opt/airflow/dags/dag2.py
[2026-04-22T20:01:52.817+0000] {processor.py:925} INFO - DAG(s) 'data_pipeline' retrieved from /opt/airflow/dags/dag2.py
[2026-04-22T20:01:52.886+0000] {logging_mixin.py:190} INFO - [2026-04-22T20:01:52.885+0000] {dag.py:3239} INFO - Sync 1 DAGs
[2026-04-22T20:01:52.955+0000] {logging_mixin.py:190} INFO - [2026-04-22T20:01:52.954+0000] {dag.py:4180} INFO - Setting next_dagrun for data_pipeline to 2026-04-22 15:30:00+00:00, run_after=2026-04-23 15:30:00+00:00
[2026-04-22T20:01:53.006+0000] {processor.py:208} INFO - Processing /opt/airflow/dags/dag2.py took 0.251 seconds
[2026-04-22T20:02:23.323+0000] {processor.py:186} INFO - Started process (PID=11305) to work on /opt/airflow/dags/dag2.py
[2026-04-22T20:02:23.324+0000] {processor.py:914} INFO - Processing file /opt/airflow/dags/dag2.py for tasks to queue
[2026-04-22T20:02:23.328+0000] {logging_mixin.py:190} INFO - [2026-04-22T20:02:23.327+0000] {dagbag.py:588} INFO - Filling up the DagBag from /opt/airflow/dags/dag2.py
[2026-04-22T20:02:23.359+0000] {processor.py:925} INFO - DAG(s) 'data_pipeline' retrieved from /opt/airflow/dags/dag2.py
[2026-04-22T20:02:23.398+0000] {logging_mixin.py:190} INFO - [2026-04-22T20:02:23.397+0000] {dag.py:3239} INFO - Sync 1 DAGs
[2026-04-22T20:02:23.427+0000] {logging_mixin.py:190} INFO - [2026-04-22T20:02:23.426+0000] {dag.py:4180} INFO - Setting next_dagrun for data_pipeline to 2026-04-22 15:30:00+00:00, run_after=2026-04-23 15:30:00+00:00
[2026-04-22T20:02:23.449+0000] {processor.py:208} INFO - Processing /opt/airflow/dags/dag2.py took 0.142 seconds
[2026-04-22T20:07:37.441+0000] {processor.py:186} INFO - Started process (PID=11324) to work on /opt/airflow/dags/dag2.py
[2026-04-22T20:07:37.442+0000] {processor.py:914} INFO - Processing file /opt/airflow/dags/dag2.py for tasks to queue
[2026-04-22T20:07:37.444+0000] {logging_mixin.py:190} INFO - [2026-04-22T20:07:37.444+0000] {dagbag.py:588} INFO - Filling up the DagBag from /opt/airflow/dags/dag2.py
[2026-04-22T20:07:37.462+0000] {processor.py:925} INFO - DAG(s) 'data_pipeline' retrieved from /opt/airflow/dags/dag2.py
[2026-04-22T20:07:37.505+0000] {logging_mixin.py:190} INFO - [2026-04-22T20:07:37.504+0000] {dag.py:3239} INFO - Sync 1 DAGs
[2026-04-22T20:07:37.537+0000] {logging_mixin.py:190} INFO - [2026-04-22T20:07:37.537+0000] {dag.py:4180} INFO - Setting next_dagrun for data_pipeline to 2026-04-22 15:30:00+00:00, run_after=2026-04-23 15:30:00+00:00
[2026-04-22T20:07:37.562+0000] {processor.py:208} INFO - Processing /opt/airflow/dags/dag2.py took 0.133 seconds
[2026-04-22T20:08:08.095+0000] {processor.py:186} INFO - Started process (PID=11347) to work on /opt/airflow/dags/dag2.py
[2026-04-22T20:08:08.096+0000] {processor.py:914} INFO - Processing file /opt/airflow/dags/dag2.py for tasks to queue
[2026-04-22T20:08:08.097+0000] {logging_mixin.py:190} INFO - [2026-04-22T20:08:08.096+0000] {dagbag.py:588} INFO - Filling up the DagBag from /opt/airflow/dags/dag2.py
[2026-04-22T20:08:08.109+0000] {processor.py:925} INFO - DAG(s) 'data_pipeline' retrieved from /opt/airflow/dags/dag2.py
[2026-04-22T20:08:08.133+0000] {logging_mixin.py:190} INFO - [2026-04-22T20:08:08.132+0000] {dag.py:3239} INFO - Sync 1 DAGs
[2026-04-22T20:08:08.158+0000] {logging_mixin.py:190} INFO - [2026-04-22T20:08:08.158+0000] {dag.py:4180} INFO - Setting next_dagrun for data_pipeline to 2026-04-22 15:30:00+00:00, run_after=2026-04-23 15:30:00+00:00
[2026-04-22T20:08:08.175+0000] {processor.py:208} INFO - Processing /opt/airflow/dags/dag2.py took 0.086 seconds
[2026-04-22T20:09:26.750+0000] {processor.py:186} INFO - Started process (PID=190) to work on /opt/airflow/dags/dag2.py
[2026-04-22T20:09:26.751+0000] {processor.py:914} INFO - Processing file /opt/airflow/dags/dag2.py for tasks to queue
[2026-04-22T20:09:26.753+0000] {logging_mixin.py:190} INFO - [2026-04-22T20:09:26.752+0000] {dagbag.py:588} INFO - Filling up the DagBag from /opt/airflow/dags/dag2.py
[2026-04-22T20:09:26.763+0000] {processor.py:925} INFO - DAG(s) 'data_pipeline' retrieved from /opt/airflow/dags/dag2.py
[2026-04-22T20:09:26.785+0000] {logging_mixin.py:190} INFO - [2026-04-22T20:09:26.785+0000] {dag.py:3239} INFO - Sync 1 DAGs
[2026-04-22T20:09:26.810+0000] {logging_mixin.py:190} INFO - [2026-04-22T20:09:26.810+0000] {dag.py:4180} INFO - Setting next_dagrun for data_pipeline to 2026-04-22 15:30:00+00:00, run_after=2026-04-23 15:30:00+00:00
[2026-04-22T20:09:26.826+0000] {processor.py:208} INFO - Processing /opt/airflow/dags/dag2.py took 0.081 seconds
[2026-04-22T20:09:57.145+0000] {processor.py:186} INFO - Started process (PID=211) to work on /opt/airflow/dags/dag2.py
[2026-04-22T20:09:57.146+0000] {processor.py:914} INFO - Processing file /opt/airflow/dags/dag2.py for tasks to queue
[2026-04-22T20:09:57.148+0000] {logging_mixin.py:190} INFO - [2026-04-22T20:09:57.148+0000] {dagbag.py:588} INFO - Filling up the DagBag from /opt/airflow/dags/dag2.py
[2026-04-22T20:09:57.167+0000] {processor.py:925} INFO - DAG(s) 'data_pipeline' retrieved from /opt/airflow/dags/dag2.py
[2026-04-22T20:09:57.208+0000] {logging_mixin.py:190} INFO - [2026-04-22T20:09:57.208+0000] {dag.py:3239} INFO - Sync 1 DAGs
[2026-04-22T20:09:57.246+0000] {logging_mixin.py:190} INFO - [2026-04-22T20:09:57.246+0000] {dag.py:4180} INFO - Setting next_dagrun for data_pipeline to 2026-04-22 15:30:00+00:00, run_after=2026-04-23 15:30:00+00:00
[2026-04-22T20:09:57.278+0000] {processor.py:208} INFO - Processing /opt/airflow/dags/dag2.py took 0.139 seconds
[2026-04-22T20:10:27.621+0000] {processor.py:186} INFO - Started process (PID=232) to work on /opt/airflow/dags/dag2.py
[2026-04-22T20:10:27.622+0000] {processor.py:914} INFO - Processing file /opt/airflow/dags/dag2.py for tasks to queue
[2026-04-22T20:10:27.623+0000] {logging_mixin.py:190} INFO - [2026-04-22T20:10:27.623+0000] {dagbag.py:588} INFO - Filling up the DagBag from /opt/airflow/dags/dag2.py
[2026-04-22T20:10:27.634+0000] {processor.py:925} INFO - DAG(s) 'data_pipeline' retrieved from /opt/airflow/dags/dag2.py
[2026-04-22T20:10:27.656+0000] {logging_mixin.py:190} INFO - [2026-04-22T20:10:27.656+0000] {dag.py:3239} INFO - Sync 1 DAGs
[2026-04-22T20:10:27.679+0000] {logging_mixin.py:190} INFO - [2026-04-22T20:10:27.679+0000] {dag.py:4180} INFO - Setting next_dagrun for data_pipeline to 2026-04-22 15:30:00+00:00, run_after=2026-04-23 15:30:00+00:00
[2026-04-22T20:10:27.695+0000] {processor.py:208} INFO - Processing /opt/airflow/dags/dag2.py took 0.079 seconds
[2026-04-22T20:10:58.020+0000] {processor.py:186} INFO - Started process (PID=253) to work on /opt/airflow/dags/dag2.py
[2026-04-22T20:10:58.021+0000] {processor.py:914} INFO - Processing file /opt/airflow/dags/dag2.py for tasks to queue
[2026-04-22T20:10:58.024+0000] {logging_mixin.py:190} INFO - [2026-04-22T20:10:58.023+0000] {dagbag.py:588} INFO - Filling up the DagBag from /opt/airflow/dags/dag2.py
[2026-04-22T20:10:58.040+0000] {processor.py:925} INFO - DAG(s) 'data_pipeline' retrieved from /opt/airflow/dags/dag2.py
[2026-04-22T20:10:58.073+0000] {logging_mixin.py:190} INFO - [2026-04-22T20:10:58.073+0000] {dag.py:3239} INFO - Sync 1 DAGs
[2026-04-22T20:10:58.108+0000] {logging_mixin.py:190} INFO - [2026-04-22T20:10:58.108+0000] {dag.py:4180} INFO - Setting next_dagrun for data_pipeline to 2026-04-22 15:30:00+00:00, run_after=2026-04-23 15:30:00+00:00
[2026-04-22T20:10:58.132+0000] {processor.py:208} INFO - Processing /opt/airflow/dags/dag2.py took 0.120 seconds
[2026-04-22T20:11:28.441+0000] {processor.py:186} INFO - Started process (PID=274) to work on /opt/airflow/dags/dag2.py
[2026-04-22T20:11:28.442+0000] {processor.py:914} INFO - Processing file /opt/airflow/dags/dag2.py for tasks to queue
[2026-04-22T20:11:28.445+0000] {logging_mixin.py:190} INFO - [2026-04-22T20:11:28.444+0000] {dagbag.py:588} INFO - Filling up the DagBag from /opt/airflow/dags/dag2.py
[2026-04-22T20:11:28.462+0000] {processor.py:925} INFO - DAG(s) 'data_pipeline' retrieved from /opt/airflow/dags/dag2.py
[2026-04-22T20:11:28.500+0000] {logging_mixin.py:190} INFO - [2026-04-22T20:11:28.499+0000] {dag.py:3239} INFO - Sync 1 DAGs
[2026-04-22T20:11:28.553+0000] {logging_mixin.py:190} INFO - [2026-04-22T20:11:28.552+0000] {dag.py:4180} INFO - Setting next_dagrun for data_pipeline to 2026-04-22 15:30:00+00:00, run_after=2026-04-23 15:30:00+00:00
[2026-04-22T20:11:28.597+0000] {processor.py:208} INFO - Processing /opt/airflow/dags/dag2.py took 0.165 seconds
[2026-04-22T20:11:58.966+0000] {processor.py:186} INFO - Started process (PID=295) to work on /opt/airflow/dags/dag2.py
[2026-04-22T20:11:58.967+0000] {processor.py:914} INFO - Processing file /opt/airflow/dags/dag2.py for tasks to queue
[2026-04-22T20:11:58.971+0000] {logging_mixin.py:190} INFO - [2026-04-22T20:11:58.971+0000] {dagbag.py:588} INFO - Filling up the DagBag from /opt/airflow/dags/dag2.py
[2026-04-22T20:11:58.997+0000] {processor.py:925} INFO - DAG(s) 'data_pipeline' retrieved from /opt/airflow/dags/dag2.py
[2026-04-22T20:11:59.053+0000] {logging_mixin.py:190} INFO - [2026-04-22T20:11:59.053+0000] {dag.py:3239} INFO - Sync 1 DAGs
[2026-04-22T20:11:59.110+0000] {logging_mixin.py:190} INFO - [2026-04-22T20:11:59.109+0000] {dag.py:4180} INFO - Setting next_dagrun for data_pipeline to 2026-04-22 15:30:00+00:00, run_after=2026-04-23 15:30:00+00:00
[2026-04-22T20:11:59.154+0000] {processor.py:208} INFO - Processing /opt/airflow/dags/dag2.py took 0.199 seconds
[2026-04-22T20:12:29.353+0000] {processor.py:186} INFO - Started process (PID=316) to work on /opt/airflow/dags/dag2.py
[2026-04-22T20:12:29.354+0000] {processor.py:914} INFO - Processing file /opt/airflow/dags/dag2.py for tasks to queue
[2026-04-22T20:12:29.357+0000] {logging_mixin.py:190} INFO - [2026-04-22T20:12:29.357+0000] {dagbag.py:588} INFO - Filling up the DagBag from /opt/airflow/dags/dag2.py
[2026-04-22T20:12:29.373+0000] {processor.py:925} INFO - DAG(s) 'data_pipeline' retrieved from /opt/airflow/dags/dag2.py
[2026-04-22T20:12:29.409+0000] {logging_mixin.py:190} INFO - [2026-04-22T20:12:29.409+0000] {dag.py:3239} INFO - Sync 1 DAGs
[2026-04-22T20:12:29.442+0000] {logging_mixin.py:190} INFO - [2026-04-22T20:12:29.442+0000] {dag.py:4180} INFO - Setting next_dagrun for data_pipeline to 2026-04-22 15:30:00+00:00, run_after=2026-04-23 15:30:00+00:00
[2026-04-22T20:12:29.469+0000] {processor.py:208} INFO - Processing /opt/airflow/dags/dag2.py took 0.124 seconds
[2026-04-22T20:12:59.844+0000] {processor.py:186} INFO - Started process (PID=343) to work on /opt/airflow/dags/dag2.py
[2026-04-22T20:12:59.845+0000] {processor.py:914} INFO - Processing file /opt/airflow/dags/dag2.py for tasks to queue
[2026-04-22T20:12:59.847+0000] {logging_mixin.py:190} INFO - [2026-04-22T20:12:59.847+0000] {dagbag.py:588} INFO - Filling up the DagBag from /opt/airflow/dags/dag2.py
[2026-04-22T20:12:59.858+0000] {processor.py:925} INFO - DAG(s) 'data_pipeline' retrieved from /opt/airflow/dags/dag2.py
[2026-04-22T20:12:59.880+0000] {logging_mixin.py:190} INFO - [2026-04-22T20:12:59.880+0000] {dag.py:3239} INFO - Sync 1 DAGs
[2026-04-22T20:12:59.903+0000] {logging_mixin.py:190} INFO - [2026-04-22T20:12:59.902+0000] {dag.py:4180} INFO - Setting next_dagrun for data_pipeline to 2026-04-22 15:30:00+00:00, run_after=2026-04-23 15:30:00+00:00
[2026-04-22T20:12:59.919+0000] {processor.py:208} INFO - Processing /opt/airflow/dags/dag2.py took 0.080 seconds
[2026-04-22T20:13:30.398+0000] {processor.py:186} INFO - Started process (PID=364) to work on /opt/airflow/dags/dag2.py
[2026-04-22T20:13:30.400+0000] {processor.py:914} INFO - Processing file /opt/airflow/dags/dag2.py for tasks to queue
[2026-04-22T20:13:30.404+0000] {logging_mixin.py:190} INFO - [2026-04-22T20:13:30.404+0000] {dagbag.py:588} INFO - Filling up the DagBag from /opt/airflow/dags/dag2.py
[2026-04-22T20:13:30.430+0000] {processor.py:925} INFO - DAG(s) 'data_pipeline' retrieved from /opt/airflow/dags/dag2.py
[2026-04-22T20:13:30.487+0000] {logging_mixin.py:190} INFO - [2026-04-22T20:13:30.487+0000] {dag.py:3239} INFO - Sync 1 DAGs
[2026-04-22T20:13:30.535+0000] {logging_mixin.py:190} INFO - [2026-04-22T20:13:30.535+0000] {dag.py:4180} INFO - Setting next_dagrun for data_pipeline to 2026-04-22 15:30:00+00:00, run_after=2026-04-23 15:30:00+00:00
[2026-04-22T20:13:30.571+0000] {processor.py:208} INFO - Processing /opt/airflow/dags/dag2.py took 0.187 seconds
[2026-04-22T20:14:00.958+0000] {processor.py:186} INFO - Started process (PID=385) to work on /opt/airflow/dags/dag2.py
[2026-04-22T20:14:00.960+0000] {processor.py:914} INFO - Processing file /opt/airflow/dags/dag2.py for tasks to queue
[2026-04-22T20:14:00.965+0000] {logging_mixin.py:190} INFO - [2026-04-22T20:14:00.964+0000] {dagbag.py:588} INFO - Filling up the DagBag from /opt/airflow/dags/dag2.py
[2026-04-22T20:14:00.991+0000] {processor.py:925} INFO - DAG(s) 'data_pipeline' retrieved from /opt/airflow/dags/dag2.py
[2026-04-22T20:14:01.048+0000] {logging_mixin.py:190} INFO - [2026-04-22T20:14:01.048+0000] {dag.py:3239} INFO - Sync 1 DAGs
[2026-04-22T20:14:01.107+0000] {logging_mixin.py:190} INFO - [2026-04-22T20:14:01.107+0000] {dag.py:4180} INFO - Setting next_dagrun for data_pipeline to 2026-04-22 15:30:00+00:00, run_after=2026-04-23 15:30:00+00:00
[2026-04-22T20:14:01.148+0000] {processor.py:208} INFO - Processing /opt/airflow/dags/dag2.py took 0.204 seconds
[2026-04-22T20:14:31.464+0000] {processor.py:186} INFO - Started process (PID=406) to work on /opt/airflow/dags/dag2.py
[2026-04-22T20:14:31.464+0000] {processor.py:914} INFO - Processing file /opt/airflow/dags/dag2.py for tasks to queue
[2026-04-22T20:14:31.466+0000] {logging_mixin.py:190} INFO - [2026-04-22T20:14:31.466+0000] {dagbag.py:588} INFO - Filling up the DagBag from /opt/airflow/dags/dag2.py
[2026-04-22T20:14:31.478+0000] {processor.py:925} INFO - DAG(s) 'data_pipeline' retrieved from /opt/airflow/dags/dag2.py
[2026-04-22T20:14:31.503+0000] {logging_mixin.py:190} INFO - [2026-04-22T20:14:31.503+0000] {dag.py:3239} INFO - Sync 1 DAGs
[2026-04-22T20:14:31.530+0000] {logging_mixin.py:190} INFO - [2026-04-22T20:14:31.530+0000] {dag.py:4180} INFO - Setting next_dagrun for data_pipeline to 2026-04-22 15:30:00+00:00, run_after=2026-04-23 15:30:00+00:00
[2026-04-22T20:14:31.548+0000] {processor.py:208} INFO - Processing /opt/airflow/dags/dag2.py took 0.091 seconds
