[2026-04-27T07:09:44.838+0000] {processor.py:186} INFO - Started process (PID=197) to work on /opt/airflow/dags/daily_chek.py
[2026-04-27T07:09:44.840+0000] {processor.py:914} INFO - Processing file /opt/airflow/dags/daily_chek.py for tasks to queue
[2026-04-27T07:09:44.844+0000] {logging_mixin.py:190} INFO - [2026-04-27T07:09:44.843+0000] {dagbag.py:588} INFO - Filling up the DagBag from /opt/airflow/dags/daily_chek.py
[2026-04-27T07:09:44.868+0000] {processor.py:925} INFO - DAG(s) 'daily_check' retrieved from /opt/airflow/dags/daily_chek.py
[2026-04-27T07:09:44.953+0000] {logging_mixin.py:190} INFO - [2026-04-27T07:09:44.953+0000] {dag.py:3239} INFO - Sync 1 DAGs
[2026-04-27T07:09:45.003+0000] {logging_mixin.py:190} INFO - [2026-04-27T07:09:45.002+0000] {dag.py:4180} INFO - Setting next_dagrun for daily_check to 2026-04-27 00:00:00+00:00, run_after=2026-04-28 00:00:00+00:00
[2026-04-27T07:09:45.071+0000] {processor.py:208} INFO - Processing /opt/airflow/dags/daily_chek.py took 0.245 seconds
[2026-04-27T07:10:15.408+0000] {processor.py:186} INFO - Started process (PID=251) to work on /opt/airflow/dags/daily_chek.py
[2026-04-27T07:10:15.416+0000] {processor.py:914} INFO - Processing file /opt/airflow/dags/daily_chek.py for tasks to queue
[2026-04-27T07:10:15.428+0000] {logging_mixin.py:190} INFO - [2026-04-27T07:10:15.426+0000] {dagbag.py:588} INFO - Filling up the DagBag from /opt/airflow/dags/daily_chek.py
[2026-04-27T07:10:15.490+0000] {processor.py:925} INFO - DAG(s) 'daily_check' retrieved from /opt/airflow/dags/daily_chek.py
[2026-04-27T07:10:15.610+0000] {logging_mixin.py:190} INFO - [2026-04-27T07:10:15.609+0000] {dag.py:3239} INFO - Sync 1 DAGs
[2026-04-27T07:10:15.672+0000] {logging_mixin.py:190} INFO - [2026-04-27T07:10:15.671+0000] {dag.py:4180} INFO - Setting next_dagrun for daily_check to 2026-04-27 00:00:00+00:00, run_after=2026-04-28 00:00:00+00:00
[2026-04-27T07:10:15.701+0000] {processor.py:208} INFO - Processing /opt/airflow/dags/daily_chek.py took 0.320 seconds
[2026-04-27T07:10:45.995+0000] {processor.py:186} INFO - Started process (PID=267) to work on /opt/airflow/dags/daily_chek.py
[2026-04-27T07:10:46.003+0000] {processor.py:914} INFO - Processing file /opt/airflow/dags/daily_chek.py for tasks to queue
[2026-04-27T07:10:46.011+0000] {logging_mixin.py:190} INFO - [2026-04-27T07:10:46.010+0000] {dagbag.py:588} INFO - Filling up the DagBag from /opt/airflow/dags/daily_chek.py
[2026-04-27T07:10:46.052+0000] {processor.py:925} INFO - DAG(s) 'daily_check' retrieved from /opt/airflow/dags/daily_chek.py
[2026-04-27T07:10:46.110+0000] {logging_mixin.py:190} INFO - [2026-04-27T07:10:46.110+0000] {dag.py:3239} INFO - Sync 1 DAGs
[2026-04-27T07:10:46.146+0000] {logging_mixin.py:190} INFO - [2026-04-27T07:10:46.145+0000] {dag.py:4180} INFO - Setting next_dagrun for daily_check to 2026-04-27 00:00:00+00:00, run_after=2026-04-28 00:00:00+00:00
[2026-04-27T07:10:46.176+0000] {processor.py:208} INFO - Processing /opt/airflow/dags/daily_chek.py took 0.209 seconds
[2026-04-27T07:11:16.284+0000] {processor.py:186} INFO - Started process (PID=283) to work on /opt/airflow/dags/daily_chek.py
[2026-04-27T07:11:16.285+0000] {processor.py:914} INFO - Processing file /opt/airflow/dags/daily_chek.py for tasks to queue
[2026-04-27T07:11:16.290+0000] {logging_mixin.py:190} INFO - [2026-04-27T07:11:16.290+0000] {dagbag.py:588} INFO - Filling up the DagBag from /opt/airflow/dags/daily_chek.py
[2026-04-27T07:11:16.320+0000] {processor.py:925} INFO - DAG(s) 'daily_check' retrieved from /opt/airflow/dags/daily_chek.py
[2026-04-27T07:11:16.374+0000] {logging_mixin.py:190} INFO - [2026-04-27T07:11:16.373+0000] {dag.py:3239} INFO - Sync 1 DAGs
[2026-04-27T07:11:16.399+0000] {logging_mixin.py:190} INFO - [2026-04-27T07:11:16.399+0000] {dag.py:4180} INFO - Setting next_dagrun for daily_check to 2026-04-27 00:00:00+00:00, run_after=2026-04-28 00:00:00+00:00
[2026-04-27T07:11:16.421+0000] {processor.py:208} INFO - Processing /opt/airflow/dags/daily_chek.py took 0.159 seconds
[2026-04-27T07:11:46.752+0000] {processor.py:186} INFO - Started process (PID=299) to work on /opt/airflow/dags/daily_chek.py
[2026-04-27T07:11:46.760+0000] {processor.py:914} INFO - Processing file /opt/airflow/dags/daily_chek.py for tasks to queue
[2026-04-27T07:11:46.766+0000] {logging_mixin.py:190} INFO - [2026-04-27T07:11:46.765+0000] {dagbag.py:588} INFO - Filling up the DagBag from /opt/airflow/dags/daily_chek.py
[2026-04-27T07:11:46.801+0000] {processor.py:925} INFO - DAG(s) 'daily_check' retrieved from /opt/airflow/dags/daily_chek.py
[2026-04-27T07:11:46.859+0000] {logging_mixin.py:190} INFO - [2026-04-27T07:11:46.858+0000] {dag.py:3239} INFO - Sync 1 DAGs
[2026-04-27T07:11:46.901+0000] {logging_mixin.py:190} INFO - [2026-04-27T07:11:46.900+0000] {dag.py:4180} INFO - Setting next_dagrun for daily_check to 2026-04-27 00:00:00+00:00, run_after=2026-04-28 00:00:00+00:00
[2026-04-27T07:11:46.922+0000] {processor.py:208} INFO - Processing /opt/airflow/dags/daily_chek.py took 0.190 seconds
[2026-04-27T07:12:17.069+0000] {processor.py:186} INFO - Started process (PID=315) to work on /opt/airflow/dags/daily_chek.py
[2026-04-27T07:12:17.072+0000] {processor.py:914} INFO - Processing file /opt/airflow/dags/daily_chek.py for tasks to queue
[2026-04-27T07:12:17.080+0000] {logging_mixin.py:190} INFO - [2026-04-27T07:12:17.079+0000] {dagbag.py:588} INFO - Filling up the DagBag from /opt/airflow/dags/daily_chek.py
[2026-04-27T07:12:17.116+0000] {processor.py:925} INFO - DAG(s) 'daily_check' retrieved from /opt/airflow/dags/daily_chek.py
[2026-04-27T07:12:17.190+0000] {logging_mixin.py:190} INFO - [2026-04-27T07:12:17.189+0000] {dag.py:3239} INFO - Sync 1 DAGs
[2026-04-27T07:12:17.236+0000] {logging_mixin.py:190} INFO - [2026-04-27T07:12:17.235+0000] {dag.py:4180} INFO - Setting next_dagrun for daily_check to 2026-04-27 00:00:00+00:00, run_after=2026-04-28 00:00:00+00:00
[2026-04-27T07:12:17.262+0000] {processor.py:208} INFO - Processing /opt/airflow/dags/daily_chek.py took 0.216 seconds
[2026-04-27T07:12:47.517+0000] {processor.py:186} INFO - Started process (PID=331) to work on /opt/airflow/dags/daily_chek.py
[2026-04-27T07:12:47.520+0000] {processor.py:914} INFO - Processing file /opt/airflow/dags/daily_chek.py for tasks to queue
[2026-04-27T07:12:47.527+0000] {logging_mixin.py:190} INFO - [2026-04-27T07:12:47.526+0000] {dagbag.py:588} INFO - Filling up the DagBag from /opt/airflow/dags/daily_chek.py
[2026-04-27T07:12:47.566+0000] {processor.py:925} INFO - DAG(s) 'daily_check' retrieved from /opt/airflow/dags/daily_chek.py
[2026-04-27T07:12:47.640+0000] {logging_mixin.py:190} INFO - [2026-04-27T07:12:47.640+0000] {dag.py:3239} INFO - Sync 1 DAGs
[2026-04-27T07:12:47.678+0000] {logging_mixin.py:190} INFO - [2026-04-27T07:12:47.678+0000] {dag.py:4180} INFO - Setting next_dagrun for daily_check to 2026-04-27 00:00:00+00:00, run_after=2026-04-28 00:00:00+00:00
[2026-04-27T07:12:47.700+0000] {processor.py:208} INFO - Processing /opt/airflow/dags/daily_chek.py took 0.203 seconds
[2026-04-27T07:13:17.845+0000] {processor.py:186} INFO - Started process (PID=347) to work on /opt/airflow/dags/daily_chek.py
[2026-04-27T07:13:17.848+0000] {processor.py:914} INFO - Processing file /opt/airflow/dags/daily_chek.py for tasks to queue
[2026-04-27T07:13:17.853+0000] {logging_mixin.py:190} INFO - [2026-04-27T07:13:17.853+0000] {dagbag.py:588} INFO - Filling up the DagBag from /opt/airflow/dags/daily_chek.py
[2026-04-27T07:13:17.892+0000] {processor.py:925} INFO - DAG(s) 'daily_check' retrieved from /opt/airflow/dags/daily_chek.py
[2026-04-27T07:13:17.977+0000] {logging_mixin.py:190} INFO - [2026-04-27T07:13:17.977+0000] {dag.py:3239} INFO - Sync 1 DAGs
[2026-04-27T07:13:18.053+0000] {logging_mixin.py:190} INFO - [2026-04-27T07:13:18.052+0000] {dag.py:4180} INFO - Setting next_dagrun for daily_check to 2026-04-27 00:00:00+00:00, run_after=2026-04-28 00:00:00+00:00
[2026-04-27T07:13:18.093+0000] {processor.py:208} INFO - Processing /opt/airflow/dags/daily_chek.py took 0.267 seconds
[2026-04-27T07:13:48.304+0000] {processor.py:186} INFO - Started process (PID=363) to work on /opt/airflow/dags/daily_chek.py
[2026-04-27T07:13:48.308+0000] {processor.py:914} INFO - Processing file /opt/airflow/dags/daily_chek.py for tasks to queue
[2026-04-27T07:13:48.318+0000] {logging_mixin.py:190} INFO - [2026-04-27T07:13:48.315+0000] {dagbag.py:588} INFO - Filling up the DagBag from /opt/airflow/dags/daily_chek.py
[2026-04-27T07:13:48.361+0000] {processor.py:925} INFO - DAG(s) 'daily_check' retrieved from /opt/airflow/dags/daily_chek.py
[2026-04-27T07:13:48.435+0000] {logging_mixin.py:190} INFO - [2026-04-27T07:13:48.435+0000] {dag.py:3239} INFO - Sync 1 DAGs
[2026-04-27T07:13:48.505+0000] {logging_mixin.py:190} INFO - [2026-04-27T07:13:48.505+0000] {dag.py:4180} INFO - Setting next_dagrun for daily_check to 2026-04-27 00:00:00+00:00, run_after=2026-04-28 00:00:00+00:00
[2026-04-27T07:13:48.540+0000] {processor.py:208} INFO - Processing /opt/airflow/dags/daily_chek.py took 0.260 seconds
[2026-04-27T07:14:18.880+0000] {processor.py:186} INFO - Started process (PID=379) to work on /opt/airflow/dags/daily_chek.py
[2026-04-27T07:14:18.884+0000] {processor.py:914} INFO - Processing file /opt/airflow/dags/daily_chek.py for tasks to queue
[2026-04-27T07:14:18.895+0000] {logging_mixin.py:190} INFO - [2026-04-27T07:14:18.893+0000] {dagbag.py:588} INFO - Filling up the DagBag from /opt/airflow/dags/daily_chek.py
[2026-04-27T07:14:18.938+0000] {processor.py:925} INFO - DAG(s) 'daily_check' retrieved from /opt/airflow/dags/daily_chek.py
[2026-04-27T07:14:19.028+0000] {logging_mixin.py:190} INFO - [2026-04-27T07:14:19.027+0000] {dag.py:3239} INFO - Sync 1 DAGs
[2026-04-27T07:14:19.083+0000] {logging_mixin.py:190} INFO - [2026-04-27T07:14:19.082+0000] {dag.py:4180} INFO - Setting next_dagrun for daily_check to 2026-04-27 00:00:00+00:00, run_after=2026-04-28 00:00:00+00:00
[2026-04-27T07:14:19.111+0000] {processor.py:208} INFO - Processing /opt/airflow/dags/daily_chek.py took 0.255 seconds
[2026-04-27T07:14:49.233+0000] {processor.py:186} INFO - Started process (PID=395) to work on /opt/airflow/dags/daily_chek.py
[2026-04-27T07:14:49.241+0000] {processor.py:914} INFO - Processing file /opt/airflow/dags/daily_chek.py for tasks to queue
[2026-04-27T07:14:49.250+0000] {logging_mixin.py:190} INFO - [2026-04-27T07:14:49.248+0000] {dagbag.py:588} INFO - Filling up the DagBag from /opt/airflow/dags/daily_chek.py
[2026-04-27T07:14:49.286+0000] {processor.py:925} INFO - DAG(s) 'daily_check' retrieved from /opt/airflow/dags/daily_chek.py
[2026-04-27T07:14:49.371+0000] {logging_mixin.py:190} INFO - [2026-04-27T07:14:49.370+0000] {dag.py:3239} INFO - Sync 1 DAGs
[2026-04-27T07:14:49.466+0000] {logging_mixin.py:190} INFO - [2026-04-27T07:14:49.465+0000] {dag.py:4180} INFO - Setting next_dagrun for daily_check to 2026-04-27 00:00:00+00:00, run_after=2026-04-28 00:00:00+00:00
[2026-04-27T07:14:49.520+0000] {processor.py:208} INFO - Processing /opt/airflow/dags/daily_chek.py took 0.310 seconds
[2026-04-27T07:15:19.697+0000] {processor.py:186} INFO - Started process (PID=411) to work on /opt/airflow/dags/daily_chek.py
[2026-04-27T07:15:19.699+0000] {processor.py:914} INFO - Processing file /opt/airflow/dags/daily_chek.py for tasks to queue
[2026-04-27T07:15:19.706+0000] {logging_mixin.py:190} INFO - [2026-04-27T07:15:19.705+0000] {dagbag.py:588} INFO - Filling up the DagBag from /opt/airflow/dags/daily_chek.py
[2026-04-27T07:15:19.742+0000] {processor.py:925} INFO - DAG(s) 'daily_check' retrieved from /opt/airflow/dags/daily_chek.py
[2026-04-27T07:15:19.816+0000] {logging_mixin.py:190} INFO - [2026-04-27T07:15:19.816+0000] {dag.py:3239} INFO - Sync 1 DAGs
[2026-04-27T07:15:19.871+0000] {logging_mixin.py:190} INFO - [2026-04-27T07:15:19.871+0000] {dag.py:4180} INFO - Setting next_dagrun for daily_check to 2026-04-27 00:00:00+00:00, run_after=2026-04-28 00:00:00+00:00
[2026-04-27T07:15:19.891+0000] {processor.py:208} INFO - Processing /opt/airflow/dags/daily_chek.py took 0.213 seconds
[2026-04-27T07:15:50.230+0000] {processor.py:186} INFO - Started process (PID=427) to work on /opt/airflow/dags/daily_chek.py
[2026-04-27T07:15:50.238+0000] {processor.py:914} INFO - Processing file /opt/airflow/dags/daily_chek.py for tasks to queue
[2026-04-27T07:15:50.246+0000] {logging_mixin.py:190} INFO - [2026-04-27T07:15:50.245+0000] {dagbag.py:588} INFO - Filling up the DagBag from /opt/airflow/dags/daily_chek.py
[2026-04-27T07:15:50.288+0000] {processor.py:925} INFO - DAG(s) 'daily_check' retrieved from /opt/airflow/dags/daily_chek.py
[2026-04-27T07:15:50.350+0000] {logging_mixin.py:190} INFO - [2026-04-27T07:15:50.350+0000] {dag.py:3239} INFO - Sync 1 DAGs
[2026-04-27T07:15:50.397+0000] {logging_mixin.py:190} INFO - [2026-04-27T07:15:50.397+0000] {dag.py:4180} INFO - Setting next_dagrun for daily_check to 2026-04-27 00:00:00+00:00, run_after=2026-04-28 00:00:00+00:00
[2026-04-27T07:15:50.422+0000] {processor.py:208} INFO - Processing /opt/airflow/dags/daily_chek.py took 0.218 seconds
[2026-04-27T07:16:21.283+0000] {processor.py:186} INFO - Started process (PID=437) to work on /opt/airflow/dags/daily_chek.py
[2026-04-27T07:16:21.290+0000] {processor.py:914} INFO - Processing file /opt/airflow/dags/daily_chek.py for tasks to queue
[2026-04-27T07:16:21.293+0000] {logging_mixin.py:190} INFO - [2026-04-27T07:16:21.292+0000] {dagbag.py:588} INFO - Filling up the DagBag from /opt/airflow/dags/daily_chek.py
[2026-04-27T07:16:21.308+0000] {processor.py:925} INFO - DAG(s) 'daily_check' retrieved from /opt/airflow/dags/daily_chek.py
[2026-04-27T07:16:21.332+0000] {logging_mixin.py:190} INFO - [2026-04-27T07:16:21.332+0000] {dag.py:3239} INFO - Sync 1 DAGs
[2026-04-27T07:16:21.360+0000] {logging_mixin.py:190} INFO - [2026-04-27T07:16:21.359+0000] {dag.py:4180} INFO - Setting next_dagrun for daily_check to 2026-04-27 00:00:00+00:00, run_after=2026-04-28 00:00:00+00:00
[2026-04-27T07:16:21.378+0000] {processor.py:208} INFO - Processing /opt/airflow/dags/daily_chek.py took 0.104 seconds
[2026-04-27T07:16:51.635+0000] {processor.py:186} INFO - Started process (PID=453) to work on /opt/airflow/dags/daily_chek.py
[2026-04-27T07:16:51.637+0000] {processor.py:914} INFO - Processing file /opt/airflow/dags/daily_chek.py for tasks to queue
[2026-04-27T07:16:51.644+0000] {logging_mixin.py:190} INFO - [2026-04-27T07:16:51.643+0000] {dagbag.py:588} INFO - Filling up the DagBag from /opt/airflow/dags/daily_chek.py
[2026-04-27T07:16:51.680+0000] {processor.py:925} INFO - DAG(s) 'daily_check' retrieved from /opt/airflow/dags/daily_chek.py
[2026-04-27T07:16:51.761+0000] {logging_mixin.py:190} INFO - [2026-04-27T07:16:51.760+0000] {dag.py:3239} INFO - Sync 1 DAGs
[2026-04-27T07:16:51.815+0000] {logging_mixin.py:190} INFO - [2026-04-27T07:16:51.814+0000] {dag.py:4180} INFO - Setting next_dagrun for daily_check to 2026-04-27 00:00:00+00:00, run_after=2026-04-28 00:00:00+00:00
[2026-04-27T07:16:51.848+0000] {processor.py:208} INFO - Processing /opt/airflow/dags/daily_chek.py took 0.232 seconds
[2026-04-27T07:17:22.177+0000] {processor.py:186} INFO - Started process (PID=469) to work on /opt/airflow/dags/daily_chek.py
[2026-04-27T07:17:22.186+0000] {processor.py:914} INFO - Processing file /opt/airflow/dags/daily_chek.py for tasks to queue
[2026-04-27T07:17:22.192+0000] {logging_mixin.py:190} INFO - [2026-04-27T07:17:22.191+0000] {dagbag.py:588} INFO - Filling up the DagBag from /opt/airflow/dags/daily_chek.py
[2026-04-27T07:17:22.225+0000] {processor.py:925} INFO - DAG(s) 'daily_check' retrieved from /opt/airflow/dags/daily_chek.py
[2026-04-27T07:17:22.292+0000] {logging_mixin.py:190} INFO - [2026-04-27T07:17:22.291+0000] {dag.py:3239} INFO - Sync 1 DAGs
[2026-04-27T07:17:22.336+0000] {logging_mixin.py:190} INFO - [2026-04-27T07:17:22.336+0000] {dag.py:4180} INFO - Setting next_dagrun for daily_check to 2026-04-27 00:00:00+00:00, run_after=2026-04-28 00:00:00+00:00
[2026-04-27T07:17:22.359+0000] {processor.py:208} INFO - Processing /opt/airflow/dags/daily_chek.py took 0.206 seconds
[2026-04-27T07:17:52.475+0000] {processor.py:186} INFO - Started process (PID=485) to work on /opt/airflow/dags/daily_chek.py
[2026-04-27T07:17:52.477+0000] {processor.py:914} INFO - Processing file /opt/airflow/dags/daily_chek.py for tasks to queue
[2026-04-27T07:17:52.484+0000] {logging_mixin.py:190} INFO - [2026-04-27T07:17:52.483+0000] {dagbag.py:588} INFO - Filling up the DagBag from /opt/airflow/dags/daily_chek.py
[2026-04-27T07:17:52.516+0000] {processor.py:925} INFO - DAG(s) 'daily_check' retrieved from /opt/airflow/dags/daily_chek.py
[2026-04-27T07:17:52.578+0000] {logging_mixin.py:190} INFO - [2026-04-27T07:17:52.577+0000] {dag.py:3239} INFO - Sync 1 DAGs
[2026-04-27T07:17:52.636+0000] {logging_mixin.py:190} INFO - [2026-04-27T07:17:52.635+0000] {dag.py:4180} INFO - Setting next_dagrun for daily_check to 2026-04-27 00:00:00+00:00, run_after=2026-04-28 00:00:00+00:00
[2026-04-27T07:17:52.661+0000] {processor.py:208} INFO - Processing /opt/airflow/dags/daily_chek.py took 0.202 seconds
[2026-04-27T07:18:22.899+0000] {processor.py:186} INFO - Started process (PID=501) to work on /opt/airflow/dags/daily_chek.py
[2026-04-27T07:18:22.900+0000] {processor.py:914} INFO - Processing file /opt/airflow/dags/daily_chek.py for tasks to queue
[2026-04-27T07:18:22.904+0000] {logging_mixin.py:190} INFO - [2026-04-27T07:18:22.903+0000] {dagbag.py:588} INFO - Filling up the DagBag from /opt/airflow/dags/daily_chek.py
[2026-04-27T07:18:22.916+0000] {processor.py:925} INFO - DAG(s) 'daily_check' retrieved from /opt/airflow/dags/daily_chek.py
[2026-04-27T07:18:22.937+0000] {logging_mixin.py:190} INFO - [2026-04-27T07:18:22.937+0000] {dag.py:3239} INFO - Sync 1 DAGs
[2026-04-27T07:18:22.960+0000] {logging_mixin.py:190} INFO - [2026-04-27T07:18:22.960+0000] {dag.py:4180} INFO - Setting next_dagrun for daily_check to 2026-04-27 00:00:00+00:00, run_after=2026-04-28 00:00:00+00:00
[2026-04-27T07:18:22.977+0000] {processor.py:208} INFO - Processing /opt/airflow/dags/daily_chek.py took 0.085 seconds
[2026-04-27T07:18:53.303+0000] {processor.py:186} INFO - Started process (PID=517) to work on /opt/airflow/dags/daily_chek.py
[2026-04-27T07:18:53.306+0000] {processor.py:914} INFO - Processing file /opt/airflow/dags/daily_chek.py for tasks to queue
[2026-04-27T07:18:53.314+0000] {logging_mixin.py:190} INFO - [2026-04-27T07:18:53.314+0000] {dagbag.py:588} INFO - Filling up the DagBag from /opt/airflow/dags/daily_chek.py
[2026-04-27T07:18:53.348+0000] {processor.py:925} INFO - DAG(s) 'daily_check' retrieved from /opt/airflow/dags/daily_chek.py
[2026-04-27T07:18:53.413+0000] {logging_mixin.py:190} INFO - [2026-04-27T07:18:53.413+0000] {dag.py:3239} INFO - Sync 1 DAGs
[2026-04-27T07:18:53.445+0000] {logging_mixin.py:190} INFO - [2026-04-27T07:18:53.445+0000] {dag.py:4180} INFO - Setting next_dagrun for daily_check to 2026-04-27 00:00:00+00:00, run_after=2026-04-28 00:00:00+00:00
[2026-04-27T07:18:53.468+0000] {processor.py:208} INFO - Processing /opt/airflow/dags/daily_chek.py took 0.183 seconds
[2026-04-27T07:19:23.607+0000] {processor.py:186} INFO - Started process (PID=533) to work on /opt/airflow/dags/daily_chek.py
[2026-04-27T07:19:23.615+0000] {processor.py:914} INFO - Processing file /opt/airflow/dags/daily_chek.py for tasks to queue
[2026-04-27T07:19:23.622+0000] {logging_mixin.py:190} INFO - [2026-04-27T07:19:23.621+0000] {dagbag.py:588} INFO - Filling up the DagBag from /opt/airflow/dags/daily_chek.py
[2026-04-27T07:19:23.652+0000] {processor.py:925} INFO - DAG(s) 'daily_check' retrieved from /opt/airflow/dags/daily_chek.py
[2026-04-27T07:19:23.716+0000] {logging_mixin.py:190} INFO - [2026-04-27T07:19:23.715+0000] {dag.py:3239} INFO - Sync 1 DAGs
[2026-04-27T07:19:23.767+0000] {logging_mixin.py:190} INFO - [2026-04-27T07:19:23.766+0000] {dag.py:4180} INFO - Setting next_dagrun for daily_check to 2026-04-27 00:00:00+00:00, run_after=2026-04-28 00:00:00+00:00
[2026-04-27T07:19:23.791+0000] {processor.py:208} INFO - Processing /opt/airflow/dags/daily_chek.py took 0.206 seconds
[2026-04-27T07:19:54.077+0000] {processor.py:186} INFO - Started process (PID=549) to work on /opt/airflow/dags/daily_chek.py
[2026-04-27T07:19:54.079+0000] {processor.py:914} INFO - Processing file /opt/airflow/dags/daily_chek.py for tasks to queue
[2026-04-27T07:19:54.084+0000] {logging_mixin.py:190} INFO - [2026-04-27T07:19:54.083+0000] {dagbag.py:588} INFO - Filling up the DagBag from /opt/airflow/dags/daily_chek.py
[2026-04-27T07:19:54.118+0000] {processor.py:925} INFO - DAG(s) 'daily_check' retrieved from /opt/airflow/dags/daily_chek.py
[2026-04-27T07:19:54.191+0000] {logging_mixin.py:190} INFO - [2026-04-27T07:19:54.190+0000] {dag.py:3239} INFO - Sync 1 DAGs
[2026-04-27T07:19:54.237+0000] {logging_mixin.py:190} INFO - [2026-04-27T07:19:54.237+0000] {dag.py:4180} INFO - Setting next_dagrun for daily_check to 2026-04-27 00:00:00+00:00, run_after=2026-04-28 00:00:00+00:00
[2026-04-27T07:19:54.263+0000] {processor.py:208} INFO - Processing /opt/airflow/dags/daily_chek.py took 0.207 seconds
[2026-04-27T07:20:24.363+0000] {processor.py:186} INFO - Started process (PID=565) to work on /opt/airflow/dags/daily_chek.py
[2026-04-27T07:20:24.371+0000] {processor.py:914} INFO - Processing file /opt/airflow/dags/daily_chek.py for tasks to queue
[2026-04-27T07:20:24.376+0000] {logging_mixin.py:190} INFO - [2026-04-27T07:20:24.375+0000] {dagbag.py:588} INFO - Filling up the DagBag from /opt/airflow/dags/daily_chek.py
[2026-04-27T07:20:24.406+0000] {processor.py:925} INFO - DAG(s) 'daily_check' retrieved from /opt/airflow/dags/daily_chek.py
[2026-04-27T07:20:24.470+0000] {logging_mixin.py:190} INFO - [2026-04-27T07:20:24.470+0000] {dag.py:3239} INFO - Sync 1 DAGs
[2026-04-27T07:20:24.538+0000] {logging_mixin.py:190} INFO - [2026-04-27T07:20:24.538+0000] {dag.py:4180} INFO - Setting next_dagrun for daily_check to 2026-04-27 00:00:00+00:00, run_after=2026-04-28 00:00:00+00:00
[2026-04-27T07:20:24.586+0000] {processor.py:208} INFO - Processing /opt/airflow/dags/daily_chek.py took 0.239 seconds
[2026-04-27T07:20:54.901+0000] {processor.py:186} INFO - Started process (PID=581) to work on /opt/airflow/dags/daily_chek.py
[2026-04-27T07:20:54.903+0000] {processor.py:914} INFO - Processing file /opt/airflow/dags/daily_chek.py for tasks to queue
[2026-04-27T07:20:54.908+0000] {logging_mixin.py:190} INFO - [2026-04-27T07:20:54.907+0000] {dagbag.py:588} INFO - Filling up the DagBag from /opt/airflow/dags/daily_chek.py
[2026-04-27T07:20:54.940+0000] {processor.py:925} INFO - DAG(s) 'daily_check' retrieved from /opt/airflow/dags/daily_chek.py
[2026-04-27T07:20:55.004+0000] {logging_mixin.py:190} INFO - [2026-04-27T07:20:55.003+0000] {dag.py:3239} INFO - Sync 1 DAGs
[2026-04-27T07:20:55.061+0000] {logging_mixin.py:190} INFO - [2026-04-27T07:20:55.061+0000] {dag.py:4180} INFO - Setting next_dagrun for daily_check to 2026-04-27 00:00:00+00:00, run_after=2026-04-28 00:00:00+00:00
[2026-04-27T07:20:55.089+0000] {processor.py:208} INFO - Processing /opt/airflow/dags/daily_chek.py took 0.204 seconds
[2026-04-27T07:21:25.401+0000] {processor.py:186} INFO - Started process (PID=603) to work on /opt/airflow/dags/daily_chek.py
[2026-04-27T07:21:25.409+0000] {processor.py:914} INFO - Processing file /opt/airflow/dags/daily_chek.py for tasks to queue
[2026-04-27T07:21:25.415+0000] {logging_mixin.py:190} INFO - [2026-04-27T07:21:25.414+0000] {dagbag.py:588} INFO - Filling up the DagBag from /opt/airflow/dags/daily_chek.py
[2026-04-27T07:21:25.442+0000] {processor.py:925} INFO - DAG(s) 'daily_check' retrieved from /opt/airflow/dags/daily_chek.py
[2026-04-27T07:21:25.500+0000] {logging_mixin.py:190} INFO - [2026-04-27T07:21:25.499+0000] {dag.py:3239} INFO - Sync 1 DAGs
[2026-04-27T07:21:25.564+0000] {logging_mixin.py:190} INFO - [2026-04-27T07:21:25.563+0000] {dag.py:4180} INFO - Setting next_dagrun for daily_check to 2026-04-27 00:00:00+00:00, run_after=2026-04-28 00:00:00+00:00
[2026-04-27T07:21:25.604+0000] {processor.py:208} INFO - Processing /opt/airflow/dags/daily_chek.py took 0.217 seconds
[2026-04-27T07:21:55.698+0000] {processor.py:186} INFO - Started process (PID=619) to work on /opt/airflow/dags/daily_chek.py
[2026-04-27T07:21:55.701+0000] {processor.py:914} INFO - Processing file /opt/airflow/dags/daily_chek.py for tasks to queue
[2026-04-27T07:21:55.708+0000] {logging_mixin.py:190} INFO - [2026-04-27T07:21:55.707+0000] {dagbag.py:588} INFO - Filling up the DagBag from /opt/airflow/dags/daily_chek.py
[2026-04-27T07:21:55.741+0000] {processor.py:925} INFO - DAG(s) 'daily_check' retrieved from /opt/airflow/dags/daily_chek.py
[2026-04-27T07:21:55.815+0000] {logging_mixin.py:190} INFO - [2026-04-27T07:21:55.814+0000] {dag.py:3239} INFO - Sync 1 DAGs
[2026-04-27T07:21:55.885+0000] {logging_mixin.py:190} INFO - [2026-04-27T07:21:55.884+0000] {dag.py:4180} INFO - Setting next_dagrun for daily_check to 2026-04-27 00:00:00+00:00, run_after=2026-04-28 00:00:00+00:00
[2026-04-27T07:21:55.934+0000] {processor.py:208} INFO - Processing /opt/airflow/dags/daily_chek.py took 0.254 seconds
[2026-04-27T07:22:26.274+0000] {processor.py:186} INFO - Started process (PID=635) to work on /opt/airflow/dags/daily_chek.py
[2026-04-27T07:22:26.282+0000] {processor.py:914} INFO - Processing file /opt/airflow/dags/daily_chek.py for tasks to queue
[2026-04-27T07:22:26.290+0000] {logging_mixin.py:190} INFO - [2026-04-27T07:22:26.289+0000] {dagbag.py:588} INFO - Filling up the DagBag from /opt/airflow/dags/daily_chek.py
[2026-04-27T07:22:26.325+0000] {processor.py:925} INFO - DAG(s) 'daily_check' retrieved from /opt/airflow/dags/daily_chek.py
[2026-04-27T07:22:26.400+0000] {logging_mixin.py:190} INFO - [2026-04-27T07:22:26.400+0000] {dag.py:3239} INFO - Sync 1 DAGs
[2026-04-27T07:22:26.453+0000] {logging_mixin.py:190} INFO - [2026-04-27T07:22:26.453+0000] {dag.py:4180} INFO - Setting next_dagrun for daily_check to 2026-04-27 00:00:00+00:00, run_after=2026-04-28 00:00:00+00:00
[2026-04-27T07:22:26.478+0000] {processor.py:208} INFO - Processing /opt/airflow/dags/daily_chek.py took 0.223 seconds
[2026-04-27T07:22:56.595+0000] {processor.py:186} INFO - Started process (PID=651) to work on /opt/airflow/dags/daily_chek.py
[2026-04-27T07:22:56.597+0000] {processor.py:914} INFO - Processing file /opt/airflow/dags/daily_chek.py for tasks to queue
[2026-04-27T07:22:56.603+0000] {logging_mixin.py:190} INFO - [2026-04-27T07:22:56.602+0000] {dagbag.py:588} INFO - Filling up the DagBag from /opt/airflow/dags/daily_chek.py
[2026-04-27T07:22:56.639+0000] {processor.py:925} INFO - DAG(s) 'daily_check' retrieved from /opt/airflow/dags/daily_chek.py
[2026-04-27T07:22:56.717+0000] {logging_mixin.py:190} INFO - [2026-04-27T07:22:56.716+0000] {dag.py:3239} INFO - Sync 1 DAGs
[2026-04-27T07:22:56.798+0000] {logging_mixin.py:190} INFO - [2026-04-27T07:22:56.798+0000] {dag.py:4180} INFO - Setting next_dagrun for daily_check to 2026-04-27 00:00:00+00:00, run_after=2026-04-28 00:00:00+00:00
[2026-04-27T07:22:56.850+0000] {processor.py:208} INFO - Processing /opt/airflow/dags/daily_chek.py took 0.276 seconds
[2026-04-27T07:23:27.196+0000] {processor.py:186} INFO - Started process (PID=667) to work on /opt/airflow/dags/daily_chek.py
[2026-04-27T07:23:27.204+0000] {processor.py:914} INFO - Processing file /opt/airflow/dags/daily_chek.py for tasks to queue
[2026-04-27T07:23:27.210+0000] {logging_mixin.py:190} INFO - [2026-04-27T07:23:27.209+0000] {dagbag.py:588} INFO - Filling up the DagBag from /opt/airflow/dags/daily_chek.py
[2026-04-27T07:23:27.255+0000] {processor.py:925} INFO - DAG(s) 'daily_check' retrieved from /opt/airflow/dags/daily_chek.py
[2026-04-27T07:23:27.331+0000] {logging_mixin.py:190} INFO - [2026-04-27T07:23:27.331+0000] {dag.py:3239} INFO - Sync 1 DAGs
[2026-04-27T07:23:27.409+0000] {logging_mixin.py:190} INFO - [2026-04-27T07:23:27.409+0000] {dag.py:4180} INFO - Setting next_dagrun for daily_check to 2026-04-27 00:00:00+00:00, run_after=2026-04-28 00:00:00+00:00
[2026-04-27T07:23:27.441+0000] {processor.py:208} INFO - Processing /opt/airflow/dags/daily_chek.py took 0.271 seconds
[2026-04-27T08:20:31.555+0000] {processor.py:186} INFO - Started process (PID=683) to work on /opt/airflow/dags/daily_chek.py
[2026-04-27T08:20:31.556+0000] {processor.py:914} INFO - Processing file /opt/airflow/dags/daily_chek.py for tasks to queue
[2026-04-27T08:20:31.559+0000] {logging_mixin.py:190} INFO - [2026-04-27T08:20:31.559+0000] {dagbag.py:588} INFO - Filling up the DagBag from /opt/airflow/dags/daily_chek.py
[2026-04-27T08:20:31.577+0000] {processor.py:925} INFO - DAG(s) 'daily_check' retrieved from /opt/airflow/dags/daily_chek.py
[2026-04-27T15:18:16.622+0000] {processor.py:186} INFO - Started process (PID=180) to work on /opt/airflow/dags/daily_chek.py
[2026-04-27T15:18:16.623+0000] {processor.py:914} INFO - Processing file /opt/airflow/dags/daily_chek.py for tasks to queue
[2026-04-27T15:18:16.625+0000] {logging_mixin.py:190} INFO - [2026-04-27T15:18:16.625+0000] {dagbag.py:588} INFO - Filling up the DagBag from /opt/airflow/dags/daily_chek.py
[2026-04-27T15:18:16.640+0000] {processor.py:925} INFO - DAG(s) 'daily_check' retrieved from /opt/airflow/dags/daily_chek.py
[2026-04-27T15:18:16.665+0000] {logging_mixin.py:190} INFO - [2026-04-27T15:18:16.665+0000] {dag.py:3239} INFO - Sync 1 DAGs
[2026-04-27T15:18:16.690+0000] {logging_mixin.py:190} INFO - [2026-04-27T15:18:16.689+0000] {dag.py:4180} INFO - Setting next_dagrun for daily_check to 2026-04-27 00:00:00+00:00, run_after=2026-04-28 00:00:00+00:00
[2026-04-27T15:18:16.706+0000] {processor.py:208} INFO - Processing /opt/airflow/dags/daily_chek.py took 0.092 seconds
[2026-04-27T15:18:47.631+0000] {processor.py:186} INFO - Started process (PID=196) to work on /opt/airflow/dags/daily_chek.py
[2026-04-27T15:18:47.632+0000] {processor.py:914} INFO - Processing file /opt/airflow/dags/daily_chek.py for tasks to queue
[2026-04-27T15:18:47.635+0000] {logging_mixin.py:190} INFO - [2026-04-27T15:18:47.634+0000] {dagbag.py:588} INFO - Filling up the DagBag from /opt/airflow/dags/daily_chek.py
[2026-04-27T15:18:47.648+0000] {processor.py:925} INFO - DAG(s) 'daily_check' retrieved from /opt/airflow/dags/daily_chek.py
[2026-04-27T15:18:47.671+0000] {logging_mixin.py:190} INFO - [2026-04-27T15:18:47.671+0000] {dag.py:3239} INFO - Sync 1 DAGs
[2026-04-27T15:18:47.692+0000] {logging_mixin.py:190} INFO - [2026-04-27T15:18:47.692+0000] {dag.py:4180} INFO - Setting next_dagrun for daily_check to 2026-04-27 00:00:00+00:00, run_after=2026-04-28 00:00:00+00:00
[2026-04-27T15:18:47.706+0000] {processor.py:208} INFO - Processing /opt/airflow/dags/daily_chek.py took 0.087 seconds
[2026-04-27T15:19:17.981+0000] {processor.py:186} INFO - Started process (PID=212) to work on /opt/airflow/dags/daily_chek.py
[2026-04-27T15:19:17.982+0000] {processor.py:914} INFO - Processing file /opt/airflow/dags/daily_chek.py for tasks to queue
[2026-04-27T15:19:17.983+0000] {logging_mixin.py:190} INFO - [2026-04-27T15:19:17.983+0000] {dagbag.py:588} INFO - Filling up the DagBag from /opt/airflow/dags/daily_chek.py
[2026-04-27T15:19:17.996+0000] {processor.py:925} INFO - DAG(s) 'daily_check' retrieved from /opt/airflow/dags/daily_chek.py
[2026-04-27T15:19:18.016+0000] {logging_mixin.py:190} INFO - [2026-04-27T15:19:18.016+0000] {dag.py:3239} INFO - Sync 1 DAGs
[2026-04-27T15:19:18.038+0000] {logging_mixin.py:190} INFO - [2026-04-27T15:19:18.037+0000] {dag.py:4180} INFO - Setting next_dagrun for daily_check to 2026-04-27 00:00:00+00:00, run_after=2026-04-28 00:00:00+00:00
[2026-04-27T15:19:18.053+0000] {processor.py:208} INFO - Processing /opt/airflow/dags/daily_chek.py took 0.078 seconds
[2026-04-27T15:19:48.295+0000] {processor.py:186} INFO - Started process (PID=228) to work on /opt/airflow/dags/daily_chek.py
[2026-04-27T15:19:48.301+0000] {processor.py:914} INFO - Processing file /opt/airflow/dags/daily_chek.py for tasks to queue
[2026-04-27T15:19:48.303+0000] {logging_mixin.py:190} INFO - [2026-04-27T15:19:48.303+0000] {dagbag.py:588} INFO - Filling up the DagBag from /opt/airflow/dags/daily_chek.py
[2026-04-27T15:19:48.312+0000] {processor.py:925} INFO - DAG(s) 'daily_check' retrieved from /opt/airflow/dags/daily_chek.py
[2026-04-27T15:19:48.333+0000] {logging_mixin.py:190} INFO - [2026-04-27T15:19:48.333+0000] {dag.py:3239} INFO - Sync 1 DAGs
[2026-04-27T15:19:48.354+0000] {logging_mixin.py:190} INFO - [2026-04-27T15:19:48.354+0000] {dag.py:4180} INFO - Setting next_dagrun for daily_check to 2026-04-27 00:00:00+00:00, run_after=2026-04-28 00:00:00+00:00
[2026-04-27T15:19:48.369+0000] {processor.py:208} INFO - Processing /opt/airflow/dags/daily_chek.py took 0.079 seconds
[2026-04-27T15:20:18.553+0000] {processor.py:186} INFO - Started process (PID=244) to work on /opt/airflow/dags/daily_chek.py
[2026-04-27T15:20:18.554+0000] {processor.py:914} INFO - Processing file /opt/airflow/dags/daily_chek.py for tasks to queue
[2026-04-27T15:20:18.556+0000] {logging_mixin.py:190} INFO - [2026-04-27T15:20:18.556+0000] {dagbag.py:588} INFO - Filling up the DagBag from /opt/airflow/dags/daily_chek.py
[2026-04-27T15:20:18.571+0000] {processor.py:925} INFO - DAG(s) 'daily_check' retrieved from /opt/airflow/dags/daily_chek.py
[2026-04-27T15:20:18.599+0000] {logging_mixin.py:190} INFO - [2026-04-27T15:20:18.599+0000] {dag.py:3239} INFO - Sync 1 DAGs
[2026-04-27T15:20:18.620+0000] {logging_mixin.py:190} INFO - [2026-04-27T15:20:18.620+0000] {dag.py:4180} INFO - Setting next_dagrun for daily_check to 2026-04-27 00:00:00+00:00, run_after=2026-04-28 00:00:00+00:00
[2026-04-27T15:20:18.637+0000] {processor.py:208} INFO - Processing /opt/airflow/dags/daily_chek.py took 0.090 seconds
[2026-04-27T15:20:48.811+0000] {processor.py:186} INFO - Started process (PID=260) to work on /opt/airflow/dags/daily_chek.py
[2026-04-27T15:20:48.811+0000] {processor.py:914} INFO - Processing file /opt/airflow/dags/daily_chek.py for tasks to queue
[2026-04-27T15:20:48.813+0000] {logging_mixin.py:190} INFO - [2026-04-27T15:20:48.813+0000] {dagbag.py:588} INFO - Filling up the DagBag from /opt/airflow/dags/daily_chek.py
[2026-04-27T15:20:48.823+0000] {processor.py:925} INFO - DAG(s) 'daily_check' retrieved from /opt/airflow/dags/daily_chek.py
[2026-04-27T15:20:48.844+0000] {logging_mixin.py:190} INFO - [2026-04-27T15:20:48.844+0000] {dag.py:3239} INFO - Sync 1 DAGs
[2026-04-27T15:20:48.867+0000] {logging_mixin.py:190} INFO - [2026-04-27T15:20:48.866+0000] {dag.py:4180} INFO - Setting next_dagrun for daily_check to 2026-04-27 00:00:00+00:00, run_after=2026-04-28 00:00:00+00:00
[2026-04-27T15:20:48.882+0000] {processor.py:208} INFO - Processing /opt/airflow/dags/daily_chek.py took 0.076 seconds
[2026-04-27T15:21:19.106+0000] {processor.py:186} INFO - Started process (PID=276) to work on /opt/airflow/dags/daily_chek.py
[2026-04-27T15:21:19.106+0000] {processor.py:914} INFO - Processing file /opt/airflow/dags/daily_chek.py for tasks to queue
[2026-04-27T15:21:19.108+0000] {logging_mixin.py:190} INFO - [2026-04-27T15:21:19.108+0000] {dagbag.py:588} INFO - Filling up the DagBag from /opt/airflow/dags/daily_chek.py
[2026-04-27T15:21:19.118+0000] {processor.py:925} INFO - DAG(s) 'daily_check' retrieved from /opt/airflow/dags/daily_chek.py
[2026-04-27T15:21:19.139+0000] {logging_mixin.py:190} INFO - [2026-04-27T15:21:19.139+0000] {dag.py:3239} INFO - Sync 1 DAGs
[2026-04-27T15:21:19.161+0000] {logging_mixin.py:190} INFO - [2026-04-27T15:21:19.161+0000] {dag.py:4180} INFO - Setting next_dagrun for daily_check to 2026-04-27 00:00:00+00:00, run_after=2026-04-28 00:00:00+00:00
[2026-04-27T15:21:19.176+0000] {processor.py:208} INFO - Processing /opt/airflow/dags/daily_chek.py took 0.076 seconds
[2026-04-27T15:21:49.453+0000] {processor.py:186} INFO - Started process (PID=292) to work on /opt/airflow/dags/daily_chek.py
[2026-04-27T15:21:49.459+0000] {processor.py:914} INFO - Processing file /opt/airflow/dags/daily_chek.py for tasks to queue
[2026-04-27T15:21:49.461+0000] {logging_mixin.py:190} INFO - [2026-04-27T15:21:49.461+0000] {dagbag.py:588} INFO - Filling up the DagBag from /opt/airflow/dags/daily_chek.py
[2026-04-27T15:21:49.470+0000] {processor.py:925} INFO - DAG(s) 'daily_check' retrieved from /opt/airflow/dags/daily_chek.py
[2026-04-27T15:21:49.497+0000] {logging_mixin.py:190} INFO - [2026-04-27T15:21:49.497+0000] {dag.py:3239} INFO - Sync 1 DAGs
[2026-04-27T15:21:49.519+0000] {logging_mixin.py:190} INFO - [2026-04-27T15:21:49.519+0000] {dag.py:4180} INFO - Setting next_dagrun for daily_check to 2026-04-27 00:00:00+00:00, run_after=2026-04-28 00:00:00+00:00
[2026-04-27T15:21:49.541+0000] {processor.py:208} INFO - Processing /opt/airflow/dags/daily_chek.py took 0.093 seconds
[2026-04-27T15:22:19.838+0000] {processor.py:186} INFO - Started process (PID=308) to work on /opt/airflow/dags/daily_chek.py
[2026-04-27T15:22:19.839+0000] {processor.py:914} INFO - Processing file /opt/airflow/dags/daily_chek.py for tasks to queue
[2026-04-27T15:22:19.842+0000] {logging_mixin.py:190} INFO - [2026-04-27T15:22:19.842+0000] {dagbag.py:588} INFO - Filling up the DagBag from /opt/airflow/dags/daily_chek.py
[2026-04-27T15:22:19.854+0000] {processor.py:925} INFO - DAG(s) 'daily_check' retrieved from /opt/airflow/dags/daily_chek.py
[2026-04-27T15:22:19.881+0000] {logging_mixin.py:190} INFO - [2026-04-27T15:22:19.881+0000] {dag.py:3239} INFO - Sync 1 DAGs
[2026-04-27T15:22:19.904+0000] {logging_mixin.py:190} INFO - [2026-04-27T15:22:19.904+0000] {dag.py:4180} INFO - Setting next_dagrun for daily_check to 2026-04-27 00:00:00+00:00, run_after=2026-04-28 00:00:00+00:00
[2026-04-27T15:22:19.919+0000] {processor.py:208} INFO - Processing /opt/airflow/dags/daily_chek.py took 0.094 seconds
[2026-04-27T15:22:50.204+0000] {processor.py:186} INFO - Started process (PID=324) to work on /opt/airflow/dags/daily_chek.py
[2026-04-27T15:22:50.211+0000] {processor.py:914} INFO - Processing file /opt/airflow/dags/daily_chek.py for tasks to queue
[2026-04-27T15:22:50.213+0000] {logging_mixin.py:190} INFO - [2026-04-27T15:22:50.213+0000] {dagbag.py:588} INFO - Filling up the DagBag from /opt/airflow/dags/daily_chek.py
[2026-04-27T15:22:50.227+0000] {processor.py:925} INFO - DAG(s) 'daily_check' retrieved from /opt/airflow/dags/daily_chek.py
[2026-04-27T15:22:50.252+0000] {logging_mixin.py:190} INFO - [2026-04-27T15:22:50.252+0000] {dag.py:3239} INFO - Sync 1 DAGs
[2026-04-27T15:22:50.277+0000] {logging_mixin.py:190} INFO - [2026-04-27T15:22:50.277+0000] {dag.py:4180} INFO - Setting next_dagrun for daily_check to 2026-04-27 00:00:00+00:00, run_after=2026-04-28 00:00:00+00:00
[2026-04-27T15:22:50.292+0000] {processor.py:208} INFO - Processing /opt/airflow/dags/daily_chek.py took 0.094 seconds
[2026-04-27T15:23:20.573+0000] {processor.py:186} INFO - Started process (PID=340) to work on /opt/airflow/dags/daily_chek.py
[2026-04-27T15:23:20.574+0000] {processor.py:914} INFO - Processing file /opt/airflow/dags/daily_chek.py for tasks to queue
[2026-04-27T15:23:20.575+0000] {logging_mixin.py:190} INFO - [2026-04-27T15:23:20.575+0000] {dagbag.py:588} INFO - Filling up the DagBag from /opt/airflow/dags/daily_chek.py
[2026-04-27T15:23:20.585+0000] {processor.py:925} INFO - DAG(s) 'daily_check' retrieved from /opt/airflow/dags/daily_chek.py
[2026-04-27T15:23:20.607+0000] {logging_mixin.py:190} INFO - [2026-04-27T15:23:20.606+0000] {dag.py:3239} INFO - Sync 1 DAGs
[2026-04-27T15:23:20.628+0000] {logging_mixin.py:190} INFO - [2026-04-27T15:23:20.628+0000] {dag.py:4180} INFO - Setting next_dagrun for daily_check to 2026-04-27 00:00:00+00:00, run_after=2026-04-28 00:00:00+00:00
[2026-04-27T15:23:20.646+0000] {processor.py:208} INFO - Processing /opt/airflow/dags/daily_chek.py took 0.078 seconds
[2026-04-27T15:23:50.927+0000] {processor.py:186} INFO - Started process (PID=356) to work on /opt/airflow/dags/daily_chek.py
[2026-04-27T15:23:50.934+0000] {processor.py:914} INFO - Processing file /opt/airflow/dags/daily_chek.py for tasks to queue
[2026-04-27T15:23:50.936+0000] {logging_mixin.py:190} INFO - [2026-04-27T15:23:50.936+0000] {dagbag.py:588} INFO - Filling up the DagBag from /opt/airflow/dags/daily_chek.py
[2026-04-27T15:23:50.950+0000] {processor.py:925} INFO - DAG(s) 'daily_check' retrieved from /opt/airflow/dags/daily_chek.py
[2026-04-27T15:23:50.973+0000] {logging_mixin.py:190} INFO - [2026-04-27T15:23:50.972+0000] {dag.py:3239} INFO - Sync 1 DAGs
[2026-04-27T15:23:50.995+0000] {logging_mixin.py:190} INFO - [2026-04-27T15:23:50.994+0000] {dag.py:4180} INFO - Setting next_dagrun for daily_check to 2026-04-27 00:00:00+00:00, run_after=2026-04-28 00:00:00+00:00
[2026-04-27T15:23:51.011+0000] {processor.py:208} INFO - Processing /opt/airflow/dags/daily_chek.py took 0.090 seconds
[2026-04-27T15:24:21.187+0000] {processor.py:186} INFO - Started process (PID=372) to work on /opt/airflow/dags/daily_chek.py
[2026-04-27T15:24:21.188+0000] {processor.py:914} INFO - Processing file /opt/airflow/dags/daily_chek.py for tasks to queue
[2026-04-27T15:24:21.190+0000] {logging_mixin.py:190} INFO - [2026-04-27T15:24:21.189+0000] {dagbag.py:588} INFO - Filling up the DagBag from /opt/airflow/dags/daily_chek.py
[2026-04-27T15:24:21.199+0000] {processor.py:925} INFO - DAG(s) 'daily_check' retrieved from /opt/airflow/dags/daily_chek.py
[2026-04-27T15:24:21.220+0000] {logging_mixin.py:190} INFO - [2026-04-27T15:24:21.220+0000] {dag.py:3239} INFO - Sync 1 DAGs
[2026-04-27T15:24:21.242+0000] {logging_mixin.py:190} INFO - [2026-04-27T15:24:21.242+0000] {dag.py:4180} INFO - Setting next_dagrun for daily_check to 2026-04-27 00:00:00+00:00, run_after=2026-04-28 00:00:00+00:00
[2026-04-27T15:24:21.258+0000] {processor.py:208} INFO - Processing /opt/airflow/dags/daily_chek.py took 0.076 seconds
[2026-04-27T15:24:51.531+0000] {processor.py:186} INFO - Started process (PID=388) to work on /opt/airflow/dags/daily_chek.py
[2026-04-27T15:24:51.537+0000] {processor.py:914} INFO - Processing file /opt/airflow/dags/daily_chek.py for tasks to queue
[2026-04-27T15:24:51.539+0000] {logging_mixin.py:190} INFO - [2026-04-27T15:24:51.539+0000] {dagbag.py:588} INFO - Filling up the DagBag from /opt/airflow/dags/daily_chek.py
[2026-04-27T15:24:51.548+0000] {processor.py:925} INFO - DAG(s) 'daily_check' retrieved from /opt/airflow/dags/daily_chek.py
[2026-04-27T15:24:51.569+0000] {logging_mixin.py:190} INFO - [2026-04-27T15:24:51.569+0000] {dag.py:3239} INFO - Sync 1 DAGs
[2026-04-27T15:24:51.590+0000] {logging_mixin.py:190} INFO - [2026-04-27T15:24:51.590+0000] {dag.py:4180} INFO - Setting next_dagrun for daily_check to 2026-04-27 00:00:00+00:00, run_after=2026-04-28 00:00:00+00:00
[2026-04-27T15:24:51.607+0000] {processor.py:208} INFO - Processing /opt/airflow/dags/daily_chek.py took 0.082 seconds
[2026-04-27T15:25:21.800+0000] {processor.py:186} INFO - Started process (PID=404) to work on /opt/airflow/dags/daily_chek.py
[2026-04-27T15:25:21.801+0000] {processor.py:914} INFO - Processing file /opt/airflow/dags/daily_chek.py for tasks to queue
[2026-04-27T15:25:21.804+0000] {logging_mixin.py:190} INFO - [2026-04-27T15:25:21.804+0000] {dagbag.py:588} INFO - Filling up the DagBag from /opt/airflow/dags/daily_chek.py
[2026-04-27T15:25:21.818+0000] {processor.py:925} INFO - DAG(s) 'daily_check' retrieved from /opt/airflow/dags/daily_chek.py
[2026-04-27T15:25:21.847+0000] {logging_mixin.py:190} INFO - [2026-04-27T15:25:21.846+0000] {dag.py:3239} INFO - Sync 1 DAGs
[2026-04-27T15:25:21.875+0000] {logging_mixin.py:190} INFO - [2026-04-27T15:25:21.874+0000] {dag.py:4180} INFO - Setting next_dagrun for daily_check to 2026-04-27 00:00:00+00:00, run_after=2026-04-28 00:00:00+00:00
[2026-04-27T15:25:21.890+0000] {processor.py:208} INFO - Processing /opt/airflow/dags/daily_chek.py took 0.096 seconds
[2026-04-27T15:25:52.162+0000] {processor.py:186} INFO - Started process (PID=420) to work on /opt/airflow/dags/daily_chek.py
[2026-04-27T15:25:52.169+0000] {processor.py:914} INFO - Processing file /opt/airflow/dags/daily_chek.py for tasks to queue
[2026-04-27T15:25:52.171+0000] {logging_mixin.py:190} INFO - [2026-04-27T15:25:52.171+0000] {dagbag.py:588} INFO - Filling up the DagBag from /opt/airflow/dags/daily_chek.py
[2026-04-27T15:25:52.180+0000] {processor.py:925} INFO - DAG(s) 'daily_check' retrieved from /opt/airflow/dags/daily_chek.py
[2026-04-27T15:25:52.207+0000] {logging_mixin.py:190} INFO - [2026-04-27T15:25:52.207+0000] {dag.py:3239} INFO - Sync 1 DAGs
[2026-04-27T15:25:52.230+0000] {logging_mixin.py:190} INFO - [2026-04-27T15:25:52.230+0000] {dag.py:4180} INFO - Setting next_dagrun for daily_check to 2026-04-27 00:00:00+00:00, run_after=2026-04-28 00:00:00+00:00
[2026-04-27T15:25:52.247+0000] {processor.py:208} INFO - Processing /opt/airflow/dags/daily_chek.py took 0.090 seconds
[2026-04-27T15:26:22.448+0000] {processor.py:186} INFO - Started process (PID=436) to work on /opt/airflow/dags/daily_chek.py
[2026-04-27T15:26:22.449+0000] {processor.py:914} INFO - Processing file /opt/airflow/dags/daily_chek.py for tasks to queue
[2026-04-27T15:26:22.451+0000] {logging_mixin.py:190} INFO - [2026-04-27T15:26:22.451+0000] {dagbag.py:588} INFO - Filling up the DagBag from /opt/airflow/dags/daily_chek.py
[2026-04-27T15:26:22.466+0000] {processor.py:925} INFO - DAG(s) 'daily_check' retrieved from /opt/airflow/dags/daily_chek.py
[2026-04-27T15:26:22.488+0000] {logging_mixin.py:190} INFO - [2026-04-27T15:26:22.488+0000] {dag.py:3239} INFO - Sync 1 DAGs
[2026-04-27T15:26:22.510+0000] {logging_mixin.py:190} INFO - [2026-04-27T15:26:22.509+0000] {dag.py:4180} INFO - Setting next_dagrun for daily_check to 2026-04-27 00:00:00+00:00, run_after=2026-04-28 00:00:00+00:00
[2026-04-27T15:26:22.525+0000] {processor.py:208} INFO - Processing /opt/airflow/dags/daily_chek.py took 0.089 seconds
[2026-04-27T15:26:52.811+0000] {processor.py:186} INFO - Started process (PID=458) to work on /opt/airflow/dags/daily_chek.py
[2026-04-27T15:26:52.817+0000] {processor.py:914} INFO - Processing file /opt/airflow/dags/daily_chek.py for tasks to queue
[2026-04-27T15:26:52.819+0000] {logging_mixin.py:190} INFO - [2026-04-27T15:26:52.819+0000] {dagbag.py:588} INFO - Filling up the DagBag from /opt/airflow/dags/daily_chek.py
[2026-04-27T15:26:52.828+0000] {processor.py:925} INFO - DAG(s) 'daily_check' retrieved from /opt/airflow/dags/daily_chek.py
[2026-04-27T15:26:52.848+0000] {logging_mixin.py:190} INFO - [2026-04-27T15:26:52.848+0000] {dag.py:3239} INFO - Sync 1 DAGs
[2026-04-27T15:26:52.870+0000] {logging_mixin.py:190} INFO - [2026-04-27T15:26:52.870+0000] {dag.py:4180} INFO - Setting next_dagrun for daily_check to 2026-04-27 00:00:00+00:00, run_after=2026-04-28 00:00:00+00:00
[2026-04-27T15:26:52.885+0000] {processor.py:208} INFO - Processing /opt/airflow/dags/daily_chek.py took 0.081 seconds
[2026-04-27T15:27:23.084+0000] {processor.py:186} INFO - Started process (PID=474) to work on /opt/airflow/dags/daily_chek.py
[2026-04-27T15:27:23.085+0000] {processor.py:914} INFO - Processing file /opt/airflow/dags/daily_chek.py for tasks to queue
[2026-04-27T15:27:23.090+0000] {logging_mixin.py:190} INFO - [2026-04-27T15:27:23.089+0000] {dagbag.py:588} INFO - Filling up the DagBag from /opt/airflow/dags/daily_chek.py
[2026-04-27T15:27:23.108+0000] {processor.py:925} INFO - DAG(s) 'daily_check' retrieved from /opt/airflow/dags/daily_chek.py
[2026-04-27T15:27:23.130+0000] {logging_mixin.py:190} INFO - [2026-04-27T15:27:23.130+0000] {dag.py:3239} INFO - Sync 1 DAGs
[2026-04-27T15:27:23.152+0000] {logging_mixin.py:190} INFO - [2026-04-27T15:27:23.152+0000] {dag.py:4180} INFO - Setting next_dagrun for daily_check to 2026-04-27 00:00:00+00:00, run_after=2026-04-28 00:00:00+00:00
[2026-04-27T15:27:23.168+0000] {processor.py:208} INFO - Processing /opt/airflow/dags/daily_chek.py took 0.099 seconds
[2026-04-27T15:27:53.471+0000] {processor.py:186} INFO - Started process (PID=490) to work on /opt/airflow/dags/daily_chek.py
[2026-04-27T15:27:53.478+0000] {processor.py:914} INFO - Processing file /opt/airflow/dags/daily_chek.py for tasks to queue
[2026-04-27T15:27:53.480+0000] {logging_mixin.py:190} INFO - [2026-04-27T15:27:53.479+0000] {dagbag.py:588} INFO - Filling up the DagBag from /opt/airflow/dags/daily_chek.py
[2026-04-27T15:27:53.490+0000] {processor.py:925} INFO - DAG(s) 'daily_check' retrieved from /opt/airflow/dags/daily_chek.py
[2026-04-27T15:27:53.511+0000] {logging_mixin.py:190} INFO - [2026-04-27T15:27:53.511+0000] {dag.py:3239} INFO - Sync 1 DAGs
[2026-04-27T15:27:53.537+0000] {logging_mixin.py:190} INFO - [2026-04-27T15:27:53.537+0000] {dag.py:4180} INFO - Setting next_dagrun for daily_check to 2026-04-27 00:00:00+00:00, run_after=2026-04-28 00:00:00+00:00
[2026-04-27T15:27:53.557+0000] {processor.py:208} INFO - Processing /opt/airflow/dags/daily_chek.py took 0.100 seconds
[2026-04-27T15:28:23.758+0000] {processor.py:186} INFO - Started process (PID=506) to work on /opt/airflow/dags/daily_chek.py
[2026-04-27T15:28:23.759+0000] {processor.py:914} INFO - Processing file /opt/airflow/dags/daily_chek.py for tasks to queue
[2026-04-27T15:28:23.761+0000] {logging_mixin.py:190} INFO - [2026-04-27T15:28:23.761+0000] {dagbag.py:588} INFO - Filling up the DagBag from /opt/airflow/dags/daily_chek.py
[2026-04-27T15:28:23.772+0000] {processor.py:925} INFO - DAG(s) 'daily_check' retrieved from /opt/airflow/dags/daily_chek.py
[2026-04-27T15:28:23.798+0000] {logging_mixin.py:190} INFO - [2026-04-27T15:28:23.798+0000] {dag.py:3239} INFO - Sync 1 DAGs
[2026-04-27T15:28:23.827+0000] {logging_mixin.py:190} INFO - [2026-04-27T15:28:23.826+0000] {dag.py:4180} INFO - Setting next_dagrun for daily_check to 2026-04-27 00:00:00+00:00, run_after=2026-04-28 00:00:00+00:00
[2026-04-27T15:28:23.842+0000] {processor.py:208} INFO - Processing /opt/airflow/dags/daily_chek.py took 0.089 seconds
[2026-04-27T15:28:54.077+0000] {processor.py:186} INFO - Started process (PID=522) to work on /opt/airflow/dags/daily_chek.py
[2026-04-27T15:28:54.083+0000] {processor.py:914} INFO - Processing file /opt/airflow/dags/daily_chek.py for tasks to queue
[2026-04-27T15:28:54.086+0000] {logging_mixin.py:190} INFO - [2026-04-27T15:28:54.085+0000] {dagbag.py:588} INFO - Filling up the DagBag from /opt/airflow/dags/daily_chek.py
[2026-04-27T15:28:54.096+0000] {processor.py:925} INFO - DAG(s) 'daily_check' retrieved from /opt/airflow/dags/daily_chek.py
[2026-04-27T15:28:54.118+0000] {logging_mixin.py:190} INFO - [2026-04-27T15:28:54.117+0000] {dag.py:3239} INFO - Sync 1 DAGs
[2026-04-27T15:28:54.139+0000] {logging_mixin.py:190} INFO - [2026-04-27T15:28:54.138+0000] {dag.py:4180} INFO - Setting next_dagrun for daily_check to 2026-04-27 00:00:00+00:00, run_after=2026-04-28 00:00:00+00:00
[2026-04-27T15:28:54.156+0000] {processor.py:208} INFO - Processing /opt/airflow/dags/daily_chek.py took 0.088 seconds
[2026-04-27T15:29:24.369+0000] {processor.py:186} INFO - Started process (PID=538) to work on /opt/airflow/dags/daily_chek.py
[2026-04-27T15:29:24.370+0000] {processor.py:914} INFO - Processing file /opt/airflow/dags/daily_chek.py for tasks to queue
[2026-04-27T15:29:24.373+0000] {logging_mixin.py:190} INFO - [2026-04-27T15:29:24.372+0000] {dagbag.py:588} INFO - Filling up the DagBag from /opt/airflow/dags/daily_chek.py
[2026-04-27T15:29:24.386+0000] {processor.py:925} INFO - DAG(s) 'daily_check' retrieved from /opt/airflow/dags/daily_chek.py
[2026-04-27T15:29:24.412+0000] {logging_mixin.py:190} INFO - [2026-04-27T15:29:24.411+0000] {dag.py:3239} INFO - Sync 1 DAGs
[2026-04-27T15:29:24.439+0000] {logging_mixin.py:190} INFO - [2026-04-27T15:29:24.439+0000] {dag.py:4180} INFO - Setting next_dagrun for daily_check to 2026-04-27 00:00:00+00:00, run_after=2026-04-28 00:00:00+00:00
[2026-04-27T15:29:24.458+0000] {processor.py:208} INFO - Processing /opt/airflow/dags/daily_chek.py took 0.100 seconds
[2026-04-27T15:29:54.743+0000] {processor.py:186} INFO - Started process (PID=555) to work on /opt/airflow/dags/daily_chek.py
[2026-04-27T15:29:54.749+0000] {processor.py:914} INFO - Processing file /opt/airflow/dags/daily_chek.py for tasks to queue
[2026-04-27T15:29:54.751+0000] {logging_mixin.py:190} INFO - [2026-04-27T15:29:54.750+0000] {dagbag.py:588} INFO - Filling up the DagBag from /opt/airflow/dags/daily_chek.py
[2026-04-27T15:29:54.760+0000] {processor.py:925} INFO - DAG(s) 'daily_check' retrieved from /opt/airflow/dags/daily_chek.py
[2026-04-27T15:29:54.785+0000] {logging_mixin.py:190} INFO - [2026-04-27T15:29:54.785+0000] {dag.py:3239} INFO - Sync 1 DAGs
[2026-04-27T15:29:54.807+0000] {logging_mixin.py:190} INFO - [2026-04-27T15:29:54.806+0000] {dag.py:4180} INFO - Setting next_dagrun for daily_check to 2026-04-27 00:00:00+00:00, run_after=2026-04-28 00:00:00+00:00
[2026-04-27T15:29:54.821+0000] {processor.py:208} INFO - Processing /opt/airflow/dags/daily_chek.py took 0.084 seconds
[2026-04-27T15:30:25.053+0000] {processor.py:186} INFO - Started process (PID=596) to work on /opt/airflow/dags/daily_chek.py
[2026-04-27T15:30:25.054+0000] {processor.py:914} INFO - Processing file /opt/airflow/dags/daily_chek.py for tasks to queue
[2026-04-27T15:30:25.055+0000] {logging_mixin.py:190} INFO - [2026-04-27T15:30:25.055+0000] {dagbag.py:588} INFO - Filling up the DagBag from /opt/airflow/dags/daily_chek.py
[2026-04-27T15:30:25.065+0000] {processor.py:925} INFO - DAG(s) 'daily_check' retrieved from /opt/airflow/dags/daily_chek.py
[2026-04-27T15:30:25.086+0000] {logging_mixin.py:190} INFO - [2026-04-27T15:30:25.086+0000] {dag.py:3239} INFO - Sync 1 DAGs
[2026-04-27T15:30:25.107+0000] {logging_mixin.py:190} INFO - [2026-04-27T15:30:25.107+0000] {dag.py:4180} INFO - Setting next_dagrun for daily_check to 2026-04-27 00:00:00+00:00, run_after=2026-04-28 00:00:00+00:00
[2026-04-27T15:30:25.123+0000] {processor.py:208} INFO - Processing /opt/airflow/dags/daily_chek.py took 0.075 seconds
[2026-04-27T15:30:55.427+0000] {processor.py:186} INFO - Started process (PID=612) to work on /opt/airflow/dags/daily_chek.py
[2026-04-27T15:30:55.434+0000] {processor.py:914} INFO - Processing file /opt/airflow/dags/daily_chek.py for tasks to queue
[2026-04-27T15:30:55.438+0000] {logging_mixin.py:190} INFO - [2026-04-27T15:30:55.438+0000] {dagbag.py:588} INFO - Filling up the DagBag from /opt/airflow/dags/daily_chek.py
[2026-04-27T15:30:55.450+0000] {processor.py:925} INFO - DAG(s) 'daily_check' retrieved from /opt/airflow/dags/daily_chek.py
[2026-04-27T15:30:55.470+0000] {logging_mixin.py:190} INFO - [2026-04-27T15:30:55.470+0000] {dag.py:3239} INFO - Sync 1 DAGs
[2026-04-27T15:30:55.492+0000] {logging_mixin.py:190} INFO - [2026-04-27T15:30:55.491+0000] {dag.py:4180} INFO - Setting next_dagrun for daily_check to 2026-04-27 00:00:00+00:00, run_after=2026-04-28 00:00:00+00:00
[2026-04-27T15:30:55.508+0000] {processor.py:208} INFO - Processing /opt/airflow/dags/daily_chek.py took 0.093 seconds
[2026-04-27T15:31:25.716+0000] {processor.py:186} INFO - Started process (PID=628) to work on /opt/airflow/dags/daily_chek.py
[2026-04-27T15:31:25.717+0000] {processor.py:914} INFO - Processing file /opt/airflow/dags/daily_chek.py for tasks to queue
[2026-04-27T15:31:25.719+0000] {logging_mixin.py:190} INFO - [2026-04-27T15:31:25.718+0000] {dagbag.py:588} INFO - Filling up the DagBag from /opt/airflow/dags/daily_chek.py
[2026-04-27T15:31:25.730+0000] {processor.py:925} INFO - DAG(s) 'daily_check' retrieved from /opt/airflow/dags/daily_chek.py
[2026-04-27T15:31:25.753+0000] {logging_mixin.py:190} INFO - [2026-04-27T15:31:25.753+0000] {dag.py:3239} INFO - Sync 1 DAGs
[2026-04-27T15:31:25.774+0000] {logging_mixin.py:190} INFO - [2026-04-27T15:31:25.774+0000] {dag.py:4180} INFO - Setting next_dagrun for daily_check to 2026-04-27 00:00:00+00:00, run_after=2026-04-28 00:00:00+00:00
[2026-04-27T15:31:25.793+0000] {processor.py:208} INFO - Processing /opt/airflow/dags/daily_chek.py took 0.090 seconds
[2026-04-27T15:31:55.961+0000] {processor.py:186} INFO - Started process (PID=644) to work on /opt/airflow/dags/daily_chek.py
[2026-04-27T15:31:55.968+0000] {processor.py:914} INFO - Processing file /opt/airflow/dags/daily_chek.py for tasks to queue
[2026-04-27T15:31:55.972+0000] {logging_mixin.py:190} INFO - [2026-04-27T15:31:55.971+0000] {dagbag.py:588} INFO - Filling up the DagBag from /opt/airflow/dags/daily_chek.py
[2026-04-27T15:31:55.986+0000] {processor.py:925} INFO - DAG(s) 'daily_check' retrieved from /opt/airflow/dags/daily_chek.py
[2026-04-27T15:31:56.007+0000] {logging_mixin.py:190} INFO - [2026-04-27T15:31:56.007+0000] {dag.py:3239} INFO - Sync 1 DAGs
[2026-04-27T15:31:56.029+0000] {logging_mixin.py:190} INFO - [2026-04-27T15:31:56.029+0000] {dag.py:4180} INFO - Setting next_dagrun for daily_check to 2026-04-27 00:00:00+00:00, run_after=2026-04-28 00:00:00+00:00
[2026-04-27T15:31:56.044+0000] {processor.py:208} INFO - Processing /opt/airflow/dags/daily_chek.py took 0.095 seconds
[2026-04-27T15:32:26.233+0000] {processor.py:186} INFO - Started process (PID=660) to work on /opt/airflow/dags/daily_chek.py
[2026-04-27T15:32:26.233+0000] {processor.py:914} INFO - Processing file /opt/airflow/dags/daily_chek.py for tasks to queue
[2026-04-27T15:32:26.236+0000] {logging_mixin.py:190} INFO - [2026-04-27T15:32:26.235+0000] {dagbag.py:588} INFO - Filling up the DagBag from /opt/airflow/dags/daily_chek.py
[2026-04-27T15:32:26.246+0000] {processor.py:925} INFO - DAG(s) 'daily_check' retrieved from /opt/airflow/dags/daily_chek.py
[2026-04-27T15:32:26.268+0000] {logging_mixin.py:190} INFO - [2026-04-27T15:32:26.267+0000] {dag.py:3239} INFO - Sync 1 DAGs
[2026-04-27T15:32:26.294+0000] {logging_mixin.py:190} INFO - [2026-04-27T15:32:26.294+0000] {dag.py:4180} INFO - Setting next_dagrun for daily_check to 2026-04-27 00:00:00+00:00, run_after=2026-04-28 00:00:00+00:00
[2026-04-27T15:32:26.313+0000] {processor.py:208} INFO - Processing /opt/airflow/dags/daily_chek.py took 0.087 seconds
[2026-04-27T15:32:56.565+0000] {processor.py:186} INFO - Started process (PID=676) to work on /opt/airflow/dags/daily_chek.py
[2026-04-27T15:32:56.572+0000] {processor.py:914} INFO - Processing file /opt/airflow/dags/daily_chek.py for tasks to queue
[2026-04-27T15:32:56.575+0000] {logging_mixin.py:190} INFO - [2026-04-27T15:32:56.574+0000] {dagbag.py:588} INFO - Filling up the DagBag from /opt/airflow/dags/daily_chek.py
[2026-04-27T15:32:56.589+0000] {processor.py:925} INFO - DAG(s) 'daily_check' retrieved from /opt/airflow/dags/daily_chek.py
[2026-04-27T15:32:56.611+0000] {logging_mixin.py:190} INFO - [2026-04-27T15:32:56.611+0000] {dag.py:3239} INFO - Sync 1 DAGs
[2026-04-27T15:32:56.633+0000] {logging_mixin.py:190} INFO - [2026-04-27T15:32:56.633+0000] {dag.py:4180} INFO - Setting next_dagrun for daily_check to 2026-04-27 00:00:00+00:00, run_after=2026-04-28 00:00:00+00:00
[2026-04-27T15:32:56.650+0000] {processor.py:208} INFO - Processing /opt/airflow/dags/daily_chek.py took 0.098 seconds
[2026-04-27T15:33:26.827+0000] {processor.py:186} INFO - Started process (PID=692) to work on /opt/airflow/dags/daily_chek.py
[2026-04-27T15:33:26.828+0000] {processor.py:914} INFO - Processing file /opt/airflow/dags/daily_chek.py for tasks to queue
[2026-04-27T15:33:26.830+0000] {logging_mixin.py:190} INFO - [2026-04-27T15:33:26.829+0000] {dagbag.py:588} INFO - Filling up the DagBag from /opt/airflow/dags/daily_chek.py
[2026-04-27T15:33:26.840+0000] {processor.py:925} INFO - DAG(s) 'daily_check' retrieved from /opt/airflow/dags/daily_chek.py
[2026-04-27T15:33:26.860+0000] {logging_mixin.py:190} INFO - [2026-04-27T15:33:26.860+0000] {dag.py:3239} INFO - Sync 1 DAGs
[2026-04-27T15:33:26.882+0000] {logging_mixin.py:190} INFO - [2026-04-27T15:33:26.882+0000] {dag.py:4180} INFO - Setting next_dagrun for daily_check to 2026-04-27 00:00:00+00:00, run_after=2026-04-28 00:00:00+00:00
[2026-04-27T15:33:26.899+0000] {processor.py:208} INFO - Processing /opt/airflow/dags/daily_chek.py took 0.077 seconds
[2026-04-27T15:33:57.164+0000] {processor.py:186} INFO - Started process (PID=708) to work on /opt/airflow/dags/daily_chek.py
[2026-04-27T15:33:57.171+0000] {processor.py:914} INFO - Processing file /opt/airflow/dags/daily_chek.py for tasks to queue
[2026-04-27T15:33:57.173+0000] {logging_mixin.py:190} INFO - [2026-04-27T15:33:57.173+0000] {dagbag.py:588} INFO - Filling up the DagBag from /opt/airflow/dags/daily_chek.py
[2026-04-27T15:33:57.185+0000] {processor.py:925} INFO - DAG(s) 'daily_check' retrieved from /opt/airflow/dags/daily_chek.py
[2026-04-27T15:33:57.206+0000] {logging_mixin.py:190} INFO - [2026-04-27T15:33:57.206+0000] {dag.py:3239} INFO - Sync 1 DAGs
[2026-04-27T15:33:57.228+0000] {logging_mixin.py:190} INFO - [2026-04-27T15:33:57.228+0000] {dag.py:4180} INFO - Setting next_dagrun for daily_check to 2026-04-27 00:00:00+00:00, run_after=2026-04-28 00:00:00+00:00
[2026-04-27T15:33:57.243+0000] {processor.py:208} INFO - Processing /opt/airflow/dags/daily_chek.py took 0.091 seconds
[2026-04-27T15:34:27.428+0000] {processor.py:186} INFO - Started process (PID=724) to work on /opt/airflow/dags/daily_chek.py
[2026-04-27T15:34:27.429+0000] {processor.py:914} INFO - Processing file /opt/airflow/dags/daily_chek.py for tasks to queue
[2026-04-27T15:34:27.431+0000] {logging_mixin.py:190} INFO - [2026-04-27T15:34:27.431+0000] {dagbag.py:588} INFO - Filling up the DagBag from /opt/airflow/dags/daily_chek.py
[2026-04-27T15:34:27.443+0000] {processor.py:925} INFO - DAG(s) 'daily_check' retrieved from /opt/airflow/dags/daily_chek.py
[2026-04-27T15:34:27.470+0000] {logging_mixin.py:190} INFO - [2026-04-27T15:34:27.470+0000] {dag.py:3239} INFO - Sync 1 DAGs
[2026-04-27T15:34:27.493+0000] {logging_mixin.py:190} INFO - [2026-04-27T15:34:27.493+0000] {dag.py:4180} INFO - Setting next_dagrun for daily_check to 2026-04-27 00:00:00+00:00, run_after=2026-04-28 00:00:00+00:00
[2026-04-27T15:34:27.508+0000] {processor.py:208} INFO - Processing /opt/airflow/dags/daily_chek.py took 0.090 seconds
[2026-04-27T15:34:57.698+0000] {processor.py:186} INFO - Started process (PID=740) to work on /opt/airflow/dags/daily_chek.py
[2026-04-27T15:34:57.704+0000] {processor.py:914} INFO - Processing file /opt/airflow/dags/daily_chek.py for tasks to queue
[2026-04-27T15:34:57.706+0000] {logging_mixin.py:190} INFO - [2026-04-27T15:34:57.706+0000] {dagbag.py:588} INFO - Filling up the DagBag from /opt/airflow/dags/daily_chek.py
[2026-04-27T15:34:57.716+0000] {processor.py:925} INFO - DAG(s) 'daily_check' retrieved from /opt/airflow/dags/daily_chek.py
[2026-04-27T15:34:57.740+0000] {logging_mixin.py:190} INFO - [2026-04-27T15:34:57.740+0000] {dag.py:3239} INFO - Sync 1 DAGs
[2026-04-27T15:34:57.764+0000] {logging_mixin.py:190} INFO - [2026-04-27T15:34:57.763+0000] {dag.py:4180} INFO - Setting next_dagrun for daily_check to 2026-04-27 00:00:00+00:00, run_after=2026-04-28 00:00:00+00:00
[2026-04-27T15:34:57.781+0000] {processor.py:208} INFO - Processing /opt/airflow/dags/daily_chek.py took 0.091 seconds
[2026-04-27T15:35:28.042+0000] {processor.py:186} INFO - Started process (PID=756) to work on /opt/airflow/dags/daily_chek.py
[2026-04-27T15:35:28.043+0000] {processor.py:914} INFO - Processing file /opt/airflow/dags/daily_chek.py for tasks to queue
[2026-04-27T15:35:28.046+0000] {logging_mixin.py:190} INFO - [2026-04-27T15:35:28.046+0000] {dagbag.py:588} INFO - Filling up the DagBag from /opt/airflow/dags/daily_chek.py
[2026-04-27T15:35:28.057+0000] {processor.py:925} INFO - DAG(s) 'daily_check' retrieved from /opt/airflow/dags/daily_chek.py
[2026-04-27T15:35:28.078+0000] {logging_mixin.py:190} INFO - [2026-04-27T15:35:28.078+0000] {dag.py:3239} INFO - Sync 1 DAGs
[2026-04-27T15:35:28.100+0000] {logging_mixin.py:190} INFO - [2026-04-27T15:35:28.100+0000] {dag.py:4180} INFO - Setting next_dagrun for daily_check to 2026-04-27 00:00:00+00:00, run_after=2026-04-28 00:00:00+00:00
[2026-04-27T15:35:28.117+0000] {processor.py:208} INFO - Processing /opt/airflow/dags/daily_chek.py took 0.089 seconds
[2026-04-27T15:35:58.335+0000] {processor.py:186} INFO - Started process (PID=772) to work on /opt/airflow/dags/daily_chek.py
[2026-04-27T15:35:58.342+0000] {processor.py:914} INFO - Processing file /opt/airflow/dags/daily_chek.py for tasks to queue
[2026-04-27T15:35:58.345+0000] {logging_mixin.py:190} INFO - [2026-04-27T15:35:58.344+0000] {dagbag.py:588} INFO - Filling up the DagBag from /opt/airflow/dags/daily_chek.py
[2026-04-27T15:35:58.357+0000] {processor.py:925} INFO - DAG(s) 'daily_check' retrieved from /opt/airflow/dags/daily_chek.py
[2026-04-27T15:35:58.378+0000] {logging_mixin.py:190} INFO - [2026-04-27T15:35:58.378+0000] {dag.py:3239} INFO - Sync 1 DAGs
[2026-04-27T15:35:58.399+0000] {logging_mixin.py:190} INFO - [2026-04-27T15:35:58.399+0000] {dag.py:4180} INFO - Setting next_dagrun for daily_check to 2026-04-27 00:00:00+00:00, run_after=2026-04-28 00:00:00+00:00
[2026-04-27T15:35:58.416+0000] {processor.py:208} INFO - Processing /opt/airflow/dags/daily_chek.py took 0.091 seconds
[2026-04-27T15:36:28.548+0000] {processor.py:186} INFO - Started process (PID=788) to work on /opt/airflow/dags/daily_chek.py
[2026-04-27T15:36:28.549+0000] {processor.py:914} INFO - Processing file /opt/airflow/dags/daily_chek.py for tasks to queue
[2026-04-27T15:36:28.552+0000] {logging_mixin.py:190} INFO - [2026-04-27T15:36:28.552+0000] {dagbag.py:588} INFO - Filling up the DagBag from /opt/airflow/dags/daily_chek.py
[2026-04-27T15:36:28.565+0000] {processor.py:925} INFO - DAG(s) 'daily_check' retrieved from /opt/airflow/dags/daily_chek.py
[2026-04-27T15:36:28.591+0000] {logging_mixin.py:190} INFO - [2026-04-27T15:36:28.591+0000] {dag.py:3239} INFO - Sync 1 DAGs
[2026-04-27T15:36:28.619+0000] {logging_mixin.py:190} INFO - [2026-04-27T15:36:28.618+0000] {dag.py:4180} INFO - Setting next_dagrun for daily_check to 2026-04-27 00:00:00+00:00, run_after=2026-04-28 00:00:00+00:00
[2026-04-27T15:36:28.637+0000] {processor.py:208} INFO - Processing /opt/airflow/dags/daily_chek.py took 0.097 seconds
[2026-04-27T15:36:58.801+0000] {processor.py:186} INFO - Started process (PID=804) to work on /opt/airflow/dags/daily_chek.py
[2026-04-27T15:36:58.808+0000] {processor.py:914} INFO - Processing file /opt/airflow/dags/daily_chek.py for tasks to queue
[2026-04-27T15:36:58.811+0000] {logging_mixin.py:190} INFO - [2026-04-27T15:36:58.810+0000] {dagbag.py:588} INFO - Filling up the DagBag from /opt/airflow/dags/daily_chek.py
[2026-04-27T15:36:58.821+0000] {processor.py:925} INFO - DAG(s) 'daily_check' retrieved from /opt/airflow/dags/daily_chek.py
[2026-04-27T15:36:58.851+0000] {logging_mixin.py:190} INFO - [2026-04-27T15:36:58.850+0000] {dag.py:3239} INFO - Sync 1 DAGs
[2026-04-27T15:36:58.876+0000] {logging_mixin.py:190} INFO - [2026-04-27T15:36:58.876+0000] {dag.py:4180} INFO - Setting next_dagrun for daily_check to 2026-04-27 00:00:00+00:00, run_after=2026-04-28 00:00:00+00:00
[2026-04-27T15:36:58.893+0000] {processor.py:208} INFO - Processing /opt/airflow/dags/daily_chek.py took 0.101 seconds
[2026-04-27T15:37:29.157+0000] {processor.py:186} INFO - Started process (PID=820) to work on /opt/airflow/dags/daily_chek.py
[2026-04-27T15:37:29.157+0000] {processor.py:914} INFO - Processing file /opt/airflow/dags/daily_chek.py for tasks to queue
[2026-04-27T15:37:29.160+0000] {logging_mixin.py:190} INFO - [2026-04-27T15:37:29.159+0000] {dagbag.py:588} INFO - Filling up the DagBag from /opt/airflow/dags/daily_chek.py
[2026-04-27T15:37:29.171+0000] {processor.py:925} INFO - DAG(s) 'daily_check' retrieved from /opt/airflow/dags/daily_chek.py
[2026-04-27T15:37:29.192+0000] {logging_mixin.py:190} INFO - [2026-04-27T15:37:29.191+0000] {dag.py:3239} INFO - Sync 1 DAGs
[2026-04-27T15:37:29.213+0000] {logging_mixin.py:190} INFO - [2026-04-27T15:37:29.213+0000] {dag.py:4180} INFO - Setting next_dagrun for daily_check to 2026-04-27 00:00:00+00:00, run_after=2026-04-28 00:00:00+00:00
[2026-04-27T15:37:29.230+0000] {processor.py:208} INFO - Processing /opt/airflow/dags/daily_chek.py took 0.081 seconds
[2026-04-27T15:37:59.477+0000] {processor.py:186} INFO - Started process (PID=836) to work on /opt/airflow/dags/daily_chek.py
[2026-04-27T15:37:59.478+0000] {processor.py:914} INFO - Processing file /opt/airflow/dags/daily_chek.py for tasks to queue
[2026-04-27T15:37:59.481+0000] {logging_mixin.py:190} INFO - [2026-04-27T15:37:59.480+0000] {dagbag.py:588} INFO - Filling up the DagBag from /opt/airflow/dags/daily_chek.py
[2026-04-27T15:37:59.491+0000] {processor.py:925} INFO - DAG(s) 'daily_check' retrieved from /opt/airflow/dags/daily_chek.py
[2026-04-27T15:37:59.511+0000] {logging_mixin.py:190} INFO - [2026-04-27T15:37:59.511+0000] {dag.py:3239} INFO - Sync 1 DAGs
[2026-04-27T15:37:59.534+0000] {logging_mixin.py:190} INFO - [2026-04-27T15:37:59.534+0000] {dag.py:4180} INFO - Setting next_dagrun for daily_check to 2026-04-27 00:00:00+00:00, run_after=2026-04-28 00:00:00+00:00
[2026-04-27T15:37:59.550+0000] {processor.py:208} INFO - Processing /opt/airflow/dags/daily_chek.py took 0.081 seconds
[2026-04-27T15:38:29.783+0000] {processor.py:186} INFO - Started process (PID=852) to work on /opt/airflow/dags/daily_chek.py
[2026-04-27T15:38:29.790+0000] {processor.py:914} INFO - Processing file /opt/airflow/dags/daily_chek.py for tasks to queue
[2026-04-27T15:38:29.793+0000] {logging_mixin.py:190} INFO - [2026-04-27T15:38:29.793+0000] {dagbag.py:588} INFO - Filling up the DagBag from /opt/airflow/dags/daily_chek.py
[2026-04-27T15:38:29.804+0000] {processor.py:925} INFO - DAG(s) 'daily_check' retrieved from /opt/airflow/dags/daily_chek.py
[2026-04-27T15:38:29.826+0000] {logging_mixin.py:190} INFO - [2026-04-27T15:38:29.826+0000] {dag.py:3239} INFO - Sync 1 DAGs
[2026-04-27T15:38:29.850+0000] {logging_mixin.py:190} INFO - [2026-04-27T15:38:29.850+0000] {dag.py:4180} INFO - Setting next_dagrun for daily_check to 2026-04-27 00:00:00+00:00, run_after=2026-04-28 00:00:00+00:00
[2026-04-27T15:38:29.867+0000] {processor.py:208} INFO - Processing /opt/airflow/dags/daily_chek.py took 0.094 seconds
[2026-04-27T15:39:00.042+0000] {processor.py:186} INFO - Started process (PID=868) to work on /opt/airflow/dags/daily_chek.py
[2026-04-27T15:39:00.042+0000] {processor.py:914} INFO - Processing file /opt/airflow/dags/daily_chek.py for tasks to queue
[2026-04-27T15:39:00.044+0000] {logging_mixin.py:190} INFO - [2026-04-27T15:39:00.044+0000] {dagbag.py:588} INFO - Filling up the DagBag from /opt/airflow/dags/daily_chek.py
[2026-04-27T15:39:00.054+0000] {processor.py:925} INFO - DAG(s) 'daily_check' retrieved from /opt/airflow/dags/daily_chek.py
[2026-04-27T15:39:00.076+0000] {logging_mixin.py:190} INFO - [2026-04-27T15:39:00.075+0000] {dag.py:3239} INFO - Sync 1 DAGs
[2026-04-27T15:39:00.097+0000] {logging_mixin.py:190} INFO - [2026-04-27T15:39:00.097+0000] {dag.py:4180} INFO - Setting next_dagrun for daily_check to 2026-04-27 00:00:00+00:00, run_after=2026-04-28 00:00:00+00:00
[2026-04-27T15:39:00.115+0000] {processor.py:208} INFO - Processing /opt/airflow/dags/daily_chek.py took 0.080 seconds
[2026-04-27T15:39:30.368+0000] {processor.py:186} INFO - Started process (PID=884) to work on /opt/airflow/dags/daily_chek.py
[2026-04-27T15:39:30.375+0000] {processor.py:914} INFO - Processing file /opt/airflow/dags/daily_chek.py for tasks to queue
[2026-04-27T15:39:30.378+0000] {logging_mixin.py:190} INFO - [2026-04-27T15:39:30.378+0000] {dagbag.py:588} INFO - Filling up the DagBag from /opt/airflow/dags/daily_chek.py
[2026-04-27T15:39:30.393+0000] {processor.py:925} INFO - DAG(s) 'daily_check' retrieved from /opt/airflow/dags/daily_chek.py
[2026-04-27T15:39:30.416+0000] {logging_mixin.py:190} INFO - [2026-04-27T15:39:30.416+0000] {dag.py:3239} INFO - Sync 1 DAGs
[2026-04-27T15:39:30.441+0000] {logging_mixin.py:190} INFO - [2026-04-27T15:39:30.441+0000] {dag.py:4180} INFO - Setting next_dagrun for daily_check to 2026-04-27 00:00:00+00:00, run_after=2026-04-28 00:00:00+00:00
[2026-04-27T15:39:30.457+0000] {processor.py:208} INFO - Processing /opt/airflow/dags/daily_chek.py took 0.096 seconds
[2026-04-27T15:40:00.532+0000] {processor.py:186} INFO - Started process (PID=900) to work on /opt/airflow/dags/daily_chek.py
[2026-04-27T15:40:00.532+0000] {processor.py:914} INFO - Processing file /opt/airflow/dags/daily_chek.py for tasks to queue
[2026-04-27T15:40:00.534+0000] {logging_mixin.py:190} INFO - [2026-04-27T15:40:00.534+0000] {dagbag.py:588} INFO - Filling up the DagBag from /opt/airflow/dags/daily_chek.py
[2026-04-27T15:40:00.546+0000] {processor.py:925} INFO - DAG(s) 'daily_check' retrieved from /opt/airflow/dags/daily_chek.py
[2026-04-27T15:40:00.570+0000] {logging_mixin.py:190} INFO - [2026-04-27T15:40:00.570+0000] {dag.py:3239} INFO - Sync 1 DAGs
[2026-04-27T15:40:00.596+0000] {logging_mixin.py:190} INFO - [2026-04-27T15:40:00.596+0000] {dag.py:4180} INFO - Setting next_dagrun for daily_check to 2026-04-27 00:00:00+00:00, run_after=2026-04-28 00:00:00+00:00
[2026-04-27T15:40:00.618+0000] {processor.py:208} INFO - Processing /opt/airflow/dags/daily_chek.py took 0.093 seconds
[2026-04-27T15:40:30.855+0000] {processor.py:186} INFO - Started process (PID=916) to work on /opt/airflow/dags/daily_chek.py
[2026-04-27T15:40:30.862+0000] {processor.py:914} INFO - Processing file /opt/airflow/dags/daily_chek.py for tasks to queue
[2026-04-27T15:40:30.863+0000] {logging_mixin.py:190} INFO - [2026-04-27T15:40:30.863+0000] {dagbag.py:588} INFO - Filling up the DagBag from /opt/airflow/dags/daily_chek.py
[2026-04-27T15:40:30.874+0000] {processor.py:925} INFO - DAG(s) 'daily_check' retrieved from /opt/airflow/dags/daily_chek.py
[2026-04-27T15:40:30.895+0000] {logging_mixin.py:190} INFO - [2026-04-27T15:40:30.895+0000] {dag.py:3239} INFO - Sync 1 DAGs
[2026-04-27T15:40:30.919+0000] {logging_mixin.py:190} INFO - [2026-04-27T15:40:30.918+0000] {dag.py:4180} INFO - Setting next_dagrun for daily_check to 2026-04-27 00:00:00+00:00, run_after=2026-04-28 00:00:00+00:00
[2026-04-27T15:40:30.937+0000] {processor.py:208} INFO - Processing /opt/airflow/dags/daily_chek.py took 0.090 seconds
[2026-04-27T15:41:01.152+0000] {processor.py:186} INFO - Started process (PID=932) to work on /opt/airflow/dags/daily_chek.py
[2026-04-27T15:41:01.154+0000] {processor.py:914} INFO - Processing file /opt/airflow/dags/daily_chek.py for tasks to queue
[2026-04-27T15:41:01.158+0000] {logging_mixin.py:190} INFO - [2026-04-27T15:41:01.158+0000] {dagbag.py:588} INFO - Filling up the DagBag from /opt/airflow/dags/daily_chek.py
[2026-04-27T15:41:01.175+0000] {processor.py:925} INFO - DAG(s) 'daily_check' retrieved from /opt/airflow/dags/daily_chek.py
[2026-04-27T15:41:01.202+0000] {logging_mixin.py:190} INFO - [2026-04-27T15:41:01.201+0000] {dag.py:3239} INFO - Sync 1 DAGs
[2026-04-27T15:41:01.228+0000] {logging_mixin.py:190} INFO - [2026-04-27T15:41:01.227+0000] {dag.py:4180} INFO - Setting next_dagrun for daily_check to 2026-04-27 00:00:00+00:00, run_after=2026-04-28 00:00:00+00:00
[2026-04-27T15:41:01.247+0000] {processor.py:208} INFO - Processing /opt/airflow/dags/daily_chek.py took 0.113 seconds
[2026-04-27T15:41:31.468+0000] {processor.py:186} INFO - Started process (PID=948) to work on /opt/airflow/dags/daily_chek.py
[2026-04-27T15:41:31.469+0000] {processor.py:914} INFO - Processing file /opt/airflow/dags/daily_chek.py for tasks to queue
[2026-04-27T15:41:31.471+0000] {logging_mixin.py:190} INFO - [2026-04-27T15:41:31.471+0000] {dagbag.py:588} INFO - Filling up the DagBag from /opt/airflow/dags/daily_chek.py
[2026-04-27T15:41:31.487+0000] {processor.py:925} INFO - DAG(s) 'daily_check' retrieved from /opt/airflow/dags/daily_chek.py
[2026-04-27T15:41:31.508+0000] {logging_mixin.py:190} INFO - [2026-04-27T15:41:31.508+0000] {dag.py:3239} INFO - Sync 1 DAGs
[2026-04-27T15:41:31.530+0000] {logging_mixin.py:190} INFO - [2026-04-27T15:41:31.530+0000] {dag.py:4180} INFO - Setting next_dagrun for daily_check to 2026-04-27 00:00:00+00:00, run_after=2026-04-28 00:00:00+00:00
[2026-04-27T15:41:31.547+0000] {processor.py:208} INFO - Processing /opt/airflow/dags/daily_chek.py took 0.092 seconds
[2026-04-27T15:42:01.786+0000] {processor.py:186} INFO - Started process (PID=964) to work on /opt/airflow/dags/daily_chek.py
[2026-04-27T15:42:01.787+0000] {processor.py:914} INFO - Processing file /opt/airflow/dags/daily_chek.py for tasks to queue
[2026-04-27T15:42:01.790+0000] {logging_mixin.py:190} INFO - [2026-04-27T15:42:01.790+0000] {dagbag.py:588} INFO - Filling up the DagBag from /opt/airflow/dags/daily_chek.py
[2026-04-27T15:42:01.803+0000] {processor.py:925} INFO - DAG(s) 'daily_check' retrieved from /opt/airflow/dags/daily_chek.py
[2026-04-27T15:42:01.824+0000] {logging_mixin.py:190} INFO - [2026-04-27T15:42:01.824+0000] {dag.py:3239} INFO - Sync 1 DAGs
[2026-04-27T15:42:01.849+0000] {logging_mixin.py:190} INFO - [2026-04-27T15:42:01.848+0000] {dag.py:4180} INFO - Setting next_dagrun for daily_check to 2026-04-27 00:00:00+00:00, run_after=2026-04-28 00:00:00+00:00
[2026-04-27T15:42:01.868+0000] {processor.py:208} INFO - Processing /opt/airflow/dags/daily_chek.py took 0.095 seconds
[2026-04-27T15:42:32.152+0000] {processor.py:186} INFO - Started process (PID=980) to work on /opt/airflow/dags/daily_chek.py
[2026-04-27T15:42:32.159+0000] {processor.py:914} INFO - Processing file /opt/airflow/dags/daily_chek.py for tasks to queue
[2026-04-27T15:42:32.162+0000] {logging_mixin.py:190} INFO - [2026-04-27T15:42:32.161+0000] {dagbag.py:588} INFO - Filling up the DagBag from /opt/airflow/dags/daily_chek.py
[2026-04-27T15:42:32.172+0000] {processor.py:925} INFO - DAG(s) 'daily_check' retrieved from /opt/airflow/dags/daily_chek.py
[2026-04-27T15:42:32.200+0000] {logging_mixin.py:190} INFO - [2026-04-27T15:42:32.200+0000] {dag.py:3239} INFO - Sync 1 DAGs
[2026-04-27T15:42:32.227+0000] {logging_mixin.py:190} INFO - [2026-04-27T15:42:32.227+0000] {dag.py:4180} INFO - Setting next_dagrun for daily_check to 2026-04-27 00:00:00+00:00, run_after=2026-04-28 00:00:00+00:00
[2026-04-27T15:42:32.245+0000] {processor.py:208} INFO - Processing /opt/airflow/dags/daily_chek.py took 0.103 seconds
[2026-04-27T15:43:02.428+0000] {processor.py:186} INFO - Started process (PID=996) to work on /opt/airflow/dags/daily_chek.py
[2026-04-27T15:43:02.429+0000] {processor.py:914} INFO - Processing file /opt/airflow/dags/daily_chek.py for tasks to queue
[2026-04-27T15:43:02.433+0000] {logging_mixin.py:190} INFO - [2026-04-27T15:43:02.432+0000] {dagbag.py:588} INFO - Filling up the DagBag from /opt/airflow/dags/daily_chek.py
[2026-04-27T15:43:02.448+0000] {processor.py:925} INFO - DAG(s) 'daily_check' retrieved from /opt/airflow/dags/daily_chek.py
[2026-04-27T15:43:02.470+0000] {logging_mixin.py:190} INFO - [2026-04-27T15:43:02.470+0000] {dag.py:3239} INFO - Sync 1 DAGs
[2026-04-27T15:43:02.492+0000] {logging_mixin.py:190} INFO - [2026-04-27T15:43:02.492+0000] {dag.py:4180} INFO - Setting next_dagrun for daily_check to 2026-04-27 00:00:00+00:00, run_after=2026-04-28 00:00:00+00:00
[2026-04-27T15:43:02.510+0000] {processor.py:208} INFO - Processing /opt/airflow/dags/daily_chek.py took 0.094 seconds
[2026-04-27T15:43:32.814+0000] {processor.py:186} INFO - Started process (PID=1012) to work on /opt/airflow/dags/daily_chek.py
[2026-04-27T15:43:32.820+0000] {processor.py:914} INFO - Processing file /opt/airflow/dags/daily_chek.py for tasks to queue
[2026-04-27T15:43:32.822+0000] {logging_mixin.py:190} INFO - [2026-04-27T15:43:32.822+0000] {dagbag.py:588} INFO - Filling up the DagBag from /opt/airflow/dags/daily_chek.py
[2026-04-27T15:43:32.831+0000] {processor.py:925} INFO - DAG(s) 'daily_check' retrieved from /opt/airflow/dags/daily_chek.py
[2026-04-27T15:43:32.852+0000] {logging_mixin.py:190} INFO - [2026-04-27T15:43:32.852+0000] {dag.py:3239} INFO - Sync 1 DAGs
[2026-04-27T15:43:32.874+0000] {logging_mixin.py:190} INFO - [2026-04-27T15:43:32.874+0000] {dag.py:4180} INFO - Setting next_dagrun for daily_check to 2026-04-27 00:00:00+00:00, run_after=2026-04-28 00:00:00+00:00
[2026-04-27T15:43:32.889+0000] {processor.py:208} INFO - Processing /opt/airflow/dags/daily_chek.py took 0.081 seconds
[2026-04-27T15:44:03.116+0000] {processor.py:186} INFO - Started process (PID=1028) to work on /opt/airflow/dags/daily_chek.py
[2026-04-27T15:44:03.117+0000] {processor.py:914} INFO - Processing file /opt/airflow/dags/daily_chek.py for tasks to queue
[2026-04-27T15:44:03.120+0000] {logging_mixin.py:190} INFO - [2026-04-27T15:44:03.119+0000] {dagbag.py:588} INFO - Filling up the DagBag from /opt/airflow/dags/daily_chek.py
[2026-04-27T15:44:03.135+0000] {processor.py:925} INFO - DAG(s) 'daily_check' retrieved from /opt/airflow/dags/daily_chek.py
[2026-04-27T15:44:03.156+0000] {logging_mixin.py:190} INFO - [2026-04-27T15:44:03.155+0000] {dag.py:3239} INFO - Sync 1 DAGs
[2026-04-27T15:44:03.178+0000] {logging_mixin.py:190} INFO - [2026-04-27T15:44:03.177+0000] {dag.py:4180} INFO - Setting next_dagrun for daily_check to 2026-04-27 00:00:00+00:00, run_after=2026-04-28 00:00:00+00:00
[2026-04-27T15:44:03.193+0000] {processor.py:208} INFO - Processing /opt/airflow/dags/daily_chek.py took 0.089 seconds
[2026-04-27T15:44:33.390+0000] {processor.py:186} INFO - Started process (PID=1044) to work on /opt/airflow/dags/daily_chek.py
[2026-04-27T15:44:33.396+0000] {processor.py:914} INFO - Processing file /opt/airflow/dags/daily_chek.py for tasks to queue
[2026-04-27T15:44:33.398+0000] {logging_mixin.py:190} INFO - [2026-04-27T15:44:33.398+0000] {dagbag.py:588} INFO - Filling up the DagBag from /opt/airflow/dags/daily_chek.py
[2026-04-27T15:44:33.408+0000] {processor.py:925} INFO - DAG(s) 'daily_check' retrieved from /opt/airflow/dags/daily_chek.py
[2026-04-27T15:44:33.436+0000] {logging_mixin.py:190} INFO - [2026-04-27T15:44:33.436+0000] {dag.py:3239} INFO - Sync 1 DAGs
[2026-04-27T15:44:33.460+0000] {logging_mixin.py:190} INFO - [2026-04-27T15:44:33.460+0000] {dag.py:4180} INFO - Setting next_dagrun for daily_check to 2026-04-27 00:00:00+00:00, run_after=2026-04-28 00:00:00+00:00
[2026-04-27T15:44:33.476+0000] {processor.py:208} INFO - Processing /opt/airflow/dags/daily_chek.py took 0.092 seconds
[2026-04-27T15:45:03.697+0000] {processor.py:186} INFO - Started process (PID=1060) to work on /opt/airflow/dags/daily_chek.py
[2026-04-27T15:45:03.697+0000] {processor.py:914} INFO - Processing file /opt/airflow/dags/daily_chek.py for tasks to queue
[2026-04-27T15:45:03.699+0000] {logging_mixin.py:190} INFO - [2026-04-27T15:45:03.699+0000] {dagbag.py:588} INFO - Filling up the DagBag from /opt/airflow/dags/daily_chek.py
[2026-04-27T15:45:03.709+0000] {processor.py:925} INFO - DAG(s) 'daily_check' retrieved from /opt/airflow/dags/daily_chek.py
[2026-04-27T15:45:03.730+0000] {logging_mixin.py:190} INFO - [2026-04-27T15:45:03.730+0000] {dag.py:3239} INFO - Sync 1 DAGs
[2026-04-27T15:45:03.752+0000] {logging_mixin.py:190} INFO - [2026-04-27T15:45:03.752+0000] {dag.py:4180} INFO - Setting next_dagrun for daily_check to 2026-04-27 00:00:00+00:00, run_after=2026-04-28 00:00:00+00:00
[2026-04-27T15:45:03.770+0000] {processor.py:208} INFO - Processing /opt/airflow/dags/daily_chek.py took 0.079 seconds
[2026-04-27T15:45:33.990+0000] {processor.py:186} INFO - Started process (PID=1076) to work on /opt/airflow/dags/daily_chek.py
[2026-04-27T15:45:33.992+0000] {processor.py:914} INFO - Processing file /opt/airflow/dags/daily_chek.py for tasks to queue
[2026-04-27T15:45:33.994+0000] {logging_mixin.py:190} INFO - [2026-04-27T15:45:33.993+0000] {dagbag.py:588} INFO - Filling up the DagBag from /opt/airflow/dags/daily_chek.py
[2026-04-27T15:45:34.008+0000] {processor.py:925} INFO - DAG(s) 'daily_check' retrieved from /opt/airflow/dags/daily_chek.py
[2026-04-27T15:45:34.029+0000] {logging_mixin.py:190} INFO - [2026-04-27T15:45:34.029+0000] {dag.py:3239} INFO - Sync 1 DAGs
[2026-04-27T15:45:34.050+0000] {logging_mixin.py:190} INFO - [2026-04-27T15:45:34.050+0000] {dag.py:4180} INFO - Setting next_dagrun for daily_check to 2026-04-27 00:00:00+00:00, run_after=2026-04-28 00:00:00+00:00
[2026-04-27T15:45:34.067+0000] {processor.py:208} INFO - Processing /opt/airflow/dags/daily_chek.py took 0.088 seconds
[2026-04-27T15:46:04.280+0000] {processor.py:186} INFO - Started process (PID=1092) to work on /opt/airflow/dags/daily_chek.py
[2026-04-27T15:46:04.281+0000] {processor.py:914} INFO - Processing file /opt/airflow/dags/daily_chek.py for tasks to queue
[2026-04-27T15:46:04.284+0000] {logging_mixin.py:190} INFO - [2026-04-27T15:46:04.284+0000] {dagbag.py:588} INFO - Filling up the DagBag from /opt/airflow/dags/daily_chek.py
[2026-04-27T15:46:04.295+0000] {processor.py:925} INFO - DAG(s) 'daily_check' retrieved from /opt/airflow/dags/daily_chek.py
[2026-04-27T15:46:04.317+0000] {logging_mixin.py:190} INFO - [2026-04-27T15:46:04.317+0000] {dag.py:3239} INFO - Sync 1 DAGs
[2026-04-27T15:46:04.339+0000] {logging_mixin.py:190} INFO - [2026-04-27T15:46:04.338+0000] {dag.py:4180} INFO - Setting next_dagrun for daily_check to 2026-04-27 00:00:00+00:00, run_after=2026-04-28 00:00:00+00:00
[2026-04-27T15:46:04.356+0000] {processor.py:208} INFO - Processing /opt/airflow/dags/daily_chek.py took 0.086 seconds
[2026-04-27T15:46:34.553+0000] {processor.py:186} INFO - Started process (PID=1107) to work on /opt/airflow/dags/daily_chek.py
[2026-04-27T15:46:34.554+0000] {processor.py:914} INFO - Processing file /opt/airflow/dags/daily_chek.py for tasks to queue
[2026-04-27T15:46:34.557+0000] {logging_mixin.py:190} INFO - [2026-04-27T15:46:34.557+0000] {dagbag.py:588} INFO - Filling up the DagBag from /opt/airflow/dags/daily_chek.py
[2026-04-27T15:46:34.569+0000] {processor.py:925} INFO - DAG(s) 'daily_check' retrieved from /opt/airflow/dags/daily_chek.py
[2026-04-27T15:46:34.590+0000] {logging_mixin.py:190} INFO - [2026-04-27T15:46:34.590+0000] {dag.py:3239} INFO - Sync 1 DAGs
[2026-04-27T15:46:34.613+0000] {logging_mixin.py:190} INFO - [2026-04-27T15:46:34.613+0000] {dag.py:4180} INFO - Setting next_dagrun for daily_check to 2026-04-27 00:00:00+00:00, run_after=2026-04-28 00:00:00+00:00
[2026-04-27T15:46:34.628+0000] {processor.py:208} INFO - Processing /opt/airflow/dags/daily_chek.py took 0.084 seconds
[2026-04-27T15:47:04.911+0000] {processor.py:186} INFO - Started process (PID=1123) to work on /opt/airflow/dags/daily_chek.py
[2026-04-27T15:47:04.918+0000] {processor.py:914} INFO - Processing file /opt/airflow/dags/daily_chek.py for tasks to queue
[2026-04-27T15:47:04.921+0000] {logging_mixin.py:190} INFO - [2026-04-27T15:47:04.921+0000] {dagbag.py:588} INFO - Filling up the DagBag from /opt/airflow/dags/daily_chek.py
[2026-04-27T15:47:04.936+0000] {processor.py:925} INFO - DAG(s) 'daily_check' retrieved from /opt/airflow/dags/daily_chek.py
[2026-04-27T15:47:04.957+0000] {logging_mixin.py:190} INFO - [2026-04-27T15:47:04.957+0000] {dag.py:3239} INFO - Sync 1 DAGs
[2026-04-27T15:47:04.978+0000] {logging_mixin.py:190} INFO - [2026-04-27T15:47:04.978+0000] {dag.py:4180} INFO - Setting next_dagrun for daily_check to 2026-04-27 00:00:00+00:00, run_after=2026-04-28 00:00:00+00:00
[2026-04-27T15:47:04.995+0000] {processor.py:208} INFO - Processing /opt/airflow/dags/daily_chek.py took 0.096 seconds
[2026-04-27T15:47:35.171+0000] {processor.py:186} INFO - Started process (PID=1139) to work on /opt/airflow/dags/daily_chek.py
[2026-04-27T15:47:35.172+0000] {processor.py:914} INFO - Processing file /opt/airflow/dags/daily_chek.py for tasks to queue
[2026-04-27T15:47:35.174+0000] {logging_mixin.py:190} INFO - [2026-04-27T15:47:35.174+0000] {dagbag.py:588} INFO - Filling up the DagBag from /opt/airflow/dags/daily_chek.py
[2026-04-27T15:47:35.184+0000] {processor.py:925} INFO - DAG(s) 'daily_check' retrieved from /opt/airflow/dags/daily_chek.py
[2026-04-27T15:47:35.205+0000] {logging_mixin.py:190} INFO - [2026-04-27T15:47:35.205+0000] {dag.py:3239} INFO - Sync 1 DAGs
[2026-04-27T15:47:35.228+0000] {logging_mixin.py:190} INFO - [2026-04-27T15:47:35.228+0000] {dag.py:4180} INFO - Setting next_dagrun for daily_check to 2026-04-27 00:00:00+00:00, run_after=2026-04-28 00:00:00+00:00
[2026-04-27T15:47:35.243+0000] {processor.py:208} INFO - Processing /opt/airflow/dags/daily_chek.py took 0.077 seconds
[2026-04-27T15:48:05.517+0000] {processor.py:186} INFO - Started process (PID=1155) to work on /opt/airflow/dags/daily_chek.py
[2026-04-27T15:48:05.524+0000] {processor.py:914} INFO - Processing file /opt/airflow/dags/daily_chek.py for tasks to queue
[2026-04-27T15:48:05.526+0000] {logging_mixin.py:190} INFO - [2026-04-27T15:48:05.525+0000] {dagbag.py:588} INFO - Filling up the DagBag from /opt/airflow/dags/daily_chek.py
[2026-04-27T15:48:05.535+0000] {processor.py:925} INFO - DAG(s) 'daily_check' retrieved from /opt/airflow/dags/daily_chek.py
[2026-04-27T15:48:05.558+0000] {logging_mixin.py:190} INFO - [2026-04-27T15:48:05.558+0000] {dag.py:3239} INFO - Sync 1 DAGs
[2026-04-27T15:48:05.588+0000] {logging_mixin.py:190} INFO - [2026-04-27T15:48:05.588+0000] {dag.py:4180} INFO - Setting next_dagrun for daily_check to 2026-04-27 00:00:00+00:00, run_after=2026-04-28 00:00:00+00:00
[2026-04-27T15:48:05.606+0000] {processor.py:208} INFO - Processing /opt/airflow/dags/daily_chek.py took 0.100 seconds
[2026-04-27T15:48:35.809+0000] {processor.py:186} INFO - Started process (PID=1171) to work on /opt/airflow/dags/daily_chek.py
[2026-04-27T15:48:35.809+0000] {processor.py:914} INFO - Processing file /opt/airflow/dags/daily_chek.py for tasks to queue
[2026-04-27T15:48:35.812+0000] {logging_mixin.py:190} INFO - [2026-04-27T15:48:35.811+0000] {dagbag.py:588} INFO - Filling up the DagBag from /opt/airflow/dags/daily_chek.py
[2026-04-27T15:48:35.827+0000] {processor.py:925} INFO - DAG(s) 'daily_check' retrieved from /opt/airflow/dags/daily_chek.py
[2026-04-27T15:48:35.851+0000] {logging_mixin.py:190} INFO - [2026-04-27T15:48:35.851+0000] {dag.py:3239} INFO - Sync 1 DAGs
[2026-04-27T15:48:35.873+0000] {logging_mixin.py:190} INFO - [2026-04-27T15:48:35.872+0000] {dag.py:4180} INFO - Setting next_dagrun for daily_check to 2026-04-27 00:00:00+00:00, run_after=2026-04-28 00:00:00+00:00
[2026-04-27T15:48:35.888+0000] {processor.py:208} INFO - Processing /opt/airflow/dags/daily_chek.py took 0.087 seconds
[2026-04-27T15:49:06.169+0000] {processor.py:186} INFO - Started process (PID=1187) to work on /opt/airflow/dags/daily_chek.py
[2026-04-27T15:49:06.170+0000] {processor.py:914} INFO - Processing file /opt/airflow/dags/daily_chek.py for tasks to queue
[2026-04-27T15:49:06.173+0000] {logging_mixin.py:190} INFO - [2026-04-27T15:49:06.173+0000] {dagbag.py:588} INFO - Filling up the DagBag from /opt/airflow/dags/daily_chek.py
[2026-04-27T15:49:06.188+0000] {processor.py:925} INFO - DAG(s) 'daily_check' retrieved from /opt/airflow/dags/daily_chek.py
[2026-04-27T15:49:06.210+0000] {logging_mixin.py:190} INFO - [2026-04-27T15:49:06.210+0000] {dag.py:3239} INFO - Sync 1 DAGs
[2026-04-27T15:49:06.233+0000] {logging_mixin.py:190} INFO - [2026-04-27T15:49:06.232+0000] {dag.py:4180} INFO - Setting next_dagrun for daily_check to 2026-04-27 00:00:00+00:00, run_after=2026-04-28 00:00:00+00:00
[2026-04-27T15:49:06.248+0000] {processor.py:208} INFO - Processing /opt/airflow/dags/daily_chek.py took 0.089 seconds
[2026-04-27T15:49:36.426+0000] {processor.py:186} INFO - Started process (PID=1203) to work on /opt/airflow/dags/daily_chek.py
[2026-04-27T15:49:36.427+0000] {processor.py:914} INFO - Processing file /opt/airflow/dags/daily_chek.py for tasks to queue
[2026-04-27T15:49:36.429+0000] {logging_mixin.py:190} INFO - [2026-04-27T15:49:36.428+0000] {dagbag.py:588} INFO - Filling up the DagBag from /opt/airflow/dags/daily_chek.py
[2026-04-27T15:49:36.438+0000] {processor.py:925} INFO - DAG(s) 'daily_check' retrieved from /opt/airflow/dags/daily_chek.py
[2026-04-27T15:49:36.459+0000] {logging_mixin.py:190} INFO - [2026-04-27T15:49:36.459+0000] {dag.py:3239} INFO - Sync 1 DAGs
[2026-04-27T15:49:36.481+0000] {logging_mixin.py:190} INFO - [2026-04-27T15:49:36.481+0000] {dag.py:4180} INFO - Setting next_dagrun for daily_check to 2026-04-27 00:00:00+00:00, run_after=2026-04-28 00:00:00+00:00
[2026-04-27T15:49:36.497+0000] {processor.py:208} INFO - Processing /opt/airflow/dags/daily_chek.py took 0.078 seconds
[2026-04-27T15:50:06.747+0000] {processor.py:186} INFO - Started process (PID=1219) to work on /opt/airflow/dags/daily_chek.py
[2026-04-27T15:50:06.748+0000] {processor.py:914} INFO - Processing file /opt/airflow/dags/daily_chek.py for tasks to queue
[2026-04-27T15:50:06.751+0000] {logging_mixin.py:190} INFO - [2026-04-27T15:50:06.751+0000] {dagbag.py:588} INFO - Filling up the DagBag from /opt/airflow/dags/daily_chek.py
[2026-04-27T15:50:06.764+0000] {processor.py:925} INFO - DAG(s) 'daily_check' retrieved from /opt/airflow/dags/daily_chek.py
[2026-04-27T15:50:06.788+0000] {logging_mixin.py:190} INFO - [2026-04-27T15:50:06.787+0000] {dag.py:3239} INFO - Sync 1 DAGs
[2026-04-27T15:50:06.809+0000] {logging_mixin.py:190} INFO - [2026-04-27T15:50:06.809+0000] {dag.py:4180} INFO - Setting next_dagrun for daily_check to 2026-04-27 00:00:00+00:00, run_after=2026-04-28 00:00:00+00:00
[2026-04-27T15:50:06.825+0000] {processor.py:208} INFO - Processing /opt/airflow/dags/daily_chek.py took 0.091 seconds
[2026-04-27T15:50:37.103+0000] {processor.py:186} INFO - Started process (PID=1235) to work on /opt/airflow/dags/daily_chek.py
[2026-04-27T15:50:37.104+0000] {processor.py:914} INFO - Processing file /opt/airflow/dags/daily_chek.py for tasks to queue
[2026-04-27T15:50:37.107+0000] {logging_mixin.py:190} INFO - [2026-04-27T15:50:37.107+0000] {dagbag.py:588} INFO - Filling up the DagBag from /opt/airflow/dags/daily_chek.py
[2026-04-27T15:50:37.119+0000] {processor.py:925} INFO - DAG(s) 'daily_check' retrieved from /opt/airflow/dags/daily_chek.py
[2026-04-27T15:50:37.141+0000] {logging_mixin.py:190} INFO - [2026-04-27T15:50:37.140+0000] {dag.py:3239} INFO - Sync 1 DAGs
[2026-04-27T15:50:37.166+0000] {logging_mixin.py:190} INFO - [2026-04-27T15:50:37.166+0000] {dag.py:4180} INFO - Setting next_dagrun for daily_check to 2026-04-27 00:00:00+00:00, run_after=2026-04-28 00:00:00+00:00
[2026-04-27T15:50:37.184+0000] {processor.py:208} INFO - Processing /opt/airflow/dags/daily_chek.py took 0.092 seconds
[2026-04-27T15:51:07.463+0000] {processor.py:186} INFO - Started process (PID=1251) to work on /opt/airflow/dags/daily_chek.py
[2026-04-27T15:51:07.469+0000] {processor.py:914} INFO - Processing file /opt/airflow/dags/daily_chek.py for tasks to queue
[2026-04-27T15:51:07.471+0000] {logging_mixin.py:190} INFO - [2026-04-27T15:51:07.471+0000] {dagbag.py:588} INFO - Filling up the DagBag from /opt/airflow/dags/daily_chek.py
[2026-04-27T15:51:07.481+0000] {processor.py:925} INFO - DAG(s) 'daily_check' retrieved from /opt/airflow/dags/daily_chek.py
[2026-04-27T15:51:07.509+0000] {logging_mixin.py:190} INFO - [2026-04-27T15:51:07.508+0000] {dag.py:3239} INFO - Sync 1 DAGs
[2026-04-27T15:51:07.532+0000] {logging_mixin.py:190} INFO - [2026-04-27T15:51:07.531+0000] {dag.py:4180} INFO - Setting next_dagrun for daily_check to 2026-04-27 00:00:00+00:00, run_after=2026-04-28 00:00:00+00:00
[2026-04-27T15:51:07.547+0000] {processor.py:208} INFO - Processing /opt/airflow/dags/daily_chek.py took 0.090 seconds
[2026-04-27T15:51:37.721+0000] {processor.py:186} INFO - Started process (PID=1267) to work on /opt/airflow/dags/daily_chek.py
[2026-04-27T15:51:37.723+0000] {processor.py:914} INFO - Processing file /opt/airflow/dags/daily_chek.py for tasks to queue
[2026-04-27T15:51:37.727+0000] {logging_mixin.py:190} INFO - [2026-04-27T15:51:37.726+0000] {dagbag.py:588} INFO - Filling up the DagBag from /opt/airflow/dags/daily_chek.py
[2026-04-27T15:51:37.744+0000] {processor.py:925} INFO - DAG(s) 'daily_check' retrieved from /opt/airflow/dags/daily_chek.py
[2026-04-27T15:51:37.766+0000] {logging_mixin.py:190} INFO - [2026-04-27T15:51:37.765+0000] {dag.py:3239} INFO - Sync 1 DAGs
[2026-04-27T15:51:37.789+0000] {logging_mixin.py:190} INFO - [2026-04-27T15:51:37.788+0000] {dag.py:4180} INFO - Setting next_dagrun for daily_check to 2026-04-27 00:00:00+00:00, run_after=2026-04-28 00:00:00+00:00
[2026-04-27T15:51:37.810+0000] {processor.py:208} INFO - Processing /opt/airflow/dags/daily_chek.py took 0.103 seconds
[2026-04-27T15:52:08.101+0000] {processor.py:186} INFO - Started process (PID=1283) to work on /opt/airflow/dags/daily_chek.py
[2026-04-27T15:52:08.108+0000] {processor.py:914} INFO - Processing file /opt/airflow/dags/daily_chek.py for tasks to queue
[2026-04-27T15:52:08.110+0000] {logging_mixin.py:190} INFO - [2026-04-27T15:52:08.110+0000] {dagbag.py:588} INFO - Filling up the DagBag from /opt/airflow/dags/daily_chek.py
[2026-04-27T15:52:08.121+0000] {processor.py:925} INFO - DAG(s) 'daily_check' retrieved from /opt/airflow/dags/daily_chek.py
[2026-04-27T15:52:08.142+0000] {logging_mixin.py:190} INFO - [2026-04-27T15:52:08.141+0000] {dag.py:3239} INFO - Sync 1 DAGs
[2026-04-27T15:52:08.164+0000] {logging_mixin.py:190} INFO - [2026-04-27T15:52:08.164+0000] {dag.py:4180} INFO - Setting next_dagrun for daily_check to 2026-04-27 00:00:00+00:00, run_after=2026-04-28 00:00:00+00:00
[2026-04-27T15:52:08.179+0000] {processor.py:208} INFO - Processing /opt/airflow/dags/daily_chek.py took 0.087 seconds
[2026-04-27T15:52:38.382+0000] {processor.py:186} INFO - Started process (PID=1298) to work on /opt/airflow/dags/daily_chek.py
[2026-04-27T15:52:38.382+0000] {processor.py:914} INFO - Processing file /opt/airflow/dags/daily_chek.py for tasks to queue
[2026-04-27T15:52:38.384+0000] {logging_mixin.py:190} INFO - [2026-04-27T15:52:38.383+0000] {dagbag.py:588} INFO - Filling up the DagBag from /opt/airflow/dags/daily_chek.py
[2026-04-27T15:52:38.394+0000] {processor.py:925} INFO - DAG(s) 'daily_check' retrieved from /opt/airflow/dags/daily_chek.py
[2026-04-27T15:52:38.415+0000] {logging_mixin.py:190} INFO - [2026-04-27T15:52:38.415+0000] {dag.py:3239} INFO - Sync 1 DAGs
[2026-04-27T15:52:38.438+0000] {logging_mixin.py:190} INFO - [2026-04-27T15:52:38.437+0000] {dag.py:4180} INFO - Setting next_dagrun for daily_check to 2026-04-27 00:00:00+00:00, run_after=2026-04-28 00:00:00+00:00
[2026-04-27T15:52:38.453+0000] {processor.py:208} INFO - Processing /opt/airflow/dags/daily_chek.py took 0.077 seconds
[2026-04-27T15:53:08.714+0000] {processor.py:186} INFO - Started process (PID=1313) to work on /opt/airflow/dags/daily_chek.py
[2026-04-27T15:53:08.715+0000] {processor.py:914} INFO - Processing file /opt/airflow/dags/daily_chek.py for tasks to queue
[2026-04-27T15:53:08.717+0000] {logging_mixin.py:190} INFO - [2026-04-27T15:53:08.717+0000] {dagbag.py:588} INFO - Filling up the DagBag from /opt/airflow/dags/daily_chek.py
[2026-04-27T15:53:08.727+0000] {processor.py:925} INFO - DAG(s) 'daily_check' retrieved from /opt/airflow/dags/daily_chek.py
[2026-04-27T15:53:08.748+0000] {logging_mixin.py:190} INFO - [2026-04-27T15:53:08.747+0000] {dag.py:3239} INFO - Sync 1 DAGs
[2026-04-27T15:53:08.769+0000] {logging_mixin.py:190} INFO - [2026-04-27T15:53:08.769+0000] {dag.py:4180} INFO - Setting next_dagrun for daily_check to 2026-04-27 00:00:00+00:00, run_after=2026-04-28 00:00:00+00:00
[2026-04-27T15:53:08.784+0000] {processor.py:208} INFO - Processing /opt/airflow/dags/daily_chek.py took 0.077 seconds
[2026-04-27T15:53:39.026+0000] {processor.py:186} INFO - Started process (PID=1329) to work on /opt/airflow/dags/daily_chek.py
[2026-04-27T15:53:39.027+0000] {processor.py:914} INFO - Processing file /opt/airflow/dags/daily_chek.py for tasks to queue
[2026-04-27T15:53:39.030+0000] {logging_mixin.py:190} INFO - [2026-04-27T15:53:39.029+0000] {dagbag.py:588} INFO - Filling up the DagBag from /opt/airflow/dags/daily_chek.py
[2026-04-27T15:53:39.045+0000] {processor.py:925} INFO - DAG(s) 'daily_check' retrieved from /opt/airflow/dags/daily_chek.py
[2026-04-27T15:53:39.068+0000] {logging_mixin.py:190} INFO - [2026-04-27T15:53:39.068+0000] {dag.py:3239} INFO - Sync 1 DAGs
[2026-04-27T15:53:39.091+0000] {logging_mixin.py:190} INFO - [2026-04-27T15:53:39.091+0000] {dag.py:4180} INFO - Setting next_dagrun for daily_check to 2026-04-27 00:00:00+00:00, run_after=2026-04-28 00:00:00+00:00
[2026-04-27T15:53:39.106+0000] {processor.py:208} INFO - Processing /opt/airflow/dags/daily_chek.py took 0.089 seconds
[2026-04-27T15:54:09.404+0000] {processor.py:186} INFO - Started process (PID=1345) to work on /opt/airflow/dags/daily_chek.py
[2026-04-27T15:54:09.405+0000] {processor.py:914} INFO - Processing file /opt/airflow/dags/daily_chek.py for tasks to queue
[2026-04-27T15:54:09.408+0000] {logging_mixin.py:190} INFO - [2026-04-27T15:54:09.408+0000] {dagbag.py:588} INFO - Filling up the DagBag from /opt/airflow/dags/daily_chek.py
[2026-04-27T15:54:09.419+0000] {processor.py:925} INFO - DAG(s) 'daily_check' retrieved from /opt/airflow/dags/daily_chek.py
[2026-04-27T15:54:09.440+0000] {logging_mixin.py:190} INFO - [2026-04-27T15:54:09.440+0000] {dag.py:3239} INFO - Sync 1 DAGs
[2026-04-27T15:54:09.461+0000] {logging_mixin.py:190} INFO - [2026-04-27T15:54:09.461+0000] {dag.py:4180} INFO - Setting next_dagrun for daily_check to 2026-04-27 00:00:00+00:00, run_after=2026-04-28 00:00:00+00:00
[2026-04-27T15:54:09.478+0000] {processor.py:208} INFO - Processing /opt/airflow/dags/daily_chek.py took 0.091 seconds
[2026-04-27T15:54:39.730+0000] {processor.py:186} INFO - Started process (PID=1361) to work on /opt/airflow/dags/daily_chek.py
[2026-04-27T15:54:39.731+0000] {processor.py:914} INFO - Processing file /opt/airflow/dags/daily_chek.py for tasks to queue
[2026-04-27T15:54:39.733+0000] {logging_mixin.py:190} INFO - [2026-04-27T15:54:39.733+0000] {dagbag.py:588} INFO - Filling up the DagBag from /opt/airflow/dags/daily_chek.py
[2026-04-27T15:54:39.743+0000] {processor.py:925} INFO - DAG(s) 'daily_check' retrieved from /opt/airflow/dags/daily_chek.py
[2026-04-27T15:54:39.765+0000] {logging_mixin.py:190} INFO - [2026-04-27T15:54:39.765+0000] {dag.py:3239} INFO - Sync 1 DAGs
[2026-04-27T15:54:39.789+0000] {logging_mixin.py:190} INFO - [2026-04-27T15:54:39.789+0000] {dag.py:4180} INFO - Setting next_dagrun for daily_check to 2026-04-27 00:00:00+00:00, run_after=2026-04-28 00:00:00+00:00
[2026-04-27T15:54:39.805+0000] {processor.py:208} INFO - Processing /opt/airflow/dags/daily_chek.py took 0.080 seconds
[2026-04-27T15:55:10.087+0000] {processor.py:186} INFO - Started process (PID=1377) to work on /opt/airflow/dags/daily_chek.py
[2026-04-27T15:55:10.094+0000] {processor.py:914} INFO - Processing file /opt/airflow/dags/daily_chek.py for tasks to queue
[2026-04-27T15:55:10.096+0000] {logging_mixin.py:190} INFO - [2026-04-27T15:55:10.096+0000] {dagbag.py:588} INFO - Filling up the DagBag from /opt/airflow/dags/daily_chek.py
[2026-04-27T15:55:10.110+0000] {processor.py:925} INFO - DAG(s) 'daily_check' retrieved from /opt/airflow/dags/daily_chek.py
[2026-04-27T15:55:10.132+0000] {logging_mixin.py:190} INFO - [2026-04-27T15:55:10.131+0000] {dag.py:3239} INFO - Sync 1 DAGs
[2026-04-27T15:55:10.156+0000] {logging_mixin.py:190} INFO - [2026-04-27T15:55:10.155+0000] {dag.py:4180} INFO - Setting next_dagrun for daily_check to 2026-04-27 00:00:00+00:00, run_after=2026-04-28 00:00:00+00:00
[2026-04-27T15:55:10.172+0000] {processor.py:208} INFO - Processing /opt/airflow/dags/daily_chek.py took 0.097 seconds
[2026-04-27T15:55:40.360+0000] {processor.py:186} INFO - Started process (PID=1393) to work on /opt/airflow/dags/daily_chek.py
[2026-04-27T15:55:40.360+0000] {processor.py:914} INFO - Processing file /opt/airflow/dags/daily_chek.py for tasks to queue
[2026-04-27T15:55:40.362+0000] {logging_mixin.py:190} INFO - [2026-04-27T15:55:40.362+0000] {dagbag.py:588} INFO - Filling up the DagBag from /opt/airflow/dags/daily_chek.py
[2026-04-27T15:55:40.372+0000] {processor.py:925} INFO - DAG(s) 'daily_check' retrieved from /opt/airflow/dags/daily_chek.py
[2026-04-27T15:55:40.394+0000] {logging_mixin.py:190} INFO - [2026-04-27T15:55:40.393+0000] {dag.py:3239} INFO - Sync 1 DAGs
[2026-04-27T15:55:40.416+0000] {logging_mixin.py:190} INFO - [2026-04-27T15:55:40.416+0000] {dag.py:4180} INFO - Setting next_dagrun for daily_check to 2026-04-27 00:00:00+00:00, run_after=2026-04-28 00:00:00+00:00
[2026-04-27T15:55:40.434+0000] {processor.py:208} INFO - Processing /opt/airflow/dags/daily_chek.py took 0.079 seconds
[2026-04-27T15:56:10.680+0000] {processor.py:186} INFO - Started process (PID=1409) to work on /opt/airflow/dags/daily_chek.py
[2026-04-27T15:56:10.681+0000] {processor.py:914} INFO - Processing file /opt/airflow/dags/daily_chek.py for tasks to queue
[2026-04-27T15:56:10.684+0000] {logging_mixin.py:190} INFO - [2026-04-27T15:56:10.683+0000] {dagbag.py:588} INFO - Filling up the DagBag from /opt/airflow/dags/daily_chek.py
[2026-04-27T15:56:10.697+0000] {processor.py:925} INFO - DAG(s) 'daily_check' retrieved from /opt/airflow/dags/daily_chek.py
[2026-04-27T15:56:10.718+0000] {logging_mixin.py:190} INFO - [2026-04-27T15:56:10.718+0000] {dag.py:3239} INFO - Sync 1 DAGs
[2026-04-27T15:56:10.740+0000] {logging_mixin.py:190} INFO - [2026-04-27T15:56:10.740+0000] {dag.py:4180} INFO - Setting next_dagrun for daily_check to 2026-04-27 00:00:00+00:00, run_after=2026-04-28 00:00:00+00:00
[2026-04-27T15:56:10.757+0000] {processor.py:208} INFO - Processing /opt/airflow/dags/daily_chek.py took 0.087 seconds
[2026-04-27T15:56:41.040+0000] {processor.py:186} INFO - Started process (PID=1425) to work on /opt/airflow/dags/daily_chek.py
[2026-04-27T15:56:41.041+0000] {processor.py:914} INFO - Processing file /opt/airflow/dags/daily_chek.py for tasks to queue
[2026-04-27T15:56:41.043+0000] {logging_mixin.py:190} INFO - [2026-04-27T15:56:41.042+0000] {dagbag.py:588} INFO - Filling up the DagBag from /opt/airflow/dags/daily_chek.py
[2026-04-27T15:56:41.053+0000] {processor.py:925} INFO - DAG(s) 'daily_check' retrieved from /opt/airflow/dags/daily_chek.py
[2026-04-27T15:56:41.074+0000] {logging_mixin.py:190} INFO - [2026-04-27T15:56:41.074+0000] {dag.py:3239} INFO - Sync 1 DAGs
[2026-04-27T15:56:41.097+0000] {logging_mixin.py:190} INFO - [2026-04-27T15:56:41.097+0000] {dag.py:4180} INFO - Setting next_dagrun for daily_check to 2026-04-27 00:00:00+00:00, run_after=2026-04-28 00:00:00+00:00
[2026-04-27T15:56:41.112+0000] {processor.py:208} INFO - Processing /opt/airflow/dags/daily_chek.py took 0.079 seconds
[2026-04-27T15:57:11.415+0000] {processor.py:186} INFO - Started process (PID=1441) to work on /opt/airflow/dags/daily_chek.py
[2026-04-27T15:57:11.416+0000] {processor.py:914} INFO - Processing file /opt/airflow/dags/daily_chek.py for tasks to queue
[2026-04-27T15:57:11.419+0000] {logging_mixin.py:190} INFO - [2026-04-27T15:57:11.419+0000] {dagbag.py:588} INFO - Filling up the DagBag from /opt/airflow/dags/daily_chek.py
[2026-04-27T15:57:11.431+0000] {processor.py:925} INFO - DAG(s) 'daily_check' retrieved from /opt/airflow/dags/daily_chek.py
[2026-04-27T15:57:11.454+0000] {logging_mixin.py:190} INFO - [2026-04-27T15:57:11.454+0000] {dag.py:3239} INFO - Sync 1 DAGs
[2026-04-27T15:57:11.476+0000] {logging_mixin.py:190} INFO - [2026-04-27T15:57:11.475+0000] {dag.py:4180} INFO - Setting next_dagrun for daily_check to 2026-04-27 00:00:00+00:00, run_after=2026-04-28 00:00:00+00:00
[2026-04-27T15:57:11.493+0000] {processor.py:208} INFO - Processing /opt/airflow/dags/daily_chek.py took 0.089 seconds
[2026-04-27T15:57:41.794+0000] {processor.py:186} INFO - Started process (PID=1457) to work on /opt/airflow/dags/daily_chek.py
[2026-04-27T15:57:41.801+0000] {processor.py:914} INFO - Processing file /opt/airflow/dags/daily_chek.py for tasks to queue
[2026-04-27T15:57:41.804+0000] {logging_mixin.py:190} INFO - [2026-04-27T15:57:41.803+0000] {dagbag.py:588} INFO - Filling up the DagBag from /opt/airflow/dags/daily_chek.py
[2026-04-27T15:57:41.816+0000] {processor.py:925} INFO - DAG(s) 'daily_check' retrieved from /opt/airflow/dags/daily_chek.py
[2026-04-27T15:57:41.839+0000] {logging_mixin.py:190} INFO - [2026-04-27T15:57:41.839+0000] {dag.py:3239} INFO - Sync 1 DAGs
[2026-04-27T15:57:41.863+0000] {logging_mixin.py:190} INFO - [2026-04-27T15:57:41.863+0000] {dag.py:4180} INFO - Setting next_dagrun for daily_check to 2026-04-27 00:00:00+00:00, run_after=2026-04-28 00:00:00+00:00
[2026-04-27T15:57:41.881+0000] {processor.py:208} INFO - Processing /opt/airflow/dags/daily_chek.py took 0.098 seconds
[2026-04-27T15:58:12.076+0000] {processor.py:186} INFO - Started process (PID=1473) to work on /opt/airflow/dags/daily_chek.py
[2026-04-27T15:58:12.077+0000] {processor.py:914} INFO - Processing file /opt/airflow/dags/daily_chek.py for tasks to queue
[2026-04-27T15:58:12.080+0000] {logging_mixin.py:190} INFO - [2026-04-27T15:58:12.079+0000] {dagbag.py:588} INFO - Filling up the DagBag from /opt/airflow/dags/daily_chek.py
[2026-04-27T15:58:12.092+0000] {processor.py:925} INFO - DAG(s) 'daily_check' retrieved from /opt/airflow/dags/daily_chek.py
[2026-04-27T15:58:12.113+0000] {logging_mixin.py:190} INFO - [2026-04-27T15:58:12.113+0000] {dag.py:3239} INFO - Sync 1 DAGs
[2026-04-27T15:58:12.137+0000] {logging_mixin.py:190} INFO - [2026-04-27T15:58:12.137+0000] {dag.py:4180} INFO - Setting next_dagrun for daily_check to 2026-04-27 00:00:00+00:00, run_after=2026-04-28 00:00:00+00:00
[2026-04-27T15:58:12.153+0000] {processor.py:208} INFO - Processing /opt/airflow/dags/daily_chek.py took 0.088 seconds
[2026-04-27T15:58:42.492+0000] {processor.py:186} INFO - Started process (PID=1489) to work on /opt/airflow/dags/daily_chek.py
[2026-04-27T15:58:42.499+0000] {processor.py:914} INFO - Processing file /opt/airflow/dags/daily_chek.py for tasks to queue
[2026-04-27T15:58:42.501+0000] {logging_mixin.py:190} INFO - [2026-04-27T15:58:42.501+0000] {dagbag.py:588} INFO - Filling up the DagBag from /opt/airflow/dags/daily_chek.py
[2026-04-27T15:58:42.512+0000] {processor.py:925} INFO - DAG(s) 'daily_check' retrieved from /opt/airflow/dags/daily_chek.py
[2026-04-27T15:58:42.534+0000] {logging_mixin.py:190} INFO - [2026-04-27T15:58:42.533+0000] {dag.py:3239} INFO - Sync 1 DAGs
[2026-04-27T15:58:42.555+0000] {logging_mixin.py:190} INFO - [2026-04-27T15:58:42.555+0000] {dag.py:4180} INFO - Setting next_dagrun for daily_check to 2026-04-27 00:00:00+00:00, run_after=2026-04-28 00:00:00+00:00
[2026-04-27T15:58:42.574+0000] {processor.py:208} INFO - Processing /opt/airflow/dags/daily_chek.py took 0.093 seconds
[2026-04-27T15:59:12.837+0000] {processor.py:186} INFO - Started process (PID=1505) to work on /opt/airflow/dags/daily_chek.py
[2026-04-27T15:59:12.838+0000] {processor.py:914} INFO - Processing file /opt/airflow/dags/daily_chek.py for tasks to queue
[2026-04-27T15:59:12.840+0000] {logging_mixin.py:190} INFO - [2026-04-27T15:59:12.839+0000] {dagbag.py:588} INFO - Filling up the DagBag from /opt/airflow/dags/daily_chek.py
[2026-04-27T15:59:12.849+0000] {processor.py:925} INFO - DAG(s) 'daily_check' retrieved from /opt/airflow/dags/daily_chek.py
[2026-04-27T15:59:12.872+0000] {logging_mixin.py:190} INFO - [2026-04-27T15:59:12.871+0000] {dag.py:3239} INFO - Sync 1 DAGs
[2026-04-27T15:59:12.894+0000] {logging_mixin.py:190} INFO - [2026-04-27T15:59:12.894+0000] {dag.py:4180} INFO - Setting next_dagrun for daily_check to 2026-04-27 00:00:00+00:00, run_after=2026-04-28 00:00:00+00:00
[2026-04-27T15:59:12.909+0000] {processor.py:208} INFO - Processing /opt/airflow/dags/daily_chek.py took 0.077 seconds
[2026-04-27T15:59:43.193+0000] {processor.py:186} INFO - Started process (PID=1521) to work on /opt/airflow/dags/daily_chek.py
[2026-04-27T15:59:43.199+0000] {processor.py:914} INFO - Processing file /opt/airflow/dags/daily_chek.py for tasks to queue
[2026-04-27T15:59:43.202+0000] {logging_mixin.py:190} INFO - [2026-04-27T15:59:43.201+0000] {dagbag.py:588} INFO - Filling up the DagBag from /opt/airflow/dags/daily_chek.py
[2026-04-27T15:59:43.213+0000] {processor.py:925} INFO - DAG(s) 'daily_check' retrieved from /opt/airflow/dags/daily_chek.py
[2026-04-27T15:59:43.238+0000] {logging_mixin.py:190} INFO - [2026-04-27T15:59:43.237+0000] {dag.py:3239} INFO - Sync 1 DAGs
[2026-04-27T15:59:43.259+0000] {logging_mixin.py:190} INFO - [2026-04-27T15:59:43.259+0000] {dag.py:4180} INFO - Setting next_dagrun for daily_check to 2026-04-27 00:00:00+00:00, run_after=2026-04-28 00:00:00+00:00
[2026-04-27T15:59:43.275+0000] {processor.py:208} INFO - Processing /opt/airflow/dags/daily_chek.py took 0.091 seconds
[2026-04-27T16:00:13.455+0000] {processor.py:186} INFO - Started process (PID=1538) to work on /opt/airflow/dags/daily_chek.py
[2026-04-27T16:00:13.456+0000] {processor.py:914} INFO - Processing file /opt/airflow/dags/daily_chek.py for tasks to queue
[2026-04-27T16:00:13.458+0000] {logging_mixin.py:190} INFO - [2026-04-27T16:00:13.457+0000] {dagbag.py:588} INFO - Filling up the DagBag from /opt/airflow/dags/daily_chek.py
[2026-04-27T16:00:13.467+0000] {processor.py:925} INFO - DAG(s) 'daily_check' retrieved from /opt/airflow/dags/daily_chek.py
[2026-04-27T16:00:13.489+0000] {logging_mixin.py:190} INFO - [2026-04-27T16:00:13.489+0000] {dag.py:3239} INFO - Sync 1 DAGs
[2026-04-27T16:00:13.510+0000] {logging_mixin.py:190} INFO - [2026-04-27T16:00:13.510+0000] {dag.py:4180} INFO - Setting next_dagrun for daily_check to 2026-04-27 00:00:00+00:00, run_after=2026-04-28 00:00:00+00:00
[2026-04-27T16:00:13.529+0000] {processor.py:208} INFO - Processing /opt/airflow/dags/daily_chek.py took 0.079 seconds
[2026-04-27T16:00:43.823+0000] {processor.py:186} INFO - Started process (PID=1554) to work on /opt/airflow/dags/daily_chek.py
[2026-04-27T16:00:43.830+0000] {processor.py:914} INFO - Processing file /opt/airflow/dags/daily_chek.py for tasks to queue
[2026-04-27T16:00:43.833+0000] {logging_mixin.py:190} INFO - [2026-04-27T16:00:43.833+0000] {dagbag.py:588} INFO - Filling up the DagBag from /opt/airflow/dags/daily_chek.py
[2026-04-27T16:00:43.848+0000] {processor.py:925} INFO - DAG(s) 'daily_check' retrieved from /opt/airflow/dags/daily_chek.py
[2026-04-27T16:00:43.870+0000] {logging_mixin.py:190} INFO - [2026-04-27T16:00:43.869+0000] {dag.py:3239} INFO - Sync 1 DAGs
[2026-04-27T16:00:43.892+0000] {logging_mixin.py:190} INFO - [2026-04-27T16:00:43.892+0000] {dag.py:4180} INFO - Setting next_dagrun for daily_check to 2026-04-27 00:00:00+00:00, run_after=2026-04-28 00:00:00+00:00
[2026-04-27T16:00:43.908+0000] {processor.py:208} INFO - Processing /opt/airflow/dags/daily_chek.py took 0.096 seconds
[2026-04-27T16:01:14.110+0000] {processor.py:186} INFO - Started process (PID=1570) to work on /opt/airflow/dags/daily_chek.py
[2026-04-27T16:01:14.111+0000] {processor.py:914} INFO - Processing file /opt/airflow/dags/daily_chek.py for tasks to queue
[2026-04-27T16:01:14.114+0000] {logging_mixin.py:190} INFO - [2026-04-27T16:01:14.114+0000] {dagbag.py:588} INFO - Filling up the DagBag from /opt/airflow/dags/daily_chek.py
[2026-04-27T16:01:14.128+0000] {processor.py:925} INFO - DAG(s) 'daily_check' retrieved from /opt/airflow/dags/daily_chek.py
[2026-04-27T16:01:14.151+0000] {logging_mixin.py:190} INFO - [2026-04-27T16:01:14.150+0000] {dag.py:3239} INFO - Sync 1 DAGs
[2026-04-27T16:01:14.172+0000] {logging_mixin.py:190} INFO - [2026-04-27T16:01:14.171+0000] {dag.py:4180} INFO - Setting next_dagrun for daily_check to 2026-04-27 00:00:00+00:00, run_after=2026-04-28 00:00:00+00:00
[2026-04-27T16:01:14.187+0000] {processor.py:208} INFO - Processing /opt/airflow/dags/daily_chek.py took 0.089 seconds
[2026-04-27T16:01:44.488+0000] {processor.py:186} INFO - Started process (PID=1586) to work on /opt/airflow/dags/daily_chek.py
[2026-04-27T16:01:44.495+0000] {processor.py:914} INFO - Processing file /opt/airflow/dags/daily_chek.py for tasks to queue
[2026-04-27T16:01:44.498+0000] {logging_mixin.py:190} INFO - [2026-04-27T16:01:44.498+0000] {dagbag.py:588} INFO - Filling up the DagBag from /opt/airflow/dags/daily_chek.py
[2026-04-27T16:01:44.513+0000] {processor.py:925} INFO - DAG(s) 'daily_check' retrieved from /opt/airflow/dags/daily_chek.py
[2026-04-27T16:01:44.540+0000] {logging_mixin.py:190} INFO - [2026-04-27T16:01:44.540+0000] {dag.py:3239} INFO - Sync 1 DAGs
[2026-04-27T16:01:44.561+0000] {logging_mixin.py:190} INFO - [2026-04-27T16:01:44.561+0000] {dag.py:4180} INFO - Setting next_dagrun for daily_check to 2026-04-27 00:00:00+00:00, run_after=2026-04-28 00:00:00+00:00
[2026-04-27T16:01:44.576+0000] {processor.py:208} INFO - Processing /opt/airflow/dags/daily_chek.py took 0.100 seconds
[2026-04-27T16:02:14.768+0000] {processor.py:186} INFO - Started process (PID=1602) to work on /opt/airflow/dags/daily_chek.py
[2026-04-27T16:02:14.769+0000] {processor.py:914} INFO - Processing file /opt/airflow/dags/daily_chek.py for tasks to queue
[2026-04-27T16:02:14.772+0000] {logging_mixin.py:190} INFO - [2026-04-27T16:02:14.772+0000] {dagbag.py:588} INFO - Filling up the DagBag from /opt/airflow/dags/daily_chek.py
[2026-04-27T16:02:14.787+0000] {processor.py:925} INFO - DAG(s) 'daily_check' retrieved from /opt/airflow/dags/daily_chek.py
[2026-04-27T16:02:14.810+0000] {logging_mixin.py:190} INFO - [2026-04-27T16:02:14.809+0000] {dag.py:3239} INFO - Sync 1 DAGs
[2026-04-27T16:02:14.831+0000] {logging_mixin.py:190} INFO - [2026-04-27T16:02:14.831+0000] {dag.py:4180} INFO - Setting next_dagrun for daily_check to 2026-04-27 00:00:00+00:00, run_after=2026-04-28 00:00:00+00:00
[2026-04-27T16:02:14.846+0000] {processor.py:208} INFO - Processing /opt/airflow/dags/daily_chek.py took 0.089 seconds
[2026-04-27T16:02:45.144+0000] {processor.py:186} INFO - Started process (PID=1618) to work on /opt/airflow/dags/daily_chek.py
[2026-04-27T16:02:45.151+0000] {processor.py:914} INFO - Processing file /opt/airflow/dags/daily_chek.py for tasks to queue
[2026-04-27T16:02:45.154+0000] {logging_mixin.py:190} INFO - [2026-04-27T16:02:45.153+0000] {dagbag.py:588} INFO - Filling up the DagBag from /opt/airflow/dags/daily_chek.py
[2026-04-27T16:02:45.165+0000] {processor.py:925} INFO - DAG(s) 'daily_check' retrieved from /opt/airflow/dags/daily_chek.py
[2026-04-27T16:02:45.192+0000] {logging_mixin.py:190} INFO - [2026-04-27T16:02:45.192+0000] {dag.py:3239} INFO - Sync 1 DAGs
[2026-04-27T16:02:45.220+0000] {logging_mixin.py:190} INFO - [2026-04-27T16:02:45.220+0000] {dag.py:4180} INFO - Setting next_dagrun for daily_check to 2026-04-27 00:00:00+00:00, run_after=2026-04-28 00:00:00+00:00
[2026-04-27T16:02:45.238+0000] {processor.py:208} INFO - Processing /opt/airflow/dags/daily_chek.py took 0.106 seconds
[2026-04-27T16:03:15.420+0000] {processor.py:186} INFO - Started process (PID=1635) to work on /opt/airflow/dags/daily_chek.py
[2026-04-27T16:03:15.421+0000] {processor.py:914} INFO - Processing file /opt/airflow/dags/daily_chek.py for tasks to queue
[2026-04-27T16:03:15.423+0000] {logging_mixin.py:190} INFO - [2026-04-27T16:03:15.423+0000] {dagbag.py:588} INFO - Filling up the DagBag from /opt/airflow/dags/daily_chek.py
[2026-04-27T16:03:15.437+0000] {processor.py:925} INFO - DAG(s) 'daily_check' retrieved from /opt/airflow/dags/daily_chek.py
[2026-04-27T16:03:15.458+0000] {logging_mixin.py:190} INFO - [2026-04-27T16:03:15.458+0000] {dag.py:3239} INFO - Sync 1 DAGs
[2026-04-27T16:03:15.482+0000] {logging_mixin.py:190} INFO - [2026-04-27T16:03:15.482+0000] {dag.py:4180} INFO - Setting next_dagrun for daily_check to 2026-04-27 00:00:00+00:00, run_after=2026-04-28 00:00:00+00:00
[2026-04-27T16:03:15.497+0000] {processor.py:208} INFO - Processing /opt/airflow/dags/daily_chek.py took 0.084 seconds
[2026-04-27T16:03:45.821+0000] {processor.py:186} INFO - Started process (PID=1651) to work on /opt/airflow/dags/daily_chek.py
[2026-04-27T16:03:45.827+0000] {processor.py:914} INFO - Processing file /opt/airflow/dags/daily_chek.py for tasks to queue
[2026-04-27T16:03:45.830+0000] {logging_mixin.py:190} INFO - [2026-04-27T16:03:45.830+0000] {dagbag.py:588} INFO - Filling up the DagBag from /opt/airflow/dags/daily_chek.py
[2026-04-27T16:03:45.840+0000] {processor.py:925} INFO - DAG(s) 'daily_check' retrieved from /opt/airflow/dags/daily_chek.py
[2026-04-27T16:03:45.861+0000] {logging_mixin.py:190} INFO - [2026-04-27T16:03:45.861+0000] {dag.py:3239} INFO - Sync 1 DAGs
[2026-04-27T16:03:45.882+0000] {logging_mixin.py:190} INFO - [2026-04-27T16:03:45.882+0000] {dag.py:4180} INFO - Setting next_dagrun for daily_check to 2026-04-27 00:00:00+00:00, run_after=2026-04-28 00:00:00+00:00
[2026-04-27T16:03:45.900+0000] {processor.py:208} INFO - Processing /opt/airflow/dags/daily_chek.py took 0.090 seconds
[2026-04-27T16:04:16.096+0000] {processor.py:186} INFO - Started process (PID=1667) to work on /opt/airflow/dags/daily_chek.py
[2026-04-27T16:04:16.098+0000] {processor.py:914} INFO - Processing file /opt/airflow/dags/daily_chek.py for tasks to queue
[2026-04-27T16:04:16.102+0000] {logging_mixin.py:190} INFO - [2026-04-27T16:04:16.102+0000] {dagbag.py:588} INFO - Filling up the DagBag from /opt/airflow/dags/daily_chek.py
[2026-04-27T16:04:16.119+0000] {processor.py:925} INFO - DAG(s) 'daily_check' retrieved from /opt/airflow/dags/daily_chek.py
[2026-04-27T16:04:16.146+0000] {logging_mixin.py:190} INFO - [2026-04-27T16:04:16.146+0000] {dag.py:3239} INFO - Sync 1 DAGs
[2026-04-27T16:04:16.176+0000] {logging_mixin.py:190} INFO - [2026-04-27T16:04:16.176+0000] {dag.py:4180} INFO - Setting next_dagrun for daily_check to 2026-04-27 00:00:00+00:00, run_after=2026-04-28 00:00:00+00:00
[2026-04-27T16:04:16.192+0000] {processor.py:208} INFO - Processing /opt/airflow/dags/daily_chek.py took 0.111 seconds
[2026-04-27T16:04:46.415+0000] {processor.py:186} INFO - Started process (PID=1683) to work on /opt/airflow/dags/daily_chek.py
[2026-04-27T16:04:46.422+0000] {processor.py:914} INFO - Processing file /opt/airflow/dags/daily_chek.py for tasks to queue
[2026-04-27T16:04:46.424+0000] {logging_mixin.py:190} INFO - [2026-04-27T16:04:46.424+0000] {dagbag.py:588} INFO - Filling up the DagBag from /opt/airflow/dags/daily_chek.py
[2026-04-27T16:04:46.434+0000] {processor.py:925} INFO - DAG(s) 'daily_check' retrieved from /opt/airflow/dags/daily_chek.py
[2026-04-27T16:04:46.455+0000] {logging_mixin.py:190} INFO - [2026-04-27T16:04:46.455+0000] {dag.py:3239} INFO - Sync 1 DAGs
[2026-04-27T16:04:46.478+0000] {logging_mixin.py:190} INFO - [2026-04-27T16:04:46.478+0000] {dag.py:4180} INFO - Setting next_dagrun for daily_check to 2026-04-27 00:00:00+00:00, run_after=2026-04-28 00:00:00+00:00
[2026-04-27T16:04:46.493+0000] {processor.py:208} INFO - Processing /opt/airflow/dags/daily_chek.py took 0.086 seconds
[2026-04-27T16:05:16.797+0000] {processor.py:186} INFO - Started process (PID=1699) to work on /opt/airflow/dags/daily_chek.py
[2026-04-27T16:05:16.797+0000] {processor.py:914} INFO - Processing file /opt/airflow/dags/daily_chek.py for tasks to queue
[2026-04-27T16:05:16.799+0000] {logging_mixin.py:190} INFO - [2026-04-27T16:05:16.799+0000] {dagbag.py:588} INFO - Filling up the DagBag from /opt/airflow/dags/daily_chek.py
[2026-04-27T16:05:16.809+0000] {processor.py:925} INFO - DAG(s) 'daily_check' retrieved from /opt/airflow/dags/daily_chek.py
[2026-04-27T16:05:16.830+0000] {logging_mixin.py:190} INFO - [2026-04-27T16:05:16.830+0000] {dag.py:3239} INFO - Sync 1 DAGs
[2026-04-27T16:05:16.853+0000] {logging_mixin.py:190} INFO - [2026-04-27T16:05:16.852+0000] {dag.py:4180} INFO - Setting next_dagrun for daily_check to 2026-04-27 00:00:00+00:00, run_after=2026-04-28 00:00:00+00:00
[2026-04-27T16:05:16.868+0000] {processor.py:208} INFO - Processing /opt/airflow/dags/daily_chek.py took 0.078 seconds
[2026-04-27T16:05:47.164+0000] {processor.py:186} INFO - Started process (PID=1715) to work on /opt/airflow/dags/daily_chek.py
[2026-04-27T16:05:47.170+0000] {processor.py:914} INFO - Processing file /opt/airflow/dags/daily_chek.py for tasks to queue
[2026-04-27T16:05:47.172+0000] {logging_mixin.py:190} INFO - [2026-04-27T16:05:47.172+0000] {dagbag.py:588} INFO - Filling up the DagBag from /opt/airflow/dags/daily_chek.py
[2026-04-27T16:05:47.181+0000] {processor.py:925} INFO - DAG(s) 'daily_check' retrieved from /opt/airflow/dags/daily_chek.py
[2026-04-27T16:05:47.202+0000] {logging_mixin.py:190} INFO - [2026-04-27T16:05:47.202+0000] {dag.py:3239} INFO - Sync 1 DAGs
[2026-04-27T16:05:47.223+0000] {logging_mixin.py:190} INFO - [2026-04-27T16:05:47.223+0000] {dag.py:4180} INFO - Setting next_dagrun for daily_check to 2026-04-27 00:00:00+00:00, run_after=2026-04-28 00:00:00+00:00
[2026-04-27T16:05:47.239+0000] {processor.py:208} INFO - Processing /opt/airflow/dags/daily_chek.py took 0.080 seconds
[2026-04-27T16:06:17.527+0000] {processor.py:186} INFO - Started process (PID=1731) to work on /opt/airflow/dags/daily_chek.py
[2026-04-27T16:06:17.534+0000] {processor.py:914} INFO - Processing file /opt/airflow/dags/daily_chek.py for tasks to queue
[2026-04-27T16:06:17.536+0000] {logging_mixin.py:190} INFO - [2026-04-27T16:06:17.536+0000] {dagbag.py:588} INFO - Filling up the DagBag from /opt/airflow/dags/daily_chek.py
[2026-04-27T16:06:17.546+0000] {processor.py:925} INFO - DAG(s) 'daily_check' retrieved from /opt/airflow/dags/daily_chek.py
[2026-04-27T16:06:17.568+0000] {logging_mixin.py:190} INFO - [2026-04-27T16:06:17.567+0000] {dag.py:3239} INFO - Sync 1 DAGs
[2026-04-27T16:06:17.592+0000] {logging_mixin.py:190} INFO - [2026-04-27T16:06:17.592+0000] {dag.py:4180} INFO - Setting next_dagrun for daily_check to 2026-04-27 00:00:00+00:00, run_after=2026-04-28 00:00:00+00:00
[2026-04-27T16:06:17.608+0000] {processor.py:208} INFO - Processing /opt/airflow/dags/daily_chek.py took 0.090 seconds
[2026-04-27T16:06:47.923+0000] {processor.py:186} INFO - Started process (PID=1747) to work on /opt/airflow/dags/daily_chek.py
[2026-04-27T16:06:47.924+0000] {processor.py:914} INFO - Processing file /opt/airflow/dags/daily_chek.py for tasks to queue
[2026-04-27T16:06:47.929+0000] {logging_mixin.py:190} INFO - [2026-04-27T16:06:47.928+0000] {dagbag.py:588} INFO - Filling up the DagBag from /opt/airflow/dags/daily_chek.py
[2026-04-27T16:06:47.940+0000] {processor.py:925} INFO - DAG(s) 'daily_check' retrieved from /opt/airflow/dags/daily_chek.py
[2026-04-27T16:06:47.963+0000] {logging_mixin.py:190} INFO - [2026-04-27T16:06:47.962+0000] {dag.py:3239} INFO - Sync 1 DAGs
[2026-04-27T16:06:47.986+0000] {logging_mixin.py:190} INFO - [2026-04-27T16:06:47.985+0000] {dag.py:4180} INFO - Setting next_dagrun for daily_check to 2026-04-27 00:00:00+00:00, run_after=2026-04-28 00:00:00+00:00
[2026-04-27T16:06:48.002+0000] {processor.py:208} INFO - Processing /opt/airflow/dags/daily_chek.py took 0.090 seconds
[2026-04-27T16:07:18.201+0000] {processor.py:186} INFO - Started process (PID=1763) to work on /opt/airflow/dags/daily_chek.py
[2026-04-27T16:07:18.202+0000] {processor.py:914} INFO - Processing file /opt/airflow/dags/daily_chek.py for tasks to queue
[2026-04-27T16:07:18.203+0000] {logging_mixin.py:190} INFO - [2026-04-27T16:07:18.203+0000] {dagbag.py:588} INFO - Filling up the DagBag from /opt/airflow/dags/daily_chek.py
[2026-04-27T16:07:18.213+0000] {processor.py:925} INFO - DAG(s) 'daily_check' retrieved from /opt/airflow/dags/daily_chek.py
[2026-04-27T16:07:18.233+0000] {logging_mixin.py:190} INFO - [2026-04-27T16:07:18.233+0000] {dag.py:3239} INFO - Sync 1 DAGs
[2026-04-27T16:07:18.259+0000] {logging_mixin.py:190} INFO - [2026-04-27T16:07:18.259+0000] {dag.py:4180} INFO - Setting next_dagrun for daily_check to 2026-04-27 00:00:00+00:00, run_after=2026-04-28 00:00:00+00:00
[2026-04-27T16:07:18.275+0000] {processor.py:208} INFO - Processing /opt/airflow/dags/daily_chek.py took 0.079 seconds
[2026-04-27T16:07:48.581+0000] {processor.py:186} INFO - Started process (PID=1779) to work on /opt/airflow/dags/daily_chek.py
[2026-04-27T16:07:48.588+0000] {processor.py:914} INFO - Processing file /opt/airflow/dags/daily_chek.py for tasks to queue
[2026-04-27T16:07:48.590+0000] {logging_mixin.py:190} INFO - [2026-04-27T16:07:48.589+0000] {dagbag.py:588} INFO - Filling up the DagBag from /opt/airflow/dags/daily_chek.py
[2026-04-27T16:07:48.599+0000] {processor.py:925} INFO - DAG(s) 'daily_check' retrieved from /opt/airflow/dags/daily_chek.py
[2026-04-27T16:07:48.620+0000] {logging_mixin.py:190} INFO - [2026-04-27T16:07:48.620+0000] {dag.py:3239} INFO - Sync 1 DAGs
[2026-04-27T16:07:48.641+0000] {logging_mixin.py:190} INFO - [2026-04-27T16:07:48.641+0000] {dag.py:4180} INFO - Setting next_dagrun for daily_check to 2026-04-27 00:00:00+00:00, run_after=2026-04-28 00:00:00+00:00
[2026-04-27T16:07:48.658+0000] {processor.py:208} INFO - Processing /opt/airflow/dags/daily_chek.py took 0.083 seconds
[2026-04-27T16:08:18.860+0000] {processor.py:186} INFO - Started process (PID=1795) to work on /opt/airflow/dags/daily_chek.py
[2026-04-27T16:08:18.860+0000] {processor.py:914} INFO - Processing file /opt/airflow/dags/daily_chek.py for tasks to queue
[2026-04-27T16:08:18.862+0000] {logging_mixin.py:190} INFO - [2026-04-27T16:08:18.862+0000] {dagbag.py:588} INFO - Filling up the DagBag from /opt/airflow/dags/daily_chek.py
[2026-04-27T16:08:18.872+0000] {processor.py:925} INFO - DAG(s) 'daily_check' retrieved from /opt/airflow/dags/daily_chek.py
[2026-04-27T16:08:18.893+0000] {logging_mixin.py:190} INFO - [2026-04-27T16:08:18.892+0000] {dag.py:3239} INFO - Sync 1 DAGs
[2026-04-27T16:08:18.915+0000] {logging_mixin.py:190} INFO - [2026-04-27T16:08:18.915+0000] {dag.py:4180} INFO - Setting next_dagrun for daily_check to 2026-04-27 00:00:00+00:00, run_after=2026-04-28 00:00:00+00:00
[2026-04-27T16:08:18.935+0000] {processor.py:208} INFO - Processing /opt/airflow/dags/daily_chek.py took 0.081 seconds
[2026-04-27T16:08:49.215+0000] {processor.py:186} INFO - Started process (PID=1811) to work on /opt/airflow/dags/daily_chek.py
[2026-04-27T16:08:49.222+0000] {processor.py:914} INFO - Processing file /opt/airflow/dags/daily_chek.py for tasks to queue
[2026-04-27T16:08:49.223+0000] {logging_mixin.py:190} INFO - [2026-04-27T16:08:49.223+0000] {dagbag.py:588} INFO - Filling up the DagBag from /opt/airflow/dags/daily_chek.py
[2026-04-27T16:08:49.233+0000] {processor.py:925} INFO - DAG(s) 'daily_check' retrieved from /opt/airflow/dags/daily_chek.py
[2026-04-27T16:08:49.256+0000] {logging_mixin.py:190} INFO - [2026-04-27T16:08:49.256+0000] {dag.py:3239} INFO - Sync 1 DAGs
[2026-04-27T16:08:49.279+0000] {logging_mixin.py:190} INFO - [2026-04-27T16:08:49.279+0000] {dag.py:4180} INFO - Setting next_dagrun for daily_check to 2026-04-27 00:00:00+00:00, run_after=2026-04-28 00:00:00+00:00
[2026-04-27T16:08:49.295+0000] {processor.py:208} INFO - Processing /opt/airflow/dags/daily_chek.py took 0.094 seconds
[2026-04-27T16:09:19.514+0000] {processor.py:186} INFO - Started process (PID=1827) to work on /opt/airflow/dags/daily_chek.py
[2026-04-27T16:09:19.515+0000] {processor.py:914} INFO - Processing file /opt/airflow/dags/daily_chek.py for tasks to queue
[2026-04-27T16:09:19.518+0000] {logging_mixin.py:190} INFO - [2026-04-27T16:09:19.518+0000] {dagbag.py:588} INFO - Filling up the DagBag from /opt/airflow/dags/daily_chek.py
[2026-04-27T16:09:19.534+0000] {processor.py:925} INFO - DAG(s) 'daily_check' retrieved from /opt/airflow/dags/daily_chek.py
[2026-04-27T16:09:19.557+0000] {logging_mixin.py:190} INFO - [2026-04-27T16:09:19.557+0000] {dag.py:3239} INFO - Sync 1 DAGs
[2026-04-27T16:09:19.580+0000] {logging_mixin.py:190} INFO - [2026-04-27T16:09:19.580+0000] {dag.py:4180} INFO - Setting next_dagrun for daily_check to 2026-04-27 00:00:00+00:00, run_after=2026-04-28 00:00:00+00:00
[2026-04-27T16:09:19.595+0000] {processor.py:208} INFO - Processing /opt/airflow/dags/daily_chek.py took 0.093 seconds
[2026-04-27T16:09:49.903+0000] {processor.py:186} INFO - Started process (PID=1843) to work on /opt/airflow/dags/daily_chek.py
[2026-04-27T16:09:49.910+0000] {processor.py:914} INFO - Processing file /opt/airflow/dags/daily_chek.py for tasks to queue
[2026-04-27T16:09:49.912+0000] {logging_mixin.py:190} INFO - [2026-04-27T16:09:49.912+0000] {dagbag.py:588} INFO - Filling up the DagBag from /opt/airflow/dags/daily_chek.py
[2026-04-27T16:09:49.924+0000] {processor.py:925} INFO - DAG(s) 'daily_check' retrieved from /opt/airflow/dags/daily_chek.py
[2026-04-27T16:09:49.945+0000] {logging_mixin.py:190} INFO - [2026-04-27T16:09:49.944+0000] {dag.py:3239} INFO - Sync 1 DAGs
[2026-04-27T16:09:49.967+0000] {logging_mixin.py:190} INFO - [2026-04-27T16:09:49.967+0000] {dag.py:4180} INFO - Setting next_dagrun for daily_check to 2026-04-27 00:00:00+00:00, run_after=2026-04-28 00:00:00+00:00
[2026-04-27T16:09:49.983+0000] {processor.py:208} INFO - Processing /opt/airflow/dags/daily_chek.py took 0.091 seconds
[2026-04-27T16:10:20.245+0000] {processor.py:186} INFO - Started process (PID=1859) to work on /opt/airflow/dags/daily_chek.py
[2026-04-27T16:10:20.246+0000] {processor.py:914} INFO - Processing file /opt/airflow/dags/daily_chek.py for tasks to queue
[2026-04-27T16:10:20.248+0000] {logging_mixin.py:190} INFO - [2026-04-27T16:10:20.248+0000] {dagbag.py:588} INFO - Filling up the DagBag from /opt/airflow/dags/daily_chek.py
[2026-04-27T16:10:20.258+0000] {processor.py:925} INFO - DAG(s) 'daily_check' retrieved from /opt/airflow/dags/daily_chek.py
[2026-04-27T16:10:20.280+0000] {logging_mixin.py:190} INFO - [2026-04-27T16:10:20.280+0000] {dag.py:3239} INFO - Sync 1 DAGs
[2026-04-27T16:10:20.302+0000] {logging_mixin.py:190} INFO - [2026-04-27T16:10:20.301+0000] {dag.py:4180} INFO - Setting next_dagrun for daily_check to 2026-04-27 00:00:00+00:00, run_after=2026-04-28 00:00:00+00:00
[2026-04-27T16:10:20.319+0000] {processor.py:208} INFO - Processing /opt/airflow/dags/daily_chek.py took 0.079 seconds
[2026-04-27T16:10:50.591+0000] {processor.py:186} INFO - Started process (PID=1875) to work on /opt/airflow/dags/daily_chek.py
[2026-04-27T16:10:50.597+0000] {processor.py:914} INFO - Processing file /opt/airflow/dags/daily_chek.py for tasks to queue
[2026-04-27T16:10:50.600+0000] {logging_mixin.py:190} INFO - [2026-04-27T16:10:50.600+0000] {dagbag.py:588} INFO - Filling up the DagBag from /opt/airflow/dags/daily_chek.py
[2026-04-27T16:10:50.611+0000] {processor.py:925} INFO - DAG(s) 'daily_check' retrieved from /opt/airflow/dags/daily_chek.py
[2026-04-27T16:10:50.632+0000] {logging_mixin.py:190} INFO - [2026-04-27T16:10:50.632+0000] {dag.py:3239} INFO - Sync 1 DAGs
[2026-04-27T16:10:50.653+0000] {logging_mixin.py:190} INFO - [2026-04-27T16:10:50.653+0000] {dag.py:4180} INFO - Setting next_dagrun for daily_check to 2026-04-27 00:00:00+00:00, run_after=2026-04-28 00:00:00+00:00
[2026-04-27T16:10:50.670+0000] {processor.py:208} INFO - Processing /opt/airflow/dags/daily_chek.py took 0.090 seconds
[2026-04-27T16:11:20.882+0000] {processor.py:186} INFO - Started process (PID=1891) to work on /opt/airflow/dags/daily_chek.py
[2026-04-27T16:11:20.883+0000] {processor.py:914} INFO - Processing file /opt/airflow/dags/daily_chek.py for tasks to queue
[2026-04-27T16:11:20.886+0000] {logging_mixin.py:190} INFO - [2026-04-27T16:11:20.886+0000] {dagbag.py:588} INFO - Filling up the DagBag from /opt/airflow/dags/daily_chek.py
[2026-04-27T16:11:20.900+0000] {processor.py:925} INFO - DAG(s) 'daily_check' retrieved from /opt/airflow/dags/daily_chek.py
[2026-04-27T16:11:20.923+0000] {logging_mixin.py:190} INFO - [2026-04-27T16:11:20.923+0000] {dag.py:3239} INFO - Sync 1 DAGs
[2026-04-27T16:11:20.945+0000] {logging_mixin.py:190} INFO - [2026-04-27T16:11:20.945+0000] {dag.py:4180} INFO - Setting next_dagrun for daily_check to 2026-04-27 00:00:00+00:00, run_after=2026-04-28 00:00:00+00:00
[2026-04-27T16:11:20.963+0000] {processor.py:208} INFO - Processing /opt/airflow/dags/daily_chek.py took 0.092 seconds
[2026-04-27T16:11:51.198+0000] {processor.py:186} INFO - Started process (PID=1907) to work on /opt/airflow/dags/daily_chek.py
[2026-04-27T16:11:51.201+0000] {processor.py:914} INFO - Processing file /opt/airflow/dags/daily_chek.py for tasks to queue
[2026-04-27T16:11:51.204+0000] {logging_mixin.py:190} INFO - [2026-04-27T16:11:51.203+0000] {dagbag.py:588} INFO - Filling up the DagBag from /opt/airflow/dags/daily_chek.py
[2026-04-27T16:11:51.215+0000] {processor.py:925} INFO - DAG(s) 'daily_check' retrieved from /opt/airflow/dags/daily_chek.py
[2026-04-27T16:11:51.237+0000] {logging_mixin.py:190} INFO - [2026-04-27T16:11:51.237+0000] {dag.py:3239} INFO - Sync 1 DAGs
[2026-04-27T16:11:51.261+0000] {logging_mixin.py:190} INFO - [2026-04-27T16:11:51.261+0000] {dag.py:4180} INFO - Setting next_dagrun for daily_check to 2026-04-27 00:00:00+00:00, run_after=2026-04-28 00:00:00+00:00
[2026-04-27T16:11:51.277+0000] {processor.py:208} INFO - Processing /opt/airflow/dags/daily_chek.py took 0.089 seconds
[2026-04-27T16:12:21.556+0000] {processor.py:186} INFO - Started process (PID=1923) to work on /opt/airflow/dags/daily_chek.py
[2026-04-27T16:12:21.557+0000] {processor.py:914} INFO - Processing file /opt/airflow/dags/daily_chek.py for tasks to queue
[2026-04-27T16:12:21.559+0000] {logging_mixin.py:190} INFO - [2026-04-27T16:12:21.559+0000] {dagbag.py:588} INFO - Filling up the DagBag from /opt/airflow/dags/daily_chek.py
[2026-04-27T16:12:21.572+0000] {processor.py:925} INFO - DAG(s) 'daily_check' retrieved from /opt/airflow/dags/daily_chek.py
[2026-04-27T16:12:21.600+0000] {logging_mixin.py:190} INFO - [2026-04-27T16:12:21.600+0000] {dag.py:3239} INFO - Sync 1 DAGs
[2026-04-27T16:12:21.626+0000] {logging_mixin.py:190} INFO - [2026-04-27T16:12:21.625+0000] {dag.py:4180} INFO - Setting next_dagrun for daily_check to 2026-04-27 00:00:00+00:00, run_after=2026-04-28 00:00:00+00:00
[2026-04-27T16:12:21.642+0000] {processor.py:208} INFO - Processing /opt/airflow/dags/daily_chek.py took 0.098 seconds
[2026-04-27T16:12:51.814+0000] {processor.py:186} INFO - Started process (PID=1939) to work on /opt/airflow/dags/daily_chek.py
[2026-04-27T16:12:51.815+0000] {processor.py:914} INFO - Processing file /opt/airflow/dags/daily_chek.py for tasks to queue
[2026-04-27T16:12:51.817+0000] {logging_mixin.py:190} INFO - [2026-04-27T16:12:51.817+0000] {dagbag.py:588} INFO - Filling up the DagBag from /opt/airflow/dags/daily_chek.py
[2026-04-27T16:12:51.827+0000] {processor.py:925} INFO - DAG(s) 'daily_check' retrieved from /opt/airflow/dags/daily_chek.py
[2026-04-27T16:12:51.848+0000] {logging_mixin.py:190} INFO - [2026-04-27T16:12:51.848+0000] {dag.py:3239} INFO - Sync 1 DAGs
[2026-04-27T16:12:51.871+0000] {logging_mixin.py:190} INFO - [2026-04-27T16:12:51.871+0000] {dag.py:4180} INFO - Setting next_dagrun for daily_check to 2026-04-27 00:00:00+00:00, run_after=2026-04-28 00:00:00+00:00
[2026-04-27T16:12:51.888+0000] {processor.py:208} INFO - Processing /opt/airflow/dags/daily_chek.py took 0.084 seconds
[2026-04-27T16:13:22.167+0000] {processor.py:186} INFO - Started process (PID=1955) to work on /opt/airflow/dags/daily_chek.py
[2026-04-27T16:13:22.168+0000] {processor.py:914} INFO - Processing file /opt/airflow/dags/daily_chek.py for tasks to queue
[2026-04-27T16:13:22.171+0000] {logging_mixin.py:190} INFO - [2026-04-27T16:13:22.171+0000] {dagbag.py:588} INFO - Filling up the DagBag from /opt/airflow/dags/daily_chek.py
[2026-04-27T16:13:22.187+0000] {processor.py:925} INFO - DAG(s) 'daily_check' retrieved from /opt/airflow/dags/daily_chek.py
[2026-04-27T16:13:22.211+0000] {logging_mixin.py:190} INFO - [2026-04-27T16:13:22.210+0000] {dag.py:3239} INFO - Sync 1 DAGs
[2026-04-27T16:13:22.234+0000] {logging_mixin.py:190} INFO - [2026-04-27T16:13:22.234+0000] {dag.py:4180} INFO - Setting next_dagrun for daily_check to 2026-04-27 00:00:00+00:00, run_after=2026-04-28 00:00:00+00:00
[2026-04-27T16:13:22.250+0000] {processor.py:208} INFO - Processing /opt/airflow/dags/daily_chek.py took 0.095 seconds
[2026-04-27T16:13:52.543+0000] {processor.py:186} INFO - Started process (PID=1971) to work on /opt/airflow/dags/daily_chek.py
[2026-04-27T16:13:52.544+0000] {processor.py:914} INFO - Processing file /opt/airflow/dags/daily_chek.py for tasks to queue
[2026-04-27T16:13:52.547+0000] {logging_mixin.py:190} INFO - [2026-04-27T16:13:52.546+0000] {dagbag.py:588} INFO - Filling up the DagBag from /opt/airflow/dags/daily_chek.py
[2026-04-27T16:13:52.562+0000] {processor.py:925} INFO - DAG(s) 'daily_check' retrieved from /opt/airflow/dags/daily_chek.py
[2026-04-27T16:13:52.590+0000] {logging_mixin.py:190} INFO - [2026-04-27T16:13:52.590+0000] {dag.py:3239} INFO - Sync 1 DAGs
[2026-04-27T16:13:52.615+0000] {logging_mixin.py:190} INFO - [2026-04-27T16:13:52.614+0000] {dag.py:4180} INFO - Setting next_dagrun for daily_check to 2026-04-27 00:00:00+00:00, run_after=2026-04-28 00:00:00+00:00
[2026-04-27T16:13:52.632+0000] {processor.py:208} INFO - Processing /opt/airflow/dags/daily_chek.py took 0.097 seconds
[2026-04-27T16:14:22.933+0000] {processor.py:186} INFO - Started process (PID=1987) to work on /opt/airflow/dags/daily_chek.py
[2026-04-27T16:14:22.941+0000] {processor.py:914} INFO - Processing file /opt/airflow/dags/daily_chek.py for tasks to queue
[2026-04-27T16:14:22.948+0000] {logging_mixin.py:190} INFO - [2026-04-27T16:14:22.947+0000] {dagbag.py:588} INFO - Filling up the DagBag from /opt/airflow/dags/daily_chek.py
[2026-04-27T16:14:22.980+0000] {processor.py:925} INFO - DAG(s) 'daily_check' retrieved from /opt/airflow/dags/daily_chek.py
[2026-04-27T16:14:23.045+0000] {logging_mixin.py:190} INFO - [2026-04-27T16:14:23.045+0000] {dag.py:3239} INFO - Sync 1 DAGs
[2026-04-27T16:14:23.095+0000] {logging_mixin.py:190} INFO - [2026-04-27T16:14:23.095+0000] {dag.py:4180} INFO - Setting next_dagrun for daily_check to 2026-04-27 00:00:00+00:00, run_after=2026-04-28 00:00:00+00:00
[2026-04-27T16:14:23.126+0000] {processor.py:208} INFO - Processing /opt/airflow/dags/daily_chek.py took 0.209 seconds
[2026-04-27T16:14:53.236+0000] {processor.py:186} INFO - Started process (PID=2003) to work on /opt/airflow/dags/daily_chek.py
[2026-04-27T16:14:53.238+0000] {processor.py:914} INFO - Processing file /opt/airflow/dags/daily_chek.py for tasks to queue
[2026-04-27T16:14:53.244+0000] {logging_mixin.py:190} INFO - [2026-04-27T16:14:53.243+0000] {dagbag.py:588} INFO - Filling up the DagBag from /opt/airflow/dags/daily_chek.py
[2026-04-27T16:14:53.276+0000] {processor.py:925} INFO - DAG(s) 'daily_check' retrieved from /opt/airflow/dags/daily_chek.py
[2026-04-27T16:14:53.339+0000] {logging_mixin.py:190} INFO - [2026-04-27T16:14:53.338+0000] {dag.py:3239} INFO - Sync 1 DAGs
[2026-04-27T16:14:53.410+0000] {logging_mixin.py:190} INFO - [2026-04-27T16:14:53.409+0000] {dag.py:4180} INFO - Setting next_dagrun for daily_check to 2026-04-27 00:00:00+00:00, run_after=2026-04-28 00:00:00+00:00
[2026-04-27T16:14:53.458+0000] {processor.py:208} INFO - Processing /opt/airflow/dags/daily_chek.py took 0.238 seconds
[2026-04-27T16:15:23.796+0000] {processor.py:186} INFO - Started process (PID=2019) to work on /opt/airflow/dags/daily_chek.py
[2026-04-27T16:15:23.804+0000] {processor.py:914} INFO - Processing file /opt/airflow/dags/daily_chek.py for tasks to queue
[2026-04-27T16:15:23.809+0000] {logging_mixin.py:190} INFO - [2026-04-27T16:15:23.808+0000] {dagbag.py:588} INFO - Filling up the DagBag from /opt/airflow/dags/daily_chek.py
[2026-04-27T16:15:23.841+0000] {processor.py:925} INFO - DAG(s) 'daily_check' retrieved from /opt/airflow/dags/daily_chek.py
[2026-04-27T16:15:23.916+0000] {logging_mixin.py:190} INFO - [2026-04-27T16:15:23.915+0000] {dag.py:3239} INFO - Sync 1 DAGs
[2026-04-27T16:15:23.956+0000] {logging_mixin.py:190} INFO - [2026-04-27T16:15:23.955+0000] {dag.py:4180} INFO - Setting next_dagrun for daily_check to 2026-04-27 00:00:00+00:00, run_after=2026-04-28 00:00:00+00:00
[2026-04-27T16:15:23.978+0000] {processor.py:208} INFO - Processing /opt/airflow/dags/daily_chek.py took 0.202 seconds
[2026-04-27T16:15:54.293+0000] {processor.py:186} INFO - Started process (PID=2035) to work on /opt/airflow/dags/daily_chek.py
[2026-04-27T16:15:54.295+0000] {processor.py:914} INFO - Processing file /opt/airflow/dags/daily_chek.py for tasks to queue
[2026-04-27T16:15:54.301+0000] {logging_mixin.py:190} INFO - [2026-04-27T16:15:54.300+0000] {dagbag.py:588} INFO - Filling up the DagBag from /opt/airflow/dags/daily_chek.py
[2026-04-27T16:15:54.332+0000] {processor.py:925} INFO - DAG(s) 'daily_check' retrieved from /opt/airflow/dags/daily_chek.py
[2026-04-27T16:15:54.395+0000] {logging_mixin.py:190} INFO - [2026-04-27T16:15:54.394+0000] {dag.py:3239} INFO - Sync 1 DAGs
[2026-04-27T16:15:54.448+0000] {logging_mixin.py:190} INFO - [2026-04-27T16:15:54.448+0000] {dag.py:4180} INFO - Setting next_dagrun for daily_check to 2026-04-27 00:00:00+00:00, run_after=2026-04-28 00:00:00+00:00
[2026-04-27T16:15:54.478+0000] {processor.py:208} INFO - Processing /opt/airflow/dags/daily_chek.py took 0.202 seconds
[2026-04-27T16:16:24.592+0000] {processor.py:186} INFO - Started process (PID=2051) to work on /opt/airflow/dags/daily_chek.py
[2026-04-27T16:16:24.599+0000] {processor.py:914} INFO - Processing file /opt/airflow/dags/daily_chek.py for tasks to queue
[2026-04-27T16:16:24.605+0000] {logging_mixin.py:190} INFO - [2026-04-27T16:16:24.604+0000] {dagbag.py:588} INFO - Filling up the DagBag from /opt/airflow/dags/daily_chek.py
[2026-04-27T16:16:24.637+0000] {processor.py:925} INFO - DAG(s) 'daily_check' retrieved from /opt/airflow/dags/daily_chek.py
[2026-04-27T16:16:24.705+0000] {logging_mixin.py:190} INFO - [2026-04-27T16:16:24.705+0000] {dag.py:3239} INFO - Sync 1 DAGs
[2026-04-27T16:16:24.754+0000] {logging_mixin.py:190} INFO - [2026-04-27T16:16:24.753+0000] {dag.py:4180} INFO - Setting next_dagrun for daily_check to 2026-04-27 00:00:00+00:00, run_after=2026-04-28 00:00:00+00:00
[2026-04-27T16:16:24.782+0000] {processor.py:208} INFO - Processing /opt/airflow/dags/daily_chek.py took 0.211 seconds
[2026-04-27T16:16:55.027+0000] {processor.py:186} INFO - Started process (PID=2067) to work on /opt/airflow/dags/daily_chek.py
[2026-04-27T16:16:55.029+0000] {processor.py:914} INFO - Processing file /opt/airflow/dags/daily_chek.py for tasks to queue
[2026-04-27T16:16:55.035+0000] {logging_mixin.py:190} INFO - [2026-04-27T16:16:55.034+0000] {dagbag.py:588} INFO - Filling up the DagBag from /opt/airflow/dags/daily_chek.py
[2026-04-27T16:16:55.071+0000] {processor.py:925} INFO - DAG(s) 'daily_check' retrieved from /opt/airflow/dags/daily_chek.py
[2026-04-27T16:16:55.141+0000] {logging_mixin.py:190} INFO - [2026-04-27T16:16:55.141+0000] {dag.py:3239} INFO - Sync 1 DAGs
[2026-04-27T16:16:55.193+0000] {logging_mixin.py:190} INFO - [2026-04-27T16:16:55.193+0000] {dag.py:4180} INFO - Setting next_dagrun for daily_check to 2026-04-27 00:00:00+00:00, run_after=2026-04-28 00:00:00+00:00
[2026-04-27T16:16:55.220+0000] {processor.py:208} INFO - Processing /opt/airflow/dags/daily_chek.py took 0.209 seconds
[2026-04-27T16:17:25.544+0000] {processor.py:186} INFO - Started process (PID=2083) to work on /opt/airflow/dags/daily_chek.py
[2026-04-27T16:17:25.547+0000] {processor.py:914} INFO - Processing file /opt/airflow/dags/daily_chek.py for tasks to queue
[2026-04-27T16:17:25.554+0000] {logging_mixin.py:190} INFO - [2026-04-27T16:17:25.553+0000] {dagbag.py:588} INFO - Filling up the DagBag from /opt/airflow/dags/daily_chek.py
[2026-04-27T16:17:25.590+0000] {processor.py:925} INFO - DAG(s) 'daily_check' retrieved from /opt/airflow/dags/daily_chek.py
[2026-04-27T16:17:25.658+0000] {logging_mixin.py:190} INFO - [2026-04-27T16:17:25.658+0000] {dag.py:3239} INFO - Sync 1 DAGs
[2026-04-27T16:17:25.694+0000] {logging_mixin.py:190} INFO - [2026-04-27T16:17:25.694+0000] {dag.py:4180} INFO - Setting next_dagrun for daily_check to 2026-04-27 00:00:00+00:00, run_after=2026-04-28 00:00:00+00:00
[2026-04-27T16:17:25.719+0000] {processor.py:208} INFO - Processing /opt/airflow/dags/daily_chek.py took 0.197 seconds
[2026-04-27T16:17:55.856+0000] {processor.py:186} INFO - Started process (PID=2099) to work on /opt/airflow/dags/daily_chek.py
[2026-04-27T16:17:55.858+0000] {processor.py:914} INFO - Processing file /opt/airflow/dags/daily_chek.py for tasks to queue
[2026-04-27T16:17:55.864+0000] {logging_mixin.py:190} INFO - [2026-04-27T16:17:55.864+0000] {dagbag.py:588} INFO - Filling up the DagBag from /opt/airflow/dags/daily_chek.py
[2026-04-27T16:17:55.896+0000] {processor.py:925} INFO - DAG(s) 'daily_check' retrieved from /opt/airflow/dags/daily_chek.py
[2026-04-27T16:17:55.963+0000] {logging_mixin.py:190} INFO - [2026-04-27T16:17:55.963+0000] {dag.py:3239} INFO - Sync 1 DAGs
[2026-04-27T16:17:56.039+0000] {logging_mixin.py:190} INFO - [2026-04-27T16:17:56.038+0000] {dag.py:4180} INFO - Setting next_dagrun for daily_check to 2026-04-27 00:00:00+00:00, run_after=2026-04-28 00:00:00+00:00
[2026-04-27T16:17:56.095+0000] {processor.py:208} INFO - Processing /opt/airflow/dags/daily_chek.py took 0.263 seconds
[2026-04-27T16:18:26.454+0000] {processor.py:186} INFO - Started process (PID=2115) to work on /opt/airflow/dags/daily_chek.py
[2026-04-27T16:18:26.456+0000] {processor.py:914} INFO - Processing file /opt/airflow/dags/daily_chek.py for tasks to queue
[2026-04-27T16:18:26.463+0000] {logging_mixin.py:190} INFO - [2026-04-27T16:18:26.463+0000] {dagbag.py:588} INFO - Filling up the DagBag from /opt/airflow/dags/daily_chek.py
[2026-04-27T16:18:26.497+0000] {processor.py:925} INFO - DAG(s) 'daily_check' retrieved from /opt/airflow/dags/daily_chek.py
[2026-04-27T16:18:26.568+0000] {logging_mixin.py:190} INFO - [2026-04-27T16:18:26.567+0000] {dag.py:3239} INFO - Sync 1 DAGs
[2026-04-27T16:18:26.601+0000] {logging_mixin.py:190} INFO - [2026-04-27T16:18:26.601+0000] {dag.py:4180} INFO - Setting next_dagrun for daily_check to 2026-04-27 00:00:00+00:00, run_after=2026-04-28 00:00:00+00:00
[2026-04-27T16:18:26.622+0000] {processor.py:208} INFO - Processing /opt/airflow/dags/daily_chek.py took 0.186 seconds
[2026-04-27T16:18:56.755+0000] {processor.py:186} INFO - Started process (PID=2131) to work on /opt/airflow/dags/daily_chek.py
[2026-04-27T16:18:56.763+0000] {processor.py:914} INFO - Processing file /opt/airflow/dags/daily_chek.py for tasks to queue
[2026-04-27T16:18:56.769+0000] {logging_mixin.py:190} INFO - [2026-04-27T16:18:56.768+0000] {dagbag.py:588} INFO - Filling up the DagBag from /opt/airflow/dags/daily_chek.py
[2026-04-27T16:18:56.807+0000] {processor.py:925} INFO - DAG(s) 'daily_check' retrieved from /opt/airflow/dags/daily_chek.py
[2026-04-27T16:18:56.878+0000] {logging_mixin.py:190} INFO - [2026-04-27T16:18:56.878+0000] {dag.py:3239} INFO - Sync 1 DAGs
[2026-04-27T16:18:56.915+0000] {logging_mixin.py:190} INFO - [2026-04-27T16:18:56.915+0000] {dag.py:4180} INFO - Setting next_dagrun for daily_check to 2026-04-27 00:00:00+00:00, run_after=2026-04-28 00:00:00+00:00
[2026-04-27T16:18:56.939+0000] {processor.py:208} INFO - Processing /opt/airflow/dags/daily_chek.py took 0.206 seconds
[2026-04-27T16:19:27.177+0000] {processor.py:186} INFO - Started process (PID=2147) to work on /opt/airflow/dags/daily_chek.py
[2026-04-27T16:19:27.179+0000] {processor.py:914} INFO - Processing file /opt/airflow/dags/daily_chek.py for tasks to queue
[2026-04-27T16:19:27.187+0000] {logging_mixin.py:190} INFO - [2026-04-27T16:19:27.186+0000] {dagbag.py:588} INFO - Filling up the DagBag from /opt/airflow/dags/daily_chek.py
[2026-04-27T16:19:27.222+0000] {processor.py:925} INFO - DAG(s) 'daily_check' retrieved from /opt/airflow/dags/daily_chek.py
[2026-04-27T16:19:27.293+0000] {logging_mixin.py:190} INFO - [2026-04-27T16:19:27.293+0000] {dag.py:3239} INFO - Sync 1 DAGs
[2026-04-27T16:19:27.362+0000] {logging_mixin.py:190} INFO - [2026-04-27T16:19:27.361+0000] {dag.py:4180} INFO - Setting next_dagrun for daily_check to 2026-04-27 00:00:00+00:00, run_after=2026-04-28 00:00:00+00:00
[2026-04-27T16:19:27.410+0000] {processor.py:208} INFO - Processing /opt/airflow/dags/daily_chek.py took 0.254 seconds
[2026-04-27T16:19:57.509+0000] {processor.py:186} INFO - Started process (PID=2163) to work on /opt/airflow/dags/daily_chek.py
[2026-04-27T16:19:57.511+0000] {processor.py:914} INFO - Processing file /opt/airflow/dags/daily_chek.py for tasks to queue
[2026-04-27T16:19:57.516+0000] {logging_mixin.py:190} INFO - [2026-04-27T16:19:57.515+0000] {dagbag.py:588} INFO - Filling up the DagBag from /opt/airflow/dags/daily_chek.py
[2026-04-27T16:19:57.547+0000] {processor.py:925} INFO - DAG(s) 'daily_check' retrieved from /opt/airflow/dags/daily_chek.py
[2026-04-27T16:19:57.615+0000] {logging_mixin.py:190} INFO - [2026-04-27T16:19:57.615+0000] {dag.py:3239} INFO - Sync 1 DAGs
[2026-04-27T16:19:57.682+0000] {logging_mixin.py:190} INFO - [2026-04-27T16:19:57.681+0000] {dag.py:4180} INFO - Setting next_dagrun for daily_check to 2026-04-27 00:00:00+00:00, run_after=2026-04-28 00:00:00+00:00
[2026-04-27T16:19:57.715+0000] {processor.py:208} INFO - Processing /opt/airflow/dags/daily_chek.py took 0.221 seconds
[2026-04-27T16:20:27.998+0000] {processor.py:186} INFO - Started process (PID=2179) to work on /opt/airflow/dags/daily_chek.py
[2026-04-27T16:20:28.001+0000] {processor.py:914} INFO - Processing file /opt/airflow/dags/daily_chek.py for tasks to queue
[2026-04-27T16:20:28.008+0000] {logging_mixin.py:190} INFO - [2026-04-27T16:20:28.007+0000] {dagbag.py:588} INFO - Filling up the DagBag from /opt/airflow/dags/daily_chek.py
[2026-04-27T16:20:28.041+0000] {processor.py:925} INFO - DAG(s) 'daily_check' retrieved from /opt/airflow/dags/daily_chek.py
[2026-04-27T16:20:28.115+0000] {logging_mixin.py:190} INFO - [2026-04-27T16:20:28.115+0000] {dag.py:3239} INFO - Sync 1 DAGs
[2026-04-27T16:20:28.195+0000] {logging_mixin.py:190} INFO - [2026-04-27T16:20:28.194+0000] {dag.py:4180} INFO - Setting next_dagrun for daily_check to 2026-04-27 00:00:00+00:00, run_after=2026-04-28 00:00:00+00:00
[2026-04-27T16:20:28.238+0000] {processor.py:208} INFO - Processing /opt/airflow/dags/daily_chek.py took 0.260 seconds
[2026-04-27T16:20:58.554+0000] {processor.py:186} INFO - Started process (PID=2195) to work on /opt/airflow/dags/daily_chek.py
[2026-04-27T16:20:58.561+0000] {processor.py:914} INFO - Processing file /opt/airflow/dags/daily_chek.py for tasks to queue
[2026-04-27T16:20:58.564+0000] {logging_mixin.py:190} INFO - [2026-04-27T16:20:58.563+0000] {dagbag.py:588} INFO - Filling up the DagBag from /opt/airflow/dags/daily_chek.py
[2026-04-27T16:20:58.578+0000] {processor.py:925} INFO - DAG(s) 'daily_check' retrieved from /opt/airflow/dags/daily_chek.py
[2026-04-27T16:20:58.602+0000] {logging_mixin.py:190} INFO - [2026-04-27T16:20:58.602+0000] {dag.py:3239} INFO - Sync 1 DAGs
[2026-04-27T16:20:58.624+0000] {logging_mixin.py:190} INFO - [2026-04-27T16:20:58.624+0000] {dag.py:4180} INFO - Setting next_dagrun for daily_check to 2026-04-27 00:00:00+00:00, run_after=2026-04-28 00:00:00+00:00
[2026-04-27T16:20:58.642+0000] {processor.py:208} INFO - Processing /opt/airflow/dags/daily_chek.py took 0.100 seconds
[2026-04-27T16:21:28.950+0000] {processor.py:186} INFO - Started process (PID=2211) to work on /opt/airflow/dags/daily_chek.py
[2026-04-27T16:21:28.952+0000] {processor.py:914} INFO - Processing file /opt/airflow/dags/daily_chek.py for tasks to queue
[2026-04-27T16:21:28.960+0000] {logging_mixin.py:190} INFO - [2026-04-27T16:21:28.959+0000] {dagbag.py:588} INFO - Filling up the DagBag from /opt/airflow/dags/daily_chek.py
[2026-04-27T16:21:28.993+0000] {processor.py:925} INFO - DAG(s) 'daily_check' retrieved from /opt/airflow/dags/daily_chek.py
[2026-04-27T16:21:29.056+0000] {logging_mixin.py:190} INFO - [2026-04-27T16:21:29.056+0000] {dag.py:3239} INFO - Sync 1 DAGs
[2026-04-27T16:21:29.107+0000] {logging_mixin.py:190} INFO - [2026-04-27T16:21:29.107+0000] {dag.py:4180} INFO - Setting next_dagrun for daily_check to 2026-04-27 00:00:00+00:00, run_after=2026-04-28 00:00:00+00:00
[2026-04-27T16:21:29.133+0000] {processor.py:208} INFO - Processing /opt/airflow/dags/daily_chek.py took 0.199 seconds
[2026-04-27T16:21:59.258+0000] {processor.py:186} INFO - Started process (PID=2227) to work on /opt/airflow/dags/daily_chek.py
[2026-04-27T16:21:59.266+0000] {processor.py:914} INFO - Processing file /opt/airflow/dags/daily_chek.py for tasks to queue
[2026-04-27T16:21:59.275+0000] {logging_mixin.py:190} INFO - [2026-04-27T16:21:59.274+0000] {dagbag.py:588} INFO - Filling up the DagBag from /opt/airflow/dags/daily_chek.py
[2026-04-27T16:21:59.313+0000] {processor.py:925} INFO - DAG(s) 'daily_check' retrieved from /opt/airflow/dags/daily_chek.py
[2026-04-27T16:21:59.371+0000] {logging_mixin.py:190} INFO - [2026-04-27T16:21:59.370+0000] {dag.py:3239} INFO - Sync 1 DAGs
[2026-04-27T16:21:59.437+0000] {logging_mixin.py:190} INFO - [2026-04-27T16:21:59.436+0000] {dag.py:4180} INFO - Setting next_dagrun for daily_check to 2026-04-27 00:00:00+00:00, run_after=2026-04-28 00:00:00+00:00
[2026-04-27T16:21:59.485+0000] {processor.py:208} INFO - Processing /opt/airflow/dags/daily_chek.py took 0.249 seconds
[2026-04-27T16:22:29.694+0000] {processor.py:186} INFO - Started process (PID=2243) to work on /opt/airflow/dags/daily_chek.py
[2026-04-27T16:22:29.696+0000] {processor.py:914} INFO - Processing file /opt/airflow/dags/daily_chek.py for tasks to queue
[2026-04-27T16:22:29.702+0000] {logging_mixin.py:190} INFO - [2026-04-27T16:22:29.702+0000] {dagbag.py:588} INFO - Filling up the DagBag from /opt/airflow/dags/daily_chek.py
[2026-04-27T16:22:29.737+0000] {processor.py:925} INFO - DAG(s) 'daily_check' retrieved from /opt/airflow/dags/daily_chek.py
[2026-04-27T16:22:29.807+0000] {logging_mixin.py:190} INFO - [2026-04-27T16:22:29.807+0000] {dag.py:3239} INFO - Sync 1 DAGs
[2026-04-27T16:22:29.866+0000] {logging_mixin.py:190} INFO - [2026-04-27T16:22:29.865+0000] {dag.py:4180} INFO - Setting next_dagrun for daily_check to 2026-04-27 00:00:00+00:00, run_after=2026-04-28 00:00:00+00:00
[2026-04-27T16:22:29.891+0000] {processor.py:208} INFO - Processing /opt/airflow/dags/daily_chek.py took 0.213 seconds
[2026-04-27T16:23:00.075+0000] {processor.py:186} INFO - Started process (PID=2259) to work on /opt/airflow/dags/daily_chek.py
[2026-04-27T16:23:00.083+0000] {processor.py:914} INFO - Processing file /opt/airflow/dags/daily_chek.py for tasks to queue
[2026-04-27T16:23:00.090+0000] {logging_mixin.py:190} INFO - [2026-04-27T16:23:00.089+0000] {dagbag.py:588} INFO - Filling up the DagBag from /opt/airflow/dags/daily_chek.py
[2026-04-27T16:23:00.124+0000] {processor.py:925} INFO - DAG(s) 'daily_check' retrieved from /opt/airflow/dags/daily_chek.py
[2026-04-27T16:23:00.188+0000] {logging_mixin.py:190} INFO - [2026-04-27T16:23:00.188+0000] {dag.py:3239} INFO - Sync 1 DAGs
[2026-04-27T16:23:00.248+0000] {logging_mixin.py:190} INFO - [2026-04-27T16:23:00.247+0000] {dag.py:4180} INFO - Setting next_dagrun for daily_check to 2026-04-27 00:00:00+00:00, run_after=2026-04-28 00:00:00+00:00
[2026-04-27T16:23:00.425+0000] {processor.py:208} INFO - Processing /opt/airflow/dags/daily_chek.py took 0.373 seconds
[2026-04-27T16:23:30.745+0000] {processor.py:186} INFO - Started process (PID=2275) to work on /opt/airflow/dags/daily_chek.py
[2026-04-27T16:23:30.747+0000] {processor.py:914} INFO - Processing file /opt/airflow/dags/daily_chek.py for tasks to queue
[2026-04-27T16:23:30.752+0000] {logging_mixin.py:190} INFO - [2026-04-27T16:23:30.752+0000] {dagbag.py:588} INFO - Filling up the DagBag from /opt/airflow/dags/daily_chek.py
[2026-04-27T16:23:30.783+0000] {processor.py:925} INFO - DAG(s) 'daily_check' retrieved from /opt/airflow/dags/daily_chek.py
[2026-04-27T16:23:30.847+0000] {logging_mixin.py:190} INFO - [2026-04-27T16:23:30.846+0000] {dag.py:3239} INFO - Sync 1 DAGs
[2026-04-27T16:23:30.902+0000] {logging_mixin.py:190} INFO - [2026-04-27T16:23:30.901+0000] {dag.py:4180} INFO - Setting next_dagrun for daily_check to 2026-04-27 00:00:00+00:00, run_after=2026-04-28 00:00:00+00:00
[2026-04-27T16:23:30.927+0000] {processor.py:208} INFO - Processing /opt/airflow/dags/daily_chek.py took 0.198 seconds
[2026-04-27T16:24:01.029+0000] {processor.py:186} INFO - Started process (PID=2291) to work on /opt/airflow/dags/daily_chek.py
[2026-04-27T16:24:01.036+0000] {processor.py:914} INFO - Processing file /opt/airflow/dags/daily_chek.py for tasks to queue
[2026-04-27T16:24:01.042+0000] {logging_mixin.py:190} INFO - [2026-04-27T16:24:01.041+0000] {dagbag.py:588} INFO - Filling up the DagBag from /opt/airflow/dags/daily_chek.py
[2026-04-27T16:24:01.072+0000] {processor.py:925} INFO - DAG(s) 'daily_check' retrieved from /opt/airflow/dags/daily_chek.py
[2026-04-27T16:24:01.137+0000] {logging_mixin.py:190} INFO - [2026-04-27T16:24:01.136+0000] {dag.py:3239} INFO - Sync 1 DAGs
[2026-04-27T16:24:01.166+0000] {logging_mixin.py:190} INFO - [2026-04-27T16:24:01.165+0000] {dag.py:4180} INFO - Setting next_dagrun for daily_check to 2026-04-27 00:00:00+00:00, run_after=2026-04-28 00:00:00+00:00
[2026-04-27T16:24:01.187+0000] {processor.py:208} INFO - Processing /opt/airflow/dags/daily_chek.py took 0.173 seconds
[2026-04-27T16:24:31.489+0000] {processor.py:186} INFO - Started process (PID=2307) to work on /opt/airflow/dags/daily_chek.py
[2026-04-27T16:24:31.491+0000] {processor.py:914} INFO - Processing file /opt/airflow/dags/daily_chek.py for tasks to queue
[2026-04-27T16:24:31.497+0000] {logging_mixin.py:190} INFO - [2026-04-27T16:24:31.496+0000] {dagbag.py:588} INFO - Filling up the DagBag from /opt/airflow/dags/daily_chek.py
[2026-04-27T16:24:31.530+0000] {processor.py:925} INFO - DAG(s) 'daily_check' retrieved from /opt/airflow/dags/daily_chek.py
[2026-04-27T16:24:31.595+0000] {logging_mixin.py:190} INFO - [2026-04-27T16:24:31.594+0000] {dag.py:3239} INFO - Sync 1 DAGs
[2026-04-27T16:24:31.665+0000] {logging_mixin.py:190} INFO - [2026-04-27T16:24:31.664+0000] {dag.py:4180} INFO - Setting next_dagrun for daily_check to 2026-04-27 00:00:00+00:00, run_after=2026-04-28 00:00:00+00:00
[2026-04-27T16:24:31.700+0000] {processor.py:208} INFO - Processing /opt/airflow/dags/daily_chek.py took 0.227 seconds
[2026-04-27T16:25:02.029+0000] {processor.py:186} INFO - Started process (PID=2323) to work on /opt/airflow/dags/daily_chek.py
[2026-04-27T16:25:02.037+0000] {processor.py:914} INFO - Processing file /opt/airflow/dags/daily_chek.py for tasks to queue
[2026-04-27T16:25:02.044+0000] {logging_mixin.py:190} INFO - [2026-04-27T16:25:02.043+0000] {dagbag.py:588} INFO - Filling up the DagBag from /opt/airflow/dags/daily_chek.py
[2026-04-27T16:25:02.076+0000] {processor.py:925} INFO - DAG(s) 'daily_check' retrieved from /opt/airflow/dags/daily_chek.py
[2026-04-27T16:25:02.149+0000] {logging_mixin.py:190} INFO - [2026-04-27T16:25:02.149+0000] {dag.py:3239} INFO - Sync 1 DAGs
[2026-04-27T16:25:02.206+0000] {logging_mixin.py:190} INFO - [2026-04-27T16:25:02.206+0000] {dag.py:4180} INFO - Setting next_dagrun for daily_check to 2026-04-27 00:00:00+00:00, run_after=2026-04-28 00:00:00+00:00
[2026-04-27T16:25:02.234+0000] {processor.py:208} INFO - Processing /opt/airflow/dags/daily_chek.py took 0.222 seconds
[2026-04-27T16:25:32.337+0000] {processor.py:186} INFO - Started process (PID=2339) to work on /opt/airflow/dags/daily_chek.py
[2026-04-27T16:25:32.339+0000] {processor.py:914} INFO - Processing file /opt/airflow/dags/daily_chek.py for tasks to queue
[2026-04-27T16:25:32.348+0000] {logging_mixin.py:190} INFO - [2026-04-27T16:25:32.347+0000] {dagbag.py:588} INFO - Filling up the DagBag from /opt/airflow/dags/daily_chek.py
[2026-04-27T16:25:32.381+0000] {processor.py:925} INFO - DAG(s) 'daily_check' retrieved from /opt/airflow/dags/daily_chek.py
[2026-04-27T16:25:32.451+0000] {logging_mixin.py:190} INFO - [2026-04-27T16:25:32.450+0000] {dag.py:3239} INFO - Sync 1 DAGs
[2026-04-27T16:25:32.518+0000] {logging_mixin.py:190} INFO - [2026-04-27T16:25:32.518+0000] {dag.py:4180} INFO - Setting next_dagrun for daily_check to 2026-04-27 00:00:00+00:00, run_after=2026-04-28 00:00:00+00:00
[2026-04-27T16:25:32.566+0000] {processor.py:208} INFO - Processing /opt/airflow/dags/daily_chek.py took 0.245 seconds
[2026-04-27T16:26:02.891+0000] {processor.py:186} INFO - Started process (PID=2355) to work on /opt/airflow/dags/daily_chek.py
[2026-04-27T16:26:02.900+0000] {processor.py:914} INFO - Processing file /opt/airflow/dags/daily_chek.py for tasks to queue
[2026-04-27T16:26:02.906+0000] {logging_mixin.py:190} INFO - [2026-04-27T16:26:02.905+0000] {dagbag.py:588} INFO - Filling up the DagBag from /opt/airflow/dags/daily_chek.py
[2026-04-27T16:26:02.937+0000] {processor.py:925} INFO - DAG(s) 'daily_check' retrieved from /opt/airflow/dags/daily_chek.py
[2026-04-27T16:26:03.003+0000] {logging_mixin.py:190} INFO - [2026-04-27T16:26:03.002+0000] {dag.py:3239} INFO - Sync 1 DAGs
[2026-04-27T16:26:03.042+0000] {logging_mixin.py:190} INFO - [2026-04-27T16:26:03.042+0000] {dag.py:4180} INFO - Setting next_dagrun for daily_check to 2026-04-27 00:00:00+00:00, run_after=2026-04-28 00:00:00+00:00
[2026-04-27T16:26:03.065+0000] {processor.py:208} INFO - Processing /opt/airflow/dags/daily_chek.py took 0.197 seconds
[2026-04-27T16:26:33.183+0000] {processor.py:186} INFO - Started process (PID=2371) to work on /opt/airflow/dags/daily_chek.py
[2026-04-27T16:26:33.185+0000] {processor.py:914} INFO - Processing file /opt/airflow/dags/daily_chek.py for tasks to queue
[2026-04-27T16:26:33.191+0000] {logging_mixin.py:190} INFO - [2026-04-27T16:26:33.190+0000] {dagbag.py:588} INFO - Filling up the DagBag from /opt/airflow/dags/daily_chek.py
[2026-04-27T16:26:33.222+0000] {processor.py:925} INFO - DAG(s) 'daily_check' retrieved from /opt/airflow/dags/daily_chek.py
[2026-04-27T16:26:33.288+0000] {logging_mixin.py:190} INFO - [2026-04-27T16:26:33.287+0000] {dag.py:3239} INFO - Sync 1 DAGs
[2026-04-27T16:26:33.356+0000] {logging_mixin.py:190} INFO - [2026-04-27T16:26:33.355+0000] {dag.py:4180} INFO - Setting next_dagrun for daily_check to 2026-04-27 00:00:00+00:00, run_after=2026-04-28 00:00:00+00:00
[2026-04-27T16:26:33.403+0000] {processor.py:208} INFO - Processing /opt/airflow/dags/daily_chek.py took 0.236 seconds
[2026-04-27T16:27:03.746+0000] {processor.py:186} INFO - Started process (PID=2387) to work on /opt/airflow/dags/daily_chek.py
[2026-04-27T16:27:03.748+0000] {processor.py:914} INFO - Processing file /opt/airflow/dags/daily_chek.py for tasks to queue
[2026-04-27T16:27:03.754+0000] {logging_mixin.py:190} INFO - [2026-04-27T16:27:03.753+0000] {dagbag.py:588} INFO - Filling up the DagBag from /opt/airflow/dags/daily_chek.py
[2026-04-27T16:27:03.787+0000] {processor.py:925} INFO - DAG(s) 'daily_check' retrieved from /opt/airflow/dags/daily_chek.py
[2026-04-27T16:27:03.853+0000] {logging_mixin.py:190} INFO - [2026-04-27T16:27:03.853+0000] {dag.py:3239} INFO - Sync 1 DAGs
[2026-04-27T16:27:03.899+0000] {logging_mixin.py:190} INFO - [2026-04-27T16:27:03.899+0000] {dag.py:4180} INFO - Setting next_dagrun for daily_check to 2026-04-27 00:00:00+00:00, run_after=2026-04-28 00:00:00+00:00
[2026-04-27T16:27:03.929+0000] {processor.py:208} INFO - Processing /opt/airflow/dags/daily_chek.py took 0.210 seconds
[2026-04-27T16:27:34.049+0000] {processor.py:186} INFO - Started process (PID=2403) to work on /opt/airflow/dags/daily_chek.py
[2026-04-27T16:27:34.057+0000] {processor.py:914} INFO - Processing file /opt/airflow/dags/daily_chek.py for tasks to queue
[2026-04-27T16:27:34.063+0000] {logging_mixin.py:190} INFO - [2026-04-27T16:27:34.062+0000] {dagbag.py:588} INFO - Filling up the DagBag from /opt/airflow/dags/daily_chek.py
[2026-04-27T16:27:34.097+0000] {processor.py:925} INFO - DAG(s) 'daily_check' retrieved from /opt/airflow/dags/daily_chek.py
[2026-04-27T16:27:34.162+0000] {logging_mixin.py:190} INFO - [2026-04-27T16:27:34.162+0000] {dag.py:3239} INFO - Sync 1 DAGs
[2026-04-27T16:27:34.222+0000] {logging_mixin.py:190} INFO - [2026-04-27T16:27:34.222+0000] {dag.py:4180} INFO - Setting next_dagrun for daily_check to 2026-04-27 00:00:00+00:00, run_after=2026-04-28 00:00:00+00:00
[2026-04-27T16:27:34.241+0000] {processor.py:208} INFO - Processing /opt/airflow/dags/daily_chek.py took 0.208 seconds
[2026-04-27T16:28:04.487+0000] {processor.py:186} INFO - Started process (PID=2419) to work on /opt/airflow/dags/daily_chek.py
[2026-04-27T16:28:04.489+0000] {processor.py:914} INFO - Processing file /opt/airflow/dags/daily_chek.py for tasks to queue
[2026-04-27T16:28:04.495+0000] {logging_mixin.py:190} INFO - [2026-04-27T16:28:04.494+0000] {dagbag.py:588} INFO - Filling up the DagBag from /opt/airflow/dags/daily_chek.py
[2026-04-27T16:28:04.529+0000] {processor.py:925} INFO - DAG(s) 'daily_check' retrieved from /opt/airflow/dags/daily_chek.py
[2026-04-27T16:28:04.607+0000] {logging_mixin.py:190} INFO - [2026-04-27T16:28:04.607+0000] {dag.py:3239} INFO - Sync 1 DAGs
[2026-04-27T16:28:04.649+0000] {logging_mixin.py:190} INFO - [2026-04-27T16:28:04.648+0000] {dag.py:4180} INFO - Setting next_dagrun for daily_check to 2026-04-27 00:00:00+00:00, run_after=2026-04-28 00:00:00+00:00
[2026-04-27T16:28:04.672+0000] {processor.py:208} INFO - Processing /opt/airflow/dags/daily_chek.py took 0.203 seconds
[2026-04-27T16:28:34.821+0000] {processor.py:186} INFO - Started process (PID=2435) to work on /opt/airflow/dags/daily_chek.py
[2026-04-27T16:28:34.824+0000] {processor.py:914} INFO - Processing file /opt/airflow/dags/daily_chek.py for tasks to queue
[2026-04-27T16:28:34.831+0000] {logging_mixin.py:190} INFO - [2026-04-27T16:28:34.830+0000] {dagbag.py:588} INFO - Filling up the DagBag from /opt/airflow/dags/daily_chek.py
[2026-04-27T16:28:34.867+0000] {processor.py:925} INFO - DAG(s) 'daily_check' retrieved from /opt/airflow/dags/daily_chek.py
[2026-04-27T16:28:34.955+0000] {logging_mixin.py:190} INFO - [2026-04-27T16:28:34.955+0000] {dag.py:3239} INFO - Sync 1 DAGs
[2026-04-27T16:28:34.990+0000] {logging_mixin.py:190} INFO - [2026-04-27T16:28:34.990+0000] {dag.py:4180} INFO - Setting next_dagrun for daily_check to 2026-04-27 00:00:00+00:00, run_after=2026-04-28 00:00:00+00:00
[2026-04-27T16:28:35.133+0000] {processor.py:208} INFO - Processing /opt/airflow/dags/daily_chek.py took 0.332 seconds
[2026-04-27T16:29:22.028+0000] {processor.py:186} INFO - Started process (PID=2457) to work on /opt/airflow/dags/daily_chek.py
[2026-04-27T16:29:22.032+0000] {processor.py:914} INFO - Processing file /opt/airflow/dags/daily_chek.py for tasks to queue
[2026-04-27T16:29:22.045+0000] {logging_mixin.py:190} INFO - [2026-04-27T16:29:22.044+0000] {dagbag.py:588} INFO - Filling up the DagBag from /opt/airflow/dags/daily_chek.py
[2026-04-27T16:29:22.098+0000] {processor.py:925} INFO - DAG(s) 'daily_check' retrieved from /opt/airflow/dags/daily_chek.py
[2026-04-27T16:29:22.212+0000] {logging_mixin.py:190} INFO - [2026-04-27T16:29:22.212+0000] {dag.py:3239} INFO - Sync 1 DAGs
[2026-04-27T16:29:22.258+0000] {logging_mixin.py:190} INFO - [2026-04-27T16:29:22.258+0000] {dag.py:4180} INFO - Setting next_dagrun for daily_check to 2026-04-27 00:00:00+00:00, run_after=2026-04-28 00:00:00+00:00
[2026-04-27T16:29:22.310+0000] {processor.py:208} INFO - Processing /opt/airflow/dags/daily_chek.py took 0.344 seconds
[2026-04-27T16:29:52.661+0000] {processor.py:186} INFO - Started process (PID=2473) to work on /opt/airflow/dags/daily_chek.py
[2026-04-27T16:29:52.663+0000] {processor.py:914} INFO - Processing file /opt/airflow/dags/daily_chek.py for tasks to queue
[2026-04-27T16:29:52.669+0000] {logging_mixin.py:190} INFO - [2026-04-27T16:29:52.668+0000] {dagbag.py:588} INFO - Filling up the DagBag from /opt/airflow/dags/daily_chek.py
[2026-04-27T16:29:52.707+0000] {processor.py:925} INFO - DAG(s) 'daily_check' retrieved from /opt/airflow/dags/daily_chek.py
[2026-04-27T16:29:52.773+0000] {logging_mixin.py:190} INFO - [2026-04-27T16:29:52.772+0000] {dag.py:3239} INFO - Sync 1 DAGs
[2026-04-27T16:29:52.812+0000] {logging_mixin.py:190} INFO - [2026-04-27T16:29:52.812+0000] {dag.py:4180} INFO - Setting next_dagrun for daily_check to 2026-04-27 00:00:00+00:00, run_after=2026-04-28 00:00:00+00:00
[2026-04-27T16:29:52.836+0000] {processor.py:208} INFO - Processing /opt/airflow/dags/daily_chek.py took 0.200 seconds
[2026-04-27T16:30:22.986+0000] {processor.py:186} INFO - Started process (PID=2489) to work on /opt/airflow/dags/daily_chek.py
[2026-04-27T16:30:22.994+0000] {processor.py:914} INFO - Processing file /opt/airflow/dags/daily_chek.py for tasks to queue
[2026-04-27T16:30:23.000+0000] {logging_mixin.py:190} INFO - [2026-04-27T16:30:22.999+0000] {dagbag.py:588} INFO - Filling up the DagBag from /opt/airflow/dags/daily_chek.py
[2026-04-27T16:30:23.037+0000] {processor.py:925} INFO - DAG(s) 'daily_check' retrieved from /opt/airflow/dags/daily_chek.py
[2026-04-27T16:30:23.126+0000] {logging_mixin.py:190} INFO - [2026-04-27T16:30:23.126+0000] {dag.py:3239} INFO - Sync 1 DAGs
[2026-04-27T16:30:23.154+0000] {logging_mixin.py:190} INFO - [2026-04-27T16:30:23.153+0000] {dag.py:4180} INFO - Setting next_dagrun for daily_check to 2026-04-27 00:00:00+00:00, run_after=2026-04-28 00:00:00+00:00
[2026-04-27T16:30:23.171+0000] {processor.py:208} INFO - Processing /opt/airflow/dags/daily_chek.py took 0.204 seconds
[2026-04-27T16:30:53.462+0000] {processor.py:186} INFO - Started process (PID=2505) to work on /opt/airflow/dags/daily_chek.py
[2026-04-27T16:30:53.465+0000] {processor.py:914} INFO - Processing file /opt/airflow/dags/daily_chek.py for tasks to queue
[2026-04-27T16:30:53.471+0000] {logging_mixin.py:190} INFO - [2026-04-27T16:30:53.470+0000] {dagbag.py:588} INFO - Filling up the DagBag from /opt/airflow/dags/daily_chek.py
[2026-04-27T16:30:53.507+0000] {processor.py:925} INFO - DAG(s) 'daily_check' retrieved from /opt/airflow/dags/daily_chek.py
[2026-04-27T16:30:53.597+0000] {logging_mixin.py:190} INFO - [2026-04-27T16:30:53.597+0000] {dag.py:3239} INFO - Sync 1 DAGs
[2026-04-27T16:30:53.647+0000] {logging_mixin.py:190} INFO - [2026-04-27T16:30:53.647+0000] {dag.py:4180} INFO - Setting next_dagrun for daily_check to 2026-04-27 00:00:00+00:00, run_after=2026-04-28 00:00:00+00:00
[2026-04-27T16:30:53.665+0000] {processor.py:208} INFO - Processing /opt/airflow/dags/daily_chek.py took 0.225 seconds
[2026-04-27T16:31:23.799+0000] {processor.py:186} INFO - Started process (PID=2521) to work on /opt/airflow/dags/daily_chek.py
[2026-04-27T16:31:23.806+0000] {processor.py:914} INFO - Processing file /opt/airflow/dags/daily_chek.py for tasks to queue
[2026-04-27T16:31:23.813+0000] {logging_mixin.py:190} INFO - [2026-04-27T16:31:23.812+0000] {dagbag.py:588} INFO - Filling up the DagBag from /opt/airflow/dags/daily_chek.py
[2026-04-27T16:31:23.849+0000] {processor.py:925} INFO - DAG(s) 'daily_check' retrieved from /opt/airflow/dags/daily_chek.py
[2026-04-27T16:31:23.942+0000] {logging_mixin.py:190} INFO - [2026-04-27T16:31:23.942+0000] {dag.py:3239} INFO - Sync 1 DAGs
[2026-04-27T16:31:23.975+0000] {logging_mixin.py:190} INFO - [2026-04-27T16:31:23.975+0000] {dag.py:4180} INFO - Setting next_dagrun for daily_check to 2026-04-27 00:00:00+00:00, run_after=2026-04-28 00:00:00+00:00
[2026-04-27T16:31:23.997+0000] {processor.py:208} INFO - Processing /opt/airflow/dags/daily_chek.py took 0.217 seconds
[2026-04-27T16:31:54.242+0000] {processor.py:186} INFO - Started process (PID=2537) to work on /opt/airflow/dags/daily_chek.py
[2026-04-27T16:31:54.244+0000] {processor.py:914} INFO - Processing file /opt/airflow/dags/daily_chek.py for tasks to queue
[2026-04-27T16:31:54.249+0000] {logging_mixin.py:190} INFO - [2026-04-27T16:31:54.248+0000] {dagbag.py:588} INFO - Filling up the DagBag from /opt/airflow/dags/daily_chek.py
[2026-04-27T16:31:54.292+0000] {processor.py:925} INFO - DAG(s) 'daily_check' retrieved from /opt/airflow/dags/daily_chek.py
[2026-04-27T16:31:54.381+0000] {logging_mixin.py:190} INFO - [2026-04-27T16:31:54.380+0000] {dag.py:3239} INFO - Sync 1 DAGs
[2026-04-27T16:31:54.432+0000] {logging_mixin.py:190} INFO - [2026-04-27T16:31:54.432+0000] {dag.py:4180} INFO - Setting next_dagrun for daily_check to 2026-04-27 00:00:00+00:00, run_after=2026-04-28 00:00:00+00:00
[2026-04-27T16:31:54.572+0000] {processor.py:208} INFO - Processing /opt/airflow/dags/daily_chek.py took 0.346 seconds
[2026-04-27T16:32:24.895+0000] {processor.py:186} INFO - Started process (PID=2553) to work on /opt/airflow/dags/daily_chek.py
[2026-04-27T16:32:24.904+0000] {processor.py:914} INFO - Processing file /opt/airflow/dags/daily_chek.py for tasks to queue
[2026-04-27T16:32:24.912+0000] {logging_mixin.py:190} INFO - [2026-04-27T16:32:24.911+0000] {dagbag.py:588} INFO - Filling up the DagBag from /opt/airflow/dags/daily_chek.py
[2026-04-27T16:32:24.957+0000] {processor.py:925} INFO - DAG(s) 'daily_check' retrieved from /opt/airflow/dags/daily_chek.py
[2026-04-27T16:32:25.044+0000] {logging_mixin.py:190} INFO - [2026-04-27T16:32:25.043+0000] {dag.py:3239} INFO - Sync 1 DAGs
[2026-04-27T16:32:25.082+0000] {logging_mixin.py:190} INFO - [2026-04-27T16:32:25.081+0000] {dag.py:4180} INFO - Setting next_dagrun for daily_check to 2026-04-27 00:00:00+00:00, run_after=2026-04-28 00:00:00+00:00
[2026-04-27T16:32:25.105+0000] {processor.py:208} INFO - Processing /opt/airflow/dags/daily_chek.py took 0.230 seconds
[2026-04-27T16:32:55.198+0000] {processor.py:186} INFO - Started process (PID=2569) to work on /opt/airflow/dags/daily_chek.py
[2026-04-27T16:32:55.200+0000] {processor.py:914} INFO - Processing file /opt/airflow/dags/daily_chek.py for tasks to queue
[2026-04-27T16:32:55.206+0000] {logging_mixin.py:190} INFO - [2026-04-27T16:32:55.205+0000] {dagbag.py:588} INFO - Filling up the DagBag from /opt/airflow/dags/daily_chek.py
[2026-04-27T16:32:55.238+0000] {processor.py:925} INFO - DAG(s) 'daily_check' retrieved from /opt/airflow/dags/daily_chek.py
[2026-04-27T16:32:55.318+0000] {logging_mixin.py:190} INFO - [2026-04-27T16:32:55.317+0000] {dag.py:3239} INFO - Sync 1 DAGs
[2026-04-27T16:32:55.369+0000] {logging_mixin.py:190} INFO - [2026-04-27T16:32:55.369+0000] {dag.py:4180} INFO - Setting next_dagrun for daily_check to 2026-04-27 00:00:00+00:00, run_after=2026-04-28 00:00:00+00:00
[2026-04-27T16:32:55.396+0000] {processor.py:208} INFO - Processing /opt/airflow/dags/daily_chek.py took 0.215 seconds
[2026-04-27T16:33:25.672+0000] {processor.py:186} INFO - Started process (PID=2585) to work on /opt/airflow/dags/daily_chek.py
[2026-04-27T16:33:25.674+0000] {processor.py:914} INFO - Processing file /opt/airflow/dags/daily_chek.py for tasks to queue
[2026-04-27T16:33:25.684+0000] {logging_mixin.py:190} INFO - [2026-04-27T16:33:25.681+0000] {dagbag.py:588} INFO - Filling up the DagBag from /opt/airflow/dags/daily_chek.py
[2026-04-27T16:33:25.717+0000] {processor.py:925} INFO - DAG(s) 'daily_check' retrieved from /opt/airflow/dags/daily_chek.py
[2026-04-27T16:33:25.796+0000] {logging_mixin.py:190} INFO - [2026-04-27T16:33:25.795+0000] {dag.py:3239} INFO - Sync 1 DAGs
[2026-04-27T16:33:25.833+0000] {logging_mixin.py:190} INFO - [2026-04-27T16:33:25.833+0000] {dag.py:4180} INFO - Setting next_dagrun for daily_check to 2026-04-27 00:00:00+00:00, run_after=2026-04-28 00:00:00+00:00
[2026-04-27T16:33:25.855+0000] {processor.py:208} INFO - Processing /opt/airflow/dags/daily_chek.py took 0.199 seconds
[2026-04-27T16:33:55.967+0000] {processor.py:186} INFO - Started process (PID=2601) to work on /opt/airflow/dags/daily_chek.py
[2026-04-27T16:33:55.969+0000] {processor.py:914} INFO - Processing file /opt/airflow/dags/daily_chek.py for tasks to queue
[2026-04-27T16:33:55.974+0000] {logging_mixin.py:190} INFO - [2026-04-27T16:33:55.973+0000] {dagbag.py:588} INFO - Filling up the DagBag from /opt/airflow/dags/daily_chek.py
[2026-04-27T16:33:56.018+0000] {processor.py:925} INFO - DAG(s) 'daily_check' retrieved from /opt/airflow/dags/daily_chek.py
[2026-04-27T16:33:56.086+0000] {logging_mixin.py:190} INFO - [2026-04-27T16:33:56.085+0000] {dag.py:3239} INFO - Sync 1 DAGs
[2026-04-27T16:33:56.165+0000] {logging_mixin.py:190} INFO - [2026-04-27T16:33:56.164+0000] {dag.py:4180} INFO - Setting next_dagrun for daily_check to 2026-04-27 00:00:00+00:00, run_after=2026-04-28 00:00:00+00:00
[2026-04-27T16:33:56.205+0000] {processor.py:208} INFO - Processing /opt/airflow/dags/daily_chek.py took 0.256 seconds
[2026-04-27T16:34:26.525+0000] {processor.py:186} INFO - Started process (PID=2617) to work on /opt/airflow/dags/daily_chek.py
[2026-04-27T16:34:26.527+0000] {processor.py:914} INFO - Processing file /opt/airflow/dags/daily_chek.py for tasks to queue
[2026-04-27T16:34:26.532+0000] {logging_mixin.py:190} INFO - [2026-04-27T16:34:26.531+0000] {dagbag.py:588} INFO - Filling up the DagBag from /opt/airflow/dags/daily_chek.py
[2026-04-27T16:34:26.579+0000] {processor.py:925} INFO - DAG(s) 'daily_check' retrieved from /opt/airflow/dags/daily_chek.py
[2026-04-27T16:34:26.647+0000] {logging_mixin.py:190} INFO - [2026-04-27T16:34:26.646+0000] {dag.py:3239} INFO - Sync 1 DAGs
[2026-04-27T16:34:26.680+0000] {logging_mixin.py:190} INFO - [2026-04-27T16:34:26.680+0000] {dag.py:4180} INFO - Setting next_dagrun for daily_check to 2026-04-27 00:00:00+00:00, run_after=2026-04-28 00:00:00+00:00
[2026-04-27T16:34:26.696+0000] {processor.py:208} INFO - Processing /opt/airflow/dags/daily_chek.py took 0.188 seconds
[2026-04-27T16:34:56.824+0000] {processor.py:186} INFO - Started process (PID=2633) to work on /opt/airflow/dags/daily_chek.py
[2026-04-27T16:34:56.825+0000] {processor.py:914} INFO - Processing file /opt/airflow/dags/daily_chek.py for tasks to queue
[2026-04-27T16:34:56.830+0000] {logging_mixin.py:190} INFO - [2026-04-27T16:34:56.829+0000] {dagbag.py:588} INFO - Filling up the DagBag from /opt/airflow/dags/daily_chek.py
[2026-04-27T16:34:56.874+0000] {processor.py:925} INFO - DAG(s) 'daily_check' retrieved from /opt/airflow/dags/daily_chek.py
[2026-04-27T16:34:56.937+0000] {logging_mixin.py:190} INFO - [2026-04-27T16:34:56.936+0000] {dag.py:3239} INFO - Sync 1 DAGs
[2026-04-27T16:34:56.971+0000] {logging_mixin.py:190} INFO - [2026-04-27T16:34:56.971+0000] {dag.py:4180} INFO - Setting next_dagrun for daily_check to 2026-04-27 00:00:00+00:00, run_after=2026-04-28 00:00:00+00:00
[2026-04-27T16:34:56.996+0000] {processor.py:208} INFO - Processing /opt/airflow/dags/daily_chek.py took 0.188 seconds
[2026-04-27T16:35:27.224+0000] {processor.py:186} INFO - Started process (PID=2649) to work on /opt/airflow/dags/daily_chek.py
[2026-04-27T16:35:27.231+0000] {processor.py:914} INFO - Processing file /opt/airflow/dags/daily_chek.py for tasks to queue
[2026-04-27T16:35:27.237+0000] {logging_mixin.py:190} INFO - [2026-04-27T16:35:27.236+0000] {dagbag.py:588} INFO - Filling up the DagBag from /opt/airflow/dags/daily_chek.py
[2026-04-27T16:35:27.287+0000] {processor.py:925} INFO - DAG(s) 'daily_check' retrieved from /opt/airflow/dags/daily_chek.py
[2026-04-27T16:35:27.352+0000] {logging_mixin.py:190} INFO - [2026-04-27T16:35:27.351+0000] {dag.py:3239} INFO - Sync 1 DAGs
[2026-04-27T16:35:27.400+0000] {logging_mixin.py:190} INFO - [2026-04-27T16:35:27.400+0000] {dag.py:4180} INFO - Setting next_dagrun for daily_check to 2026-04-27 00:00:00+00:00, run_after=2026-04-28 00:00:00+00:00
[2026-04-27T16:35:27.424+0000] {processor.py:208} INFO - Processing /opt/airflow/dags/daily_chek.py took 0.216 seconds
[2026-04-27T16:35:57.529+0000] {processor.py:186} INFO - Started process (PID=2665) to work on /opt/airflow/dags/daily_chek.py
[2026-04-27T16:35:57.531+0000] {processor.py:914} INFO - Processing file /opt/airflow/dags/daily_chek.py for tasks to queue
[2026-04-27T16:35:57.536+0000] {logging_mixin.py:190} INFO - [2026-04-27T16:35:57.535+0000] {dagbag.py:588} INFO - Filling up the DagBag from /opt/airflow/dags/daily_chek.py
[2026-04-27T16:35:57.580+0000] {processor.py:925} INFO - DAG(s) 'daily_check' retrieved from /opt/airflow/dags/daily_chek.py
[2026-04-27T16:35:57.652+0000] {logging_mixin.py:190} INFO - [2026-04-27T16:35:57.652+0000] {dag.py:3239} INFO - Sync 1 DAGs
[2026-04-27T16:35:57.700+0000] {logging_mixin.py:190} INFO - [2026-04-27T16:35:57.700+0000] {dag.py:4180} INFO - Setting next_dagrun for daily_check to 2026-04-27 00:00:00+00:00, run_after=2026-04-28 00:00:00+00:00
[2026-04-27T16:35:57.731+0000] {processor.py:208} INFO - Processing /opt/airflow/dags/daily_chek.py took 0.217 seconds
[2026-04-27T16:36:28.751+0000] {processor.py:186} INFO - Started process (PID=2681) to work on /opt/airflow/dags/daily_chek.py
[2026-04-27T16:36:28.759+0000] {processor.py:914} INFO - Processing file /opt/airflow/dags/daily_chek.py for tasks to queue
[2026-04-27T16:36:28.768+0000] {logging_mixin.py:190} INFO - [2026-04-27T16:36:28.767+0000] {dagbag.py:588} INFO - Filling up the DagBag from /opt/airflow/dags/daily_chek.py
[2026-04-27T16:36:28.814+0000] {processor.py:925} INFO - DAG(s) 'daily_check' retrieved from /opt/airflow/dags/daily_chek.py
[2026-04-27T16:36:28.875+0000] {logging_mixin.py:190} INFO - [2026-04-27T16:36:28.875+0000] {dag.py:3239} INFO - Sync 1 DAGs
[2026-04-27T16:36:28.920+0000] {logging_mixin.py:190} INFO - [2026-04-27T16:36:28.920+0000] {dag.py:4180} INFO - Setting next_dagrun for daily_check to 2026-04-27 00:00:00+00:00, run_after=2026-04-28 00:00:00+00:00
[2026-04-27T16:36:28.937+0000] {processor.py:208} INFO - Processing /opt/airflow/dags/daily_chek.py took 0.203 seconds
[2026-04-27T16:36:59.052+0000] {processor.py:186} INFO - Started process (PID=2697) to work on /opt/airflow/dags/daily_chek.py
[2026-04-27T16:36:59.054+0000] {processor.py:914} INFO - Processing file /opt/airflow/dags/daily_chek.py for tasks to queue
[2026-04-27T16:36:59.060+0000] {logging_mixin.py:190} INFO - [2026-04-27T16:36:59.059+0000] {dagbag.py:588} INFO - Filling up the DagBag from /opt/airflow/dags/daily_chek.py
[2026-04-27T16:36:59.111+0000] {processor.py:925} INFO - DAG(s) 'daily_check' retrieved from /opt/airflow/dags/daily_chek.py
[2026-04-27T16:36:59.178+0000] {logging_mixin.py:190} INFO - [2026-04-27T16:36:59.177+0000] {dag.py:3239} INFO - Sync 1 DAGs
[2026-04-27T16:36:59.246+0000] {logging_mixin.py:190} INFO - [2026-04-27T16:36:59.245+0000] {dag.py:4180} INFO - Setting next_dagrun for daily_check to 2026-04-27 00:00:00+00:00, run_after=2026-04-28 00:00:00+00:00
[2026-04-27T16:36:59.301+0000] {processor.py:208} INFO - Processing /opt/airflow/dags/daily_chek.py took 0.264 seconds
[2026-04-27T16:37:29.480+0000] {processor.py:186} INFO - Started process (PID=2713) to work on /opt/airflow/dags/daily_chek.py
[2026-04-27T16:37:29.488+0000] {processor.py:914} INFO - Processing file /opt/airflow/dags/daily_chek.py for tasks to queue
[2026-04-27T16:37:29.494+0000] {logging_mixin.py:190} INFO - [2026-04-27T16:37:29.493+0000] {dagbag.py:588} INFO - Filling up the DagBag from /opt/airflow/dags/daily_chek.py
[2026-04-27T16:37:29.542+0000] {processor.py:925} INFO - DAG(s) 'daily_check' retrieved from /opt/airflow/dags/daily_chek.py
[2026-04-27T16:37:29.606+0000] {logging_mixin.py:190} INFO - [2026-04-27T16:37:29.606+0000] {dag.py:3239} INFO - Sync 1 DAGs
[2026-04-27T16:37:29.640+0000] {logging_mixin.py:190} INFO - [2026-04-27T16:37:29.640+0000] {dag.py:4180} INFO - Setting next_dagrun for daily_check to 2026-04-27 00:00:00+00:00, run_after=2026-04-28 00:00:00+00:00
[2026-04-27T16:37:29.767+0000] {processor.py:208} INFO - Processing /opt/airflow/dags/daily_chek.py took 0.302 seconds
[2026-04-27T16:37:59.866+0000] {processor.py:186} INFO - Started process (PID=2729) to work on /opt/airflow/dags/daily_chek.py
[2026-04-27T16:37:59.868+0000] {processor.py:914} INFO - Processing file /opt/airflow/dags/daily_chek.py for tasks to queue
[2026-04-27T16:37:59.874+0000] {logging_mixin.py:190} INFO - [2026-04-27T16:37:59.873+0000] {dagbag.py:588} INFO - Filling up the DagBag from /opt/airflow/dags/daily_chek.py
[2026-04-27T16:37:59.918+0000] {processor.py:925} INFO - DAG(s) 'daily_check' retrieved from /opt/airflow/dags/daily_chek.py
[2026-04-27T16:37:59.971+0000] {logging_mixin.py:190} INFO - [2026-04-27T16:37:59.970+0000] {dag.py:3239} INFO - Sync 1 DAGs
[2026-04-27T16:38:00.014+0000] {logging_mixin.py:190} INFO - [2026-04-27T16:38:00.014+0000] {dag.py:4180} INFO - Setting next_dagrun for daily_check to 2026-04-27 00:00:00+00:00, run_after=2026-04-28 00:00:00+00:00
[2026-04-27T16:38:00.041+0000] {processor.py:208} INFO - Processing /opt/airflow/dags/daily_chek.py took 0.190 seconds
[2026-04-27T16:38:30.393+0000] {processor.py:186} INFO - Started process (PID=2745) to work on /opt/airflow/dags/daily_chek.py
[2026-04-27T16:38:30.401+0000] {processor.py:914} INFO - Processing file /opt/airflow/dags/daily_chek.py for tasks to queue
[2026-04-27T16:38:30.406+0000] {logging_mixin.py:190} INFO - [2026-04-27T16:38:30.405+0000] {dagbag.py:588} INFO - Filling up the DagBag from /opt/airflow/dags/daily_chek.py
[2026-04-27T16:38:30.437+0000] {processor.py:925} INFO - DAG(s) 'daily_check' retrieved from /opt/airflow/dags/daily_chek.py
[2026-04-27T16:38:30.503+0000] {logging_mixin.py:190} INFO - [2026-04-27T16:38:30.502+0000] {dag.py:3239} INFO - Sync 1 DAGs
[2026-04-27T16:38:30.552+0000] {logging_mixin.py:190} INFO - [2026-04-27T16:38:30.551+0000] {dag.py:4180} INFO - Setting next_dagrun for daily_check to 2026-04-27 00:00:00+00:00, run_after=2026-04-28 00:00:00+00:00
[2026-04-27T16:38:30.578+0000] {processor.py:208} INFO - Processing /opt/airflow/dags/daily_chek.py took 0.204 seconds
[2026-04-27T16:39:00.686+0000] {processor.py:186} INFO - Started process (PID=2761) to work on /opt/airflow/dags/daily_chek.py
[2026-04-27T16:39:00.688+0000] {processor.py:914} INFO - Processing file /opt/airflow/dags/daily_chek.py for tasks to queue
[2026-04-27T16:39:00.694+0000] {logging_mixin.py:190} INFO - [2026-04-27T16:39:00.693+0000] {dagbag.py:588} INFO - Filling up the DagBag from /opt/airflow/dags/daily_chek.py
[2026-04-27T16:39:00.727+0000] {processor.py:925} INFO - DAG(s) 'daily_check' retrieved from /opt/airflow/dags/daily_chek.py
[2026-04-27T16:39:00.794+0000] {logging_mixin.py:190} INFO - [2026-04-27T16:39:00.793+0000] {dag.py:3239} INFO - Sync 1 DAGs
[2026-04-27T16:39:00.866+0000] {logging_mixin.py:190} INFO - [2026-04-27T16:39:00.865+0000] {dag.py:4180} INFO - Setting next_dagrun for daily_check to 2026-04-27 00:00:00+00:00, run_after=2026-04-28 00:00:00+00:00
[2026-04-27T16:39:00.917+0000] {processor.py:208} INFO - Processing /opt/airflow/dags/daily_chek.py took 0.249 seconds
[2026-04-27T16:39:31.226+0000] {processor.py:186} INFO - Started process (PID=2777) to work on /opt/airflow/dags/daily_chek.py
[2026-04-27T16:39:31.235+0000] {processor.py:914} INFO - Processing file /opt/airflow/dags/daily_chek.py for tasks to queue
[2026-04-27T16:39:31.243+0000] {logging_mixin.py:190} INFO - [2026-04-27T16:39:31.241+0000] {dagbag.py:588} INFO - Filling up the DagBag from /opt/airflow/dags/daily_chek.py
[2026-04-27T16:39:31.274+0000] {processor.py:925} INFO - DAG(s) 'daily_check' retrieved from /opt/airflow/dags/daily_chek.py
[2026-04-27T16:39:31.346+0000] {logging_mixin.py:190} INFO - [2026-04-27T16:39:31.346+0000] {dag.py:3239} INFO - Sync 1 DAGs
[2026-04-27T16:39:31.419+0000] {logging_mixin.py:190} INFO - [2026-04-27T16:39:31.418+0000] {dag.py:4180} INFO - Setting next_dagrun for daily_check to 2026-04-27 00:00:00+00:00, run_after=2026-04-28 00:00:00+00:00
[2026-04-27T16:39:31.471+0000] {processor.py:208} INFO - Processing /opt/airflow/dags/daily_chek.py took 0.266 seconds
[2026-04-27T16:40:01.772+0000] {processor.py:186} INFO - Started process (PID=2793) to work on /opt/airflow/dags/daily_chek.py
[2026-04-27T16:40:01.774+0000] {processor.py:914} INFO - Processing file /opt/airflow/dags/daily_chek.py for tasks to queue
[2026-04-27T16:40:01.780+0000] {logging_mixin.py:190} INFO - [2026-04-27T16:40:01.779+0000] {dagbag.py:588} INFO - Filling up the DagBag from /opt/airflow/dags/daily_chek.py
[2026-04-27T16:40:01.813+0000] {processor.py:925} INFO - DAG(s) 'daily_check' retrieved from /opt/airflow/dags/daily_chek.py
[2026-04-27T16:40:01.875+0000] {logging_mixin.py:190} INFO - [2026-04-27T16:40:01.874+0000] {dag.py:3239} INFO - Sync 1 DAGs
[2026-04-27T16:40:01.916+0000] {logging_mixin.py:190} INFO - [2026-04-27T16:40:01.915+0000] {dag.py:4180} INFO - Setting next_dagrun for daily_check to 2026-04-27 00:00:00+00:00, run_after=2026-04-28 00:00:00+00:00
[2026-04-27T16:40:01.941+0000] {processor.py:208} INFO - Processing /opt/airflow/dags/daily_chek.py took 0.184 seconds
[2026-04-27T16:40:32.052+0000] {processor.py:186} INFO - Started process (PID=2809) to work on /opt/airflow/dags/daily_chek.py
[2026-04-27T16:40:32.060+0000] {processor.py:914} INFO - Processing file /opt/airflow/dags/daily_chek.py for tasks to queue
[2026-04-27T16:40:32.066+0000] {logging_mixin.py:190} INFO - [2026-04-27T16:40:32.065+0000] {dagbag.py:588} INFO - Filling up the DagBag from /opt/airflow/dags/daily_chek.py
[2026-04-27T16:40:32.099+0000] {processor.py:925} INFO - DAG(s) 'daily_check' retrieved from /opt/airflow/dags/daily_chek.py
[2026-04-27T16:40:32.161+0000] {logging_mixin.py:190} INFO - [2026-04-27T16:40:32.160+0000] {dag.py:3239} INFO - Sync 1 DAGs
[2026-04-27T16:40:32.205+0000] {logging_mixin.py:190} INFO - [2026-04-27T16:40:32.205+0000] {dag.py:4180} INFO - Setting next_dagrun for daily_check to 2026-04-27 00:00:00+00:00, run_after=2026-04-28 00:00:00+00:00
[2026-04-27T16:40:32.338+0000] {processor.py:208} INFO - Processing /opt/airflow/dags/daily_chek.py took 0.301 seconds
[2026-04-27T16:41:02.484+0000] {processor.py:186} INFO - Started process (PID=2825) to work on /opt/airflow/dags/daily_chek.py
[2026-04-27T16:41:02.485+0000] {processor.py:914} INFO - Processing file /opt/airflow/dags/daily_chek.py for tasks to queue
[2026-04-27T16:41:02.491+0000] {logging_mixin.py:190} INFO - [2026-04-27T16:41:02.491+0000] {dagbag.py:588} INFO - Filling up the DagBag from /opt/airflow/dags/daily_chek.py
[2026-04-27T16:41:02.521+0000] {processor.py:925} INFO - DAG(s) 'daily_check' retrieved from /opt/airflow/dags/daily_chek.py
[2026-04-27T16:41:02.588+0000] {logging_mixin.py:190} INFO - [2026-04-27T16:41:02.587+0000] {dag.py:3239} INFO - Sync 1 DAGs
[2026-04-27T16:41:02.638+0000] {logging_mixin.py:190} INFO - [2026-04-27T16:41:02.638+0000] {dag.py:4180} INFO - Setting next_dagrun for daily_check to 2026-04-27 00:00:00+00:00, run_after=2026-04-28 00:00:00+00:00
[2026-04-27T16:41:02.670+0000] {processor.py:208} INFO - Processing /opt/airflow/dags/daily_chek.py took 0.202 seconds
[2026-04-27T16:41:32.890+0000] {processor.py:186} INFO - Started process (PID=2841) to work on /opt/airflow/dags/daily_chek.py
[2026-04-27T16:41:32.898+0000] {processor.py:914} INFO - Processing file /opt/airflow/dags/daily_chek.py for tasks to queue
[2026-04-27T16:41:32.905+0000] {logging_mixin.py:190} INFO - [2026-04-27T16:41:32.904+0000] {dagbag.py:588} INFO - Filling up the DagBag from /opt/airflow/dags/daily_chek.py
[2026-04-27T16:41:32.935+0000] {processor.py:925} INFO - DAG(s) 'daily_check' retrieved from /opt/airflow/dags/daily_chek.py
[2026-04-27T16:41:32.999+0000] {logging_mixin.py:190} INFO - [2026-04-27T16:41:32.998+0000] {dag.py:3239} INFO - Sync 1 DAGs
[2026-04-27T16:41:33.049+0000] {logging_mixin.py:190} INFO - [2026-04-27T16:41:33.049+0000] {dag.py:4180} INFO - Setting next_dagrun for daily_check to 2026-04-27 00:00:00+00:00, run_after=2026-04-28 00:00:00+00:00
[2026-04-27T16:41:33.069+0000] {processor.py:208} INFO - Processing /opt/airflow/dags/daily_chek.py took 0.194 seconds
[2026-04-27T16:42:03.378+0000] {processor.py:186} INFO - Started process (PID=2857) to work on /opt/airflow/dags/daily_chek.py
[2026-04-27T16:42:03.380+0000] {processor.py:914} INFO - Processing file /opt/airflow/dags/daily_chek.py for tasks to queue
[2026-04-27T16:42:03.385+0000] {logging_mixin.py:190} INFO - [2026-04-27T16:42:03.384+0000] {dagbag.py:588} INFO - Filling up the DagBag from /opt/airflow/dags/daily_chek.py
[2026-04-27T16:42:03.415+0000] {processor.py:925} INFO - DAG(s) 'daily_check' retrieved from /opt/airflow/dags/daily_chek.py
[2026-04-27T16:42:03.488+0000] {logging_mixin.py:190} INFO - [2026-04-27T16:42:03.487+0000] {dag.py:3239} INFO - Sync 1 DAGs
[2026-04-27T16:42:03.531+0000] {logging_mixin.py:190} INFO - [2026-04-27T16:42:03.530+0000] {dag.py:4180} INFO - Setting next_dagrun for daily_check to 2026-04-27 00:00:00+00:00, run_after=2026-04-28 00:00:00+00:00
[2026-04-27T16:42:03.554+0000] {processor.py:208} INFO - Processing /opt/airflow/dags/daily_chek.py took 0.192 seconds
[2026-04-27T16:42:33.676+0000] {processor.py:186} INFO - Started process (PID=2873) to work on /opt/airflow/dags/daily_chek.py
[2026-04-27T16:42:33.683+0000] {processor.py:914} INFO - Processing file /opt/airflow/dags/daily_chek.py for tasks to queue
[2026-04-27T16:42:33.688+0000] {logging_mixin.py:190} INFO - [2026-04-27T16:42:33.688+0000] {dagbag.py:588} INFO - Filling up the DagBag from /opt/airflow/dags/daily_chek.py
[2026-04-27T16:42:33.718+0000] {processor.py:925} INFO - DAG(s) 'daily_check' retrieved from /opt/airflow/dags/daily_chek.py
[2026-04-27T16:42:33.780+0000] {logging_mixin.py:190} INFO - [2026-04-27T16:42:33.780+0000] {dag.py:3239} INFO - Sync 1 DAGs
[2026-04-27T16:42:33.834+0000] {logging_mixin.py:190} INFO - [2026-04-27T16:42:33.834+0000] {dag.py:4180} INFO - Setting next_dagrun for daily_check to 2026-04-27 00:00:00+00:00, run_after=2026-04-28 00:00:00+00:00
[2026-04-27T16:42:33.865+0000] {processor.py:208} INFO - Processing /opt/airflow/dags/daily_chek.py took 0.205 seconds
[2026-04-27T16:43:04.089+0000] {processor.py:186} INFO - Started process (PID=2889) to work on /opt/airflow/dags/daily_chek.py
[2026-04-27T16:43:04.097+0000] {processor.py:914} INFO - Processing file /opt/airflow/dags/daily_chek.py for tasks to queue
[2026-04-27T16:43:04.102+0000] {logging_mixin.py:190} INFO - [2026-04-27T16:43:04.101+0000] {dagbag.py:588} INFO - Filling up the DagBag from /opt/airflow/dags/daily_chek.py
[2026-04-27T16:43:04.138+0000] {processor.py:925} INFO - DAG(s) 'daily_check' retrieved from /opt/airflow/dags/daily_chek.py
[2026-04-27T16:43:04.200+0000] {logging_mixin.py:190} INFO - [2026-04-27T16:43:04.199+0000] {dag.py:3239} INFO - Sync 1 DAGs
[2026-04-27T16:43:04.243+0000] {logging_mixin.py:190} INFO - [2026-04-27T16:43:04.242+0000] {dag.py:4180} INFO - Setting next_dagrun for daily_check to 2026-04-27 00:00:00+00:00, run_after=2026-04-28 00:00:00+00:00
[2026-04-27T16:43:04.270+0000] {processor.py:208} INFO - Processing /opt/airflow/dags/daily_chek.py took 0.197 seconds
[2026-04-27T16:43:34.430+0000] {processor.py:186} INFO - Started process (PID=2905) to work on /opt/airflow/dags/daily_chek.py
[2026-04-27T16:43:34.432+0000] {processor.py:914} INFO - Processing file /opt/airflow/dags/daily_chek.py for tasks to queue
[2026-04-27T16:43:34.438+0000] {logging_mixin.py:190} INFO - [2026-04-27T16:43:34.437+0000] {dagbag.py:588} INFO - Filling up the DagBag from /opt/airflow/dags/daily_chek.py
[2026-04-27T16:43:34.468+0000] {processor.py:925} INFO - DAG(s) 'daily_check' retrieved from /opt/airflow/dags/daily_chek.py
[2026-04-27T16:43:34.534+0000] {logging_mixin.py:190} INFO - [2026-04-27T16:43:34.533+0000] {dag.py:3239} INFO - Sync 1 DAGs
[2026-04-27T16:43:34.720+0000] {logging_mixin.py:190} INFO - [2026-04-27T16:43:34.719+0000] {dag.py:4180} INFO - Setting next_dagrun for daily_check to 2026-04-27 00:00:00+00:00, run_after=2026-04-28 00:00:00+00:00
[2026-04-27T16:43:34.733+0000] {processor.py:208} INFO - Processing /opt/airflow/dags/daily_chek.py took 0.319 seconds
[2026-04-27T16:44:04.943+0000] {processor.py:186} INFO - Started process (PID=2921) to work on /opt/airflow/dags/daily_chek.py
[2026-04-27T16:44:04.945+0000] {processor.py:914} INFO - Processing file /opt/airflow/dags/daily_chek.py for tasks to queue
[2026-04-27T16:44:04.953+0000] {logging_mixin.py:190} INFO - [2026-04-27T16:44:04.952+0000] {dagbag.py:588} INFO - Filling up the DagBag from /opt/airflow/dags/daily_chek.py
[2026-04-27T16:44:04.984+0000] {processor.py:925} INFO - DAG(s) 'daily_check' retrieved from /opt/airflow/dags/daily_chek.py
[2026-04-27T16:44:05.048+0000] {logging_mixin.py:190} INFO - [2026-04-27T16:44:05.048+0000] {dag.py:3239} INFO - Sync 1 DAGs
[2026-04-27T16:44:05.097+0000] {logging_mixin.py:190} INFO - [2026-04-27T16:44:05.097+0000] {dag.py:4180} INFO - Setting next_dagrun for daily_check to 2026-04-27 00:00:00+00:00, run_after=2026-04-28 00:00:00+00:00
[2026-04-27T16:44:05.127+0000] {processor.py:208} INFO - Processing /opt/airflow/dags/daily_chek.py took 0.200 seconds
[2026-04-27T21:09:17.193+0000] {processor.py:186} INFO - Started process (PID=2937) to work on /opt/airflow/dags/daily_chek.py
[2026-04-27T21:09:17.196+0000] {processor.py:914} INFO - Processing file /opt/airflow/dags/daily_chek.py for tasks to queue
[2026-04-27T21:09:17.202+0000] {logging_mixin.py:190} INFO - [2026-04-27T21:09:17.201+0000] {dagbag.py:588} INFO - Filling up the DagBag from /opt/airflow/dags/daily_chek.py
[2026-04-27T21:09:17.227+0000] {processor.py:925} INFO - DAG(s) 'daily_check' retrieved from /opt/airflow/dags/daily_chek.py
[2026-04-27T21:09:17.260+0000] {logging_mixin.py:190} INFO - [2026-04-27T21:09:17.260+0000] {dag.py:3239} INFO - Sync 1 DAGs
[2026-04-27T21:09:17.302+0000] {logging_mixin.py:190} INFO - [2026-04-27T21:09:17.302+0000] {dag.py:4180} INFO - Setting next_dagrun for daily_check to 2026-04-27 00:00:00+00:00, run_after=2026-04-28 00:00:00+00:00
[2026-04-27T21:09:17.335+0000] {processor.py:208} INFO - Processing /opt/airflow/dags/daily_chek.py took 0.165 seconds
[2026-04-27T21:09:47.683+0000] {processor.py:186} INFO - Started process (PID=2953) to work on /opt/airflow/dags/daily_chek.py
[2026-04-27T21:09:47.686+0000] {processor.py:914} INFO - Processing file /opt/airflow/dags/daily_chek.py for tasks to queue
[2026-04-27T21:09:47.693+0000] {logging_mixin.py:190} INFO - [2026-04-27T21:09:47.692+0000] {dagbag.py:588} INFO - Filling up the DagBag from /opt/airflow/dags/daily_chek.py
[2026-04-27T21:09:47.738+0000] {processor.py:925} INFO - DAG(s) 'daily_check' retrieved from /opt/airflow/dags/daily_chek.py
[2026-04-27T21:09:47.827+0000] {logging_mixin.py:190} INFO - [2026-04-27T21:09:47.826+0000] {dag.py:3239} INFO - Sync 1 DAGs
[2026-04-27T21:09:47.911+0000] {logging_mixin.py:190} INFO - [2026-04-27T21:09:47.910+0000] {dag.py:4180} INFO - Setting next_dagrun for daily_check to 2026-04-27 00:00:00+00:00, run_after=2026-04-28 00:00:00+00:00
[2026-04-27T21:09:47.952+0000] {processor.py:208} INFO - Processing /opt/airflow/dags/daily_chek.py took 0.298 seconds
[2026-04-27T21:10:18.287+0000] {processor.py:186} INFO - Started process (PID=2969) to work on /opt/airflow/dags/daily_chek.py
[2026-04-27T21:10:18.289+0000] {processor.py:914} INFO - Processing file /opt/airflow/dags/daily_chek.py for tasks to queue
[2026-04-27T21:10:18.297+0000] {logging_mixin.py:190} INFO - [2026-04-27T21:10:18.295+0000] {dagbag.py:588} INFO - Filling up the DagBag from /opt/airflow/dags/daily_chek.py
[2026-04-27T21:10:18.342+0000] {processor.py:925} INFO - DAG(s) 'daily_check' retrieved from /opt/airflow/dags/daily_chek.py
[2026-04-27T21:10:18.427+0000] {logging_mixin.py:190} INFO - [2026-04-27T21:10:18.426+0000] {dag.py:3239} INFO - Sync 1 DAGs
[2026-04-27T21:10:18.526+0000] {logging_mixin.py:190} INFO - [2026-04-27T21:10:18.525+0000] {dag.py:4180} INFO - Setting next_dagrun for daily_check to 2026-04-27 00:00:00+00:00, run_after=2026-04-28 00:00:00+00:00
[2026-04-27T21:10:18.576+0000] {processor.py:208} INFO - Processing /opt/airflow/dags/daily_chek.py took 0.310 seconds
[2026-04-27T21:10:48.924+0000] {processor.py:186} INFO - Started process (PID=2985) to work on /opt/airflow/dags/daily_chek.py
[2026-04-27T21:10:48.932+0000] {processor.py:914} INFO - Processing file /opt/airflow/dags/daily_chek.py for tasks to queue
[2026-04-27T21:10:48.940+0000] {logging_mixin.py:190} INFO - [2026-04-27T21:10:48.939+0000] {dagbag.py:588} INFO - Filling up the DagBag from /opt/airflow/dags/daily_chek.py
[2026-04-27T21:10:48.977+0000] {processor.py:925} INFO - DAG(s) 'daily_check' retrieved from /opt/airflow/dags/daily_chek.py
[2026-04-27T21:10:49.047+0000] {logging_mixin.py:190} INFO - [2026-04-27T21:10:49.047+0000] {dag.py:3239} INFO - Sync 1 DAGs
[2026-04-27T21:10:49.079+0000] {logging_mixin.py:190} INFO - [2026-04-27T21:10:49.079+0000] {dag.py:4180} INFO - Setting next_dagrun for daily_check to 2026-04-27 00:00:00+00:00, run_after=2026-04-28 00:00:00+00:00
[2026-04-27T21:10:49.220+0000] {processor.py:208} INFO - Processing /opt/airflow/dags/daily_chek.py took 0.315 seconds
[2026-04-27T21:11:19.589+0000] {processor.py:186} INFO - Started process (PID=3001) to work on /opt/airflow/dags/daily_chek.py
[2026-04-27T21:11:19.591+0000] {processor.py:914} INFO - Processing file /opt/airflow/dags/daily_chek.py for tasks to queue
[2026-04-27T21:11:19.599+0000] {logging_mixin.py:190} INFO - [2026-04-27T21:11:19.598+0000] {dagbag.py:588} INFO - Filling up the DagBag from /opt/airflow/dags/daily_chek.py
[2026-04-27T21:11:19.646+0000] {processor.py:925} INFO - DAG(s) 'daily_check' retrieved from /opt/airflow/dags/daily_chek.py
[2026-04-27T21:11:19.685+0000] {logging_mixin.py:190} INFO - [2026-04-27T21:11:19.685+0000] {dag.py:3239} INFO - Sync 1 DAGs
[2026-04-27T21:11:19.711+0000] {logging_mixin.py:190} INFO - [2026-04-27T21:11:19.711+0000] {dag.py:4180} INFO - Setting next_dagrun for daily_check to 2026-04-27 00:00:00+00:00, run_after=2026-04-28 00:00:00+00:00
[2026-04-27T21:11:19.734+0000] {processor.py:208} INFO - Processing /opt/airflow/dags/daily_chek.py took 0.165 seconds
[2026-04-27T21:11:50.107+0000] {processor.py:186} INFO - Started process (PID=3017) to work on /opt/airflow/dags/daily_chek.py
[2026-04-27T21:11:50.116+0000] {processor.py:914} INFO - Processing file /opt/airflow/dags/daily_chek.py for tasks to queue
[2026-04-27T21:11:50.123+0000] {logging_mixin.py:190} INFO - [2026-04-27T21:11:50.122+0000] {dagbag.py:588} INFO - Filling up the DagBag from /opt/airflow/dags/daily_chek.py
[2026-04-27T21:11:50.169+0000] {processor.py:925} INFO - DAG(s) 'daily_check' retrieved from /opt/airflow/dags/daily_chek.py
[2026-04-27T21:11:50.258+0000] {logging_mixin.py:190} INFO - [2026-04-27T21:11:50.257+0000] {dag.py:3239} INFO - Sync 1 DAGs
[2026-04-27T21:11:50.407+0000] {logging_mixin.py:190} INFO - [2026-04-27T21:11:50.406+0000] {dag.py:4180} INFO - Setting next_dagrun for daily_check to 2026-04-27 00:00:00+00:00, run_after=2026-04-28 00:00:00+00:00
[2026-04-27T21:11:50.460+0000] {processor.py:208} INFO - Processing /opt/airflow/dags/daily_chek.py took 0.384 seconds
[2026-04-27T21:12:20.814+0000] {processor.py:186} INFO - Started process (PID=3033) to work on /opt/airflow/dags/daily_chek.py
[2026-04-27T21:12:20.816+0000] {processor.py:914} INFO - Processing file /opt/airflow/dags/daily_chek.py for tasks to queue
[2026-04-27T21:12:20.821+0000] {logging_mixin.py:190} INFO - [2026-04-27T21:12:20.820+0000] {dagbag.py:588} INFO - Filling up the DagBag from /opt/airflow/dags/daily_chek.py
[2026-04-27T21:12:20.861+0000] {processor.py:925} INFO - DAG(s) 'daily_check' retrieved from /opt/airflow/dags/daily_chek.py
[2026-04-27T21:12:20.927+0000] {logging_mixin.py:190} INFO - [2026-04-27T21:12:20.927+0000] {dag.py:3239} INFO - Sync 1 DAGs
[2026-04-27T21:12:20.973+0000] {logging_mixin.py:190} INFO - [2026-04-27T21:12:20.973+0000] {dag.py:4180} INFO - Setting next_dagrun for daily_check to 2026-04-27 00:00:00+00:00, run_after=2026-04-28 00:00:00+00:00
[2026-04-27T21:12:20.996+0000] {processor.py:208} INFO - Processing /opt/airflow/dags/daily_chek.py took 0.201 seconds
[2026-04-27T21:12:51.350+0000] {processor.py:186} INFO - Started process (PID=3049) to work on /opt/airflow/dags/daily_chek.py
[2026-04-27T21:12:51.358+0000] {processor.py:914} INFO - Processing file /opt/airflow/dags/daily_chek.py for tasks to queue
[2026-04-27T21:12:51.364+0000] {logging_mixin.py:190} INFO - [2026-04-27T21:12:51.363+0000] {dagbag.py:588} INFO - Filling up the DagBag from /opt/airflow/dags/daily_chek.py
[2026-04-27T21:12:51.403+0000] {processor.py:925} INFO - DAG(s) 'daily_check' retrieved from /opt/airflow/dags/daily_chek.py
[2026-04-27T21:12:51.492+0000] {logging_mixin.py:190} INFO - [2026-04-27T21:12:51.491+0000] {dag.py:3239} INFO - Sync 1 DAGs
[2026-04-27T21:12:51.607+0000] {logging_mixin.py:190} INFO - [2026-04-27T21:12:51.606+0000] {dag.py:4180} INFO - Setting next_dagrun for daily_check to 2026-04-27 00:00:00+00:00, run_after=2026-04-28 00:00:00+00:00
[2026-04-27T21:12:51.679+0000] {processor.py:208} INFO - Processing /opt/airflow/dags/daily_chek.py took 0.349 seconds
[2026-04-27T21:13:22.005+0000] {processor.py:186} INFO - Started process (PID=3065) to work on /opt/airflow/dags/daily_chek.py
[2026-04-27T21:13:22.007+0000] {processor.py:914} INFO - Processing file /opt/airflow/dags/daily_chek.py for tasks to queue
[2026-04-27T21:13:22.011+0000] {logging_mixin.py:190} INFO - [2026-04-27T21:13:22.010+0000] {dagbag.py:588} INFO - Filling up the DagBag from /opt/airflow/dags/daily_chek.py
[2026-04-27T21:13:22.030+0000] {processor.py:925} INFO - DAG(s) 'daily_check' retrieved from /opt/airflow/dags/daily_chek.py
[2026-04-27T21:13:22.070+0000] {logging_mixin.py:190} INFO - [2026-04-27T21:13:22.070+0000] {dag.py:3239} INFO - Sync 1 DAGs
[2026-04-27T21:13:22.113+0000] {logging_mixin.py:190} INFO - [2026-04-27T21:13:22.113+0000] {dag.py:4180} INFO - Setting next_dagrun for daily_check to 2026-04-27 00:00:00+00:00, run_after=2026-04-28 00:00:00+00:00
[2026-04-27T21:13:22.146+0000] {processor.py:208} INFO - Processing /opt/airflow/dags/daily_chek.py took 0.152 seconds
[2026-04-27T21:13:53.199+0000] {processor.py:186} INFO - Started process (PID=3081) to work on /opt/airflow/dags/daily_chek.py
[2026-04-27T21:13:53.201+0000] {processor.py:914} INFO - Processing file /opt/airflow/dags/daily_chek.py for tasks to queue
[2026-04-27T21:13:53.207+0000] {logging_mixin.py:190} INFO - [2026-04-27T21:13:53.206+0000] {dagbag.py:588} INFO - Filling up the DagBag from /opt/airflow/dags/daily_chek.py
[2026-04-27T21:13:53.246+0000] {processor.py:925} INFO - DAG(s) 'daily_check' retrieved from /opt/airflow/dags/daily_chek.py
[2026-04-27T21:13:53.345+0000] {logging_mixin.py:190} INFO - [2026-04-27T21:13:53.344+0000] {dag.py:3239} INFO - Sync 1 DAGs
[2026-04-27T21:13:53.463+0000] {logging_mixin.py:190} INFO - [2026-04-27T21:13:53.462+0000] {dag.py:4180} INFO - Setting next_dagrun for daily_check to 2026-04-27 00:00:00+00:00, run_after=2026-04-28 00:00:00+00:00
[2026-04-27T21:13:53.674+0000] {processor.py:208} INFO - Processing /opt/airflow/dags/daily_chek.py took 0.497 seconds
[2026-04-27T21:14:24.014+0000] {processor.py:186} INFO - Started process (PID=3097) to work on /opt/airflow/dags/daily_chek.py
[2026-04-27T21:14:24.022+0000] {processor.py:914} INFO - Processing file /opt/airflow/dags/daily_chek.py for tasks to queue
[2026-04-27T21:14:24.031+0000] {logging_mixin.py:190} INFO - [2026-04-27T21:14:24.030+0000] {dagbag.py:588} INFO - Filling up the DagBag from /opt/airflow/dags/daily_chek.py
[2026-04-27T21:14:24.069+0000] {processor.py:925} INFO - DAG(s) 'daily_check' retrieved from /opt/airflow/dags/daily_chek.py
[2026-04-27T21:14:24.152+0000] {logging_mixin.py:190} INFO - [2026-04-27T21:14:24.151+0000] {dag.py:3239} INFO - Sync 1 DAGs
[2026-04-27T21:14:24.249+0000] {logging_mixin.py:190} INFO - [2026-04-27T21:14:24.248+0000] {dag.py:4180} INFO - Setting next_dagrun for daily_check to 2026-04-27 00:00:00+00:00, run_after=2026-04-28 00:00:00+00:00
[2026-04-27T21:14:24.316+0000] {processor.py:208} INFO - Processing /opt/airflow/dags/daily_chek.py took 0.321 seconds
[2026-04-27T21:14:54.706+0000] {processor.py:186} INFO - Started process (PID=3113) to work on /opt/airflow/dags/daily_chek.py
[2026-04-27T21:14:54.709+0000] {processor.py:914} INFO - Processing file /opt/airflow/dags/daily_chek.py for tasks to queue
[2026-04-27T21:14:54.721+0000] {logging_mixin.py:190} INFO - [2026-04-27T21:14:54.719+0000] {dagbag.py:588} INFO - Filling up the DagBag from /opt/airflow/dags/daily_chek.py
[2026-04-27T21:14:54.764+0000] {processor.py:925} INFO - DAG(s) 'daily_check' retrieved from /opt/airflow/dags/daily_chek.py
[2026-04-27T21:14:54.824+0000] {logging_mixin.py:190} INFO - [2026-04-27T21:14:54.823+0000] {dag.py:3239} INFO - Sync 1 DAGs
[2026-04-27T21:14:54.850+0000] {logging_mixin.py:190} INFO - [2026-04-27T21:14:54.850+0000] {dag.py:4180} INFO - Setting next_dagrun for daily_check to 2026-04-27 00:00:00+00:00, run_after=2026-04-28 00:00:00+00:00
[2026-04-27T21:14:54.876+0000] {processor.py:208} INFO - Processing /opt/airflow/dags/daily_chek.py took 0.195 seconds
[2026-04-27T21:15:25.055+0000] {processor.py:186} INFO - Started process (PID=3129) to work on /opt/airflow/dags/daily_chek.py
[2026-04-27T21:15:25.063+0000] {processor.py:914} INFO - Processing file /opt/airflow/dags/daily_chek.py for tasks to queue
[2026-04-27T21:15:25.070+0000] {logging_mixin.py:190} INFO - [2026-04-27T21:15:25.068+0000] {dagbag.py:588} INFO - Filling up the DagBag from /opt/airflow/dags/daily_chek.py
[2026-04-27T21:15:25.108+0000] {processor.py:925} INFO - DAG(s) 'daily_check' retrieved from /opt/airflow/dags/daily_chek.py
[2026-04-27T21:15:25.148+0000] {logging_mixin.py:190} INFO - [2026-04-27T21:15:25.148+0000] {dag.py:3239} INFO - Sync 1 DAGs
[2026-04-27T21:15:25.186+0000] {logging_mixin.py:190} INFO - [2026-04-27T21:15:25.186+0000] {dag.py:4180} INFO - Setting next_dagrun for daily_check to 2026-04-27 00:00:00+00:00, run_after=2026-04-28 00:00:00+00:00
[2026-04-27T21:15:25.211+0000] {processor.py:208} INFO - Processing /opt/airflow/dags/daily_chek.py took 0.181 seconds
[2026-04-27T21:15:55.589+0000] {processor.py:186} INFO - Started process (PID=3145) to work on /opt/airflow/dags/daily_chek.py
[2026-04-27T21:15:55.592+0000] {processor.py:914} INFO - Processing file /opt/airflow/dags/daily_chek.py for tasks to queue
[2026-04-27T21:15:55.598+0000] {logging_mixin.py:190} INFO - [2026-04-27T21:15:55.597+0000] {dagbag.py:588} INFO - Filling up the DagBag from /opt/airflow/dags/daily_chek.py
[2026-04-27T21:15:55.636+0000] {processor.py:925} INFO - DAG(s) 'daily_check' retrieved from /opt/airflow/dags/daily_chek.py
[2026-04-27T21:15:55.679+0000] {logging_mixin.py:190} INFO - [2026-04-27T21:15:55.679+0000] {dag.py:3239} INFO - Sync 1 DAGs
[2026-04-27T21:15:55.726+0000] {logging_mixin.py:190} INFO - [2026-04-27T21:15:55.725+0000] {dag.py:4180} INFO - Setting next_dagrun for daily_check to 2026-04-27 00:00:00+00:00, run_after=2026-04-28 00:00:00+00:00
[2026-04-27T21:15:55.761+0000] {processor.py:208} INFO - Processing /opt/airflow/dags/daily_chek.py took 0.201 seconds
[2026-04-27T21:16:25.942+0000] {processor.py:186} INFO - Started process (PID=3161) to work on /opt/airflow/dags/daily_chek.py
[2026-04-27T21:16:25.945+0000] {processor.py:914} INFO - Processing file /opt/airflow/dags/daily_chek.py for tasks to queue
[2026-04-27T21:16:25.951+0000] {logging_mixin.py:190} INFO - [2026-04-27T21:16:25.950+0000] {dagbag.py:588} INFO - Filling up the DagBag from /opt/airflow/dags/daily_chek.py
[2026-04-27T21:16:25.989+0000] {processor.py:925} INFO - DAG(s) 'daily_check' retrieved from /opt/airflow/dags/daily_chek.py
[2026-04-27T21:16:26.077+0000] {logging_mixin.py:190} INFO - [2026-04-27T21:16:26.076+0000] {dag.py:3239} INFO - Sync 1 DAGs
[2026-04-27T21:16:26.171+0000] {logging_mixin.py:190} INFO - [2026-04-27T21:16:26.171+0000] {dag.py:4180} INFO - Setting next_dagrun for daily_check to 2026-04-27 00:00:00+00:00, run_after=2026-04-28 00:00:00+00:00
[2026-04-27T21:16:26.234+0000] {processor.py:208} INFO - Processing /opt/airflow/dags/daily_chek.py took 0.313 seconds
[2026-04-27T21:16:56.634+0000] {processor.py:186} INFO - Started process (PID=3177) to work on /opt/airflow/dags/daily_chek.py
[2026-04-27T21:16:56.636+0000] {processor.py:914} INFO - Processing file /opt/airflow/dags/daily_chek.py for tasks to queue
[2026-04-27T21:16:56.643+0000] {logging_mixin.py:190} INFO - [2026-04-27T21:16:56.642+0000] {dagbag.py:588} INFO - Filling up the DagBag from /opt/airflow/dags/daily_chek.py
[2026-04-27T21:16:56.684+0000] {processor.py:925} INFO - DAG(s) 'daily_check' retrieved from /opt/airflow/dags/daily_chek.py
[2026-04-27T21:16:56.772+0000] {logging_mixin.py:190} INFO - [2026-04-27T21:16:56.771+0000] {dag.py:3239} INFO - Sync 1 DAGs
[2026-04-27T21:16:57.076+0000] {logging_mixin.py:190} INFO - [2026-04-27T21:16:57.076+0000] {dag.py:4180} INFO - Setting next_dagrun for daily_check to 2026-04-27 00:00:00+00:00, run_after=2026-04-28 00:00:00+00:00
[2026-04-27T21:16:57.103+0000] {processor.py:208} INFO - Processing /opt/airflow/dags/daily_chek.py took 0.494 seconds
[2026-04-27T21:17:27.467+0000] {processor.py:186} INFO - Started process (PID=3193) to work on /opt/airflow/dags/daily_chek.py
[2026-04-27T21:17:27.475+0000] {processor.py:914} INFO - Processing file /opt/airflow/dags/daily_chek.py for tasks to queue
[2026-04-27T21:17:27.485+0000] {logging_mixin.py:190} INFO - [2026-04-27T21:17:27.482+0000] {dagbag.py:588} INFO - Filling up the DagBag from /opt/airflow/dags/daily_chek.py
[2026-04-27T21:17:27.523+0000] {processor.py:925} INFO - DAG(s) 'daily_check' retrieved from /opt/airflow/dags/daily_chek.py
[2026-04-27T21:17:27.566+0000] {logging_mixin.py:190} INFO - [2026-04-27T21:17:27.566+0000] {dag.py:3239} INFO - Sync 1 DAGs
[2026-04-27T21:17:27.590+0000] {logging_mixin.py:190} INFO - [2026-04-27T21:17:27.590+0000] {dag.py:4180} INFO - Setting next_dagrun for daily_check to 2026-04-27 00:00:00+00:00, run_after=2026-04-28 00:00:00+00:00
[2026-04-27T21:17:27.607+0000] {processor.py:208} INFO - Processing /opt/airflow/dags/daily_chek.py took 0.170 seconds
[2026-04-27T21:17:57.770+0000] {processor.py:186} INFO - Started process (PID=3209) to work on /opt/airflow/dags/daily_chek.py
[2026-04-27T21:17:57.772+0000] {processor.py:914} INFO - Processing file /opt/airflow/dags/daily_chek.py for tasks to queue
[2026-04-27T21:17:57.783+0000] {logging_mixin.py:190} INFO - [2026-04-27T21:17:57.782+0000] {dagbag.py:588} INFO - Filling up the DagBag from /opt/airflow/dags/daily_chek.py
[2026-04-27T21:17:57.824+0000] {processor.py:925} INFO - DAG(s) 'daily_check' retrieved from /opt/airflow/dags/daily_chek.py
[2026-04-27T21:17:57.910+0000] {logging_mixin.py:190} INFO - [2026-04-27T21:17:57.909+0000] {dag.py:3239} INFO - Sync 1 DAGs
[2026-04-27T21:17:58.003+0000] {logging_mixin.py:190} INFO - [2026-04-27T21:17:58.002+0000] {dag.py:4180} INFO - Setting next_dagrun for daily_check to 2026-04-27 00:00:00+00:00, run_after=2026-04-28 00:00:00+00:00
[2026-04-27T21:17:58.054+0000] {processor.py:208} INFO - Processing /opt/airflow/dags/daily_chek.py took 0.304 seconds
[2026-04-27T21:18:28.402+0000] {processor.py:186} INFO - Started process (PID=3225) to work on /opt/airflow/dags/daily_chek.py
[2026-04-27T21:18:28.410+0000] {processor.py:914} INFO - Processing file /opt/airflow/dags/daily_chek.py for tasks to queue
[2026-04-27T21:18:28.417+0000] {logging_mixin.py:190} INFO - [2026-04-27T21:18:28.416+0000] {dagbag.py:588} INFO - Filling up the DagBag from /opt/airflow/dags/daily_chek.py
[2026-04-27T21:18:28.449+0000] {processor.py:925} INFO - DAG(s) 'daily_check' retrieved from /opt/airflow/dags/daily_chek.py
[2026-04-27T21:18:28.519+0000] {logging_mixin.py:190} INFO - [2026-04-27T21:18:28.518+0000] {dag.py:3239} INFO - Sync 1 DAGs
[2026-04-27T21:18:28.570+0000] {logging_mixin.py:190} INFO - [2026-04-27T21:18:28.569+0000] {dag.py:4180} INFO - Setting next_dagrun for daily_check to 2026-04-27 00:00:00+00:00, run_after=2026-04-28 00:00:00+00:00
[2026-04-27T21:18:28.599+0000] {processor.py:208} INFO - Processing /opt/airflow/dags/daily_chek.py took 0.215 seconds
[2026-04-27T21:18:58.715+0000] {processor.py:186} INFO - Started process (PID=3241) to work on /opt/airflow/dags/daily_chek.py
[2026-04-27T21:18:58.717+0000] {processor.py:914} INFO - Processing file /opt/airflow/dags/daily_chek.py for tasks to queue
[2026-04-27T21:18:58.726+0000] {logging_mixin.py:190} INFO - [2026-04-27T21:18:58.724+0000] {dagbag.py:588} INFO - Filling up the DagBag from /opt/airflow/dags/daily_chek.py
[2026-04-27T21:18:58.765+0000] {processor.py:925} INFO - DAG(s) 'daily_check' retrieved from /opt/airflow/dags/daily_chek.py
[2026-04-27T21:18:58.851+0000] {logging_mixin.py:190} INFO - [2026-04-27T21:18:58.849+0000] {dag.py:3239} INFO - Sync 1 DAGs
[2026-04-27T21:18:58.949+0000] {logging_mixin.py:190} INFO - [2026-04-27T21:18:58.948+0000] {dag.py:4180} INFO - Setting next_dagrun for daily_check to 2026-04-27 00:00:00+00:00, run_after=2026-04-28 00:00:00+00:00
[2026-04-27T21:18:59.005+0000] {processor.py:208} INFO - Processing /opt/airflow/dags/daily_chek.py took 0.311 seconds
[2026-04-27T21:19:29.429+0000] {processor.py:186} INFO - Started process (PID=3257) to work on /opt/airflow/dags/daily_chek.py
[2026-04-27T21:19:29.437+0000] {processor.py:914} INFO - Processing file /opt/airflow/dags/daily_chek.py for tasks to queue
[2026-04-27T21:19:29.445+0000] {logging_mixin.py:190} INFO - [2026-04-27T21:19:29.444+0000] {dagbag.py:588} INFO - Filling up the DagBag from /opt/airflow/dags/daily_chek.py
[2026-04-27T21:19:29.489+0000] {processor.py:925} INFO - DAG(s) 'daily_check' retrieved from /opt/airflow/dags/daily_chek.py
[2026-04-27T21:19:29.575+0000] {logging_mixin.py:190} INFO - [2026-04-27T21:19:29.573+0000] {dag.py:3239} INFO - Sync 1 DAGs
[2026-04-27T21:19:29.685+0000] {logging_mixin.py:190} INFO - [2026-04-27T21:19:29.684+0000] {dag.py:4180} INFO - Setting next_dagrun for daily_check to 2026-04-27 00:00:00+00:00, run_after=2026-04-28 00:00:00+00:00
[2026-04-27T21:19:29.911+0000] {processor.py:208} INFO - Processing /opt/airflow/dags/daily_chek.py took 0.503 seconds
[2026-04-27T21:20:00.278+0000] {processor.py:186} INFO - Started process (PID=3273) to work on /opt/airflow/dags/daily_chek.py
[2026-04-27T21:20:00.280+0000] {processor.py:914} INFO - Processing file /opt/airflow/dags/daily_chek.py for tasks to queue
[2026-04-27T21:20:00.287+0000] {logging_mixin.py:190} INFO - [2026-04-27T21:20:00.286+0000] {dagbag.py:588} INFO - Filling up the DagBag from /opt/airflow/dags/daily_chek.py
[2026-04-27T21:20:00.328+0000] {processor.py:925} INFO - DAG(s) 'daily_check' retrieved from /opt/airflow/dags/daily_chek.py
[2026-04-27T21:20:00.417+0000] {logging_mixin.py:190} INFO - [2026-04-27T21:20:00.416+0000] {dag.py:3239} INFO - Sync 1 DAGs
[2026-04-27T21:20:00.512+0000] {logging_mixin.py:190} INFO - [2026-04-27T21:20:00.512+0000] {dag.py:4180} INFO - Setting next_dagrun for daily_check to 2026-04-27 00:00:00+00:00, run_after=2026-04-28 00:00:00+00:00
[2026-04-27T21:20:00.577+0000] {processor.py:208} INFO - Processing /opt/airflow/dags/daily_chek.py took 0.322 seconds
[2026-04-27T21:20:30.978+0000] {processor.py:186} INFO - Started process (PID=3289) to work on /opt/airflow/dags/daily_chek.py
[2026-04-27T21:20:30.987+0000] {processor.py:914} INFO - Processing file /opt/airflow/dags/daily_chek.py for tasks to queue
[2026-04-27T21:20:30.992+0000] {logging_mixin.py:190} INFO - [2026-04-27T21:20:30.991+0000] {dagbag.py:588} INFO - Filling up the DagBag from /opt/airflow/dags/daily_chek.py
[2026-04-27T21:20:31.028+0000] {processor.py:925} INFO - DAG(s) 'daily_check' retrieved from /opt/airflow/dags/daily_chek.py
[2026-04-27T21:20:31.109+0000] {logging_mixin.py:190} INFO - [2026-04-27T21:20:31.108+0000] {dag.py:3239} INFO - Sync 1 DAGs
[2026-04-27T21:20:31.166+0000] {logging_mixin.py:190} INFO - [2026-04-27T21:20:31.166+0000] {dag.py:4180} INFO - Setting next_dagrun for daily_check to 2026-04-27 00:00:00+00:00, run_after=2026-04-28 00:00:00+00:00
[2026-04-27T21:20:31.202+0000] {processor.py:208} INFO - Processing /opt/airflow/dags/daily_chek.py took 0.254 seconds
[2026-04-27T21:21:01.297+0000] {processor.py:186} INFO - Started process (PID=3305) to work on /opt/airflow/dags/daily_chek.py
[2026-04-27T21:21:01.299+0000] {processor.py:914} INFO - Processing file /opt/airflow/dags/daily_chek.py for tasks to queue
[2026-04-27T21:21:01.307+0000] {logging_mixin.py:190} INFO - [2026-04-27T21:21:01.306+0000] {dagbag.py:588} INFO - Filling up the DagBag from /opt/airflow/dags/daily_chek.py
[2026-04-27T21:21:01.343+0000] {processor.py:925} INFO - DAG(s) 'daily_check' retrieved from /opt/airflow/dags/daily_chek.py
[2026-04-27T21:21:01.431+0000] {logging_mixin.py:190} INFO - [2026-04-27T21:21:01.430+0000] {dag.py:3239} INFO - Sync 1 DAGs
[2026-04-27T21:21:01.464+0000] {logging_mixin.py:190} INFO - [2026-04-27T21:21:01.464+0000] {dag.py:4180} INFO - Setting next_dagrun for daily_check to 2026-04-27 00:00:00+00:00, run_after=2026-04-28 00:00:00+00:00
[2026-04-27T21:21:01.483+0000] {processor.py:208} INFO - Processing /opt/airflow/dags/daily_chek.py took 0.211 seconds
[2026-04-27T21:21:31.823+0000] {processor.py:186} INFO - Started process (PID=3321) to work on /opt/airflow/dags/daily_chek.py
[2026-04-27T21:21:31.831+0000] {processor.py:914} INFO - Processing file /opt/airflow/dags/daily_chek.py for tasks to queue
[2026-04-27T21:21:31.837+0000] {logging_mixin.py:190} INFO - [2026-04-27T21:21:31.836+0000] {dagbag.py:588} INFO - Filling up the DagBag from /opt/airflow/dags/daily_chek.py
[2026-04-27T21:21:31.871+0000] {processor.py:925} INFO - DAG(s) 'daily_check' retrieved from /opt/airflow/dags/daily_chek.py
[2026-04-27T21:21:31.940+0000] {logging_mixin.py:190} INFO - [2026-04-27T21:21:31.939+0000] {dag.py:3239} INFO - Sync 1 DAGs
[2026-04-27T21:21:32.014+0000] {logging_mixin.py:190} INFO - [2026-04-27T21:21:32.013+0000] {dag.py:4180} INFO - Setting next_dagrun for daily_check to 2026-04-27 00:00:00+00:00, run_after=2026-04-28 00:00:00+00:00
[2026-04-27T21:21:32.067+0000] {processor.py:208} INFO - Processing /opt/airflow/dags/daily_chek.py took 0.262 seconds
[2026-04-27T21:22:02.410+0000] {processor.py:186} INFO - Started process (PID=3337) to work on /opt/airflow/dags/daily_chek.py
[2026-04-27T21:22:02.412+0000] {processor.py:914} INFO - Processing file /opt/airflow/dags/daily_chek.py for tasks to queue
[2026-04-27T21:22:02.419+0000] {logging_mixin.py:190} INFO - [2026-04-27T21:22:02.418+0000] {dagbag.py:588} INFO - Filling up the DagBag from /opt/airflow/dags/daily_chek.py
[2026-04-27T21:22:02.456+0000] {processor.py:925} INFO - DAG(s) 'daily_check' retrieved from /opt/airflow/dags/daily_chek.py
[2026-04-27T21:22:02.528+0000] {logging_mixin.py:190} INFO - [2026-04-27T21:22:02.527+0000] {dag.py:3239} INFO - Sync 1 DAGs
[2026-04-27T21:22:02.603+0000] {logging_mixin.py:190} INFO - [2026-04-27T21:22:02.603+0000] {dag.py:4180} INFO - Setting next_dagrun for daily_check to 2026-04-27 00:00:00+00:00, run_after=2026-04-28 00:00:00+00:00
[2026-04-27T21:22:02.660+0000] {processor.py:208} INFO - Processing /opt/airflow/dags/daily_chek.py took 0.267 seconds
[2026-04-27T21:22:33.013+0000] {processor.py:186} INFO - Started process (PID=3353) to work on /opt/airflow/dags/daily_chek.py
[2026-04-27T21:22:33.021+0000] {processor.py:914} INFO - Processing file /opt/airflow/dags/daily_chek.py for tasks to queue
[2026-04-27T21:22:33.029+0000] {logging_mixin.py:190} INFO - [2026-04-27T21:22:33.028+0000] {dagbag.py:588} INFO - Filling up the DagBag from /opt/airflow/dags/daily_chek.py
[2026-04-27T21:22:33.068+0000] {processor.py:925} INFO - DAG(s) 'daily_check' retrieved from /opt/airflow/dags/daily_chek.py
[2026-04-27T21:22:33.149+0000] {logging_mixin.py:190} INFO - [2026-04-27T21:22:33.148+0000] {dag.py:3239} INFO - Sync 1 DAGs
[2026-04-27T21:22:33.203+0000] {logging_mixin.py:190} INFO - [2026-04-27T21:22:33.202+0000] {dag.py:4180} INFO - Setting next_dagrun for daily_check to 2026-04-27 00:00:00+00:00, run_after=2026-04-28 00:00:00+00:00
[2026-04-27T21:22:33.348+0000] {processor.py:208} INFO - Processing /opt/airflow/dags/daily_chek.py took 0.359 seconds
[2026-04-27T21:23:03.664+0000] {processor.py:186} INFO - Started process (PID=3370) to work on /opt/airflow/dags/daily_chek.py
[2026-04-27T21:23:03.666+0000] {processor.py:914} INFO - Processing file /opt/airflow/dags/daily_chek.py for tasks to queue
[2026-04-27T21:23:03.671+0000] {logging_mixin.py:190} INFO - [2026-04-27T21:23:03.670+0000] {dagbag.py:588} INFO - Filling up the DagBag from /opt/airflow/dags/daily_chek.py
[2026-04-27T21:23:03.704+0000] {processor.py:925} INFO - DAG(s) 'daily_check' retrieved from /opt/airflow/dags/daily_chek.py
[2026-04-27T21:23:03.777+0000] {logging_mixin.py:190} INFO - [2026-04-27T21:23:03.777+0000] {dag.py:3239} INFO - Sync 1 DAGs
[2026-04-27T21:23:03.846+0000] {logging_mixin.py:190} INFO - [2026-04-27T21:23:03.846+0000] {dag.py:4180} INFO - Setting next_dagrun for daily_check to 2026-04-27 00:00:00+00:00, run_after=2026-04-28 00:00:00+00:00
[2026-04-27T21:23:03.874+0000] {processor.py:208} INFO - Processing /opt/airflow/dags/daily_chek.py took 0.228 seconds
[2026-04-27T21:23:33.960+0000] {processor.py:186} INFO - Started process (PID=3386) to work on /opt/airflow/dags/daily_chek.py
[2026-04-27T21:23:33.968+0000] {processor.py:914} INFO - Processing file /opt/airflow/dags/daily_chek.py for tasks to queue
[2026-04-27T21:23:33.974+0000] {logging_mixin.py:190} INFO - [2026-04-27T21:23:33.973+0000] {dagbag.py:588} INFO - Filling up the DagBag from /opt/airflow/dags/daily_chek.py
[2026-04-27T21:23:34.024+0000] {processor.py:925} INFO - DAG(s) 'daily_check' retrieved from /opt/airflow/dags/daily_chek.py
[2026-04-27T21:23:34.118+0000] {logging_mixin.py:190} INFO - [2026-04-27T21:23:34.117+0000] {dag.py:3239} INFO - Sync 1 DAGs
[2026-04-27T21:23:34.206+0000] {logging_mixin.py:190} INFO - [2026-04-27T21:23:34.205+0000] {dag.py:4180} INFO - Setting next_dagrun for daily_check to 2026-04-27 00:00:00+00:00, run_after=2026-04-28 00:00:00+00:00
[2026-04-27T21:23:34.267+0000] {processor.py:208} INFO - Processing /opt/airflow/dags/daily_chek.py took 0.324 seconds
[2026-04-27T21:24:04.411+0000] {processor.py:186} INFO - Started process (PID=3402) to work on /opt/airflow/dags/daily_chek.py
[2026-04-27T21:24:04.418+0000] {processor.py:914} INFO - Processing file /opt/airflow/dags/daily_chek.py for tasks to queue
[2026-04-27T21:24:04.420+0000] {logging_mixin.py:190} INFO - [2026-04-27T21:24:04.420+0000] {dagbag.py:588} INFO - Filling up the DagBag from /opt/airflow/dags/daily_chek.py
[2026-04-27T21:24:04.432+0000] {processor.py:925} INFO - DAG(s) 'daily_check' retrieved from /opt/airflow/dags/daily_chek.py
[2026-04-27T21:24:04.460+0000] {logging_mixin.py:190} INFO - [2026-04-27T21:24:04.460+0000] {dag.py:3239} INFO - Sync 1 DAGs
[2026-04-27T21:24:04.487+0000] {logging_mixin.py:190} INFO - [2026-04-27T21:24:04.487+0000] {dag.py:4180} INFO - Setting next_dagrun for daily_check to 2026-04-27 00:00:00+00:00, run_after=2026-04-28 00:00:00+00:00
[2026-04-27T21:24:04.504+0000] {processor.py:208} INFO - Processing /opt/airflow/dags/daily_chek.py took 0.100 seconds
[2026-04-27T21:24:34.761+0000] {processor.py:186} INFO - Started process (PID=3418) to work on /opt/airflow/dags/daily_chek.py
[2026-04-27T21:24:34.762+0000] {processor.py:914} INFO - Processing file /opt/airflow/dags/daily_chek.py for tasks to queue
[2026-04-27T21:24:34.766+0000] {logging_mixin.py:190} INFO - [2026-04-27T21:24:34.766+0000] {dagbag.py:588} INFO - Filling up the DagBag from /opt/airflow/dags/daily_chek.py
[2026-04-27T21:24:34.783+0000] {processor.py:925} INFO - DAG(s) 'daily_check' retrieved from /opt/airflow/dags/daily_chek.py
[2026-04-27T21:24:34.812+0000] {logging_mixin.py:190} INFO - [2026-04-27T21:24:34.812+0000] {dag.py:3239} INFO - Sync 1 DAGs
[2026-04-27T21:24:34.847+0000] {logging_mixin.py:190} INFO - [2026-04-27T21:24:34.846+0000] {dag.py:4180} INFO - Setting next_dagrun for daily_check to 2026-04-27 00:00:00+00:00, run_after=2026-04-28 00:00:00+00:00
[2026-04-27T21:24:34.873+0000] {processor.py:208} INFO - Processing /opt/airflow/dags/daily_chek.py took 0.121 seconds
[2026-04-27T21:25:04.916+0000] {processor.py:186} INFO - Started process (PID=3434) to work on /opt/airflow/dags/daily_chek.py
[2026-04-27T21:25:04.917+0000] {processor.py:914} INFO - Processing file /opt/airflow/dags/daily_chek.py for tasks to queue
[2026-04-27T21:25:04.921+0000] {logging_mixin.py:190} INFO - [2026-04-27T21:25:04.920+0000] {dagbag.py:588} INFO - Filling up the DagBag from /opt/airflow/dags/daily_chek.py
[2026-04-27T21:25:04.937+0000] {processor.py:925} INFO - DAG(s) 'daily_check' retrieved from /opt/airflow/dags/daily_chek.py
[2026-04-27T21:25:04.969+0000] {logging_mixin.py:190} INFO - [2026-04-27T21:25:04.969+0000] {dag.py:3239} INFO - Sync 1 DAGs
[2026-04-27T21:25:05.006+0000] {logging_mixin.py:190} INFO - [2026-04-27T21:25:05.005+0000] {dag.py:4180} INFO - Setting next_dagrun for daily_check to 2026-04-27 00:00:00+00:00, run_after=2026-04-28 00:00:00+00:00
[2026-04-27T21:25:05.206+0000] {processor.py:208} INFO - Processing /opt/airflow/dags/daily_chek.py took 0.299 seconds
[2026-04-27T21:25:35.531+0000] {processor.py:186} INFO - Started process (PID=3450) to work on /opt/airflow/dags/daily_chek.py
[2026-04-27T21:25:35.533+0000] {processor.py:914} INFO - Processing file /opt/airflow/dags/daily_chek.py for tasks to queue
[2026-04-27T21:25:35.544+0000] {logging_mixin.py:190} INFO - [2026-04-27T21:25:35.542+0000] {dagbag.py:588} INFO - Filling up the DagBag from /opt/airflow/dags/daily_chek.py
[2026-04-27T21:25:35.588+0000] {processor.py:925} INFO - DAG(s) 'daily_check' retrieved from /opt/airflow/dags/daily_chek.py
[2026-04-27T21:25:35.674+0000] {logging_mixin.py:190} INFO - [2026-04-27T21:25:35.673+0000] {dag.py:3239} INFO - Sync 1 DAGs
[2026-04-27T21:25:35.940+0000] {logging_mixin.py:190} INFO - [2026-04-27T21:25:35.940+0000] {dag.py:4180} INFO - Setting next_dagrun for daily_check to 2026-04-27 00:00:00+00:00, run_after=2026-04-28 00:00:00+00:00
[2026-04-27T21:25:35.962+0000] {processor.py:208} INFO - Processing /opt/airflow/dags/daily_chek.py took 0.456 seconds
[2026-04-27T21:26:06.320+0000] {processor.py:186} INFO - Started process (PID=3466) to work on /opt/airflow/dags/daily_chek.py
[2026-04-27T21:26:06.323+0000] {processor.py:914} INFO - Processing file /opt/airflow/dags/daily_chek.py for tasks to queue
[2026-04-27T21:26:06.330+0000] {logging_mixin.py:190} INFO - [2026-04-27T21:26:06.329+0000] {dagbag.py:588} INFO - Filling up the DagBag from /opt/airflow/dags/daily_chek.py
[2026-04-27T21:26:06.371+0000] {processor.py:925} INFO - DAG(s) 'daily_check' retrieved from /opt/airflow/dags/daily_chek.py
[2026-04-27T21:26:06.445+0000] {logging_mixin.py:190} INFO - [2026-04-27T21:26:06.444+0000] {dag.py:3239} INFO - Sync 1 DAGs
[2026-04-27T21:26:06.497+0000] {logging_mixin.py:190} INFO - [2026-04-27T21:26:06.497+0000] {dag.py:4180} INFO - Setting next_dagrun for daily_check to 2026-04-27 00:00:00+00:00, run_after=2026-04-28 00:00:00+00:00
[2026-04-27T21:26:06.536+0000] {processor.py:208} INFO - Processing /opt/airflow/dags/daily_chek.py took 0.239 seconds
[2026-04-27T21:26:36.601+0000] {processor.py:186} INFO - Started process (PID=3482) to work on /opt/airflow/dags/daily_chek.py
[2026-04-27T21:26:36.602+0000] {processor.py:914} INFO - Processing file /opt/airflow/dags/daily_chek.py for tasks to queue
[2026-04-27T21:26:36.603+0000] {logging_mixin.py:190} INFO - [2026-04-27T21:26:36.603+0000] {dagbag.py:588} INFO - Filling up the DagBag from /opt/airflow/dags/daily_chek.py
[2026-04-27T21:26:36.616+0000] {processor.py:925} INFO - DAG(s) 'daily_check' retrieved from /opt/airflow/dags/daily_chek.py
[2026-04-27T21:26:36.642+0000] {logging_mixin.py:190} INFO - [2026-04-27T21:26:36.642+0000] {dag.py:3239} INFO - Sync 1 DAGs
[2026-04-27T21:26:36.670+0000] {logging_mixin.py:190} INFO - [2026-04-27T21:26:36.670+0000] {dag.py:4180} INFO - Setting next_dagrun for daily_check to 2026-04-27 00:00:00+00:00, run_after=2026-04-28 00:00:00+00:00
[2026-04-27T21:26:36.690+0000] {processor.py:208} INFO - Processing /opt/airflow/dags/daily_chek.py took 0.095 seconds
[2026-04-27T21:27:07.001+0000] {processor.py:186} INFO - Started process (PID=3498) to work on /opt/airflow/dags/daily_chek.py
[2026-04-27T21:27:07.004+0000] {processor.py:914} INFO - Processing file /opt/airflow/dags/daily_chek.py for tasks to queue
[2026-04-27T21:27:07.009+0000] {logging_mixin.py:190} INFO - [2026-04-27T21:27:07.008+0000] {dagbag.py:588} INFO - Filling up the DagBag from /opt/airflow/dags/daily_chek.py
[2026-04-27T21:27:07.041+0000] {processor.py:925} INFO - DAG(s) 'daily_check' retrieved from /opt/airflow/dags/daily_chek.py
[2026-04-27T21:27:07.112+0000] {logging_mixin.py:190} INFO - [2026-04-27T21:27:07.111+0000] {dag.py:3239} INFO - Sync 1 DAGs
[2026-04-27T21:27:07.169+0000] {logging_mixin.py:190} INFO - [2026-04-27T21:27:07.169+0000] {dag.py:4180} INFO - Setting next_dagrun for daily_check to 2026-04-27 00:00:00+00:00, run_after=2026-04-28 00:00:00+00:00
[2026-04-27T21:27:07.194+0000] {processor.py:208} INFO - Processing /opt/airflow/dags/daily_chek.py took 0.209 seconds
[2026-04-27T21:27:37.314+0000] {processor.py:186} INFO - Started process (PID=3514) to work on /opt/airflow/dags/daily_chek.py
[2026-04-27T21:27:37.317+0000] {processor.py:914} INFO - Processing file /opt/airflow/dags/daily_chek.py for tasks to queue
[2026-04-27T21:27:37.324+0000] {logging_mixin.py:190} INFO - [2026-04-27T21:27:37.323+0000] {dagbag.py:588} INFO - Filling up the DagBag from /opt/airflow/dags/daily_chek.py
[2026-04-27T21:27:37.357+0000] {processor.py:925} INFO - DAG(s) 'daily_check' retrieved from /opt/airflow/dags/daily_chek.py
[2026-04-27T21:27:37.421+0000] {logging_mixin.py:190} INFO - [2026-04-27T21:27:37.421+0000] {dag.py:3239} INFO - Sync 1 DAGs
[2026-04-27T21:27:37.488+0000] {logging_mixin.py:190} INFO - [2026-04-27T21:27:37.487+0000] {dag.py:4180} INFO - Setting next_dagrun for daily_check to 2026-04-27 00:00:00+00:00, run_after=2026-04-28 00:00:00+00:00
[2026-04-27T21:27:37.535+0000] {processor.py:208} INFO - Processing /opt/airflow/dags/daily_chek.py took 0.244 seconds
[2026-04-27T21:28:07.883+0000] {processor.py:186} INFO - Started process (PID=3530) to work on /opt/airflow/dags/daily_chek.py
[2026-04-27T21:28:07.892+0000] {processor.py:914} INFO - Processing file /opt/airflow/dags/daily_chek.py for tasks to queue
[2026-04-27T21:28:07.899+0000] {logging_mixin.py:190} INFO - [2026-04-27T21:28:07.898+0000] {dagbag.py:588} INFO - Filling up the DagBag from /opt/airflow/dags/daily_chek.py
[2026-04-27T21:28:07.937+0000] {processor.py:925} INFO - DAG(s) 'daily_check' retrieved from /opt/airflow/dags/daily_chek.py
[2026-04-27T21:28:07.999+0000] {logging_mixin.py:190} INFO - [2026-04-27T21:28:07.999+0000] {dag.py:3239} INFO - Sync 1 DAGs
[2026-04-27T21:28:08.045+0000] {logging_mixin.py:190} INFO - [2026-04-27T21:28:08.045+0000] {dag.py:4180} INFO - Setting next_dagrun for daily_check to 2026-04-27 00:00:00+00:00, run_after=2026-04-28 00:00:00+00:00
[2026-04-27T21:28:08.179+0000] {processor.py:208} INFO - Processing /opt/airflow/dags/daily_chek.py took 0.316 seconds
[2026-04-27T21:28:38.473+0000] {processor.py:186} INFO - Started process (PID=3546) to work on /opt/airflow/dags/daily_chek.py
[2026-04-27T21:28:38.475+0000] {processor.py:914} INFO - Processing file /opt/airflow/dags/daily_chek.py for tasks to queue
[2026-04-27T21:28:38.480+0000] {logging_mixin.py:190} INFO - [2026-04-27T21:28:38.480+0000] {dagbag.py:588} INFO - Filling up the DagBag from /opt/airflow/dags/daily_chek.py
[2026-04-27T21:28:38.509+0000] {processor.py:925} INFO - DAG(s) 'daily_check' retrieved from /opt/airflow/dags/daily_chek.py
[2026-04-27T21:28:38.572+0000] {logging_mixin.py:190} INFO - [2026-04-27T21:28:38.571+0000] {dag.py:3239} INFO - Sync 1 DAGs
[2026-04-27T21:28:38.766+0000] {logging_mixin.py:190} INFO - [2026-04-27T21:28:38.766+0000] {dag.py:4180} INFO - Setting next_dagrun for daily_check to 2026-04-27 00:00:00+00:00, run_after=2026-04-28 00:00:00+00:00
[2026-04-27T21:28:38.786+0000] {processor.py:208} INFO - Processing /opt/airflow/dags/daily_chek.py took 0.328 seconds
[2026-04-27T21:29:09.074+0000] {processor.py:186} INFO - Started process (PID=3562) to work on /opt/airflow/dags/daily_chek.py
[2026-04-27T21:29:09.075+0000] {processor.py:914} INFO - Processing file /opt/airflow/dags/daily_chek.py for tasks to queue
[2026-04-27T21:29:09.078+0000] {logging_mixin.py:190} INFO - [2026-04-27T21:29:09.078+0000] {dagbag.py:588} INFO - Filling up the DagBag from /opt/airflow/dags/daily_chek.py
[2026-04-27T21:29:09.092+0000] {processor.py:925} INFO - DAG(s) 'daily_check' retrieved from /opt/airflow/dags/daily_chek.py
[2026-04-27T21:29:09.131+0000] {logging_mixin.py:190} INFO - [2026-04-27T21:29:09.130+0000] {dag.py:3239} INFO - Sync 1 DAGs
[2026-04-27T21:29:09.162+0000] {logging_mixin.py:190} INFO - [2026-04-27T21:29:09.162+0000] {dag.py:4180} INFO - Setting next_dagrun for daily_check to 2026-04-27 00:00:00+00:00, run_after=2026-04-28 00:00:00+00:00
[2026-04-27T21:29:09.183+0000] {processor.py:208} INFO - Processing /opt/airflow/dags/daily_chek.py took 0.116 seconds
[2026-04-27T21:29:39.406+0000] {processor.py:186} INFO - Started process (PID=3578) to work on /opt/airflow/dags/daily_chek.py
[2026-04-27T21:29:39.408+0000] {processor.py:914} INFO - Processing file /opt/airflow/dags/daily_chek.py for tasks to queue
[2026-04-27T21:29:39.414+0000] {logging_mixin.py:190} INFO - [2026-04-27T21:29:39.413+0000] {dagbag.py:588} INFO - Filling up the DagBag from /opt/airflow/dags/daily_chek.py
[2026-04-27T21:29:39.451+0000] {processor.py:925} INFO - DAG(s) 'daily_check' retrieved from /opt/airflow/dags/daily_chek.py
[2026-04-27T21:29:39.518+0000] {logging_mixin.py:190} INFO - [2026-04-27T21:29:39.518+0000] {dag.py:3239} INFO - Sync 1 DAGs
[2026-04-27T21:29:39.564+0000] {logging_mixin.py:190} INFO - [2026-04-27T21:29:39.564+0000] {dag.py:4180} INFO - Setting next_dagrun for daily_check to 2026-04-27 00:00:00+00:00, run_after=2026-04-28 00:00:00+00:00
[2026-04-27T21:29:39.587+0000] {processor.py:208} INFO - Processing /opt/airflow/dags/daily_chek.py took 0.201 seconds
[2026-04-27T21:30:09.725+0000] {processor.py:186} INFO - Started process (PID=3595) to work on /opt/airflow/dags/daily_chek.py
[2026-04-27T21:30:09.733+0000] {processor.py:914} INFO - Processing file /opt/airflow/dags/daily_chek.py for tasks to queue
[2026-04-27T21:30:09.739+0000] {logging_mixin.py:190} INFO - [2026-04-27T21:30:09.738+0000] {dagbag.py:588} INFO - Filling up the DagBag from /opt/airflow/dags/daily_chek.py
[2026-04-27T21:30:09.776+0000] {processor.py:925} INFO - DAG(s) 'daily_check' retrieved from /opt/airflow/dags/daily_chek.py
[2026-04-27T21:30:09.851+0000] {logging_mixin.py:190} INFO - [2026-04-27T21:30:09.850+0000] {dag.py:3239} INFO - Sync 1 DAGs
[2026-04-27T21:30:09.889+0000] {logging_mixin.py:190} INFO - [2026-04-27T21:30:09.889+0000] {dag.py:4180} INFO - Setting next_dagrun for daily_check to 2026-04-27 00:00:00+00:00, run_after=2026-04-28 00:00:00+00:00
[2026-04-27T21:30:09.919+0000] {processor.py:208} INFO - Processing /opt/airflow/dags/daily_chek.py took 0.211 seconds
[2026-04-27T21:30:40.217+0000] {processor.py:186} INFO - Started process (PID=3611) to work on /opt/airflow/dags/daily_chek.py
[2026-04-27T21:30:40.219+0000] {processor.py:914} INFO - Processing file /opt/airflow/dags/daily_chek.py for tasks to queue
[2026-04-27T21:30:40.224+0000] {logging_mixin.py:190} INFO - [2026-04-27T21:30:40.223+0000] {dagbag.py:588} INFO - Filling up the DagBag from /opt/airflow/dags/daily_chek.py
[2026-04-27T21:30:40.257+0000] {processor.py:925} INFO - DAG(s) 'daily_check' retrieved from /opt/airflow/dags/daily_chek.py
[2026-04-27T21:30:40.311+0000] {logging_mixin.py:190} INFO - [2026-04-27T21:30:40.311+0000] {dag.py:3239} INFO - Sync 1 DAGs
[2026-04-27T21:30:40.368+0000] {logging_mixin.py:190} INFO - [2026-04-27T21:30:40.367+0000] {dag.py:4180} INFO - Setting next_dagrun for daily_check to 2026-04-27 00:00:00+00:00, run_after=2026-04-28 00:00:00+00:00
[2026-04-27T21:30:40.411+0000] {processor.py:208} INFO - Processing /opt/airflow/dags/daily_chek.py took 0.209 seconds
[2026-04-27T21:31:10.527+0000] {processor.py:186} INFO - Started process (PID=3627) to work on /opt/airflow/dags/daily_chek.py
[2026-04-27T21:31:10.535+0000] {processor.py:914} INFO - Processing file /opt/airflow/dags/daily_chek.py for tasks to queue
[2026-04-27T21:31:10.540+0000] {logging_mixin.py:190} INFO - [2026-04-27T21:31:10.539+0000] {dagbag.py:588} INFO - Filling up the DagBag from /opt/airflow/dags/daily_chek.py
[2026-04-27T21:31:10.573+0000] {processor.py:925} INFO - DAG(s) 'daily_check' retrieved from /opt/airflow/dags/daily_chek.py
[2026-04-27T21:31:10.642+0000] {logging_mixin.py:190} INFO - [2026-04-27T21:31:10.641+0000] {dag.py:3239} INFO - Sync 1 DAGs
[2026-04-27T21:31:10.838+0000] {logging_mixin.py:190} INFO - [2026-04-27T21:31:10.837+0000] {dag.py:4180} INFO - Setting next_dagrun for daily_check to 2026-04-27 00:00:00+00:00, run_after=2026-04-28 00:00:00+00:00
[2026-04-27T21:31:10.858+0000] {processor.py:208} INFO - Processing /opt/airflow/dags/daily_chek.py took 0.348 seconds
[2026-04-27T21:31:41.029+0000] {processor.py:186} INFO - Started process (PID=3643) to work on /opt/airflow/dags/daily_chek.py
[2026-04-27T21:31:41.031+0000] {processor.py:914} INFO - Processing file /opt/airflow/dags/daily_chek.py for tasks to queue
[2026-04-27T21:31:41.038+0000] {logging_mixin.py:190} INFO - [2026-04-27T21:31:41.037+0000] {dagbag.py:588} INFO - Filling up the DagBag from /opt/airflow/dags/daily_chek.py
[2026-04-27T21:31:41.076+0000] {processor.py:925} INFO - DAG(s) 'daily_check' retrieved from /opt/airflow/dags/daily_chek.py
[2026-04-27T21:31:41.155+0000] {logging_mixin.py:190} INFO - [2026-04-27T21:31:41.155+0000] {dag.py:3239} INFO - Sync 1 DAGs
[2026-04-27T21:31:41.204+0000] {logging_mixin.py:190} INFO - [2026-04-27T21:31:41.204+0000] {dag.py:4180} INFO - Setting next_dagrun for daily_check to 2026-04-27 00:00:00+00:00, run_after=2026-04-28 00:00:00+00:00
[2026-04-27T21:31:41.221+0000] {processor.py:208} INFO - Processing /opt/airflow/dags/daily_chek.py took 0.213 seconds
[2026-04-27T21:32:11.516+0000] {processor.py:186} INFO - Started process (PID=3659) to work on /opt/airflow/dags/daily_chek.py
[2026-04-27T21:32:11.523+0000] {processor.py:914} INFO - Processing file /opt/airflow/dags/daily_chek.py for tasks to queue
[2026-04-27T21:32:11.525+0000] {logging_mixin.py:190} INFO - [2026-04-27T21:32:11.525+0000] {dagbag.py:588} INFO - Filling up the DagBag from /opt/airflow/dags/daily_chek.py
[2026-04-27T21:32:11.536+0000] {processor.py:925} INFO - DAG(s) 'daily_check' retrieved from /opt/airflow/dags/daily_chek.py
[2026-04-27T21:32:11.562+0000] {logging_mixin.py:190} INFO - [2026-04-27T21:32:11.562+0000] {dag.py:3239} INFO - Sync 1 DAGs
[2026-04-27T21:32:11.603+0000] {logging_mixin.py:190} INFO - [2026-04-27T21:32:11.602+0000] {dag.py:4180} INFO - Setting next_dagrun for daily_check to 2026-04-27 00:00:00+00:00, run_after=2026-04-28 00:00:00+00:00
[2026-04-27T21:32:11.629+0000] {processor.py:208} INFO - Processing /opt/airflow/dags/daily_chek.py took 0.120 seconds
[2026-04-27T21:32:41.945+0000] {processor.py:186} INFO - Started process (PID=3675) to work on /opt/airflow/dags/daily_chek.py
[2026-04-27T21:32:41.948+0000] {processor.py:914} INFO - Processing file /opt/airflow/dags/daily_chek.py for tasks to queue
[2026-04-27T21:32:41.955+0000] {logging_mixin.py:190} INFO - [2026-04-27T21:32:41.954+0000] {dagbag.py:588} INFO - Filling up the DagBag from /opt/airflow/dags/daily_chek.py
[2026-04-27T21:32:41.989+0000] {processor.py:925} INFO - DAG(s) 'daily_check' retrieved from /opt/airflow/dags/daily_chek.py
[2026-04-27T21:32:42.057+0000] {logging_mixin.py:190} INFO - [2026-04-27T21:32:42.056+0000] {dag.py:3239} INFO - Sync 1 DAGs
[2026-04-27T21:32:42.088+0000] {logging_mixin.py:190} INFO - [2026-04-27T21:32:42.088+0000] {dag.py:4180} INFO - Setting next_dagrun for daily_check to 2026-04-27 00:00:00+00:00, run_after=2026-04-28 00:00:00+00:00
[2026-04-27T21:32:42.110+0000] {processor.py:208} INFO - Processing /opt/airflow/dags/daily_chek.py took 0.183 seconds
[2026-04-27T21:33:12.262+0000] {processor.py:186} INFO - Started process (PID=3691) to work on /opt/airflow/dags/daily_chek.py
[2026-04-27T21:33:12.270+0000] {processor.py:914} INFO - Processing file /opt/airflow/dags/daily_chek.py for tasks to queue
[2026-04-27T21:33:12.277+0000] {logging_mixin.py:190} INFO - [2026-04-27T21:33:12.276+0000] {dagbag.py:588} INFO - Filling up the DagBag from /opt/airflow/dags/daily_chek.py
[2026-04-27T21:33:12.309+0000] {processor.py:925} INFO - DAG(s) 'daily_check' retrieved from /opt/airflow/dags/daily_chek.py
[2026-04-27T21:33:12.392+0000] {logging_mixin.py:190} INFO - [2026-04-27T21:33:12.391+0000] {dag.py:3239} INFO - Sync 1 DAGs
[2026-04-27T21:33:12.471+0000] {logging_mixin.py:190} INFO - [2026-04-27T21:33:12.470+0000] {dag.py:4180} INFO - Setting next_dagrun for daily_check to 2026-04-27 00:00:00+00:00, run_after=2026-04-28 00:00:00+00:00
[2026-04-27T21:33:12.516+0000] {processor.py:208} INFO - Processing /opt/airflow/dags/daily_chek.py took 0.271 seconds
[2026-04-27T21:33:42.725+0000] {processor.py:186} INFO - Started process (PID=3707) to work on /opt/airflow/dags/daily_chek.py
[2026-04-27T21:33:42.727+0000] {processor.py:914} INFO - Processing file /opt/airflow/dags/daily_chek.py for tasks to queue
[2026-04-27T21:33:42.736+0000] {logging_mixin.py:190} INFO - [2026-04-27T21:33:42.734+0000] {dagbag.py:588} INFO - Filling up the DagBag from /opt/airflow/dags/daily_chek.py
[2026-04-27T21:33:42.777+0000] {processor.py:925} INFO - DAG(s) 'daily_check' retrieved from /opt/airflow/dags/daily_chek.py
[2026-04-27T21:33:42.864+0000] {logging_mixin.py:190} INFO - [2026-04-27T21:33:42.863+0000] {dag.py:3239} INFO - Sync 1 DAGs
[2026-04-27T21:33:42.969+0000] {logging_mixin.py:190} INFO - [2026-04-27T21:33:42.967+0000] {dag.py:4180} INFO - Setting next_dagrun for daily_check to 2026-04-27 00:00:00+00:00, run_after=2026-04-28 00:00:00+00:00
[2026-04-27T21:33:43.308+0000] {processor.py:208} INFO - Processing /opt/airflow/dags/daily_chek.py took 0.606 seconds
[2026-04-27T21:34:13.656+0000] {processor.py:186} INFO - Started process (PID=3723) to work on /opt/airflow/dags/daily_chek.py
[2026-04-27T21:34:13.664+0000] {processor.py:914} INFO - Processing file /opt/airflow/dags/daily_chek.py for tasks to queue
[2026-04-27T21:34:13.671+0000] {logging_mixin.py:190} INFO - [2026-04-27T21:34:13.670+0000] {dagbag.py:588} INFO - Filling up the DagBag from /opt/airflow/dags/daily_chek.py
[2026-04-27T21:34:13.708+0000] {processor.py:925} INFO - DAG(s) 'daily_check' retrieved from /opt/airflow/dags/daily_chek.py
[2026-04-27T21:34:13.785+0000] {logging_mixin.py:190} INFO - [2026-04-27T21:34:13.784+0000] {dag.py:3239} INFO - Sync 1 DAGs
[2026-04-27T21:34:13.947+0000] {logging_mixin.py:190} INFO - [2026-04-27T21:34:13.947+0000] {dag.py:4180} INFO - Setting next_dagrun for daily_check to 2026-04-27 00:00:00+00:00, run_after=2026-04-28 00:00:00+00:00
[2026-04-27T21:34:13.965+0000] {processor.py:208} INFO - Processing /opt/airflow/dags/daily_chek.py took 0.329 seconds
[2026-04-27T21:34:44.355+0000] {processor.py:186} INFO - Started process (PID=3739) to work on /opt/airflow/dags/daily_chek.py
[2026-04-27T21:34:44.357+0000] {processor.py:914} INFO - Processing file /opt/airflow/dags/daily_chek.py for tasks to queue
[2026-04-27T21:34:44.363+0000] {logging_mixin.py:190} INFO - [2026-04-27T21:34:44.362+0000] {dagbag.py:588} INFO - Filling up the DagBag from /opt/airflow/dags/daily_chek.py
[2026-04-27T21:34:44.400+0000] {processor.py:925} INFO - DAG(s) 'daily_check' retrieved from /opt/airflow/dags/daily_chek.py
[2026-04-27T21:34:44.488+0000] {logging_mixin.py:190} INFO - [2026-04-27T21:34:44.487+0000] {dag.py:3239} INFO - Sync 1 DAGs
[2026-04-27T21:34:44.551+0000] {logging_mixin.py:190} INFO - [2026-04-27T21:34:44.551+0000] {dag.py:4180} INFO - Setting next_dagrun for daily_check to 2026-04-27 00:00:00+00:00, run_after=2026-04-28 00:00:00+00:00
[2026-04-27T21:34:44.579+0000] {processor.py:208} INFO - Processing /opt/airflow/dags/daily_chek.py took 0.244 seconds
[2026-04-27T21:35:14.929+0000] {processor.py:186} INFO - Started process (PID=3756) to work on /opt/airflow/dags/daily_chek.py
[2026-04-27T21:35:14.937+0000] {processor.py:914} INFO - Processing file /opt/airflow/dags/daily_chek.py for tasks to queue
[2026-04-27T21:35:14.946+0000] {logging_mixin.py:190} INFO - [2026-04-27T21:35:14.943+0000] {dagbag.py:588} INFO - Filling up the DagBag from /opt/airflow/dags/daily_chek.py
[2026-04-27T21:35:14.984+0000] {processor.py:925} INFO - DAG(s) 'daily_check' retrieved from /opt/airflow/dags/daily_chek.py
[2026-04-27T21:35:15.071+0000] {logging_mixin.py:190} INFO - [2026-04-27T21:35:15.070+0000] {dag.py:3239} INFO - Sync 1 DAGs
[2026-04-27T21:35:15.163+0000] {logging_mixin.py:190} INFO - [2026-04-27T21:35:15.162+0000] {dag.py:4180} INFO - Setting next_dagrun for daily_check to 2026-04-27 00:00:00+00:00, run_after=2026-04-28 00:00:00+00:00
[2026-04-27T21:35:15.229+0000] {processor.py:208} INFO - Processing /opt/airflow/dags/daily_chek.py took 0.323 seconds
[2026-04-27T21:35:45.613+0000] {processor.py:186} INFO - Started process (PID=3772) to work on /opt/airflow/dags/daily_chek.py
[2026-04-27T21:35:45.615+0000] {processor.py:914} INFO - Processing file /opt/airflow/dags/daily_chek.py for tasks to queue
[2026-04-27T21:35:45.624+0000] {logging_mixin.py:190} INFO - [2026-04-27T21:35:45.623+0000] {dagbag.py:588} INFO - Filling up the DagBag from /opt/airflow/dags/daily_chek.py
[2026-04-27T21:35:45.663+0000] {processor.py:925} INFO - DAG(s) 'daily_check' retrieved from /opt/airflow/dags/daily_chek.py
[2026-04-27T21:35:45.746+0000] {logging_mixin.py:190} INFO - [2026-04-27T21:35:45.746+0000] {dag.py:3239} INFO - Sync 1 DAGs
[2026-04-27T21:35:45.838+0000] {logging_mixin.py:190} INFO - [2026-04-27T21:35:45.837+0000] {dag.py:4180} INFO - Setting next_dagrun for daily_check to 2026-04-27 00:00:00+00:00, run_after=2026-04-28 00:00:00+00:00
[2026-04-27T21:35:45.900+0000] {processor.py:208} INFO - Processing /opt/airflow/dags/daily_chek.py took 0.313 seconds
[2026-04-27T21:36:16.324+0000] {processor.py:186} INFO - Started process (PID=3788) to work on /opt/airflow/dags/daily_chek.py
[2026-04-27T21:36:16.326+0000] {processor.py:914} INFO - Processing file /opt/airflow/dags/daily_chek.py for tasks to queue
[2026-04-27T21:36:16.336+0000] {logging_mixin.py:190} INFO - [2026-04-27T21:36:16.335+0000] {dagbag.py:588} INFO - Filling up the DagBag from /opt/airflow/dags/daily_chek.py
[2026-04-27T21:36:16.377+0000] {processor.py:925} INFO - DAG(s) 'daily_check' retrieved from /opt/airflow/dags/daily_chek.py
[2026-04-27T21:36:16.470+0000] {logging_mixin.py:190} INFO - [2026-04-27T21:36:16.469+0000] {dag.py:3239} INFO - Sync 1 DAGs
[2026-04-27T21:36:16.574+0000] {logging_mixin.py:190} INFO - [2026-04-27T21:36:16.573+0000] {dag.py:4180} INFO - Setting next_dagrun for daily_check to 2026-04-27 00:00:00+00:00, run_after=2026-04-28 00:00:00+00:00
[2026-04-27T21:36:16.644+0000] {processor.py:208} INFO - Processing /opt/airflow/dags/daily_chek.py took 0.347 seconds
[2026-04-27T21:36:47.055+0000] {processor.py:186} INFO - Started process (PID=3804) to work on /opt/airflow/dags/daily_chek.py
[2026-04-27T21:36:47.058+0000] {processor.py:914} INFO - Processing file /opt/airflow/dags/daily_chek.py for tasks to queue
[2026-04-27T21:36:47.065+0000] {logging_mixin.py:190} INFO - [2026-04-27T21:36:47.063+0000] {dagbag.py:588} INFO - Filling up the DagBag from /opt/airflow/dags/daily_chek.py
[2026-04-27T21:36:47.107+0000] {processor.py:925} INFO - DAG(s) 'daily_check' retrieved from /opt/airflow/dags/daily_chek.py
[2026-04-27T21:36:47.197+0000] {logging_mixin.py:190} INFO - [2026-04-27T21:36:47.196+0000] {dag.py:3239} INFO - Sync 1 DAGs
[2026-04-27T21:36:47.306+0000] {logging_mixin.py:190} INFO - [2026-04-27T21:36:47.305+0000] {dag.py:4180} INFO - Setting next_dagrun for daily_check to 2026-04-27 00:00:00+00:00, run_after=2026-04-28 00:00:00+00:00
[2026-04-27T21:36:47.528+0000] {processor.py:208} INFO - Processing /opt/airflow/dags/daily_chek.py took 0.504 seconds
[2026-04-27T21:37:17.887+0000] {processor.py:186} INFO - Started process (PID=3820) to work on /opt/airflow/dags/daily_chek.py
[2026-04-27T21:37:17.895+0000] {processor.py:914} INFO - Processing file /opt/airflow/dags/daily_chek.py for tasks to queue
[2026-04-27T21:37:17.903+0000] {logging_mixin.py:190} INFO - [2026-04-27T21:37:17.902+0000] {dagbag.py:588} INFO - Filling up the DagBag from /opt/airflow/dags/daily_chek.py
[2026-04-27T21:37:17.944+0000] {processor.py:925} INFO - DAG(s) 'daily_check' retrieved from /opt/airflow/dags/daily_chek.py
[2026-04-27T21:37:18.028+0000] {logging_mixin.py:190} INFO - [2026-04-27T21:37:18.027+0000] {dag.py:3239} INFO - Sync 1 DAGs
[2026-04-27T21:37:18.249+0000] {logging_mixin.py:190} INFO - [2026-04-27T21:37:18.249+0000] {dag.py:4180} INFO - Setting next_dagrun for daily_check to 2026-04-27 00:00:00+00:00, run_after=2026-04-28 00:00:00+00:00
[2026-04-27T21:37:18.273+0000] {processor.py:208} INFO - Processing /opt/airflow/dags/daily_chek.py took 0.408 seconds
[2026-04-27T21:37:48.609+0000] {processor.py:186} INFO - Started process (PID=3836) to work on /opt/airflow/dags/daily_chek.py
[2026-04-27T21:37:48.616+0000] {processor.py:914} INFO - Processing file /opt/airflow/dags/daily_chek.py for tasks to queue
[2026-04-27T21:37:48.622+0000] {logging_mixin.py:190} INFO - [2026-04-27T21:37:48.621+0000] {dagbag.py:588} INFO - Filling up the DagBag from /opt/airflow/dags/daily_chek.py
[2026-04-27T21:37:48.659+0000] {processor.py:925} INFO - DAG(s) 'daily_check' retrieved from /opt/airflow/dags/daily_chek.py
[2026-04-27T21:37:48.736+0000] {logging_mixin.py:190} INFO - [2026-04-27T21:37:48.735+0000] {dag.py:3239} INFO - Sync 1 DAGs
[2026-04-27T21:37:48.781+0000] {logging_mixin.py:190} INFO - [2026-04-27T21:37:48.780+0000] {dag.py:4180} INFO - Setting next_dagrun for daily_check to 2026-04-27 00:00:00+00:00, run_after=2026-04-28 00:00:00+00:00
[2026-04-27T21:37:48.797+0000] {processor.py:208} INFO - Processing /opt/airflow/dags/daily_chek.py took 0.207 seconds
[2026-04-27T21:38:18.921+0000] {processor.py:186} INFO - Started process (PID=3852) to work on /opt/airflow/dags/daily_chek.py
[2026-04-27T21:38:18.923+0000] {processor.py:914} INFO - Processing file /opt/airflow/dags/daily_chek.py for tasks to queue
[2026-04-27T21:38:18.929+0000] {logging_mixin.py:190} INFO - [2026-04-27T21:38:18.928+0000] {dagbag.py:588} INFO - Filling up the DagBag from /opt/airflow/dags/daily_chek.py
[2026-04-27T21:38:18.966+0000] {processor.py:925} INFO - DAG(s) 'daily_check' retrieved from /opt/airflow/dags/daily_chek.py
[2026-04-27T21:38:19.028+0000] {logging_mixin.py:190} INFO - [2026-04-27T21:38:19.028+0000] {dag.py:3239} INFO - Sync 1 DAGs
[2026-04-27T21:38:19.069+0000] {logging_mixin.py:190} INFO - [2026-04-27T21:38:19.069+0000] {dag.py:4180} INFO - Setting next_dagrun for daily_check to 2026-04-27 00:00:00+00:00, run_after=2026-04-28 00:00:00+00:00
[2026-04-27T21:38:19.093+0000] {processor.py:208} INFO - Processing /opt/airflow/dags/daily_chek.py took 0.190 seconds
[2026-04-27T21:38:49.454+0000] {processor.py:186} INFO - Started process (PID=3868) to work on /opt/airflow/dags/daily_chek.py
[2026-04-27T21:38:49.462+0000] {processor.py:914} INFO - Processing file /opt/airflow/dags/daily_chek.py for tasks to queue
[2026-04-27T21:38:49.468+0000] {logging_mixin.py:190} INFO - [2026-04-27T21:38:49.467+0000] {dagbag.py:588} INFO - Filling up the DagBag from /opt/airflow/dags/daily_chek.py
[2026-04-27T21:38:49.509+0000] {processor.py:925} INFO - DAG(s) 'daily_check' retrieved from /opt/airflow/dags/daily_chek.py
[2026-04-27T21:38:49.592+0000] {logging_mixin.py:190} INFO - [2026-04-27T21:38:49.591+0000] {dag.py:3239} INFO - Sync 1 DAGs
[2026-04-27T21:38:49.694+0000] {logging_mixin.py:190} INFO - [2026-04-27T21:38:49.693+0000] {dag.py:4180} INFO - Setting next_dagrun for daily_check to 2026-04-27 00:00:00+00:00, run_after=2026-04-28 00:00:00+00:00
[2026-04-27T21:38:49.761+0000] {processor.py:208} INFO - Processing /opt/airflow/dags/daily_chek.py took 0.326 seconds
[2026-04-27T21:39:20.206+0000] {processor.py:186} INFO - Started process (PID=3884) to work on /opt/airflow/dags/daily_chek.py
[2026-04-27T21:39:20.209+0000] {processor.py:914} INFO - Processing file /opt/airflow/dags/daily_chek.py for tasks to queue
[2026-04-27T21:39:20.220+0000] {logging_mixin.py:190} INFO - [2026-04-27T21:39:20.219+0000] {dagbag.py:588} INFO - Filling up the DagBag from /opt/airflow/dags/daily_chek.py
[2026-04-27T21:39:20.272+0000] {processor.py:925} INFO - DAG(s) 'daily_check' retrieved from /opt/airflow/dags/daily_chek.py
[2026-04-27T21:39:20.357+0000] {logging_mixin.py:190} INFO - [2026-04-27T21:39:20.357+0000] {dag.py:3239} INFO - Sync 1 DAGs
[2026-04-27T21:39:20.458+0000] {logging_mixin.py:190} INFO - [2026-04-27T21:39:20.457+0000] {dag.py:4180} INFO - Setting next_dagrun for daily_check to 2026-04-27 00:00:00+00:00, run_after=2026-04-28 00:00:00+00:00
[2026-04-27T21:39:20.779+0000] {processor.py:208} INFO - Processing /opt/airflow/dags/daily_chek.py took 0.600 seconds
[2026-04-27T21:39:51.161+0000] {processor.py:186} INFO - Started process (PID=3900) to work on /opt/airflow/dags/daily_chek.py
[2026-04-27T21:39:51.164+0000] {processor.py:914} INFO - Processing file /opt/airflow/dags/daily_chek.py for tasks to queue
[2026-04-27T21:39:51.170+0000] {logging_mixin.py:190} INFO - [2026-04-27T21:39:51.169+0000] {dagbag.py:588} INFO - Filling up the DagBag from /opt/airflow/dags/daily_chek.py
[2026-04-27T21:39:51.217+0000] {processor.py:925} INFO - DAG(s) 'daily_check' retrieved from /opt/airflow/dags/daily_chek.py
[2026-04-27T21:39:51.304+0000] {logging_mixin.py:190} INFO - [2026-04-27T21:39:51.303+0000] {dag.py:3239} INFO - Sync 1 DAGs
[2026-04-27T21:39:51.625+0000] {logging_mixin.py:190} INFO - [2026-04-27T21:39:51.624+0000] {dag.py:4180} INFO - Setting next_dagrun for daily_check to 2026-04-27 00:00:00+00:00, run_after=2026-04-28 00:00:00+00:00
[2026-04-27T21:39:51.648+0000] {processor.py:208} INFO - Processing /opt/airflow/dags/daily_chek.py took 0.509 seconds
[2026-04-27T21:40:22.018+0000] {processor.py:186} INFO - Started process (PID=3916) to work on /opt/airflow/dags/daily_chek.py
[2026-04-27T21:40:22.021+0000] {processor.py:914} INFO - Processing file /opt/airflow/dags/daily_chek.py for tasks to queue
[2026-04-27T21:40:22.028+0000] {logging_mixin.py:190} INFO - [2026-04-27T21:40:22.027+0000] {dagbag.py:588} INFO - Filling up the DagBag from /opt/airflow/dags/daily_chek.py
[2026-04-27T21:40:22.071+0000] {processor.py:925} INFO - DAG(s) 'daily_check' retrieved from /opt/airflow/dags/daily_chek.py
[2026-04-27T21:40:22.161+0000] {logging_mixin.py:190} INFO - [2026-04-27T21:40:22.160+0000] {dag.py:3239} INFO - Sync 1 DAGs
[2026-04-27T21:40:22.262+0000] {logging_mixin.py:190} INFO - [2026-04-27T21:40:22.261+0000] {dag.py:4180} INFO - Setting next_dagrun for daily_check to 2026-04-27 00:00:00+00:00, run_after=2026-04-28 00:00:00+00:00
[2026-04-27T21:40:22.332+0000] {processor.py:208} INFO - Processing /opt/airflow/dags/daily_chek.py took 0.336 seconds
[2026-04-27T21:40:52.714+0000] {processor.py:186} INFO - Started process (PID=3932) to work on /opt/airflow/dags/daily_chek.py
[2026-04-27T21:40:52.716+0000] {processor.py:914} INFO - Processing file /opt/airflow/dags/daily_chek.py for tasks to queue
[2026-04-27T21:40:52.722+0000] {logging_mixin.py:190} INFO - [2026-04-27T21:40:52.721+0000] {dagbag.py:588} INFO - Filling up the DagBag from /opt/airflow/dags/daily_chek.py
[2026-04-27T21:40:52.754+0000] {processor.py:925} INFO - DAG(s) 'daily_check' retrieved from /opt/airflow/dags/daily_chek.py
[2026-04-27T21:40:52.786+0000] {logging_mixin.py:190} INFO - [2026-04-27T21:40:52.786+0000] {dag.py:3239} INFO - Sync 1 DAGs
[2026-04-27T21:40:52.816+0000] {logging_mixin.py:190} INFO - [2026-04-27T21:40:52.816+0000] {dag.py:4180} INFO - Setting next_dagrun for daily_check to 2026-04-27 00:00:00+00:00, run_after=2026-04-28 00:00:00+00:00
[2026-04-27T21:40:52.835+0000] {processor.py:208} INFO - Processing /opt/airflow/dags/daily_chek.py took 0.141 seconds
[2026-04-27T21:41:23.171+0000] {processor.py:186} INFO - Started process (PID=3948) to work on /opt/airflow/dags/daily_chek.py
[2026-04-27T21:41:23.173+0000] {processor.py:914} INFO - Processing file /opt/airflow/dags/daily_chek.py for tasks to queue
[2026-04-27T21:41:23.182+0000] {logging_mixin.py:190} INFO - [2026-04-27T21:41:23.180+0000] {dagbag.py:588} INFO - Filling up the DagBag from /opt/airflow/dags/daily_chek.py
[2026-04-27T21:41:23.219+0000] {processor.py:925} INFO - DAG(s) 'daily_check' retrieved from /opt/airflow/dags/daily_chek.py
[2026-04-27T21:41:23.311+0000] {logging_mixin.py:190} INFO - [2026-04-27T21:41:23.310+0000] {dag.py:3239} INFO - Sync 1 DAGs
[2026-04-27T21:41:23.383+0000] {logging_mixin.py:190} INFO - [2026-04-27T21:41:23.383+0000] {dag.py:4180} INFO - Setting next_dagrun for daily_check to 2026-04-27 00:00:00+00:00, run_after=2026-04-28 00:00:00+00:00
[2026-04-27T21:41:23.414+0000] {processor.py:208} INFO - Processing /opt/airflow/dags/daily_chek.py took 0.265 seconds
[2026-04-27T21:41:53.490+0000] {processor.py:186} INFO - Started process (PID=3964) to work on /opt/airflow/dags/daily_chek.py
[2026-04-27T21:41:53.492+0000] {processor.py:914} INFO - Processing file /opt/airflow/dags/daily_chek.py for tasks to queue
[2026-04-27T21:41:53.498+0000] {logging_mixin.py:190} INFO - [2026-04-27T21:41:53.497+0000] {dagbag.py:588} INFO - Filling up the DagBag from /opt/airflow/dags/daily_chek.py
[2026-04-27T21:41:53.531+0000] {processor.py:925} INFO - DAG(s) 'daily_check' retrieved from /opt/airflow/dags/daily_chek.py
[2026-04-27T21:41:53.600+0000] {logging_mixin.py:190} INFO - [2026-04-27T21:41:53.599+0000] {dag.py:3239} INFO - Sync 1 DAGs
[2026-04-27T21:41:53.662+0000] {logging_mixin.py:190} INFO - [2026-04-27T21:41:53.662+0000] {dag.py:4180} INFO - Setting next_dagrun for daily_check to 2026-04-27 00:00:00+00:00, run_after=2026-04-28 00:00:00+00:00
[2026-04-27T21:41:53.693+0000] {processor.py:208} INFO - Processing /opt/airflow/dags/daily_chek.py took 0.220 seconds
[2026-04-27T21:42:24.043+0000] {processor.py:186} INFO - Started process (PID=3980) to work on /opt/airflow/dags/daily_chek.py
[2026-04-27T21:42:24.045+0000] {processor.py:914} INFO - Processing file /opt/airflow/dags/daily_chek.py for tasks to queue
[2026-04-27T21:42:24.052+0000] {logging_mixin.py:190} INFO - [2026-04-27T21:42:24.050+0000] {dagbag.py:588} INFO - Filling up the DagBag from /opt/airflow/dags/daily_chek.py
[2026-04-27T21:42:24.085+0000] {processor.py:925} INFO - DAG(s) 'daily_check' retrieved from /opt/airflow/dags/daily_chek.py
[2026-04-27T21:42:24.161+0000] {logging_mixin.py:190} INFO - [2026-04-27T21:42:24.161+0000] {dag.py:3239} INFO - Sync 1 DAGs
[2026-04-27T21:42:24.194+0000] {logging_mixin.py:190} INFO - [2026-04-27T21:42:24.194+0000] {dag.py:4180} INFO - Setting next_dagrun for daily_check to 2026-04-27 00:00:00+00:00, run_after=2026-04-28 00:00:00+00:00
[2026-04-27T21:42:24.327+0000] {processor.py:208} INFO - Processing /opt/airflow/dags/daily_chek.py took 0.312 seconds
[2026-04-27T21:42:54.665+0000] {processor.py:186} INFO - Started process (PID=3996) to work on /opt/airflow/dags/daily_chek.py
[2026-04-27T21:42:54.673+0000] {processor.py:914} INFO - Processing file /opt/airflow/dags/daily_chek.py for tasks to queue
[2026-04-27T21:42:54.681+0000] {logging_mixin.py:190} INFO - [2026-04-27T21:42:54.680+0000] {dagbag.py:588} INFO - Filling up the DagBag from /opt/airflow/dags/daily_chek.py
[2026-04-27T21:42:54.722+0000] {processor.py:925} INFO - DAG(s) 'daily_check' retrieved from /opt/airflow/dags/daily_chek.py
[2026-04-27T21:42:54.826+0000] {logging_mixin.py:190} INFO - [2026-04-27T21:42:54.825+0000] {dag.py:3239} INFO - Sync 1 DAGs
[2026-04-27T21:42:55.034+0000] {logging_mixin.py:190} INFO - [2026-04-27T21:42:55.034+0000] {dag.py:4180} INFO - Setting next_dagrun for daily_check to 2026-04-27 00:00:00+00:00, run_after=2026-04-28 00:00:00+00:00
[2026-04-27T21:42:55.058+0000] {processor.py:208} INFO - Processing /opt/airflow/dags/daily_chek.py took 0.416 seconds
[2026-04-27T21:43:25.404+0000] {processor.py:186} INFO - Started process (PID=4012) to work on /opt/airflow/dags/daily_chek.py
[2026-04-27T21:43:25.407+0000] {processor.py:914} INFO - Processing file /opt/airflow/dags/daily_chek.py for tasks to queue
[2026-04-27T21:43:25.418+0000] {logging_mixin.py:190} INFO - [2026-04-27T21:43:25.416+0000] {dagbag.py:588} INFO - Filling up the DagBag from /opt/airflow/dags/daily_chek.py
[2026-04-27T21:43:25.455+0000] {processor.py:925} INFO - DAG(s) 'daily_check' retrieved from /opt/airflow/dags/daily_chek.py
[2026-04-27T21:43:25.536+0000] {logging_mixin.py:190} INFO - [2026-04-27T21:43:25.535+0000] {dag.py:3239} INFO - Sync 1 DAGs
[2026-04-27T21:43:25.581+0000] {logging_mixin.py:190} INFO - [2026-04-27T21:43:25.580+0000] {dag.py:4180} INFO - Setting next_dagrun for daily_check to 2026-04-27 00:00:00+00:00, run_after=2026-04-28 00:00:00+00:00
[2026-04-27T21:43:25.604+0000] {processor.py:208} INFO - Processing /opt/airflow/dags/daily_chek.py took 0.226 seconds
[2026-04-27T21:43:55.722+0000] {processor.py:186} INFO - Started process (PID=4028) to work on /opt/airflow/dags/daily_chek.py
[2026-04-27T21:43:55.724+0000] {processor.py:914} INFO - Processing file /opt/airflow/dags/daily_chek.py for tasks to queue
[2026-04-27T21:43:55.730+0000] {logging_mixin.py:190} INFO - [2026-04-27T21:43:55.729+0000] {dagbag.py:588} INFO - Filling up the DagBag from /opt/airflow/dags/daily_chek.py
[2026-04-27T21:43:55.766+0000] {processor.py:925} INFO - DAG(s) 'daily_check' retrieved from /opt/airflow/dags/daily_chek.py
[2026-04-27T21:43:55.822+0000] {logging_mixin.py:190} INFO - [2026-04-27T21:43:55.821+0000] {dag.py:3239} INFO - Sync 1 DAGs
[2026-04-27T21:43:55.860+0000] {logging_mixin.py:190} INFO - [2026-04-27T21:43:55.860+0000] {dag.py:4180} INFO - Setting next_dagrun for daily_check to 2026-04-27 00:00:00+00:00, run_after=2026-04-28 00:00:00+00:00
[2026-04-27T21:43:55.882+0000] {processor.py:208} INFO - Processing /opt/airflow/dags/daily_chek.py took 0.180 seconds
[2026-04-27T21:44:26.218+0000] {processor.py:186} INFO - Started process (PID=4044) to work on /opt/airflow/dags/daily_chek.py
[2026-04-27T21:44:26.220+0000] {processor.py:914} INFO - Processing file /opt/airflow/dags/daily_chek.py for tasks to queue
[2026-04-27T21:44:26.226+0000] {logging_mixin.py:190} INFO - [2026-04-27T21:44:26.225+0000] {dagbag.py:588} INFO - Filling up the DagBag from /opt/airflow/dags/daily_chek.py
[2026-04-27T21:44:26.261+0000] {processor.py:925} INFO - DAG(s) 'daily_check' retrieved from /opt/airflow/dags/daily_chek.py
[2026-04-27T21:44:26.320+0000] {logging_mixin.py:190} INFO - [2026-04-27T21:44:26.320+0000] {dag.py:3239} INFO - Sync 1 DAGs
[2026-04-27T21:44:26.346+0000] {logging_mixin.py:190} INFO - [2026-04-27T21:44:26.346+0000] {dag.py:4180} INFO - Setting next_dagrun for daily_check to 2026-04-27 00:00:00+00:00, run_after=2026-04-28 00:00:00+00:00
[2026-04-27T21:44:26.368+0000] {processor.py:208} INFO - Processing /opt/airflow/dags/daily_chek.py took 0.168 seconds
[2026-04-27T21:44:56.542+0000] {processor.py:186} INFO - Started process (PID=4060) to work on /opt/airflow/dags/daily_chek.py
[2026-04-27T21:44:56.551+0000] {processor.py:914} INFO - Processing file /opt/airflow/dags/daily_chek.py for tasks to queue
[2026-04-27T21:44:56.558+0000] {logging_mixin.py:190} INFO - [2026-04-27T21:44:56.557+0000] {dagbag.py:588} INFO - Filling up the DagBag from /opt/airflow/dags/daily_chek.py
[2026-04-27T21:44:56.598+0000] {processor.py:925} INFO - DAG(s) 'daily_check' retrieved from /opt/airflow/dags/daily_chek.py
[2026-04-27T21:44:56.685+0000] {logging_mixin.py:190} INFO - [2026-04-27T21:44:56.684+0000] {dag.py:3239} INFO - Sync 1 DAGs
[2026-04-27T21:44:56.780+0000] {logging_mixin.py:190} INFO - [2026-04-27T21:44:56.779+0000] {dag.py:4180} INFO - Setting next_dagrun for daily_check to 2026-04-27 00:00:00+00:00, run_after=2026-04-28 00:00:00+00:00
[2026-04-27T21:44:56.854+0000] {processor.py:208} INFO - Processing /opt/airflow/dags/daily_chek.py took 0.332 seconds
[2026-04-27T21:45:27.231+0000] {processor.py:186} INFO - Started process (PID=4076) to work on /opt/airflow/dags/daily_chek.py
[2026-04-27T21:45:27.234+0000] {processor.py:914} INFO - Processing file /opt/airflow/dags/daily_chek.py for tasks to queue
[2026-04-27T21:45:27.241+0000] {logging_mixin.py:190} INFO - [2026-04-27T21:45:27.240+0000] {dagbag.py:588} INFO - Filling up the DagBag from /opt/airflow/dags/daily_chek.py
[2026-04-27T21:45:27.277+0000] {processor.py:925} INFO - DAG(s) 'daily_check' retrieved from /opt/airflow/dags/daily_chek.py
[2026-04-27T21:45:27.352+0000] {logging_mixin.py:190} INFO - [2026-04-27T21:45:27.352+0000] {dag.py:3239} INFO - Sync 1 DAGs
[2026-04-27T21:45:27.525+0000] {logging_mixin.py:190} INFO - [2026-04-27T21:45:27.525+0000] {dag.py:4180} INFO - Setting next_dagrun for daily_check to 2026-04-27 00:00:00+00:00, run_after=2026-04-28 00:00:00+00:00
[2026-04-27T21:45:27.546+0000] {processor.py:208} INFO - Processing /opt/airflow/dags/daily_chek.py took 0.335 seconds
[2026-04-27T21:45:57.877+0000] {processor.py:186} INFO - Started process (PID=4092) to work on /opt/airflow/dags/daily_chek.py
[2026-04-27T21:45:57.886+0000] {processor.py:914} INFO - Processing file /opt/airflow/dags/daily_chek.py for tasks to queue
[2026-04-27T21:45:57.897+0000] {logging_mixin.py:190} INFO - [2026-04-27T21:45:57.895+0000] {dagbag.py:588} INFO - Filling up the DagBag from /opt/airflow/dags/daily_chek.py
[2026-04-27T21:45:57.936+0000] {processor.py:925} INFO - DAG(s) 'daily_check' retrieved from /opt/airflow/dags/daily_chek.py
[2026-04-27T21:45:57.966+0000] {logging_mixin.py:190} INFO - [2026-04-27T21:45:57.966+0000] {dag.py:3239} INFO - Sync 1 DAGs
[2026-04-27T21:45:58.129+0000] {logging_mixin.py:190} INFO - [2026-04-27T21:45:58.129+0000] {dag.py:4180} INFO - Setting next_dagrun for daily_check to 2026-04-27 00:00:00+00:00, run_after=2026-04-28 00:00:00+00:00
[2026-04-27T21:45:58.151+0000] {processor.py:208} INFO - Processing /opt/airflow/dags/daily_chek.py took 0.302 seconds
[2026-04-27T21:46:28.507+0000] {processor.py:186} INFO - Started process (PID=4109) to work on /opt/airflow/dags/daily_chek.py
[2026-04-27T21:46:28.510+0000] {processor.py:914} INFO - Processing file /opt/airflow/dags/daily_chek.py for tasks to queue
[2026-04-27T21:46:28.521+0000] {logging_mixin.py:190} INFO - [2026-04-27T21:46:28.520+0000] {dagbag.py:588} INFO - Filling up the DagBag from /opt/airflow/dags/daily_chek.py
[2026-04-27T21:46:28.561+0000] {processor.py:925} INFO - DAG(s) 'daily_check' retrieved from /opt/airflow/dags/daily_chek.py
[2026-04-27T21:46:28.650+0000] {logging_mixin.py:190} INFO - [2026-04-27T21:46:28.649+0000] {dag.py:3239} INFO - Sync 1 DAGs
[2026-04-27T21:46:28.754+0000] {logging_mixin.py:190} INFO - [2026-04-27T21:46:28.753+0000] {dag.py:4180} INFO - Setting next_dagrun for daily_check to 2026-04-27 00:00:00+00:00, run_after=2026-04-28 00:00:00+00:00
[2026-04-27T21:46:28.826+0000] {processor.py:208} INFO - Processing /opt/airflow/dags/daily_chek.py took 0.347 seconds
[2026-04-27T21:46:59.221+0000] {processor.py:186} INFO - Started process (PID=4125) to work on /opt/airflow/dags/daily_chek.py
[2026-04-27T21:46:59.229+0000] {processor.py:914} INFO - Processing file /opt/airflow/dags/daily_chek.py for tasks to queue
[2026-04-27T21:46:59.235+0000] {logging_mixin.py:190} INFO - [2026-04-27T21:46:59.234+0000] {dagbag.py:588} INFO - Filling up the DagBag from /opt/airflow/dags/daily_chek.py
[2026-04-27T21:46:59.275+0000] {processor.py:925} INFO - DAG(s) 'daily_check' retrieved from /opt/airflow/dags/daily_chek.py
[2026-04-27T21:46:59.366+0000] {logging_mixin.py:190} INFO - [2026-04-27T21:46:59.365+0000] {dag.py:3239} INFO - Sync 1 DAGs
[2026-04-27T21:46:59.461+0000] {logging_mixin.py:190} INFO - [2026-04-27T21:46:59.460+0000] {dag.py:4180} INFO - Setting next_dagrun for daily_check to 2026-04-27 00:00:00+00:00, run_after=2026-04-28 00:00:00+00:00
[2026-04-27T21:46:59.509+0000] {processor.py:208} INFO - Processing /opt/airflow/dags/daily_chek.py took 0.314 seconds
[2026-04-27T21:47:29.890+0000] {processor.py:186} INFO - Started process (PID=4141) to work on /opt/airflow/dags/daily_chek.py
[2026-04-27T21:47:29.893+0000] {processor.py:914} INFO - Processing file /opt/airflow/dags/daily_chek.py for tasks to queue
[2026-04-27T21:47:29.900+0000] {logging_mixin.py:190} INFO - [2026-04-27T21:47:29.899+0000] {dagbag.py:588} INFO - Filling up the DagBag from /opt/airflow/dags/daily_chek.py
[2026-04-27T21:47:29.948+0000] {processor.py:925} INFO - DAG(s) 'daily_check' retrieved from /opt/airflow/dags/daily_chek.py
[2026-04-27T21:47:30.035+0000] {logging_mixin.py:190} INFO - [2026-04-27T21:47:30.034+0000] {dag.py:3239} INFO - Sync 1 DAGs
[2026-04-27T21:47:30.139+0000] {logging_mixin.py:190} INFO - [2026-04-27T21:47:30.138+0000] {dag.py:4180} INFO - Setting next_dagrun for daily_check to 2026-04-27 00:00:00+00:00, run_after=2026-04-28 00:00:00+00:00
[2026-04-27T21:47:30.205+0000] {processor.py:208} INFO - Processing /opt/airflow/dags/daily_chek.py took 0.343 seconds
[2026-04-27T21:48:00.617+0000] {processor.py:186} INFO - Started process (PID=4157) to work on /opt/airflow/dags/daily_chek.py
[2026-04-27T21:48:00.625+0000] {processor.py:914} INFO - Processing file /opt/airflow/dags/daily_chek.py for tasks to queue
[2026-04-27T21:48:00.631+0000] {logging_mixin.py:190} INFO - [2026-04-27T21:48:00.630+0000] {dagbag.py:588} INFO - Filling up the DagBag from /opt/airflow/dags/daily_chek.py
[2026-04-27T21:48:00.674+0000] {processor.py:925} INFO - DAG(s) 'daily_check' retrieved from /opt/airflow/dags/daily_chek.py
[2026-04-27T21:48:00.765+0000] {logging_mixin.py:190} INFO - [2026-04-27T21:48:00.765+0000] {dag.py:3239} INFO - Sync 1 DAGs
[2026-04-27T21:48:00.866+0000] {logging_mixin.py:190} INFO - [2026-04-27T21:48:00.865+0000] {dag.py:4180} INFO - Setting next_dagrun for daily_check to 2026-04-27 00:00:00+00:00, run_after=2026-04-28 00:00:00+00:00
[2026-04-27T21:48:01.136+0000] {processor.py:208} INFO - Processing /opt/airflow/dags/daily_chek.py took 0.547 seconds
[2026-04-27T21:48:31.485+0000] {processor.py:186} INFO - Started process (PID=4173) to work on /opt/airflow/dags/daily_chek.py
[2026-04-27T21:48:31.487+0000] {processor.py:914} INFO - Processing file /opt/airflow/dags/daily_chek.py for tasks to queue
[2026-04-27T21:48:31.493+0000] {logging_mixin.py:190} INFO - [2026-04-27T21:48:31.492+0000] {dagbag.py:588} INFO - Filling up the DagBag from /opt/airflow/dags/daily_chek.py
[2026-04-27T21:48:31.531+0000] {processor.py:925} INFO - DAG(s) 'daily_check' retrieved from /opt/airflow/dags/daily_chek.py
[2026-04-27T21:48:31.606+0000] {logging_mixin.py:190} INFO - [2026-04-27T21:48:31.605+0000] {dag.py:3239} INFO - Sync 1 DAGs
[2026-04-27T21:48:31.769+0000] {logging_mixin.py:190} INFO - [2026-04-27T21:48:31.769+0000] {dag.py:4180} INFO - Setting next_dagrun for daily_check to 2026-04-27 00:00:00+00:00, run_after=2026-04-28 00:00:00+00:00
[2026-04-27T21:48:31.787+0000] {processor.py:208} INFO - Processing /opt/airflow/dags/daily_chek.py took 0.321 seconds
[2026-04-27T21:49:02.119+0000] {processor.py:186} INFO - Started process (PID=4189) to work on /opt/airflow/dags/daily_chek.py
[2026-04-27T21:49:02.127+0000] {processor.py:914} INFO - Processing file /opt/airflow/dags/daily_chek.py for tasks to queue
[2026-04-27T21:49:02.134+0000] {logging_mixin.py:190} INFO - [2026-04-27T21:49:02.133+0000] {dagbag.py:588} INFO - Filling up the DagBag from /opt/airflow/dags/daily_chek.py
[2026-04-27T21:49:02.172+0000] {processor.py:925} INFO - DAG(s) 'daily_check' retrieved from /opt/airflow/dags/daily_chek.py
[2026-04-27T21:49:02.252+0000] {logging_mixin.py:190} INFO - [2026-04-27T21:49:02.251+0000] {dag.py:3239} INFO - Sync 1 DAGs
[2026-04-27T21:49:02.404+0000] {logging_mixin.py:190} INFO - [2026-04-27T21:49:02.404+0000] {dag.py:4180} INFO - Setting next_dagrun for daily_check to 2026-04-27 00:00:00+00:00, run_after=2026-04-28 00:00:00+00:00
[2026-04-27T21:49:02.426+0000] {processor.py:208} INFO - Processing /opt/airflow/dags/daily_chek.py took 0.328 seconds
[2026-04-27T21:49:32.737+0000] {processor.py:186} INFO - Started process (PID=4205) to work on /opt/airflow/dags/daily_chek.py
[2026-04-27T21:49:32.739+0000] {processor.py:914} INFO - Processing file /opt/airflow/dags/daily_chek.py for tasks to queue
[2026-04-27T21:49:32.746+0000] {logging_mixin.py:190} INFO - [2026-04-27T21:49:32.745+0000] {dagbag.py:588} INFO - Filling up the DagBag from /opt/airflow/dags/daily_chek.py
[2026-04-27T21:49:32.778+0000] {processor.py:925} INFO - DAG(s) 'daily_check' retrieved from /opt/airflow/dags/daily_chek.py
[2026-04-27T21:49:32.849+0000] {logging_mixin.py:190} INFO - [2026-04-27T21:49:32.848+0000] {dag.py:3239} INFO - Sync 1 DAGs
[2026-04-27T21:49:32.899+0000] {logging_mixin.py:190} INFO - [2026-04-27T21:49:32.899+0000] {dag.py:4180} INFO - Setting next_dagrun for daily_check to 2026-04-27 00:00:00+00:00, run_after=2026-04-28 00:00:00+00:00
[2026-04-27T21:49:32.925+0000] {processor.py:208} INFO - Processing /opt/airflow/dags/daily_chek.py took 0.206 seconds
[2026-04-27T21:50:03.292+0000] {processor.py:186} INFO - Started process (PID=4227) to work on /opt/airflow/dags/daily_chek.py
[2026-04-27T21:50:03.295+0000] {processor.py:914} INFO - Processing file /opt/airflow/dags/daily_chek.py for tasks to queue
[2026-04-27T21:50:03.303+0000] {logging_mixin.py:190} INFO - [2026-04-27T21:50:03.302+0000] {dagbag.py:588} INFO - Filling up the DagBag from /opt/airflow/dags/daily_chek.py
[2026-04-27T21:50:03.344+0000] {processor.py:925} INFO - DAG(s) 'daily_check' retrieved from /opt/airflow/dags/daily_chek.py
[2026-04-27T21:50:03.437+0000] {logging_mixin.py:190} INFO - [2026-04-27T21:50:03.436+0000] {dag.py:3239} INFO - Sync 1 DAGs
[2026-04-27T21:50:03.528+0000] {logging_mixin.py:190} INFO - [2026-04-27T21:50:03.527+0000] {dag.py:4180} INFO - Setting next_dagrun for daily_check to 2026-04-27 00:00:00+00:00, run_after=2026-04-28 00:00:00+00:00
[2026-04-27T21:50:03.592+0000] {processor.py:208} INFO - Processing /opt/airflow/dags/daily_chek.py took 0.324 seconds
[2026-04-27T21:50:33.921+0000] {processor.py:186} INFO - Started process (PID=4243) to work on /opt/airflow/dags/daily_chek.py
[2026-04-27T21:50:33.923+0000] {processor.py:914} INFO - Processing file /opt/airflow/dags/daily_chek.py for tasks to queue
[2026-04-27T21:50:33.928+0000] {logging_mixin.py:190} INFO - [2026-04-27T21:50:33.928+0000] {dagbag.py:588} INFO - Filling up the DagBag from /opt/airflow/dags/daily_chek.py
[2026-04-27T21:50:33.961+0000] {processor.py:925} INFO - DAG(s) 'daily_check' retrieved from /opt/airflow/dags/daily_chek.py
[2026-04-27T21:50:34.030+0000] {logging_mixin.py:190} INFO - [2026-04-27T21:50:34.029+0000] {dag.py:3239} INFO - Sync 1 DAGs
[2026-04-27T21:50:34.091+0000] {logging_mixin.py:190} INFO - [2026-04-27T21:50:34.090+0000] {dag.py:4180} INFO - Setting next_dagrun for daily_check to 2026-04-27 00:00:00+00:00, run_after=2026-04-28 00:00:00+00:00
[2026-04-27T21:50:34.130+0000] {processor.py:208} INFO - Processing /opt/airflow/dags/daily_chek.py took 0.225 seconds
[2026-04-27T21:51:04.479+0000] {processor.py:186} INFO - Started process (PID=4259) to work on /opt/airflow/dags/daily_chek.py
[2026-04-27T21:51:04.487+0000] {processor.py:914} INFO - Processing file /opt/airflow/dags/daily_chek.py for tasks to queue
[2026-04-27T21:51:04.493+0000] {logging_mixin.py:190} INFO - [2026-04-27T21:51:04.492+0000] {dagbag.py:588} INFO - Filling up the DagBag from /opt/airflow/dags/daily_chek.py
[2026-04-27T21:51:04.541+0000] {processor.py:925} INFO - DAG(s) 'daily_check' retrieved from /opt/airflow/dags/daily_chek.py
[2026-04-27T21:51:04.615+0000] {logging_mixin.py:190} INFO - [2026-04-27T21:51:04.614+0000] {dag.py:3239} INFO - Sync 1 DAGs
[2026-04-27T21:51:04.785+0000] {logging_mixin.py:190} INFO - [2026-04-27T21:51:04.785+0000] {dag.py:4180} INFO - Setting next_dagrun for daily_check to 2026-04-27 00:00:00+00:00, run_after=2026-04-28 00:00:00+00:00
[2026-04-27T21:51:04.807+0000] {processor.py:208} INFO - Processing /opt/airflow/dags/daily_chek.py took 0.352 seconds
[2026-04-27T21:51:35.134+0000] {processor.py:186} INFO - Started process (PID=4275) to work on /opt/airflow/dags/daily_chek.py
[2026-04-27T21:51:35.136+0000] {processor.py:914} INFO - Processing file /opt/airflow/dags/daily_chek.py for tasks to queue
[2026-04-27T21:51:35.142+0000] {logging_mixin.py:190} INFO - [2026-04-27T21:51:35.141+0000] {dagbag.py:588} INFO - Filling up the DagBag from /opt/airflow/dags/daily_chek.py
[2026-04-27T21:51:35.175+0000] {processor.py:925} INFO - DAG(s) 'daily_check' retrieved from /opt/airflow/dags/daily_chek.py
[2026-04-27T21:51:35.243+0000] {logging_mixin.py:190} INFO - [2026-04-27T21:51:35.243+0000] {dag.py:3239} INFO - Sync 1 DAGs
[2026-04-27T21:51:35.431+0000] {logging_mixin.py:190} INFO - [2026-04-27T21:51:35.431+0000] {dag.py:4180} INFO - Setting next_dagrun for daily_check to 2026-04-27 00:00:00+00:00, run_after=2026-04-28 00:00:00+00:00
[2026-04-27T21:51:35.445+0000] {processor.py:208} INFO - Processing /opt/airflow/dags/daily_chek.py took 0.331 seconds
[2026-04-27T21:52:05.768+0000] {processor.py:186} INFO - Started process (PID=4291) to work on /opt/airflow/dags/daily_chek.py
[2026-04-27T21:52:05.770+0000] {processor.py:914} INFO - Processing file /opt/airflow/dags/daily_chek.py for tasks to queue
[2026-04-27T21:52:05.775+0000] {logging_mixin.py:190} INFO - [2026-04-27T21:52:05.774+0000] {dagbag.py:588} INFO - Filling up the DagBag from /opt/airflow/dags/daily_chek.py
[2026-04-27T21:52:05.808+0000] {processor.py:925} INFO - DAG(s) 'daily_check' retrieved from /opt/airflow/dags/daily_chek.py
[2026-04-27T21:52:05.880+0000] {logging_mixin.py:190} INFO - [2026-04-27T21:52:05.879+0000] {dag.py:3239} INFO - Sync 1 DAGs
[2026-04-27T21:52:05.937+0000] {logging_mixin.py:190} INFO - [2026-04-27T21:52:05.937+0000] {dag.py:4180} INFO - Setting next_dagrun for daily_check to 2026-04-27 00:00:00+00:00, run_after=2026-04-28 00:00:00+00:00
[2026-04-27T21:52:05.971+0000] {processor.py:208} INFO - Processing /opt/airflow/dags/daily_chek.py took 0.220 seconds
[2026-04-27T21:52:36.073+0000] {processor.py:186} INFO - Started process (PID=4307) to work on /opt/airflow/dags/daily_chek.py
[2026-04-27T21:52:36.080+0000] {processor.py:914} INFO - Processing file /opt/airflow/dags/daily_chek.py for tasks to queue
[2026-04-27T21:52:36.086+0000] {logging_mixin.py:190} INFO - [2026-04-27T21:52:36.085+0000] {dagbag.py:588} INFO - Filling up the DagBag from /opt/airflow/dags/daily_chek.py
[2026-04-27T21:52:36.123+0000] {processor.py:925} INFO - DAG(s) 'daily_check' retrieved from /opt/airflow/dags/daily_chek.py
[2026-04-27T21:52:36.195+0000] {logging_mixin.py:190} INFO - [2026-04-27T21:52:36.194+0000] {dag.py:3239} INFO - Sync 1 DAGs
[2026-04-27T21:52:36.255+0000] {logging_mixin.py:190} INFO - [2026-04-27T21:52:36.254+0000] {dag.py:4180} INFO - Setting next_dagrun for daily_check to 2026-04-27 00:00:00+00:00, run_after=2026-04-28 00:00:00+00:00
[2026-04-27T21:52:36.279+0000] {processor.py:208} INFO - Processing /opt/airflow/dags/daily_chek.py took 0.228 seconds
[2026-04-27T21:53:06.592+0000] {processor.py:186} INFO - Started process (PID=4323) to work on /opt/airflow/dags/daily_chek.py
[2026-04-27T21:53:06.594+0000] {processor.py:914} INFO - Processing file /opt/airflow/dags/daily_chek.py for tasks to queue
[2026-04-27T21:53:06.602+0000] {logging_mixin.py:190} INFO - [2026-04-27T21:53:06.599+0000] {dagbag.py:588} INFO - Filling up the DagBag from /opt/airflow/dags/daily_chek.py
[2026-04-27T21:53:06.636+0000] {processor.py:925} INFO - DAG(s) 'daily_check' retrieved from /opt/airflow/dags/daily_chek.py
[2026-04-27T21:53:06.684+0000] {logging_mixin.py:190} INFO - [2026-04-27T21:53:06.684+0000] {dag.py:3239} INFO - Sync 1 DAGs
[2026-04-27T21:53:06.724+0000] {logging_mixin.py:190} INFO - [2026-04-27T21:53:06.724+0000] {dag.py:4180} INFO - Setting next_dagrun for daily_check to 2026-04-27 00:00:00+00:00, run_after=2026-04-28 00:00:00+00:00
[2026-04-27T21:53:06.740+0000] {processor.py:208} INFO - Processing /opt/airflow/dags/daily_chek.py took 0.171 seconds
[2026-04-27T21:53:37.078+0000] {processor.py:186} INFO - Started process (PID=4339) to work on /opt/airflow/dags/daily_chek.py
[2026-04-27T21:53:37.086+0000] {processor.py:914} INFO - Processing file /opt/airflow/dags/daily_chek.py for tasks to queue
[2026-04-27T21:53:37.093+0000] {logging_mixin.py:190} INFO - [2026-04-27T21:53:37.092+0000] {dagbag.py:588} INFO - Filling up the DagBag from /opt/airflow/dags/daily_chek.py
[2026-04-27T21:53:37.129+0000] {processor.py:925} INFO - DAG(s) 'daily_check' retrieved from /opt/airflow/dags/daily_chek.py
[2026-04-27T21:53:37.208+0000] {logging_mixin.py:190} INFO - [2026-04-27T21:53:37.208+0000] {dag.py:3239} INFO - Sync 1 DAGs
[2026-04-27T21:53:37.275+0000] {logging_mixin.py:190} INFO - [2026-04-27T21:53:37.275+0000] {dag.py:4180} INFO - Setting next_dagrun for daily_check to 2026-04-27 00:00:00+00:00, run_after=2026-04-28 00:00:00+00:00
[2026-04-27T21:53:37.427+0000] {processor.py:208} INFO - Processing /opt/airflow/dags/daily_chek.py took 0.368 seconds
[2026-04-27T21:54:07.780+0000] {processor.py:186} INFO - Started process (PID=4355) to work on /opt/airflow/dags/daily_chek.py
[2026-04-27T21:54:07.783+0000] {processor.py:914} INFO - Processing file /opt/airflow/dags/daily_chek.py for tasks to queue
[2026-04-27T21:54:07.794+0000] {logging_mixin.py:190} INFO - [2026-04-27T21:54:07.793+0000] {dagbag.py:588} INFO - Filling up the DagBag from /opt/airflow/dags/daily_chek.py
[2026-04-27T21:54:07.836+0000] {processor.py:925} INFO - DAG(s) 'daily_check' retrieved from /opt/airflow/dags/daily_chek.py
[2026-04-27T21:54:07.885+0000] {logging_mixin.py:190} INFO - [2026-04-27T21:54:07.884+0000] {dag.py:3239} INFO - Sync 1 DAGs
[2026-04-27T21:54:08.048+0000] {logging_mixin.py:190} INFO - [2026-04-27T21:54:08.047+0000] {dag.py:4180} INFO - Setting next_dagrun for daily_check to 2026-04-27 00:00:00+00:00, run_after=2026-04-28 00:00:00+00:00
[2026-04-27T21:54:08.069+0000] {processor.py:208} INFO - Processing /opt/airflow/dags/daily_chek.py took 0.321 seconds
[2026-04-27T21:54:38.431+0000] {processor.py:186} INFO - Started process (PID=4371) to work on /opt/airflow/dags/daily_chek.py
[2026-04-27T21:54:38.439+0000] {processor.py:914} INFO - Processing file /opt/airflow/dags/daily_chek.py for tasks to queue
[2026-04-27T21:54:38.445+0000] {logging_mixin.py:190} INFO - [2026-04-27T21:54:38.444+0000] {dagbag.py:588} INFO - Filling up the DagBag from /opt/airflow/dags/daily_chek.py
[2026-04-27T21:54:38.478+0000] {processor.py:925} INFO - DAG(s) 'daily_check' retrieved from /opt/airflow/dags/daily_chek.py
[2026-04-27T21:54:38.546+0000] {logging_mixin.py:190} INFO - [2026-04-27T21:54:38.545+0000] {dag.py:3239} INFO - Sync 1 DAGs
[2026-04-27T21:54:38.719+0000] {logging_mixin.py:190} INFO - [2026-04-27T21:54:38.719+0000] {dag.py:4180} INFO - Setting next_dagrun for daily_check to 2026-04-27 00:00:00+00:00, run_after=2026-04-28 00:00:00+00:00
[2026-04-27T21:54:38.735+0000] {processor.py:208} INFO - Processing /opt/airflow/dags/daily_chek.py took 0.320 seconds
[2026-04-27T21:55:09.043+0000] {processor.py:186} INFO - Started process (PID=4387) to work on /opt/airflow/dags/daily_chek.py
[2026-04-27T21:55:09.045+0000] {processor.py:914} INFO - Processing file /opt/airflow/dags/daily_chek.py for tasks to queue
[2026-04-27T21:55:09.050+0000] {logging_mixin.py:190} INFO - [2026-04-27T21:55:09.049+0000] {dagbag.py:588} INFO - Filling up the DagBag from /opt/airflow/dags/daily_chek.py
[2026-04-27T21:55:09.083+0000] {processor.py:925} INFO - DAG(s) 'daily_check' retrieved from /opt/airflow/dags/daily_chek.py
[2026-04-27T21:55:09.152+0000] {logging_mixin.py:190} INFO - [2026-04-27T21:55:09.151+0000] {dag.py:3239} INFO - Sync 1 DAGs
[2026-04-27T21:55:09.200+0000] {logging_mixin.py:190} INFO - [2026-04-27T21:55:09.200+0000] {dag.py:4180} INFO - Setting next_dagrun for daily_check to 2026-04-27 00:00:00+00:00, run_after=2026-04-28 00:00:00+00:00
[2026-04-27T21:55:09.223+0000] {processor.py:208} INFO - Processing /opt/airflow/dags/daily_chek.py took 0.198 seconds
[2026-04-27T21:55:39.320+0000] {processor.py:186} INFO - Started process (PID=4404) to work on /opt/airflow/dags/daily_chek.py
[2026-04-27T21:55:39.327+0000] {processor.py:914} INFO - Processing file /opt/airflow/dags/daily_chek.py for tasks to queue
[2026-04-27T21:55:39.329+0000] {logging_mixin.py:190} INFO - [2026-04-27T21:55:39.328+0000] {dagbag.py:588} INFO - Filling up the DagBag from /opt/airflow/dags/daily_chek.py
[2026-04-27T21:55:39.340+0000] {processor.py:925} INFO - DAG(s) 'daily_check' retrieved from /opt/airflow/dags/daily_chek.py
[2026-04-27T21:55:39.364+0000] {logging_mixin.py:190} INFO - [2026-04-27T21:55:39.364+0000] {dag.py:3239} INFO - Sync 1 DAGs
[2026-04-27T21:55:39.390+0000] {logging_mixin.py:190} INFO - [2026-04-27T21:55:39.390+0000] {dag.py:4180} INFO - Setting next_dagrun for daily_check to 2026-04-27 00:00:00+00:00, run_after=2026-04-28 00:00:00+00:00
[2026-04-27T21:55:39.407+0000] {processor.py:208} INFO - Processing /opt/airflow/dags/daily_chek.py took 0.093 seconds
[2026-04-27T21:56:09.629+0000] {processor.py:186} INFO - Started process (PID=4420) to work on /opt/airflow/dags/daily_chek.py
[2026-04-27T21:56:09.632+0000] {processor.py:914} INFO - Processing file /opt/airflow/dags/daily_chek.py for tasks to queue
[2026-04-27T21:56:09.638+0000] {logging_mixin.py:190} INFO - [2026-04-27T21:56:09.637+0000] {dagbag.py:588} INFO - Filling up the DagBag from /opt/airflow/dags/daily_chek.py
[2026-04-27T21:56:09.672+0000] {processor.py:925} INFO - DAG(s) 'daily_check' retrieved from /opt/airflow/dags/daily_chek.py
[2026-04-27T21:56:09.746+0000] {logging_mixin.py:190} INFO - [2026-04-27T21:56:09.745+0000] {dag.py:3239} INFO - Sync 1 DAGs
[2026-04-27T21:56:09.793+0000] {logging_mixin.py:190} INFO - [2026-04-27T21:56:09.793+0000] {dag.py:4180} INFO - Setting next_dagrun for daily_check to 2026-04-27 00:00:00+00:00, run_after=2026-04-28 00:00:00+00:00
[2026-04-27T21:56:09.818+0000] {processor.py:208} INFO - Processing /opt/airflow/dags/daily_chek.py took 0.207 seconds
[2026-04-27T21:56:40.013+0000] {processor.py:186} INFO - Started process (PID=4436) to work on /opt/airflow/dags/daily_chek.py
[2026-04-27T21:56:40.021+0000] {processor.py:914} INFO - Processing file /opt/airflow/dags/daily_chek.py for tasks to queue
[2026-04-27T21:56:40.027+0000] {logging_mixin.py:190} INFO - [2026-04-27T21:56:40.026+0000] {dagbag.py:588} INFO - Filling up the DagBag from /opt/airflow/dags/daily_chek.py
[2026-04-27T21:56:40.059+0000] {processor.py:925} INFO - DAG(s) 'daily_check' retrieved from /opt/airflow/dags/daily_chek.py
[2026-04-27T21:56:40.132+0000] {logging_mixin.py:190} INFO - [2026-04-27T21:56:40.132+0000] {dag.py:3239} INFO - Sync 1 DAGs
[2026-04-27T21:56:40.172+0000] {logging_mixin.py:190} INFO - [2026-04-27T21:56:40.172+0000] {dag.py:4180} INFO - Setting next_dagrun for daily_check to 2026-04-27 00:00:00+00:00, run_after=2026-04-28 00:00:00+00:00
[2026-04-27T21:56:40.311+0000] {processor.py:208} INFO - Processing /opt/airflow/dags/daily_chek.py took 0.317 seconds
[2026-04-27T21:57:10.412+0000] {processor.py:186} INFO - Started process (PID=4452) to work on /opt/airflow/dags/daily_chek.py
[2026-04-27T21:57:10.414+0000] {processor.py:914} INFO - Processing file /opt/airflow/dags/daily_chek.py for tasks to queue
[2026-04-27T21:57:10.420+0000] {logging_mixin.py:190} INFO - [2026-04-27T21:57:10.420+0000] {dagbag.py:588} INFO - Filling up the DagBag from /opt/airflow/dags/daily_chek.py
[2026-04-27T21:57:10.452+0000] {processor.py:925} INFO - DAG(s) 'daily_check' retrieved from /opt/airflow/dags/daily_chek.py
[2026-04-27T21:57:10.522+0000] {logging_mixin.py:190} INFO - [2026-04-27T21:57:10.521+0000] {dag.py:3239} INFO - Sync 1 DAGs
[2026-04-27T21:57:10.731+0000] {logging_mixin.py:190} INFO - [2026-04-27T21:57:10.730+0000] {dag.py:4180} INFO - Setting next_dagrun for daily_check to 2026-04-27 00:00:00+00:00, run_after=2026-04-28 00:00:00+00:00
[2026-04-27T21:57:10.746+0000] {processor.py:208} INFO - Processing /opt/airflow/dags/daily_chek.py took 0.351 seconds
[2026-04-27T21:57:40.896+0000] {processor.py:186} INFO - Started process (PID=4469) to work on /opt/airflow/dags/daily_chek.py
[2026-04-27T21:57:40.898+0000] {processor.py:914} INFO - Processing file /opt/airflow/dags/daily_chek.py for tasks to queue
[2026-04-27T21:57:40.905+0000] {logging_mixin.py:190} INFO - [2026-04-27T21:57:40.904+0000] {dagbag.py:588} INFO - Filling up the DagBag from /opt/airflow/dags/daily_chek.py
[2026-04-27T21:57:40.939+0000] {processor.py:925} INFO - DAG(s) 'daily_check' retrieved from /opt/airflow/dags/daily_chek.py
[2026-04-27T21:57:41.144+0000] {logging_mixin.py:190} INFO - [2026-04-27T21:57:41.144+0000] {dag.py:3239} INFO - Sync 1 DAGs
[2026-04-27T21:57:41.170+0000] {logging_mixin.py:190} INFO - [2026-04-27T21:57:41.170+0000] {dag.py:4180} INFO - Setting next_dagrun for daily_check to 2026-04-27 00:00:00+00:00, run_after=2026-04-28 00:00:00+00:00
[2026-04-27T21:57:41.192+0000] {processor.py:208} INFO - Processing /opt/airflow/dags/daily_chek.py took 0.315 seconds
[2026-04-27T21:58:11.288+0000] {processor.py:186} INFO - Started process (PID=4485) to work on /opt/airflow/dags/daily_chek.py
[2026-04-27T21:58:11.289+0000] {processor.py:914} INFO - Processing file /opt/airflow/dags/daily_chek.py for tasks to queue
[2026-04-27T21:58:11.293+0000] {logging_mixin.py:190} INFO - [2026-04-27T21:58:11.292+0000] {dagbag.py:588} INFO - Filling up the DagBag from /opt/airflow/dags/daily_chek.py
[2026-04-27T21:58:11.310+0000] {processor.py:925} INFO - DAG(s) 'daily_check' retrieved from /opt/airflow/dags/daily_chek.py
[2026-04-27T21:58:11.337+0000] {logging_mixin.py:190} INFO - [2026-04-27T21:58:11.337+0000] {dag.py:3239} INFO - Sync 1 DAGs
[2026-04-27T21:58:11.367+0000] {logging_mixin.py:190} INFO - [2026-04-27T21:58:11.367+0000] {dag.py:4180} INFO - Setting next_dagrun for daily_check to 2026-04-27 00:00:00+00:00, run_after=2026-04-28 00:00:00+00:00
[2026-04-27T21:58:11.388+0000] {processor.py:208} INFO - Processing /opt/airflow/dags/daily_chek.py took 0.109 seconds
[2026-04-27T21:58:41.710+0000] {processor.py:186} INFO - Started process (PID=4501) to work on /opt/airflow/dags/daily_chek.py
[2026-04-27T21:58:41.717+0000] {processor.py:914} INFO - Processing file /opt/airflow/dags/daily_chek.py for tasks to queue
[2026-04-27T21:58:41.723+0000] {logging_mixin.py:190} INFO - [2026-04-27T21:58:41.722+0000] {dagbag.py:588} INFO - Filling up the DagBag from /opt/airflow/dags/daily_chek.py
[2026-04-27T21:58:41.755+0000] {processor.py:925} INFO - DAG(s) 'daily_check' retrieved from /opt/airflow/dags/daily_chek.py
[2026-04-27T21:58:41.827+0000] {logging_mixin.py:190} INFO - [2026-04-27T21:58:41.827+0000] {dag.py:3239} INFO - Sync 1 DAGs
[2026-04-27T21:58:41.894+0000] {logging_mixin.py:190} INFO - [2026-04-27T21:58:41.893+0000] {dag.py:4180} INFO - Setting next_dagrun for daily_check to 2026-04-27 00:00:00+00:00, run_after=2026-04-28 00:00:00+00:00
[2026-04-27T21:58:41.924+0000] {processor.py:208} INFO - Processing /opt/airflow/dags/daily_chek.py took 0.233 seconds
[2026-04-27T21:59:12.045+0000] {processor.py:186} INFO - Started process (PID=4517) to work on /opt/airflow/dags/daily_chek.py
[2026-04-27T21:59:12.047+0000] {processor.py:914} INFO - Processing file /opt/airflow/dags/daily_chek.py for tasks to queue
[2026-04-27T21:59:12.051+0000] {logging_mixin.py:190} INFO - [2026-04-27T21:59:12.050+0000] {dagbag.py:588} INFO - Filling up the DagBag from /opt/airflow/dags/daily_chek.py
[2026-04-27T21:59:12.070+0000] {processor.py:925} INFO - DAG(s) 'daily_check' retrieved from /opt/airflow/dags/daily_chek.py
[2026-04-27T21:59:12.104+0000] {logging_mixin.py:190} INFO - [2026-04-27T21:59:12.103+0000] {dag.py:3239} INFO - Sync 1 DAGs
[2026-04-27T21:59:12.135+0000] {logging_mixin.py:190} INFO - [2026-04-27T21:59:12.135+0000] {dag.py:4180} INFO - Setting next_dagrun for daily_check to 2026-04-27 00:00:00+00:00, run_after=2026-04-28 00:00:00+00:00
[2026-04-27T21:59:12.155+0000] {processor.py:208} INFO - Processing /opt/airflow/dags/daily_chek.py took 0.129 seconds
[2026-04-27T21:59:42.387+0000] {processor.py:186} INFO - Started process (PID=4533) to work on /opt/airflow/dags/daily_chek.py
[2026-04-27T21:59:42.390+0000] {processor.py:914} INFO - Processing file /opt/airflow/dags/daily_chek.py for tasks to queue
[2026-04-27T21:59:42.396+0000] {logging_mixin.py:190} INFO - [2026-04-27T21:59:42.395+0000] {dagbag.py:588} INFO - Filling up the DagBag from /opt/airflow/dags/daily_chek.py
[2026-04-27T21:59:42.432+0000] {processor.py:925} INFO - DAG(s) 'daily_check' retrieved from /opt/airflow/dags/daily_chek.py
[2026-04-27T21:59:42.498+0000] {logging_mixin.py:190} INFO - [2026-04-27T21:59:42.498+0000] {dag.py:3239} INFO - Sync 1 DAGs
[2026-04-27T21:59:42.641+0000] {logging_mixin.py:190} INFO - [2026-04-27T21:59:42.641+0000] {dag.py:4180} INFO - Setting next_dagrun for daily_check to 2026-04-27 00:00:00+00:00, run_after=2026-04-28 00:00:00+00:00
[2026-04-27T21:59:42.661+0000] {processor.py:208} INFO - Processing /opt/airflow/dags/daily_chek.py took 0.292 seconds
[2026-04-27T22:00:12.774+0000] {processor.py:186} INFO - Started process (PID=4549) to work on /opt/airflow/dags/daily_chek.py
[2026-04-27T22:00:12.776+0000] {processor.py:914} INFO - Processing file /opt/airflow/dags/daily_chek.py for tasks to queue
[2026-04-27T22:00:12.782+0000] {logging_mixin.py:190} INFO - [2026-04-27T22:00:12.781+0000] {dagbag.py:588} INFO - Filling up the DagBag from /opt/airflow/dags/daily_chek.py
[2026-04-27T22:00:12.817+0000] {processor.py:925} INFO - DAG(s) 'daily_check' retrieved from /opt/airflow/dags/daily_chek.py
[2026-04-27T22:00:12.877+0000] {logging_mixin.py:190} INFO - [2026-04-27T22:00:12.876+0000] {dag.py:3239} INFO - Sync 1 DAGs
[2026-04-27T22:00:13.048+0000] {logging_mixin.py:190} INFO - [2026-04-27T22:00:13.047+0000] {dag.py:4180} INFO - Setting next_dagrun for daily_check to 2026-04-27 00:00:00+00:00, run_after=2026-04-28 00:00:00+00:00
[2026-04-27T22:00:13.063+0000] {processor.py:208} INFO - Processing /opt/airflow/dags/daily_chek.py took 0.309 seconds
[2026-04-27T22:00:43.372+0000] {processor.py:186} INFO - Started process (PID=4565) to work on /opt/airflow/dags/daily_chek.py
[2026-04-27T22:00:43.379+0000] {processor.py:914} INFO - Processing file /opt/airflow/dags/daily_chek.py for tasks to queue
[2026-04-27T22:00:43.382+0000] {logging_mixin.py:190} INFO - [2026-04-27T22:00:43.382+0000] {dagbag.py:588} INFO - Filling up the DagBag from /opt/airflow/dags/daily_chek.py
[2026-04-27T22:00:43.394+0000] {processor.py:925} INFO - DAG(s) 'daily_check' retrieved from /opt/airflow/dags/daily_chek.py
[2026-04-27T22:00:43.421+0000] {logging_mixin.py:190} INFO - [2026-04-27T22:00:43.421+0000] {dag.py:3239} INFO - Sync 1 DAGs
[2026-04-27T22:00:43.455+0000] {logging_mixin.py:190} INFO - [2026-04-27T22:00:43.455+0000] {dag.py:4180} INFO - Setting next_dagrun for daily_check to 2026-04-27 00:00:00+00:00, run_after=2026-04-28 00:00:00+00:00
[2026-04-27T22:00:43.477+0000] {processor.py:208} INFO - Processing /opt/airflow/dags/daily_chek.py took 0.115 seconds
[2026-04-27T22:01:13.738+0000] {processor.py:186} INFO - Started process (PID=4581) to work on /opt/airflow/dags/daily_chek.py
[2026-04-27T22:01:13.745+0000] {processor.py:914} INFO - Processing file /opt/airflow/dags/daily_chek.py for tasks to queue
[2026-04-27T22:01:13.749+0000] {logging_mixin.py:190} INFO - [2026-04-27T22:01:13.748+0000] {dagbag.py:588} INFO - Filling up the DagBag from /opt/airflow/dags/daily_chek.py
[2026-04-27T22:01:13.767+0000] {processor.py:925} INFO - DAG(s) 'daily_check' retrieved from /opt/airflow/dags/daily_chek.py
[2026-04-27T22:01:13.801+0000] {logging_mixin.py:190} INFO - [2026-04-27T22:01:13.801+0000] {dag.py:3239} INFO - Sync 1 DAGs
[2026-04-27T22:01:13.840+0000] {logging_mixin.py:190} INFO - [2026-04-27T22:01:13.840+0000] {dag.py:4180} INFO - Setting next_dagrun for daily_check to 2026-04-27 00:00:00+00:00, run_after=2026-04-28 00:00:00+00:00
[2026-04-27T22:01:13.865+0000] {processor.py:208} INFO - Processing /opt/airflow/dags/daily_chek.py took 0.135 seconds
[2026-04-27T22:01:44.177+0000] {processor.py:186} INFO - Started process (PID=4599) to work on /opt/airflow/dags/daily_chek.py
[2026-04-27T22:01:44.179+0000] {processor.py:914} INFO - Processing file /opt/airflow/dags/daily_chek.py for tasks to queue
[2026-04-27T22:01:44.188+0000] {logging_mixin.py:190} INFO - [2026-04-27T22:01:44.187+0000] {dagbag.py:588} INFO - Filling up the DagBag from /opt/airflow/dags/daily_chek.py
[2026-04-27T22:01:44.227+0000] {processor.py:925} INFO - DAG(s) 'daily_check' retrieved from /opt/airflow/dags/daily_chek.py
[2026-04-27T22:01:44.315+0000] {logging_mixin.py:190} INFO - [2026-04-27T22:01:44.315+0000] {dag.py:3239} INFO - Sync 1 DAGs
[2026-04-27T22:01:44.411+0000] {logging_mixin.py:190} INFO - [2026-04-27T22:01:44.410+0000] {dag.py:4180} INFO - Setting next_dagrun for daily_check to 2026-04-27 00:00:00+00:00, run_after=2026-04-28 00:00:00+00:00
[2026-04-27T22:01:44.480+0000] {processor.py:208} INFO - Processing /opt/airflow/dags/daily_chek.py took 0.331 seconds
[2026-04-27T22:02:14.838+0000] {processor.py:186} INFO - Started process (PID=4615) to work on /opt/airflow/dags/daily_chek.py
[2026-04-27T22:02:14.839+0000] {processor.py:914} INFO - Processing file /opt/airflow/dags/daily_chek.py for tasks to queue
[2026-04-27T22:02:14.842+0000] {logging_mixin.py:190} INFO - [2026-04-27T22:02:14.842+0000] {dagbag.py:588} INFO - Filling up the DagBag from /opt/airflow/dags/daily_chek.py
[2026-04-27T22:02:14.860+0000] {processor.py:925} INFO - DAG(s) 'daily_check' retrieved from /opt/airflow/dags/daily_chek.py
[2026-04-27T22:02:14.897+0000] {logging_mixin.py:190} INFO - [2026-04-27T22:02:14.897+0000] {dag.py:3239} INFO - Sync 1 DAGs
[2026-04-27T22:02:14.941+0000] {logging_mixin.py:190} INFO - [2026-04-27T22:02:14.940+0000] {dag.py:4180} INFO - Setting next_dagrun for daily_check to 2026-04-27 00:00:00+00:00, run_after=2026-04-28 00:00:00+00:00
[2026-04-27T22:02:15.137+0000] {processor.py:208} INFO - Processing /opt/airflow/dags/daily_chek.py took 0.311 seconds
[2026-04-27T22:02:45.459+0000] {processor.py:186} INFO - Started process (PID=4631) to work on /opt/airflow/dags/daily_chek.py
[2026-04-27T22:02:45.462+0000] {processor.py:914} INFO - Processing file /opt/airflow/dags/daily_chek.py for tasks to queue
[2026-04-27T22:02:45.469+0000] {logging_mixin.py:190} INFO - [2026-04-27T22:02:45.468+0000] {dagbag.py:588} INFO - Filling up the DagBag from /opt/airflow/dags/daily_chek.py
[2026-04-27T22:02:45.509+0000] {processor.py:925} INFO - DAG(s) 'daily_check' retrieved from /opt/airflow/dags/daily_chek.py
[2026-04-27T22:02:45.592+0000] {logging_mixin.py:190} INFO - [2026-04-27T22:02:45.591+0000] {dag.py:3239} INFO - Sync 1 DAGs
[2026-04-27T22:02:45.778+0000] {logging_mixin.py:190} INFO - [2026-04-27T22:02:45.778+0000] {dag.py:4180} INFO - Setting next_dagrun for daily_check to 2026-04-27 00:00:00+00:00, run_after=2026-04-28 00:00:00+00:00
[2026-04-27T22:02:45.801+0000] {processor.py:208} INFO - Processing /opt/airflow/dags/daily_chek.py took 0.361 seconds
[2026-04-27T22:03:16.169+0000] {processor.py:186} INFO - Started process (PID=4647) to work on /opt/airflow/dags/daily_chek.py
[2026-04-27T22:03:16.171+0000] {processor.py:914} INFO - Processing file /opt/airflow/dags/daily_chek.py for tasks to queue
[2026-04-27T22:03:16.177+0000] {logging_mixin.py:190} INFO - [2026-04-27T22:03:16.176+0000] {dagbag.py:588} INFO - Filling up the DagBag from /opt/airflow/dags/daily_chek.py
[2026-04-27T22:03:16.214+0000] {processor.py:925} INFO - DAG(s) 'daily_check' retrieved from /opt/airflow/dags/daily_chek.py
[2026-04-27T22:03:16.292+0000] {logging_mixin.py:190} INFO - [2026-04-27T22:03:16.292+0000] {dag.py:3239} INFO - Sync 1 DAGs
[2026-04-27T22:03:16.467+0000] {logging_mixin.py:190} INFO - [2026-04-27T22:03:16.467+0000] {dag.py:4180} INFO - Setting next_dagrun for daily_check to 2026-04-27 00:00:00+00:00, run_after=2026-04-28 00:00:00+00:00
[2026-04-27T22:03:16.488+0000] {processor.py:208} INFO - Processing /opt/airflow/dags/daily_chek.py took 0.338 seconds
[2026-04-27T22:03:46.808+0000] {processor.py:186} INFO - Started process (PID=4663) to work on /opt/airflow/dags/daily_chek.py
[2026-04-27T22:03:46.811+0000] {processor.py:914} INFO - Processing file /opt/airflow/dags/daily_chek.py for tasks to queue
[2026-04-27T22:03:46.818+0000] {logging_mixin.py:190} INFO - [2026-04-27T22:03:46.816+0000] {dagbag.py:588} INFO - Filling up the DagBag from /opt/airflow/dags/daily_chek.py
[2026-04-27T22:03:46.864+0000] {processor.py:925} INFO - DAG(s) 'daily_check' retrieved from /opt/airflow/dags/daily_chek.py
[2026-04-27T22:03:46.957+0000] {logging_mixin.py:190} INFO - [2026-04-27T22:03:46.956+0000] {dag.py:3239} INFO - Sync 1 DAGs
[2026-04-27T22:03:47.062+0000] {logging_mixin.py:190} INFO - [2026-04-27T22:03:47.061+0000] {dag.py:4180} INFO - Setting next_dagrun for daily_check to 2026-04-27 00:00:00+00:00, run_after=2026-04-28 00:00:00+00:00
[2026-04-27T22:03:47.122+0000] {processor.py:208} INFO - Processing /opt/airflow/dags/daily_chek.py took 0.333 seconds
[2026-04-27T22:04:17.505+0000] {processor.py:186} INFO - Started process (PID=4679) to work on /opt/airflow/dags/daily_chek.py
[2026-04-27T22:04:17.508+0000] {processor.py:914} INFO - Processing file /opt/airflow/dags/daily_chek.py for tasks to queue
[2026-04-27T22:04:17.519+0000] {logging_mixin.py:190} INFO - [2026-04-27T22:04:17.516+0000] {dagbag.py:588} INFO - Filling up the DagBag from /opt/airflow/dags/daily_chek.py
[2026-04-27T22:04:17.556+0000] {processor.py:925} INFO - DAG(s) 'daily_check' retrieved from /opt/airflow/dags/daily_chek.py
[2026-04-27T22:04:17.635+0000] {logging_mixin.py:190} INFO - [2026-04-27T22:04:17.634+0000] {dag.py:3239} INFO - Sync 1 DAGs
[2026-04-27T22:04:17.726+0000] {logging_mixin.py:190} INFO - [2026-04-27T22:04:17.725+0000] {dag.py:4180} INFO - Setting next_dagrun for daily_check to 2026-04-27 00:00:00+00:00, run_after=2026-04-28 00:00:00+00:00
[2026-04-27T22:04:17.780+0000] {processor.py:208} INFO - Processing /opt/airflow/dags/daily_chek.py took 0.299 seconds
[2026-04-27T22:04:48.270+0000] {processor.py:186} INFO - Started process (PID=4695) to work on /opt/airflow/dags/daily_chek.py
[2026-04-27T22:04:48.273+0000] {processor.py:914} INFO - Processing file /opt/airflow/dags/daily_chek.py for tasks to queue
[2026-04-27T22:04:48.283+0000] {logging_mixin.py:190} INFO - [2026-04-27T22:04:48.282+0000] {dagbag.py:588} INFO - Filling up the DagBag from /opt/airflow/dags/daily_chek.py
[2026-04-27T22:04:48.337+0000] {processor.py:925} INFO - DAG(s) 'daily_check' retrieved from /opt/airflow/dags/daily_chek.py
[2026-04-27T22:04:48.382+0000] {logging_mixin.py:190} INFO - [2026-04-27T22:04:48.382+0000] {dag.py:3239} INFO - Sync 1 DAGs
[2026-04-27T22:04:48.418+0000] {logging_mixin.py:190} INFO - [2026-04-27T22:04:48.418+0000] {dag.py:4180} INFO - Setting next_dagrun for daily_check to 2026-04-27 00:00:00+00:00, run_after=2026-04-28 00:00:00+00:00
[2026-04-27T22:04:48.446+0000] {processor.py:208} INFO - Processing /opt/airflow/dags/daily_chek.py took 0.251 seconds
[2026-04-27T22:05:18.619+0000] {processor.py:186} INFO - Started process (PID=4711) to work on /opt/airflow/dags/daily_chek.py
[2026-04-27T22:05:18.628+0000] {processor.py:914} INFO - Processing file /opt/airflow/dags/daily_chek.py for tasks to queue
[2026-04-27T22:05:18.637+0000] {logging_mixin.py:190} INFO - [2026-04-27T22:05:18.635+0000] {dagbag.py:588} INFO - Filling up the DagBag from /opt/airflow/dags/daily_chek.py
[2026-04-27T22:05:18.691+0000] {processor.py:925} INFO - DAG(s) 'daily_check' retrieved from /opt/airflow/dags/daily_chek.py
[2026-04-27T22:05:18.776+0000] {logging_mixin.py:190} INFO - [2026-04-27T22:05:18.776+0000] {dag.py:3239} INFO - Sync 1 DAGs
[2026-04-27T22:05:18.865+0000] {logging_mixin.py:190} INFO - [2026-04-27T22:05:18.864+0000] {dag.py:4180} INFO - Setting next_dagrun for daily_check to 2026-04-27 00:00:00+00:00, run_after=2026-04-28 00:00:00+00:00
[2026-04-27T22:05:19.106+0000] {processor.py:208} INFO - Processing /opt/airflow/dags/daily_chek.py took 0.513 seconds
[2026-04-27T22:05:49.382+0000] {processor.py:186} INFO - Started process (PID=4727) to work on /opt/airflow/dags/daily_chek.py
[2026-04-27T22:05:49.384+0000] {processor.py:914} INFO - Processing file /opt/airflow/dags/daily_chek.py for tasks to queue
[2026-04-27T22:05:49.390+0000] {logging_mixin.py:190} INFO - [2026-04-27T22:05:49.389+0000] {dagbag.py:588} INFO - Filling up the DagBag from /opt/airflow/dags/daily_chek.py
[2026-04-27T22:05:49.427+0000] {processor.py:925} INFO - DAG(s) 'daily_check' retrieved from /opt/airflow/dags/daily_chek.py
[2026-04-27T22:05:49.512+0000] {logging_mixin.py:190} INFO - [2026-04-27T22:05:49.511+0000] {dag.py:3239} INFO - Sync 1 DAGs
[2026-04-27T22:05:49.759+0000] {logging_mixin.py:190} INFO - [2026-04-27T22:05:49.759+0000] {dag.py:4180} INFO - Setting next_dagrun for daily_check to 2026-04-27 00:00:00+00:00, run_after=2026-04-28 00:00:00+00:00
[2026-04-27T22:05:49.775+0000] {processor.py:208} INFO - Processing /opt/airflow/dags/daily_chek.py took 0.413 seconds
[2026-04-27T22:06:20.142+0000] {processor.py:186} INFO - Started process (PID=4743) to work on /opt/airflow/dags/daily_chek.py
[2026-04-27T22:06:20.150+0000] {processor.py:914} INFO - Processing file /opt/airflow/dags/daily_chek.py for tasks to queue
[2026-04-27T22:06:20.156+0000] {logging_mixin.py:190} INFO - [2026-04-27T22:06:20.155+0000] {dagbag.py:588} INFO - Filling up the DagBag from /opt/airflow/dags/daily_chek.py
[2026-04-27T22:06:20.193+0000] {processor.py:925} INFO - DAG(s) 'daily_check' retrieved from /opt/airflow/dags/daily_chek.py
[2026-04-27T22:06:20.498+0000] {logging_mixin.py:190} INFO - [2026-04-27T22:06:20.498+0000] {dag.py:3239} INFO - Sync 1 DAGs
[2026-04-27T22:06:20.521+0000] {logging_mixin.py:190} INFO - [2026-04-27T22:06:20.520+0000] {dag.py:4180} INFO - Setting next_dagrun for daily_check to 2026-04-27 00:00:00+00:00, run_after=2026-04-28 00:00:00+00:00
[2026-04-27T22:06:20.544+0000] {processor.py:208} INFO - Processing /opt/airflow/dags/daily_chek.py took 0.429 seconds
[2026-04-27T22:06:50.842+0000] {processor.py:186} INFO - Started process (PID=4759) to work on /opt/airflow/dags/daily_chek.py
[2026-04-27T22:06:50.843+0000] {processor.py:914} INFO - Processing file /opt/airflow/dags/daily_chek.py for tasks to queue
[2026-04-27T22:06:50.847+0000] {logging_mixin.py:190} INFO - [2026-04-27T22:06:50.846+0000] {dagbag.py:588} INFO - Filling up the DagBag from /opt/airflow/dags/daily_chek.py
[2026-04-27T22:06:50.864+0000] {processor.py:925} INFO - DAG(s) 'daily_check' retrieved from /opt/airflow/dags/daily_chek.py
[2026-04-27T22:06:50.894+0000] {logging_mixin.py:190} INFO - [2026-04-27T22:06:50.893+0000] {dag.py:3239} INFO - Sync 1 DAGs
[2026-04-27T22:06:50.924+0000] {logging_mixin.py:190} INFO - [2026-04-27T22:06:50.924+0000] {dag.py:4180} INFO - Setting next_dagrun for daily_check to 2026-04-27 00:00:00+00:00, run_after=2026-04-28 00:00:00+00:00
[2026-04-27T22:06:50.944+0000] {processor.py:208} INFO - Processing /opt/airflow/dags/daily_chek.py took 0.112 seconds
[2026-04-27T22:07:21.216+0000] {processor.py:186} INFO - Started process (PID=4775) to work on /opt/airflow/dags/daily_chek.py
[2026-04-27T22:07:21.219+0000] {processor.py:914} INFO - Processing file /opt/airflow/dags/daily_chek.py for tasks to queue
[2026-04-27T22:07:21.228+0000] {logging_mixin.py:190} INFO - [2026-04-27T22:07:21.225+0000] {dagbag.py:588} INFO - Filling up the DagBag from /opt/airflow/dags/daily_chek.py
[2026-04-27T22:07:21.274+0000] {processor.py:925} INFO - DAG(s) 'daily_check' retrieved from /opt/airflow/dags/daily_chek.py
[2026-04-27T22:07:21.362+0000] {logging_mixin.py:190} INFO - [2026-04-27T22:07:21.362+0000] {dag.py:3239} INFO - Sync 1 DAGs
[2026-04-27T22:07:21.402+0000] {logging_mixin.py:190} INFO - [2026-04-27T22:07:21.402+0000] {dag.py:4180} INFO - Setting next_dagrun for daily_check to 2026-04-27 00:00:00+00:00, run_after=2026-04-28 00:00:00+00:00
[2026-04-27T22:07:21.435+0000] {processor.py:208} INFO - Processing /opt/airflow/dags/daily_chek.py took 0.243 seconds
[2026-04-27T22:07:51.775+0000] {processor.py:186} INFO - Started process (PID=4791) to work on /opt/airflow/dags/daily_chek.py
[2026-04-27T22:07:51.777+0000] {processor.py:914} INFO - Processing file /opt/airflow/dags/daily_chek.py for tasks to queue
[2026-04-27T22:07:51.784+0000] {logging_mixin.py:190} INFO - [2026-04-27T22:07:51.783+0000] {dagbag.py:588} INFO - Filling up the DagBag from /opt/airflow/dags/daily_chek.py
[2026-04-27T22:07:51.821+0000] {processor.py:925} INFO - DAG(s) 'daily_check' retrieved from /opt/airflow/dags/daily_chek.py
[2026-04-27T22:07:51.866+0000] {logging_mixin.py:190} INFO - [2026-04-27T22:07:51.865+0000] {dag.py:3239} INFO - Sync 1 DAGs
[2026-04-27T22:07:51.903+0000] {logging_mixin.py:190} INFO - [2026-04-27T22:07:51.903+0000] {dag.py:4180} INFO - Setting next_dagrun for daily_check to 2026-04-27 00:00:00+00:00, run_after=2026-04-28 00:00:00+00:00
[2026-04-27T22:07:52.073+0000] {processor.py:208} INFO - Processing /opt/airflow/dags/daily_chek.py took 0.322 seconds
[2026-04-27T22:08:22.417+0000] {processor.py:186} INFO - Started process (PID=4807) to work on /opt/airflow/dags/daily_chek.py
[2026-04-27T22:08:22.425+0000] {processor.py:914} INFO - Processing file /opt/airflow/dags/daily_chek.py for tasks to queue
[2026-04-27T22:08:22.434+0000] {logging_mixin.py:190} INFO - [2026-04-27T22:08:22.432+0000] {dagbag.py:588} INFO - Filling up the DagBag from /opt/airflow/dags/daily_chek.py
[2026-04-27T22:08:22.473+0000] {processor.py:925} INFO - DAG(s) 'daily_check' retrieved from /opt/airflow/dags/daily_chek.py
[2026-04-27T22:08:22.560+0000] {logging_mixin.py:190} INFO - [2026-04-27T22:08:22.559+0000] {dag.py:3239} INFO - Sync 1 DAGs
[2026-04-27T22:08:22.775+0000] {logging_mixin.py:190} INFO - [2026-04-27T22:08:22.775+0000] {dag.py:4180} INFO - Setting next_dagrun for daily_check to 2026-04-27 00:00:00+00:00, run_after=2026-04-28 00:00:00+00:00
[2026-04-27T22:08:22.796+0000] {processor.py:208} INFO - Processing /opt/airflow/dags/daily_chek.py took 0.399 seconds
[2026-04-27T22:08:53.131+0000] {processor.py:186} INFO - Started process (PID=4823) to work on /opt/airflow/dags/daily_chek.py
[2026-04-27T22:08:53.134+0000] {processor.py:914} INFO - Processing file /opt/airflow/dags/daily_chek.py for tasks to queue
[2026-04-27T22:08:53.141+0000] {logging_mixin.py:190} INFO - [2026-04-27T22:08:53.140+0000] {dagbag.py:588} INFO - Filling up the DagBag from /opt/airflow/dags/daily_chek.py
[2026-04-27T22:08:53.182+0000] {processor.py:925} INFO - DAG(s) 'daily_check' retrieved from /opt/airflow/dags/daily_chek.py
[2026-04-27T22:08:53.264+0000] {logging_mixin.py:190} INFO - [2026-04-27T22:08:53.263+0000] {dag.py:3239} INFO - Sync 1 DAGs
[2026-04-27T22:08:53.512+0000] {logging_mixin.py:190} INFO - [2026-04-27T22:08:53.511+0000] {dag.py:4180} INFO - Setting next_dagrun for daily_check to 2026-04-27 00:00:00+00:00, run_after=2026-04-28 00:00:00+00:00
[2026-04-27T22:08:53.533+0000] {processor.py:208} INFO - Processing /opt/airflow/dags/daily_chek.py took 0.424 seconds
[2026-04-27T22:09:23.802+0000] {processor.py:186} INFO - Started process (PID=4839) to work on /opt/airflow/dags/daily_chek.py
[2026-04-27T22:09:23.811+0000] {processor.py:914} INFO - Processing file /opt/airflow/dags/daily_chek.py for tasks to queue
[2026-04-27T22:09:23.817+0000] {logging_mixin.py:190} INFO - [2026-04-27T22:09:23.816+0000] {dagbag.py:588} INFO - Filling up the DagBag from /opt/airflow/dags/daily_chek.py
[2026-04-27T22:09:23.857+0000] {processor.py:925} INFO - DAG(s) 'daily_check' retrieved from /opt/airflow/dags/daily_chek.py
[2026-04-27T22:09:23.913+0000] {logging_mixin.py:190} INFO - [2026-04-27T22:09:23.913+0000] {dag.py:3239} INFO - Sync 1 DAGs
[2026-04-27T22:09:23.966+0000] {logging_mixin.py:190} INFO - [2026-04-27T22:09:23.965+0000] {dag.py:4180} INFO - Setting next_dagrun for daily_check to 2026-04-27 00:00:00+00:00, run_after=2026-04-28 00:00:00+00:00
[2026-04-27T22:09:23.996+0000] {processor.py:208} INFO - Processing /opt/airflow/dags/daily_chek.py took 0.212 seconds
[2026-04-27T22:09:54.069+0000] {processor.py:186} INFO - Started process (PID=4855) to work on /opt/airflow/dags/daily_chek.py
[2026-04-27T22:09:54.070+0000] {processor.py:914} INFO - Processing file /opt/airflow/dags/daily_chek.py for tasks to queue
[2026-04-27T22:09:54.072+0000] {logging_mixin.py:190} INFO - [2026-04-27T22:09:54.072+0000] {dagbag.py:588} INFO - Filling up the DagBag from /opt/airflow/dags/daily_chek.py
[2026-04-27T22:09:54.084+0000] {processor.py:925} INFO - DAG(s) 'daily_check' retrieved from /opt/airflow/dags/daily_chek.py
[2026-04-27T22:09:54.113+0000] {logging_mixin.py:190} INFO - [2026-04-27T22:09:54.113+0000] {dag.py:3239} INFO - Sync 1 DAGs
[2026-04-27T22:09:54.138+0000] {logging_mixin.py:190} INFO - [2026-04-27T22:09:54.138+0000] {dag.py:4180} INFO - Setting next_dagrun for daily_check to 2026-04-27 00:00:00+00:00, run_after=2026-04-28 00:00:00+00:00
[2026-04-27T22:09:54.156+0000] {processor.py:208} INFO - Processing /opt/airflow/dags/daily_chek.py took 0.092 seconds
[2026-04-27T22:10:24.416+0000] {processor.py:186} INFO - Started process (PID=4871) to work on /opt/airflow/dags/daily_chek.py
[2026-04-27T22:10:24.416+0000] {processor.py:914} INFO - Processing file /opt/airflow/dags/daily_chek.py for tasks to queue
[2026-04-27T22:10:24.419+0000] {logging_mixin.py:190} INFO - [2026-04-27T22:10:24.418+0000] {dagbag.py:588} INFO - Filling up the DagBag from /opt/airflow/dags/daily_chek.py
[2026-04-27T22:10:24.433+0000] {processor.py:925} INFO - DAG(s) 'daily_check' retrieved from /opt/airflow/dags/daily_chek.py
[2026-04-27T22:10:24.467+0000] {logging_mixin.py:190} INFO - [2026-04-27T22:10:24.467+0000] {dag.py:3239} INFO - Sync 1 DAGs
[2026-04-27T22:10:24.504+0000] {logging_mixin.py:190} INFO - [2026-04-27T22:10:24.504+0000] {dag.py:4180} INFO - Setting next_dagrun for daily_check to 2026-04-27 00:00:00+00:00, run_after=2026-04-28 00:00:00+00:00
[2026-04-27T22:10:24.524+0000] {processor.py:208} INFO - Processing /opt/airflow/dags/daily_chek.py took 0.115 seconds
[2026-04-27T22:10:54.658+0000] {processor.py:186} INFO - Started process (PID=4887) to work on /opt/airflow/dags/daily_chek.py
[2026-04-27T22:10:54.660+0000] {processor.py:914} INFO - Processing file /opt/airflow/dags/daily_chek.py for tasks to queue
[2026-04-27T22:10:54.666+0000] {logging_mixin.py:190} INFO - [2026-04-27T22:10:54.665+0000] {dagbag.py:588} INFO - Filling up the DagBag from /opt/airflow/dags/daily_chek.py
[2026-04-27T22:10:54.709+0000] {processor.py:925} INFO - DAG(s) 'daily_check' retrieved from /opt/airflow/dags/daily_chek.py
[2026-04-27T22:10:54.787+0000] {logging_mixin.py:190} INFO - [2026-04-27T22:10:54.786+0000] {dag.py:3239} INFO - Sync 1 DAGs
[2026-04-27T22:10:54.834+0000] {logging_mixin.py:190} INFO - [2026-04-27T22:10:54.834+0000] {dag.py:4180} INFO - Setting next_dagrun for daily_check to 2026-04-27 00:00:00+00:00, run_after=2026-04-28 00:00:00+00:00
[2026-04-27T22:10:55.020+0000] {processor.py:208} INFO - Processing /opt/airflow/dags/daily_chek.py took 0.382 seconds
[2026-04-27T22:11:25.364+0000] {processor.py:186} INFO - Started process (PID=4903) to work on /opt/airflow/dags/daily_chek.py
[2026-04-27T22:11:25.371+0000] {processor.py:914} INFO - Processing file /opt/airflow/dags/daily_chek.py for tasks to queue
[2026-04-27T22:11:25.374+0000] {logging_mixin.py:190} INFO - [2026-04-27T22:11:25.374+0000] {dagbag.py:588} INFO - Filling up the DagBag from /opt/airflow/dags/daily_chek.py
[2026-04-27T22:11:25.390+0000] {processor.py:925} INFO - DAG(s) 'daily_check' retrieved from /opt/airflow/dags/daily_chek.py
[2026-04-27T22:11:25.425+0000] {logging_mixin.py:190} INFO - [2026-04-27T22:11:25.425+0000] {dag.py:3239} INFO - Sync 1 DAGs
[2026-04-27T22:11:25.585+0000] {logging_mixin.py:190} INFO - [2026-04-27T22:11:25.585+0000] {dag.py:4180} INFO - Setting next_dagrun for daily_check to 2026-04-27 00:00:00+00:00, run_after=2026-04-28 00:00:00+00:00
[2026-04-27T22:11:25.609+0000] {processor.py:208} INFO - Processing /opt/airflow/dags/daily_chek.py took 0.253 seconds
[2026-04-27T22:11:55.853+0000] {processor.py:186} INFO - Started process (PID=4919) to work on /opt/airflow/dags/daily_chek.py
[2026-04-27T22:11:55.854+0000] {processor.py:914} INFO - Processing file /opt/airflow/dags/daily_chek.py for tasks to queue
[2026-04-27T22:11:55.858+0000] {logging_mixin.py:190} INFO - [2026-04-27T22:11:55.857+0000] {dagbag.py:588} INFO - Filling up the DagBag from /opt/airflow/dags/daily_chek.py
[2026-04-27T22:11:55.871+0000] {processor.py:925} INFO - DAG(s) 'daily_check' retrieved from /opt/airflow/dags/daily_chek.py
[2026-04-27T22:11:56.028+0000] {logging_mixin.py:190} INFO - [2026-04-27T22:11:56.027+0000] {dag.py:3239} INFO - Sync 1 DAGs
[2026-04-27T22:11:56.051+0000] {logging_mixin.py:190} INFO - [2026-04-27T22:11:56.051+0000] {dag.py:4180} INFO - Setting next_dagrun for daily_check to 2026-04-27 00:00:00+00:00, run_after=2026-04-28 00:00:00+00:00
[2026-04-27T22:11:56.070+0000] {processor.py:208} INFO - Processing /opt/airflow/dags/daily_chek.py took 0.227 seconds
[2026-04-27T22:12:26.364+0000] {processor.py:186} INFO - Started process (PID=4935) to work on /opt/airflow/dags/daily_chek.py
[2026-04-27T22:12:26.372+0000] {processor.py:914} INFO - Processing file /opt/airflow/dags/daily_chek.py for tasks to queue
[2026-04-27T22:12:26.379+0000] {logging_mixin.py:190} INFO - [2026-04-27T22:12:26.378+0000] {dagbag.py:588} INFO - Filling up the DagBag from /opt/airflow/dags/daily_chek.py
[2026-04-27T22:12:26.415+0000] {processor.py:925} INFO - DAG(s) 'daily_check' retrieved from /opt/airflow/dags/daily_chek.py
[2026-04-27T22:12:26.509+0000] {logging_mixin.py:190} INFO - [2026-04-27T22:12:26.508+0000] {dag.py:3239} INFO - Sync 1 DAGs
[2026-04-27T22:12:26.613+0000] {logging_mixin.py:190} INFO - [2026-04-27T22:12:26.613+0000] {dag.py:4180} INFO - Setting next_dagrun for daily_check to 2026-04-27 00:00:00+00:00, run_after=2026-04-28 00:00:00+00:00
[2026-04-27T22:12:26.646+0000] {processor.py:208} INFO - Processing /opt/airflow/dags/daily_chek.py took 0.310 seconds
[2026-04-27T22:12:56.969+0000] {processor.py:186} INFO - Started process (PID=4951) to work on /opt/airflow/dags/daily_chek.py
[2026-04-27T22:12:56.971+0000] {processor.py:914} INFO - Processing file /opt/airflow/dags/daily_chek.py for tasks to queue
[2026-04-27T22:12:56.977+0000] {logging_mixin.py:190} INFO - [2026-04-27T22:12:56.976+0000] {dagbag.py:588} INFO - Filling up the DagBag from /opt/airflow/dags/daily_chek.py
[2026-04-27T22:12:57.011+0000] {processor.py:925} INFO - DAG(s) 'daily_check' retrieved from /opt/airflow/dags/daily_chek.py
[2026-04-27T22:12:57.091+0000] {logging_mixin.py:190} INFO - [2026-04-27T22:12:57.091+0000] {dag.py:3239} INFO - Sync 1 DAGs
[2026-04-27T22:12:57.180+0000] {logging_mixin.py:190} INFO - [2026-04-27T22:12:57.179+0000] {dag.py:4180} INFO - Setting next_dagrun for daily_check to 2026-04-27 00:00:00+00:00, run_after=2026-04-28 00:00:00+00:00
[2026-04-27T22:12:57.238+0000] {processor.py:208} INFO - Processing /opt/airflow/dags/daily_chek.py took 0.289 seconds
[2026-04-27T22:13:27.564+0000] {processor.py:186} INFO - Started process (PID=4967) to work on /opt/airflow/dags/daily_chek.py
[2026-04-27T22:13:27.572+0000] {processor.py:914} INFO - Processing file /opt/airflow/dags/daily_chek.py for tasks to queue
[2026-04-27T22:13:27.578+0000] {logging_mixin.py:190} INFO - [2026-04-27T22:13:27.577+0000] {dagbag.py:588} INFO - Filling up the DagBag from /opt/airflow/dags/daily_chek.py
[2026-04-27T22:13:27.611+0000] {processor.py:925} INFO - DAG(s) 'daily_check' retrieved from /opt/airflow/dags/daily_chek.py
[2026-04-27T22:13:27.678+0000] {logging_mixin.py:190} INFO - [2026-04-27T22:13:27.677+0000] {dag.py:3239} INFO - Sync 1 DAGs
[2026-04-27T22:13:27.765+0000] {logging_mixin.py:190} INFO - [2026-04-27T22:13:27.764+0000] {dag.py:4180} INFO - Setting next_dagrun for daily_check to 2026-04-27 00:00:00+00:00, run_after=2026-04-28 00:00:00+00:00
[2026-04-27T22:13:27.796+0000] {processor.py:208} INFO - Processing /opt/airflow/dags/daily_chek.py took 0.249 seconds
[2026-04-27T22:13:58.082+0000] {processor.py:186} INFO - Started process (PID=4986) to work on /opt/airflow/dags/daily_chek.py
[2026-04-27T22:13:58.083+0000] {processor.py:914} INFO - Processing file /opt/airflow/dags/daily_chek.py for tasks to queue
[2026-04-27T22:13:58.085+0000] {logging_mixin.py:190} INFO - [2026-04-27T22:13:58.085+0000] {dagbag.py:588} INFO - Filling up the DagBag from /opt/airflow/dags/daily_chek.py
[2026-04-27T22:13:58.097+0000] {processor.py:925} INFO - DAG(s) 'daily_check' retrieved from /opt/airflow/dags/daily_chek.py
[2026-04-27T22:13:58.123+0000] {logging_mixin.py:190} INFO - [2026-04-27T22:13:58.123+0000] {dag.py:3239} INFO - Sync 1 DAGs
[2026-04-27T22:13:58.282+0000] {logging_mixin.py:190} INFO - [2026-04-27T22:13:58.281+0000] {dag.py:4180} INFO - Setting next_dagrun for daily_check to 2026-04-27 00:00:00+00:00, run_after=2026-04-28 00:00:00+00:00
[2026-04-27T22:13:58.299+0000] {processor.py:208} INFO - Processing /opt/airflow/dags/daily_chek.py took 0.226 seconds
[2026-04-27T22:14:28.383+0000] {processor.py:186} INFO - Started process (PID=4999) to work on /opt/airflow/dags/daily_chek.py
[2026-04-27T22:14:28.392+0000] {processor.py:914} INFO - Processing file /opt/airflow/dags/daily_chek.py for tasks to queue
[2026-04-27T22:14:28.400+0000] {logging_mixin.py:190} INFO - [2026-04-27T22:14:28.399+0000] {dagbag.py:588} INFO - Filling up the DagBag from /opt/airflow/dags/daily_chek.py
[2026-04-27T22:14:28.440+0000] {processor.py:925} INFO - DAG(s) 'daily_check' retrieved from /opt/airflow/dags/daily_chek.py
[2026-04-27T22:14:28.533+0000] {logging_mixin.py:190} INFO - [2026-04-27T22:14:28.532+0000] {dag.py:3239} INFO - Sync 1 DAGs
[2026-04-27T22:14:28.848+0000] {logging_mixin.py:190} INFO - [2026-04-27T22:14:28.847+0000] {dag.py:4180} INFO - Setting next_dagrun for daily_check to 2026-04-27 00:00:00+00:00, run_after=2026-04-28 00:00:00+00:00
[2026-04-27T22:14:28.867+0000] {processor.py:208} INFO - Processing /opt/airflow/dags/daily_chek.py took 0.506 seconds
[2026-04-27T22:14:59.184+0000] {processor.py:186} INFO - Started process (PID=5015) to work on /opt/airflow/dags/daily_chek.py
[2026-04-27T22:14:59.187+0000] {processor.py:914} INFO - Processing file /opt/airflow/dags/daily_chek.py for tasks to queue
[2026-04-27T22:14:59.197+0000] {logging_mixin.py:190} INFO - [2026-04-27T22:14:59.196+0000] {dagbag.py:588} INFO - Filling up the DagBag from /opt/airflow/dags/daily_chek.py
[2026-04-27T22:14:59.248+0000] {processor.py:925} INFO - DAG(s) 'daily_check' retrieved from /opt/airflow/dags/daily_chek.py
[2026-04-27T22:14:59.538+0000] {logging_mixin.py:190} INFO - [2026-04-27T22:14:59.538+0000] {dag.py:3239} INFO - Sync 1 DAGs
[2026-04-27T22:14:59.565+0000] {logging_mixin.py:190} INFO - [2026-04-27T22:14:59.565+0000] {dag.py:4180} INFO - Setting next_dagrun for daily_check to 2026-04-27 00:00:00+00:00, run_after=2026-04-28 00:00:00+00:00
[2026-04-27T22:14:59.590+0000] {processor.py:208} INFO - Processing /opt/airflow/dags/daily_chek.py took 0.434 seconds
[2026-04-27T22:15:29.913+0000] {processor.py:186} INFO - Started process (PID=5031) to work on /opt/airflow/dags/daily_chek.py
[2026-04-27T22:15:29.921+0000] {processor.py:914} INFO - Processing file /opt/airflow/dags/daily_chek.py for tasks to queue
[2026-04-27T22:15:29.929+0000] {logging_mixin.py:190} INFO - [2026-04-27T22:15:29.928+0000] {dagbag.py:588} INFO - Filling up the DagBag from /opt/airflow/dags/daily_chek.py
[2026-04-27T22:15:29.965+0000] {processor.py:925} INFO - DAG(s) 'daily_check' retrieved from /opt/airflow/dags/daily_chek.py
[2026-04-27T22:15:30.040+0000] {logging_mixin.py:190} INFO - [2026-04-27T22:15:30.039+0000] {dag.py:3239} INFO - Sync 1 DAGs
[2026-04-27T22:15:30.134+0000] {logging_mixin.py:190} INFO - [2026-04-27T22:15:30.133+0000] {dag.py:4180} INFO - Setting next_dagrun for daily_check to 2026-04-27 00:00:00+00:00, run_after=2026-04-28 00:00:00+00:00
[2026-04-27T22:15:30.197+0000] {processor.py:208} INFO - Processing /opt/airflow/dags/daily_chek.py took 0.304 seconds
[2026-04-27T22:16:00.547+0000] {processor.py:186} INFO - Started process (PID=5047) to work on /opt/airflow/dags/daily_chek.py
[2026-04-27T22:16:00.549+0000] {processor.py:914} INFO - Processing file /opt/airflow/dags/daily_chek.py for tasks to queue
[2026-04-27T22:16:00.560+0000] {logging_mixin.py:190} INFO - [2026-04-27T22:16:00.558+0000] {dagbag.py:588} INFO - Filling up the DagBag from /opt/airflow/dags/daily_chek.py
[2026-04-27T22:16:00.611+0000] {processor.py:925} INFO - DAG(s) 'daily_check' retrieved from /opt/airflow/dags/daily_chek.py
[2026-04-27T22:16:00.654+0000] {logging_mixin.py:190} INFO - [2026-04-27T22:16:00.654+0000] {dag.py:3239} INFO - Sync 1 DAGs
[2026-04-27T22:16:00.680+0000] {logging_mixin.py:190} INFO - [2026-04-27T22:16:00.680+0000] {dag.py:4180} INFO - Setting next_dagrun for daily_check to 2026-04-27 00:00:00+00:00, run_after=2026-04-28 00:00:00+00:00
[2026-04-27T22:16:00.705+0000] {processor.py:208} INFO - Processing /opt/airflow/dags/daily_chek.py took 0.185 seconds
[2026-04-27T22:16:31.034+0000] {processor.py:186} INFO - Started process (PID=5063) to work on /opt/airflow/dags/daily_chek.py
[2026-04-27T22:16:31.043+0000] {processor.py:914} INFO - Processing file /opt/airflow/dags/daily_chek.py for tasks to queue
[2026-04-27T22:16:31.050+0000] {logging_mixin.py:190} INFO - [2026-04-27T22:16:31.049+0000] {dagbag.py:588} INFO - Filling up the DagBag from /opt/airflow/dags/daily_chek.py
[2026-04-27T22:16:31.092+0000] {processor.py:925} INFO - DAG(s) 'daily_check' retrieved from /opt/airflow/dags/daily_chek.py
[2026-04-27T22:16:31.183+0000] {logging_mixin.py:190} INFO - [2026-04-27T22:16:31.183+0000] {dag.py:3239} INFO - Sync 1 DAGs
[2026-04-27T22:16:31.271+0000] {logging_mixin.py:190} INFO - [2026-04-27T22:16:31.270+0000] {dag.py:4180} INFO - Setting next_dagrun for daily_check to 2026-04-27 00:00:00+00:00, run_after=2026-04-28 00:00:00+00:00
[2026-04-27T22:16:31.560+0000] {processor.py:208} INFO - Processing /opt/airflow/dags/daily_chek.py took 0.549 seconds
[2026-04-27T22:17:01.885+0000] {processor.py:186} INFO - Started process (PID=5079) to work on /opt/airflow/dags/daily_chek.py
[2026-04-27T22:17:01.887+0000] {processor.py:914} INFO - Processing file /opt/airflow/dags/daily_chek.py for tasks to queue
[2026-04-27T22:17:01.893+0000] {logging_mixin.py:190} INFO - [2026-04-27T22:17:01.892+0000] {dagbag.py:588} INFO - Filling up the DagBag from /opt/airflow/dags/daily_chek.py
[2026-04-27T22:17:01.931+0000] {processor.py:925} INFO - DAG(s) 'daily_check' retrieved from /opt/airflow/dags/daily_chek.py
[2026-04-27T22:17:02.013+0000] {logging_mixin.py:190} INFO - [2026-04-27T22:17:02.013+0000] {dag.py:3239} INFO - Sync 1 DAGs
[2026-04-27T22:17:02.254+0000] {logging_mixin.py:190} INFO - [2026-04-27T22:17:02.253+0000] {dag.py:4180} INFO - Setting next_dagrun for daily_check to 2026-04-27 00:00:00+00:00, run_after=2026-04-28 00:00:00+00:00
[2026-04-27T22:17:02.276+0000] {processor.py:208} INFO - Processing /opt/airflow/dags/daily_chek.py took 0.410 seconds
[2026-04-27T22:17:32.481+0000] {processor.py:186} INFO - Started process (PID=5095) to work on /opt/airflow/dags/daily_chek.py
[2026-04-27T22:17:32.489+0000] {processor.py:914} INFO - Processing file /opt/airflow/dags/daily_chek.py for tasks to queue
[2026-04-27T22:17:32.492+0000] {logging_mixin.py:190} INFO - [2026-04-27T22:17:32.492+0000] {dagbag.py:588} INFO - Filling up the DagBag from /opt/airflow/dags/daily_chek.py
[2026-04-27T22:17:32.522+0000] {processor.py:925} INFO - DAG(s) 'daily_check' retrieved from /opt/airflow/dags/daily_chek.py
[2026-04-27T22:17:32.563+0000] {logging_mixin.py:190} INFO - [2026-04-27T22:17:32.563+0000] {dag.py:3239} INFO - Sync 1 DAGs
[2026-04-27T22:17:32.785+0000] {logging_mixin.py:190} INFO - [2026-04-27T22:17:32.785+0000] {dag.py:4180} INFO - Setting next_dagrun for daily_check to 2026-04-27 00:00:00+00:00, run_after=2026-04-28 00:00:00+00:00
[2026-04-27T22:17:32.804+0000] {processor.py:208} INFO - Processing /opt/airflow/dags/daily_chek.py took 0.335 seconds
[2026-04-27T22:18:03.141+0000] {processor.py:186} INFO - Started process (PID=5111) to work on /opt/airflow/dags/daily_chek.py
[2026-04-27T22:18:03.144+0000] {processor.py:914} INFO - Processing file /opt/airflow/dags/daily_chek.py for tasks to queue
[2026-04-27T22:18:03.152+0000] {logging_mixin.py:190} INFO - [2026-04-27T22:18:03.151+0000] {dagbag.py:588} INFO - Filling up the DagBag from /opt/airflow/dags/daily_chek.py
[2026-04-27T22:18:03.200+0000] {processor.py:925} INFO - DAG(s) 'daily_check' retrieved from /opt/airflow/dags/daily_chek.py
[2026-04-27T22:18:03.465+0000] {logging_mixin.py:190} INFO - [2026-04-27T22:18:03.465+0000] {dag.py:3239} INFO - Sync 1 DAGs
[2026-04-27T22:18:03.489+0000] {logging_mixin.py:190} INFO - [2026-04-27T22:18:03.489+0000] {dag.py:4180} INFO - Setting next_dagrun for daily_check to 2026-04-27 00:00:00+00:00, run_after=2026-04-28 00:00:00+00:00
[2026-04-27T22:18:03.508+0000] {processor.py:208} INFO - Processing /opt/airflow/dags/daily_chek.py took 0.394 seconds
[2026-04-27T22:18:33.832+0000] {processor.py:186} INFO - Started process (PID=5127) to work on /opt/airflow/dags/daily_chek.py
[2026-04-27T22:18:33.835+0000] {processor.py:914} INFO - Processing file /opt/airflow/dags/daily_chek.py for tasks to queue
[2026-04-27T22:18:33.844+0000] {logging_mixin.py:190} INFO - [2026-04-27T22:18:33.841+0000] {dagbag.py:588} INFO - Filling up the DagBag from /opt/airflow/dags/daily_chek.py
[2026-04-27T22:18:33.890+0000] {processor.py:925} INFO - DAG(s) 'daily_check' retrieved from /opt/airflow/dags/daily_chek.py
[2026-04-27T22:18:33.979+0000] {logging_mixin.py:190} INFO - [2026-04-27T22:18:33.978+0000] {dag.py:3239} INFO - Sync 1 DAGs
[2026-04-27T22:18:34.046+0000] {logging_mixin.py:190} INFO - [2026-04-27T22:18:34.046+0000] {dag.py:4180} INFO - Setting next_dagrun for daily_check to 2026-04-27 00:00:00+00:00, run_after=2026-04-28 00:00:00+00:00
[2026-04-27T22:18:34.075+0000] {processor.py:208} INFO - Processing /opt/airflow/dags/daily_chek.py took 0.270 seconds
[2026-04-27T22:19:04.159+0000] {processor.py:186} INFO - Started process (PID=5143) to work on /opt/airflow/dags/daily_chek.py
[2026-04-27T22:19:04.161+0000] {processor.py:914} INFO - Processing file /opt/airflow/dags/daily_chek.py for tasks to queue
[2026-04-27T22:19:04.170+0000] {logging_mixin.py:190} INFO - [2026-04-27T22:19:04.169+0000] {dagbag.py:588} INFO - Filling up the DagBag from /opt/airflow/dags/daily_chek.py
[2026-04-27T22:19:04.217+0000] {processor.py:925} INFO - DAG(s) 'daily_check' retrieved from /opt/airflow/dags/daily_chek.py
[2026-04-27T22:19:04.290+0000] {logging_mixin.py:190} INFO - [2026-04-27T22:19:04.290+0000] {dag.py:3239} INFO - Sync 1 DAGs
[2026-04-27T22:19:04.381+0000] {logging_mixin.py:190} INFO - [2026-04-27T22:19:04.381+0000] {dag.py:4180} INFO - Setting next_dagrun for daily_check to 2026-04-27 00:00:00+00:00, run_after=2026-04-28 00:00:00+00:00
[2026-04-27T22:19:04.438+0000] {processor.py:208} INFO - Processing /opt/airflow/dags/daily_chek.py took 0.304 seconds
[2026-04-27T22:19:34.752+0000] {processor.py:186} INFO - Started process (PID=5159) to work on /opt/airflow/dags/daily_chek.py
[2026-04-27T22:19:34.761+0000] {processor.py:914} INFO - Processing file /opt/airflow/dags/daily_chek.py for tasks to queue
[2026-04-27T22:19:34.770+0000] {logging_mixin.py:190} INFO - [2026-04-27T22:19:34.769+0000] {dagbag.py:588} INFO - Filling up the DagBag from /opt/airflow/dags/daily_chek.py
[2026-04-27T22:19:34.811+0000] {processor.py:925} INFO - DAG(s) 'daily_check' retrieved from /opt/airflow/dags/daily_chek.py
[2026-04-27T22:19:34.908+0000] {logging_mixin.py:190} INFO - [2026-04-27T22:19:34.907+0000] {dag.py:3239} INFO - Sync 1 DAGs
[2026-04-27T22:19:35.025+0000] {logging_mixin.py:190} INFO - [2026-04-27T22:19:35.024+0000] {dag.py:4180} INFO - Setting next_dagrun for daily_check to 2026-04-27 00:00:00+00:00, run_after=2026-04-28 00:00:00+00:00
[2026-04-27T22:19:35.280+0000] {processor.py:208} INFO - Processing /opt/airflow/dags/daily_chek.py took 0.549 seconds
[2026-04-27T22:20:05.615+0000] {processor.py:186} INFO - Started process (PID=5175) to work on /opt/airflow/dags/daily_chek.py
[2026-04-27T22:20:05.623+0000] {processor.py:914} INFO - Processing file /opt/airflow/dags/daily_chek.py for tasks to queue
[2026-04-27T22:20:05.631+0000] {logging_mixin.py:190} INFO - [2026-04-27T22:20:05.630+0000] {dagbag.py:588} INFO - Filling up the DagBag from /opt/airflow/dags/daily_chek.py
[2026-04-27T22:20:05.673+0000] {processor.py:925} INFO - DAG(s) 'daily_check' retrieved from /opt/airflow/dags/daily_chek.py
[2026-04-27T22:20:05.772+0000] {logging_mixin.py:190} INFO - [2026-04-27T22:20:05.771+0000] {dag.py:3239} INFO - Sync 1 DAGs
[2026-04-27T22:20:06.052+0000] {logging_mixin.py:190} INFO - [2026-04-27T22:20:06.052+0000] {dag.py:4180} INFO - Setting next_dagrun for daily_check to 2026-04-27 00:00:00+00:00, run_after=2026-04-28 00:00:00+00:00
[2026-04-27T22:20:06.073+0000] {processor.py:208} INFO - Processing /opt/airflow/dags/daily_chek.py took 0.479 seconds
[2026-04-27T22:20:36.403+0000] {processor.py:186} INFO - Started process (PID=5191) to work on /opt/airflow/dags/daily_chek.py
[2026-04-27T22:20:36.412+0000] {processor.py:914} INFO - Processing file /opt/airflow/dags/daily_chek.py for tasks to queue
[2026-04-27T22:20:36.419+0000] {logging_mixin.py:190} INFO - [2026-04-27T22:20:36.418+0000] {dagbag.py:588} INFO - Filling up the DagBag from /opt/airflow/dags/daily_chek.py
[2026-04-27T22:20:36.460+0000] {processor.py:925} INFO - DAG(s) 'daily_check' retrieved from /opt/airflow/dags/daily_chek.py
[2026-04-27T22:20:36.832+0000] {logging_mixin.py:190} INFO - [2026-04-27T22:20:36.832+0000] {dag.py:3239} INFO - Sync 1 DAGs
[2026-04-27T22:20:36.868+0000] {logging_mixin.py:190} INFO - [2026-04-27T22:20:36.867+0000] {dag.py:4180} INFO - Setting next_dagrun for daily_check to 2026-04-27 00:00:00+00:00, run_after=2026-04-28 00:00:00+00:00
[2026-04-27T22:20:36.893+0000] {processor.py:208} INFO - Processing /opt/airflow/dags/daily_chek.py took 0.509 seconds
[2026-04-27T22:21:07.141+0000] {processor.py:186} INFO - Started process (PID=5207) to work on /opt/airflow/dags/daily_chek.py
[2026-04-27T22:21:07.143+0000] {processor.py:914} INFO - Processing file /opt/airflow/dags/daily_chek.py for tasks to queue
[2026-04-27T22:21:07.151+0000] {logging_mixin.py:190} INFO - [2026-04-27T22:21:07.150+0000] {dagbag.py:588} INFO - Filling up the DagBag from /opt/airflow/dags/daily_chek.py
[2026-04-27T22:21:07.196+0000] {processor.py:925} INFO - DAG(s) 'daily_check' retrieved from /opt/airflow/dags/daily_chek.py
[2026-04-27T22:21:07.287+0000] {logging_mixin.py:190} INFO - [2026-04-27T22:21:07.286+0000] {dag.py:3239} INFO - Sync 1 DAGs
[2026-04-27T22:21:07.360+0000] {logging_mixin.py:190} INFO - [2026-04-27T22:21:07.360+0000] {dag.py:4180} INFO - Setting next_dagrun for daily_check to 2026-04-27 00:00:00+00:00, run_after=2026-04-28 00:00:00+00:00
[2026-04-27T22:21:07.390+0000] {processor.py:208} INFO - Processing /opt/airflow/dags/daily_chek.py took 0.274 seconds
[2026-04-27T22:21:37.726+0000] {processor.py:186} INFO - Started process (PID=5223) to work on /opt/airflow/dags/daily_chek.py
[2026-04-27T22:21:37.734+0000] {processor.py:914} INFO - Processing file /opt/airflow/dags/daily_chek.py for tasks to queue
[2026-04-27T22:21:37.743+0000] {logging_mixin.py:190} INFO - [2026-04-27T22:21:37.742+0000] {dagbag.py:588} INFO - Filling up the DagBag from /opt/airflow/dags/daily_chek.py
[2026-04-27T22:21:37.798+0000] {processor.py:925} INFO - DAG(s) 'daily_check' retrieved from /opt/airflow/dags/daily_chek.py
[2026-04-27T22:21:37.886+0000] {logging_mixin.py:190} INFO - [2026-04-27T22:21:37.885+0000] {dag.py:3239} INFO - Sync 1 DAGs
[2026-04-27T22:21:37.990+0000] {logging_mixin.py:190} INFO - [2026-04-27T22:21:37.989+0000] {dag.py:4180} INFO - Setting next_dagrun for daily_check to 2026-04-27 00:00:00+00:00, run_after=2026-04-28 00:00:00+00:00
[2026-04-27T22:21:38.059+0000] {processor.py:208} INFO - Processing /opt/airflow/dags/daily_chek.py took 0.355 seconds
[2026-04-27T22:22:08.351+0000] {processor.py:186} INFO - Started process (PID=5239) to work on /opt/airflow/dags/daily_chek.py
[2026-04-27T22:22:08.359+0000] {processor.py:914} INFO - Processing file /opt/airflow/dags/daily_chek.py for tasks to queue
[2026-04-27T22:22:08.365+0000] {logging_mixin.py:190} INFO - [2026-04-27T22:22:08.364+0000] {dagbag.py:588} INFO - Filling up the DagBag from /opt/airflow/dags/daily_chek.py
[2026-04-27T22:22:08.399+0000] {processor.py:925} INFO - DAG(s) 'daily_check' retrieved from /opt/airflow/dags/daily_chek.py
[2026-04-27T22:22:08.453+0000] {logging_mixin.py:190} INFO - [2026-04-27T22:22:08.452+0000] {dag.py:3239} INFO - Sync 1 DAGs
[2026-04-27T22:22:08.506+0000] {logging_mixin.py:190} INFO - [2026-04-27T22:22:08.506+0000] {dag.py:4180} INFO - Setting next_dagrun for daily_check to 2026-04-27 00:00:00+00:00, run_after=2026-04-28 00:00:00+00:00
[2026-04-27T22:22:08.768+0000] {processor.py:208} INFO - Processing /opt/airflow/dags/daily_chek.py took 0.435 seconds
[2026-04-27T22:22:39.081+0000] {processor.py:186} INFO - Started process (PID=5255) to work on /opt/airflow/dags/daily_chek.py
[2026-04-27T22:22:39.083+0000] {processor.py:914} INFO - Processing file /opt/airflow/dags/daily_chek.py for tasks to queue
[2026-04-27T22:22:39.088+0000] {logging_mixin.py:190} INFO - [2026-04-27T22:22:39.087+0000] {dagbag.py:588} INFO - Filling up the DagBag from /opt/airflow/dags/daily_chek.py
[2026-04-27T22:22:39.106+0000] {processor.py:925} INFO - DAG(s) 'daily_check' retrieved from /opt/airflow/dags/daily_chek.py
[2026-04-27T22:22:39.155+0000] {logging_mixin.py:190} INFO - [2026-04-27T22:22:39.155+0000] {dag.py:3239} INFO - Sync 1 DAGs
[2026-04-27T22:22:39.375+0000] {logging_mixin.py:190} INFO - [2026-04-27T22:22:39.375+0000] {dag.py:4180} INFO - Setting next_dagrun for daily_check to 2026-04-27 00:00:00+00:00, run_after=2026-04-28 00:00:00+00:00
[2026-04-27T22:22:39.400+0000] {processor.py:208} INFO - Processing /opt/airflow/dags/daily_chek.py took 0.340 seconds
[2026-04-27T22:23:09.725+0000] {processor.py:186} INFO - Started process (PID=5271) to work on /opt/airflow/dags/daily_chek.py
[2026-04-27T22:23:09.734+0000] {processor.py:914} INFO - Processing file /opt/airflow/dags/daily_chek.py for tasks to queue
[2026-04-27T22:23:09.741+0000] {logging_mixin.py:190} INFO - [2026-04-27T22:23:09.740+0000] {dagbag.py:588} INFO - Filling up the DagBag from /opt/airflow/dags/daily_chek.py
[2026-04-27T22:23:09.768+0000] {processor.py:925} INFO - DAG(s) 'daily_check' retrieved from /opt/airflow/dags/daily_chek.py
[2026-04-27T22:23:09.804+0000] {logging_mixin.py:190} INFO - [2026-04-27T22:23:09.803+0000] {dag.py:3239} INFO - Sync 1 DAGs
[2026-04-27T22:23:10.005+0000] {logging_mixin.py:190} INFO - [2026-04-27T22:23:10.005+0000] {dag.py:4180} INFO - Setting next_dagrun for daily_check to 2026-04-27 00:00:00+00:00, run_after=2026-04-28 00:00:00+00:00
[2026-04-27T22:23:10.031+0000] {processor.py:208} INFO - Processing /opt/airflow/dags/daily_chek.py took 0.327 seconds
[2026-04-27T22:23:40.288+0000] {processor.py:186} INFO - Started process (PID=5287) to work on /opt/airflow/dags/daily_chek.py
[2026-04-27T22:23:40.289+0000] {processor.py:914} INFO - Processing file /opt/airflow/dags/daily_chek.py for tasks to queue
[2026-04-27T22:23:40.291+0000] {logging_mixin.py:190} INFO - [2026-04-27T22:23:40.291+0000] {dagbag.py:588} INFO - Filling up the DagBag from /opt/airflow/dags/daily_chek.py
[2026-04-27T22:23:40.304+0000] {processor.py:925} INFO - DAG(s) 'daily_check' retrieved from /opt/airflow/dags/daily_chek.py
[2026-04-27T22:23:40.456+0000] {logging_mixin.py:190} INFO - [2026-04-27T22:23:40.456+0000] {dag.py:3239} INFO - Sync 1 DAGs
[2026-04-27T22:23:40.486+0000] {logging_mixin.py:190} INFO - [2026-04-27T22:23:40.486+0000] {dag.py:4180} INFO - Setting next_dagrun for daily_check to 2026-04-27 00:00:00+00:00, run_after=2026-04-28 00:00:00+00:00
[2026-04-27T22:23:40.508+0000] {processor.py:208} INFO - Processing /opt/airflow/dags/daily_chek.py took 0.228 seconds
[2026-04-27T22:24:10.715+0000] {processor.py:186} INFO - Started process (PID=5303) to work on /opt/airflow/dags/daily_chek.py
[2026-04-27T22:24:10.717+0000] {processor.py:914} INFO - Processing file /opt/airflow/dags/daily_chek.py for tasks to queue
[2026-04-27T22:24:10.722+0000] {logging_mixin.py:190} INFO - [2026-04-27T22:24:10.722+0000] {dagbag.py:588} INFO - Filling up the DagBag from /opt/airflow/dags/daily_chek.py
[2026-04-27T22:24:10.753+0000] {processor.py:925} INFO - DAG(s) 'daily_check' retrieved from /opt/airflow/dags/daily_chek.py
[2026-04-27T22:24:10.803+0000] {logging_mixin.py:190} INFO - [2026-04-27T22:24:10.802+0000] {dag.py:3239} INFO - Sync 1 DAGs
[2026-04-27T22:24:10.856+0000] {logging_mixin.py:190} INFO - [2026-04-27T22:24:10.855+0000] {dag.py:4180} INFO - Setting next_dagrun for daily_check to 2026-04-27 00:00:00+00:00, run_after=2026-04-28 00:00:00+00:00
[2026-04-27T22:24:10.894+0000] {processor.py:208} INFO - Processing /opt/airflow/dags/daily_chek.py took 0.196 seconds
[2026-04-27T22:24:41.174+0000] {processor.py:186} INFO - Started process (PID=5319) to work on /opt/airflow/dags/daily_chek.py
[2026-04-27T22:24:41.175+0000] {processor.py:914} INFO - Processing file /opt/airflow/dags/daily_chek.py for tasks to queue
[2026-04-27T22:24:41.178+0000] {logging_mixin.py:190} INFO - [2026-04-27T22:24:41.177+0000] {dagbag.py:588} INFO - Filling up the DagBag from /opt/airflow/dags/daily_chek.py
[2026-04-27T22:24:41.191+0000] {processor.py:925} INFO - DAG(s) 'daily_check' retrieved from /opt/airflow/dags/daily_chek.py
[2026-04-27T22:24:41.219+0000] {logging_mixin.py:190} INFO - [2026-04-27T22:24:41.219+0000] {dag.py:3239} INFO - Sync 1 DAGs
[2026-04-27T22:24:41.248+0000] {logging_mixin.py:190} INFO - [2026-04-27T22:24:41.248+0000] {dag.py:4180} INFO - Setting next_dagrun for daily_check to 2026-04-27 00:00:00+00:00, run_after=2026-04-28 00:00:00+00:00
[2026-04-27T22:24:41.269+0000] {processor.py:208} INFO - Processing /opt/airflow/dags/daily_chek.py took 0.102 seconds
[2026-04-27T22:25:11.450+0000] {processor.py:186} INFO - Started process (PID=5335) to work on /opt/airflow/dags/daily_chek.py
[2026-04-27T22:25:11.457+0000] {processor.py:914} INFO - Processing file /opt/airflow/dags/daily_chek.py for tasks to queue
[2026-04-27T22:25:11.462+0000] {logging_mixin.py:190} INFO - [2026-04-27T22:25:11.461+0000] {dagbag.py:588} INFO - Filling up the DagBag from /opt/airflow/dags/daily_chek.py
[2026-04-27T22:25:11.487+0000] {processor.py:925} INFO - DAG(s) 'daily_check' retrieved from /opt/airflow/dags/daily_chek.py
[2026-04-27T22:25:11.526+0000] {logging_mixin.py:190} INFO - [2026-04-27T22:25:11.526+0000] {dag.py:3239} INFO - Sync 1 DAGs
[2026-04-27T22:25:11.573+0000] {logging_mixin.py:190} INFO - [2026-04-27T22:25:11.573+0000] {dag.py:4180} INFO - Setting next_dagrun for daily_check to 2026-04-27 00:00:00+00:00, run_after=2026-04-28 00:00:00+00:00
[2026-04-27T22:25:11.600+0000] {processor.py:208} INFO - Processing /opt/airflow/dags/daily_chek.py took 0.159 seconds
[2026-04-27T22:25:41.851+0000] {processor.py:186} INFO - Started process (PID=5351) to work on /opt/airflow/dags/daily_chek.py
[2026-04-27T22:25:41.854+0000] {processor.py:914} INFO - Processing file /opt/airflow/dags/daily_chek.py for tasks to queue
[2026-04-27T22:25:41.863+0000] {logging_mixin.py:190} INFO - [2026-04-27T22:25:41.862+0000] {dagbag.py:588} INFO - Filling up the DagBag from /opt/airflow/dags/daily_chek.py
[2026-04-27T22:25:41.905+0000] {processor.py:925} INFO - DAG(s) 'daily_check' retrieved from /opt/airflow/dags/daily_chek.py
[2026-04-27T22:25:41.991+0000] {logging_mixin.py:190} INFO - [2026-04-27T22:25:41.991+0000] {dag.py:3239} INFO - Sync 1 DAGs
[2026-04-27T22:25:42.036+0000] {logging_mixin.py:190} INFO - [2026-04-27T22:25:42.036+0000] {dag.py:4180} INFO - Setting next_dagrun for daily_check to 2026-04-27 00:00:00+00:00, run_after=2026-04-28 00:00:00+00:00
[2026-04-27T22:25:42.065+0000] {processor.py:208} INFO - Processing /opt/airflow/dags/daily_chek.py took 0.240 seconds
[2026-04-27T22:26:12.419+0000] {processor.py:186} INFO - Started process (PID=5367) to work on /opt/airflow/dags/daily_chek.py
[2026-04-27T22:26:12.428+0000] {processor.py:914} INFO - Processing file /opt/airflow/dags/daily_chek.py for tasks to queue
[2026-04-27T22:26:12.437+0000] {logging_mixin.py:190} INFO - [2026-04-27T22:26:12.436+0000] {dagbag.py:588} INFO - Filling up the DagBag from /opt/airflow/dags/daily_chek.py
[2026-04-27T22:26:12.483+0000] {processor.py:925} INFO - DAG(s) 'daily_check' retrieved from /opt/airflow/dags/daily_chek.py
[2026-04-27T22:26:12.581+0000] {logging_mixin.py:190} INFO - [2026-04-27T22:26:12.580+0000] {dag.py:3239} INFO - Sync 1 DAGs
[2026-04-27T22:26:12.634+0000] {logging_mixin.py:190} INFO - [2026-04-27T22:26:12.633+0000] {dag.py:4180} INFO - Setting next_dagrun for daily_check to 2026-04-27 00:00:00+00:00, run_after=2026-04-28 00:00:00+00:00
[2026-04-27T22:26:12.661+0000] {processor.py:208} INFO - Processing /opt/airflow/dags/daily_chek.py took 0.271 seconds
[2026-04-27T22:26:43.005+0000] {processor.py:186} INFO - Started process (PID=5383) to work on /opt/airflow/dags/daily_chek.py
[2026-04-27T22:26:43.007+0000] {processor.py:914} INFO - Processing file /opt/airflow/dags/daily_chek.py for tasks to queue
[2026-04-27T22:26:43.015+0000] {logging_mixin.py:190} INFO - [2026-04-27T22:26:43.014+0000] {dagbag.py:588} INFO - Filling up the DagBag from /opt/airflow/dags/daily_chek.py
[2026-04-27T22:26:43.061+0000] {processor.py:925} INFO - DAG(s) 'daily_check' retrieved from /opt/airflow/dags/daily_chek.py
[2026-04-27T22:26:43.154+0000] {logging_mixin.py:190} INFO - [2026-04-27T22:26:43.153+0000] {dag.py:3239} INFO - Sync 1 DAGs
[2026-04-27T22:26:43.209+0000] {logging_mixin.py:190} INFO - [2026-04-27T22:26:43.209+0000] {dag.py:4180} INFO - Setting next_dagrun for daily_check to 2026-04-27 00:00:00+00:00, run_after=2026-04-28 00:00:00+00:00
[2026-04-27T22:26:43.238+0000] {processor.py:208} INFO - Processing /opt/airflow/dags/daily_chek.py took 0.256 seconds
[2026-04-27T22:27:13.450+0000] {processor.py:186} INFO - Started process (PID=5399) to work on /opt/airflow/dags/daily_chek.py
[2026-04-27T22:27:13.457+0000] {processor.py:914} INFO - Processing file /opt/airflow/dags/daily_chek.py for tasks to queue
[2026-04-27T22:27:13.459+0000] {logging_mixin.py:190} INFO - [2026-04-27T22:27:13.459+0000] {dagbag.py:588} INFO - Filling up the DagBag from /opt/airflow/dags/daily_chek.py
[2026-04-27T22:27:13.472+0000] {processor.py:925} INFO - DAG(s) 'daily_check' retrieved from /opt/airflow/dags/daily_chek.py
[2026-04-27T22:27:13.500+0000] {logging_mixin.py:190} INFO - [2026-04-27T22:27:13.500+0000] {dag.py:3239} INFO - Sync 1 DAGs
[2026-04-27T22:27:13.529+0000] {logging_mixin.py:190} INFO - [2026-04-27T22:27:13.529+0000] {dag.py:4180} INFO - Setting next_dagrun for daily_check to 2026-04-27 00:00:00+00:00, run_after=2026-04-28 00:00:00+00:00
[2026-04-27T22:27:13.548+0000] {processor.py:208} INFO - Processing /opt/airflow/dags/daily_chek.py took 0.106 seconds
[2026-04-27T22:27:43.824+0000] {processor.py:186} INFO - Started process (PID=5415) to work on /opt/airflow/dags/daily_chek.py
[2026-04-27T22:27:43.827+0000] {processor.py:914} INFO - Processing file /opt/airflow/dags/daily_chek.py for tasks to queue
[2026-04-27T22:27:43.834+0000] {logging_mixin.py:190} INFO - [2026-04-27T22:27:43.833+0000] {dagbag.py:588} INFO - Filling up the DagBag from /opt/airflow/dags/daily_chek.py
[2026-04-27T22:27:43.876+0000] {processor.py:925} INFO - DAG(s) 'daily_check' retrieved from /opt/airflow/dags/daily_chek.py
[2026-04-27T22:27:43.970+0000] {logging_mixin.py:190} INFO - [2026-04-27T22:27:43.969+0000] {dag.py:3239} INFO - Sync 1 DAGs
[2026-04-27T22:27:44.084+0000] {logging_mixin.py:190} INFO - [2026-04-27T22:27:44.083+0000] {dag.py:4180} INFO - Setting next_dagrun for daily_check to 2026-04-27 00:00:00+00:00, run_after=2026-04-28 00:00:00+00:00
[2026-04-27T22:27:44.142+0000] {processor.py:208} INFO - Processing /opt/airflow/dags/daily_chek.py took 0.348 seconds
[2026-04-27T22:28:14.453+0000] {processor.py:186} INFO - Started process (PID=5431) to work on /opt/airflow/dags/daily_chek.py
[2026-04-27T22:28:14.462+0000] {processor.py:914} INFO - Processing file /opt/airflow/dags/daily_chek.py for tasks to queue
[2026-04-27T22:28:14.470+0000] {logging_mixin.py:190} INFO - [2026-04-27T22:28:14.469+0000] {dagbag.py:588} INFO - Filling up the DagBag from /opt/airflow/dags/daily_chek.py
[2026-04-27T22:28:14.519+0000] {processor.py:925} INFO - DAG(s) 'daily_check' retrieved from /opt/airflow/dags/daily_chek.py
[2026-04-27T22:28:14.610+0000] {logging_mixin.py:190} INFO - [2026-04-27T22:28:14.610+0000] {dag.py:3239} INFO - Sync 1 DAGs
[2026-04-27T22:28:14.705+0000] {logging_mixin.py:190} INFO - [2026-04-27T22:28:14.704+0000] {dag.py:4180} INFO - Setting next_dagrun for daily_check to 2026-04-27 00:00:00+00:00, run_after=2026-04-28 00:00:00+00:00
[2026-04-27T22:28:14.768+0000] {processor.py:208} INFO - Processing /opt/airflow/dags/daily_chek.py took 0.341 seconds
[2026-04-27T22:28:45.117+0000] {processor.py:186} INFO - Started process (PID=5447) to work on /opt/airflow/dags/daily_chek.py
[2026-04-27T22:28:45.119+0000] {processor.py:914} INFO - Processing file /opt/airflow/dags/daily_chek.py for tasks to queue
[2026-04-27T22:28:45.125+0000] {logging_mixin.py:190} INFO - [2026-04-27T22:28:45.124+0000] {dagbag.py:588} INFO - Filling up the DagBag from /opt/airflow/dags/daily_chek.py
[2026-04-27T22:28:45.162+0000] {processor.py:925} INFO - DAG(s) 'daily_check' retrieved from /opt/airflow/dags/daily_chek.py
[2026-04-27T22:28:45.213+0000] {logging_mixin.py:190} INFO - [2026-04-27T22:28:45.213+0000] {dag.py:3239} INFO - Sync 1 DAGs
[2026-04-27T22:28:45.254+0000] {logging_mixin.py:190} INFO - [2026-04-27T22:28:45.253+0000] {dag.py:4180} INFO - Setting next_dagrun for daily_check to 2026-04-27 00:00:00+00:00, run_after=2026-04-28 00:00:00+00:00
[2026-04-27T22:28:45.280+0000] {processor.py:208} INFO - Processing /opt/airflow/dags/daily_chek.py took 0.183 seconds
[2026-04-27T22:29:15.592+0000] {processor.py:186} INFO - Started process (PID=5469) to work on /opt/airflow/dags/daily_chek.py
[2026-04-27T22:29:15.599+0000] {processor.py:914} INFO - Processing file /opt/airflow/dags/daily_chek.py for tasks to queue
[2026-04-27T22:29:15.604+0000] {logging_mixin.py:190} INFO - [2026-04-27T22:29:15.603+0000] {dagbag.py:588} INFO - Filling up the DagBag from /opt/airflow/dags/daily_chek.py
[2026-04-27T22:29:15.625+0000] {processor.py:925} INFO - DAG(s) 'daily_check' retrieved from /opt/airflow/dags/daily_chek.py
[2026-04-27T22:29:15.681+0000] {logging_mixin.py:190} INFO - [2026-04-27T22:29:15.681+0000] {dag.py:3239} INFO - Sync 1 DAGs
[2026-04-27T22:29:15.718+0000] {logging_mixin.py:190} INFO - [2026-04-27T22:29:15.718+0000] {dag.py:4180} INFO - Setting next_dagrun for daily_check to 2026-04-27 00:00:00+00:00, run_after=2026-04-28 00:00:00+00:00
[2026-04-27T22:29:15.744+0000] {processor.py:208} INFO - Processing /opt/airflow/dags/daily_chek.py took 0.160 seconds
[2026-04-27T22:29:45.946+0000] {processor.py:186} INFO - Started process (PID=5485) to work on /opt/airflow/dags/daily_chek.py
[2026-04-27T22:29:45.948+0000] {processor.py:914} INFO - Processing file /opt/airflow/dags/daily_chek.py for tasks to queue
[2026-04-27T22:29:45.954+0000] {logging_mixin.py:190} INFO - [2026-04-27T22:29:45.953+0000] {dagbag.py:588} INFO - Filling up the DagBag from /opt/airflow/dags/daily_chek.py
[2026-04-27T22:29:45.989+0000] {processor.py:925} INFO - DAG(s) 'daily_check' retrieved from /opt/airflow/dags/daily_chek.py
[2026-04-27T22:29:46.071+0000] {logging_mixin.py:190} INFO - [2026-04-27T22:29:46.071+0000] {dag.py:3239} INFO - Sync 1 DAGs
[2026-04-27T22:29:46.146+0000] {logging_mixin.py:190} INFO - [2026-04-27T22:29:46.146+0000] {dag.py:4180} INFO - Setting next_dagrun for daily_check to 2026-04-27 00:00:00+00:00, run_after=2026-04-28 00:00:00+00:00
[2026-04-27T22:29:46.174+0000] {processor.py:208} INFO - Processing /opt/airflow/dags/daily_chek.py took 0.249 seconds
[2026-04-27T22:30:16.350+0000] {processor.py:186} INFO - Started process (PID=5501) to work on /opt/airflow/dags/daily_chek.py
[2026-04-27T22:30:16.353+0000] {processor.py:914} INFO - Processing file /opt/airflow/dags/daily_chek.py for tasks to queue
[2026-04-27T22:30:16.359+0000] {logging_mixin.py:190} INFO - [2026-04-27T22:30:16.358+0000] {dagbag.py:588} INFO - Filling up the DagBag from /opt/airflow/dags/daily_chek.py
[2026-04-27T22:30:16.395+0000] {processor.py:925} INFO - DAG(s) 'daily_check' retrieved from /opt/airflow/dags/daily_chek.py
[2026-04-27T22:30:16.458+0000] {logging_mixin.py:190} INFO - [2026-04-27T22:30:16.458+0000] {dag.py:3239} INFO - Sync 1 DAGs
[2026-04-27T22:30:16.491+0000] {logging_mixin.py:190} INFO - [2026-04-27T22:30:16.491+0000] {dag.py:4180} INFO - Setting next_dagrun for daily_check to 2026-04-27 00:00:00+00:00, run_after=2026-04-28 00:00:00+00:00
[2026-04-27T22:30:16.514+0000] {processor.py:208} INFO - Processing /opt/airflow/dags/daily_chek.py took 0.184 seconds
[2026-04-27T22:30:46.767+0000] {processor.py:186} INFO - Started process (PID=5518) to work on /opt/airflow/dags/daily_chek.py
[2026-04-27T22:30:46.769+0000] {processor.py:914} INFO - Processing file /opt/airflow/dags/daily_chek.py for tasks to queue
[2026-04-27T22:30:46.775+0000] {logging_mixin.py:190} INFO - [2026-04-27T22:30:46.774+0000] {dagbag.py:588} INFO - Filling up the DagBag from /opt/airflow/dags/daily_chek.py
[2026-04-27T22:30:46.816+0000] {processor.py:925} INFO - DAG(s) 'daily_check' retrieved from /opt/airflow/dags/daily_chek.py
[2026-04-27T22:30:46.875+0000] {logging_mixin.py:190} INFO - [2026-04-27T22:30:46.874+0000] {dag.py:3239} INFO - Sync 1 DAGs
[2026-04-27T22:30:46.922+0000] {logging_mixin.py:190} INFO - [2026-04-27T22:30:46.921+0000] {dag.py:4180} INFO - Setting next_dagrun for daily_check to 2026-04-27 00:00:00+00:00, run_after=2026-04-28 00:00:00+00:00
[2026-04-27T22:30:46.944+0000] {processor.py:208} INFO - Processing /opt/airflow/dags/daily_chek.py took 0.196 seconds
