[2026-04-20T22:19:14.134+0000] {processor.py:186} INFO - Started process (PID=197) to work on /opt/airflow/dags/daily_chek.py
[2026-04-20T22:19:14.135+0000] {processor.py:914} INFO - Processing file /opt/airflow/dags/daily_chek.py for tasks to queue
[2026-04-20T22:19:14.138+0000] {logging_mixin.py:190} INFO - [2026-04-20T22:19:14.138+0000] {dagbag.py:588} INFO - Filling up the DagBag from /opt/airflow/dags/daily_chek.py
[2026-04-20T22:19:14.153+0000] {processor.py:925} INFO - DAG(s) 'daily_chek' retrieved from /opt/airflow/dags/daily_chek.py
[2026-04-20T22:19:14.207+0000] {logging_mixin.py:190} INFO - [2026-04-20T22:19:14.207+0000] {dag.py:3239} INFO - Sync 1 DAGs
[2026-04-20T22:19:14.242+0000] {logging_mixin.py:190} INFO - [2026-04-20T22:19:14.242+0000] {dag.py:4180} INFO - Setting next_dagrun for daily_chek to 2026-04-20 00:00:00+00:00, run_after=2026-04-21 00:00:00+00:00
[2026-04-20T22:19:14.267+0000] {processor.py:208} INFO - Processing /opt/airflow/dags/daily_chek.py took 0.143 seconds
[2026-04-20T22:19:44.391+0000] {processor.py:186} INFO - Started process (PID=221) to work on /opt/airflow/dags/daily_chek.py
[2026-04-20T22:19:44.393+0000] {processor.py:914} INFO - Processing file /opt/airflow/dags/daily_chek.py for tasks to queue
[2026-04-20T22:19:44.400+0000] {logging_mixin.py:190} INFO - [2026-04-20T22:19:44.399+0000] {dagbag.py:588} INFO - Filling up the DagBag from /opt/airflow/dags/daily_chek.py
[2026-04-20T22:19:44.440+0000] {processor.py:925} INFO - DAG(s) 'daily_chek' retrieved from /opt/airflow/dags/daily_chek.py
[2026-04-20T22:19:44.499+0000] {logging_mixin.py:190} INFO - [2026-04-20T22:19:44.499+0000] {dag.py:3239} INFO - Sync 1 DAGs
[2026-04-20T22:19:44.556+0000] {logging_mixin.py:190} INFO - [2026-04-20T22:19:44.555+0000] {dag.py:4180} INFO - Setting next_dagrun for daily_chek to 2026-04-20 00:00:00+00:00, run_after=2026-04-21 00:00:00+00:00
[2026-04-20T22:19:44.590+0000] {processor.py:208} INFO - Processing /opt/airflow/dags/daily_chek.py took 0.216 seconds
[2026-04-20T22:20:14.785+0000] {processor.py:186} INFO - Started process (PID=232) to work on /opt/airflow/dags/daily_chek.py
[2026-04-20T22:20:14.787+0000] {processor.py:914} INFO - Processing file /opt/airflow/dags/daily_chek.py for tasks to queue
[2026-04-20T22:20:14.795+0000] {logging_mixin.py:190} INFO - [2026-04-20T22:20:14.794+0000] {dagbag.py:588} INFO - Filling up the DagBag from /opt/airflow/dags/daily_chek.py
[2026-04-20T22:20:14.839+0000] {processor.py:925} INFO - DAG(s) 'daily_chek' retrieved from /opt/airflow/dags/daily_chek.py
[2026-04-20T22:20:14.918+0000] {logging_mixin.py:190} INFO - [2026-04-20T22:20:14.918+0000] {dag.py:3239} INFO - Sync 1 DAGs
[2026-04-20T22:20:14.992+0000] {logging_mixin.py:190} INFO - [2026-04-20T22:20:14.992+0000] {dag.py:4180} INFO - Setting next_dagrun for daily_chek to 2026-04-20 00:00:00+00:00, run_after=2026-04-21 00:00:00+00:00
[2026-04-20T22:20:15.046+0000] {processor.py:208} INFO - Processing /opt/airflow/dags/daily_chek.py took 0.283 seconds
[2026-04-20T22:20:45.172+0000] {processor.py:186} INFO - Started process (PID=243) to work on /opt/airflow/dags/daily_chek.py
[2026-04-20T22:20:45.180+0000] {processor.py:914} INFO - Processing file /opt/airflow/dags/daily_chek.py for tasks to queue
[2026-04-20T22:20:45.186+0000] {logging_mixin.py:190} INFO - [2026-04-20T22:20:45.185+0000] {dagbag.py:588} INFO - Filling up the DagBag from /opt/airflow/dags/daily_chek.py
[2026-04-20T22:20:45.218+0000] {processor.py:925} INFO - DAG(s) 'daily_chek' retrieved from /opt/airflow/dags/daily_chek.py
[2026-04-20T22:20:45.290+0000] {logging_mixin.py:190} INFO - [2026-04-20T22:20:45.289+0000] {dag.py:3239} INFO - Sync 1 DAGs
[2026-04-20T22:20:45.340+0000] {logging_mixin.py:190} INFO - [2026-04-20T22:20:45.340+0000] {dag.py:4180} INFO - Setting next_dagrun for daily_chek to 2026-04-20 00:00:00+00:00, run_after=2026-04-21 00:00:00+00:00
[2026-04-20T22:20:45.358+0000] {processor.py:208} INFO - Processing /opt/airflow/dags/daily_chek.py took 0.210 seconds
[2026-04-20T22:21:15.631+0000] {processor.py:186} INFO - Started process (PID=254) to work on /opt/airflow/dags/daily_chek.py
[2026-04-20T22:21:15.633+0000] {processor.py:914} INFO - Processing file /opt/airflow/dags/daily_chek.py for tasks to queue
[2026-04-20T22:21:15.642+0000] {logging_mixin.py:190} INFO - [2026-04-20T22:21:15.639+0000] {dagbag.py:588} INFO - Filling up the DagBag from /opt/airflow/dags/daily_chek.py
[2026-04-20T22:21:15.674+0000] {processor.py:925} INFO - DAG(s) 'daily_chek' retrieved from /opt/airflow/dags/daily_chek.py
[2026-04-20T22:21:15.745+0000] {logging_mixin.py:190} INFO - [2026-04-20T22:21:15.744+0000] {dag.py:3239} INFO - Sync 1 DAGs
[2026-04-20T22:21:15.820+0000] {logging_mixin.py:190} INFO - [2026-04-20T22:21:15.819+0000] {dag.py:4180} INFO - Setting next_dagrun for daily_chek to 2026-04-20 00:00:00+00:00, run_after=2026-04-21 00:00:00+00:00
[2026-04-20T22:21:15.875+0000] {processor.py:208} INFO - Processing /opt/airflow/dags/daily_chek.py took 0.262 seconds
[2026-04-20T22:21:46.222+0000] {processor.py:186} INFO - Started process (PID=264) to work on /opt/airflow/dags/daily_chek.py
[2026-04-20T22:21:46.225+0000] {processor.py:914} INFO - Processing file /opt/airflow/dags/daily_chek.py for tasks to queue
[2026-04-20T22:21:46.231+0000] {logging_mixin.py:190} INFO - [2026-04-20T22:21:46.230+0000] {dagbag.py:588} INFO - Filling up the DagBag from /opt/airflow/dags/daily_chek.py
[2026-04-20T22:21:46.267+0000] {processor.py:925} INFO - DAG(s) 'daily_chek' retrieved from /opt/airflow/dags/daily_chek.py
[2026-04-20T22:21:46.309+0000] {logging_mixin.py:190} INFO - [2026-04-20T22:21:46.309+0000] {dag.py:3239} INFO - Sync 1 DAGs
[2026-04-20T22:21:46.352+0000] {logging_mixin.py:190} INFO - [2026-04-20T22:21:46.352+0000] {dag.py:4180} INFO - Setting next_dagrun for daily_chek to 2026-04-20 00:00:00+00:00, run_after=2026-04-21 00:00:00+00:00
[2026-04-20T22:21:46.387+0000] {processor.py:208} INFO - Processing /opt/airflow/dags/daily_chek.py took 0.186 seconds
[2026-04-20T22:22:16.523+0000] {processor.py:186} INFO - Started process (PID=275) to work on /opt/airflow/dags/daily_chek.py
[2026-04-20T22:22:16.525+0000] {processor.py:914} INFO - Processing file /opt/airflow/dags/daily_chek.py for tasks to queue
[2026-04-20T22:22:16.530+0000] {logging_mixin.py:190} INFO - [2026-04-20T22:22:16.529+0000] {dagbag.py:588} INFO - Filling up the DagBag from /opt/airflow/dags/daily_chek.py
[2026-04-20T22:22:16.562+0000] {processor.py:925} INFO - DAG(s) 'daily_chek' retrieved from /opt/airflow/dags/daily_chek.py
[2026-04-20T22:22:16.627+0000] {logging_mixin.py:190} INFO - [2026-04-20T22:22:16.627+0000] {dag.py:3239} INFO - Sync 1 DAGs
[2026-04-20T22:22:16.678+0000] {logging_mixin.py:190} INFO - [2026-04-20T22:22:16.678+0000] {dag.py:4180} INFO - Setting next_dagrun for daily_chek to 2026-04-20 00:00:00+00:00, run_after=2026-04-21 00:00:00+00:00
[2026-04-20T22:22:16.696+0000] {processor.py:208} INFO - Processing /opt/airflow/dags/daily_chek.py took 0.190 seconds
[2026-04-20T22:22:46.939+0000] {processor.py:186} INFO - Started process (PID=286) to work on /opt/airflow/dags/daily_chek.py
[2026-04-20T22:22:46.946+0000] {processor.py:914} INFO - Processing file /opt/airflow/dags/daily_chek.py for tasks to queue
[2026-04-20T22:22:46.947+0000] {logging_mixin.py:190} INFO - [2026-04-20T22:22:46.947+0000] {dagbag.py:588} INFO - Filling up the DagBag from /opt/airflow/dags/daily_chek.py
[2026-04-20T22:22:46.957+0000] {processor.py:925} INFO - DAG(s) 'daily_chek' retrieved from /opt/airflow/dags/daily_chek.py
[2026-04-20T22:22:46.980+0000] {logging_mixin.py:190} INFO - [2026-04-20T22:22:46.980+0000] {dag.py:3239} INFO - Sync 1 DAGs
[2026-04-20T22:22:47.006+0000] {logging_mixin.py:190} INFO - [2026-04-20T22:22:47.005+0000] {dag.py:4180} INFO - Setting next_dagrun for daily_chek to 2026-04-20 00:00:00+00:00, run_after=2026-04-21 00:00:00+00:00
[2026-04-20T22:22:47.025+0000] {processor.py:208} INFO - Processing /opt/airflow/dags/daily_chek.py took 0.091 seconds
[2026-04-20T22:23:17.270+0000] {processor.py:186} INFO - Started process (PID=297) to work on /opt/airflow/dags/daily_chek.py
[2026-04-20T22:23:17.271+0000] {processor.py:914} INFO - Processing file /opt/airflow/dags/daily_chek.py for tasks to queue
[2026-04-20T22:23:17.277+0000] {logging_mixin.py:190} INFO - [2026-04-20T22:23:17.276+0000] {dagbag.py:588} INFO - Filling up the DagBag from /opt/airflow/dags/daily_chek.py
[2026-04-20T22:23:17.310+0000] {processor.py:925} INFO - DAG(s) 'daily_chek' retrieved from /opt/airflow/dags/daily_chek.py
[2026-04-20T22:23:17.377+0000] {logging_mixin.py:190} INFO - [2026-04-20T22:23:17.377+0000] {dag.py:3239} INFO - Sync 1 DAGs
[2026-04-20T22:23:17.457+0000] {logging_mixin.py:190} INFO - [2026-04-20T22:23:17.457+0000] {dag.py:4180} INFO - Setting next_dagrun for daily_chek to 2026-04-20 00:00:00+00:00, run_after=2026-04-21 00:00:00+00:00
[2026-04-20T22:23:17.507+0000] {processor.py:208} INFO - Processing /opt/airflow/dags/daily_chek.py took 0.255 seconds
[2026-04-20T22:23:47.600+0000] {processor.py:186} INFO - Started process (PID=308) to work on /opt/airflow/dags/daily_chek.py
[2026-04-20T22:23:47.608+0000] {processor.py:914} INFO - Processing file /opt/airflow/dags/daily_chek.py for tasks to queue
[2026-04-20T22:23:47.615+0000] {logging_mixin.py:190} INFO - [2026-04-20T22:23:47.614+0000] {dagbag.py:588} INFO - Filling up the DagBag from /opt/airflow/dags/daily_chek.py
[2026-04-20T22:23:47.652+0000] {processor.py:925} INFO - DAG(s) 'daily_chek' retrieved from /opt/airflow/dags/daily_chek.py
[2026-04-20T22:23:47.730+0000] {logging_mixin.py:190} INFO - [2026-04-20T22:23:47.729+0000] {dag.py:3239} INFO - Sync 1 DAGs
[2026-04-20T22:23:47.780+0000] {logging_mixin.py:190} INFO - [2026-04-20T22:23:47.779+0000] {dag.py:4180} INFO - Setting next_dagrun for daily_chek to 2026-04-20 00:00:00+00:00, run_after=2026-04-21 00:00:00+00:00
[2026-04-20T22:23:47.809+0000] {processor.py:208} INFO - Processing /opt/airflow/dags/daily_chek.py took 0.228 seconds
[2026-04-20T22:24:18.130+0000] {processor.py:186} INFO - Started process (PID=319) to work on /opt/airflow/dags/daily_chek.py
[2026-04-20T22:24:18.134+0000] {processor.py:914} INFO - Processing file /opt/airflow/dags/daily_chek.py for tasks to queue
[2026-04-20T22:24:18.140+0000] {logging_mixin.py:190} INFO - [2026-04-20T22:24:18.139+0000] {dagbag.py:588} INFO - Filling up the DagBag from /opt/airflow/dags/daily_chek.py
[2026-04-20T22:24:18.173+0000] {processor.py:925} INFO - DAG(s) 'daily_chek' retrieved from /opt/airflow/dags/daily_chek.py
[2026-04-20T22:24:18.242+0000] {logging_mixin.py:190} INFO - [2026-04-20T22:24:18.241+0000] {dag.py:3239} INFO - Sync 1 DAGs
[2026-04-20T22:24:18.320+0000] {logging_mixin.py:190} INFO - [2026-04-20T22:24:18.320+0000] {dag.py:4180} INFO - Setting next_dagrun for daily_chek to 2026-04-20 00:00:00+00:00, run_after=2026-04-21 00:00:00+00:00
[2026-04-20T22:24:18.371+0000] {processor.py:208} INFO - Processing /opt/airflow/dags/daily_chek.py took 0.260 seconds
[2026-04-20T22:24:48.442+0000] {processor.py:186} INFO - Started process (PID=330) to work on /opt/airflow/dags/daily_chek.py
[2026-04-20T22:24:48.444+0000] {processor.py:914} INFO - Processing file /opt/airflow/dags/daily_chek.py for tasks to queue
[2026-04-20T22:24:48.449+0000] {logging_mixin.py:190} INFO - [2026-04-20T22:24:48.448+0000] {dagbag.py:588} INFO - Filling up the DagBag from /opt/airflow/dags/daily_chek.py
[2026-04-20T22:24:48.481+0000] {processor.py:925} INFO - DAG(s) 'daily_chek' retrieved from /opt/airflow/dags/daily_chek.py
[2026-04-20T22:24:48.552+0000] {logging_mixin.py:190} INFO - [2026-04-20T22:24:48.552+0000] {dag.py:3239} INFO - Sync 1 DAGs
[2026-04-20T22:24:48.639+0000] {logging_mixin.py:190} INFO - [2026-04-20T22:24:48.639+0000] {dag.py:4180} INFO - Setting next_dagrun for daily_chek to 2026-04-20 00:00:00+00:00, run_after=2026-04-21 00:00:00+00:00
[2026-04-20T22:24:48.692+0000] {processor.py:208} INFO - Processing /opt/airflow/dags/daily_chek.py took 0.266 seconds
[2026-04-20T22:25:18.981+0000] {processor.py:186} INFO - Started process (PID=340) to work on /opt/airflow/dags/daily_chek.py
[2026-04-20T22:25:18.989+0000] {processor.py:914} INFO - Processing file /opt/airflow/dags/daily_chek.py for tasks to queue
[2026-04-20T22:25:18.994+0000] {logging_mixin.py:190} INFO - [2026-04-20T22:25:18.993+0000] {dagbag.py:588} INFO - Filling up the DagBag from /opt/airflow/dags/daily_chek.py
[2026-04-20T22:25:19.030+0000] {processor.py:925} INFO - DAG(s) 'daily_chek' retrieved from /opt/airflow/dags/daily_chek.py
[2026-04-20T22:25:19.095+0000] {logging_mixin.py:190} INFO - [2026-04-20T22:25:19.094+0000] {dag.py:3239} INFO - Sync 1 DAGs
[2026-04-20T22:25:19.156+0000] {logging_mixin.py:190} INFO - [2026-04-20T22:25:19.156+0000] {dag.py:4180} INFO - Setting next_dagrun for daily_chek to 2026-04-20 00:00:00+00:00, run_after=2026-04-21 00:00:00+00:00
[2026-04-20T22:25:19.189+0000] {processor.py:208} INFO - Processing /opt/airflow/dags/daily_chek.py took 0.229 seconds
[2026-04-20T22:25:49.284+0000] {processor.py:186} INFO - Started process (PID=351) to work on /opt/airflow/dags/daily_chek.py
[2026-04-20T22:25:49.286+0000] {processor.py:914} INFO - Processing file /opt/airflow/dags/daily_chek.py for tasks to queue
[2026-04-20T22:25:49.292+0000] {logging_mixin.py:190} INFO - [2026-04-20T22:25:49.291+0000] {dagbag.py:588} INFO - Filling up the DagBag from /opt/airflow/dags/daily_chek.py
[2026-04-20T22:25:49.326+0000] {processor.py:925} INFO - DAG(s) 'daily_chek' retrieved from /opt/airflow/dags/daily_chek.py
[2026-04-20T22:25:49.395+0000] {logging_mixin.py:190} INFO - [2026-04-20T22:25:49.395+0000] {dag.py:3239} INFO - Sync 1 DAGs
[2026-04-20T22:25:49.430+0000] {logging_mixin.py:190} INFO - [2026-04-20T22:25:49.430+0000] {dag.py:4180} INFO - Setting next_dagrun for daily_chek to 2026-04-20 00:00:00+00:00, run_after=2026-04-21 00:00:00+00:00
[2026-04-20T22:25:49.452+0000] {processor.py:208} INFO - Processing /opt/airflow/dags/daily_chek.py took 0.186 seconds
[2026-04-20T22:26:19.761+0000] {processor.py:186} INFO - Started process (PID=362) to work on /opt/airflow/dags/daily_chek.py
[2026-04-20T22:26:19.769+0000] {processor.py:914} INFO - Processing file /opt/airflow/dags/daily_chek.py for tasks to queue
[2026-04-20T22:26:19.775+0000] {logging_mixin.py:190} INFO - [2026-04-20T22:26:19.774+0000] {dagbag.py:588} INFO - Filling up the DagBag from /opt/airflow/dags/daily_chek.py
[2026-04-20T22:26:19.810+0000] {processor.py:925} INFO - DAG(s) 'daily_chek' retrieved from /opt/airflow/dags/daily_chek.py
[2026-04-20T22:26:19.926+0000] {logging_mixin.py:190} INFO - [2026-04-20T22:26:19.925+0000] {dag.py:3239} INFO - Sync 1 DAGs
[2026-04-20T22:26:20.059+0000] {logging_mixin.py:190} INFO - [2026-04-20T22:26:20.058+0000] {dag.py:4180} INFO - Setting next_dagrun for daily_chek to 2026-04-20 00:00:00+00:00, run_after=2026-04-21 00:00:00+00:00
[2026-04-20T22:26:20.103+0000] {processor.py:208} INFO - Processing /opt/airflow/dags/daily_chek.py took 0.360 seconds
[2026-04-20T22:26:50.401+0000] {processor.py:186} INFO - Started process (PID=379) to work on /opt/airflow/dags/daily_chek.py
[2026-04-20T22:26:50.402+0000] {processor.py:914} INFO - Processing file /opt/airflow/dags/daily_chek.py for tasks to queue
[2026-04-20T22:26:50.408+0000] {logging_mixin.py:190} INFO - [2026-04-20T22:26:50.407+0000] {dagbag.py:588} INFO - Filling up the DagBag from /opt/airflow/dags/daily_chek.py
[2026-04-20T22:26:50.440+0000] {processor.py:925} INFO - DAG(s) 'daily_chek' retrieved from /opt/airflow/dags/daily_chek.py
[2026-04-20T22:26:50.514+0000] {logging_mixin.py:190} INFO - [2026-04-20T22:26:50.513+0000] {dag.py:3239} INFO - Sync 1 DAGs
[2026-04-20T22:26:50.565+0000] {logging_mixin.py:190} INFO - [2026-04-20T22:26:50.564+0000] {dag.py:4180} INFO - Setting next_dagrun for daily_chek to 2026-04-20 00:00:00+00:00, run_after=2026-04-21 00:00:00+00:00
[2026-04-20T22:26:50.592+0000] {processor.py:208} INFO - Processing /opt/airflow/dags/daily_chek.py took 0.204 seconds
[2026-04-20T22:27:20.677+0000] {processor.py:186} INFO - Started process (PID=390) to work on /opt/airflow/dags/daily_chek.py
[2026-04-20T22:27:20.679+0000] {processor.py:914} INFO - Processing file /opt/airflow/dags/daily_chek.py for tasks to queue
[2026-04-20T22:27:20.686+0000] {logging_mixin.py:190} INFO - [2026-04-20T22:27:20.685+0000] {dagbag.py:588} INFO - Filling up the DagBag from /opt/airflow/dags/daily_chek.py
[2026-04-20T22:27:20.722+0000] {processor.py:925} INFO - DAG(s) 'daily_chek' retrieved from /opt/airflow/dags/daily_chek.py
[2026-04-20T22:27:20.798+0000] {logging_mixin.py:190} INFO - [2026-04-20T22:27:20.797+0000] {dag.py:3239} INFO - Sync 1 DAGs
[2026-04-20T22:27:20.876+0000] {logging_mixin.py:190} INFO - [2026-04-20T22:27:20.875+0000] {dag.py:4180} INFO - Setting next_dagrun for daily_chek to 2026-04-20 00:00:00+00:00, run_after=2026-04-21 00:00:00+00:00
[2026-04-20T22:27:20.917+0000] {processor.py:208} INFO - Processing /opt/airflow/dags/daily_chek.py took 0.257 seconds
[2026-04-20T22:27:51.191+0000] {processor.py:186} INFO - Started process (PID=401) to work on /opt/airflow/dags/daily_chek.py
[2026-04-20T22:27:51.193+0000] {processor.py:914} INFO - Processing file /opt/airflow/dags/daily_chek.py for tasks to queue
[2026-04-20T22:27:51.202+0000] {logging_mixin.py:190} INFO - [2026-04-20T22:27:51.201+0000] {dagbag.py:588} INFO - Filling up the DagBag from /opt/airflow/dags/daily_chek.py
[2026-04-20T22:27:51.237+0000] {processor.py:925} INFO - DAG(s) 'daily_chek' retrieved from /opt/airflow/dags/daily_chek.py
[2026-04-20T22:27:51.310+0000] {logging_mixin.py:190} INFO - [2026-04-20T22:27:51.310+0000] {dag.py:3239} INFO - Sync 1 DAGs
[2026-04-20T22:27:51.391+0000] {logging_mixin.py:190} INFO - [2026-04-20T22:27:51.391+0000] {dag.py:4180} INFO - Setting next_dagrun for daily_chek to 2026-04-20 00:00:00+00:00, run_after=2026-04-21 00:00:00+00:00
[2026-04-20T22:27:51.452+0000] {processor.py:208} INFO - Processing /opt/airflow/dags/daily_chek.py took 0.287 seconds
[2026-04-20T22:28:21.790+0000] {processor.py:186} INFO - Started process (PID=414) to work on /opt/airflow/dags/daily_chek.py
[2026-04-20T22:28:21.798+0000] {processor.py:914} INFO - Processing file /opt/airflow/dags/daily_chek.py for tasks to queue
[2026-04-20T22:28:21.805+0000] {logging_mixin.py:190} INFO - [2026-04-20T22:28:21.804+0000] {dagbag.py:588} INFO - Filling up the DagBag from /opt/airflow/dags/daily_chek.py
[2026-04-20T22:28:21.838+0000] {processor.py:925} INFO - DAG(s) 'daily_chek' retrieved from /opt/airflow/dags/daily_chek.py
[2026-04-20T22:28:21.909+0000] {logging_mixin.py:190} INFO - [2026-04-20T22:28:21.908+0000] {dag.py:3239} INFO - Sync 1 DAGs
[2026-04-20T22:28:21.947+0000] {logging_mixin.py:190} INFO - [2026-04-20T22:28:21.947+0000] {dag.py:4180} INFO - Setting next_dagrun for daily_chek to 2026-04-20 00:00:00+00:00, run_after=2026-04-21 00:00:00+00:00
[2026-04-20T22:28:21.971+0000] {processor.py:208} INFO - Processing /opt/airflow/dags/daily_chek.py took 0.198 seconds
[2026-04-20T22:28:52.080+0000] {processor.py:186} INFO - Started process (PID=425) to work on /opt/airflow/dags/daily_chek.py
[2026-04-20T22:28:52.082+0000] {processor.py:914} INFO - Processing file /opt/airflow/dags/daily_chek.py for tasks to queue
[2026-04-20T22:28:52.089+0000] {logging_mixin.py:190} INFO - [2026-04-20T22:28:52.088+0000] {dagbag.py:588} INFO - Filling up the DagBag from /opt/airflow/dags/daily_chek.py
[2026-04-20T22:28:52.123+0000] {processor.py:925} INFO - DAG(s) 'daily_chek' retrieved from /opt/airflow/dags/daily_chek.py
[2026-04-20T22:28:52.193+0000] {logging_mixin.py:190} INFO - [2026-04-20T22:28:52.192+0000] {dag.py:3239} INFO - Sync 1 DAGs
[2026-04-20T22:28:52.270+0000] {logging_mixin.py:190} INFO - [2026-04-20T22:28:52.269+0000] {dag.py:4180} INFO - Setting next_dagrun for daily_chek to 2026-04-20 00:00:00+00:00, run_after=2026-04-21 00:00:00+00:00
[2026-04-20T22:28:52.316+0000] {processor.py:208} INFO - Processing /opt/airflow/dags/daily_chek.py took 0.255 seconds
[2026-04-20T22:29:22.577+0000] {processor.py:186} INFO - Started process (PID=436) to work on /opt/airflow/dags/daily_chek.py
[2026-04-20T22:29:22.585+0000] {processor.py:914} INFO - Processing file /opt/airflow/dags/daily_chek.py for tasks to queue
[2026-04-20T22:29:22.591+0000] {logging_mixin.py:190} INFO - [2026-04-20T22:29:22.590+0000] {dagbag.py:588} INFO - Filling up the DagBag from /opt/airflow/dags/daily_chek.py
[2026-04-20T22:29:22.627+0000] {processor.py:925} INFO - DAG(s) 'daily_chek' retrieved from /opt/airflow/dags/daily_chek.py
[2026-04-20T22:29:22.697+0000] {logging_mixin.py:190} INFO - [2026-04-20T22:29:22.697+0000] {dag.py:3239} INFO - Sync 1 DAGs
[2026-04-20T22:29:22.766+0000] {logging_mixin.py:190} INFO - [2026-04-20T22:29:22.765+0000] {dag.py:4180} INFO - Setting next_dagrun for daily_chek to 2026-04-20 00:00:00+00:00, run_after=2026-04-21 00:00:00+00:00
[2026-04-20T22:29:22.793+0000] {processor.py:208} INFO - Processing /opt/airflow/dags/daily_chek.py took 0.235 seconds
[2026-04-20T22:29:52.916+0000] {processor.py:186} INFO - Started process (PID=447) to work on /opt/airflow/dags/daily_chek.py
[2026-04-20T22:29:52.918+0000] {processor.py:914} INFO - Processing file /opt/airflow/dags/daily_chek.py for tasks to queue
[2026-04-20T22:29:52.924+0000] {logging_mixin.py:190} INFO - [2026-04-20T22:29:52.923+0000] {dagbag.py:588} INFO - Filling up the DagBag from /opt/airflow/dags/daily_chek.py
[2026-04-20T22:29:52.957+0000] {processor.py:925} INFO - DAG(s) 'daily_chek' retrieved from /opt/airflow/dags/daily_chek.py
[2026-04-20T22:29:53.034+0000] {logging_mixin.py:190} INFO - [2026-04-20T22:29:53.034+0000] {dag.py:3239} INFO - Sync 1 DAGs
[2026-04-20T22:29:53.116+0000] {logging_mixin.py:190} INFO - [2026-04-20T22:29:53.115+0000] {dag.py:4180} INFO - Setting next_dagrun for daily_chek to 2026-04-20 00:00:00+00:00, run_after=2026-04-21 00:00:00+00:00
[2026-04-20T22:29:53.164+0000] {processor.py:208} INFO - Processing /opt/airflow/dags/daily_chek.py took 0.266 seconds
[2026-04-20T22:30:23.380+0000] {processor.py:186} INFO - Started process (PID=458) to work on /opt/airflow/dags/daily_chek.py
[2026-04-20T22:30:23.382+0000] {processor.py:914} INFO - Processing file /opt/airflow/dags/daily_chek.py for tasks to queue
[2026-04-20T22:30:23.388+0000] {logging_mixin.py:190} INFO - [2026-04-20T22:30:23.387+0000] {dagbag.py:588} INFO - Filling up the DagBag from /opt/airflow/dags/daily_chek.py
[2026-04-20T22:30:23.426+0000] {processor.py:925} INFO - DAG(s) 'daily_chek' retrieved from /opt/airflow/dags/daily_chek.py
[2026-04-20T22:30:23.497+0000] {logging_mixin.py:190} INFO - [2026-04-20T22:30:23.496+0000] {dag.py:3239} INFO - Sync 1 DAGs
[2026-04-20T22:30:23.529+0000] {logging_mixin.py:190} INFO - [2026-04-20T22:30:23.529+0000] {dag.py:4180} INFO - Setting next_dagrun for daily_chek to 2026-04-20 00:00:00+00:00, run_after=2026-04-21 00:00:00+00:00
[2026-04-20T22:30:23.546+0000] {processor.py:208} INFO - Processing /opt/airflow/dags/daily_chek.py took 0.185 seconds
[2026-04-20T22:30:53.769+0000] {processor.py:186} INFO - Started process (PID=469) to work on /opt/airflow/dags/daily_chek.py
[2026-04-20T22:30:53.772+0000] {processor.py:914} INFO - Processing file /opt/airflow/dags/daily_chek.py for tasks to queue
[2026-04-20T22:30:53.782+0000] {logging_mixin.py:190} INFO - [2026-04-20T22:30:53.779+0000] {dagbag.py:588} INFO - Filling up the DagBag from /opt/airflow/dags/daily_chek.py
[2026-04-20T22:30:53.819+0000] {processor.py:925} INFO - DAG(s) 'daily_chek' retrieved from /opt/airflow/dags/daily_chek.py
[2026-04-20T22:30:53.906+0000] {logging_mixin.py:190} INFO - [2026-04-20T22:30:53.905+0000] {dag.py:3239} INFO - Sync 1 DAGs
[2026-04-20T22:30:53.986+0000] {logging_mixin.py:190} INFO - [2026-04-20T22:30:53.985+0000] {dag.py:4180} INFO - Setting next_dagrun for daily_chek to 2026-04-20 00:00:00+00:00, run_after=2026-04-21 00:00:00+00:00
[2026-04-20T22:30:54.043+0000] {processor.py:208} INFO - Processing /opt/airflow/dags/daily_chek.py took 0.292 seconds
[2026-04-20T22:31:24.129+0000] {processor.py:186} INFO - Started process (PID=480) to work on /opt/airflow/dags/daily_chek.py
[2026-04-20T22:31:24.137+0000] {processor.py:914} INFO - Processing file /opt/airflow/dags/daily_chek.py for tasks to queue
[2026-04-20T22:31:24.145+0000] {logging_mixin.py:190} INFO - [2026-04-20T22:31:24.144+0000] {dagbag.py:588} INFO - Filling up the DagBag from /opt/airflow/dags/daily_chek.py
[2026-04-20T22:31:24.181+0000] {processor.py:925} INFO - DAG(s) 'daily_chek' retrieved from /opt/airflow/dags/daily_chek.py
[2026-04-20T22:31:24.255+0000] {logging_mixin.py:190} INFO - [2026-04-20T22:31:24.254+0000] {dag.py:3239} INFO - Sync 1 DAGs
[2026-04-20T22:31:24.341+0000] {logging_mixin.py:190} INFO - [2026-04-20T22:31:24.340+0000] {dag.py:4180} INFO - Setting next_dagrun for daily_chek to 2026-04-20 00:00:00+00:00, run_after=2026-04-21 00:00:00+00:00
[2026-04-20T22:31:24.373+0000] {processor.py:208} INFO - Processing /opt/airflow/dags/daily_chek.py took 0.267 seconds
[2026-04-20T22:31:54.653+0000] {processor.py:186} INFO - Started process (PID=491) to work on /opt/airflow/dags/daily_chek.py
[2026-04-20T22:31:54.654+0000] {processor.py:914} INFO - Processing file /opt/airflow/dags/daily_chek.py for tasks to queue
[2026-04-20T22:31:54.660+0000] {logging_mixin.py:190} INFO - [2026-04-20T22:31:54.659+0000] {dagbag.py:588} INFO - Filling up the DagBag from /opt/airflow/dags/daily_chek.py
[2026-04-20T22:31:54.691+0000] {processor.py:925} INFO - DAG(s) 'daily_chek' retrieved from /opt/airflow/dags/daily_chek.py
[2026-04-20T22:31:54.736+0000] {logging_mixin.py:190} INFO - [2026-04-20T22:31:54.736+0000] {dag.py:3239} INFO - Sync 1 DAGs
[2026-04-20T22:31:54.763+0000] {logging_mixin.py:190} INFO - [2026-04-20T22:31:54.763+0000] {dag.py:4180} INFO - Setting next_dagrun for daily_chek to 2026-04-20 00:00:00+00:00, run_after=2026-04-21 00:00:00+00:00
[2026-04-20T22:31:54.785+0000] {processor.py:208} INFO - Processing /opt/airflow/dags/daily_chek.py took 0.157 seconds
[2026-04-20T22:32:24.957+0000] {processor.py:186} INFO - Started process (PID=502) to work on /opt/airflow/dags/daily_chek.py
[2026-04-20T22:32:24.965+0000] {processor.py:914} INFO - Processing file /opt/airflow/dags/daily_chek.py for tasks to queue
[2026-04-20T22:32:24.972+0000] {logging_mixin.py:190} INFO - [2026-04-20T22:32:24.971+0000] {dagbag.py:588} INFO - Filling up the DagBag from /opt/airflow/dags/daily_chek.py
[2026-04-20T22:32:25.007+0000] {processor.py:925} INFO - DAG(s) 'daily_chek' retrieved from /opt/airflow/dags/daily_chek.py
[2026-04-20T22:32:25.077+0000] {logging_mixin.py:190} INFO - [2026-04-20T22:32:25.077+0000] {dag.py:3239} INFO - Sync 1 DAGs
[2026-04-20T22:32:25.151+0000] {logging_mixin.py:190} INFO - [2026-04-20T22:32:25.151+0000] {dag.py:4180} INFO - Setting next_dagrun for daily_chek to 2026-04-20 00:00:00+00:00, run_after=2026-04-21 00:00:00+00:00
[2026-04-20T22:32:25.202+0000] {processor.py:208} INFO - Processing /opt/airflow/dags/daily_chek.py took 0.262 seconds
[2026-04-20T22:32:55.365+0000] {processor.py:186} INFO - Started process (PID=513) to work on /opt/airflow/dags/daily_chek.py
[2026-04-20T22:32:55.366+0000] {processor.py:914} INFO - Processing file /opt/airflow/dags/daily_chek.py for tasks to queue
[2026-04-20T22:32:55.372+0000] {logging_mixin.py:190} INFO - [2026-04-20T22:32:55.371+0000] {dagbag.py:588} INFO - Filling up the DagBag from /opt/airflow/dags/daily_chek.py
[2026-04-20T22:32:55.404+0000] {processor.py:925} INFO - DAG(s) 'daily_chek' retrieved from /opt/airflow/dags/daily_chek.py
[2026-04-20T22:32:55.474+0000] {logging_mixin.py:190} INFO - [2026-04-20T22:32:55.474+0000] {dag.py:3239} INFO - Sync 1 DAGs
[2026-04-20T22:32:55.546+0000] {logging_mixin.py:190} INFO - [2026-04-20T22:32:55.546+0000] {dag.py:4180} INFO - Setting next_dagrun for daily_chek to 2026-04-20 00:00:00+00:00, run_after=2026-04-21 00:00:00+00:00
[2026-04-20T22:32:55.597+0000] {processor.py:208} INFO - Processing /opt/airflow/dags/daily_chek.py took 0.251 seconds
[2026-04-20T22:33:25.804+0000] {processor.py:186} INFO - Started process (PID=524) to work on /opt/airflow/dags/daily_chek.py
[2026-04-20T22:33:25.812+0000] {processor.py:914} INFO - Processing file /opt/airflow/dags/daily_chek.py for tasks to queue
[2026-04-20T22:33:25.817+0000] {logging_mixin.py:190} INFO - [2026-04-20T22:33:25.816+0000] {dagbag.py:588} INFO - Filling up the DagBag from /opt/airflow/dags/daily_chek.py
[2026-04-20T22:33:25.849+0000] {processor.py:925} INFO - DAG(s) 'daily_chek' retrieved from /opt/airflow/dags/daily_chek.py
[2026-04-20T22:33:25.915+0000] {logging_mixin.py:190} INFO - [2026-04-20T22:33:25.914+0000] {dag.py:3239} INFO - Sync 1 DAGs
[2026-04-20T22:33:25.959+0000] {logging_mixin.py:190} INFO - [2026-04-20T22:33:25.959+0000] {dag.py:4180} INFO - Setting next_dagrun for daily_chek to 2026-04-20 00:00:00+00:00, run_after=2026-04-21 00:00:00+00:00
[2026-04-20T22:33:25.987+0000] {processor.py:208} INFO - Processing /opt/airflow/dags/daily_chek.py took 0.202 seconds
[2026-04-20T22:33:56.185+0000] {processor.py:186} INFO - Started process (PID=535) to work on /opt/airflow/dags/daily_chek.py
[2026-04-20T22:33:56.187+0000] {processor.py:914} INFO - Processing file /opt/airflow/dags/daily_chek.py for tasks to queue
[2026-04-20T22:33:56.193+0000] {logging_mixin.py:190} INFO - [2026-04-20T22:33:56.192+0000] {dagbag.py:588} INFO - Filling up the DagBag from /opt/airflow/dags/daily_chek.py
[2026-04-20T22:33:56.229+0000] {processor.py:925} INFO - DAG(s) 'daily_chek' retrieved from /opt/airflow/dags/daily_chek.py
[2026-04-20T22:33:56.293+0000] {logging_mixin.py:190} INFO - [2026-04-20T22:33:56.293+0000] {dag.py:3239} INFO - Sync 1 DAGs
[2026-04-20T22:33:56.368+0000] {logging_mixin.py:190} INFO - [2026-04-20T22:33:56.368+0000] {dag.py:4180} INFO - Setting next_dagrun for daily_chek to 2026-04-20 00:00:00+00:00, run_after=2026-04-21 00:00:00+00:00
[2026-04-20T22:33:56.413+0000] {processor.py:208} INFO - Processing /opt/airflow/dags/daily_chek.py took 0.247 seconds
[2026-04-20T22:34:26.551+0000] {processor.py:186} INFO - Started process (PID=546) to work on /opt/airflow/dags/daily_chek.py
[2026-04-20T22:34:26.553+0000] {processor.py:914} INFO - Processing file /opt/airflow/dags/daily_chek.py for tasks to queue
[2026-04-20T22:34:26.558+0000] {logging_mixin.py:190} INFO - [2026-04-20T22:34:26.557+0000] {dagbag.py:588} INFO - Filling up the DagBag from /opt/airflow/dags/daily_chek.py
[2026-04-20T22:34:26.589+0000] {processor.py:925} INFO - DAG(s) 'daily_chek' retrieved from /opt/airflow/dags/daily_chek.py
[2026-04-20T22:34:26.655+0000] {logging_mixin.py:190} INFO - [2026-04-20T22:34:26.654+0000] {dag.py:3239} INFO - Sync 1 DAGs
[2026-04-20T22:34:26.701+0000] {logging_mixin.py:190} INFO - [2026-04-20T22:34:26.701+0000] {dag.py:4180} INFO - Setting next_dagrun for daily_chek to 2026-04-20 00:00:00+00:00, run_after=2026-04-21 00:00:00+00:00
[2026-04-20T22:34:26.723+0000] {processor.py:208} INFO - Processing /opt/airflow/dags/daily_chek.py took 0.189 seconds
[2026-04-20T22:34:57.034+0000] {processor.py:186} INFO - Started process (PID=557) to work on /opt/airflow/dags/daily_chek.py
[2026-04-20T22:34:57.041+0000] {processor.py:914} INFO - Processing file /opt/airflow/dags/daily_chek.py for tasks to queue
[2026-04-20T22:34:57.048+0000] {logging_mixin.py:190} INFO - [2026-04-20T22:34:57.047+0000] {dagbag.py:588} INFO - Filling up the DagBag from /opt/airflow/dags/daily_chek.py
[2026-04-20T22:34:57.085+0000] {processor.py:925} INFO - DAG(s) 'daily_chek' retrieved from /opt/airflow/dags/daily_chek.py
[2026-04-20T22:34:57.152+0000] {logging_mixin.py:190} INFO - [2026-04-20T22:34:57.152+0000] {dag.py:3239} INFO - Sync 1 DAGs
[2026-04-20T22:34:57.200+0000] {logging_mixin.py:190} INFO - [2026-04-20T22:34:57.200+0000] {dag.py:4180} INFO - Setting next_dagrun for daily_chek to 2026-04-20 00:00:00+00:00, run_after=2026-04-21 00:00:00+00:00
[2026-04-20T22:34:57.224+0000] {processor.py:208} INFO - Processing /opt/airflow/dags/daily_chek.py took 0.212 seconds
[2026-04-20T22:35:27.321+0000] {processor.py:186} INFO - Started process (PID=567) to work on /opt/airflow/dags/daily_chek.py
[2026-04-20T22:35:27.323+0000] {processor.py:914} INFO - Processing file /opt/airflow/dags/daily_chek.py for tasks to queue
[2026-04-20T22:35:27.329+0000] {logging_mixin.py:190} INFO - [2026-04-20T22:35:27.328+0000] {dagbag.py:588} INFO - Filling up the DagBag from /opt/airflow/dags/daily_chek.py
[2026-04-20T22:35:27.370+0000] {processor.py:925} INFO - DAG(s) 'daily_chek' retrieved from /opt/airflow/dags/daily_chek.py
[2026-04-20T22:35:27.441+0000] {logging_mixin.py:190} INFO - [2026-04-20T22:35:27.440+0000] {dag.py:3239} INFO - Sync 1 DAGs
[2026-04-20T22:35:27.503+0000] {logging_mixin.py:190} INFO - [2026-04-20T22:35:27.503+0000] {dag.py:4180} INFO - Setting next_dagrun for daily_chek to 2026-04-20 00:00:00+00:00, run_after=2026-04-21 00:00:00+00:00
[2026-04-20T22:35:27.530+0000] {processor.py:208} INFO - Processing /opt/airflow/dags/daily_chek.py took 0.226 seconds
[2026-04-20T22:35:57.752+0000] {processor.py:186} INFO - Started process (PID=578) to work on /opt/airflow/dags/daily_chek.py
[2026-04-20T22:35:57.753+0000] {processor.py:914} INFO - Processing file /opt/airflow/dags/daily_chek.py for tasks to queue
[2026-04-20T22:35:57.755+0000] {logging_mixin.py:190} INFO - [2026-04-20T22:35:57.755+0000] {dagbag.py:588} INFO - Filling up the DagBag from /opt/airflow/dags/daily_chek.py
[2026-04-20T22:35:57.767+0000] {processor.py:925} INFO - DAG(s) 'daily_chek' retrieved from /opt/airflow/dags/daily_chek.py
[2026-04-20T22:35:57.790+0000] {logging_mixin.py:190} INFO - [2026-04-20T22:35:57.790+0000] {dag.py:3239} INFO - Sync 1 DAGs
[2026-04-20T22:35:57.813+0000] {logging_mixin.py:190} INFO - [2026-04-20T22:35:57.812+0000] {dag.py:4180} INFO - Setting next_dagrun for daily_chek to 2026-04-20 00:00:00+00:00, run_after=2026-04-21 00:00:00+00:00
[2026-04-20T22:35:57.830+0000] {processor.py:208} INFO - Processing /opt/airflow/dags/daily_chek.py took 0.083 seconds
[2026-04-20T22:36:28.108+0000] {processor.py:186} INFO - Started process (PID=589) to work on /opt/airflow/dags/daily_chek.py
[2026-04-20T22:36:28.109+0000] {processor.py:914} INFO - Processing file /opt/airflow/dags/daily_chek.py for tasks to queue
[2026-04-20T22:36:28.117+0000] {logging_mixin.py:190} INFO - [2026-04-20T22:36:28.116+0000] {dagbag.py:588} INFO - Filling up the DagBag from /opt/airflow/dags/daily_chek.py
[2026-04-20T22:36:28.150+0000] {processor.py:925} INFO - DAG(s) 'daily_chek' retrieved from /opt/airflow/dags/daily_chek.py
[2026-04-20T22:36:28.220+0000] {logging_mixin.py:190} INFO - [2026-04-20T22:36:28.219+0000] {dag.py:3239} INFO - Sync 1 DAGs
[2026-04-20T22:36:28.268+0000] {logging_mixin.py:190} INFO - [2026-04-20T22:36:28.267+0000] {dag.py:4180} INFO - Setting next_dagrun for daily_chek to 2026-04-20 00:00:00+00:00, run_after=2026-04-21 00:00:00+00:00
[2026-04-20T22:36:28.286+0000] {processor.py:208} INFO - Processing /opt/airflow/dags/daily_chek.py took 0.196 seconds
[2026-04-20T22:36:58.410+0000] {processor.py:186} INFO - Started process (PID=600) to work on /opt/airflow/dags/daily_chek.py
[2026-04-20T22:36:58.418+0000] {processor.py:914} INFO - Processing file /opt/airflow/dags/daily_chek.py for tasks to queue
[2026-04-20T22:36:58.424+0000] {logging_mixin.py:190} INFO - [2026-04-20T22:36:58.423+0000] {dagbag.py:588} INFO - Filling up the DagBag from /opt/airflow/dags/daily_chek.py
[2026-04-20T22:36:58.457+0000] {processor.py:925} INFO - DAG(s) 'daily_chek' retrieved from /opt/airflow/dags/daily_chek.py
[2026-04-20T22:36:58.521+0000] {logging_mixin.py:190} INFO - [2026-04-20T22:36:58.520+0000] {dag.py:3239} INFO - Sync 1 DAGs
[2026-04-20T22:36:58.567+0000] {logging_mixin.py:190} INFO - [2026-04-20T22:36:58.567+0000] {dag.py:4180} INFO - Setting next_dagrun for daily_chek to 2026-04-20 00:00:00+00:00, run_after=2026-04-21 00:00:00+00:00
[2026-04-20T22:36:58.596+0000] {processor.py:208} INFO - Processing /opt/airflow/dags/daily_chek.py took 0.203 seconds
[2026-04-20T22:37:28.872+0000] {processor.py:186} INFO - Started process (PID=611) to work on /opt/airflow/dags/daily_chek.py
[2026-04-20T22:37:28.874+0000] {processor.py:914} INFO - Processing file /opt/airflow/dags/daily_chek.py for tasks to queue
[2026-04-20T22:37:28.879+0000] {logging_mixin.py:190} INFO - [2026-04-20T22:37:28.878+0000] {dagbag.py:588} INFO - Filling up the DagBag from /opt/airflow/dags/daily_chek.py
[2026-04-20T22:37:28.912+0000] {processor.py:925} INFO - DAG(s) 'daily_chek' retrieved from /opt/airflow/dags/daily_chek.py
[2026-04-20T22:37:28.984+0000] {logging_mixin.py:190} INFO - [2026-04-20T22:37:28.983+0000] {dag.py:3239} INFO - Sync 1 DAGs
[2026-04-20T22:37:29.053+0000] {logging_mixin.py:190} INFO - [2026-04-20T22:37:29.053+0000] {dag.py:4180} INFO - Setting next_dagrun for daily_chek to 2026-04-20 00:00:00+00:00, run_after=2026-04-21 00:00:00+00:00
[2026-04-20T22:37:29.106+0000] {processor.py:208} INFO - Processing /opt/airflow/dags/daily_chek.py took 0.252 seconds
[2026-04-20T22:37:59.187+0000] {processor.py:186} INFO - Started process (PID=622) to work on /opt/airflow/dags/daily_chek.py
[2026-04-20T22:37:59.195+0000] {processor.py:914} INFO - Processing file /opt/airflow/dags/daily_chek.py for tasks to queue
[2026-04-20T22:37:59.201+0000] {logging_mixin.py:190} INFO - [2026-04-20T22:37:59.200+0000] {dagbag.py:588} INFO - Filling up the DagBag from /opt/airflow/dags/daily_chek.py
[2026-04-20T22:37:59.235+0000] {processor.py:925} INFO - DAG(s) 'daily_chek' retrieved from /opt/airflow/dags/daily_chek.py
[2026-04-20T22:37:59.304+0000] {logging_mixin.py:190} INFO - [2026-04-20T22:37:59.303+0000] {dag.py:3239} INFO - Sync 1 DAGs
[2026-04-20T22:37:59.377+0000] {logging_mixin.py:190} INFO - [2026-04-20T22:37:59.376+0000] {dag.py:4180} INFO - Setting next_dagrun for daily_chek to 2026-04-20 00:00:00+00:00, run_after=2026-04-21 00:00:00+00:00
[2026-04-20T22:37:59.428+0000] {processor.py:208} INFO - Processing /opt/airflow/dags/daily_chek.py took 0.259 seconds
[2026-04-20T22:38:29.700+0000] {processor.py:186} INFO - Started process (PID=633) to work on /opt/airflow/dags/daily_chek.py
[2026-04-20T22:38:29.702+0000] {processor.py:914} INFO - Processing file /opt/airflow/dags/daily_chek.py for tasks to queue
[2026-04-20T22:38:29.709+0000] {logging_mixin.py:190} INFO - [2026-04-20T22:38:29.708+0000] {dagbag.py:588} INFO - Filling up the DagBag from /opt/airflow/dags/daily_chek.py
[2026-04-20T22:38:29.743+0000] {processor.py:925} INFO - DAG(s) 'daily_chek' retrieved from /opt/airflow/dags/daily_chek.py
[2026-04-20T22:38:29.805+0000] {logging_mixin.py:190} INFO - [2026-04-20T22:38:29.804+0000] {dag.py:3239} INFO - Sync 1 DAGs
[2026-04-20T22:38:29.887+0000] {logging_mixin.py:190} INFO - [2026-04-20T22:38:29.886+0000] {dag.py:4180} INFO - Setting next_dagrun for daily_chek to 2026-04-20 00:00:00+00:00, run_after=2026-04-21 00:00:00+00:00
[2026-04-20T22:38:29.936+0000] {processor.py:208} INFO - Processing /opt/airflow/dags/daily_chek.py took 0.252 seconds
[2026-04-20T22:39:00.024+0000] {processor.py:186} INFO - Started process (PID=644) to work on /opt/airflow/dags/daily_chek.py
[2026-04-20T22:39:00.032+0000] {processor.py:914} INFO - Processing file /opt/airflow/dags/daily_chek.py for tasks to queue
[2026-04-20T22:39:00.038+0000] {logging_mixin.py:190} INFO - [2026-04-20T22:39:00.037+0000] {dagbag.py:588} INFO - Filling up the DagBag from /opt/airflow/dags/daily_chek.py
[2026-04-20T22:39:00.072+0000] {processor.py:925} INFO - DAG(s) 'daily_chek' retrieved from /opt/airflow/dags/daily_chek.py
[2026-04-20T22:39:00.142+0000] {logging_mixin.py:190} INFO - [2026-04-20T22:39:00.142+0000] {dag.py:3239} INFO - Sync 1 DAGs
[2026-04-20T22:39:00.209+0000] {logging_mixin.py:190} INFO - [2026-04-20T22:39:00.209+0000] {dag.py:4180} INFO - Setting next_dagrun for daily_chek to 2026-04-20 00:00:00+00:00, run_after=2026-04-21 00:00:00+00:00
[2026-04-20T22:39:00.243+0000] {processor.py:208} INFO - Processing /opt/airflow/dags/daily_chek.py took 0.237 seconds
[2026-04-20T22:39:30.564+0000] {processor.py:186} INFO - Started process (PID=655) to work on /opt/airflow/dags/daily_chek.py
[2026-04-20T22:39:30.565+0000] {processor.py:914} INFO - Processing file /opt/airflow/dags/daily_chek.py for tasks to queue
[2026-04-20T22:39:30.572+0000] {logging_mixin.py:190} INFO - [2026-04-20T22:39:30.571+0000] {dagbag.py:588} INFO - Filling up the DagBag from /opt/airflow/dags/daily_chek.py
[2026-04-20T22:39:30.604+0000] {processor.py:925} INFO - DAG(s) 'daily_chek' retrieved from /opt/airflow/dags/daily_chek.py
[2026-04-20T22:39:30.673+0000] {logging_mixin.py:190} INFO - [2026-04-20T22:39:30.672+0000] {dag.py:3239} INFO - Sync 1 DAGs
[2026-04-20T22:39:30.728+0000] {logging_mixin.py:190} INFO - [2026-04-20T22:39:30.727+0000] {dag.py:4180} INFO - Setting next_dagrun for daily_chek to 2026-04-20 00:00:00+00:00, run_after=2026-04-21 00:00:00+00:00
[2026-04-20T22:39:30.756+0000] {processor.py:208} INFO - Processing /opt/airflow/dags/daily_chek.py took 0.211 seconds
[2026-04-20T22:40:00.862+0000] {processor.py:186} INFO - Started process (PID=666) to work on /opt/airflow/dags/daily_chek.py
[2026-04-20T22:40:00.864+0000] {processor.py:914} INFO - Processing file /opt/airflow/dags/daily_chek.py for tasks to queue
[2026-04-20T22:40:00.873+0000] {logging_mixin.py:190} INFO - [2026-04-20T22:40:00.872+0000] {dagbag.py:588} INFO - Filling up the DagBag from /opt/airflow/dags/daily_chek.py
[2026-04-20T22:40:00.910+0000] {processor.py:925} INFO - DAG(s) 'daily_chek' retrieved from /opt/airflow/dags/daily_chek.py
[2026-04-20T22:40:00.985+0000] {logging_mixin.py:190} INFO - [2026-04-20T22:40:00.985+0000] {dag.py:3239} INFO - Sync 1 DAGs
[2026-04-20T22:40:01.020+0000] {logging_mixin.py:190} INFO - [2026-04-20T22:40:01.020+0000] {dag.py:4180} INFO - Setting next_dagrun for daily_chek to 2026-04-20 00:00:00+00:00, run_after=2026-04-21 00:00:00+00:00
[2026-04-20T22:40:01.036+0000] {processor.py:208} INFO - Processing /opt/airflow/dags/daily_chek.py took 0.194 seconds
[2026-04-20T22:40:31.343+0000] {processor.py:186} INFO - Started process (PID=677) to work on /opt/airflow/dags/daily_chek.py
[2026-04-20T22:40:31.351+0000] {processor.py:914} INFO - Processing file /opt/airflow/dags/daily_chek.py for tasks to queue
[2026-04-20T22:40:31.356+0000] {logging_mixin.py:190} INFO - [2026-04-20T22:40:31.355+0000] {dagbag.py:588} INFO - Filling up the DagBag from /opt/airflow/dags/daily_chek.py
[2026-04-20T22:40:31.388+0000] {processor.py:925} INFO - DAG(s) 'daily_chek' retrieved from /opt/airflow/dags/daily_chek.py
[2026-04-20T22:40:31.454+0000] {logging_mixin.py:190} INFO - [2026-04-20T22:40:31.453+0000] {dag.py:3239} INFO - Sync 1 DAGs
[2026-04-20T22:40:31.524+0000] {logging_mixin.py:190} INFO - [2026-04-20T22:40:31.523+0000] {dag.py:4180} INFO - Setting next_dagrun for daily_chek to 2026-04-20 00:00:00+00:00, run_after=2026-04-21 00:00:00+00:00
[2026-04-20T22:40:31.574+0000] {processor.py:208} INFO - Processing /opt/airflow/dags/daily_chek.py took 0.248 seconds
[2026-04-20T22:41:01.909+0000] {processor.py:186} INFO - Started process (PID=688) to work on /opt/airflow/dags/daily_chek.py
[2026-04-20T22:41:01.911+0000] {processor.py:914} INFO - Processing file /opt/airflow/dags/daily_chek.py for tasks to queue
[2026-04-20T22:41:01.916+0000] {logging_mixin.py:190} INFO - [2026-04-20T22:41:01.915+0000] {dagbag.py:588} INFO - Filling up the DagBag from /opt/airflow/dags/daily_chek.py
[2026-04-20T22:41:01.948+0000] {processor.py:925} INFO - DAG(s) 'daily_chek' retrieved from /opt/airflow/dags/daily_chek.py
[2026-04-20T22:41:02.003+0000] {logging_mixin.py:190} INFO - [2026-04-20T22:41:02.002+0000] {dag.py:3239} INFO - Sync 1 DAGs
[2026-04-20T22:41:02.041+0000] {logging_mixin.py:190} INFO - [2026-04-20T22:41:02.041+0000] {dag.py:4180} INFO - Setting next_dagrun for daily_chek to 2026-04-20 00:00:00+00:00, run_after=2026-04-21 00:00:00+00:00
[2026-04-20T22:41:02.064+0000] {processor.py:208} INFO - Processing /opt/airflow/dags/daily_chek.py took 0.172 seconds
[2026-04-20T22:41:32.192+0000] {processor.py:186} INFO - Started process (PID=699) to work on /opt/airflow/dags/daily_chek.py
[2026-04-20T22:41:32.200+0000] {processor.py:914} INFO - Processing file /opt/airflow/dags/daily_chek.py for tasks to queue
[2026-04-20T22:41:32.206+0000] {logging_mixin.py:190} INFO - [2026-04-20T22:41:32.205+0000] {dagbag.py:588} INFO - Filling up the DagBag from /opt/airflow/dags/daily_chek.py
[2026-04-20T22:41:32.238+0000] {processor.py:925} INFO - DAG(s) 'daily_chek' retrieved from /opt/airflow/dags/daily_chek.py
[2026-04-20T22:41:32.302+0000] {logging_mixin.py:190} INFO - [2026-04-20T22:41:32.301+0000] {dag.py:3239} INFO - Sync 1 DAGs
[2026-04-20T22:41:32.355+0000] {logging_mixin.py:190} INFO - [2026-04-20T22:41:32.354+0000] {dag.py:4180} INFO - Setting next_dagrun for daily_chek to 2026-04-20 00:00:00+00:00, run_after=2026-04-21 00:00:00+00:00
[2026-04-20T22:41:32.379+0000] {processor.py:208} INFO - Processing /opt/airflow/dags/daily_chek.py took 0.204 seconds
[2026-04-20T22:42:02.649+0000] {processor.py:186} INFO - Started process (PID=710) to work on /opt/airflow/dags/daily_chek.py
[2026-04-20T22:42:02.651+0000] {processor.py:914} INFO - Processing file /opt/airflow/dags/daily_chek.py for tasks to queue
[2026-04-20T22:42:02.656+0000] {logging_mixin.py:190} INFO - [2026-04-20T22:42:02.655+0000] {dagbag.py:588} INFO - Filling up the DagBag from /opt/airflow/dags/daily_chek.py
[2026-04-20T22:42:02.688+0000] {processor.py:925} INFO - DAG(s) 'daily_chek' retrieved from /opt/airflow/dags/daily_chek.py
[2026-04-20T22:42:02.755+0000] {logging_mixin.py:190} INFO - [2026-04-20T22:42:02.755+0000] {dag.py:3239} INFO - Sync 1 DAGs
[2026-04-20T22:42:02.814+0000] {logging_mixin.py:190} INFO - [2026-04-20T22:42:02.813+0000] {dag.py:4180} INFO - Setting next_dagrun for daily_chek to 2026-04-20 00:00:00+00:00, run_after=2026-04-21 00:00:00+00:00
[2026-04-20T22:42:02.841+0000] {processor.py:208} INFO - Processing /opt/airflow/dags/daily_chek.py took 0.210 seconds
[2026-04-20T22:42:32.947+0000] {processor.py:186} INFO - Started process (PID=721) to work on /opt/airflow/dags/daily_chek.py
[2026-04-20T22:42:32.949+0000] {processor.py:914} INFO - Processing file /opt/airflow/dags/daily_chek.py for tasks to queue
[2026-04-20T22:42:32.955+0000] {logging_mixin.py:190} INFO - [2026-04-20T22:42:32.954+0000] {dagbag.py:588} INFO - Filling up the DagBag from /opt/airflow/dags/daily_chek.py
[2026-04-20T22:42:32.987+0000] {processor.py:925} INFO - DAG(s) 'daily_chek' retrieved from /opt/airflow/dags/daily_chek.py
[2026-04-20T22:42:33.053+0000] {logging_mixin.py:190} INFO - [2026-04-20T22:42:33.052+0000] {dag.py:3239} INFO - Sync 1 DAGs
[2026-04-20T22:42:33.139+0000] {logging_mixin.py:190} INFO - [2026-04-20T22:42:33.138+0000] {dag.py:4180} INFO - Setting next_dagrun for daily_chek to 2026-04-20 00:00:00+00:00, run_after=2026-04-21 00:00:00+00:00
[2026-04-20T22:42:33.189+0000] {processor.py:208} INFO - Processing /opt/airflow/dags/daily_chek.py took 0.259 seconds
[2026-04-20T22:43:03.415+0000] {processor.py:186} INFO - Started process (PID=732) to work on /opt/airflow/dags/daily_chek.py
[2026-04-20T22:43:03.417+0000] {processor.py:914} INFO - Processing file /opt/airflow/dags/daily_chek.py for tasks to queue
[2026-04-20T22:43:03.423+0000] {logging_mixin.py:190} INFO - [2026-04-20T22:43:03.422+0000] {dagbag.py:588} INFO - Filling up the DagBag from /opt/airflow/dags/daily_chek.py
[2026-04-20T22:43:03.464+0000] {processor.py:925} INFO - DAG(s) 'daily_chek' retrieved from /opt/airflow/dags/daily_chek.py
[2026-04-20T22:43:03.535+0000] {logging_mixin.py:190} INFO - [2026-04-20T22:43:03.534+0000] {dag.py:3239} INFO - Sync 1 DAGs
[2026-04-20T22:43:03.576+0000] {logging_mixin.py:190} INFO - [2026-04-20T22:43:03.576+0000] {dag.py:4180} INFO - Setting next_dagrun for daily_chek to 2026-04-20 00:00:00+00:00, run_after=2026-04-21 00:00:00+00:00
[2026-04-20T22:43:03.600+0000] {processor.py:208} INFO - Processing /opt/airflow/dags/daily_chek.py took 0.204 seconds
[2026-04-20T22:43:33.780+0000] {processor.py:186} INFO - Started process (PID=743) to work on /opt/airflow/dags/daily_chek.py
[2026-04-20T22:43:33.788+0000] {processor.py:914} INFO - Processing file /opt/airflow/dags/daily_chek.py for tasks to queue
[2026-04-20T22:43:33.795+0000] {logging_mixin.py:190} INFO - [2026-04-20T22:43:33.794+0000] {dagbag.py:588} INFO - Filling up the DagBag from /opt/airflow/dags/daily_chek.py
[2026-04-20T22:43:33.829+0000] {processor.py:925} INFO - DAG(s) 'daily_chek' retrieved from /opt/airflow/dags/daily_chek.py
[2026-04-20T22:43:33.894+0000] {logging_mixin.py:190} INFO - [2026-04-20T22:43:33.893+0000] {dag.py:3239} INFO - Sync 1 DAGs
[2026-04-20T22:43:33.967+0000] {logging_mixin.py:190} INFO - [2026-04-20T22:43:33.967+0000] {dag.py:4180} INFO - Setting next_dagrun for daily_chek to 2026-04-20 00:00:00+00:00, run_after=2026-04-21 00:00:00+00:00
[2026-04-20T22:43:34.020+0000] {processor.py:208} INFO - Processing /opt/airflow/dags/daily_chek.py took 0.259 seconds
[2026-04-20T22:44:04.177+0000] {processor.py:186} INFO - Started process (PID=754) to work on /opt/airflow/dags/daily_chek.py
[2026-04-20T22:44:04.178+0000] {processor.py:914} INFO - Processing file /opt/airflow/dags/daily_chek.py for tasks to queue
[2026-04-20T22:44:04.185+0000] {logging_mixin.py:190} INFO - [2026-04-20T22:44:04.185+0000] {dagbag.py:588} INFO - Filling up the DagBag from /opt/airflow/dags/daily_chek.py
[2026-04-20T22:44:04.225+0000] {processor.py:925} INFO - DAG(s) 'daily_chek' retrieved from /opt/airflow/dags/daily_chek.py
[2026-04-20T22:44:04.305+0000] {logging_mixin.py:190} INFO - [2026-04-20T22:44:04.304+0000] {dag.py:3239} INFO - Sync 1 DAGs
[2026-04-20T22:44:04.350+0000] {logging_mixin.py:190} INFO - [2026-04-20T22:44:04.350+0000] {dag.py:4180} INFO - Setting next_dagrun for daily_chek to 2026-04-20 00:00:00+00:00, run_after=2026-04-21 00:00:00+00:00
[2026-04-20T22:44:04.376+0000] {processor.py:208} INFO - Processing /opt/airflow/dags/daily_chek.py took 0.218 seconds
[2026-04-20T22:44:34.632+0000] {processor.py:186} INFO - Started process (PID=765) to work on /opt/airflow/dags/daily_chek.py
[2026-04-20T22:44:34.640+0000] {processor.py:914} INFO - Processing file /opt/airflow/dags/daily_chek.py for tasks to queue
[2026-04-20T22:44:34.646+0000] {logging_mixin.py:190} INFO - [2026-04-20T22:44:34.645+0000] {dagbag.py:588} INFO - Filling up the DagBag from /opt/airflow/dags/daily_chek.py
[2026-04-20T22:44:34.680+0000] {processor.py:925} INFO - DAG(s) 'daily_chek' retrieved from /opt/airflow/dags/daily_chek.py
[2026-04-20T22:44:34.748+0000] {logging_mixin.py:190} INFO - [2026-04-20T22:44:34.748+0000] {dag.py:3239} INFO - Sync 1 DAGs
[2026-04-20T22:44:34.794+0000] {logging_mixin.py:190} INFO - [2026-04-20T22:44:34.794+0000] {dag.py:4180} INFO - Setting next_dagrun for daily_chek to 2026-04-20 00:00:00+00:00, run_after=2026-04-21 00:00:00+00:00
[2026-04-20T22:44:34.822+0000] {processor.py:208} INFO - Processing /opt/airflow/dags/daily_chek.py took 0.207 seconds
[2026-04-20T22:45:04.961+0000] {processor.py:186} INFO - Started process (PID=776) to work on /opt/airflow/dags/daily_chek.py
[2026-04-20T22:45:04.963+0000] {processor.py:914} INFO - Processing file /opt/airflow/dags/daily_chek.py for tasks to queue
[2026-04-20T22:45:04.968+0000] {logging_mixin.py:190} INFO - [2026-04-20T22:45:04.968+0000] {dagbag.py:588} INFO - Filling up the DagBag from /opt/airflow/dags/daily_chek.py
[2026-04-20T22:45:05.002+0000] {processor.py:925} INFO - DAG(s) 'daily_chek' retrieved from /opt/airflow/dags/daily_chek.py
[2026-04-20T22:45:05.067+0000] {logging_mixin.py:190} INFO - [2026-04-20T22:45:05.067+0000] {dag.py:3239} INFO - Sync 1 DAGs
[2026-04-20T22:45:05.116+0000] {logging_mixin.py:190} INFO - [2026-04-20T22:45:05.116+0000] {dag.py:4180} INFO - Setting next_dagrun for daily_chek to 2026-04-20 00:00:00+00:00, run_after=2026-04-21 00:00:00+00:00
[2026-04-20T22:45:05.144+0000] {processor.py:208} INFO - Processing /opt/airflow/dags/daily_chek.py took 0.201 seconds
[2026-04-20T22:45:35.411+0000] {processor.py:186} INFO - Started process (PID=787) to work on /opt/airflow/dags/daily_chek.py
[2026-04-20T22:45:35.419+0000] {processor.py:914} INFO - Processing file /opt/airflow/dags/daily_chek.py for tasks to queue
[2026-04-20T22:45:35.425+0000] {logging_mixin.py:190} INFO - [2026-04-20T22:45:35.424+0000] {dagbag.py:588} INFO - Filling up the DagBag from /opt/airflow/dags/daily_chek.py
[2026-04-20T22:45:35.459+0000] {processor.py:925} INFO - DAG(s) 'daily_chek' retrieved from /opt/airflow/dags/daily_chek.py
[2026-04-20T22:45:35.526+0000] {logging_mixin.py:190} INFO - [2026-04-20T22:45:35.526+0000] {dag.py:3239} INFO - Sync 1 DAGs
[2026-04-20T22:45:35.584+0000] {logging_mixin.py:190} INFO - [2026-04-20T22:45:35.583+0000] {dag.py:4180} INFO - Setting next_dagrun for daily_chek to 2026-04-20 00:00:00+00:00, run_after=2026-04-21 00:00:00+00:00
[2026-04-20T22:45:35.619+0000] {processor.py:208} INFO - Processing /opt/airflow/dags/daily_chek.py took 0.225 seconds
[2026-04-20T22:46:05.731+0000] {processor.py:186} INFO - Started process (PID=798) to work on /opt/airflow/dags/daily_chek.py
[2026-04-20T22:46:05.732+0000] {processor.py:914} INFO - Processing file /opt/airflow/dags/daily_chek.py for tasks to queue
[2026-04-20T22:46:05.736+0000] {logging_mixin.py:190} INFO - [2026-04-20T22:46:05.735+0000] {dagbag.py:588} INFO - Filling up the DagBag from /opt/airflow/dags/daily_chek.py
[2026-04-20T22:46:05.751+0000] {processor.py:925} INFO - DAG(s) 'daily_chek' retrieved from /opt/airflow/dags/daily_chek.py
[2026-04-20T22:46:05.771+0000] {logging_mixin.py:190} INFO - [2026-04-20T22:46:05.771+0000] {dag.py:3239} INFO - Sync 1 DAGs
[2026-04-20T22:46:05.792+0000] {logging_mixin.py:190} INFO - [2026-04-20T22:46:05.792+0000] {dag.py:4180} INFO - Setting next_dagrun for daily_chek to 2026-04-20 00:00:00+00:00, run_after=2026-04-21 00:00:00+00:00
[2026-04-20T22:46:05.807+0000] {processor.py:208} INFO - Processing /opt/airflow/dags/daily_chek.py took 0.094 seconds
[2026-04-20T22:46:36.010+0000] {processor.py:186} INFO - Started process (PID=809) to work on /opt/airflow/dags/daily_chek.py
[2026-04-20T22:46:36.017+0000] {processor.py:914} INFO - Processing file /opt/airflow/dags/daily_chek.py for tasks to queue
[2026-04-20T22:46:36.020+0000] {logging_mixin.py:190} INFO - [2026-04-20T22:46:36.020+0000] {dagbag.py:588} INFO - Filling up the DagBag from /opt/airflow/dags/daily_chek.py
[2026-04-20T22:46:36.039+0000] {processor.py:925} INFO - DAG(s) 'daily_chek' retrieved from /opt/airflow/dags/daily_chek.py
[2026-04-20T22:46:36.063+0000] {logging_mixin.py:190} INFO - [2026-04-20T22:46:36.062+0000] {dag.py:3239} INFO - Sync 1 DAGs
[2026-04-20T22:46:36.084+0000] {logging_mixin.py:190} INFO - [2026-04-20T22:46:36.084+0000] {dag.py:4180} INFO - Setting next_dagrun for daily_chek to 2026-04-20 00:00:00+00:00, run_after=2026-04-21 00:00:00+00:00
[2026-04-20T22:46:36.099+0000] {processor.py:208} INFO - Processing /opt/airflow/dags/daily_chek.py took 0.100 seconds
[2026-04-20T22:47:06.356+0000] {processor.py:186} INFO - Started process (PID=820) to work on /opt/airflow/dags/daily_chek.py
[2026-04-20T22:47:06.357+0000] {processor.py:914} INFO - Processing file /opt/airflow/dags/daily_chek.py for tasks to queue
[2026-04-20T22:47:06.361+0000] {logging_mixin.py:190} INFO - [2026-04-20T22:47:06.360+0000] {dagbag.py:588} INFO - Filling up the DagBag from /opt/airflow/dags/daily_chek.py
[2026-04-20T22:47:06.375+0000] {processor.py:925} INFO - DAG(s) 'daily_chek' retrieved from /opt/airflow/dags/daily_chek.py
[2026-04-20T22:47:06.399+0000] {logging_mixin.py:190} INFO - [2026-04-20T22:47:06.398+0000] {dag.py:3239} INFO - Sync 1 DAGs
[2026-04-20T22:47:06.420+0000] {logging_mixin.py:190} INFO - [2026-04-20T22:47:06.419+0000] {dag.py:4180} INFO - Setting next_dagrun for daily_chek to 2026-04-20 00:00:00+00:00, run_after=2026-04-21 00:00:00+00:00
[2026-04-20T22:47:06.435+0000] {processor.py:208} INFO - Processing /opt/airflow/dags/daily_chek.py took 0.089 seconds
[2026-04-20T22:47:36.672+0000] {processor.py:186} INFO - Started process (PID=830) to work on /opt/airflow/dags/daily_chek.py
[2026-04-20T22:47:36.673+0000] {processor.py:914} INFO - Processing file /opt/airflow/dags/daily_chek.py for tasks to queue
[2026-04-20T22:47:36.679+0000] {logging_mixin.py:190} INFO - [2026-04-20T22:47:36.679+0000] {dagbag.py:588} INFO - Filling up the DagBag from /opt/airflow/dags/daily_chek.py
[2026-04-20T22:47:36.697+0000] {processor.py:925} INFO - DAG(s) 'daily_chek' retrieved from /opt/airflow/dags/daily_chek.py
[2026-04-20T22:47:36.719+0000] {logging_mixin.py:190} INFO - [2026-04-20T22:47:36.719+0000] {dag.py:3239} INFO - Sync 1 DAGs
[2026-04-20T22:47:36.741+0000] {logging_mixin.py:190} INFO - [2026-04-20T22:47:36.741+0000] {dag.py:4180} INFO - Setting next_dagrun for daily_chek to 2026-04-20 00:00:00+00:00, run_after=2026-04-21 00:00:00+00:00
[2026-04-20T22:47:36.758+0000] {processor.py:208} INFO - Processing /opt/airflow/dags/daily_chek.py took 0.103 seconds
[2026-04-20T22:48:06.983+0000] {processor.py:186} INFO - Started process (PID=841) to work on /opt/airflow/dags/daily_chek.py
[2026-04-20T22:48:06.990+0000] {processor.py:914} INFO - Processing file /opt/airflow/dags/daily_chek.py for tasks to queue
[2026-04-20T22:48:06.994+0000] {logging_mixin.py:190} INFO - [2026-04-20T22:48:06.994+0000] {dagbag.py:588} INFO - Filling up the DagBag from /opt/airflow/dags/daily_chek.py
[2026-04-20T22:48:07.010+0000] {processor.py:925} INFO - DAG(s) 'daily_chek' retrieved from /opt/airflow/dags/daily_chek.py
[2026-04-20T22:48:07.031+0000] {logging_mixin.py:190} INFO - [2026-04-20T22:48:07.031+0000] {dag.py:3239} INFO - Sync 1 DAGs
[2026-04-20T22:48:07.053+0000] {logging_mixin.py:190} INFO - [2026-04-20T22:48:07.053+0000] {dag.py:4180} INFO - Setting next_dagrun for daily_chek to 2026-04-20 00:00:00+00:00, run_after=2026-04-21 00:00:00+00:00
[2026-04-20T22:48:07.069+0000] {processor.py:208} INFO - Processing /opt/airflow/dags/daily_chek.py took 0.102 seconds
[2026-04-20T22:48:37.293+0000] {processor.py:186} INFO - Started process (PID=852) to work on /opt/airflow/dags/daily_chek.py
[2026-04-20T22:48:37.294+0000] {processor.py:914} INFO - Processing file /opt/airflow/dags/daily_chek.py for tasks to queue
[2026-04-20T22:48:37.297+0000] {logging_mixin.py:190} INFO - [2026-04-20T22:48:37.296+0000] {dagbag.py:588} INFO - Filling up the DagBag from /opt/airflow/dags/daily_chek.py
[2026-04-20T22:48:37.308+0000] {processor.py:925} INFO - DAG(s) 'daily_chek' retrieved from /opt/airflow/dags/daily_chek.py
[2026-04-20T22:48:37.329+0000] {logging_mixin.py:190} INFO - [2026-04-20T22:48:37.328+0000] {dag.py:3239} INFO - Sync 1 DAGs
[2026-04-20T22:48:37.350+0000] {logging_mixin.py:190} INFO - [2026-04-20T22:48:37.350+0000] {dag.py:4180} INFO - Setting next_dagrun for daily_chek to 2026-04-20 00:00:00+00:00, run_after=2026-04-21 00:00:00+00:00
[2026-04-20T22:48:37.367+0000] {processor.py:208} INFO - Processing /opt/airflow/dags/daily_chek.py took 0.084 seconds
[2026-04-20T22:49:07.598+0000] {processor.py:186} INFO - Started process (PID=863) to work on /opt/airflow/dags/daily_chek.py
[2026-04-20T22:49:07.605+0000] {processor.py:914} INFO - Processing file /opt/airflow/dags/daily_chek.py for tasks to queue
[2026-04-20T22:49:07.610+0000] {logging_mixin.py:190} INFO - [2026-04-20T22:49:07.609+0000] {dagbag.py:588} INFO - Filling up the DagBag from /opt/airflow/dags/daily_chek.py
[2026-04-20T22:49:07.629+0000] {processor.py:925} INFO - DAG(s) 'daily_chek' retrieved from /opt/airflow/dags/daily_chek.py
[2026-04-20T22:49:07.651+0000] {logging_mixin.py:190} INFO - [2026-04-20T22:49:07.651+0000] {dag.py:3239} INFO - Sync 1 DAGs
[2026-04-20T22:49:07.673+0000] {logging_mixin.py:190} INFO - [2026-04-20T22:49:07.673+0000] {dag.py:4180} INFO - Setting next_dagrun for daily_chek to 2026-04-20 00:00:00+00:00, run_after=2026-04-21 00:00:00+00:00
[2026-04-20T22:49:07.688+0000] {processor.py:208} INFO - Processing /opt/airflow/dags/daily_chek.py took 0.102 seconds
[2026-04-20T22:49:37.939+0000] {processor.py:186} INFO - Started process (PID=874) to work on /opt/airflow/dags/daily_chek.py
[2026-04-20T22:49:37.940+0000] {processor.py:914} INFO - Processing file /opt/airflow/dags/daily_chek.py for tasks to queue
[2026-04-20T22:49:37.942+0000] {logging_mixin.py:190} INFO - [2026-04-20T22:49:37.941+0000] {dagbag.py:588} INFO - Filling up the DagBag from /opt/airflow/dags/daily_chek.py
[2026-04-20T22:49:37.953+0000] {processor.py:925} INFO - DAG(s) 'daily_chek' retrieved from /opt/airflow/dags/daily_chek.py
[2026-04-20T22:49:37.973+0000] {logging_mixin.py:190} INFO - [2026-04-20T22:49:37.973+0000] {dag.py:3239} INFO - Sync 1 DAGs
[2026-04-20T22:49:37.995+0000] {logging_mixin.py:190} INFO - [2026-04-20T22:49:37.995+0000] {dag.py:4180} INFO - Setting next_dagrun for daily_chek to 2026-04-20 00:00:00+00:00, run_after=2026-04-21 00:00:00+00:00
[2026-04-20T22:49:38.011+0000] {processor.py:208} INFO - Processing /opt/airflow/dags/daily_chek.py took 0.082 seconds
[2026-04-20T22:50:08.247+0000] {processor.py:186} INFO - Started process (PID=885) to work on /opt/airflow/dags/daily_chek.py
[2026-04-20T22:50:08.254+0000] {processor.py:914} INFO - Processing file /opt/airflow/dags/daily_chek.py for tasks to queue
[2026-04-20T22:50:08.258+0000] {logging_mixin.py:190} INFO - [2026-04-20T22:50:08.257+0000] {dagbag.py:588} INFO - Filling up the DagBag from /opt/airflow/dags/daily_chek.py
[2026-04-20T22:50:08.273+0000] {processor.py:925} INFO - DAG(s) 'daily_chek' retrieved from /opt/airflow/dags/daily_chek.py
[2026-04-20T22:50:08.295+0000] {logging_mixin.py:190} INFO - [2026-04-20T22:50:08.295+0000] {dag.py:3239} INFO - Sync 1 DAGs
[2026-04-20T22:50:08.317+0000] {logging_mixin.py:190} INFO - [2026-04-20T22:50:08.317+0000] {dag.py:4180} INFO - Setting next_dagrun for daily_chek to 2026-04-20 00:00:00+00:00, run_after=2026-04-21 00:00:00+00:00
[2026-04-20T22:50:08.331+0000] {processor.py:208} INFO - Processing /opt/airflow/dags/daily_chek.py took 0.103 seconds
[2026-04-20T22:50:38.541+0000] {processor.py:186} INFO - Started process (PID=896) to work on /opt/airflow/dags/daily_chek.py
[2026-04-20T22:50:38.542+0000] {processor.py:914} INFO - Processing file /opt/airflow/dags/daily_chek.py for tasks to queue
[2026-04-20T22:50:38.543+0000] {logging_mixin.py:190} INFO - [2026-04-20T22:50:38.543+0000] {dagbag.py:588} INFO - Filling up the DagBag from /opt/airflow/dags/daily_chek.py
[2026-04-20T22:50:38.554+0000] {processor.py:925} INFO - DAG(s) 'daily_chek' retrieved from /opt/airflow/dags/daily_chek.py
[2026-04-20T22:50:38.581+0000] {logging_mixin.py:190} INFO - [2026-04-20T22:50:38.580+0000] {dag.py:3239} INFO - Sync 1 DAGs
[2026-04-20T22:50:38.605+0000] {logging_mixin.py:190} INFO - [2026-04-20T22:50:38.605+0000] {dag.py:4180} INFO - Setting next_dagrun for daily_chek to 2026-04-20 00:00:00+00:00, run_after=2026-04-21 00:00:00+00:00
[2026-04-20T22:50:38.623+0000] {processor.py:208} INFO - Processing /opt/airflow/dags/daily_chek.py took 0.088 seconds
[2026-04-20T22:51:08.854+0000] {processor.py:186} INFO - Started process (PID=907) to work on /opt/airflow/dags/daily_chek.py
[2026-04-20T22:51:08.856+0000] {processor.py:914} INFO - Processing file /opt/airflow/dags/daily_chek.py for tasks to queue
[2026-04-20T22:51:08.861+0000] {logging_mixin.py:190} INFO - [2026-04-20T22:51:08.861+0000] {dagbag.py:588} INFO - Filling up the DagBag from /opt/airflow/dags/daily_chek.py
[2026-04-20T22:51:08.877+0000] {processor.py:925} INFO - DAG(s) 'daily_chek' retrieved from /opt/airflow/dags/daily_chek.py
[2026-04-20T22:51:08.897+0000] {logging_mixin.py:190} INFO - [2026-04-20T22:51:08.897+0000] {dag.py:3239} INFO - Sync 1 DAGs
[2026-04-20T22:51:08.919+0000] {logging_mixin.py:190} INFO - [2026-04-20T22:51:08.919+0000] {dag.py:4180} INFO - Setting next_dagrun for daily_chek to 2026-04-20 00:00:00+00:00, run_after=2026-04-21 00:00:00+00:00
[2026-04-20T22:51:08.933+0000] {processor.py:208} INFO - Processing /opt/airflow/dags/daily_chek.py took 0.097 seconds
[2026-04-20T22:51:39.171+0000] {processor.py:186} INFO - Started process (PID=918) to work on /opt/airflow/dags/daily_chek.py
[2026-04-20T22:51:39.171+0000] {processor.py:914} INFO - Processing file /opt/airflow/dags/daily_chek.py for tasks to queue
[2026-04-20T22:51:39.174+0000] {logging_mixin.py:190} INFO - [2026-04-20T22:51:39.173+0000] {dagbag.py:588} INFO - Filling up the DagBag from /opt/airflow/dags/daily_chek.py
[2026-04-20T22:51:39.185+0000] {processor.py:925} INFO - DAG(s) 'daily_chek' retrieved from /opt/airflow/dags/daily_chek.py
[2026-04-20T22:51:39.210+0000] {logging_mixin.py:190} INFO - [2026-04-20T22:51:39.209+0000] {dag.py:3239} INFO - Sync 1 DAGs
[2026-04-20T22:51:39.233+0000] {logging_mixin.py:190} INFO - [2026-04-20T22:51:39.233+0000] {dag.py:4180} INFO - Setting next_dagrun for daily_chek to 2026-04-20 00:00:00+00:00, run_after=2026-04-21 00:00:00+00:00
[2026-04-20T22:51:39.250+0000] {processor.py:208} INFO - Processing /opt/airflow/dags/daily_chek.py took 0.086 seconds
[2026-04-20T22:52:09.414+0000] {processor.py:186} INFO - Started process (PID=929) to work on /opt/airflow/dags/daily_chek.py
[2026-04-20T22:52:09.421+0000] {processor.py:914} INFO - Processing file /opt/airflow/dags/daily_chek.py for tasks to queue
[2026-04-20T22:52:09.423+0000] {logging_mixin.py:190} INFO - [2026-04-20T22:52:09.422+0000] {dagbag.py:588} INFO - Filling up the DagBag from /opt/airflow/dags/daily_chek.py
[2026-04-20T22:52:09.432+0000] {processor.py:925} INFO - DAG(s) 'daily_chek' retrieved from /opt/airflow/dags/daily_chek.py
[2026-04-20T22:52:09.453+0000] {logging_mixin.py:190} INFO - [2026-04-20T22:52:09.452+0000] {dag.py:3239} INFO - Sync 1 DAGs
[2026-04-20T22:52:09.474+0000] {logging_mixin.py:190} INFO - [2026-04-20T22:52:09.474+0000] {dag.py:4180} INFO - Setting next_dagrun for daily_chek to 2026-04-20 00:00:00+00:00, run_after=2026-04-21 00:00:00+00:00
[2026-04-20T22:52:09.491+0000] {processor.py:208} INFO - Processing /opt/airflow/dags/daily_chek.py took 0.082 seconds
[2026-04-20T22:53:59.551+0000] {processor.py:186} INFO - Started process (PID=189) to work on /opt/airflow/dags/daily_chek.py
[2026-04-20T22:53:59.552+0000] {processor.py:914} INFO - Processing file /opt/airflow/dags/daily_chek.py for tasks to queue
[2026-04-20T22:53:59.553+0000] {logging_mixin.py:190} INFO - [2026-04-20T22:53:59.553+0000] {dagbag.py:588} INFO - Filling up the DagBag from /opt/airflow/dags/daily_chek.py
[2026-04-20T22:53:59.592+0000] {processor.py:925} INFO - DAG(s) 'daily_chek' retrieved from /opt/airflow/dags/daily_chek.py
[2026-04-20T22:53:59.636+0000] {logging_mixin.py:190} INFO - [2026-04-20T22:53:59.636+0000] {dag.py:3239} INFO - Sync 1 DAGs
[2026-04-20T22:53:59.661+0000] {logging_mixin.py:190} INFO - [2026-04-20T22:53:59.661+0000] {dag.py:4180} INFO - Setting next_dagrun for daily_chek to 2026-04-20 00:00:00+00:00, run_after=2026-04-21 00:00:00+00:00
[2026-04-20T22:53:59.678+0000] {processor.py:208} INFO - Processing /opt/airflow/dags/daily_chek.py took 0.134 seconds
[2026-04-20T22:54:29.881+0000] {processor.py:186} INFO - Started process (PID=205) to work on /opt/airflow/dags/daily_chek.py
[2026-04-20T22:54:29.882+0000] {processor.py:914} INFO - Processing file /opt/airflow/dags/daily_chek.py for tasks to queue
[2026-04-20T22:54:29.885+0000] {logging_mixin.py:190} INFO - [2026-04-20T22:54:29.884+0000] {dagbag.py:588} INFO - Filling up the DagBag from /opt/airflow/dags/daily_chek.py
[2026-04-20T22:54:29.900+0000] {processor.py:925} INFO - DAG(s) 'daily_chek' retrieved from /opt/airflow/dags/daily_chek.py
[2026-04-20T22:54:29.932+0000] {logging_mixin.py:190} INFO - [2026-04-20T22:54:29.931+0000] {dag.py:3239} INFO - Sync 1 DAGs
[2026-04-20T22:54:29.976+0000] {logging_mixin.py:190} INFO - [2026-04-20T22:54:29.976+0000] {dag.py:4180} INFO - Setting next_dagrun for daily_chek to 2026-04-20 00:00:00+00:00, run_after=2026-04-21 00:00:00+00:00
[2026-04-20T22:54:29.997+0000] {processor.py:208} INFO - Processing /opt/airflow/dags/daily_chek.py took 0.124 seconds
[2026-04-20T22:55:00.265+0000] {processor.py:186} INFO - Started process (PID=296) to work on /opt/airflow/dags/daily_chek.py
[2026-04-20T22:55:00.266+0000] {processor.py:914} INFO - Processing file /opt/airflow/dags/daily_chek.py for tasks to queue
[2026-04-20T22:55:00.268+0000] {logging_mixin.py:190} INFO - [2026-04-20T22:55:00.268+0000] {dagbag.py:588} INFO - Filling up the DagBag from /opt/airflow/dags/daily_chek.py
[2026-04-20T22:55:00.279+0000] {processor.py:925} INFO - DAG(s) 'daily_chek' retrieved from /opt/airflow/dags/daily_chek.py
[2026-04-20T22:55:00.301+0000] {logging_mixin.py:190} INFO - [2026-04-20T22:55:00.301+0000] {dag.py:3239} INFO - Sync 1 DAGs
[2026-04-20T22:55:00.325+0000] {logging_mixin.py:190} INFO - [2026-04-20T22:55:00.325+0000] {dag.py:4180} INFO - Setting next_dagrun for daily_chek to 2026-04-20 00:00:00+00:00, run_after=2026-04-21 00:00:00+00:00
[2026-04-20T22:55:00.342+0000] {processor.py:208} INFO - Processing /opt/airflow/dags/daily_chek.py took 0.083 seconds
[2026-04-20T22:55:30.567+0000] {processor.py:186} INFO - Started process (PID=312) to work on /opt/airflow/dags/daily_chek.py
[2026-04-20T22:55:30.571+0000] {processor.py:914} INFO - Processing file /opt/airflow/dags/daily_chek.py for tasks to queue
[2026-04-20T22:55:30.573+0000] {logging_mixin.py:190} INFO - [2026-04-20T22:55:30.572+0000] {dagbag.py:588} INFO - Filling up the DagBag from /opt/airflow/dags/daily_chek.py
[2026-04-20T22:55:30.583+0000] {processor.py:925} INFO - DAG(s) 'daily_chek' retrieved from /opt/airflow/dags/daily_chek.py
[2026-04-20T22:55:30.604+0000] {logging_mixin.py:190} INFO - [2026-04-20T22:55:30.604+0000] {dag.py:3239} INFO - Sync 1 DAGs
[2026-04-20T22:55:30.628+0000] {logging_mixin.py:190} INFO - [2026-04-20T22:55:30.628+0000] {dag.py:4180} INFO - Setting next_dagrun for daily_chek to 2026-04-20 00:00:00+00:00, run_after=2026-04-21 00:00:00+00:00
[2026-04-20T22:55:30.645+0000] {processor.py:208} INFO - Processing /opt/airflow/dags/daily_chek.py took 0.083 seconds
[2026-04-20T22:56:00.926+0000] {processor.py:186} INFO - Started process (PID=328) to work on /opt/airflow/dags/daily_chek.py
[2026-04-20T22:56:00.926+0000] {processor.py:914} INFO - Processing file /opt/airflow/dags/daily_chek.py for tasks to queue
[2026-04-20T22:56:00.929+0000] {logging_mixin.py:190} INFO - [2026-04-20T22:56:00.928+0000] {dagbag.py:588} INFO - Filling up the DagBag from /opt/airflow/dags/daily_chek.py
[2026-04-20T22:56:00.941+0000] {processor.py:925} INFO - DAG(s) 'daily_chek' retrieved from /opt/airflow/dags/daily_chek.py
[2026-04-20T22:56:00.963+0000] {logging_mixin.py:190} INFO - [2026-04-20T22:56:00.963+0000] {dag.py:3239} INFO - Sync 1 DAGs
[2026-04-20T22:56:00.992+0000] {logging_mixin.py:190} INFO - [2026-04-20T22:56:00.992+0000] {dag.py:4180} INFO - Setting next_dagrun for daily_chek to 2026-04-20 00:00:00+00:00, run_after=2026-04-21 00:00:00+00:00
[2026-04-20T22:56:01.010+0000] {processor.py:208} INFO - Processing /opt/airflow/dags/daily_chek.py took 0.093 seconds
[2026-04-20T22:56:31.310+0000] {processor.py:186} INFO - Started process (PID=344) to work on /opt/airflow/dags/daily_chek.py
[2026-04-20T22:56:31.310+0000] {processor.py:914} INFO - Processing file /opt/airflow/dags/daily_chek.py for tasks to queue
[2026-04-20T22:56:31.312+0000] {logging_mixin.py:190} INFO - [2026-04-20T22:56:31.312+0000] {dagbag.py:588} INFO - Filling up the DagBag from /opt/airflow/dags/daily_chek.py
[2026-04-20T22:56:31.322+0000] {processor.py:925} INFO - DAG(s) 'daily_chek' retrieved from /opt/airflow/dags/daily_chek.py
[2026-04-20T22:56:31.343+0000] {logging_mixin.py:190} INFO - [2026-04-20T22:56:31.343+0000] {dag.py:3239} INFO - Sync 1 DAGs
[2026-04-20T22:56:31.366+0000] {logging_mixin.py:190} INFO - [2026-04-20T22:56:31.366+0000] {dag.py:4180} INFO - Setting next_dagrun for daily_chek to 2026-04-20 00:00:00+00:00, run_after=2026-04-21 00:00:00+00:00
[2026-04-20T22:56:31.383+0000] {processor.py:208} INFO - Processing /opt/airflow/dags/daily_chek.py took 0.080 seconds
[2026-04-20T22:57:01.681+0000] {processor.py:186} INFO - Started process (PID=360) to work on /opt/airflow/dags/daily_chek.py
[2026-04-20T22:57:01.682+0000] {processor.py:914} INFO - Processing file /opt/airflow/dags/daily_chek.py for tasks to queue
[2026-04-20T22:57:01.684+0000] {logging_mixin.py:190} INFO - [2026-04-20T22:57:01.683+0000] {dagbag.py:588} INFO - Filling up the DagBag from /opt/airflow/dags/daily_chek.py
[2026-04-20T22:57:01.694+0000] {processor.py:925} INFO - DAG(s) 'daily_chek' retrieved from /opt/airflow/dags/daily_chek.py
[2026-04-20T22:57:01.716+0000] {logging_mixin.py:190} INFO - [2026-04-20T22:57:01.715+0000] {dag.py:3239} INFO - Sync 1 DAGs
[2026-04-20T22:57:01.744+0000] {logging_mixin.py:190} INFO - [2026-04-20T22:57:01.744+0000] {dag.py:4180} INFO - Setting next_dagrun for daily_chek to 2026-04-20 00:00:00+00:00, run_after=2026-04-21 00:00:00+00:00
[2026-04-20T22:57:01.763+0000] {processor.py:208} INFO - Processing /opt/airflow/dags/daily_chek.py took 0.087 seconds
[2026-04-20T22:57:32.082+0000] {processor.py:186} INFO - Started process (PID=376) to work on /opt/airflow/dags/daily_chek.py
[2026-04-20T22:57:32.083+0000] {processor.py:914} INFO - Processing file /opt/airflow/dags/daily_chek.py for tasks to queue
[2026-04-20T22:57:32.085+0000] {logging_mixin.py:190} INFO - [2026-04-20T22:57:32.084+0000] {dagbag.py:588} INFO - Filling up the DagBag from /opt/airflow/dags/daily_chek.py
[2026-04-20T22:57:32.095+0000] {processor.py:925} INFO - DAG(s) 'daily_chek' retrieved from /opt/airflow/dags/daily_chek.py
[2026-04-20T22:57:32.117+0000] {logging_mixin.py:190} INFO - [2026-04-20T22:57:32.117+0000] {dag.py:3239} INFO - Sync 1 DAGs
[2026-04-20T22:57:32.141+0000] {logging_mixin.py:190} INFO - [2026-04-20T22:57:32.141+0000] {dag.py:4180} INFO - Setting next_dagrun for daily_chek to 2026-04-20 00:00:00+00:00, run_after=2026-04-21 00:00:00+00:00
[2026-04-20T22:57:32.159+0000] {processor.py:208} INFO - Processing /opt/airflow/dags/daily_chek.py took 0.083 seconds
[2026-04-20T22:57:51.294+0000] {processor.py:186} INFO - Started process (PID=389) to work on /opt/airflow/dags/daily_chek.py
[2026-04-20T22:57:51.302+0000] {processor.py:914} INFO - Processing file /opt/airflow/dags/daily_chek.py for tasks to queue
[2026-04-20T22:57:51.307+0000] {logging_mixin.py:190} INFO - [2026-04-20T22:57:51.306+0000] {dagbag.py:588} INFO - Filling up the DagBag from /opt/airflow/dags/daily_chek.py
[2026-04-20T22:57:51.316+0000] {logging_mixin.py:190} INFO - [2026-04-20T22:57:51.311+0000] {dagbag.py:387} ERROR - Failed to import: /opt/airflow/dags/daily_chek.py
Traceback (most recent call last):
  File "/home/airflow/.local/lib/python3.12/site-packages/airflow/models/dagbag.py", line 383, in parse
    loader.exec_module(new_module)
  File "<frozen importlib._bootstrap_external>", line 999, in exec_module
  File "<frozen importlib._bootstrap>", line 488, in _call_with_frames_removed
  File "/opt/airflow/dags/daily_chek.py", line 3, in <module>
    from datetime import datetime, timeddelta
ImportError: cannot import name 'timeddelta' from 'datetime' (/usr/local/lib/python3.12/datetime.py). Did you mean: 'timedelta'?
[2026-04-20T22:57:51.318+0000] {processor.py:927} WARNING - No viable dags retrieved from /opt/airflow/dags/daily_chek.py
[2026-04-20T22:57:51.337+0000] {processor.py:208} INFO - Processing /opt/airflow/dags/daily_chek.py took 0.060 seconds
[2026-04-20T22:57:53.374+0000] {processor.py:186} INFO - Started process (PID=394) to work on /opt/airflow/dags/daily_chek.py
[2026-04-20T22:57:53.375+0000] {processor.py:914} INFO - Processing file /opt/airflow/dags/daily_chek.py for tasks to queue
[2026-04-20T22:57:53.377+0000] {logging_mixin.py:190} INFO - [2026-04-20T22:57:53.377+0000] {dagbag.py:588} INFO - Filling up the DagBag from /opt/airflow/dags/daily_chek.py
[2026-04-20T22:57:53.385+0000] {logging_mixin.py:190} INFO - [2026-04-20T22:57:53.381+0000] {dagbag.py:387} ERROR - Failed to import: /opt/airflow/dags/daily_chek.py
Traceback (most recent call last):
  File "/home/airflow/.local/lib/python3.12/site-packages/airflow/models/dagbag.py", line 383, in parse
    loader.exec_module(new_module)
  File "<frozen importlib._bootstrap_external>", line 999, in exec_module
  File "<frozen importlib._bootstrap>", line 488, in _call_with_frames_removed
  File "/opt/airflow/dags/daily_chek.py", line 3, in <module>
    from datetime import datetime, timeddelta
ImportError: cannot import name 'timeddelta' from 'datetime' (/usr/local/lib/python3.12/datetime.py). Did you mean: 'timedelta'?
[2026-04-20T22:57:53.386+0000] {processor.py:927} WARNING - No viable dags retrieved from /opt/airflow/dags/daily_chek.py
[2026-04-20T22:57:53.402+0000] {processor.py:208} INFO - Processing /opt/airflow/dags/daily_chek.py took 0.038 seconds
[2026-04-20T22:57:54.421+0000] {processor.py:186} INFO - Started process (PID=399) to work on /opt/airflow/dags/daily_chek.py
[2026-04-20T22:57:54.422+0000] {processor.py:914} INFO - Processing file /opt/airflow/dags/daily_chek.py for tasks to queue
[2026-04-20T22:57:54.424+0000] {logging_mixin.py:190} INFO - [2026-04-20T22:57:54.424+0000] {dagbag.py:588} INFO - Filling up the DagBag from /opt/airflow/dags/daily_chek.py
[2026-04-20T22:57:54.429+0000] {logging_mixin.py:190} INFO - [2026-04-20T22:57:54.427+0000] {dagbag.py:387} ERROR - Failed to import: /opt/airflow/dags/daily_chek.py
Traceback (most recent call last):
  File "/home/airflow/.local/lib/python3.12/site-packages/airflow/models/dagbag.py", line 383, in parse
    loader.exec_module(new_module)
  File "<frozen importlib._bootstrap_external>", line 999, in exec_module
  File "<frozen importlib._bootstrap>", line 488, in _call_with_frames_removed
  File "/opt/airflow/dags/daily_chek.py", line 3, in <module>
    from datetime import datetime, timeddelta
ImportError: cannot import name 'timeddelta' from 'datetime' (/usr/local/lib/python3.12/datetime.py). Did you mean: 'timedelta'?
[2026-04-20T22:57:54.431+0000] {processor.py:927} WARNING - No viable dags retrieved from /opt/airflow/dags/daily_chek.py
[2026-04-20T22:57:54.450+0000] {processor.py:208} INFO - Processing /opt/airflow/dags/daily_chek.py took 0.043 seconds
[2026-04-20T22:58:06.607+0000] {processor.py:186} INFO - Started process (PID=415) to work on /opt/airflow/dags/daily_chek.py
[2026-04-20T22:58:06.608+0000] {processor.py:914} INFO - Processing file /opt/airflow/dags/daily_chek.py for tasks to queue
[2026-04-20T22:58:06.611+0000] {logging_mixin.py:190} INFO - [2026-04-20T22:58:06.611+0000] {dagbag.py:588} INFO - Filling up the DagBag from /opt/airflow/dags/daily_chek.py
[2026-04-20T22:58:06.617+0000] {logging_mixin.py:190} INFO - [2026-04-20T22:58:06.615+0000] {dagbag.py:387} ERROR - Failed to import: /opt/airflow/dags/daily_chek.py
Traceback (most recent call last):
  File "/home/airflow/.local/lib/python3.12/site-packages/airflow/models/dagbag.py", line 383, in parse
    loader.exec_module(new_module)
  File "<frozen importlib._bootstrap_external>", line 999, in exec_module
  File "<frozen importlib._bootstrap>", line 488, in _call_with_frames_removed
  File "/opt/airflow/dags/daily_chek.py", line 3, in <module>
    from datetime import datetime, timeddelta
ImportError: cannot import name 'timeddelta' from 'datetime' (/usr/local/lib/python3.12/datetime.py). Did you mean: 'timedelta'?
[2026-04-20T22:58:06.618+0000] {processor.py:927} WARNING - No viable dags retrieved from /opt/airflow/dags/daily_chek.py
[2026-04-20T22:58:06.638+0000] {processor.py:208} INFO - Processing /opt/airflow/dags/daily_chek.py took 0.044 seconds
[2026-04-20T22:58:07.644+0000] {processor.py:186} INFO - Started process (PID=420) to work on /opt/airflow/dags/daily_chek.py
[2026-04-20T22:58:07.646+0000] {processor.py:914} INFO - Processing file /opt/airflow/dags/daily_chek.py for tasks to queue
[2026-04-20T22:58:07.650+0000] {logging_mixin.py:190} INFO - [2026-04-20T22:58:07.649+0000] {dagbag.py:588} INFO - Filling up the DagBag from /opt/airflow/dags/daily_chek.py
[2026-04-20T22:58:07.657+0000] {logging_mixin.py:190} INFO - [2026-04-20T22:58:07.654+0000] {dagbag.py:387} ERROR - Failed to import: /opt/airflow/dags/daily_chek.py
Traceback (most recent call last):
  File "/home/airflow/.local/lib/python3.12/site-packages/airflow/models/dagbag.py", line 383, in parse
    loader.exec_module(new_module)
  File "<frozen importlib._bootstrap_external>", line 999, in exec_module
  File "<frozen importlib._bootstrap>", line 488, in _call_with_frames_removed
  File "/opt/airflow/dags/daily_chek.py", line 3, in <module>
    from datetime import datetime, timeddelta
ImportError: cannot import name 'timeddelta' from 'datetime' (/usr/local/lib/python3.12/datetime.py). Did you mean: 'timedelta'?
[2026-04-20T22:58:07.659+0000] {processor.py:927} WARNING - No viable dags retrieved from /opt/airflow/dags/daily_chek.py
[2026-04-20T22:58:07.681+0000] {processor.py:208} INFO - Processing /opt/airflow/dags/daily_chek.py took 0.059 seconds
[2026-04-20T22:58:37.942+0000] {processor.py:186} INFO - Started process (PID=436) to work on /opt/airflow/dags/daily_chek.py
[2026-04-20T22:58:37.949+0000] {processor.py:914} INFO - Processing file /opt/airflow/dags/daily_chek.py for tasks to queue
[2026-04-20T22:58:37.952+0000] {logging_mixin.py:190} INFO - [2026-04-20T22:58:37.951+0000] {dagbag.py:588} INFO - Filling up the DagBag from /opt/airflow/dags/daily_chek.py
[2026-04-20T22:58:37.957+0000] {logging_mixin.py:190} INFO - [2026-04-20T22:58:37.954+0000] {dagbag.py:387} ERROR - Failed to import: /opt/airflow/dags/daily_chek.py
Traceback (most recent call last):
  File "/home/airflow/.local/lib/python3.12/site-packages/airflow/models/dagbag.py", line 383, in parse
    loader.exec_module(new_module)
  File "<frozen importlib._bootstrap_external>", line 999, in exec_module
  File "<frozen importlib._bootstrap>", line 488, in _call_with_frames_removed
  File "/opt/airflow/dags/daily_chek.py", line 3, in <module>
    from datetime import datetime, timeddelta
ImportError: cannot import name 'timeddelta' from 'datetime' (/usr/local/lib/python3.12/datetime.py). Did you mean: 'timedelta'?
[2026-04-20T22:58:37.958+0000] {processor.py:927} WARNING - No viable dags retrieved from /opt/airflow/dags/daily_chek.py
[2026-04-20T22:58:37.977+0000] {processor.py:208} INFO - Processing /opt/airflow/dags/daily_chek.py took 0.050 seconds
[2026-04-20T22:59:02.209+0000] {processor.py:186} INFO - Started process (PID=441) to work on /opt/airflow/dags/daily_chek.py
[2026-04-20T22:59:02.212+0000] {processor.py:914} INFO - Processing file /opt/airflow/dags/daily_chek.py for tasks to queue
[2026-04-20T22:59:02.219+0000] {logging_mixin.py:190} INFO - [2026-04-20T22:59:02.218+0000] {dagbag.py:588} INFO - Filling up the DagBag from /opt/airflow/dags/daily_chek.py
[2026-04-20T22:59:02.231+0000] {logging_mixin.py:190} INFO - [2026-04-20T22:59:02.226+0000] {dagbag.py:387} ERROR - Failed to import: /opt/airflow/dags/daily_chek.py
Traceback (most recent call last):
  File "/home/airflow/.local/lib/python3.12/site-packages/airflow/models/dagbag.py", line 383, in parse
    loader.exec_module(new_module)
  File "<frozen importlib._bootstrap_external>", line 999, in exec_module
  File "<frozen importlib._bootstrap>", line 488, in _call_with_frames_removed
  File "/opt/airflow/dags/daily_chek.py", line 3, in <module>
    from datetime import datetime, timeddelta
ImportError: cannot import name 'timeddelta' from 'datetime' (/usr/local/lib/python3.12/datetime.py). Did you mean: 'timedelta'?
[2026-04-20T22:59:02.233+0000] {processor.py:927} WARNING - No viable dags retrieved from /opt/airflow/dags/daily_chek.py
[2026-04-20T22:59:02.260+0000] {processor.py:208} INFO - Processing /opt/airflow/dags/daily_chek.py took 0.075 seconds
[2026-04-20T22:59:17.406+0000] {processor.py:186} INFO - Started process (PID=457) to work on /opt/airflow/dags/daily_chek.py
[2026-04-20T22:59:17.407+0000] {processor.py:914} INFO - Processing file /opt/airflow/dags/daily_chek.py for tasks to queue
[2026-04-20T22:59:17.408+0000] {logging_mixin.py:190} INFO - [2026-04-20T22:59:17.407+0000] {dagbag.py:588} INFO - Filling up the DagBag from /opt/airflow/dags/daily_chek.py
[2026-04-20T22:59:17.413+0000] {logging_mixin.py:190} INFO - [2026-04-20T22:59:17.411+0000] {dagbag.py:387} ERROR - Failed to import: /opt/airflow/dags/daily_chek.py
Traceback (most recent call last):
  File "/home/airflow/.local/lib/python3.12/site-packages/airflow/models/dagbag.py", line 383, in parse
    loader.exec_module(new_module)
  File "<frozen importlib._bootstrap_external>", line 999, in exec_module
  File "<frozen importlib._bootstrap>", line 488, in _call_with_frames_removed
  File "/opt/airflow/dags/daily_chek.py", line 3, in <module>
    from datetime import datetime, timeddelta
ImportError: cannot import name 'timeddelta' from 'datetime' (/usr/local/lib/python3.12/datetime.py). Did you mean: 'timedelta'?
[2026-04-20T22:59:17.413+0000] {processor.py:927} WARNING - No viable dags retrieved from /opt/airflow/dags/daily_chek.py
[2026-04-20T22:59:17.430+0000] {processor.py:208} INFO - Processing /opt/airflow/dags/daily_chek.py took 0.031 seconds
[2026-04-20T22:59:18.426+0000] {processor.py:186} INFO - Started process (PID=462) to work on /opt/airflow/dags/daily_chek.py
[2026-04-20T22:59:18.427+0000] {processor.py:914} INFO - Processing file /opt/airflow/dags/daily_chek.py for tasks to queue
[2026-04-20T22:59:18.429+0000] {logging_mixin.py:190} INFO - [2026-04-20T22:59:18.428+0000] {dagbag.py:588} INFO - Filling up the DagBag from /opt/airflow/dags/daily_chek.py
[2026-04-20T22:59:18.433+0000] {logging_mixin.py:190} INFO - [2026-04-20T22:59:18.431+0000] {dagbag.py:387} ERROR - Failed to import: /opt/airflow/dags/daily_chek.py
Traceback (most recent call last):
  File "/home/airflow/.local/lib/python3.12/site-packages/airflow/models/dagbag.py", line 383, in parse
    loader.exec_module(new_module)
  File "<frozen importlib._bootstrap_external>", line 999, in exec_module
  File "<frozen importlib._bootstrap>", line 488, in _call_with_frames_removed
  File "/opt/airflow/dags/daily_chek.py", line 3, in <module>
    from datetime import datetime, timeddelta
ImportError: cannot import name 'timeddelta' from 'datetime' (/usr/local/lib/python3.12/datetime.py). Did you mean: 'timedelta'?
[2026-04-20T22:59:18.434+0000] {processor.py:927} WARNING - No viable dags retrieved from /opt/airflow/dags/daily_chek.py
[2026-04-20T22:59:18.457+0000] {processor.py:208} INFO - Processing /opt/airflow/dags/daily_chek.py took 0.038 seconds
[2026-04-20T22:59:29.567+0000] {processor.py:186} INFO - Started process (PID=467) to work on /opt/airflow/dags/daily_chek.py
[2026-04-20T22:59:29.568+0000] {processor.py:914} INFO - Processing file /opt/airflow/dags/daily_chek.py for tasks to queue
[2026-04-20T22:59:29.569+0000] {logging_mixin.py:190} INFO - [2026-04-20T22:59:29.569+0000] {dagbag.py:588} INFO - Filling up the DagBag from /opt/airflow/dags/daily_chek.py
[2026-04-20T22:59:29.583+0000] {processor.py:925} INFO - DAG(s) 'daily_check' retrieved from /opt/airflow/dags/daily_chek.py
[2026-04-20T22:59:29.729+0000] {logging_mixin.py:190} INFO - [2026-04-20T22:59:29.728+0000] {override.py:1911} INFO - Created Permission View: can delete on DAG:daily_check
[2026-04-20T22:59:29.741+0000] {logging_mixin.py:190} INFO - [2026-04-20T22:59:29.741+0000] {override.py:1911} INFO - Created Permission View: can edit on DAG:daily_check
[2026-04-20T22:59:29.747+0000] {logging_mixin.py:190} INFO - [2026-04-20T22:59:29.747+0000] {override.py:1911} INFO - Created Permission View: can read on DAG:daily_check
[2026-04-20T22:59:29.755+0000] {logging_mixin.py:190} INFO - [2026-04-20T22:59:29.754+0000] {override.py:1911} INFO - Created Permission View: can create on DAG Run:daily_check
[2026-04-20T22:59:29.761+0000] {logging_mixin.py:190} INFO - [2026-04-20T22:59:29.761+0000] {override.py:1911} INFO - Created Permission View: can delete on DAG Run:daily_check
[2026-04-20T22:59:29.770+0000] {logging_mixin.py:190} INFO - [2026-04-20T22:59:29.770+0000] {override.py:1911} INFO - Created Permission View: menu access on DAG Run:daily_check
[2026-04-20T22:59:29.779+0000] {logging_mixin.py:190} INFO - [2026-04-20T22:59:29.779+0000] {override.py:1911} INFO - Created Permission View: can read on DAG Run:daily_check
[2026-04-20T22:59:29.780+0000] {logging_mixin.py:190} INFO - [2026-04-20T22:59:29.780+0000] {dag.py:3239} INFO - Sync 1 DAGs
[2026-04-20T22:59:29.795+0000] {logging_mixin.py:190} INFO - [2026-04-20T22:59:29.794+0000] {dag.py:3262} INFO - Creating ORM DAG for daily_check
[2026-04-20T22:59:29.930+0000] {logging_mixin.py:190} INFO - [2026-04-20T22:59:29.930+0000] {dag.py:4180} INFO - Setting next_dagrun for daily_check to 2026-04-17 00:00:00+00:00, run_after=2026-04-18 00:00:00+00:00
[2026-04-20T22:59:29.956+0000] {processor.py:208} INFO - Processing /opt/airflow/dags/daily_chek.py took 0.400 seconds
[2026-04-20T23:00:00.836+0000] {processor.py:186} INFO - Started process (PID=510) to work on /opt/airflow/dags/daily_chek.py
[2026-04-20T23:00:00.838+0000] {processor.py:914} INFO - Processing file /opt/airflow/dags/daily_chek.py for tasks to queue
[2026-04-20T23:00:00.840+0000] {logging_mixin.py:190} INFO - [2026-04-20T23:00:00.839+0000] {dagbag.py:588} INFO - Filling up the DagBag from /opt/airflow/dags/daily_chek.py
[2026-04-20T23:00:00.846+0000] {logging_mixin.py:190} INFO - [2026-04-20T23:00:00.842+0000] {dagbag.py:387} ERROR - Failed to import: /opt/airflow/dags/daily_chek.py
Traceback (most recent call last):
  File "/home/airflow/.local/lib/python3.12/site-packages/airflow/models/dagbag.py", line 383, in parse
    loader.exec_module(new_module)
  File "<frozen importlib._bootstrap_external>", line 999, in exec_module
  File "<frozen importlib._bootstrap>", line 488, in _call_with_frames_removed
  File "/opt/airflow/dags/daily_chek.py", line 11, in <module>
    'retry_delay': timedeltas(minutes=5),
                   ^^^^^^^^^^
NameError: name 'timedeltas' is not defined. Did you mean: 'timedelta'?
[2026-04-20T23:00:00.848+0000] {processor.py:927} WARNING - No viable dags retrieved from /opt/airflow/dags/daily_chek.py
[2026-04-20T23:00:00.866+0000] {processor.py:208} INFO - Processing /opt/airflow/dags/daily_chek.py took 0.043 seconds
[2026-04-20T23:00:31.168+0000] {processor.py:186} INFO - Started process (PID=526) to work on /opt/airflow/dags/daily_chek.py
[2026-04-20T23:00:31.170+0000] {processor.py:914} INFO - Processing file /opt/airflow/dags/daily_chek.py for tasks to queue
[2026-04-20T23:00:31.174+0000] {logging_mixin.py:190} INFO - [2026-04-20T23:00:31.173+0000] {dagbag.py:588} INFO - Filling up the DagBag from /opt/airflow/dags/daily_chek.py
[2026-04-20T23:00:31.180+0000] {logging_mixin.py:190} INFO - [2026-04-20T23:00:31.177+0000] {dagbag.py:387} ERROR - Failed to import: /opt/airflow/dags/daily_chek.py
Traceback (most recent call last):
  File "/home/airflow/.local/lib/python3.12/site-packages/airflow/models/dagbag.py", line 383, in parse
    loader.exec_module(new_module)
  File "<frozen importlib._bootstrap_external>", line 999, in exec_module
  File "<frozen importlib._bootstrap>", line 488, in _call_with_frames_removed
  File "/opt/airflow/dags/daily_chek.py", line 11, in <module>
    'retry_delay': timedeltas(minutes=5),
                   ^^^^^^^^^^
NameError: name 'timedeltas' is not defined. Did you mean: 'timedelta'?
[2026-04-20T23:00:31.182+0000] {processor.py:927} WARNING - No viable dags retrieved from /opt/airflow/dags/daily_chek.py
[2026-04-20T23:00:31.207+0000] {processor.py:208} INFO - Processing /opt/airflow/dags/daily_chek.py took 0.059 seconds
[2026-04-20T23:01:01.564+0000] {processor.py:186} INFO - Started process (PID=542) to work on /opt/airflow/dags/daily_chek.py
[2026-04-20T23:01:01.571+0000] {processor.py:914} INFO - Processing file /opt/airflow/dags/daily_chek.py for tasks to queue
[2026-04-20T23:01:01.573+0000] {logging_mixin.py:190} INFO - [2026-04-20T23:01:01.573+0000] {dagbag.py:588} INFO - Filling up the DagBag from /opt/airflow/dags/daily_chek.py
[2026-04-20T23:01:01.580+0000] {logging_mixin.py:190} INFO - [2026-04-20T23:01:01.577+0000] {dagbag.py:387} ERROR - Failed to import: /opt/airflow/dags/daily_chek.py
Traceback (most recent call last):
  File "/home/airflow/.local/lib/python3.12/site-packages/airflow/models/dagbag.py", line 383, in parse
    loader.exec_module(new_module)
  File "<frozen importlib._bootstrap_external>", line 999, in exec_module
  File "<frozen importlib._bootstrap>", line 488, in _call_with_frames_removed
  File "/opt/airflow/dags/daily_chek.py", line 11, in <module>
    'retry_delay': timedeltas(minutes=5),
                   ^^^^^^^^^^
NameError: name 'timedeltas' is not defined. Did you mean: 'timedelta'?
[2026-04-20T23:01:01.582+0000] {processor.py:927} WARNING - No viable dags retrieved from /opt/airflow/dags/daily_chek.py
[2026-04-20T23:01:01.601+0000] {processor.py:208} INFO - Processing /opt/airflow/dags/daily_chek.py took 0.049 seconds
[2026-04-20T23:01:31.886+0000] {processor.py:186} INFO - Started process (PID=558) to work on /opt/airflow/dags/daily_chek.py
[2026-04-20T23:01:31.887+0000] {processor.py:914} INFO - Processing file /opt/airflow/dags/daily_chek.py for tasks to queue
[2026-04-20T23:01:31.888+0000] {logging_mixin.py:190} INFO - [2026-04-20T23:01:31.888+0000] {dagbag.py:588} INFO - Filling up the DagBag from /opt/airflow/dags/daily_chek.py
[2026-04-20T23:01:31.892+0000] {logging_mixin.py:190} INFO - [2026-04-20T23:01:31.890+0000] {dagbag.py:387} ERROR - Failed to import: /opt/airflow/dags/daily_chek.py
Traceback (most recent call last):
  File "/home/airflow/.local/lib/python3.12/site-packages/airflow/models/dagbag.py", line 383, in parse
    loader.exec_module(new_module)
  File "<frozen importlib._bootstrap_external>", line 999, in exec_module
  File "<frozen importlib._bootstrap>", line 488, in _call_with_frames_removed
  File "/opt/airflow/dags/daily_chek.py", line 11, in <module>
    'retry_delay': timedeltas(minutes=5),
                   ^^^^^^^^^^
NameError: name 'timedeltas' is not defined. Did you mean: 'timedelta'?
[2026-04-20T23:01:31.894+0000] {processor.py:927} WARNING - No viable dags retrieved from /opt/airflow/dags/daily_chek.py
[2026-04-20T23:01:31.912+0000] {processor.py:208} INFO - Processing /opt/airflow/dags/daily_chek.py took 0.033 seconds
[2026-04-20T23:02:02.183+0000] {processor.py:186} INFO - Started process (PID=574) to work on /opt/airflow/dags/daily_chek.py
[2026-04-20T23:02:02.190+0000] {processor.py:914} INFO - Processing file /opt/airflow/dags/daily_chek.py for tasks to queue
[2026-04-20T23:02:02.191+0000] {logging_mixin.py:190} INFO - [2026-04-20T23:02:02.191+0000] {dagbag.py:588} INFO - Filling up the DagBag from /opt/airflow/dags/daily_chek.py
[2026-04-20T23:02:02.195+0000] {logging_mixin.py:190} INFO - [2026-04-20T23:02:02.193+0000] {dagbag.py:387} ERROR - Failed to import: /opt/airflow/dags/daily_chek.py
Traceback (most recent call last):
  File "/home/airflow/.local/lib/python3.12/site-packages/airflow/models/dagbag.py", line 383, in parse
    loader.exec_module(new_module)
  File "<frozen importlib._bootstrap_external>", line 999, in exec_module
  File "<frozen importlib._bootstrap>", line 488, in _call_with_frames_removed
  File "/opt/airflow/dags/daily_chek.py", line 11, in <module>
    'retry_delay': timedeltas(minutes=5),
                   ^^^^^^^^^^
NameError: name 'timedeltas' is not defined. Did you mean: 'timedelta'?
[2026-04-20T23:02:02.196+0000] {processor.py:927} WARNING - No viable dags retrieved from /opt/airflow/dags/daily_chek.py
[2026-04-20T23:02:02.213+0000] {processor.py:208} INFO - Processing /opt/airflow/dags/daily_chek.py took 0.038 seconds
[2026-04-20T23:02:32.406+0000] {processor.py:186} INFO - Started process (PID=590) to work on /opt/airflow/dags/daily_chek.py
[2026-04-20T23:02:32.407+0000] {processor.py:914} INFO - Processing file /opt/airflow/dags/daily_chek.py for tasks to queue
[2026-04-20T23:02:32.408+0000] {logging_mixin.py:190} INFO - [2026-04-20T23:02:32.408+0000] {dagbag.py:588} INFO - Filling up the DagBag from /opt/airflow/dags/daily_chek.py
[2026-04-20T23:02:32.412+0000] {logging_mixin.py:190} INFO - [2026-04-20T23:02:32.410+0000] {dagbag.py:387} ERROR - Failed to import: /opt/airflow/dags/daily_chek.py
Traceback (most recent call last):
  File "/home/airflow/.local/lib/python3.12/site-packages/airflow/models/dagbag.py", line 383, in parse
    loader.exec_module(new_module)
  File "<frozen importlib._bootstrap_external>", line 999, in exec_module
  File "<frozen importlib._bootstrap>", line 488, in _call_with_frames_removed
  File "/opt/airflow/dags/daily_chek.py", line 11, in <module>
    'retry_delay': timedeltas(minutes=5),
                   ^^^^^^^^^^
NameError: name 'timedeltas' is not defined. Did you mean: 'timedelta'?
[2026-04-20T23:02:32.414+0000] {processor.py:927} WARNING - No viable dags retrieved from /opt/airflow/dags/daily_chek.py
[2026-04-20T23:02:32.433+0000] {processor.py:208} INFO - Processing /opt/airflow/dags/daily_chek.py took 0.035 seconds
[2026-04-20T23:03:02.668+0000] {processor.py:186} INFO - Started process (PID=606) to work on /opt/airflow/dags/daily_chek.py
[2026-04-20T23:03:02.674+0000] {processor.py:914} INFO - Processing file /opt/airflow/dags/daily_chek.py for tasks to queue
[2026-04-20T23:03:02.675+0000] {logging_mixin.py:190} INFO - [2026-04-20T23:03:02.675+0000] {dagbag.py:588} INFO - Filling up the DagBag from /opt/airflow/dags/daily_chek.py
[2026-04-20T23:03:02.678+0000] {logging_mixin.py:190} INFO - [2026-04-20T23:03:02.677+0000] {dagbag.py:387} ERROR - Failed to import: /opt/airflow/dags/daily_chek.py
Traceback (most recent call last):
  File "/home/airflow/.local/lib/python3.12/site-packages/airflow/models/dagbag.py", line 383, in parse
    loader.exec_module(new_module)
  File "<frozen importlib._bootstrap_external>", line 999, in exec_module
  File "<frozen importlib._bootstrap>", line 488, in _call_with_frames_removed
  File "/opt/airflow/dags/daily_chek.py", line 11, in <module>
    'retry_delay': timedeltas(minutes=5),
                   ^^^^^^^^^^
NameError: name 'timedeltas' is not defined. Did you mean: 'timedelta'?
[2026-04-20T23:03:02.680+0000] {processor.py:927} WARNING - No viable dags retrieved from /opt/airflow/dags/daily_chek.py
[2026-04-20T23:03:02.695+0000] {processor.py:208} INFO - Processing /opt/airflow/dags/daily_chek.py took 0.033 seconds
[2026-04-20T23:03:33.041+0000] {processor.py:186} INFO - Started process (PID=622) to work on /opt/airflow/dags/daily_chek.py
[2026-04-20T23:03:33.042+0000] {processor.py:914} INFO - Processing file /opt/airflow/dags/daily_chek.py for tasks to queue
[2026-04-20T23:03:33.046+0000] {logging_mixin.py:190} INFO - [2026-04-20T23:03:33.045+0000] {dagbag.py:588} INFO - Filling up the DagBag from /opt/airflow/dags/daily_chek.py
[2026-04-20T23:03:33.054+0000] {logging_mixin.py:190} INFO - [2026-04-20T23:03:33.050+0000] {dagbag.py:387} ERROR - Failed to import: /opt/airflow/dags/daily_chek.py
Traceback (most recent call last):
  File "/home/airflow/.local/lib/python3.12/site-packages/airflow/models/dagbag.py", line 383, in parse
    loader.exec_module(new_module)
  File "<frozen importlib._bootstrap_external>", line 999, in exec_module
  File "<frozen importlib._bootstrap>", line 488, in _call_with_frames_removed
  File "/opt/airflow/dags/daily_chek.py", line 11, in <module>
    'retry_delay': timedeltas(minutes=5),
                   ^^^^^^^^^^
NameError: name 'timedeltas' is not defined. Did you mean: 'timedelta'?
[2026-04-20T23:03:33.057+0000] {processor.py:927} WARNING - No viable dags retrieved from /opt/airflow/dags/daily_chek.py
[2026-04-20T23:03:33.077+0000] {processor.py:208} INFO - Processing /opt/airflow/dags/daily_chek.py took 0.054 seconds
