[2026-05-01T00:00:00.534+0000] {processor.py:186} INFO - Started process (PID=1163) to work on /opt/airflow/dags/dag2.py
[2026-05-01T00:00:00.535+0000] {processor.py:914} INFO - Processing file /opt/airflow/dags/dag2.py for tasks to queue
[2026-05-01T00:00:00.538+0000] {logging_mixin.py:190} INFO - [2026-05-01T00:00:00.537+0000] {dagbag.py:588} INFO - Filling up the DagBag from /opt/airflow/dags/dag2.py
[2026-05-01T00:00:00.550+0000] {processor.py:925} INFO - DAG(s) 'data_pipeline' retrieved from /opt/airflow/dags/dag2.py
[2026-05-01T00:00:00.575+0000] {logging_mixin.py:190} INFO - [2026-05-01T00:00:00.575+0000] {dag.py:3239} INFO - Sync 1 DAGs
[2026-05-01T00:00:00.599+0000] {logging_mixin.py:190} INFO - [2026-05-01T00:00:00.599+0000] {dag.py:4180} INFO - Setting next_dagrun for data_pipeline to 2026-04-30 15:30:00+00:00, run_after=2026-05-01 15:30:00+00:00
[2026-05-01T00:00:00.616+0000] {processor.py:208} INFO - Processing /opt/airflow/dags/dag2.py took 0.088 seconds
[2026-05-01T00:00:30.833+0000] {processor.py:186} INFO - Started process (PID=1179) to work on /opt/airflow/dags/dag2.py
[2026-05-01T00:00:30.833+0000] {processor.py:914} INFO - Processing file /opt/airflow/dags/dag2.py for tasks to queue
[2026-05-01T00:00:30.835+0000] {logging_mixin.py:190} INFO - [2026-05-01T00:00:30.835+0000] {dagbag.py:588} INFO - Filling up the DagBag from /opt/airflow/dags/dag2.py
[2026-05-01T00:00:30.846+0000] {processor.py:925} INFO - DAG(s) 'data_pipeline' retrieved from /opt/airflow/dags/dag2.py
[2026-05-01T00:00:30.872+0000] {logging_mixin.py:190} INFO - [2026-05-01T00:00:30.872+0000] {dag.py:3239} INFO - Sync 1 DAGs
[2026-05-01T00:00:30.896+0000] {logging_mixin.py:190} INFO - [2026-05-01T00:00:30.895+0000] {dag.py:4180} INFO - Setting next_dagrun for data_pipeline to 2026-04-30 15:30:00+00:00, run_after=2026-05-01 15:30:00+00:00
[2026-05-01T00:00:30.915+0000] {processor.py:208} INFO - Processing /opt/airflow/dags/dag2.py took 0.089 seconds
[2026-05-01T00:01:01.136+0000] {processor.py:186} INFO - Started process (PID=1195) to work on /opt/airflow/dags/dag2.py
[2026-05-01T00:01:01.137+0000] {processor.py:914} INFO - Processing file /opt/airflow/dags/dag2.py for tasks to queue
[2026-05-01T00:01:01.139+0000] {logging_mixin.py:190} INFO - [2026-05-01T00:01:01.139+0000] {dagbag.py:588} INFO - Filling up the DagBag from /opt/airflow/dags/dag2.py
[2026-05-01T00:01:01.149+0000] {processor.py:925} INFO - DAG(s) 'data_pipeline' retrieved from /opt/airflow/dags/dag2.py
[2026-05-01T00:01:01.177+0000] {logging_mixin.py:190} INFO - [2026-05-01T00:01:01.177+0000] {dag.py:3239} INFO - Sync 1 DAGs
[2026-05-01T00:01:01.211+0000] {logging_mixin.py:190} INFO - [2026-05-01T00:01:01.211+0000] {dag.py:4180} INFO - Setting next_dagrun for data_pipeline to 2026-04-30 15:30:00+00:00, run_after=2026-05-01 15:30:00+00:00
[2026-05-01T00:01:01.228+0000] {processor.py:208} INFO - Processing /opt/airflow/dags/dag2.py took 0.098 seconds
[2026-05-01T00:01:31.464+0000] {processor.py:186} INFO - Started process (PID=1211) to work on /opt/airflow/dags/dag2.py
[2026-05-01T00:01:31.464+0000] {processor.py:914} INFO - Processing file /opt/airflow/dags/dag2.py for tasks to queue
[2026-05-01T00:01:31.467+0000] {logging_mixin.py:190} INFO - [2026-05-01T00:01:31.467+0000] {dagbag.py:588} INFO - Filling up the DagBag from /opt/airflow/dags/dag2.py
[2026-05-01T00:01:31.481+0000] {processor.py:925} INFO - DAG(s) 'data_pipeline' retrieved from /opt/airflow/dags/dag2.py
[2026-05-01T00:01:31.505+0000] {logging_mixin.py:190} INFO - [2026-05-01T00:01:31.505+0000] {dag.py:3239} INFO - Sync 1 DAGs
[2026-05-01T00:01:31.529+0000] {logging_mixin.py:190} INFO - [2026-05-01T00:01:31.528+0000] {dag.py:4180} INFO - Setting next_dagrun for data_pipeline to 2026-04-30 15:30:00+00:00, run_after=2026-05-01 15:30:00+00:00
[2026-05-01T00:01:31.544+0000] {processor.py:208} INFO - Processing /opt/airflow/dags/dag2.py took 0.090 seconds
[2026-05-01T00:02:01.824+0000] {processor.py:186} INFO - Started process (PID=1227) to work on /opt/airflow/dags/dag2.py
[2026-05-01T00:02:01.825+0000] {processor.py:914} INFO - Processing file /opt/airflow/dags/dag2.py for tasks to queue
[2026-05-01T00:02:01.826+0000] {logging_mixin.py:190} INFO - [2026-05-01T00:02:01.826+0000] {dagbag.py:588} INFO - Filling up the DagBag from /opt/airflow/dags/dag2.py
[2026-05-01T00:02:01.837+0000] {processor.py:925} INFO - DAG(s) 'data_pipeline' retrieved from /opt/airflow/dags/dag2.py
[2026-05-01T00:02:01.859+0000] {logging_mixin.py:190} INFO - [2026-05-01T00:02:01.859+0000] {dag.py:3239} INFO - Sync 1 DAGs
[2026-05-01T00:02:01.881+0000] {logging_mixin.py:190} INFO - [2026-05-01T00:02:01.881+0000] {dag.py:4180} INFO - Setting next_dagrun for data_pipeline to 2026-04-30 15:30:00+00:00, run_after=2026-05-01 15:30:00+00:00
[2026-05-01T00:02:01.898+0000] {processor.py:208} INFO - Processing /opt/airflow/dags/dag2.py took 0.082 seconds
[2026-05-01T00:02:32.132+0000] {processor.py:186} INFO - Started process (PID=1243) to work on /opt/airflow/dags/dag2.py
[2026-05-01T00:02:32.132+0000] {processor.py:914} INFO - Processing file /opt/airflow/dags/dag2.py for tasks to queue
[2026-05-01T00:02:32.135+0000] {logging_mixin.py:190} INFO - [2026-05-01T00:02:32.135+0000] {dagbag.py:588} INFO - Filling up the DagBag from /opt/airflow/dags/dag2.py
[2026-05-01T00:02:32.151+0000] {processor.py:925} INFO - DAG(s) 'data_pipeline' retrieved from /opt/airflow/dags/dag2.py
[2026-05-01T00:02:32.183+0000] {logging_mixin.py:190} INFO - [2026-05-01T00:02:32.183+0000] {dag.py:3239} INFO - Sync 1 DAGs
[2026-05-01T00:02:32.222+0000] {logging_mixin.py:190} INFO - [2026-05-01T00:02:32.222+0000] {dag.py:4180} INFO - Setting next_dagrun for data_pipeline to 2026-04-30 15:30:00+00:00, run_after=2026-05-01 15:30:00+00:00
[2026-05-01T00:02:32.245+0000] {processor.py:208} INFO - Processing /opt/airflow/dags/dag2.py took 0.122 seconds
[2026-05-01T00:03:02.443+0000] {processor.py:186} INFO - Started process (PID=1259) to work on /opt/airflow/dags/dag2.py
[2026-05-01T00:03:02.445+0000] {processor.py:914} INFO - Processing file /opt/airflow/dags/dag2.py for tasks to queue
[2026-05-01T00:03:02.449+0000] {logging_mixin.py:190} INFO - [2026-05-01T00:03:02.448+0000] {dagbag.py:588} INFO - Filling up the DagBag from /opt/airflow/dags/dag2.py
[2026-05-01T00:03:02.460+0000] {processor.py:925} INFO - DAG(s) 'data_pipeline' retrieved from /opt/airflow/dags/dag2.py
[2026-05-01T00:03:02.483+0000] {logging_mixin.py:190} INFO - [2026-05-01T00:03:02.483+0000] {dag.py:3239} INFO - Sync 1 DAGs
[2026-05-01T00:03:02.512+0000] {logging_mixin.py:190} INFO - [2026-05-01T00:03:02.512+0000] {dag.py:4180} INFO - Setting next_dagrun for data_pipeline to 2026-04-30 15:30:00+00:00, run_after=2026-05-01 15:30:00+00:00
[2026-05-01T00:03:02.529+0000] {processor.py:208} INFO - Processing /opt/airflow/dags/dag2.py took 0.093 seconds
[2026-05-01T00:03:32.747+0000] {processor.py:186} INFO - Started process (PID=1275) to work on /opt/airflow/dags/dag2.py
[2026-05-01T00:03:32.747+0000] {processor.py:914} INFO - Processing file /opt/airflow/dags/dag2.py for tasks to queue
[2026-05-01T00:03:32.749+0000] {logging_mixin.py:190} INFO - [2026-05-01T00:03:32.749+0000] {dagbag.py:588} INFO - Filling up the DagBag from /opt/airflow/dags/dag2.py
[2026-05-01T00:03:32.760+0000] {processor.py:925} INFO - DAG(s) 'data_pipeline' retrieved from /opt/airflow/dags/dag2.py
[2026-05-01T00:03:32.781+0000] {logging_mixin.py:190} INFO - [2026-05-01T00:03:32.781+0000] {dag.py:3239} INFO - Sync 1 DAGs
[2026-05-01T00:03:32.803+0000] {logging_mixin.py:190} INFO - [2026-05-01T00:03:32.802+0000] {dag.py:4180} INFO - Setting next_dagrun for data_pipeline to 2026-04-30 15:30:00+00:00, run_after=2026-05-01 15:30:00+00:00
[2026-05-01T00:03:32.817+0000] {processor.py:208} INFO - Processing /opt/airflow/dags/dag2.py took 0.076 seconds
[2026-05-01T00:04:03.058+0000] {processor.py:186} INFO - Started process (PID=1291) to work on /opt/airflow/dags/dag2.py
[2026-05-01T00:04:03.059+0000] {processor.py:914} INFO - Processing file /opt/airflow/dags/dag2.py for tasks to queue
[2026-05-01T00:04:03.062+0000] {logging_mixin.py:190} INFO - [2026-05-01T00:04:03.061+0000] {dagbag.py:588} INFO - Filling up the DagBag from /opt/airflow/dags/dag2.py
[2026-05-01T00:04:03.075+0000] {processor.py:925} INFO - DAG(s) 'data_pipeline' retrieved from /opt/airflow/dags/dag2.py
[2026-05-01T00:04:03.102+0000] {logging_mixin.py:190} INFO - [2026-05-01T00:04:03.102+0000] {dag.py:3239} INFO - Sync 1 DAGs
[2026-05-01T00:04:03.124+0000] {logging_mixin.py:190} INFO - [2026-05-01T00:04:03.124+0000] {dag.py:4180} INFO - Setting next_dagrun for data_pipeline to 2026-04-30 15:30:00+00:00, run_after=2026-05-01 15:30:00+00:00
[2026-05-01T00:04:03.142+0000] {processor.py:208} INFO - Processing /opt/airflow/dags/dag2.py took 0.091 seconds
[2026-05-01T00:04:33.408+0000] {processor.py:186} INFO - Started process (PID=1307) to work on /opt/airflow/dags/dag2.py
[2026-05-01T00:04:33.410+0000] {processor.py:914} INFO - Processing file /opt/airflow/dags/dag2.py for tasks to queue
[2026-05-01T00:04:33.417+0000] {logging_mixin.py:190} INFO - [2026-05-01T00:04:33.416+0000] {dagbag.py:588} INFO - Filling up the DagBag from /opt/airflow/dags/dag2.py
[2026-05-01T00:04:33.456+0000] {processor.py:925} INFO - DAG(s) 'data_pipeline' retrieved from /opt/airflow/dags/dag2.py
[2026-05-01T00:04:33.518+0000] {logging_mixin.py:190} INFO - [2026-05-01T00:04:33.518+0000] {dag.py:3239} INFO - Sync 1 DAGs
[2026-05-01T00:04:33.591+0000] {logging_mixin.py:190} INFO - [2026-05-01T00:04:33.590+0000] {dag.py:4180} INFO - Setting next_dagrun for data_pipeline to 2026-04-30 15:30:00+00:00, run_after=2026-05-01 15:30:00+00:00
[2026-05-01T00:04:33.642+0000] {processor.py:208} INFO - Processing /opt/airflow/dags/dag2.py took 0.258 seconds
[2026-05-01T00:05:03.842+0000] {processor.py:186} INFO - Started process (PID=1323) to work on /opt/airflow/dags/dag2.py
[2026-05-01T00:05:03.844+0000] {processor.py:914} INFO - Processing file /opt/airflow/dags/dag2.py for tasks to queue
[2026-05-01T00:05:03.850+0000] {logging_mixin.py:190} INFO - [2026-05-01T00:05:03.849+0000] {dagbag.py:588} INFO - Filling up the DagBag from /opt/airflow/dags/dag2.py
[2026-05-01T00:05:03.882+0000] {processor.py:925} INFO - DAG(s) 'data_pipeline' retrieved from /opt/airflow/dags/dag2.py
[2026-05-01T00:05:03.951+0000] {logging_mixin.py:190} INFO - [2026-05-01T00:05:03.950+0000] {dag.py:3239} INFO - Sync 1 DAGs
[2026-05-01T00:05:04.015+0000] {logging_mixin.py:190} INFO - [2026-05-01T00:05:04.014+0000] {dag.py:4180} INFO - Setting next_dagrun for data_pipeline to 2026-04-30 15:30:00+00:00, run_after=2026-05-01 15:30:00+00:00
[2026-05-01T00:05:04.046+0000] {processor.py:208} INFO - Processing /opt/airflow/dags/dag2.py took 0.223 seconds
[2026-05-01T00:05:34.256+0000] {processor.py:186} INFO - Started process (PID=1339) to work on /opt/airflow/dags/dag2.py
[2026-05-01T00:05:34.257+0000] {processor.py:914} INFO - Processing file /opt/airflow/dags/dag2.py for tasks to queue
[2026-05-01T00:05:34.263+0000] {logging_mixin.py:190} INFO - [2026-05-01T00:05:34.262+0000] {dagbag.py:588} INFO - Filling up the DagBag from /opt/airflow/dags/dag2.py
[2026-05-01T00:05:34.296+0000] {processor.py:925} INFO - DAG(s) 'data_pipeline' retrieved from /opt/airflow/dags/dag2.py
[2026-05-01T00:05:34.370+0000] {logging_mixin.py:190} INFO - [2026-05-01T00:05:34.369+0000] {dag.py:3239} INFO - Sync 1 DAGs
[2026-05-01T00:05:34.425+0000] {logging_mixin.py:190} INFO - [2026-05-01T00:05:34.425+0000] {dag.py:4180} INFO - Setting next_dagrun for data_pipeline to 2026-04-30 15:30:00+00:00, run_after=2026-05-01 15:30:00+00:00
[2026-05-01T00:05:34.457+0000] {processor.py:208} INFO - Processing /opt/airflow/dags/dag2.py took 0.219 seconds
[2026-05-01T00:06:04.662+0000] {processor.py:186} INFO - Started process (PID=1355) to work on /opt/airflow/dags/dag2.py
[2026-05-01T00:06:04.664+0000] {processor.py:914} INFO - Processing file /opt/airflow/dags/dag2.py for tasks to queue
[2026-05-01T00:06:04.670+0000] {logging_mixin.py:190} INFO - [2026-05-01T00:06:04.669+0000] {dagbag.py:588} INFO - Filling up the DagBag from /opt/airflow/dags/dag2.py
[2026-05-01T00:06:04.706+0000] {processor.py:925} INFO - DAG(s) 'data_pipeline' retrieved from /opt/airflow/dags/dag2.py
[2026-05-01T00:06:04.750+0000] {logging_mixin.py:190} INFO - [2026-05-01T00:06:04.750+0000] {dag.py:3239} INFO - Sync 1 DAGs
[2026-05-01T00:06:04.790+0000] {logging_mixin.py:190} INFO - [2026-05-01T00:06:04.789+0000] {dag.py:4180} INFO - Setting next_dagrun for data_pipeline to 2026-04-30 15:30:00+00:00, run_after=2026-05-01 15:30:00+00:00
[2026-05-01T00:06:04.816+0000] {processor.py:208} INFO - Processing /opt/airflow/dags/dag2.py took 0.171 seconds
[2026-05-01T00:06:35.048+0000] {processor.py:186} INFO - Started process (PID=1371) to work on /opt/airflow/dags/dag2.py
[2026-05-01T00:06:35.050+0000] {processor.py:914} INFO - Processing file /opt/airflow/dags/dag2.py for tasks to queue
[2026-05-01T00:06:35.056+0000] {logging_mixin.py:190} INFO - [2026-05-01T00:06:35.055+0000] {dagbag.py:588} INFO - Filling up the DagBag from /opt/airflow/dags/dag2.py
[2026-05-01T00:06:35.086+0000] {processor.py:925} INFO - DAG(s) 'data_pipeline' retrieved from /opt/airflow/dags/dag2.py
[2026-05-01T00:06:35.151+0000] {logging_mixin.py:190} INFO - [2026-05-01T00:06:35.151+0000] {dag.py:3239} INFO - Sync 1 DAGs
[2026-05-01T00:06:35.205+0000] {logging_mixin.py:190} INFO - [2026-05-01T00:06:35.205+0000] {dag.py:4180} INFO - Setting next_dagrun for data_pipeline to 2026-04-30 15:30:00+00:00, run_after=2026-05-01 15:30:00+00:00
[2026-05-01T00:06:35.242+0000] {processor.py:208} INFO - Processing /opt/airflow/dags/dag2.py took 0.212 seconds
[2026-05-01T00:07:05.432+0000] {processor.py:186} INFO - Started process (PID=1387) to work on /opt/airflow/dags/dag2.py
[2026-05-01T00:07:05.434+0000] {processor.py:914} INFO - Processing file /opt/airflow/dags/dag2.py for tasks to queue
[2026-05-01T00:07:05.439+0000] {logging_mixin.py:190} INFO - [2026-05-01T00:07:05.439+0000] {dagbag.py:588} INFO - Filling up the DagBag from /opt/airflow/dags/dag2.py
[2026-05-01T00:07:05.472+0000] {processor.py:925} INFO - DAG(s) 'data_pipeline' retrieved from /opt/airflow/dags/dag2.py
[2026-05-01T00:07:05.536+0000] {logging_mixin.py:190} INFO - [2026-05-01T00:07:05.536+0000] {dag.py:3239} INFO - Sync 1 DAGs
[2026-05-01T00:07:05.603+0000] {logging_mixin.py:190} INFO - [2026-05-01T00:07:05.603+0000] {dag.py:4180} INFO - Setting next_dagrun for data_pipeline to 2026-04-30 15:30:00+00:00, run_after=2026-05-01 15:30:00+00:00
[2026-05-01T00:07:05.648+0000] {processor.py:208} INFO - Processing /opt/airflow/dags/dag2.py took 0.232 seconds
[2026-05-01T00:07:35.839+0000] {processor.py:186} INFO - Started process (PID=1403) to work on /opt/airflow/dags/dag2.py
[2026-05-01T00:07:35.841+0000] {processor.py:914} INFO - Processing file /opt/airflow/dags/dag2.py for tasks to queue
[2026-05-01T00:07:35.846+0000] {logging_mixin.py:190} INFO - [2026-05-01T00:07:35.845+0000] {dagbag.py:588} INFO - Filling up the DagBag from /opt/airflow/dags/dag2.py
[2026-05-01T00:07:35.876+0000] {processor.py:925} INFO - DAG(s) 'data_pipeline' retrieved from /opt/airflow/dags/dag2.py
[2026-05-01T00:07:35.948+0000] {logging_mixin.py:190} INFO - [2026-05-01T00:07:35.948+0000] {dag.py:3239} INFO - Sync 1 DAGs
[2026-05-01T00:07:35.981+0000] {logging_mixin.py:190} INFO - [2026-05-01T00:07:35.981+0000] {dag.py:4180} INFO - Setting next_dagrun for data_pipeline to 2026-04-30 15:30:00+00:00, run_after=2026-05-01 15:30:00+00:00
[2026-05-01T00:07:35.997+0000] {processor.py:208} INFO - Processing /opt/airflow/dags/dag2.py took 0.174 seconds
[2026-05-01T00:08:06.267+0000] {processor.py:186} INFO - Started process (PID=1419) to work on /opt/airflow/dags/dag2.py
[2026-05-01T00:08:06.269+0000] {processor.py:914} INFO - Processing file /opt/airflow/dags/dag2.py for tasks to queue
[2026-05-01T00:08:06.276+0000] {logging_mixin.py:190} INFO - [2026-05-01T00:08:06.275+0000] {dagbag.py:588} INFO - Filling up the DagBag from /opt/airflow/dags/dag2.py
[2026-05-01T00:08:06.317+0000] {processor.py:925} INFO - DAG(s) 'data_pipeline' retrieved from /opt/airflow/dags/dag2.py
[2026-05-01T00:08:06.404+0000] {logging_mixin.py:190} INFO - [2026-05-01T00:08:06.403+0000] {dag.py:3239} INFO - Sync 1 DAGs
[2026-05-01T00:08:06.495+0000] {logging_mixin.py:190} INFO - [2026-05-01T00:08:06.494+0000] {dag.py:4180} INFO - Setting next_dagrun for data_pipeline to 2026-04-30 15:30:00+00:00, run_after=2026-05-01 15:30:00+00:00
[2026-05-01T00:08:06.556+0000] {processor.py:208} INFO - Processing /opt/airflow/dags/dag2.py took 0.310 seconds
[2026-05-01T00:08:36.750+0000] {processor.py:186} INFO - Started process (PID=1435) to work on /opt/airflow/dags/dag2.py
[2026-05-01T00:08:36.752+0000] {processor.py:914} INFO - Processing file /opt/airflow/dags/dag2.py for tasks to queue
[2026-05-01T00:08:36.759+0000] {logging_mixin.py:190} INFO - [2026-05-01T00:08:36.758+0000] {dagbag.py:588} INFO - Filling up the DagBag from /opt/airflow/dags/dag2.py
[2026-05-01T00:08:36.802+0000] {processor.py:925} INFO - DAG(s) 'data_pipeline' retrieved from /opt/airflow/dags/dag2.py
[2026-05-01T00:08:36.889+0000] {logging_mixin.py:190} INFO - [2026-05-01T00:08:36.888+0000] {dag.py:3239} INFO - Sync 1 DAGs
[2026-05-01T00:08:36.964+0000] {logging_mixin.py:190} INFO - [2026-05-01T00:08:36.963+0000] {dag.py:4180} INFO - Setting next_dagrun for data_pipeline to 2026-04-30 15:30:00+00:00, run_after=2026-05-01 15:30:00+00:00
[2026-05-01T00:08:37.019+0000] {processor.py:208} INFO - Processing /opt/airflow/dags/dag2.py took 0.295 seconds
[2026-05-01T00:09:07.226+0000] {processor.py:186} INFO - Started process (PID=1451) to work on /opt/airflow/dags/dag2.py
[2026-05-01T00:09:07.227+0000] {processor.py:914} INFO - Processing file /opt/airflow/dags/dag2.py for tasks to queue
[2026-05-01T00:09:07.234+0000] {logging_mixin.py:190} INFO - [2026-05-01T00:09:07.233+0000] {dagbag.py:588} INFO - Filling up the DagBag from /opt/airflow/dags/dag2.py
[2026-05-01T00:09:07.275+0000] {processor.py:925} INFO - DAG(s) 'data_pipeline' retrieved from /opt/airflow/dags/dag2.py
[2026-05-01T00:09:07.371+0000] {logging_mixin.py:190} INFO - [2026-05-01T00:09:07.370+0000] {dag.py:3239} INFO - Sync 1 DAGs
[2026-05-01T00:09:07.467+0000] {logging_mixin.py:190} INFO - [2026-05-01T00:09:07.466+0000] {dag.py:4180} INFO - Setting next_dagrun for data_pipeline to 2026-04-30 15:30:00+00:00, run_after=2026-05-01 15:30:00+00:00
[2026-05-01T00:09:07.527+0000] {processor.py:208} INFO - Processing /opt/airflow/dags/dag2.py took 0.323 seconds
[2026-05-01T00:09:37.731+0000] {processor.py:186} INFO - Started process (PID=1467) to work on /opt/airflow/dags/dag2.py
[2026-05-01T00:09:37.734+0000] {processor.py:914} INFO - Processing file /opt/airflow/dags/dag2.py for tasks to queue
[2026-05-01T00:09:37.740+0000] {logging_mixin.py:190} INFO - [2026-05-01T00:09:37.739+0000] {dagbag.py:588} INFO - Filling up the DagBag from /opt/airflow/dags/dag2.py
[2026-05-01T00:09:37.788+0000] {processor.py:925} INFO - DAG(s) 'data_pipeline' retrieved from /opt/airflow/dags/dag2.py
[2026-05-01T00:09:37.872+0000] {logging_mixin.py:190} INFO - [2026-05-01T00:09:37.871+0000] {dag.py:3239} INFO - Sync 1 DAGs
[2026-05-01T00:09:37.941+0000] {logging_mixin.py:190} INFO - [2026-05-01T00:09:37.940+0000] {dag.py:4180} INFO - Setting next_dagrun for data_pipeline to 2026-04-30 15:30:00+00:00, run_after=2026-05-01 15:30:00+00:00
[2026-05-01T00:09:37.980+0000] {processor.py:208} INFO - Processing /opt/airflow/dags/dag2.py took 0.266 seconds
[2026-05-01T00:10:08.195+0000] {processor.py:186} INFO - Started process (PID=1483) to work on /opt/airflow/dags/dag2.py
[2026-05-01T00:10:08.197+0000] {processor.py:914} INFO - Processing file /opt/airflow/dags/dag2.py for tasks to queue
[2026-05-01T00:10:08.203+0000] {logging_mixin.py:190} INFO - [2026-05-01T00:10:08.202+0000] {dagbag.py:588} INFO - Filling up the DagBag from /opt/airflow/dags/dag2.py
[2026-05-01T00:10:08.237+0000] {processor.py:925} INFO - DAG(s) 'data_pipeline' retrieved from /opt/airflow/dags/dag2.py
[2026-05-01T00:10:08.308+0000] {logging_mixin.py:190} INFO - [2026-05-01T00:10:08.308+0000] {dag.py:3239} INFO - Sync 1 DAGs
[2026-05-01T00:10:08.365+0000] {logging_mixin.py:190} INFO - [2026-05-01T00:10:08.365+0000] {dag.py:4180} INFO - Setting next_dagrun for data_pipeline to 2026-04-30 15:30:00+00:00, run_after=2026-05-01 15:30:00+00:00
[2026-05-01T00:10:08.391+0000] {processor.py:208} INFO - Processing /opt/airflow/dags/dag2.py took 0.213 seconds
[2026-05-01T00:10:38.574+0000] {processor.py:186} INFO - Started process (PID=1499) to work on /opt/airflow/dags/dag2.py
[2026-05-01T00:10:38.576+0000] {processor.py:914} INFO - Processing file /opt/airflow/dags/dag2.py for tasks to queue
[2026-05-01T00:10:38.581+0000] {logging_mixin.py:190} INFO - [2026-05-01T00:10:38.580+0000] {dagbag.py:588} INFO - Filling up the DagBag from /opt/airflow/dags/dag2.py
[2026-05-01T00:10:38.611+0000] {processor.py:925} INFO - DAG(s) 'data_pipeline' retrieved from /opt/airflow/dags/dag2.py
[2026-05-01T00:10:38.675+0000] {logging_mixin.py:190} INFO - [2026-05-01T00:10:38.675+0000] {dag.py:3239} INFO - Sync 1 DAGs
[2026-05-01T00:10:38.706+0000] {logging_mixin.py:190} INFO - [2026-05-01T00:10:38.705+0000] {dag.py:4180} INFO - Setting next_dagrun for data_pipeline to 2026-04-30 15:30:00+00:00, run_after=2026-05-01 15:30:00+00:00
[2026-05-01T00:10:38.722+0000] {processor.py:208} INFO - Processing /opt/airflow/dags/dag2.py took 0.162 seconds
[2026-05-01T00:11:08.955+0000] {processor.py:186} INFO - Started process (PID=1515) to work on /opt/airflow/dags/dag2.py
[2026-05-01T00:11:08.956+0000] {processor.py:914} INFO - Processing file /opt/airflow/dags/dag2.py for tasks to queue
[2026-05-01T00:11:08.961+0000] {logging_mixin.py:190} INFO - [2026-05-01T00:11:08.960+0000] {dagbag.py:588} INFO - Filling up the DagBag from /opt/airflow/dags/dag2.py
[2026-05-01T00:11:08.994+0000] {processor.py:925} INFO - DAG(s) 'data_pipeline' retrieved from /opt/airflow/dags/dag2.py
[2026-05-01T00:11:09.065+0000] {logging_mixin.py:190} INFO - [2026-05-01T00:11:09.064+0000] {dag.py:3239} INFO - Sync 1 DAGs
[2026-05-01T00:11:09.107+0000] {logging_mixin.py:190} INFO - [2026-05-01T00:11:09.107+0000] {dag.py:4180} INFO - Setting next_dagrun for data_pipeline to 2026-04-30 15:30:00+00:00, run_after=2026-05-01 15:30:00+00:00
[2026-05-01T00:11:09.131+0000] {processor.py:208} INFO - Processing /opt/airflow/dags/dag2.py took 0.193 seconds
[2026-05-01T00:11:39.358+0000] {processor.py:186} INFO - Started process (PID=1531) to work on /opt/airflow/dags/dag2.py
[2026-05-01T00:11:39.360+0000] {processor.py:914} INFO - Processing file /opt/airflow/dags/dag2.py for tasks to queue
[2026-05-01T00:11:39.365+0000] {logging_mixin.py:190} INFO - [2026-05-01T00:11:39.364+0000] {dagbag.py:588} INFO - Filling up the DagBag from /opt/airflow/dags/dag2.py
[2026-05-01T00:11:39.400+0000] {processor.py:925} INFO - DAG(s) 'data_pipeline' retrieved from /opt/airflow/dags/dag2.py
[2026-05-01T00:11:39.464+0000] {logging_mixin.py:190} INFO - [2026-05-01T00:11:39.463+0000] {dag.py:3239} INFO - Sync 1 DAGs
[2026-05-01T00:11:39.503+0000] {logging_mixin.py:190} INFO - [2026-05-01T00:11:39.503+0000] {dag.py:4180} INFO - Setting next_dagrun for data_pipeline to 2026-04-30 15:30:00+00:00, run_after=2026-05-01 15:30:00+00:00
[2026-05-01T00:11:39.528+0000] {processor.py:208} INFO - Processing /opt/airflow/dags/dag2.py took 0.189 seconds
[2026-05-01T00:12:09.765+0000] {processor.py:186} INFO - Started process (PID=1547) to work on /opt/airflow/dags/dag2.py
[2026-05-01T00:12:09.767+0000] {processor.py:914} INFO - Processing file /opt/airflow/dags/dag2.py for tasks to queue
[2026-05-01T00:12:09.774+0000] {logging_mixin.py:190} INFO - [2026-05-01T00:12:09.773+0000] {dagbag.py:588} INFO - Filling up the DagBag from /opt/airflow/dags/dag2.py
[2026-05-01T00:12:09.806+0000] {processor.py:925} INFO - DAG(s) 'data_pipeline' retrieved from /opt/airflow/dags/dag2.py
[2026-05-01T00:12:09.878+0000] {logging_mixin.py:190} INFO - [2026-05-01T00:12:09.877+0000] {dag.py:3239} INFO - Sync 1 DAGs
[2026-05-01T00:12:09.942+0000] {logging_mixin.py:190} INFO - [2026-05-01T00:12:09.941+0000] {dag.py:4180} INFO - Setting next_dagrun for data_pipeline to 2026-04-30 15:30:00+00:00, run_after=2026-05-01 15:30:00+00:00
[2026-05-01T00:12:09.985+0000] {processor.py:208} INFO - Processing /opt/airflow/dags/dag2.py took 0.240 seconds
[2026-05-01T00:12:40.161+0000] {processor.py:186} INFO - Started process (PID=1563) to work on /opt/airflow/dags/dag2.py
[2026-05-01T00:12:40.163+0000] {processor.py:914} INFO - Processing file /opt/airflow/dags/dag2.py for tasks to queue
[2026-05-01T00:12:40.171+0000] {logging_mixin.py:190} INFO - [2026-05-01T00:12:40.170+0000] {dagbag.py:588} INFO - Filling up the DagBag from /opt/airflow/dags/dag2.py
[2026-05-01T00:12:40.202+0000] {processor.py:925} INFO - DAG(s) 'data_pipeline' retrieved from /opt/airflow/dags/dag2.py
[2026-05-01T00:12:40.245+0000] {logging_mixin.py:190} INFO - [2026-05-01T00:12:40.245+0000] {dag.py:3239} INFO - Sync 1 DAGs
[2026-05-01T00:12:40.271+0000] {logging_mixin.py:190} INFO - [2026-05-01T00:12:40.271+0000] {dag.py:4180} INFO - Setting next_dagrun for data_pipeline to 2026-04-30 15:30:00+00:00, run_after=2026-05-01 15:30:00+00:00
[2026-05-01T00:12:40.287+0000] {processor.py:208} INFO - Processing /opt/airflow/dags/dag2.py took 0.146 seconds
[2026-05-01T00:13:10.553+0000] {processor.py:186} INFO - Started process (PID=1579) to work on /opt/airflow/dags/dag2.py
[2026-05-01T00:13:10.555+0000] {processor.py:914} INFO - Processing file /opt/airflow/dags/dag2.py for tasks to queue
[2026-05-01T00:13:10.560+0000] {logging_mixin.py:190} INFO - [2026-05-01T00:13:10.559+0000] {dagbag.py:588} INFO - Filling up the DagBag from /opt/airflow/dags/dag2.py
[2026-05-01T00:13:10.595+0000] {processor.py:925} INFO - DAG(s) 'data_pipeline' retrieved from /opt/airflow/dags/dag2.py
[2026-05-01T00:13:10.663+0000] {logging_mixin.py:190} INFO - [2026-05-01T00:13:10.662+0000] {dag.py:3239} INFO - Sync 1 DAGs
[2026-05-01T00:13:10.718+0000] {logging_mixin.py:190} INFO - [2026-05-01T00:13:10.717+0000] {dag.py:4180} INFO - Setting next_dagrun for data_pipeline to 2026-04-30 15:30:00+00:00, run_after=2026-05-01 15:30:00+00:00
[2026-05-01T00:13:10.750+0000] {processor.py:208} INFO - Processing /opt/airflow/dags/dag2.py took 0.215 seconds
[2026-05-01T00:13:40.951+0000] {processor.py:186} INFO - Started process (PID=1595) to work on /opt/airflow/dags/dag2.py
[2026-05-01T00:13:40.953+0000] {processor.py:914} INFO - Processing file /opt/airflow/dags/dag2.py for tasks to queue
[2026-05-01T00:13:40.958+0000] {logging_mixin.py:190} INFO - [2026-05-01T00:13:40.958+0000] {dagbag.py:588} INFO - Filling up the DagBag from /opt/airflow/dags/dag2.py
[2026-05-01T00:13:40.990+0000] {processor.py:925} INFO - DAG(s) 'data_pipeline' retrieved from /opt/airflow/dags/dag2.py
[2026-05-01T00:13:41.059+0000] {logging_mixin.py:190} INFO - [2026-05-01T00:13:41.059+0000] {dag.py:3239} INFO - Sync 1 DAGs
[2026-05-01T00:13:41.117+0000] {logging_mixin.py:190} INFO - [2026-05-01T00:13:41.117+0000] {dag.py:4180} INFO - Setting next_dagrun for data_pipeline to 2026-04-30 15:30:00+00:00, run_after=2026-05-01 15:30:00+00:00
[2026-05-01T00:13:41.155+0000] {processor.py:208} INFO - Processing /opt/airflow/dags/dag2.py took 0.222 seconds
[2026-05-01T00:14:11.325+0000] {processor.py:186} INFO - Started process (PID=1611) to work on /opt/airflow/dags/dag2.py
[2026-05-01T00:14:11.327+0000] {processor.py:914} INFO - Processing file /opt/airflow/dags/dag2.py for tasks to queue
[2026-05-01T00:14:11.332+0000] {logging_mixin.py:190} INFO - [2026-05-01T00:14:11.331+0000] {dagbag.py:588} INFO - Filling up the DagBag from /opt/airflow/dags/dag2.py
[2026-05-01T00:14:11.364+0000] {processor.py:925} INFO - DAG(s) 'data_pipeline' retrieved from /opt/airflow/dags/dag2.py
[2026-05-01T00:14:11.434+0000] {logging_mixin.py:190} INFO - [2026-05-01T00:14:11.433+0000] {dag.py:3239} INFO - Sync 1 DAGs
[2026-05-01T00:14:11.498+0000] {logging_mixin.py:190} INFO - [2026-05-01T00:14:11.497+0000] {dag.py:4180} INFO - Setting next_dagrun for data_pipeline to 2026-04-30 15:30:00+00:00, run_after=2026-05-01 15:30:00+00:00
[2026-05-01T00:14:11.546+0000] {processor.py:208} INFO - Processing /opt/airflow/dags/dag2.py took 0.237 seconds
[2026-05-01T00:14:41.746+0000] {processor.py:186} INFO - Started process (PID=1627) to work on /opt/airflow/dags/dag2.py
[2026-05-01T00:14:41.748+0000] {processor.py:914} INFO - Processing file /opt/airflow/dags/dag2.py for tasks to queue
[2026-05-01T00:14:41.753+0000] {logging_mixin.py:190} INFO - [2026-05-01T00:14:41.752+0000] {dagbag.py:588} INFO - Filling up the DagBag from /opt/airflow/dags/dag2.py
[2026-05-01T00:14:41.784+0000] {processor.py:925} INFO - DAG(s) 'data_pipeline' retrieved from /opt/airflow/dags/dag2.py
[2026-05-01T00:14:41.851+0000] {logging_mixin.py:190} INFO - [2026-05-01T00:14:41.850+0000] {dag.py:3239} INFO - Sync 1 DAGs
[2026-05-01T00:14:41.914+0000] {logging_mixin.py:190} INFO - [2026-05-01T00:14:41.914+0000] {dag.py:4180} INFO - Setting next_dagrun for data_pipeline to 2026-04-30 15:30:00+00:00, run_after=2026-05-01 15:30:00+00:00
[2026-05-01T00:14:41.967+0000] {processor.py:208} INFO - Processing /opt/airflow/dags/dag2.py took 0.241 seconds
[2026-05-01T00:15:12.128+0000] {processor.py:186} INFO - Started process (PID=1643) to work on /opt/airflow/dags/dag2.py
[2026-05-01T00:15:12.129+0000] {processor.py:914} INFO - Processing file /opt/airflow/dags/dag2.py for tasks to queue
[2026-05-01T00:15:12.135+0000] {logging_mixin.py:190} INFO - [2026-05-01T00:15:12.134+0000] {dagbag.py:588} INFO - Filling up the DagBag from /opt/airflow/dags/dag2.py
[2026-05-01T00:15:12.165+0000] {processor.py:925} INFO - DAG(s) 'data_pipeline' retrieved from /opt/airflow/dags/dag2.py
[2026-05-01T00:15:12.231+0000] {logging_mixin.py:190} INFO - [2026-05-01T00:15:12.231+0000] {dag.py:3239} INFO - Sync 1 DAGs
[2026-05-01T00:15:12.294+0000] {logging_mixin.py:190} INFO - [2026-05-01T00:15:12.294+0000] {dag.py:4180} INFO - Setting next_dagrun for data_pipeline to 2026-04-30 15:30:00+00:00, run_after=2026-05-01 15:30:00+00:00
[2026-05-01T00:15:12.324+0000] {processor.py:208} INFO - Processing /opt/airflow/dags/dag2.py took 0.213 seconds
[2026-05-01T00:15:42.532+0000] {processor.py:186} INFO - Started process (PID=1659) to work on /opt/airflow/dags/dag2.py
[2026-05-01T00:15:42.534+0000] {processor.py:914} INFO - Processing file /opt/airflow/dags/dag2.py for tasks to queue
[2026-05-01T00:15:42.540+0000] {logging_mixin.py:190} INFO - [2026-05-01T00:15:42.539+0000] {dagbag.py:588} INFO - Filling up the DagBag from /opt/airflow/dags/dag2.py
[2026-05-01T00:15:42.570+0000] {processor.py:925} INFO - DAG(s) 'data_pipeline' retrieved from /opt/airflow/dags/dag2.py
[2026-05-01T00:15:42.636+0000] {logging_mixin.py:190} INFO - [2026-05-01T00:15:42.635+0000] {dag.py:3239} INFO - Sync 1 DAGs
[2026-05-01T00:15:42.700+0000] {logging_mixin.py:190} INFO - [2026-05-01T00:15:42.699+0000] {dag.py:4180} INFO - Setting next_dagrun for data_pipeline to 2026-04-30 15:30:00+00:00, run_after=2026-05-01 15:30:00+00:00
[2026-05-01T00:15:42.743+0000] {processor.py:208} INFO - Processing /opt/airflow/dags/dag2.py took 0.230 seconds
[2026-05-01T00:16:12.919+0000] {processor.py:186} INFO - Started process (PID=1675) to work on /opt/airflow/dags/dag2.py
[2026-05-01T00:16:12.921+0000] {processor.py:914} INFO - Processing file /opt/airflow/dags/dag2.py for tasks to queue
[2026-05-01T00:16:12.926+0000] {logging_mixin.py:190} INFO - [2026-05-01T00:16:12.925+0000] {dagbag.py:588} INFO - Filling up the DagBag from /opt/airflow/dags/dag2.py
[2026-05-01T00:16:12.959+0000] {processor.py:925} INFO - DAG(s) 'data_pipeline' retrieved from /opt/airflow/dags/dag2.py
[2026-05-01T00:16:13.037+0000] {logging_mixin.py:190} INFO - [2026-05-01T00:16:13.037+0000] {dag.py:3239} INFO - Sync 1 DAGs
[2026-05-01T00:16:13.111+0000] {logging_mixin.py:190} INFO - [2026-05-01T00:16:13.110+0000] {dag.py:4180} INFO - Setting next_dagrun for data_pipeline to 2026-04-30 15:30:00+00:00, run_after=2026-05-01 15:30:00+00:00
[2026-05-01T00:16:13.155+0000] {processor.py:208} INFO - Processing /opt/airflow/dags/dag2.py took 0.252 seconds
[2026-05-01T00:16:43.340+0000] {processor.py:186} INFO - Started process (PID=1691) to work on /opt/airflow/dags/dag2.py
[2026-05-01T00:16:43.342+0000] {processor.py:914} INFO - Processing file /opt/airflow/dags/dag2.py for tasks to queue
[2026-05-01T00:16:43.349+0000] {logging_mixin.py:190} INFO - [2026-05-01T00:16:43.348+0000] {dagbag.py:588} INFO - Filling up the DagBag from /opt/airflow/dags/dag2.py
[2026-05-01T00:16:43.379+0000] {processor.py:925} INFO - DAG(s) 'data_pipeline' retrieved from /opt/airflow/dags/dag2.py
[2026-05-01T00:16:43.445+0000] {logging_mixin.py:190} INFO - [2026-05-01T00:16:43.444+0000] {dag.py:3239} INFO - Sync 1 DAGs
[2026-05-01T00:16:43.508+0000] {logging_mixin.py:190} INFO - [2026-05-01T00:16:43.507+0000] {dag.py:4180} INFO - Setting next_dagrun for data_pipeline to 2026-04-30 15:30:00+00:00, run_after=2026-05-01 15:30:00+00:00
[2026-05-01T00:16:43.554+0000] {processor.py:208} INFO - Processing /opt/airflow/dags/dag2.py took 0.237 seconds
[2026-05-01T00:17:13.723+0000] {processor.py:186} INFO - Started process (PID=1707) to work on /opt/airflow/dags/dag2.py
[2026-05-01T00:17:13.724+0000] {processor.py:914} INFO - Processing file /opt/airflow/dags/dag2.py for tasks to queue
[2026-05-01T00:17:13.730+0000] {logging_mixin.py:190} INFO - [2026-05-01T00:17:13.729+0000] {dagbag.py:588} INFO - Filling up the DagBag from /opt/airflow/dags/dag2.py
[2026-05-01T00:17:13.759+0000] {processor.py:925} INFO - DAG(s) 'data_pipeline' retrieved from /opt/airflow/dags/dag2.py
[2026-05-01T00:17:13.834+0000] {logging_mixin.py:190} INFO - [2026-05-01T00:17:13.834+0000] {dag.py:3239} INFO - Sync 1 DAGs
[2026-05-01T00:17:13.881+0000] {logging_mixin.py:190} INFO - [2026-05-01T00:17:13.880+0000] {dag.py:4180} INFO - Setting next_dagrun for data_pipeline to 2026-04-30 15:30:00+00:00, run_after=2026-05-01 15:30:00+00:00
[2026-05-01T00:17:13.901+0000] {processor.py:208} INFO - Processing /opt/airflow/dags/dag2.py took 0.194 seconds
[2026-05-01T00:17:44.130+0000] {processor.py:186} INFO - Started process (PID=1723) to work on /opt/airflow/dags/dag2.py
[2026-05-01T00:17:44.131+0000] {processor.py:914} INFO - Processing file /opt/airflow/dags/dag2.py for tasks to queue
[2026-05-01T00:17:44.137+0000] {logging_mixin.py:190} INFO - [2026-05-01T00:17:44.136+0000] {dagbag.py:588} INFO - Filling up the DagBag from /opt/airflow/dags/dag2.py
[2026-05-01T00:17:44.171+0000] {processor.py:925} INFO - DAG(s) 'data_pipeline' retrieved from /opt/airflow/dags/dag2.py
[2026-05-01T00:17:44.236+0000] {logging_mixin.py:190} INFO - [2026-05-01T00:17:44.235+0000] {dag.py:3239} INFO - Sync 1 DAGs
[2026-05-01T00:17:44.301+0000] {logging_mixin.py:190} INFO - [2026-05-01T00:17:44.301+0000] {dag.py:4180} INFO - Setting next_dagrun for data_pipeline to 2026-04-30 15:30:00+00:00, run_after=2026-05-01 15:30:00+00:00
[2026-05-01T00:17:44.331+0000] {processor.py:208} INFO - Processing /opt/airflow/dags/dag2.py took 0.218 seconds
[2026-05-01T00:18:14.529+0000] {processor.py:186} INFO - Started process (PID=1739) to work on /opt/airflow/dags/dag2.py
[2026-05-01T00:18:14.530+0000] {processor.py:914} INFO - Processing file /opt/airflow/dags/dag2.py for tasks to queue
[2026-05-01T00:18:14.536+0000] {logging_mixin.py:190} INFO - [2026-05-01T00:18:14.535+0000] {dagbag.py:588} INFO - Filling up the DagBag from /opt/airflow/dags/dag2.py
[2026-05-01T00:18:14.567+0000] {processor.py:925} INFO - DAG(s) 'data_pipeline' retrieved from /opt/airflow/dags/dag2.py
[2026-05-01T00:18:14.636+0000] {logging_mixin.py:190} INFO - [2026-05-01T00:18:14.635+0000] {dag.py:3239} INFO - Sync 1 DAGs
[2026-05-01T00:18:14.670+0000] {logging_mixin.py:190} INFO - [2026-05-01T00:18:14.670+0000] {dag.py:4180} INFO - Setting next_dagrun for data_pipeline to 2026-04-30 15:30:00+00:00, run_after=2026-05-01 15:30:00+00:00
[2026-05-01T00:18:14.693+0000] {processor.py:208} INFO - Processing /opt/airflow/dags/dag2.py took 0.180 seconds
[2026-05-01T00:18:44.932+0000] {processor.py:186} INFO - Started process (PID=1755) to work on /opt/airflow/dags/dag2.py
[2026-05-01T00:18:44.934+0000] {processor.py:914} INFO - Processing file /opt/airflow/dags/dag2.py for tasks to queue
[2026-05-01T00:18:44.941+0000] {logging_mixin.py:190} INFO - [2026-05-01T00:18:44.939+0000] {dagbag.py:588} INFO - Filling up the DagBag from /opt/airflow/dags/dag2.py
[2026-05-01T00:18:44.975+0000] {processor.py:925} INFO - DAG(s) 'data_pipeline' retrieved from /opt/airflow/dags/dag2.py
[2026-05-01T00:18:45.050+0000] {logging_mixin.py:190} INFO - [2026-05-01T00:18:45.049+0000] {dag.py:3239} INFO - Sync 1 DAGs
[2026-05-01T00:18:45.097+0000] {logging_mixin.py:190} INFO - [2026-05-01T00:18:45.097+0000] {dag.py:4180} INFO - Setting next_dagrun for data_pipeline to 2026-04-30 15:30:00+00:00, run_after=2026-05-01 15:30:00+00:00
[2026-05-01T00:18:45.121+0000] {processor.py:208} INFO - Processing /opt/airflow/dags/dag2.py took 0.208 seconds
[2026-05-01T00:19:15.368+0000] {processor.py:186} INFO - Started process (PID=1771) to work on /opt/airflow/dags/dag2.py
[2026-05-01T00:19:15.369+0000] {processor.py:914} INFO - Processing file /opt/airflow/dags/dag2.py for tasks to queue
[2026-05-01T00:19:15.375+0000] {logging_mixin.py:190} INFO - [2026-05-01T00:19:15.374+0000] {dagbag.py:588} INFO - Filling up the DagBag from /opt/airflow/dags/dag2.py
[2026-05-01T00:19:15.407+0000] {processor.py:925} INFO - DAG(s) 'data_pipeline' retrieved from /opt/airflow/dags/dag2.py
[2026-05-01T00:19:15.481+0000] {logging_mixin.py:190} INFO - [2026-05-01T00:19:15.480+0000] {dag.py:3239} INFO - Sync 1 DAGs
[2026-05-01T00:19:15.523+0000] {logging_mixin.py:190} INFO - [2026-05-01T00:19:15.523+0000] {dag.py:4180} INFO - Setting next_dagrun for data_pipeline to 2026-04-30 15:30:00+00:00, run_after=2026-05-01 15:30:00+00:00
[2026-05-01T00:19:15.547+0000] {processor.py:208} INFO - Processing /opt/airflow/dags/dag2.py took 0.202 seconds
[2026-05-01T00:19:45.835+0000] {processor.py:186} INFO - Started process (PID=1787) to work on /opt/airflow/dags/dag2.py
[2026-05-01T00:19:45.838+0000] {processor.py:914} INFO - Processing file /opt/airflow/dags/dag2.py for tasks to queue
[2026-05-01T00:19:45.846+0000] {logging_mixin.py:190} INFO - [2026-05-01T00:19:45.844+0000] {dagbag.py:588} INFO - Filling up the DagBag from /opt/airflow/dags/dag2.py
[2026-05-01T00:19:45.896+0000] {processor.py:925} INFO - DAG(s) 'data_pipeline' retrieved from /opt/airflow/dags/dag2.py
[2026-05-01T00:19:46.021+0000] {logging_mixin.py:190} INFO - [2026-05-01T00:19:46.020+0000] {dag.py:3239} INFO - Sync 1 DAGs
[2026-05-01T00:19:46.091+0000] {logging_mixin.py:190} INFO - [2026-05-01T00:19:46.090+0000] {dag.py:4180} INFO - Setting next_dagrun for data_pipeline to 2026-04-30 15:30:00+00:00, run_after=2026-05-01 15:30:00+00:00
[2026-05-01T00:19:46.123+0000] {processor.py:208} INFO - Processing /opt/airflow/dags/dag2.py took 0.316 seconds
[2026-05-01T00:20:16.294+0000] {processor.py:186} INFO - Started process (PID=1803) to work on /opt/airflow/dags/dag2.py
[2026-05-01T00:20:16.295+0000] {processor.py:914} INFO - Processing file /opt/airflow/dags/dag2.py for tasks to queue
[2026-05-01T00:20:16.301+0000] {logging_mixin.py:190} INFO - [2026-05-01T00:20:16.300+0000] {dagbag.py:588} INFO - Filling up the DagBag from /opt/airflow/dags/dag2.py
[2026-05-01T00:20:16.345+0000] {processor.py:925} INFO - DAG(s) 'data_pipeline' retrieved from /opt/airflow/dags/dag2.py
[2026-05-01T00:20:16.424+0000] {logging_mixin.py:190} INFO - [2026-05-01T00:20:16.424+0000] {dag.py:3239} INFO - Sync 1 DAGs
[2026-05-01T00:20:16.452+0000] {logging_mixin.py:190} INFO - [2026-05-01T00:20:16.452+0000] {dag.py:4180} INFO - Setting next_dagrun for data_pipeline to 2026-04-30 15:30:00+00:00, run_after=2026-05-01 15:30:00+00:00
[2026-05-01T00:20:16.467+0000] {processor.py:208} INFO - Processing /opt/airflow/dags/dag2.py took 0.190 seconds
[2026-05-01T00:20:46.753+0000] {processor.py:186} INFO - Started process (PID=1819) to work on /opt/airflow/dags/dag2.py
[2026-05-01T00:20:46.756+0000] {processor.py:914} INFO - Processing file /opt/airflow/dags/dag2.py for tasks to queue
[2026-05-01T00:20:46.765+0000] {logging_mixin.py:190} INFO - [2026-05-01T00:20:46.764+0000] {dagbag.py:588} INFO - Filling up the DagBag from /opt/airflow/dags/dag2.py
[2026-05-01T00:20:46.803+0000] {processor.py:925} INFO - DAG(s) 'data_pipeline' retrieved from /opt/airflow/dags/dag2.py
[2026-05-01T00:20:46.890+0000] {logging_mixin.py:190} INFO - [2026-05-01T00:20:46.889+0000] {dag.py:3239} INFO - Sync 1 DAGs
[2026-05-01T00:20:46.920+0000] {logging_mixin.py:190} INFO - [2026-05-01T00:20:46.920+0000] {dag.py:4180} INFO - Setting next_dagrun for data_pipeline to 2026-04-30 15:30:00+00:00, run_after=2026-05-01 15:30:00+00:00
[2026-05-01T00:20:46.936+0000] {processor.py:208} INFO - Processing /opt/airflow/dags/dag2.py took 0.210 seconds
[2026-05-01T00:21:17.182+0000] {processor.py:186} INFO - Started process (PID=1835) to work on /opt/airflow/dags/dag2.py
[2026-05-01T00:21:17.183+0000] {processor.py:914} INFO - Processing file /opt/airflow/dags/dag2.py for tasks to queue
[2026-05-01T00:21:17.188+0000] {logging_mixin.py:190} INFO - [2026-05-01T00:21:17.187+0000] {dagbag.py:588} INFO - Filling up the DagBag from /opt/airflow/dags/dag2.py
[2026-05-01T00:21:17.206+0000] {processor.py:925} INFO - DAG(s) 'data_pipeline' retrieved from /opt/airflow/dags/dag2.py
[2026-05-01T00:21:17.238+0000] {logging_mixin.py:190} INFO - [2026-05-01T00:21:17.237+0000] {dag.py:3239} INFO - Sync 1 DAGs
[2026-05-01T00:21:17.264+0000] {logging_mixin.py:190} INFO - [2026-05-01T00:21:17.264+0000] {dag.py:4180} INFO - Setting next_dagrun for data_pipeline to 2026-04-30 15:30:00+00:00, run_after=2026-05-01 15:30:00+00:00
[2026-05-01T00:21:17.281+0000] {processor.py:208} INFO - Processing /opt/airflow/dags/dag2.py took 0.120 seconds
[2026-05-01T00:21:47.538+0000] {processor.py:186} INFO - Started process (PID=1851) to work on /opt/airflow/dags/dag2.py
[2026-05-01T00:21:47.540+0000] {processor.py:914} INFO - Processing file /opt/airflow/dags/dag2.py for tasks to queue
[2026-05-01T00:21:47.545+0000] {logging_mixin.py:190} INFO - [2026-05-01T00:21:47.544+0000] {dagbag.py:588} INFO - Filling up the DagBag from /opt/airflow/dags/dag2.py
[2026-05-01T00:21:47.579+0000] {processor.py:925} INFO - DAG(s) 'data_pipeline' retrieved from /opt/airflow/dags/dag2.py
[2026-05-01T00:21:47.658+0000] {logging_mixin.py:190} INFO - [2026-05-01T00:21:47.658+0000] {dag.py:3239} INFO - Sync 1 DAGs
[2026-05-01T00:21:47.722+0000] {logging_mixin.py:190} INFO - [2026-05-01T00:21:47.721+0000] {dag.py:4180} INFO - Setting next_dagrun for data_pipeline to 2026-04-30 15:30:00+00:00, run_after=2026-05-01 15:30:00+00:00
[2026-05-01T00:21:47.760+0000] {processor.py:208} INFO - Processing /opt/airflow/dags/dag2.py took 0.243 seconds
[2026-05-01T00:22:17.949+0000] {processor.py:186} INFO - Started process (PID=1867) to work on /opt/airflow/dags/dag2.py
[2026-05-01T00:22:17.951+0000] {processor.py:914} INFO - Processing file /opt/airflow/dags/dag2.py for tasks to queue
[2026-05-01T00:22:17.956+0000] {logging_mixin.py:190} INFO - [2026-05-01T00:22:17.955+0000] {dagbag.py:588} INFO - Filling up the DagBag from /opt/airflow/dags/dag2.py
[2026-05-01T00:22:17.989+0000] {processor.py:925} INFO - DAG(s) 'data_pipeline' retrieved from /opt/airflow/dags/dag2.py
[2026-05-01T00:22:18.067+0000] {logging_mixin.py:190} INFO - [2026-05-01T00:22:18.067+0000] {dag.py:3239} INFO - Sync 1 DAGs
[2026-05-01T00:22:18.100+0000] {logging_mixin.py:190} INFO - [2026-05-01T00:22:18.099+0000] {dag.py:4180} INFO - Setting next_dagrun for data_pipeline to 2026-04-30 15:30:00+00:00, run_after=2026-05-01 15:30:00+00:00
[2026-05-01T00:22:18.114+0000] {processor.py:208} INFO - Processing /opt/airflow/dags/dag2.py took 0.181 seconds
[2026-05-01T00:22:48.359+0000] {processor.py:186} INFO - Started process (PID=1883) to work on /opt/airflow/dags/dag2.py
[2026-05-01T00:22:48.361+0000] {processor.py:914} INFO - Processing file /opt/airflow/dags/dag2.py for tasks to queue
[2026-05-01T00:22:48.366+0000] {logging_mixin.py:190} INFO - [2026-05-01T00:22:48.365+0000] {dagbag.py:588} INFO - Filling up the DagBag from /opt/airflow/dags/dag2.py
[2026-05-01T00:22:48.399+0000] {processor.py:925} INFO - DAG(s) 'data_pipeline' retrieved from /opt/airflow/dags/dag2.py
[2026-05-01T00:22:48.479+0000] {logging_mixin.py:190} INFO - [2026-05-01T00:22:48.478+0000] {dag.py:3239} INFO - Sync 1 DAGs
[2026-05-01T00:22:48.533+0000] {logging_mixin.py:190} INFO - [2026-05-01T00:22:48.533+0000] {dag.py:4180} INFO - Setting next_dagrun for data_pipeline to 2026-04-30 15:30:00+00:00, run_after=2026-05-01 15:30:00+00:00
[2026-05-01T00:22:48.567+0000] {processor.py:208} INFO - Processing /opt/airflow/dags/dag2.py took 0.224 seconds
[2026-05-01T00:23:18.760+0000] {processor.py:186} INFO - Started process (PID=1899) to work on /opt/airflow/dags/dag2.py
[2026-05-01T00:23:18.762+0000] {processor.py:914} INFO - Processing file /opt/airflow/dags/dag2.py for tasks to queue
[2026-05-01T00:23:18.768+0000] {logging_mixin.py:190} INFO - [2026-05-01T00:23:18.767+0000] {dagbag.py:588} INFO - Filling up the DagBag from /opt/airflow/dags/dag2.py
[2026-05-01T00:23:18.802+0000] {processor.py:925} INFO - DAG(s) 'data_pipeline' retrieved from /opt/airflow/dags/dag2.py
[2026-05-01T00:23:18.898+0000] {logging_mixin.py:190} INFO - [2026-05-01T00:23:18.898+0000] {dag.py:3239} INFO - Sync 1 DAGs
[2026-05-01T00:23:18.932+0000] {logging_mixin.py:190} INFO - [2026-05-01T00:23:18.931+0000] {dag.py:4180} INFO - Setting next_dagrun for data_pipeline to 2026-04-30 15:30:00+00:00, run_after=2026-05-01 15:30:00+00:00
[2026-05-01T00:23:18.953+0000] {processor.py:208} INFO - Processing /opt/airflow/dags/dag2.py took 0.211 seconds
[2026-05-01T00:23:49.184+0000] {processor.py:186} INFO - Started process (PID=1915) to work on /opt/airflow/dags/dag2.py
[2026-05-01T00:23:49.186+0000] {processor.py:914} INFO - Processing file /opt/airflow/dags/dag2.py for tasks to queue
[2026-05-01T00:23:49.195+0000] {logging_mixin.py:190} INFO - [2026-05-01T00:23:49.194+0000] {dagbag.py:588} INFO - Filling up the DagBag from /opt/airflow/dags/dag2.py
[2026-05-01T00:23:49.230+0000] {processor.py:925} INFO - DAG(s) 'data_pipeline' retrieved from /opt/airflow/dags/dag2.py
[2026-05-01T00:23:49.309+0000] {logging_mixin.py:190} INFO - [2026-05-01T00:23:49.309+0000] {dag.py:3239} INFO - Sync 1 DAGs
[2026-05-01T00:23:49.346+0000] {logging_mixin.py:190} INFO - [2026-05-01T00:23:49.346+0000] {dag.py:4180} INFO - Setting next_dagrun for data_pipeline to 2026-04-30 15:30:00+00:00, run_after=2026-05-01 15:30:00+00:00
[2026-05-01T00:23:49.363+0000] {processor.py:208} INFO - Processing /opt/airflow/dags/dag2.py took 0.195 seconds
[2026-05-01T00:24:19.616+0000] {processor.py:186} INFO - Started process (PID=1931) to work on /opt/airflow/dags/dag2.py
[2026-05-01T00:24:19.618+0000] {processor.py:914} INFO - Processing file /opt/airflow/dags/dag2.py for tasks to queue
[2026-05-01T00:24:19.623+0000] {logging_mixin.py:190} INFO - [2026-05-01T00:24:19.622+0000] {dagbag.py:588} INFO - Filling up the DagBag from /opt/airflow/dags/dag2.py
[2026-05-01T00:24:19.657+0000] {processor.py:925} INFO - DAG(s) 'data_pipeline' retrieved from /opt/airflow/dags/dag2.py
[2026-05-01T00:24:19.732+0000] {logging_mixin.py:190} INFO - [2026-05-01T00:24:19.732+0000] {dag.py:3239} INFO - Sync 1 DAGs
[2026-05-01T00:24:19.794+0000] {logging_mixin.py:190} INFO - [2026-05-01T00:24:19.794+0000] {dag.py:4180} INFO - Setting next_dagrun for data_pipeline to 2026-04-30 15:30:00+00:00, run_after=2026-05-01 15:30:00+00:00
[2026-05-01T00:24:19.838+0000] {processor.py:208} INFO - Processing /opt/airflow/dags/dag2.py took 0.247 seconds
[2026-05-01T00:24:49.995+0000] {processor.py:186} INFO - Started process (PID=1947) to work on /opt/airflow/dags/dag2.py
[2026-05-01T00:24:49.996+0000] {processor.py:914} INFO - Processing file /opt/airflow/dags/dag2.py for tasks to queue
[2026-05-01T00:24:50.000+0000] {logging_mixin.py:190} INFO - [2026-05-01T00:24:50.000+0000] {dagbag.py:588} INFO - Filling up the DagBag from /opt/airflow/dags/dag2.py
[2026-05-01T00:24:50.033+0000] {processor.py:925} INFO - DAG(s) 'data_pipeline' retrieved from /opt/airflow/dags/dag2.py
[2026-05-01T00:24:50.070+0000] {logging_mixin.py:190} INFO - [2026-05-01T00:24:50.070+0000] {dag.py:3239} INFO - Sync 1 DAGs
[2026-05-01T00:24:50.108+0000] {logging_mixin.py:190} INFO - [2026-05-01T00:24:50.107+0000] {dag.py:4180} INFO - Setting next_dagrun for data_pipeline to 2026-04-30 15:30:00+00:00, run_after=2026-05-01 15:30:00+00:00
[2026-05-01T00:24:50.133+0000] {processor.py:208} INFO - Processing /opt/airflow/dags/dag2.py took 0.146 seconds
[2026-05-01T00:25:20.381+0000] {processor.py:186} INFO - Started process (PID=1963) to work on /opt/airflow/dags/dag2.py
[2026-05-01T00:25:20.382+0000] {processor.py:914} INFO - Processing file /opt/airflow/dags/dag2.py for tasks to queue
[2026-05-01T00:25:20.390+0000] {logging_mixin.py:190} INFO - [2026-05-01T00:25:20.389+0000] {dagbag.py:588} INFO - Filling up the DagBag from /opt/airflow/dags/dag2.py
[2026-05-01T00:25:20.448+0000] {processor.py:925} INFO - DAG(s) 'data_pipeline' retrieved from /opt/airflow/dags/dag2.py
[2026-05-01T00:25:20.515+0000] {logging_mixin.py:190} INFO - [2026-05-01T00:25:20.514+0000] {dag.py:3239} INFO - Sync 1 DAGs
[2026-05-01T00:25:20.562+0000] {logging_mixin.py:190} INFO - [2026-05-01T00:25:20.562+0000] {dag.py:4180} INFO - Setting next_dagrun for data_pipeline to 2026-04-30 15:30:00+00:00, run_after=2026-05-01 15:30:00+00:00
[2026-05-01T00:25:20.585+0000] {processor.py:208} INFO - Processing /opt/airflow/dags/dag2.py took 0.221 seconds
[2026-05-01T00:25:50.812+0000] {processor.py:186} INFO - Started process (PID=1979) to work on /opt/airflow/dags/dag2.py
[2026-05-01T00:25:50.814+0000] {processor.py:914} INFO - Processing file /opt/airflow/dags/dag2.py for tasks to queue
[2026-05-01T00:25:50.819+0000] {logging_mixin.py:190} INFO - [2026-05-01T00:25:50.818+0000] {dagbag.py:588} INFO - Filling up the DagBag from /opt/airflow/dags/dag2.py
[2026-05-01T00:25:50.872+0000] {processor.py:925} INFO - DAG(s) 'data_pipeline' retrieved from /opt/airflow/dags/dag2.py
[2026-05-01T00:25:50.923+0000] {logging_mixin.py:190} INFO - [2026-05-01T00:25:50.923+0000] {dag.py:3239} INFO - Sync 1 DAGs
[2026-05-01T00:25:50.958+0000] {logging_mixin.py:190} INFO - [2026-05-01T00:25:50.958+0000] {dag.py:4180} INFO - Setting next_dagrun for data_pipeline to 2026-04-30 15:30:00+00:00, run_after=2026-05-01 15:30:00+00:00
[2026-05-01T00:25:50.986+0000] {processor.py:208} INFO - Processing /opt/airflow/dags/dag2.py took 0.194 seconds
[2026-05-01T00:26:21.235+0000] {processor.py:186} INFO - Started process (PID=1995) to work on /opt/airflow/dags/dag2.py
[2026-05-01T00:26:21.237+0000] {processor.py:914} INFO - Processing file /opt/airflow/dags/dag2.py for tasks to queue
[2026-05-01T00:26:21.247+0000] {logging_mixin.py:190} INFO - [2026-05-01T00:26:21.245+0000] {dagbag.py:588} INFO - Filling up the DagBag from /opt/airflow/dags/dag2.py
[2026-05-01T00:26:21.307+0000] {processor.py:925} INFO - DAG(s) 'data_pipeline' retrieved from /opt/airflow/dags/dag2.py
[2026-05-01T00:26:21.396+0000] {logging_mixin.py:190} INFO - [2026-05-01T00:26:21.396+0000] {dag.py:3239} INFO - Sync 1 DAGs
[2026-05-01T00:26:21.497+0000] {logging_mixin.py:190} INFO - [2026-05-01T00:26:21.496+0000] {dag.py:4180} INFO - Setting next_dagrun for data_pipeline to 2026-04-30 15:30:00+00:00, run_after=2026-05-01 15:30:00+00:00
[2026-05-01T00:26:21.558+0000] {processor.py:208} INFO - Processing /opt/airflow/dags/dag2.py took 0.345 seconds
[2026-05-01T00:26:51.685+0000] {processor.py:186} INFO - Started process (PID=2011) to work on /opt/airflow/dags/dag2.py
[2026-05-01T00:26:51.687+0000] {processor.py:914} INFO - Processing file /opt/airflow/dags/dag2.py for tasks to queue
[2026-05-01T00:26:51.694+0000] {logging_mixin.py:190} INFO - [2026-05-01T00:26:51.693+0000] {dagbag.py:588} INFO - Filling up the DagBag from /opt/airflow/dags/dag2.py
[2026-05-01T00:26:51.754+0000] {processor.py:925} INFO - DAG(s) 'data_pipeline' retrieved from /opt/airflow/dags/dag2.py
[2026-05-01T00:26:51.798+0000] {logging_mixin.py:190} INFO - [2026-05-01T00:26:51.797+0000] {dag.py:3239} INFO - Sync 1 DAGs
[2026-05-01T00:26:51.824+0000] {logging_mixin.py:190} INFO - [2026-05-01T00:26:51.823+0000] {dag.py:4180} INFO - Setting next_dagrun for data_pipeline to 2026-04-30 15:30:00+00:00, run_after=2026-05-01 15:30:00+00:00
[2026-05-01T00:26:51.842+0000] {processor.py:208} INFO - Processing /opt/airflow/dags/dag2.py took 0.177 seconds
[2026-05-01T00:27:22.167+0000] {processor.py:186} INFO - Started process (PID=2027) to work on /opt/airflow/dags/dag2.py
[2026-05-01T00:27:22.170+0000] {processor.py:914} INFO - Processing file /opt/airflow/dags/dag2.py for tasks to queue
[2026-05-01T00:27:22.177+0000] {logging_mixin.py:190} INFO - [2026-05-01T00:27:22.176+0000] {dagbag.py:588} INFO - Filling up the DagBag from /opt/airflow/dags/dag2.py
[2026-05-01T00:27:22.232+0000] {processor.py:925} INFO - DAG(s) 'data_pipeline' retrieved from /opt/airflow/dags/dag2.py
[2026-05-01T00:27:22.311+0000] {logging_mixin.py:190} INFO - [2026-05-01T00:27:22.310+0000] {dag.py:3239} INFO - Sync 1 DAGs
[2026-05-01T00:27:22.397+0000] {logging_mixin.py:190} INFO - [2026-05-01T00:27:22.397+0000] {dag.py:4180} INFO - Setting next_dagrun for data_pipeline to 2026-04-30 15:30:00+00:00, run_after=2026-05-01 15:30:00+00:00
[2026-05-01T00:27:22.443+0000] {processor.py:208} INFO - Processing /opt/airflow/dags/dag2.py took 0.304 seconds
[2026-05-01T00:27:52.627+0000] {processor.py:186} INFO - Started process (PID=2043) to work on /opt/airflow/dags/dag2.py
[2026-05-01T00:27:52.628+0000] {processor.py:914} INFO - Processing file /opt/airflow/dags/dag2.py for tasks to queue
[2026-05-01T00:27:52.636+0000] {logging_mixin.py:190} INFO - [2026-05-01T00:27:52.635+0000] {dagbag.py:588} INFO - Filling up the DagBag from /opt/airflow/dags/dag2.py
[2026-05-01T00:27:52.692+0000] {processor.py:925} INFO - DAG(s) 'data_pipeline' retrieved from /opt/airflow/dags/dag2.py
[2026-05-01T00:27:52.774+0000] {logging_mixin.py:190} INFO - [2026-05-01T00:27:52.774+0000] {dag.py:3239} INFO - Sync 1 DAGs
[2026-05-01T00:27:52.808+0000] {logging_mixin.py:190} INFO - [2026-05-01T00:27:52.808+0000] {dag.py:4180} INFO - Setting next_dagrun for data_pipeline to 2026-04-30 15:30:00+00:00, run_after=2026-05-01 15:30:00+00:00
[2026-05-01T00:27:52.835+0000] {processor.py:208} INFO - Processing /opt/airflow/dags/dag2.py took 0.229 seconds
[2026-05-01T00:28:23.122+0000] {processor.py:186} INFO - Started process (PID=2059) to work on /opt/airflow/dags/dag2.py
[2026-05-01T00:28:23.124+0000] {processor.py:914} INFO - Processing file /opt/airflow/dags/dag2.py for tasks to queue
[2026-05-01T00:28:23.130+0000] {logging_mixin.py:190} INFO - [2026-05-01T00:28:23.129+0000] {dagbag.py:588} INFO - Filling up the DagBag from /opt/airflow/dags/dag2.py
[2026-05-01T00:28:23.186+0000] {processor.py:925} INFO - DAG(s) 'data_pipeline' retrieved from /opt/airflow/dags/dag2.py
[2026-05-01T00:28:23.267+0000] {logging_mixin.py:190} INFO - [2026-05-01T00:28:23.266+0000] {dag.py:3239} INFO - Sync 1 DAGs
[2026-05-01T00:28:23.320+0000] {logging_mixin.py:190} INFO - [2026-05-01T00:28:23.320+0000] {dag.py:4180} INFO - Setting next_dagrun for data_pipeline to 2026-04-30 15:30:00+00:00, run_after=2026-05-01 15:30:00+00:00
[2026-05-01T00:28:23.344+0000] {processor.py:208} INFO - Processing /opt/airflow/dags/dag2.py took 0.246 seconds
[2026-05-01T00:28:53.601+0000] {processor.py:186} INFO - Started process (PID=2075) to work on /opt/airflow/dags/dag2.py
[2026-05-01T00:28:53.604+0000] {processor.py:914} INFO - Processing file /opt/airflow/dags/dag2.py for tasks to queue
[2026-05-01T00:28:53.611+0000] {logging_mixin.py:190} INFO - [2026-05-01T00:28:53.610+0000] {dagbag.py:588} INFO - Filling up the DagBag from /opt/airflow/dags/dag2.py
[2026-05-01T00:28:53.669+0000] {processor.py:925} INFO - DAG(s) 'data_pipeline' retrieved from /opt/airflow/dags/dag2.py
[2026-05-01T00:28:53.754+0000] {logging_mixin.py:190} INFO - [2026-05-01T00:28:53.753+0000] {dag.py:3239} INFO - Sync 1 DAGs
[2026-05-01T00:28:53.836+0000] {logging_mixin.py:190} INFO - [2026-05-01T00:28:53.836+0000] {dag.py:4180} INFO - Setting next_dagrun for data_pipeline to 2026-04-30 15:30:00+00:00, run_after=2026-05-01 15:30:00+00:00
[2026-05-01T00:28:53.885+0000] {processor.py:208} INFO - Processing /opt/airflow/dags/dag2.py took 0.310 seconds
[2026-05-01T00:29:24.127+0000] {processor.py:186} INFO - Started process (PID=2091) to work on /opt/airflow/dags/dag2.py
[2026-05-01T00:29:24.129+0000] {processor.py:914} INFO - Processing file /opt/airflow/dags/dag2.py for tasks to queue
[2026-05-01T00:29:24.134+0000] {logging_mixin.py:190} INFO - [2026-05-01T00:29:24.133+0000] {dagbag.py:588} INFO - Filling up the DagBag from /opt/airflow/dags/dag2.py
[2026-05-01T00:29:24.164+0000] {processor.py:925} INFO - DAG(s) 'data_pipeline' retrieved from /opt/airflow/dags/dag2.py
[2026-05-01T00:29:24.227+0000] {logging_mixin.py:190} INFO - [2026-05-01T00:29:24.226+0000] {dag.py:3239} INFO - Sync 1 DAGs
[2026-05-01T00:29:24.280+0000] {logging_mixin.py:190} INFO - [2026-05-01T00:29:24.280+0000] {dag.py:4180} INFO - Setting next_dagrun for data_pipeline to 2026-04-30 15:30:00+00:00, run_after=2026-05-01 15:30:00+00:00
[2026-05-01T00:29:24.305+0000] {processor.py:208} INFO - Processing /opt/airflow/dags/dag2.py took 0.201 seconds
[2026-05-01T00:29:54.563+0000] {processor.py:186} INFO - Started process (PID=2107) to work on /opt/airflow/dags/dag2.py
[2026-05-01T00:29:54.565+0000] {processor.py:914} INFO - Processing file /opt/airflow/dags/dag2.py for tasks to queue
[2026-05-01T00:29:54.572+0000] {logging_mixin.py:190} INFO - [2026-05-01T00:29:54.571+0000] {dagbag.py:588} INFO - Filling up the DagBag from /opt/airflow/dags/dag2.py
[2026-05-01T00:29:54.613+0000] {processor.py:925} INFO - DAG(s) 'data_pipeline' retrieved from /opt/airflow/dags/dag2.py
[2026-05-01T00:29:54.673+0000] {logging_mixin.py:190} INFO - [2026-05-01T00:29:54.673+0000] {dag.py:3239} INFO - Sync 1 DAGs
[2026-05-01T00:29:54.708+0000] {logging_mixin.py:190} INFO - [2026-05-01T00:29:54.708+0000] {dag.py:4180} INFO - Setting next_dagrun for data_pipeline to 2026-04-30 15:30:00+00:00, run_after=2026-05-01 15:30:00+00:00
[2026-05-01T00:29:54.728+0000] {processor.py:208} INFO - Processing /opt/airflow/dags/dag2.py took 0.186 seconds
[2026-05-01T00:30:25.000+0000] {processor.py:186} INFO - Started process (PID=2123) to work on /opt/airflow/dags/dag2.py
[2026-05-01T00:30:25.003+0000] {processor.py:914} INFO - Processing file /opt/airflow/dags/dag2.py for tasks to queue
[2026-05-01T00:30:25.009+0000] {logging_mixin.py:190} INFO - [2026-05-01T00:30:25.008+0000] {dagbag.py:588} INFO - Filling up the DagBag from /opt/airflow/dags/dag2.py
[2026-05-01T00:30:25.055+0000] {processor.py:925} INFO - DAG(s) 'data_pipeline' retrieved from /opt/airflow/dags/dag2.py
[2026-05-01T00:30:25.143+0000] {logging_mixin.py:190} INFO - [2026-05-01T00:30:25.142+0000] {dag.py:3239} INFO - Sync 1 DAGs
[2026-05-01T00:30:25.219+0000] {logging_mixin.py:190} INFO - [2026-05-01T00:30:25.218+0000] {dag.py:4180} INFO - Setting next_dagrun for data_pipeline to 2026-04-30 15:30:00+00:00, run_after=2026-05-01 15:30:00+00:00
[2026-05-01T00:30:25.254+0000] {processor.py:208} INFO - Processing /opt/airflow/dags/dag2.py took 0.275 seconds
[2026-05-01T00:30:55.434+0000] {processor.py:186} INFO - Started process (PID=2139) to work on /opt/airflow/dags/dag2.py
[2026-05-01T00:30:55.436+0000] {processor.py:914} INFO - Processing file /opt/airflow/dags/dag2.py for tasks to queue
[2026-05-01T00:30:55.441+0000] {logging_mixin.py:190} INFO - [2026-05-01T00:30:55.440+0000] {dagbag.py:588} INFO - Filling up the DagBag from /opt/airflow/dags/dag2.py
[2026-05-01T00:30:55.472+0000] {processor.py:925} INFO - DAG(s) 'data_pipeline' retrieved from /opt/airflow/dags/dag2.py
[2026-05-01T00:30:55.538+0000] {logging_mixin.py:190} INFO - [2026-05-01T00:30:55.537+0000] {dag.py:3239} INFO - Sync 1 DAGs
[2026-05-01T00:30:55.600+0000] {logging_mixin.py:190} INFO - [2026-05-01T00:30:55.599+0000] {dag.py:4180} INFO - Setting next_dagrun for data_pipeline to 2026-04-30 15:30:00+00:00, run_after=2026-05-01 15:30:00+00:00
[2026-05-01T00:30:55.647+0000] {processor.py:208} INFO - Processing /opt/airflow/dags/dag2.py took 0.229 seconds
[2026-05-01T00:31:25.847+0000] {processor.py:186} INFO - Started process (PID=2155) to work on /opt/airflow/dags/dag2.py
[2026-05-01T00:31:25.848+0000] {processor.py:914} INFO - Processing file /opt/airflow/dags/dag2.py for tasks to queue
[2026-05-01T00:31:25.853+0000] {logging_mixin.py:190} INFO - [2026-05-01T00:31:25.852+0000] {dagbag.py:588} INFO - Filling up the DagBag from /opt/airflow/dags/dag2.py
[2026-05-01T00:31:25.882+0000] {processor.py:925} INFO - DAG(s) 'data_pipeline' retrieved from /opt/airflow/dags/dag2.py
[2026-05-01T00:31:25.951+0000] {logging_mixin.py:190} INFO - [2026-05-01T00:31:25.951+0000] {dag.py:3239} INFO - Sync 1 DAGs
[2026-05-01T00:31:25.984+0000] {logging_mixin.py:190} INFO - [2026-05-01T00:31:25.984+0000] {dag.py:4180} INFO - Setting next_dagrun for data_pipeline to 2026-04-30 15:30:00+00:00, run_after=2026-05-01 15:30:00+00:00
[2026-05-01T00:31:26.001+0000] {processor.py:208} INFO - Processing /opt/airflow/dags/dag2.py took 0.170 seconds
[2026-05-01T00:31:56.259+0000] {processor.py:186} INFO - Started process (PID=2171) to work on /opt/airflow/dags/dag2.py
[2026-05-01T00:31:56.261+0000] {processor.py:914} INFO - Processing file /opt/airflow/dags/dag2.py for tasks to queue
[2026-05-01T00:31:56.266+0000] {logging_mixin.py:190} INFO - [2026-05-01T00:31:56.265+0000] {dagbag.py:588} INFO - Filling up the DagBag from /opt/airflow/dags/dag2.py
[2026-05-01T00:31:56.296+0000] {processor.py:925} INFO - DAG(s) 'data_pipeline' retrieved from /opt/airflow/dags/dag2.py
[2026-05-01T00:31:56.363+0000] {logging_mixin.py:190} INFO - [2026-05-01T00:31:56.362+0000] {dag.py:3239} INFO - Sync 1 DAGs
[2026-05-01T00:31:56.450+0000] {logging_mixin.py:190} INFO - [2026-05-01T00:31:56.450+0000] {dag.py:4180} INFO - Setting next_dagrun for data_pipeline to 2026-04-30 15:30:00+00:00, run_after=2026-05-01 15:30:00+00:00
[2026-05-01T00:31:56.492+0000] {processor.py:208} INFO - Processing /opt/airflow/dags/dag2.py took 0.254 seconds
[2026-05-01T17:41:52.864+0000] {processor.py:186} INFO - Started process (PID=182) to work on /opt/airflow/dags/dag2.py
[2026-05-01T17:41:52.865+0000] {processor.py:914} INFO - Processing file /opt/airflow/dags/dag2.py for tasks to queue
[2026-05-01T17:41:52.868+0000] {logging_mixin.py:190} INFO - [2026-05-01T17:41:52.868+0000] {dagbag.py:588} INFO - Filling up the DagBag from /opt/airflow/dags/dag2.py
[2026-05-01T17:41:52.880+0000] {processor.py:925} INFO - DAG(s) 'data_pipeline' retrieved from /opt/airflow/dags/dag2.py
[2026-05-01T17:41:52.913+0000] {logging_mixin.py:190} INFO - [2026-05-01T17:41:52.913+0000] {dag.py:3239} INFO - Sync 1 DAGs
[2026-05-01T17:41:52.945+0000] {logging_mixin.py:190} INFO - [2026-05-01T17:41:52.945+0000] {dag.py:4180} INFO - Setting next_dagrun for data_pipeline to 2026-05-01 15:30:00+00:00, run_after=2026-05-02 15:30:00+00:00
[2026-05-01T17:41:52.963+0000] {processor.py:208} INFO - Processing /opt/airflow/dags/dag2.py took 0.106 seconds
[2026-05-01T17:42:23.166+0000] {processor.py:186} INFO - Started process (PID=224) to work on /opt/airflow/dags/dag2.py
[2026-05-01T17:42:23.168+0000] {processor.py:914} INFO - Processing file /opt/airflow/dags/dag2.py for tasks to queue
[2026-05-01T17:42:23.176+0000] {logging_mixin.py:190} INFO - [2026-05-01T17:42:23.175+0000] {dagbag.py:588} INFO - Filling up the DagBag from /opt/airflow/dags/dag2.py
[2026-05-01T17:42:23.208+0000] {processor.py:925} INFO - DAG(s) 'data_pipeline' retrieved from /opt/airflow/dags/dag2.py
[2026-05-01T17:42:23.275+0000] {logging_mixin.py:190} INFO - [2026-05-01T17:42:23.275+0000] {dag.py:3239} INFO - Sync 1 DAGs
[2026-05-01T17:42:23.330+0000] {logging_mixin.py:190} INFO - [2026-05-01T17:42:23.330+0000] {dag.py:4180} INFO - Setting next_dagrun for data_pipeline to 2026-05-01 15:30:00+00:00, run_after=2026-05-02 15:30:00+00:00
[2026-05-01T17:42:23.369+0000] {processor.py:208} INFO - Processing /opt/airflow/dags/dag2.py took 0.222 seconds
[2026-05-01T17:42:53.548+0000] {processor.py:186} INFO - Started process (PID=240) to work on /opt/airflow/dags/dag2.py
[2026-05-01T17:42:53.550+0000] {processor.py:914} INFO - Processing file /opt/airflow/dags/dag2.py for tasks to queue
[2026-05-01T17:42:53.555+0000] {logging_mixin.py:190} INFO - [2026-05-01T17:42:53.554+0000] {dagbag.py:588} INFO - Filling up the DagBag from /opt/airflow/dags/dag2.py
[2026-05-01T17:42:53.596+0000] {processor.py:925} INFO - DAG(s) 'data_pipeline' retrieved from /opt/airflow/dags/dag2.py
[2026-05-01T17:42:53.666+0000] {logging_mixin.py:190} INFO - [2026-05-01T17:42:53.666+0000] {dag.py:3239} INFO - Sync 1 DAGs
[2026-05-01T17:42:53.728+0000] {logging_mixin.py:190} INFO - [2026-05-01T17:42:53.727+0000] {dag.py:4180} INFO - Setting next_dagrun for data_pipeline to 2026-05-01 15:30:00+00:00, run_after=2026-05-02 15:30:00+00:00
[2026-05-01T17:42:53.775+0000] {processor.py:208} INFO - Processing /opt/airflow/dags/dag2.py took 0.243 seconds
[2026-05-01T17:43:23.904+0000] {processor.py:186} INFO - Started process (PID=256) to work on /opt/airflow/dags/dag2.py
[2026-05-01T17:43:23.906+0000] {processor.py:914} INFO - Processing file /opt/airflow/dags/dag2.py for tasks to queue
[2026-05-01T17:43:23.907+0000] {logging_mixin.py:190} INFO - [2026-05-01T17:43:23.907+0000] {dagbag.py:588} INFO - Filling up the DagBag from /opt/airflow/dags/dag2.py
[2026-05-01T17:43:23.918+0000] {processor.py:925} INFO - DAG(s) 'data_pipeline' retrieved from /opt/airflow/dags/dag2.py
[2026-05-01T17:43:23.950+0000] {logging_mixin.py:190} INFO - [2026-05-01T17:43:23.950+0000] {dag.py:3239} INFO - Sync 1 DAGs
[2026-05-01T17:43:23.994+0000] {logging_mixin.py:190} INFO - [2026-05-01T17:43:23.993+0000] {dag.py:4180} INFO - Setting next_dagrun for data_pipeline to 2026-05-01 15:30:00+00:00, run_after=2026-05-02 15:30:00+00:00
[2026-05-01T17:43:24.022+0000] {processor.py:208} INFO - Processing /opt/airflow/dags/dag2.py took 0.123 seconds
[2026-05-01T17:43:54.224+0000] {processor.py:186} INFO - Started process (PID=272) to work on /opt/airflow/dags/dag2.py
[2026-05-01T17:43:54.224+0000] {processor.py:914} INFO - Processing file /opt/airflow/dags/dag2.py for tasks to queue
[2026-05-01T17:43:54.226+0000] {logging_mixin.py:190} INFO - [2026-05-01T17:43:54.226+0000] {dagbag.py:588} INFO - Filling up the DagBag from /opt/airflow/dags/dag2.py
[2026-05-01T17:43:54.237+0000] {processor.py:925} INFO - DAG(s) 'data_pipeline' retrieved from /opt/airflow/dags/dag2.py
[2026-05-01T17:43:54.269+0000] {logging_mixin.py:190} INFO - [2026-05-01T17:43:54.268+0000] {dag.py:3239} INFO - Sync 1 DAGs
[2026-05-01T17:43:54.308+0000] {logging_mixin.py:190} INFO - [2026-05-01T17:43:54.308+0000] {dag.py:4180} INFO - Setting next_dagrun for data_pipeline to 2026-05-01 15:30:00+00:00, run_after=2026-05-02 15:30:00+00:00
[2026-05-01T17:43:54.334+0000] {processor.py:208} INFO - Processing /opt/airflow/dags/dag2.py took 0.115 seconds
[2026-05-01T17:44:24.569+0000] {processor.py:186} INFO - Started process (PID=288) to work on /opt/airflow/dags/dag2.py
[2026-05-01T17:44:24.570+0000] {processor.py:914} INFO - Processing file /opt/airflow/dags/dag2.py for tasks to queue
[2026-05-01T17:44:24.575+0000] {logging_mixin.py:190} INFO - [2026-05-01T17:44:24.575+0000] {dagbag.py:588} INFO - Filling up the DagBag from /opt/airflow/dags/dag2.py
[2026-05-01T17:44:24.605+0000] {processor.py:925} INFO - DAG(s) 'data_pipeline' retrieved from /opt/airflow/dags/dag2.py
[2026-05-01T17:44:24.667+0000] {logging_mixin.py:190} INFO - [2026-05-01T17:44:24.666+0000] {dag.py:3239} INFO - Sync 1 DAGs
[2026-05-01T17:44:24.710+0000] {logging_mixin.py:190} INFO - [2026-05-01T17:44:24.710+0000] {dag.py:4180} INFO - Setting next_dagrun for data_pipeline to 2026-05-01 15:30:00+00:00, run_after=2026-05-02 15:30:00+00:00
[2026-05-01T17:44:24.726+0000] {processor.py:208} INFO - Processing /opt/airflow/dags/dag2.py took 0.175 seconds
[2026-05-01T17:44:54.977+0000] {processor.py:186} INFO - Started process (PID=304) to work on /opt/airflow/dags/dag2.py
[2026-05-01T17:44:54.980+0000] {processor.py:914} INFO - Processing file /opt/airflow/dags/dag2.py for tasks to queue
[2026-05-01T17:44:54.988+0000] {logging_mixin.py:190} INFO - [2026-05-01T17:44:54.987+0000] {dagbag.py:588} INFO - Filling up the DagBag from /opt/airflow/dags/dag2.py
[2026-05-01T17:44:55.030+0000] {processor.py:925} INFO - DAG(s) 'data_pipeline' retrieved from /opt/airflow/dags/dag2.py
[2026-05-01T17:44:55.106+0000] {logging_mixin.py:190} INFO - [2026-05-01T17:44:55.106+0000] {dag.py:3239} INFO - Sync 1 DAGs
[2026-05-01T17:44:55.138+0000] {logging_mixin.py:190} INFO - [2026-05-01T17:44:55.137+0000] {dag.py:4180} INFO - Setting next_dagrun for data_pipeline to 2026-05-01 15:30:00+00:00, run_after=2026-05-02 15:30:00+00:00
[2026-05-01T17:44:55.154+0000] {processor.py:208} INFO - Processing /opt/airflow/dags/dag2.py took 0.205 seconds
[2026-05-01T17:45:25.346+0000] {processor.py:186} INFO - Started process (PID=320) to work on /opt/airflow/dags/dag2.py
[2026-05-01T17:45:25.347+0000] {processor.py:914} INFO - Processing file /opt/airflow/dags/dag2.py for tasks to queue
[2026-05-01T17:45:25.349+0000] {logging_mixin.py:190} INFO - [2026-05-01T17:45:25.349+0000] {dagbag.py:588} INFO - Filling up the DagBag from /opt/airflow/dags/dag2.py
[2026-05-01T17:45:25.361+0000] {processor.py:925} INFO - DAG(s) 'data_pipeline' retrieved from /opt/airflow/dags/dag2.py
[2026-05-01T17:45:25.394+0000] {logging_mixin.py:190} INFO - [2026-05-01T17:45:25.394+0000] {dag.py:3239} INFO - Sync 1 DAGs
[2026-05-01T17:45:25.427+0000] {logging_mixin.py:190} INFO - [2026-05-01T17:45:25.427+0000] {dag.py:4180} INFO - Setting next_dagrun for data_pipeline to 2026-05-01 15:30:00+00:00, run_after=2026-05-02 15:30:00+00:00
[2026-05-01T17:45:25.446+0000] {processor.py:208} INFO - Processing /opt/airflow/dags/dag2.py took 0.106 seconds
[2026-05-01T17:45:55.710+0000] {processor.py:186} INFO - Started process (PID=336) to work on /opt/airflow/dags/dag2.py
[2026-05-01T17:45:55.712+0000] {processor.py:914} INFO - Processing file /opt/airflow/dags/dag2.py for tasks to queue
[2026-05-01T17:45:55.718+0000] {logging_mixin.py:190} INFO - [2026-05-01T17:45:55.717+0000] {dagbag.py:588} INFO - Filling up the DagBag from /opt/airflow/dags/dag2.py
[2026-05-01T17:45:55.754+0000] {processor.py:925} INFO - DAG(s) 'data_pipeline' retrieved from /opt/airflow/dags/dag2.py
[2026-05-01T17:45:55.836+0000] {logging_mixin.py:190} INFO - [2026-05-01T17:45:55.836+0000] {dag.py:3239} INFO - Sync 1 DAGs
[2026-05-01T17:45:55.885+0000] {logging_mixin.py:190} INFO - [2026-05-01T17:45:55.885+0000] {dag.py:4180} INFO - Setting next_dagrun for data_pipeline to 2026-05-01 15:30:00+00:00, run_after=2026-05-02 15:30:00+00:00
[2026-05-01T17:45:55.911+0000] {processor.py:208} INFO - Processing /opt/airflow/dags/dag2.py took 0.227 seconds
[2026-05-01T17:46:26.157+0000] {processor.py:186} INFO - Started process (PID=352) to work on /opt/airflow/dags/dag2.py
[2026-05-01T17:46:26.160+0000] {processor.py:914} INFO - Processing file /opt/airflow/dags/dag2.py for tasks to queue
[2026-05-01T17:46:26.166+0000] {logging_mixin.py:190} INFO - [2026-05-01T17:46:26.165+0000] {dagbag.py:588} INFO - Filling up the DagBag from /opt/airflow/dags/dag2.py
[2026-05-01T17:46:26.203+0000] {processor.py:925} INFO - DAG(s) 'data_pipeline' retrieved from /opt/airflow/dags/dag2.py
[2026-05-01T17:46:26.289+0000] {logging_mixin.py:190} INFO - [2026-05-01T17:46:26.288+0000] {dag.py:3239} INFO - Sync 1 DAGs
[2026-05-01T17:46:26.370+0000] {logging_mixin.py:190} INFO - [2026-05-01T17:46:26.369+0000] {dag.py:4180} INFO - Setting next_dagrun for data_pipeline to 2026-05-01 15:30:00+00:00, run_after=2026-05-02 15:30:00+00:00
[2026-05-01T17:46:26.426+0000] {processor.py:208} INFO - Processing /opt/airflow/dags/dag2.py took 0.288 seconds
[2026-05-01T17:46:56.623+0000] {processor.py:186} INFO - Started process (PID=368) to work on /opt/airflow/dags/dag2.py
[2026-05-01T17:46:56.625+0000] {processor.py:914} INFO - Processing file /opt/airflow/dags/dag2.py for tasks to queue
[2026-05-01T17:46:56.630+0000] {logging_mixin.py:190} INFO - [2026-05-01T17:46:56.629+0000] {dagbag.py:588} INFO - Filling up the DagBag from /opt/airflow/dags/dag2.py
[2026-05-01T17:46:56.662+0000] {processor.py:925} INFO - DAG(s) 'data_pipeline' retrieved from /opt/airflow/dags/dag2.py
[2026-05-01T17:46:56.732+0000] {logging_mixin.py:190} INFO - [2026-05-01T17:46:56.732+0000] {dag.py:3239} INFO - Sync 1 DAGs
[2026-05-01T17:46:56.762+0000] {logging_mixin.py:190} INFO - [2026-05-01T17:46:56.761+0000] {dag.py:4180} INFO - Setting next_dagrun for data_pipeline to 2026-05-01 15:30:00+00:00, run_after=2026-05-02 15:30:00+00:00
[2026-05-01T17:46:56.779+0000] {processor.py:208} INFO - Processing /opt/airflow/dags/dag2.py took 0.173 seconds
[2026-05-01T17:47:27.039+0000] {processor.py:186} INFO - Started process (PID=384) to work on /opt/airflow/dags/dag2.py
[2026-05-01T17:47:27.040+0000] {processor.py:914} INFO - Processing file /opt/airflow/dags/dag2.py for tasks to queue
[2026-05-01T17:47:27.046+0000] {logging_mixin.py:190} INFO - [2026-05-01T17:47:27.045+0000] {dagbag.py:588} INFO - Filling up the DagBag from /opt/airflow/dags/dag2.py
[2026-05-01T17:47:27.078+0000] {processor.py:925} INFO - DAG(s) 'data_pipeline' retrieved from /opt/airflow/dags/dag2.py
[2026-05-01T17:47:27.147+0000] {logging_mixin.py:190} INFO - [2026-05-01T17:47:27.146+0000] {dag.py:3239} INFO - Sync 1 DAGs
[2026-05-01T17:47:27.218+0000] {logging_mixin.py:190} INFO - [2026-05-01T17:47:27.217+0000] {dag.py:4180} INFO - Setting next_dagrun for data_pipeline to 2026-05-01 15:30:00+00:00, run_after=2026-05-02 15:30:00+00:00
[2026-05-01T17:47:27.261+0000] {processor.py:208} INFO - Processing /opt/airflow/dags/dag2.py took 0.244 seconds
[2026-05-01T17:47:57.446+0000] {processor.py:186} INFO - Started process (PID=400) to work on /opt/airflow/dags/dag2.py
[2026-05-01T17:47:57.448+0000] {processor.py:914} INFO - Processing file /opt/airflow/dags/dag2.py for tasks to queue
[2026-05-01T17:47:57.453+0000] {logging_mixin.py:190} INFO - [2026-05-01T17:47:57.452+0000] {dagbag.py:588} INFO - Filling up the DagBag from /opt/airflow/dags/dag2.py
[2026-05-01T17:47:57.485+0000] {processor.py:925} INFO - DAG(s) 'data_pipeline' retrieved from /opt/airflow/dags/dag2.py
[2026-05-01T17:47:57.571+0000] {logging_mixin.py:190} INFO - [2026-05-01T17:47:57.570+0000] {dag.py:3239} INFO - Sync 1 DAGs
[2026-05-01T17:47:57.627+0000] {logging_mixin.py:190} INFO - [2026-05-01T17:47:57.626+0000] {dag.py:4180} INFO - Setting next_dagrun for data_pipeline to 2026-05-01 15:30:00+00:00, run_after=2026-05-02 15:30:00+00:00
[2026-05-01T17:47:57.651+0000] {processor.py:208} INFO - Processing /opt/airflow/dags/dag2.py took 0.223 seconds
[2026-05-01T17:48:27.858+0000] {processor.py:186} INFO - Started process (PID=422) to work on /opt/airflow/dags/dag2.py
[2026-05-01T17:48:27.859+0000] {processor.py:914} INFO - Processing file /opt/airflow/dags/dag2.py for tasks to queue
[2026-05-01T17:48:27.864+0000] {logging_mixin.py:190} INFO - [2026-05-01T17:48:27.863+0000] {dagbag.py:588} INFO - Filling up the DagBag from /opt/airflow/dags/dag2.py
[2026-05-01T17:48:27.894+0000] {processor.py:925} INFO - DAG(s) 'data_pipeline' retrieved from /opt/airflow/dags/dag2.py
[2026-05-01T17:48:27.963+0000] {logging_mixin.py:190} INFO - [2026-05-01T17:48:27.962+0000] {dag.py:3239} INFO - Sync 1 DAGs
[2026-05-01T17:48:28.016+0000] {logging_mixin.py:190} INFO - [2026-05-01T17:48:28.015+0000] {dag.py:4180} INFO - Setting next_dagrun for data_pipeline to 2026-05-01 15:30:00+00:00, run_after=2026-05-02 15:30:00+00:00
[2026-05-01T17:48:28.044+0000] {processor.py:208} INFO - Processing /opt/airflow/dags/dag2.py took 0.206 seconds
[2026-05-01T17:48:58.264+0000] {processor.py:186} INFO - Started process (PID=438) to work on /opt/airflow/dags/dag2.py
[2026-05-01T17:48:58.266+0000] {processor.py:914} INFO - Processing file /opt/airflow/dags/dag2.py for tasks to queue
[2026-05-01T17:48:58.271+0000] {logging_mixin.py:190} INFO - [2026-05-01T17:48:58.270+0000] {dagbag.py:588} INFO - Filling up the DagBag from /opt/airflow/dags/dag2.py
[2026-05-01T17:48:58.305+0000] {processor.py:925} INFO - DAG(s) 'data_pipeline' retrieved from /opt/airflow/dags/dag2.py
[2026-05-01T17:48:58.360+0000] {logging_mixin.py:190} INFO - [2026-05-01T17:48:58.359+0000] {dag.py:3239} INFO - Sync 1 DAGs
[2026-05-01T17:48:58.394+0000] {logging_mixin.py:190} INFO - [2026-05-01T17:48:58.394+0000] {dag.py:4180} INFO - Setting next_dagrun for data_pipeline to 2026-05-01 15:30:00+00:00, run_after=2026-05-02 15:30:00+00:00
[2026-05-01T17:48:58.410+0000] {processor.py:208} INFO - Processing /opt/airflow/dags/dag2.py took 0.163 seconds
[2026-05-01T17:49:28.605+0000] {processor.py:186} INFO - Started process (PID=454) to work on /opt/airflow/dags/dag2.py
[2026-05-01T17:49:28.607+0000] {processor.py:914} INFO - Processing file /opt/airflow/dags/dag2.py for tasks to queue
[2026-05-01T17:49:28.612+0000] {logging_mixin.py:190} INFO - [2026-05-01T17:49:28.611+0000] {dagbag.py:588} INFO - Filling up the DagBag from /opt/airflow/dags/dag2.py
[2026-05-01T17:49:28.644+0000] {processor.py:925} INFO - DAG(s) 'data_pipeline' retrieved from /opt/airflow/dags/dag2.py
[2026-05-01T17:49:28.712+0000] {logging_mixin.py:190} INFO - [2026-05-01T17:49:28.712+0000] {dag.py:3239} INFO - Sync 1 DAGs
[2026-05-01T17:49:28.768+0000] {logging_mixin.py:190} INFO - [2026-05-01T17:49:28.768+0000] {dag.py:4180} INFO - Setting next_dagrun for data_pipeline to 2026-05-01 15:30:00+00:00, run_after=2026-05-02 15:30:00+00:00
[2026-05-01T17:49:28.799+0000] {processor.py:208} INFO - Processing /opt/airflow/dags/dag2.py took 0.210 seconds
[2026-05-01T17:49:59.024+0000] {processor.py:186} INFO - Started process (PID=470) to work on /opt/airflow/dags/dag2.py
[2026-05-01T17:49:59.026+0000] {processor.py:914} INFO - Processing file /opt/airflow/dags/dag2.py for tasks to queue
[2026-05-01T17:49:59.031+0000] {logging_mixin.py:190} INFO - [2026-05-01T17:49:59.031+0000] {dagbag.py:588} INFO - Filling up the DagBag from /opt/airflow/dags/dag2.py
[2026-05-01T17:49:59.071+0000] {processor.py:925} INFO - DAG(s) 'data_pipeline' retrieved from /opt/airflow/dags/dag2.py
[2026-05-01T17:49:59.139+0000] {logging_mixin.py:190} INFO - [2026-05-01T17:49:59.139+0000] {dag.py:3239} INFO - Sync 1 DAGs
[2026-05-01T17:49:59.204+0000] {logging_mixin.py:190} INFO - [2026-05-01T17:49:59.204+0000] {dag.py:4180} INFO - Setting next_dagrun for data_pipeline to 2026-05-01 15:30:00+00:00, run_after=2026-05-02 15:30:00+00:00
[2026-05-01T17:49:59.253+0000] {processor.py:208} INFO - Processing /opt/airflow/dags/dag2.py took 0.254 seconds
[2026-05-01T17:50:29.434+0000] {processor.py:186} INFO - Started process (PID=486) to work on /opt/airflow/dags/dag2.py
[2026-05-01T17:50:29.435+0000] {processor.py:914} INFO - Processing file /opt/airflow/dags/dag2.py for tasks to queue
[2026-05-01T17:50:29.441+0000] {logging_mixin.py:190} INFO - [2026-05-01T17:50:29.440+0000] {dagbag.py:588} INFO - Filling up the DagBag from /opt/airflow/dags/dag2.py
[2026-05-01T17:50:29.479+0000] {processor.py:925} INFO - DAG(s) 'data_pipeline' retrieved from /opt/airflow/dags/dag2.py
[2026-05-01T17:50:29.549+0000] {logging_mixin.py:190} INFO - [2026-05-01T17:50:29.549+0000] {dag.py:3239} INFO - Sync 1 DAGs
[2026-05-01T17:50:29.604+0000] {logging_mixin.py:190} INFO - [2026-05-01T17:50:29.603+0000] {dag.py:4180} INFO - Setting next_dagrun for data_pipeline to 2026-05-01 15:30:00+00:00, run_after=2026-05-02 15:30:00+00:00
[2026-05-01T17:50:29.640+0000] {processor.py:208} INFO - Processing /opt/airflow/dags/dag2.py took 0.224 seconds
[2026-05-01T17:50:59.852+0000] {processor.py:186} INFO - Started process (PID=502) to work on /opt/airflow/dags/dag2.py
[2026-05-01T17:50:59.854+0000] {processor.py:914} INFO - Processing file /opt/airflow/dags/dag2.py for tasks to queue
[2026-05-01T17:50:59.860+0000] {logging_mixin.py:190} INFO - [2026-05-01T17:50:59.859+0000] {dagbag.py:588} INFO - Filling up the DagBag from /opt/airflow/dags/dag2.py
[2026-05-01T17:50:59.893+0000] {processor.py:925} INFO - DAG(s) 'data_pipeline' retrieved from /opt/airflow/dags/dag2.py
[2026-05-01T17:50:59.970+0000] {logging_mixin.py:190} INFO - [2026-05-01T17:50:59.969+0000] {dag.py:3239} INFO - Sync 1 DAGs
[2026-05-01T17:51:00.027+0000] {logging_mixin.py:190} INFO - [2026-05-01T17:51:00.026+0000] {dag.py:4180} INFO - Setting next_dagrun for data_pipeline to 2026-05-01 15:30:00+00:00, run_after=2026-05-02 15:30:00+00:00
[2026-05-01T17:51:00.067+0000] {processor.py:208} INFO - Processing /opt/airflow/dags/dag2.py took 0.232 seconds
[2026-05-01T17:51:30.265+0000] {processor.py:186} INFO - Started process (PID=518) to work on /opt/airflow/dags/dag2.py
[2026-05-01T17:51:30.267+0000] {processor.py:914} INFO - Processing file /opt/airflow/dags/dag2.py for tasks to queue
[2026-05-01T17:51:30.272+0000] {logging_mixin.py:190} INFO - [2026-05-01T17:51:30.271+0000] {dagbag.py:588} INFO - Filling up the DagBag from /opt/airflow/dags/dag2.py
[2026-05-01T17:51:30.303+0000] {processor.py:925} INFO - DAG(s) 'data_pipeline' retrieved from /opt/airflow/dags/dag2.py
[2026-05-01T17:51:30.375+0000] {logging_mixin.py:190} INFO - [2026-05-01T17:51:30.374+0000] {dag.py:3239} INFO - Sync 1 DAGs
[2026-05-01T17:51:30.606+0000] {logging_mixin.py:190} INFO - [2026-05-01T17:51:30.606+0000] {dag.py:4180} INFO - Setting next_dagrun for data_pipeline to 2026-05-01 15:30:00+00:00, run_after=2026-05-02 15:30:00+00:00
[2026-05-01T17:51:30.627+0000] {processor.py:208} INFO - Processing /opt/airflow/dags/dag2.py took 0.383 seconds
[2026-05-01T17:52:00.819+0000] {processor.py:186} INFO - Started process (PID=536) to work on /opt/airflow/dags/dag2.py
[2026-05-01T17:52:00.821+0000] {processor.py:914} INFO - Processing file /opt/airflow/dags/dag2.py for tasks to queue
[2026-05-01T17:52:00.826+0000] {logging_mixin.py:190} INFO - [2026-05-01T17:52:00.825+0000] {dagbag.py:588} INFO - Filling up the DagBag from /opt/airflow/dags/dag2.py
[2026-05-01T17:52:00.856+0000] {processor.py:925} INFO - DAG(s) 'data_pipeline' retrieved from /opt/airflow/dags/dag2.py
[2026-05-01T17:52:00.921+0000] {logging_mixin.py:190} INFO - [2026-05-01T17:52:00.920+0000] {dag.py:3239} INFO - Sync 1 DAGs
[2026-05-01T17:52:00.986+0000] {logging_mixin.py:190} INFO - [2026-05-01T17:52:00.985+0000] {dag.py:4180} INFO - Setting next_dagrun for data_pipeline to 2026-05-01 15:30:00+00:00, run_after=2026-05-02 15:30:00+00:00
[2026-05-01T17:52:01.030+0000] {processor.py:208} INFO - Processing /opt/airflow/dags/dag2.py took 0.226 seconds
[2026-05-01T17:52:31.116+0000] {processor.py:186} INFO - Started process (PID=550) to work on /opt/airflow/dags/dag2.py
[2026-05-01T17:52:31.117+0000] {processor.py:914} INFO - Processing file /opt/airflow/dags/dag2.py for tasks to queue
[2026-05-01T17:52:31.123+0000] {logging_mixin.py:190} INFO - [2026-05-01T17:52:31.122+0000] {dagbag.py:588} INFO - Filling up the DagBag from /opt/airflow/dags/dag2.py
[2026-05-01T17:52:31.158+0000] {processor.py:925} INFO - DAG(s) 'data_pipeline' retrieved from /opt/airflow/dags/dag2.py
[2026-05-01T17:52:31.231+0000] {logging_mixin.py:190} INFO - [2026-05-01T17:52:31.230+0000] {dag.py:3239} INFO - Sync 1 DAGs
[2026-05-01T17:52:31.297+0000] {logging_mixin.py:190} INFO - [2026-05-01T17:52:31.296+0000] {dag.py:4180} INFO - Setting next_dagrun for data_pipeline to 2026-05-01 15:30:00+00:00, run_after=2026-05-02 15:30:00+00:00
[2026-05-01T17:52:31.342+0000] {processor.py:208} INFO - Processing /opt/airflow/dags/dag2.py took 0.243 seconds
[2026-05-01T17:53:01.542+0000] {processor.py:186} INFO - Started process (PID=566) to work on /opt/airflow/dags/dag2.py
[2026-05-01T17:53:01.544+0000] {processor.py:914} INFO - Processing file /opt/airflow/dags/dag2.py for tasks to queue
[2026-05-01T17:53:01.549+0000] {logging_mixin.py:190} INFO - [2026-05-01T17:53:01.548+0000] {dagbag.py:588} INFO - Filling up the DagBag from /opt/airflow/dags/dag2.py
[2026-05-01T17:53:01.580+0000] {processor.py:925} INFO - DAG(s) 'data_pipeline' retrieved from /opt/airflow/dags/dag2.py
[2026-05-01T17:53:01.651+0000] {logging_mixin.py:190} INFO - [2026-05-01T17:53:01.651+0000] {dag.py:3239} INFO - Sync 1 DAGs
[2026-05-01T17:53:01.691+0000] {logging_mixin.py:190} INFO - [2026-05-01T17:53:01.691+0000] {dag.py:4180} INFO - Setting next_dagrun for data_pipeline to 2026-05-01 15:30:00+00:00, run_after=2026-05-02 15:30:00+00:00
[2026-05-01T17:53:01.717+0000] {processor.py:208} INFO - Processing /opt/airflow/dags/dag2.py took 0.191 seconds
[2026-05-01T17:53:31.914+0000] {processor.py:186} INFO - Started process (PID=582) to work on /opt/airflow/dags/dag2.py
[2026-05-01T17:53:31.915+0000] {processor.py:914} INFO - Processing file /opt/airflow/dags/dag2.py for tasks to queue
[2026-05-01T17:53:31.917+0000] {logging_mixin.py:190} INFO - [2026-05-01T17:53:31.917+0000] {dagbag.py:588} INFO - Filling up the DagBag from /opt/airflow/dags/dag2.py
[2026-05-01T17:53:31.932+0000] {processor.py:925} INFO - DAG(s) 'data_pipeline' retrieved from /opt/airflow/dags/dag2.py
[2026-05-01T17:53:31.959+0000] {logging_mixin.py:190} INFO - [2026-05-01T17:53:31.959+0000] {dag.py:3239} INFO - Sync 1 DAGs
[2026-05-01T17:53:32.094+0000] {logging_mixin.py:190} INFO - [2026-05-01T17:53:32.094+0000] {dag.py:4180} INFO - Setting next_dagrun for data_pipeline to 2026-05-01 15:30:00+00:00, run_after=2026-05-02 15:30:00+00:00
[2026-05-01T17:53:32.114+0000] {processor.py:208} INFO - Processing /opt/airflow/dags/dag2.py took 0.206 seconds
[2026-05-01T17:54:02.289+0000] {processor.py:186} INFO - Started process (PID=598) to work on /opt/airflow/dags/dag2.py
[2026-05-01T17:54:02.292+0000] {processor.py:914} INFO - Processing file /opt/airflow/dags/dag2.py for tasks to queue
[2026-05-01T17:54:02.300+0000] {logging_mixin.py:190} INFO - [2026-05-01T17:54:02.299+0000] {dagbag.py:588} INFO - Filling up the DagBag from /opt/airflow/dags/dag2.py
[2026-05-01T17:54:02.326+0000] {processor.py:925} INFO - DAG(s) 'data_pipeline' retrieved from /opt/airflow/dags/dag2.py
[2026-05-01T17:54:02.368+0000] {logging_mixin.py:190} INFO - [2026-05-01T17:54:02.368+0000] {dag.py:3239} INFO - Sync 1 DAGs
[2026-05-01T17:54:02.408+0000] {logging_mixin.py:190} INFO - [2026-05-01T17:54:02.408+0000] {dag.py:4180} INFO - Setting next_dagrun for data_pipeline to 2026-05-01 15:30:00+00:00, run_after=2026-05-02 15:30:00+00:00
[2026-05-01T17:54:02.434+0000] {processor.py:208} INFO - Processing /opt/airflow/dags/dag2.py took 0.168 seconds
[2026-05-01T17:54:32.674+0000] {processor.py:186} INFO - Started process (PID=614) to work on /opt/airflow/dags/dag2.py
[2026-05-01T17:54:32.676+0000] {processor.py:914} INFO - Processing file /opt/airflow/dags/dag2.py for tasks to queue
[2026-05-01T17:54:32.681+0000] {logging_mixin.py:190} INFO - [2026-05-01T17:54:32.680+0000] {dagbag.py:588} INFO - Filling up the DagBag from /opt/airflow/dags/dag2.py
[2026-05-01T17:54:32.713+0000] {processor.py:925} INFO - DAG(s) 'data_pipeline' retrieved from /opt/airflow/dags/dag2.py
[2026-05-01T17:54:32.780+0000] {logging_mixin.py:190} INFO - [2026-05-01T17:54:32.780+0000] {dag.py:3239} INFO - Sync 1 DAGs
[2026-05-01T17:54:32.837+0000] {logging_mixin.py:190} INFO - [2026-05-01T17:54:32.836+0000] {dag.py:4180} INFO - Setting next_dagrun for data_pipeline to 2026-05-01 15:30:00+00:00, run_after=2026-05-02 15:30:00+00:00
[2026-05-01T17:54:32.871+0000] {processor.py:208} INFO - Processing /opt/airflow/dags/dag2.py took 0.213 seconds
[2026-05-01T17:55:03.094+0000] {processor.py:186} INFO - Started process (PID=630) to work on /opt/airflow/dags/dag2.py
[2026-05-01T17:55:03.096+0000] {processor.py:914} INFO - Processing file /opt/airflow/dags/dag2.py for tasks to queue
[2026-05-01T17:55:03.101+0000] {logging_mixin.py:190} INFO - [2026-05-01T17:55:03.100+0000] {dagbag.py:588} INFO - Filling up the DagBag from /opt/airflow/dags/dag2.py
[2026-05-01T17:55:03.134+0000] {processor.py:925} INFO - DAG(s) 'data_pipeline' retrieved from /opt/airflow/dags/dag2.py
[2026-05-01T17:55:03.202+0000] {logging_mixin.py:190} INFO - [2026-05-01T17:55:03.202+0000] {dag.py:3239} INFO - Sync 1 DAGs
[2026-05-01T17:55:03.250+0000] {logging_mixin.py:190} INFO - [2026-05-01T17:55:03.250+0000] {dag.py:4180} INFO - Setting next_dagrun for data_pipeline to 2026-05-01 15:30:00+00:00, run_after=2026-05-02 15:30:00+00:00
[2026-05-01T17:55:03.278+0000] {processor.py:208} INFO - Processing /opt/airflow/dags/dag2.py took 0.201 seconds
[2026-05-01T17:55:33.503+0000] {processor.py:186} INFO - Started process (PID=646) to work on /opt/airflow/dags/dag2.py
[2026-05-01T17:55:33.504+0000] {processor.py:914} INFO - Processing file /opt/airflow/dags/dag2.py for tasks to queue
[2026-05-01T17:55:33.513+0000] {logging_mixin.py:190} INFO - [2026-05-01T17:55:33.511+0000] {dagbag.py:588} INFO - Filling up the DagBag from /opt/airflow/dags/dag2.py
[2026-05-01T17:55:33.551+0000] {processor.py:925} INFO - DAG(s) 'data_pipeline' retrieved from /opt/airflow/dags/dag2.py
[2026-05-01T17:55:33.615+0000] {logging_mixin.py:190} INFO - [2026-05-01T17:55:33.614+0000] {dag.py:3239} INFO - Sync 1 DAGs
[2026-05-01T17:55:33.754+0000] {logging_mixin.py:190} INFO - [2026-05-01T17:55:33.754+0000] {dag.py:4180} INFO - Setting next_dagrun for data_pipeline to 2026-05-01 15:30:00+00:00, run_after=2026-05-02 15:30:00+00:00
[2026-05-01T17:55:33.774+0000] {processor.py:208} INFO - Processing /opt/airflow/dags/dag2.py took 0.286 seconds
[2026-05-01T17:56:03.907+0000] {processor.py:186} INFO - Started process (PID=662) to work on /opt/airflow/dags/dag2.py
[2026-05-01T17:56:03.909+0000] {processor.py:914} INFO - Processing file /opt/airflow/dags/dag2.py for tasks to queue
[2026-05-01T17:56:03.914+0000] {logging_mixin.py:190} INFO - [2026-05-01T17:56:03.913+0000] {dagbag.py:588} INFO - Filling up the DagBag from /opt/airflow/dags/dag2.py
[2026-05-01T17:56:03.946+0000] {processor.py:925} INFO - DAG(s) 'data_pipeline' retrieved from /opt/airflow/dags/dag2.py
[2026-05-01T17:56:04.022+0000] {logging_mixin.py:190} INFO - [2026-05-01T17:56:04.021+0000] {dag.py:3239} INFO - Sync 1 DAGs
[2026-05-01T17:56:04.161+0000] {logging_mixin.py:190} INFO - [2026-05-01T17:56:04.161+0000] {dag.py:4180} INFO - Setting next_dagrun for data_pipeline to 2026-05-01 15:30:00+00:00, run_after=2026-05-02 15:30:00+00:00
[2026-05-01T17:56:04.174+0000] {processor.py:208} INFO - Processing /opt/airflow/dags/dag2.py took 0.283 seconds
[2026-05-01T17:56:34.306+0000] {processor.py:186} INFO - Started process (PID=678) to work on /opt/airflow/dags/dag2.py
[2026-05-01T17:56:34.308+0000] {processor.py:914} INFO - Processing file /opt/airflow/dags/dag2.py for tasks to queue
[2026-05-01T17:56:34.314+0000] {logging_mixin.py:190} INFO - [2026-05-01T17:56:34.313+0000] {dagbag.py:588} INFO - Filling up the DagBag from /opt/airflow/dags/dag2.py
[2026-05-01T17:56:34.345+0000] {processor.py:925} INFO - DAG(s) 'data_pipeline' retrieved from /opt/airflow/dags/dag2.py
[2026-05-01T17:56:34.417+0000] {logging_mixin.py:190} INFO - [2026-05-01T17:56:34.416+0000] {dag.py:3239} INFO - Sync 1 DAGs
[2026-05-01T17:56:34.451+0000] {logging_mixin.py:190} INFO - [2026-05-01T17:56:34.451+0000] {dag.py:4180} INFO - Setting next_dagrun for data_pipeline to 2026-05-01 15:30:00+00:00, run_after=2026-05-02 15:30:00+00:00
[2026-05-01T17:56:34.473+0000] {processor.py:208} INFO - Processing /opt/airflow/dags/dag2.py took 0.183 seconds
[2026-05-01T17:57:04.747+0000] {processor.py:186} INFO - Started process (PID=694) to work on /opt/airflow/dags/dag2.py
[2026-05-01T17:57:04.749+0000] {processor.py:914} INFO - Processing file /opt/airflow/dags/dag2.py for tasks to queue
[2026-05-01T17:57:04.754+0000] {logging_mixin.py:190} INFO - [2026-05-01T17:57:04.753+0000] {dagbag.py:588} INFO - Filling up the DagBag from /opt/airflow/dags/dag2.py
[2026-05-01T17:57:04.784+0000] {processor.py:925} INFO - DAG(s) 'data_pipeline' retrieved from /opt/airflow/dags/dag2.py
[2026-05-01T17:57:04.847+0000] {logging_mixin.py:190} INFO - [2026-05-01T17:57:04.846+0000] {dag.py:3239} INFO - Sync 1 DAGs
[2026-05-01T17:57:04.901+0000] {logging_mixin.py:190} INFO - [2026-05-01T17:57:04.901+0000] {dag.py:4180} INFO - Setting next_dagrun for data_pipeline to 2026-05-01 15:30:00+00:00, run_after=2026-05-02 15:30:00+00:00
[2026-05-01T17:57:04.936+0000] {processor.py:208} INFO - Processing /opt/airflow/dags/dag2.py took 0.204 seconds
[2026-05-01T17:57:35.158+0000] {processor.py:186} INFO - Started process (PID=710) to work on /opt/airflow/dags/dag2.py
[2026-05-01T17:57:35.160+0000] {processor.py:914} INFO - Processing file /opt/airflow/dags/dag2.py for tasks to queue
[2026-05-01T17:57:35.168+0000] {logging_mixin.py:190} INFO - [2026-05-01T17:57:35.167+0000] {dagbag.py:588} INFO - Filling up the DagBag from /opt/airflow/dags/dag2.py
[2026-05-01T17:57:35.205+0000] {processor.py:925} INFO - DAG(s) 'data_pipeline' retrieved from /opt/airflow/dags/dag2.py
[2026-05-01T17:57:35.271+0000] {logging_mixin.py:190} INFO - [2026-05-01T17:57:35.270+0000] {dag.py:3239} INFO - Sync 1 DAGs
[2026-05-01T17:57:35.420+0000] {logging_mixin.py:190} INFO - [2026-05-01T17:57:35.420+0000] {dag.py:4180} INFO - Setting next_dagrun for data_pipeline to 2026-05-01 15:30:00+00:00, run_after=2026-05-02 15:30:00+00:00
[2026-05-01T17:57:35.439+0000] {processor.py:208} INFO - Processing /opt/airflow/dags/dag2.py took 0.305 seconds
[2026-05-01T17:58:05.564+0000] {processor.py:186} INFO - Started process (PID=726) to work on /opt/airflow/dags/dag2.py
[2026-05-01T17:58:05.565+0000] {processor.py:914} INFO - Processing file /opt/airflow/dags/dag2.py for tasks to queue
[2026-05-01T17:58:05.571+0000] {logging_mixin.py:190} INFO - [2026-05-01T17:58:05.570+0000] {dagbag.py:588} INFO - Filling up the DagBag from /opt/airflow/dags/dag2.py
[2026-05-01T17:58:05.611+0000] {processor.py:925} INFO - DAG(s) 'data_pipeline' retrieved from /opt/airflow/dags/dag2.py
[2026-05-01T17:58:05.688+0000] {logging_mixin.py:190} INFO - [2026-05-01T17:58:05.687+0000] {dag.py:3239} INFO - Sync 1 DAGs
[2026-05-01T17:58:05.862+0000] {logging_mixin.py:190} INFO - [2026-05-01T17:58:05.862+0000] {dag.py:4180} INFO - Setting next_dagrun for data_pipeline to 2026-05-01 15:30:00+00:00, run_after=2026-05-02 15:30:00+00:00
[2026-05-01T17:58:05.882+0000] {processor.py:208} INFO - Processing /opt/airflow/dags/dag2.py took 0.335 seconds
[2026-05-01T17:58:35.981+0000] {processor.py:186} INFO - Started process (PID=742) to work on /opt/airflow/dags/dag2.py
[2026-05-01T17:58:35.983+0000] {processor.py:914} INFO - Processing file /opt/airflow/dags/dag2.py for tasks to queue
[2026-05-01T17:58:35.988+0000] {logging_mixin.py:190} INFO - [2026-05-01T17:58:35.987+0000] {dagbag.py:588} INFO - Filling up the DagBag from /opt/airflow/dags/dag2.py
[2026-05-01T17:58:36.019+0000] {processor.py:925} INFO - DAG(s) 'data_pipeline' retrieved from /opt/airflow/dags/dag2.py
[2026-05-01T17:58:36.085+0000] {logging_mixin.py:190} INFO - [2026-05-01T17:58:36.084+0000] {dag.py:3239} INFO - Sync 1 DAGs
[2026-05-01T17:58:36.133+0000] {logging_mixin.py:190} INFO - [2026-05-01T17:58:36.132+0000] {dag.py:4180} INFO - Setting next_dagrun for data_pipeline to 2026-05-01 15:30:00+00:00, run_after=2026-05-02 15:30:00+00:00
[2026-05-01T17:58:36.154+0000] {processor.py:208} INFO - Processing /opt/airflow/dags/dag2.py took 0.191 seconds
[2026-05-01T17:59:06.390+0000] {processor.py:186} INFO - Started process (PID=758) to work on /opt/airflow/dags/dag2.py
[2026-05-01T17:59:06.392+0000] {processor.py:914} INFO - Processing file /opt/airflow/dags/dag2.py for tasks to queue
[2026-05-01T17:59:06.397+0000] {logging_mixin.py:190} INFO - [2026-05-01T17:59:06.396+0000] {dagbag.py:588} INFO - Filling up the DagBag from /opt/airflow/dags/dag2.py
[2026-05-01T17:59:06.436+0000] {processor.py:925} INFO - DAG(s) 'data_pipeline' retrieved from /opt/airflow/dags/dag2.py
[2026-05-01T17:59:06.508+0000] {logging_mixin.py:190} INFO - [2026-05-01T17:59:06.508+0000] {dag.py:3239} INFO - Sync 1 DAGs
[2026-05-01T17:59:06.542+0000] {logging_mixin.py:190} INFO - [2026-05-01T17:59:06.542+0000] {dag.py:4180} INFO - Setting next_dagrun for data_pipeline to 2026-05-01 15:30:00+00:00, run_after=2026-05-02 15:30:00+00:00
[2026-05-01T17:59:06.565+0000] {processor.py:208} INFO - Processing /opt/airflow/dags/dag2.py took 0.192 seconds
[2026-05-01T17:59:36.794+0000] {processor.py:186} INFO - Started process (PID=774) to work on /opt/airflow/dags/dag2.py
[2026-05-01T17:59:36.795+0000] {processor.py:914} INFO - Processing file /opt/airflow/dags/dag2.py for tasks to queue
[2026-05-01T17:59:36.800+0000] {logging_mixin.py:190} INFO - [2026-05-01T17:59:36.799+0000] {dagbag.py:588} INFO - Filling up the DagBag from /opt/airflow/dags/dag2.py
[2026-05-01T17:59:36.833+0000] {processor.py:925} INFO - DAG(s) 'data_pipeline' retrieved from /opt/airflow/dags/dag2.py
[2026-05-01T17:59:36.873+0000] {logging_mixin.py:190} INFO - [2026-05-01T17:59:36.872+0000] {dag.py:3239} INFO - Sync 1 DAGs
[2026-05-01T17:59:36.999+0000] {logging_mixin.py:190} INFO - [2026-05-01T17:59:36.999+0000] {dag.py:4180} INFO - Setting next_dagrun for data_pipeline to 2026-05-01 15:30:00+00:00, run_after=2026-05-02 15:30:00+00:00
[2026-05-01T17:59:37.022+0000] {processor.py:208} INFO - Processing /opt/airflow/dags/dag2.py took 0.243 seconds
[2026-05-01T18:00:07.188+0000] {processor.py:186} INFO - Started process (PID=790) to work on /opt/airflow/dags/dag2.py
[2026-05-01T18:00:07.190+0000] {processor.py:914} INFO - Processing file /opt/airflow/dags/dag2.py for tasks to queue
[2026-05-01T18:00:07.195+0000] {logging_mixin.py:190} INFO - [2026-05-01T18:00:07.194+0000] {dagbag.py:588} INFO - Filling up the DagBag from /opt/airflow/dags/dag2.py
[2026-05-01T18:00:07.229+0000] {processor.py:925} INFO - DAG(s) 'data_pipeline' retrieved from /opt/airflow/dags/dag2.py
[2026-05-01T18:00:07.302+0000] {logging_mixin.py:190} INFO - [2026-05-01T18:00:07.302+0000] {dag.py:3239} INFO - Sync 1 DAGs
[2026-05-01T18:00:07.454+0000] {logging_mixin.py:190} INFO - [2026-05-01T18:00:07.454+0000] {dag.py:4180} INFO - Setting next_dagrun for data_pipeline to 2026-05-01 15:30:00+00:00, run_after=2026-05-02 15:30:00+00:00
[2026-05-01T18:00:07.474+0000] {processor.py:208} INFO - Processing /opt/airflow/dags/dag2.py took 0.302 seconds
[2026-05-01T18:00:37.595+0000] {processor.py:186} INFO - Started process (PID=806) to work on /opt/airflow/dags/dag2.py
[2026-05-01T18:00:37.597+0000] {processor.py:914} INFO - Processing file /opt/airflow/dags/dag2.py for tasks to queue
[2026-05-01T18:00:37.602+0000] {logging_mixin.py:190} INFO - [2026-05-01T18:00:37.601+0000] {dagbag.py:588} INFO - Filling up the DagBag from /opt/airflow/dags/dag2.py
[2026-05-01T18:00:37.806+0000] {processor.py:925} INFO - DAG(s) 'data_pipeline' retrieved from /opt/airflow/dags/dag2.py
[2026-05-01T18:00:37.825+0000] {logging_mixin.py:190} INFO - [2026-05-01T18:00:37.825+0000] {dag.py:3239} INFO - Sync 1 DAGs
[2026-05-01T18:00:37.845+0000] {logging_mixin.py:190} INFO - [2026-05-01T18:00:37.845+0000] {dag.py:4180} INFO - Setting next_dagrun for data_pipeline to 2026-05-01 15:30:00+00:00, run_after=2026-05-02 15:30:00+00:00
[2026-05-01T18:00:37.858+0000] {processor.py:208} INFO - Processing /opt/airflow/dags/dag2.py took 0.280 seconds
[2026-05-01T18:01:08.157+0000] {processor.py:186} INFO - Started process (PID=822) to work on /opt/airflow/dags/dag2.py
[2026-05-01T18:01:08.159+0000] {processor.py:914} INFO - Processing file /opt/airflow/dags/dag2.py for tasks to queue
[2026-05-01T18:01:08.165+0000] {logging_mixin.py:190} INFO - [2026-05-01T18:01:08.164+0000] {dagbag.py:588} INFO - Filling up the DagBag from /opt/airflow/dags/dag2.py
[2026-05-01T18:01:08.197+0000] {processor.py:925} INFO - DAG(s) 'data_pipeline' retrieved from /opt/airflow/dags/dag2.py
[2026-05-01T18:01:08.273+0000] {logging_mixin.py:190} INFO - [2026-05-01T18:01:08.272+0000] {dag.py:3239} INFO - Sync 1 DAGs
[2026-05-01T18:01:08.329+0000] {logging_mixin.py:190} INFO - [2026-05-01T18:01:08.329+0000] {dag.py:4180} INFO - Setting next_dagrun for data_pipeline to 2026-05-01 15:30:00+00:00, run_after=2026-05-02 15:30:00+00:00
[2026-05-01T18:01:08.354+0000] {processor.py:208} INFO - Processing /opt/airflow/dags/dag2.py took 0.214 seconds
[2026-05-01T18:01:38.563+0000] {processor.py:186} INFO - Started process (PID=838) to work on /opt/airflow/dags/dag2.py
[2026-05-01T18:01:38.564+0000] {processor.py:914} INFO - Processing file /opt/airflow/dags/dag2.py for tasks to queue
[2026-05-01T18:01:38.570+0000] {logging_mixin.py:190} INFO - [2026-05-01T18:01:38.569+0000] {dagbag.py:588} INFO - Filling up the DagBag from /opt/airflow/dags/dag2.py
[2026-05-01T18:01:38.603+0000] {processor.py:925} INFO - DAG(s) 'data_pipeline' retrieved from /opt/airflow/dags/dag2.py
[2026-05-01T18:01:38.674+0000] {logging_mixin.py:190} INFO - [2026-05-01T18:01:38.673+0000] {dag.py:3239} INFO - Sync 1 DAGs
[2026-05-01T18:01:38.744+0000] {logging_mixin.py:190} INFO - [2026-05-01T18:01:38.744+0000] {dag.py:4180} INFO - Setting next_dagrun for data_pipeline to 2026-05-01 15:30:00+00:00, run_after=2026-05-02 15:30:00+00:00
[2026-05-01T18:01:38.790+0000] {processor.py:208} INFO - Processing /opt/airflow/dags/dag2.py took 0.245 seconds
[2026-05-01T18:02:09.006+0000] {processor.py:186} INFO - Started process (PID=854) to work on /opt/airflow/dags/dag2.py
[2026-05-01T18:02:09.008+0000] {processor.py:914} INFO - Processing file /opt/airflow/dags/dag2.py for tasks to queue
[2026-05-01T18:02:09.014+0000] {logging_mixin.py:190} INFO - [2026-05-01T18:02:09.013+0000] {dagbag.py:588} INFO - Filling up the DagBag from /opt/airflow/dags/dag2.py
[2026-05-01T18:02:09.048+0000] {processor.py:925} INFO - DAG(s) 'data_pipeline' retrieved from /opt/airflow/dags/dag2.py
[2026-05-01T18:02:09.115+0000] {logging_mixin.py:190} INFO - [2026-05-01T18:02:09.114+0000] {dag.py:3239} INFO - Sync 1 DAGs
[2026-05-01T18:02:09.173+0000] {logging_mixin.py:190} INFO - [2026-05-01T18:02:09.173+0000] {dag.py:4180} INFO - Setting next_dagrun for data_pipeline to 2026-05-01 15:30:00+00:00, run_after=2026-05-02 15:30:00+00:00
[2026-05-01T18:02:09.197+0000] {processor.py:208} INFO - Processing /opt/airflow/dags/dag2.py took 0.215 seconds
[2026-05-01T18:02:39.420+0000] {processor.py:186} INFO - Started process (PID=870) to work on /opt/airflow/dags/dag2.py
[2026-05-01T18:02:39.421+0000] {processor.py:914} INFO - Processing file /opt/airflow/dags/dag2.py for tasks to queue
[2026-05-01T18:02:39.427+0000] {logging_mixin.py:190} INFO - [2026-05-01T18:02:39.426+0000] {dagbag.py:588} INFO - Filling up the DagBag from /opt/airflow/dags/dag2.py
[2026-05-01T18:02:39.465+0000] {processor.py:925} INFO - DAG(s) 'data_pipeline' retrieved from /opt/airflow/dags/dag2.py
[2026-05-01T18:02:39.539+0000] {logging_mixin.py:190} INFO - [2026-05-01T18:02:39.539+0000] {dag.py:3239} INFO - Sync 1 DAGs
[2026-05-01T18:02:39.574+0000] {logging_mixin.py:190} INFO - [2026-05-01T18:02:39.574+0000] {dag.py:4180} INFO - Setting next_dagrun for data_pipeline to 2026-05-01 15:30:00+00:00, run_after=2026-05-02 15:30:00+00:00
[2026-05-01T18:02:39.597+0000] {processor.py:208} INFO - Processing /opt/airflow/dags/dag2.py took 0.196 seconds
[2026-05-01T18:03:09.835+0000] {processor.py:186} INFO - Started process (PID=886) to work on /opt/airflow/dags/dag2.py
[2026-05-01T18:03:09.837+0000] {processor.py:914} INFO - Processing file /opt/airflow/dags/dag2.py for tasks to queue
[2026-05-01T18:03:09.843+0000] {logging_mixin.py:190} INFO - [2026-05-01T18:03:09.842+0000] {dagbag.py:588} INFO - Filling up the DagBag from /opt/airflow/dags/dag2.py
[2026-05-01T18:03:09.876+0000] {processor.py:925} INFO - DAG(s) 'data_pipeline' retrieved from /opt/airflow/dags/dag2.py
[2026-05-01T18:03:09.948+0000] {logging_mixin.py:190} INFO - [2026-05-01T18:03:09.948+0000] {dag.py:3239} INFO - Sync 1 DAGs
[2026-05-01T18:03:09.994+0000] {logging_mixin.py:190} INFO - [2026-05-01T18:03:09.994+0000] {dag.py:4180} INFO - Setting next_dagrun for data_pipeline to 2026-05-01 15:30:00+00:00, run_after=2026-05-02 15:30:00+00:00
[2026-05-01T18:03:10.019+0000] {processor.py:208} INFO - Processing /opt/airflow/dags/dag2.py took 0.201 seconds
[2026-05-01T18:03:40.261+0000] {processor.py:186} INFO - Started process (PID=902) to work on /opt/airflow/dags/dag2.py
[2026-05-01T18:03:40.262+0000] {processor.py:914} INFO - Processing file /opt/airflow/dags/dag2.py for tasks to queue
[2026-05-01T18:03:40.268+0000] {logging_mixin.py:190} INFO - [2026-05-01T18:03:40.267+0000] {dagbag.py:588} INFO - Filling up the DagBag from /opt/airflow/dags/dag2.py
[2026-05-01T18:03:40.300+0000] {processor.py:925} INFO - DAG(s) 'data_pipeline' retrieved from /opt/airflow/dags/dag2.py
[2026-05-01T18:03:40.371+0000] {logging_mixin.py:190} INFO - [2026-05-01T18:03:40.371+0000] {dag.py:3239} INFO - Sync 1 DAGs
[2026-05-01T18:03:40.441+0000] {logging_mixin.py:190} INFO - [2026-05-01T18:03:40.441+0000] {dag.py:4180} INFO - Setting next_dagrun for data_pipeline to 2026-05-01 15:30:00+00:00, run_after=2026-05-02 15:30:00+00:00
[2026-05-01T18:03:40.491+0000] {processor.py:208} INFO - Processing /opt/airflow/dags/dag2.py took 0.250 seconds
[2026-05-01T18:04:10.675+0000] {processor.py:186} INFO - Started process (PID=918) to work on /opt/airflow/dags/dag2.py
[2026-05-01T18:04:10.677+0000] {processor.py:914} INFO - Processing file /opt/airflow/dags/dag2.py for tasks to queue
[2026-05-01T18:04:10.682+0000] {logging_mixin.py:190} INFO - [2026-05-01T18:04:10.681+0000] {dagbag.py:588} INFO - Filling up the DagBag from /opt/airflow/dags/dag2.py
[2026-05-01T18:04:10.715+0000] {processor.py:925} INFO - DAG(s) 'data_pipeline' retrieved from /opt/airflow/dags/dag2.py
[2026-05-01T18:04:10.787+0000] {logging_mixin.py:190} INFO - [2026-05-01T18:04:10.787+0000] {dag.py:3239} INFO - Sync 1 DAGs
[2026-05-01T18:04:10.856+0000] {logging_mixin.py:190} INFO - [2026-05-01T18:04:10.855+0000] {dag.py:4180} INFO - Setting next_dagrun for data_pipeline to 2026-05-01 15:30:00+00:00, run_after=2026-05-02 15:30:00+00:00
[2026-05-01T18:04:10.897+0000] {processor.py:208} INFO - Processing /opt/airflow/dags/dag2.py took 0.239 seconds
[2026-05-01T18:04:41.095+0000] {processor.py:186} INFO - Started process (PID=934) to work on /opt/airflow/dags/dag2.py
[2026-05-01T18:04:41.097+0000] {processor.py:914} INFO - Processing file /opt/airflow/dags/dag2.py for tasks to queue
[2026-05-01T18:04:41.102+0000] {logging_mixin.py:190} INFO - [2026-05-01T18:04:41.102+0000] {dagbag.py:588} INFO - Filling up the DagBag from /opt/airflow/dags/dag2.py
[2026-05-01T18:04:41.136+0000] {processor.py:925} INFO - DAG(s) 'data_pipeline' retrieved from /opt/airflow/dags/dag2.py
[2026-05-01T18:04:41.206+0000] {logging_mixin.py:190} INFO - [2026-05-01T18:04:41.205+0000] {dag.py:3239} INFO - Sync 1 DAGs
[2026-05-01T18:04:41.260+0000] {logging_mixin.py:190} INFO - [2026-05-01T18:04:41.259+0000] {dag.py:4180} INFO - Setting next_dagrun for data_pipeline to 2026-05-01 15:30:00+00:00, run_after=2026-05-02 15:30:00+00:00
[2026-05-01T18:04:41.287+0000] {processor.py:208} INFO - Processing /opt/airflow/dags/dag2.py took 0.210 seconds
[2026-05-01T18:05:11.509+0000] {processor.py:186} INFO - Started process (PID=950) to work on /opt/airflow/dags/dag2.py
[2026-05-01T18:05:11.510+0000] {processor.py:914} INFO - Processing file /opt/airflow/dags/dag2.py for tasks to queue
[2026-05-01T18:05:11.516+0000] {logging_mixin.py:190} INFO - [2026-05-01T18:05:11.515+0000] {dagbag.py:588} INFO - Filling up the DagBag from /opt/airflow/dags/dag2.py
[2026-05-01T18:05:11.547+0000] {processor.py:925} INFO - DAG(s) 'data_pipeline' retrieved from /opt/airflow/dags/dag2.py
[2026-05-01T18:05:11.616+0000] {logging_mixin.py:190} INFO - [2026-05-01T18:05:11.616+0000] {dag.py:3239} INFO - Sync 1 DAGs
[2026-05-01T18:05:11.684+0000] {logging_mixin.py:190} INFO - [2026-05-01T18:05:11.683+0000] {dag.py:4180} INFO - Setting next_dagrun for data_pipeline to 2026-05-01 15:30:00+00:00, run_after=2026-05-02 15:30:00+00:00
[2026-05-01T18:05:11.729+0000] {processor.py:208} INFO - Processing /opt/airflow/dags/dag2.py took 0.237 seconds
[2026-05-01T18:05:41.910+0000] {processor.py:186} INFO - Started process (PID=966) to work on /opt/airflow/dags/dag2.py
[2026-05-01T18:05:41.911+0000] {processor.py:914} INFO - Processing file /opt/airflow/dags/dag2.py for tasks to queue
[2026-05-01T18:05:41.914+0000] {logging_mixin.py:190} INFO - [2026-05-01T18:05:41.913+0000] {dagbag.py:588} INFO - Filling up the DagBag from /opt/airflow/dags/dag2.py
[2026-05-01T18:05:41.930+0000] {processor.py:925} INFO - DAG(s) 'data_pipeline' retrieved from /opt/airflow/dags/dag2.py
[2026-05-01T18:05:41.954+0000] {logging_mixin.py:190} INFO - [2026-05-01T18:05:41.954+0000] {dag.py:3239} INFO - Sync 1 DAGs
[2026-05-01T18:05:41.976+0000] {logging_mixin.py:190} INFO - [2026-05-01T18:05:41.976+0000] {dag.py:4180} INFO - Setting next_dagrun for data_pipeline to 2026-05-01 15:30:00+00:00, run_after=2026-05-02 15:30:00+00:00
[2026-05-01T18:05:41.991+0000] {processor.py:208} INFO - Processing /opt/airflow/dags/dag2.py took 0.094 seconds
[2026-05-01T18:06:12.272+0000] {processor.py:186} INFO - Started process (PID=982) to work on /opt/airflow/dags/dag2.py
[2026-05-01T18:06:12.274+0000] {processor.py:914} INFO - Processing file /opt/airflow/dags/dag2.py for tasks to queue
[2026-05-01T18:06:12.279+0000] {logging_mixin.py:190} INFO - [2026-05-01T18:06:12.278+0000] {dagbag.py:588} INFO - Filling up the DagBag from /opt/airflow/dags/dag2.py
[2026-05-01T18:06:12.320+0000] {processor.py:925} INFO - DAG(s) 'data_pipeline' retrieved from /opt/airflow/dags/dag2.py
[2026-05-01T18:06:12.393+0000] {logging_mixin.py:190} INFO - [2026-05-01T18:06:12.392+0000] {dag.py:3239} INFO - Sync 1 DAGs
[2026-05-01T18:06:12.431+0000] {logging_mixin.py:190} INFO - [2026-05-01T18:06:12.431+0000] {dag.py:4180} INFO - Setting next_dagrun for data_pipeline to 2026-05-01 15:30:00+00:00, run_after=2026-05-02 15:30:00+00:00
[2026-05-01T18:06:12.448+0000] {processor.py:208} INFO - Processing /opt/airflow/dags/dag2.py took 0.193 seconds
[2026-05-01T18:06:42.709+0000] {processor.py:186} INFO - Started process (PID=998) to work on /opt/airflow/dags/dag2.py
[2026-05-01T18:06:42.711+0000] {processor.py:914} INFO - Processing file /opt/airflow/dags/dag2.py for tasks to queue
[2026-05-01T18:06:42.716+0000] {logging_mixin.py:190} INFO - [2026-05-01T18:06:42.715+0000] {dagbag.py:588} INFO - Filling up the DagBag from /opt/airflow/dags/dag2.py
[2026-05-01T18:06:42.749+0000] {processor.py:925} INFO - DAG(s) 'data_pipeline' retrieved from /opt/airflow/dags/dag2.py
[2026-05-01T18:06:42.821+0000] {logging_mixin.py:190} INFO - [2026-05-01T18:06:42.820+0000] {dag.py:3239} INFO - Sync 1 DAGs
[2026-05-01T18:06:42.914+0000] {logging_mixin.py:190} INFO - [2026-05-01T18:06:42.913+0000] {dag.py:4180} INFO - Setting next_dagrun for data_pipeline to 2026-05-01 15:30:00+00:00, run_after=2026-05-02 15:30:00+00:00
[2026-05-01T18:06:42.963+0000] {processor.py:208} INFO - Processing /opt/airflow/dags/dag2.py took 0.271 seconds
[2026-05-01T18:07:13.136+0000] {processor.py:186} INFO - Started process (PID=1014) to work on /opt/airflow/dags/dag2.py
[2026-05-01T18:07:13.138+0000] {processor.py:914} INFO - Processing file /opt/airflow/dags/dag2.py for tasks to queue
[2026-05-01T18:07:13.145+0000] {logging_mixin.py:190} INFO - [2026-05-01T18:07:13.143+0000] {dagbag.py:588} INFO - Filling up the DagBag from /opt/airflow/dags/dag2.py
[2026-05-01T18:07:13.186+0000] {processor.py:925} INFO - DAG(s) 'data_pipeline' retrieved from /opt/airflow/dags/dag2.py
[2026-05-01T18:07:13.239+0000] {logging_mixin.py:190} INFO - [2026-05-01T18:07:13.239+0000] {dag.py:3239} INFO - Sync 1 DAGs
[2026-05-01T18:07:13.290+0000] {logging_mixin.py:190} INFO - [2026-05-01T18:07:13.290+0000] {dag.py:4180} INFO - Setting next_dagrun for data_pipeline to 2026-05-01 15:30:00+00:00, run_after=2026-05-02 15:30:00+00:00
[2026-05-01T18:07:13.330+0000] {processor.py:208} INFO - Processing /opt/airflow/dags/dag2.py took 0.211 seconds
[2026-05-01T18:07:43.544+0000] {processor.py:186} INFO - Started process (PID=1030) to work on /opt/airflow/dags/dag2.py
[2026-05-01T18:07:43.546+0000] {processor.py:914} INFO - Processing file /opt/airflow/dags/dag2.py for tasks to queue
[2026-05-01T18:07:43.550+0000] {logging_mixin.py:190} INFO - [2026-05-01T18:07:43.550+0000] {dagbag.py:588} INFO - Filling up the DagBag from /opt/airflow/dags/dag2.py
[2026-05-01T18:07:43.581+0000] {processor.py:925} INFO - DAG(s) 'data_pipeline' retrieved from /opt/airflow/dags/dag2.py
[2026-05-01T18:07:43.650+0000] {logging_mixin.py:190} INFO - [2026-05-01T18:07:43.650+0000] {dag.py:3239} INFO - Sync 1 DAGs
[2026-05-01T18:07:43.687+0000] {logging_mixin.py:190} INFO - [2026-05-01T18:07:43.687+0000] {dag.py:4180} INFO - Setting next_dagrun for data_pipeline to 2026-05-01 15:30:00+00:00, run_after=2026-05-02 15:30:00+00:00
[2026-05-01T18:07:43.714+0000] {processor.py:208} INFO - Processing /opt/airflow/dags/dag2.py took 0.189 seconds
[2026-05-01T18:08:13.960+0000] {processor.py:186} INFO - Started process (PID=1046) to work on /opt/airflow/dags/dag2.py
[2026-05-01T18:08:13.962+0000] {processor.py:914} INFO - Processing file /opt/airflow/dags/dag2.py for tasks to queue
[2026-05-01T18:08:13.967+0000] {logging_mixin.py:190} INFO - [2026-05-01T18:08:13.966+0000] {dagbag.py:588} INFO - Filling up the DagBag from /opt/airflow/dags/dag2.py
[2026-05-01T18:08:14.006+0000] {processor.py:925} INFO - DAG(s) 'data_pipeline' retrieved from /opt/airflow/dags/dag2.py
[2026-05-01T18:08:14.071+0000] {logging_mixin.py:190} INFO - [2026-05-01T18:08:14.070+0000] {dag.py:3239} INFO - Sync 1 DAGs
[2026-05-01T18:08:14.138+0000] {logging_mixin.py:190} INFO - [2026-05-01T18:08:14.137+0000] {dag.py:4180} INFO - Setting next_dagrun for data_pipeline to 2026-05-01 15:30:00+00:00, run_after=2026-05-02 15:30:00+00:00
[2026-05-01T18:08:14.170+0000] {processor.py:208} INFO - Processing /opt/airflow/dags/dag2.py took 0.227 seconds
[2026-05-01T18:08:44.366+0000] {processor.py:186} INFO - Started process (PID=1062) to work on /opt/airflow/dags/dag2.py
[2026-05-01T18:08:44.368+0000] {processor.py:914} INFO - Processing file /opt/airflow/dags/dag2.py for tasks to queue
[2026-05-01T18:08:44.373+0000] {logging_mixin.py:190} INFO - [2026-05-01T18:08:44.372+0000] {dagbag.py:588} INFO - Filling up the DagBag from /opt/airflow/dags/dag2.py
[2026-05-01T18:08:44.407+0000] {processor.py:925} INFO - DAG(s) 'data_pipeline' retrieved from /opt/airflow/dags/dag2.py
[2026-05-01T18:08:44.475+0000] {logging_mixin.py:190} INFO - [2026-05-01T18:08:44.475+0000] {dag.py:3239} INFO - Sync 1 DAGs
[2026-05-01T18:08:44.543+0000] {logging_mixin.py:190} INFO - [2026-05-01T18:08:44.542+0000] {dag.py:4180} INFO - Setting next_dagrun for data_pipeline to 2026-05-01 15:30:00+00:00, run_after=2026-05-02 15:30:00+00:00
[2026-05-01T18:08:44.592+0000] {processor.py:208} INFO - Processing /opt/airflow/dags/dag2.py took 0.244 seconds
[2026-05-01T18:09:14.781+0000] {processor.py:186} INFO - Started process (PID=1078) to work on /opt/airflow/dags/dag2.py
[2026-05-01T18:09:14.783+0000] {processor.py:914} INFO - Processing file /opt/airflow/dags/dag2.py for tasks to queue
[2026-05-01T18:09:14.792+0000] {logging_mixin.py:190} INFO - [2026-05-01T18:09:14.790+0000] {dagbag.py:588} INFO - Filling up the DagBag from /opt/airflow/dags/dag2.py
[2026-05-01T18:09:14.834+0000] {processor.py:925} INFO - DAG(s) 'data_pipeline' retrieved from /opt/airflow/dags/dag2.py
[2026-05-01T18:09:14.908+0000] {logging_mixin.py:190} INFO - [2026-05-01T18:09:14.907+0000] {dag.py:3239} INFO - Sync 1 DAGs
[2026-05-01T18:09:14.953+0000] {logging_mixin.py:190} INFO - [2026-05-01T18:09:14.953+0000] {dag.py:4180} INFO - Setting next_dagrun for data_pipeline to 2026-05-01 15:30:00+00:00, run_after=2026-05-02 15:30:00+00:00
[2026-05-01T18:09:14.983+0000] {processor.py:208} INFO - Processing /opt/airflow/dags/dag2.py took 0.225 seconds
[2026-05-01T18:09:45.206+0000] {processor.py:186} INFO - Started process (PID=1094) to work on /opt/airflow/dags/dag2.py
[2026-05-01T18:09:45.208+0000] {processor.py:914} INFO - Processing file /opt/airflow/dags/dag2.py for tasks to queue
[2026-05-01T18:09:45.216+0000] {logging_mixin.py:190} INFO - [2026-05-01T18:09:45.215+0000] {dagbag.py:588} INFO - Filling up the DagBag from /opt/airflow/dags/dag2.py
[2026-05-01T18:09:45.254+0000] {processor.py:925} INFO - DAG(s) 'data_pipeline' retrieved from /opt/airflow/dags/dag2.py
[2026-05-01T18:09:45.306+0000] {logging_mixin.py:190} INFO - [2026-05-01T18:09:45.306+0000] {dag.py:3239} INFO - Sync 1 DAGs
[2026-05-01T18:09:45.340+0000] {logging_mixin.py:190} INFO - [2026-05-01T18:09:45.340+0000] {dag.py:4180} INFO - Setting next_dagrun for data_pipeline to 2026-05-01 15:30:00+00:00, run_after=2026-05-02 15:30:00+00:00
[2026-05-01T18:09:45.355+0000] {processor.py:208} INFO - Processing /opt/airflow/dags/dag2.py took 0.167 seconds
[2026-05-01T18:10:15.624+0000] {processor.py:186} INFO - Started process (PID=1110) to work on /opt/airflow/dags/dag2.py
[2026-05-01T18:10:15.626+0000] {processor.py:914} INFO - Processing file /opt/airflow/dags/dag2.py for tasks to queue
[2026-05-01T18:10:15.631+0000] {logging_mixin.py:190} INFO - [2026-05-01T18:10:15.630+0000] {dagbag.py:588} INFO - Filling up the DagBag from /opt/airflow/dags/dag2.py
[2026-05-01T18:10:15.664+0000] {processor.py:925} INFO - DAG(s) 'data_pipeline' retrieved from /opt/airflow/dags/dag2.py
[2026-05-01T18:10:15.732+0000] {logging_mixin.py:190} INFO - [2026-05-01T18:10:15.731+0000] {dag.py:3239} INFO - Sync 1 DAGs
[2026-05-01T18:10:15.778+0000] {logging_mixin.py:190} INFO - [2026-05-01T18:10:15.778+0000] {dag.py:4180} INFO - Setting next_dagrun for data_pipeline to 2026-05-01 15:30:00+00:00, run_after=2026-05-02 15:30:00+00:00
[2026-05-01T18:10:15.797+0000] {processor.py:208} INFO - Processing /opt/airflow/dags/dag2.py took 0.196 seconds
[2026-05-01T18:10:46.053+0000] {processor.py:186} INFO - Started process (PID=1126) to work on /opt/airflow/dags/dag2.py
[2026-05-01T18:10:46.055+0000] {processor.py:914} INFO - Processing file /opt/airflow/dags/dag2.py for tasks to queue
[2026-05-01T18:10:46.062+0000] {logging_mixin.py:190} INFO - [2026-05-01T18:10:46.060+0000] {dagbag.py:588} INFO - Filling up the DagBag from /opt/airflow/dags/dag2.py
[2026-05-01T18:10:46.100+0000] {processor.py:925} INFO - DAG(s) 'data_pipeline' retrieved from /opt/airflow/dags/dag2.py
[2026-05-01T18:10:46.177+0000] {logging_mixin.py:190} INFO - [2026-05-01T18:10:46.176+0000] {dag.py:3239} INFO - Sync 1 DAGs
[2026-05-01T18:10:46.226+0000] {logging_mixin.py:190} INFO - [2026-05-01T18:10:46.226+0000] {dag.py:4180} INFO - Setting next_dagrun for data_pipeline to 2026-05-01 15:30:00+00:00, run_after=2026-05-02 15:30:00+00:00
[2026-05-01T18:10:46.246+0000] {processor.py:208} INFO - Processing /opt/airflow/dags/dag2.py took 0.213 seconds
[2026-05-01T18:11:16.498+0000] {processor.py:186} INFO - Started process (PID=1142) to work on /opt/airflow/dags/dag2.py
[2026-05-01T18:11:16.500+0000] {processor.py:914} INFO - Processing file /opt/airflow/dags/dag2.py for tasks to queue
[2026-05-01T18:11:16.509+0000] {logging_mixin.py:190} INFO - [2026-05-01T18:11:16.508+0000] {dagbag.py:588} INFO - Filling up the DagBag from /opt/airflow/dags/dag2.py
[2026-05-01T18:11:16.549+0000] {processor.py:925} INFO - DAG(s) 'data_pipeline' retrieved from /opt/airflow/dags/dag2.py
[2026-05-01T18:11:16.599+0000] {logging_mixin.py:190} INFO - [2026-05-01T18:11:16.599+0000] {dag.py:3239} INFO - Sync 1 DAGs
[2026-05-01T18:11:16.631+0000] {logging_mixin.py:190} INFO - [2026-05-01T18:11:16.631+0000] {dag.py:4180} INFO - Setting next_dagrun for data_pipeline to 2026-05-01 15:30:00+00:00, run_after=2026-05-02 15:30:00+00:00
[2026-05-01T18:11:16.650+0000] {processor.py:208} INFO - Processing /opt/airflow/dags/dag2.py took 0.173 seconds
[2026-05-01T18:11:46.913+0000] {processor.py:186} INFO - Started process (PID=1158) to work on /opt/airflow/dags/dag2.py
[2026-05-01T18:11:46.916+0000] {processor.py:914} INFO - Processing file /opt/airflow/dags/dag2.py for tasks to queue
[2026-05-01T18:11:46.922+0000] {logging_mixin.py:190} INFO - [2026-05-01T18:11:46.921+0000] {dagbag.py:588} INFO - Filling up the DagBag from /opt/airflow/dags/dag2.py
[2026-05-01T18:11:46.958+0000] {processor.py:925} INFO - DAG(s) 'data_pipeline' retrieved from /opt/airflow/dags/dag2.py
[2026-05-01T18:11:47.032+0000] {logging_mixin.py:190} INFO - [2026-05-01T18:11:47.032+0000] {dag.py:3239} INFO - Sync 1 DAGs
[2026-05-01T18:11:47.106+0000] {logging_mixin.py:190} INFO - [2026-05-01T18:11:47.105+0000] {dag.py:4180} INFO - Setting next_dagrun for data_pipeline to 2026-05-01 15:30:00+00:00, run_after=2026-05-02 15:30:00+00:00
[2026-05-01T18:11:47.154+0000] {processor.py:208} INFO - Processing /opt/airflow/dags/dag2.py took 0.261 seconds
[2026-05-01T18:12:17.374+0000] {processor.py:186} INFO - Started process (PID=1174) to work on /opt/airflow/dags/dag2.py
[2026-05-01T18:12:17.375+0000] {processor.py:914} INFO - Processing file /opt/airflow/dags/dag2.py for tasks to queue
[2026-05-01T18:12:17.381+0000] {logging_mixin.py:190} INFO - [2026-05-01T18:12:17.380+0000] {dagbag.py:588} INFO - Filling up the DagBag from /opt/airflow/dags/dag2.py
[2026-05-01T18:12:17.413+0000] {processor.py:925} INFO - DAG(s) 'data_pipeline' retrieved from /opt/airflow/dags/dag2.py
[2026-05-01T18:12:17.483+0000] {logging_mixin.py:190} INFO - [2026-05-01T18:12:17.483+0000] {dag.py:3239} INFO - Sync 1 DAGs
[2026-05-01T18:12:17.532+0000] {logging_mixin.py:190} INFO - [2026-05-01T18:12:17.532+0000] {dag.py:4180} INFO - Setting next_dagrun for data_pipeline to 2026-05-01 15:30:00+00:00, run_after=2026-05-02 15:30:00+00:00
[2026-05-01T18:12:17.555+0000] {processor.py:208} INFO - Processing /opt/airflow/dags/dag2.py took 0.199 seconds
[2026-05-01T18:12:47.794+0000] {processor.py:186} INFO - Started process (PID=1190) to work on /opt/airflow/dags/dag2.py
[2026-05-01T18:12:47.796+0000] {processor.py:914} INFO - Processing file /opt/airflow/dags/dag2.py for tasks to queue
[2026-05-01T18:12:47.801+0000] {logging_mixin.py:190} INFO - [2026-05-01T18:12:47.800+0000] {dagbag.py:588} INFO - Filling up the DagBag from /opt/airflow/dags/dag2.py
[2026-05-01T18:12:47.836+0000] {processor.py:925} INFO - DAG(s) 'data_pipeline' retrieved from /opt/airflow/dags/dag2.py
[2026-05-01T18:12:47.913+0000] {logging_mixin.py:190} INFO - [2026-05-01T18:12:47.912+0000] {dag.py:3239} INFO - Sync 1 DAGs
[2026-05-01T18:12:47.959+0000] {logging_mixin.py:190} INFO - [2026-05-01T18:12:47.958+0000] {dag.py:4180} INFO - Setting next_dagrun for data_pipeline to 2026-05-01 15:30:00+00:00, run_after=2026-05-02 15:30:00+00:00
[2026-05-01T18:12:47.984+0000] {processor.py:208} INFO - Processing /opt/airflow/dags/dag2.py took 0.207 seconds
[2026-05-01T18:13:18.231+0000] {processor.py:186} INFO - Started process (PID=1206) to work on /opt/airflow/dags/dag2.py
[2026-05-01T18:13:18.233+0000] {processor.py:914} INFO - Processing file /opt/airflow/dags/dag2.py for tasks to queue
[2026-05-01T18:13:18.240+0000] {logging_mixin.py:190} INFO - [2026-05-01T18:13:18.239+0000] {dagbag.py:588} INFO - Filling up the DagBag from /opt/airflow/dags/dag2.py
[2026-05-01T18:13:18.277+0000] {processor.py:925} INFO - DAG(s) 'data_pipeline' retrieved from /opt/airflow/dags/dag2.py
[2026-05-01T18:13:18.343+0000] {logging_mixin.py:190} INFO - [2026-05-01T18:13:18.342+0000] {dag.py:3239} INFO - Sync 1 DAGs
[2026-05-01T18:13:18.408+0000] {logging_mixin.py:190} INFO - [2026-05-01T18:13:18.407+0000] {dag.py:4180} INFO - Setting next_dagrun for data_pipeline to 2026-05-01 15:30:00+00:00, run_after=2026-05-02 15:30:00+00:00
[2026-05-01T18:13:18.453+0000] {processor.py:208} INFO - Processing /opt/airflow/dags/dag2.py took 0.240 seconds
[2026-05-01T18:13:48.648+0000] {processor.py:186} INFO - Started process (PID=1222) to work on /opt/airflow/dags/dag2.py
[2026-05-01T18:13:48.650+0000] {processor.py:914} INFO - Processing file /opt/airflow/dags/dag2.py for tasks to queue
[2026-05-01T18:13:48.655+0000] {logging_mixin.py:190} INFO - [2026-05-01T18:13:48.654+0000] {dagbag.py:588} INFO - Filling up the DagBag from /opt/airflow/dags/dag2.py
[2026-05-01T18:13:48.690+0000] {processor.py:925} INFO - DAG(s) 'data_pipeline' retrieved from /opt/airflow/dags/dag2.py
[2026-05-01T18:13:48.765+0000] {logging_mixin.py:190} INFO - [2026-05-01T18:13:48.764+0000] {dag.py:3239} INFO - Sync 1 DAGs
[2026-05-01T18:13:48.835+0000] {logging_mixin.py:190} INFO - [2026-05-01T18:13:48.835+0000] {dag.py:4180} INFO - Setting next_dagrun for data_pipeline to 2026-05-01 15:30:00+00:00, run_after=2026-05-02 15:30:00+00:00
[2026-05-01T18:13:48.880+0000] {processor.py:208} INFO - Processing /opt/airflow/dags/dag2.py took 0.255 seconds
[2026-05-01T18:14:19.062+0000] {processor.py:186} INFO - Started process (PID=1238) to work on /opt/airflow/dags/dag2.py
[2026-05-01T18:14:19.063+0000] {processor.py:914} INFO - Processing file /opt/airflow/dags/dag2.py for tasks to queue
[2026-05-01T18:14:19.069+0000] {logging_mixin.py:190} INFO - [2026-05-01T18:14:19.068+0000] {dagbag.py:588} INFO - Filling up the DagBag from /opt/airflow/dags/dag2.py
[2026-05-01T18:14:19.101+0000] {processor.py:925} INFO - DAG(s) 'data_pipeline' retrieved from /opt/airflow/dags/dag2.py
[2026-05-01T18:14:19.174+0000] {logging_mixin.py:190} INFO - [2026-05-01T18:14:19.173+0000] {dag.py:3239} INFO - Sync 1 DAGs
[2026-05-01T18:14:19.218+0000] {logging_mixin.py:190} INFO - [2026-05-01T18:14:19.218+0000] {dag.py:4180} INFO - Setting next_dagrun for data_pipeline to 2026-05-01 15:30:00+00:00, run_after=2026-05-02 15:30:00+00:00
[2026-05-01T18:14:19.246+0000] {processor.py:208} INFO - Processing /opt/airflow/dags/dag2.py took 0.202 seconds
[2026-05-01T18:14:49.482+0000] {processor.py:186} INFO - Started process (PID=1254) to work on /opt/airflow/dags/dag2.py
[2026-05-01T18:14:49.484+0000] {processor.py:914} INFO - Processing file /opt/airflow/dags/dag2.py for tasks to queue
[2026-05-01T18:14:49.489+0000] {logging_mixin.py:190} INFO - [2026-05-01T18:14:49.489+0000] {dagbag.py:588} INFO - Filling up the DagBag from /opt/airflow/dags/dag2.py
[2026-05-01T18:14:49.524+0000] {processor.py:925} INFO - DAG(s) 'data_pipeline' retrieved from /opt/airflow/dags/dag2.py
[2026-05-01T18:14:49.596+0000] {logging_mixin.py:190} INFO - [2026-05-01T18:14:49.595+0000] {dag.py:3239} INFO - Sync 1 DAGs
[2026-05-01T18:14:49.652+0000] {logging_mixin.py:190} INFO - [2026-05-01T18:14:49.652+0000] {dag.py:4180} INFO - Setting next_dagrun for data_pipeline to 2026-05-01 15:30:00+00:00, run_after=2026-05-02 15:30:00+00:00
[2026-05-01T18:14:49.689+0000] {processor.py:208} INFO - Processing /opt/airflow/dags/dag2.py took 0.224 seconds
[2026-05-01T18:15:19.910+0000] {processor.py:186} INFO - Started process (PID=1270) to work on /opt/airflow/dags/dag2.py
[2026-05-01T18:15:19.912+0000] {processor.py:914} INFO - Processing file /opt/airflow/dags/dag2.py for tasks to queue
[2026-05-01T18:15:19.917+0000] {logging_mixin.py:190} INFO - [2026-05-01T18:15:19.916+0000] {dagbag.py:588} INFO - Filling up the DagBag from /opt/airflow/dags/dag2.py
[2026-05-01T18:15:19.947+0000] {processor.py:925} INFO - DAG(s) 'data_pipeline' retrieved from /opt/airflow/dags/dag2.py
[2026-05-01T18:15:20.023+0000] {logging_mixin.py:190} INFO - [2026-05-01T18:15:20.022+0000] {dag.py:3239} INFO - Sync 1 DAGs
[2026-05-01T18:15:20.084+0000] {logging_mixin.py:190} INFO - [2026-05-01T18:15:20.084+0000] {dag.py:4180} INFO - Setting next_dagrun for data_pipeline to 2026-05-01 15:30:00+00:00, run_after=2026-05-02 15:30:00+00:00
[2026-05-01T18:15:20.122+0000] {processor.py:208} INFO - Processing /opt/airflow/dags/dag2.py took 0.233 seconds
[2026-05-01T18:15:50.328+0000] {processor.py:186} INFO - Started process (PID=1286) to work on /opt/airflow/dags/dag2.py
[2026-05-01T18:15:50.330+0000] {processor.py:914} INFO - Processing file /opt/airflow/dags/dag2.py for tasks to queue
[2026-05-01T18:15:50.338+0000] {logging_mixin.py:190} INFO - [2026-05-01T18:15:50.337+0000] {dagbag.py:588} INFO - Filling up the DagBag from /opt/airflow/dags/dag2.py
[2026-05-01T18:15:50.369+0000] {processor.py:925} INFO - DAG(s) 'data_pipeline' retrieved from /opt/airflow/dags/dag2.py
[2026-05-01T18:15:50.435+0000] {logging_mixin.py:190} INFO - [2026-05-01T18:15:50.434+0000] {dag.py:3239} INFO - Sync 1 DAGs
[2026-05-01T18:15:50.511+0000] {logging_mixin.py:190} INFO - [2026-05-01T18:15:50.510+0000] {dag.py:4180} INFO - Setting next_dagrun for data_pipeline to 2026-05-01 15:30:00+00:00, run_after=2026-05-02 15:30:00+00:00
[2026-05-01T18:15:50.558+0000] {processor.py:208} INFO - Processing /opt/airflow/dags/dag2.py took 0.251 seconds
[2026-05-01T18:16:20.745+0000] {processor.py:186} INFO - Started process (PID=1302) to work on /opt/airflow/dags/dag2.py
[2026-05-01T18:16:20.746+0000] {processor.py:914} INFO - Processing file /opt/airflow/dags/dag2.py for tasks to queue
[2026-05-01T18:16:20.752+0000] {logging_mixin.py:190} INFO - [2026-05-01T18:16:20.751+0000] {dagbag.py:588} INFO - Filling up the DagBag from /opt/airflow/dags/dag2.py
[2026-05-01T18:16:20.785+0000] {processor.py:925} INFO - DAG(s) 'data_pipeline' retrieved from /opt/airflow/dags/dag2.py
[2026-05-01T18:16:20.857+0000] {logging_mixin.py:190} INFO - [2026-05-01T18:16:20.857+0000] {dag.py:3239} INFO - Sync 1 DAGs
[2026-05-01T18:16:20.913+0000] {logging_mixin.py:190} INFO - [2026-05-01T18:16:20.912+0000] {dag.py:4180} INFO - Setting next_dagrun for data_pipeline to 2026-05-01 15:30:00+00:00, run_after=2026-05-02 15:30:00+00:00
[2026-05-01T18:16:20.950+0000] {processor.py:208} INFO - Processing /opt/airflow/dags/dag2.py took 0.226 seconds
[2026-05-01T18:16:51.155+0000] {processor.py:186} INFO - Started process (PID=1318) to work on /opt/airflow/dags/dag2.py
[2026-05-01T18:16:51.157+0000] {processor.py:914} INFO - Processing file /opt/airflow/dags/dag2.py for tasks to queue
[2026-05-01T18:16:51.166+0000] {logging_mixin.py:190} INFO - [2026-05-01T18:16:51.164+0000] {dagbag.py:588} INFO - Filling up the DagBag from /opt/airflow/dags/dag2.py
[2026-05-01T18:16:51.205+0000] {processor.py:925} INFO - DAG(s) 'data_pipeline' retrieved from /opt/airflow/dags/dag2.py
[2026-05-01T18:16:51.279+0000] {logging_mixin.py:190} INFO - [2026-05-01T18:16:51.278+0000] {dag.py:3239} INFO - Sync 1 DAGs
[2026-05-01T18:16:51.343+0000] {logging_mixin.py:190} INFO - [2026-05-01T18:16:51.343+0000] {dag.py:4180} INFO - Setting next_dagrun for data_pipeline to 2026-05-01 15:30:00+00:00, run_after=2026-05-02 15:30:00+00:00
[2026-05-01T18:16:51.389+0000] {processor.py:208} INFO - Processing /opt/airflow/dags/dag2.py took 0.253 seconds
[2026-05-01T18:17:21.599+0000] {processor.py:186} INFO - Started process (PID=1334) to work on /opt/airflow/dags/dag2.py
[2026-05-01T18:17:21.601+0000] {processor.py:914} INFO - Processing file /opt/airflow/dags/dag2.py for tasks to queue
[2026-05-01T18:17:21.610+0000] {logging_mixin.py:190} INFO - [2026-05-01T18:17:21.608+0000] {dagbag.py:588} INFO - Filling up the DagBag from /opt/airflow/dags/dag2.py
[2026-05-01T18:17:21.647+0000] {processor.py:925} INFO - DAG(s) 'data_pipeline' retrieved from /opt/airflow/dags/dag2.py
[2026-05-01T18:17:21.712+0000] {logging_mixin.py:190} INFO - [2026-05-01T18:17:21.711+0000] {dag.py:3239} INFO - Sync 1 DAGs
[2026-05-01T18:17:21.744+0000] {logging_mixin.py:190} INFO - [2026-05-01T18:17:21.744+0000] {dag.py:4180} INFO - Setting next_dagrun for data_pipeline to 2026-05-01 15:30:00+00:00, run_after=2026-05-02 15:30:00+00:00
[2026-05-01T18:17:21.759+0000] {processor.py:208} INFO - Processing /opt/airflow/dags/dag2.py took 0.177 seconds
[2026-05-01T18:17:52.022+0000] {processor.py:186} INFO - Started process (PID=1350) to work on /opt/airflow/dags/dag2.py
[2026-05-01T18:17:52.024+0000] {processor.py:914} INFO - Processing file /opt/airflow/dags/dag2.py for tasks to queue
[2026-05-01T18:17:52.029+0000] {logging_mixin.py:190} INFO - [2026-05-01T18:17:52.028+0000] {dagbag.py:588} INFO - Filling up the DagBag from /opt/airflow/dags/dag2.py
[2026-05-01T18:17:52.072+0000] {processor.py:925} INFO - DAG(s) 'data_pipeline' retrieved from /opt/airflow/dags/dag2.py
[2026-05-01T18:17:52.123+0000] {logging_mixin.py:190} INFO - [2026-05-01T18:17:52.123+0000] {dag.py:3239} INFO - Sync 1 DAGs
[2026-05-01T18:17:52.149+0000] {logging_mixin.py:190} INFO - [2026-05-01T18:17:52.149+0000] {dag.py:4180} INFO - Setting next_dagrun for data_pipeline to 2026-05-01 15:30:00+00:00, run_after=2026-05-02 15:30:00+00:00
[2026-05-01T18:17:52.165+0000] {processor.py:208} INFO - Processing /opt/airflow/dags/dag2.py took 0.167 seconds
[2026-05-01T18:18:22.428+0000] {processor.py:186} INFO - Started process (PID=1366) to work on /opt/airflow/dags/dag2.py
[2026-05-01T18:18:22.429+0000] {processor.py:914} INFO - Processing file /opt/airflow/dags/dag2.py for tasks to queue
[2026-05-01T18:18:22.437+0000] {logging_mixin.py:190} INFO - [2026-05-01T18:18:22.436+0000] {dagbag.py:588} INFO - Filling up the DagBag from /opt/airflow/dags/dag2.py
[2026-05-01T18:18:22.471+0000] {processor.py:925} INFO - DAG(s) 'data_pipeline' retrieved from /opt/airflow/dags/dag2.py
[2026-05-01T18:18:22.545+0000] {logging_mixin.py:190} INFO - [2026-05-01T18:18:22.545+0000] {dag.py:3239} INFO - Sync 1 DAGs
[2026-05-01T18:18:22.592+0000] {logging_mixin.py:190} INFO - [2026-05-01T18:18:22.591+0000] {dag.py:4180} INFO - Setting next_dagrun for data_pipeline to 2026-05-01 15:30:00+00:00, run_after=2026-05-02 15:30:00+00:00
[2026-05-01T18:18:22.619+0000] {processor.py:208} INFO - Processing /opt/airflow/dags/dag2.py took 0.213 seconds
[2026-05-01T18:18:52.842+0000] {processor.py:186} INFO - Started process (PID=1382) to work on /opt/airflow/dags/dag2.py
[2026-05-01T18:18:52.843+0000] {processor.py:914} INFO - Processing file /opt/airflow/dags/dag2.py for tasks to queue
[2026-05-01T18:18:52.849+0000] {logging_mixin.py:190} INFO - [2026-05-01T18:18:52.848+0000] {dagbag.py:588} INFO - Filling up the DagBag from /opt/airflow/dags/dag2.py
[2026-05-01T18:18:52.886+0000] {processor.py:925} INFO - DAG(s) 'data_pipeline' retrieved from /opt/airflow/dags/dag2.py
[2026-05-01T18:18:52.929+0000] {logging_mixin.py:190} INFO - [2026-05-01T18:18:52.929+0000] {dag.py:3239} INFO - Sync 1 DAGs
[2026-05-01T18:18:52.965+0000] {logging_mixin.py:190} INFO - [2026-05-01T18:18:52.965+0000] {dag.py:4180} INFO - Setting next_dagrun for data_pipeline to 2026-05-01 15:30:00+00:00, run_after=2026-05-02 15:30:00+00:00
[2026-05-01T18:18:52.986+0000] {processor.py:208} INFO - Processing /opt/airflow/dags/dag2.py took 0.163 seconds
[2026-05-01T18:19:23.254+0000] {processor.py:186} INFO - Started process (PID=1398) to work on /opt/airflow/dags/dag2.py
[2026-05-01T18:19:23.256+0000] {processor.py:914} INFO - Processing file /opt/airflow/dags/dag2.py for tasks to queue
[2026-05-01T18:19:23.262+0000] {logging_mixin.py:190} INFO - [2026-05-01T18:19:23.261+0000] {dagbag.py:588} INFO - Filling up the DagBag from /opt/airflow/dags/dag2.py
[2026-05-01T18:19:23.299+0000] {processor.py:925} INFO - DAG(s) 'data_pipeline' retrieved from /opt/airflow/dags/dag2.py
[2026-05-01T18:19:23.378+0000] {logging_mixin.py:190} INFO - [2026-05-01T18:19:23.378+0000] {dag.py:3239} INFO - Sync 1 DAGs
[2026-05-01T18:19:23.421+0000] {logging_mixin.py:190} INFO - [2026-05-01T18:19:23.420+0000] {dag.py:4180} INFO - Setting next_dagrun for data_pipeline to 2026-05-01 15:30:00+00:00, run_after=2026-05-02 15:30:00+00:00
[2026-05-01T18:19:23.443+0000] {processor.py:208} INFO - Processing /opt/airflow/dags/dag2.py took 0.208 seconds
[2026-05-01T18:19:53.664+0000] {processor.py:186} INFO - Started process (PID=1414) to work on /opt/airflow/dags/dag2.py
[2026-05-01T18:19:53.666+0000] {processor.py:914} INFO - Processing file /opt/airflow/dags/dag2.py for tasks to queue
[2026-05-01T18:19:53.671+0000] {logging_mixin.py:190} INFO - [2026-05-01T18:19:53.670+0000] {dagbag.py:588} INFO - Filling up the DagBag from /opt/airflow/dags/dag2.py
[2026-05-01T18:19:53.703+0000] {processor.py:925} INFO - DAG(s) 'data_pipeline' retrieved from /opt/airflow/dags/dag2.py
[2026-05-01T18:19:53.773+0000] {logging_mixin.py:190} INFO - [2026-05-01T18:19:53.773+0000] {dag.py:3239} INFO - Sync 1 DAGs
[2026-05-01T18:19:53.820+0000] {logging_mixin.py:190} INFO - [2026-05-01T18:19:53.820+0000] {dag.py:4180} INFO - Setting next_dagrun for data_pipeline to 2026-05-01 15:30:00+00:00, run_after=2026-05-02 15:30:00+00:00
[2026-05-01T18:19:53.847+0000] {processor.py:208} INFO - Processing /opt/airflow/dags/dag2.py took 0.201 seconds
[2026-05-01T18:20:24.070+0000] {processor.py:186} INFO - Started process (PID=1430) to work on /opt/airflow/dags/dag2.py
[2026-05-01T18:20:24.072+0000] {processor.py:914} INFO - Processing file /opt/airflow/dags/dag2.py for tasks to queue
[2026-05-01T18:20:24.078+0000] {logging_mixin.py:190} INFO - [2026-05-01T18:20:24.077+0000] {dagbag.py:588} INFO - Filling up the DagBag from /opt/airflow/dags/dag2.py
[2026-05-01T18:20:24.111+0000] {processor.py:925} INFO - DAG(s) 'data_pipeline' retrieved from /opt/airflow/dags/dag2.py
[2026-05-01T18:20:24.177+0000] {logging_mixin.py:190} INFO - [2026-05-01T18:20:24.176+0000] {dag.py:3239} INFO - Sync 1 DAGs
[2026-05-01T18:20:24.233+0000] {logging_mixin.py:190} INFO - [2026-05-01T18:20:24.232+0000] {dag.py:4180} INFO - Setting next_dagrun for data_pipeline to 2026-05-01 15:30:00+00:00, run_after=2026-05-02 15:30:00+00:00
[2026-05-01T18:20:24.260+0000] {processor.py:208} INFO - Processing /opt/airflow/dags/dag2.py took 0.208 seconds
[2026-05-01T18:20:54.485+0000] {processor.py:186} INFO - Started process (PID=1446) to work on /opt/airflow/dags/dag2.py
[2026-05-01T18:20:54.487+0000] {processor.py:914} INFO - Processing file /opt/airflow/dags/dag2.py for tasks to queue
[2026-05-01T18:20:54.492+0000] {logging_mixin.py:190} INFO - [2026-05-01T18:20:54.491+0000] {dagbag.py:588} INFO - Filling up the DagBag from /opt/airflow/dags/dag2.py
[2026-05-01T18:20:54.532+0000] {processor.py:925} INFO - DAG(s) 'data_pipeline' retrieved from /opt/airflow/dags/dag2.py
[2026-05-01T18:20:54.577+0000] {logging_mixin.py:190} INFO - [2026-05-01T18:20:54.576+0000] {dag.py:3239} INFO - Sync 1 DAGs
[2026-05-01T18:20:54.617+0000] {logging_mixin.py:190} INFO - [2026-05-01T18:20:54.616+0000] {dag.py:4180} INFO - Setting next_dagrun for data_pipeline to 2026-05-01 15:30:00+00:00, run_after=2026-05-02 15:30:00+00:00
[2026-05-01T18:20:54.643+0000] {processor.py:208} INFO - Processing /opt/airflow/dags/dag2.py took 0.177 seconds
[2026-05-01T18:21:24.867+0000] {processor.py:186} INFO - Started process (PID=1462) to work on /opt/airflow/dags/dag2.py
[2026-05-01T18:21:24.868+0000] {processor.py:914} INFO - Processing file /opt/airflow/dags/dag2.py for tasks to queue
[2026-05-01T18:21:24.870+0000] {logging_mixin.py:190} INFO - [2026-05-01T18:21:24.870+0000] {dagbag.py:588} INFO - Filling up the DagBag from /opt/airflow/dags/dag2.py
[2026-05-01T18:21:24.885+0000] {processor.py:925} INFO - DAG(s) 'data_pipeline' retrieved from /opt/airflow/dags/dag2.py
[2026-05-01T18:21:24.911+0000] {logging_mixin.py:190} INFO - [2026-05-01T18:21:24.911+0000] {dag.py:3239} INFO - Sync 1 DAGs
[2026-05-01T18:21:24.933+0000] {logging_mixin.py:190} INFO - [2026-05-01T18:21:24.933+0000] {dag.py:4180} INFO - Setting next_dagrun for data_pipeline to 2026-05-01 15:30:00+00:00, run_after=2026-05-02 15:30:00+00:00
[2026-05-01T18:21:24.948+0000] {processor.py:208} INFO - Processing /opt/airflow/dags/dag2.py took 0.089 seconds
[2026-05-01T18:21:55.265+0000] {processor.py:186} INFO - Started process (PID=1478) to work on /opt/airflow/dags/dag2.py
[2026-05-01T18:21:55.267+0000] {processor.py:914} INFO - Processing file /opt/airflow/dags/dag2.py for tasks to queue
[2026-05-01T18:21:55.272+0000] {logging_mixin.py:190} INFO - [2026-05-01T18:21:55.271+0000] {dagbag.py:588} INFO - Filling up the DagBag from /opt/airflow/dags/dag2.py
[2026-05-01T18:21:55.306+0000] {processor.py:925} INFO - DAG(s) 'data_pipeline' retrieved from /opt/airflow/dags/dag2.py
[2026-05-01T18:21:55.357+0000] {logging_mixin.py:190} INFO - [2026-05-01T18:21:55.356+0000] {dag.py:3239} INFO - Sync 1 DAGs
[2026-05-01T18:21:55.399+0000] {logging_mixin.py:190} INFO - [2026-05-01T18:21:55.398+0000] {dag.py:4180} INFO - Setting next_dagrun for data_pipeline to 2026-05-01 15:30:00+00:00, run_after=2026-05-02 15:30:00+00:00
[2026-05-01T18:21:55.425+0000] {processor.py:208} INFO - Processing /opt/airflow/dags/dag2.py took 0.182 seconds
[2026-05-01T18:22:25.671+0000] {processor.py:186} INFO - Started process (PID=1494) to work on /opt/airflow/dags/dag2.py
[2026-05-01T18:22:25.673+0000] {processor.py:914} INFO - Processing file /opt/airflow/dags/dag2.py for tasks to queue
[2026-05-01T18:22:25.681+0000] {logging_mixin.py:190} INFO - [2026-05-01T18:22:25.680+0000] {dagbag.py:588} INFO - Filling up the DagBag from /opt/airflow/dags/dag2.py
[2026-05-01T18:22:25.714+0000] {processor.py:925} INFO - DAG(s) 'data_pipeline' retrieved from /opt/airflow/dags/dag2.py
[2026-05-01T18:22:25.779+0000] {logging_mixin.py:190} INFO - [2026-05-01T18:22:25.779+0000] {dag.py:3239} INFO - Sync 1 DAGs
[2026-05-01T18:22:25.812+0000] {logging_mixin.py:190} INFO - [2026-05-01T18:22:25.811+0000] {dag.py:4180} INFO - Setting next_dagrun for data_pipeline to 2026-05-01 15:30:00+00:00, run_after=2026-05-02 15:30:00+00:00
[2026-05-01T18:22:25.826+0000] {processor.py:208} INFO - Processing /opt/airflow/dags/dag2.py took 0.172 seconds
[2026-05-01T18:22:56.092+0000] {processor.py:186} INFO - Started process (PID=1510) to work on /opt/airflow/dags/dag2.py
[2026-05-01T18:22:56.094+0000] {processor.py:914} INFO - Processing file /opt/airflow/dags/dag2.py for tasks to queue
[2026-05-01T18:22:56.100+0000] {logging_mixin.py:190} INFO - [2026-05-01T18:22:56.099+0000] {dagbag.py:588} INFO - Filling up the DagBag from /opt/airflow/dags/dag2.py
[2026-05-01T18:22:56.132+0000] {processor.py:925} INFO - DAG(s) 'data_pipeline' retrieved from /opt/airflow/dags/dag2.py
[2026-05-01T18:22:56.200+0000] {logging_mixin.py:190} INFO - [2026-05-01T18:22:56.200+0000] {dag.py:3239} INFO - Sync 1 DAGs
[2026-05-01T18:22:56.267+0000] {logging_mixin.py:190} INFO - [2026-05-01T18:22:56.267+0000] {dag.py:4180} INFO - Setting next_dagrun for data_pipeline to 2026-05-01 15:30:00+00:00, run_after=2026-05-02 15:30:00+00:00
[2026-05-01T18:22:56.315+0000] {processor.py:208} INFO - Processing /opt/airflow/dags/dag2.py took 0.242 seconds
[2026-05-01T18:23:26.516+0000] {processor.py:186} INFO - Started process (PID=1526) to work on /opt/airflow/dags/dag2.py
[2026-05-01T18:23:26.517+0000] {processor.py:914} INFO - Processing file /opt/airflow/dags/dag2.py for tasks to queue
[2026-05-01T18:23:26.523+0000] {logging_mixin.py:190} INFO - [2026-05-01T18:23:26.522+0000] {dagbag.py:588} INFO - Filling up the DagBag from /opt/airflow/dags/dag2.py
[2026-05-01T18:23:26.556+0000] {processor.py:925} INFO - DAG(s) 'data_pipeline' retrieved from /opt/airflow/dags/dag2.py
[2026-05-01T18:23:26.622+0000] {logging_mixin.py:190} INFO - [2026-05-01T18:23:26.622+0000] {dag.py:3239} INFO - Sync 1 DAGs
[2026-05-01T18:23:26.674+0000] {logging_mixin.py:190} INFO - [2026-05-01T18:23:26.674+0000] {dag.py:4180} INFO - Setting next_dagrun for data_pipeline to 2026-05-01 15:30:00+00:00, run_after=2026-05-02 15:30:00+00:00
[2026-05-01T18:23:26.711+0000] {processor.py:208} INFO - Processing /opt/airflow/dags/dag2.py took 0.213 seconds
[2026-05-01T18:23:56.926+0000] {processor.py:186} INFO - Started process (PID=1542) to work on /opt/airflow/dags/dag2.py
[2026-05-01T18:23:56.927+0000] {processor.py:914} INFO - Processing file /opt/airflow/dags/dag2.py for tasks to queue
[2026-05-01T18:23:56.933+0000] {logging_mixin.py:190} INFO - [2026-05-01T18:23:56.932+0000] {dagbag.py:588} INFO - Filling up the DagBag from /opt/airflow/dags/dag2.py
[2026-05-01T18:23:56.967+0000] {processor.py:925} INFO - DAG(s) 'data_pipeline' retrieved from /opt/airflow/dags/dag2.py
[2026-05-01T18:23:57.039+0000] {logging_mixin.py:190} INFO - [2026-05-01T18:23:57.038+0000] {dag.py:3239} INFO - Sync 1 DAGs
[2026-05-01T18:23:57.097+0000] {logging_mixin.py:190} INFO - [2026-05-01T18:23:57.097+0000] {dag.py:4180} INFO - Setting next_dagrun for data_pipeline to 2026-05-01 15:30:00+00:00, run_after=2026-05-02 15:30:00+00:00
[2026-05-01T18:23:57.135+0000] {processor.py:208} INFO - Processing /opt/airflow/dags/dag2.py took 0.228 seconds
[2026-05-01T18:24:27.256+0000] {processor.py:186} INFO - Started process (PID=1558) to work on /opt/airflow/dags/dag2.py
[2026-05-01T18:24:27.259+0000] {processor.py:914} INFO - Processing file /opt/airflow/dags/dag2.py for tasks to queue
[2026-05-01T18:24:27.261+0000] {logging_mixin.py:190} INFO - [2026-05-01T18:24:27.261+0000] {dagbag.py:588} INFO - Filling up the DagBag from /opt/airflow/dags/dag2.py
[2026-05-01T18:24:27.272+0000] {processor.py:925} INFO - DAG(s) 'data_pipeline' retrieved from /opt/airflow/dags/dag2.py
[2026-05-01T18:24:27.302+0000] {logging_mixin.py:190} INFO - [2026-05-01T18:24:27.301+0000] {dag.py:3239} INFO - Sync 1 DAGs
[2026-05-01T18:24:27.331+0000] {logging_mixin.py:190} INFO - [2026-05-01T18:24:27.331+0000] {dag.py:4180} INFO - Setting next_dagrun for data_pipeline to 2026-05-01 15:30:00+00:00, run_after=2026-05-02 15:30:00+00:00
[2026-05-01T18:24:27.347+0000] {processor.py:208} INFO - Processing /opt/airflow/dags/dag2.py took 0.097 seconds
[2026-05-01T18:24:57.619+0000] {processor.py:186} INFO - Started process (PID=1574) to work on /opt/airflow/dags/dag2.py
[2026-05-01T18:24:57.620+0000] {processor.py:914} INFO - Processing file /opt/airflow/dags/dag2.py for tasks to queue
[2026-05-01T18:24:57.626+0000] {logging_mixin.py:190} INFO - [2026-05-01T18:24:57.625+0000] {dagbag.py:588} INFO - Filling up the DagBag from /opt/airflow/dags/dag2.py
[2026-05-01T18:24:57.667+0000] {processor.py:925} INFO - DAG(s) 'data_pipeline' retrieved from /opt/airflow/dags/dag2.py
[2026-05-01T18:24:57.710+0000] {logging_mixin.py:190} INFO - [2026-05-01T18:24:57.709+0000] {dag.py:3239} INFO - Sync 1 DAGs
[2026-05-01T18:24:57.750+0000] {logging_mixin.py:190} INFO - [2026-05-01T18:24:57.750+0000] {dag.py:4180} INFO - Setting next_dagrun for data_pipeline to 2026-05-01 15:30:00+00:00, run_after=2026-05-02 15:30:00+00:00
[2026-05-01T18:24:57.777+0000] {processor.py:208} INFO - Processing /opt/airflow/dags/dag2.py took 0.179 seconds
[2026-05-01T18:25:28.024+0000] {processor.py:186} INFO - Started process (PID=1590) to work on /opt/airflow/dags/dag2.py
[2026-05-01T18:25:28.026+0000] {processor.py:914} INFO - Processing file /opt/airflow/dags/dag2.py for tasks to queue
[2026-05-01T18:25:28.035+0000] {logging_mixin.py:190} INFO - [2026-05-01T18:25:28.034+0000] {dagbag.py:588} INFO - Filling up the DagBag from /opt/airflow/dags/dag2.py
[2026-05-01T18:25:28.070+0000] {processor.py:925} INFO - DAG(s) 'data_pipeline' retrieved from /opt/airflow/dags/dag2.py
[2026-05-01T18:25:28.123+0000] {logging_mixin.py:190} INFO - [2026-05-01T18:25:28.123+0000] {dag.py:3239} INFO - Sync 1 DAGs
[2026-05-01T18:25:28.179+0000] {logging_mixin.py:190} INFO - [2026-05-01T18:25:28.179+0000] {dag.py:4180} INFO - Setting next_dagrun for data_pipeline to 2026-05-01 15:30:00+00:00, run_after=2026-05-02 15:30:00+00:00
[2026-05-01T18:25:28.218+0000] {processor.py:208} INFO - Processing /opt/airflow/dags/dag2.py took 0.214 seconds
[2026-05-01T18:25:58.424+0000] {processor.py:186} INFO - Started process (PID=1606) to work on /opt/airflow/dags/dag2.py
[2026-05-01T18:25:58.426+0000] {processor.py:914} INFO - Processing file /opt/airflow/dags/dag2.py for tasks to queue
[2026-05-01T18:25:58.432+0000] {logging_mixin.py:190} INFO - [2026-05-01T18:25:58.431+0000] {dagbag.py:588} INFO - Filling up the DagBag from /opt/airflow/dags/dag2.py
[2026-05-01T18:25:58.466+0000] {processor.py:925} INFO - DAG(s) 'data_pipeline' retrieved from /opt/airflow/dags/dag2.py
[2026-05-01T18:25:58.543+0000] {logging_mixin.py:190} INFO - [2026-05-01T18:25:58.543+0000] {dag.py:3239} INFO - Sync 1 DAGs
[2026-05-01T18:25:58.575+0000] {logging_mixin.py:190} INFO - [2026-05-01T18:25:58.574+0000] {dag.py:4180} INFO - Setting next_dagrun for data_pipeline to 2026-05-01 15:30:00+00:00, run_after=2026-05-02 15:30:00+00:00
[2026-05-01T18:25:58.590+0000] {processor.py:208} INFO - Processing /opt/airflow/dags/dag2.py took 0.186 seconds
[2026-05-01T18:26:28.852+0000] {processor.py:186} INFO - Started process (PID=1622) to work on /opt/airflow/dags/dag2.py
[2026-05-01T18:26:28.854+0000] {processor.py:914} INFO - Processing file /opt/airflow/dags/dag2.py for tasks to queue
[2026-05-01T18:26:28.860+0000] {logging_mixin.py:190} INFO - [2026-05-01T18:26:28.859+0000] {dagbag.py:588} INFO - Filling up the DagBag from /opt/airflow/dags/dag2.py
[2026-05-01T18:26:28.901+0000] {processor.py:925} INFO - DAG(s) 'data_pipeline' retrieved from /opt/airflow/dags/dag2.py
[2026-05-01T18:26:28.975+0000] {logging_mixin.py:190} INFO - [2026-05-01T18:26:28.975+0000] {dag.py:3239} INFO - Sync 1 DAGs
[2026-05-01T18:26:29.035+0000] {logging_mixin.py:190} INFO - [2026-05-01T18:26:29.034+0000] {dag.py:4180} INFO - Setting next_dagrun for data_pipeline to 2026-05-01 15:30:00+00:00, run_after=2026-05-02 15:30:00+00:00
[2026-05-01T18:26:29.072+0000] {processor.py:208} INFO - Processing /opt/airflow/dags/dag2.py took 0.237 seconds
[2026-05-01T18:26:59.274+0000] {processor.py:186} INFO - Started process (PID=1638) to work on /opt/airflow/dags/dag2.py
[2026-05-01T18:26:59.276+0000] {processor.py:914} INFO - Processing file /opt/airflow/dags/dag2.py for tasks to queue
[2026-05-01T18:26:59.281+0000] {logging_mixin.py:190} INFO - [2026-05-01T18:26:59.280+0000] {dagbag.py:588} INFO - Filling up the DagBag from /opt/airflow/dags/dag2.py
[2026-05-01T18:26:59.315+0000] {processor.py:925} INFO - DAG(s) 'data_pipeline' retrieved from /opt/airflow/dags/dag2.py
[2026-05-01T18:26:59.385+0000] {logging_mixin.py:190} INFO - [2026-05-01T18:26:59.384+0000] {dag.py:3239} INFO - Sync 1 DAGs
[2026-05-01T18:26:59.440+0000] {logging_mixin.py:190} INFO - [2026-05-01T18:26:59.440+0000] {dag.py:4180} INFO - Setting next_dagrun for data_pipeline to 2026-05-01 15:30:00+00:00, run_after=2026-05-02 15:30:00+00:00
[2026-05-01T18:26:59.478+0000] {processor.py:208} INFO - Processing /opt/airflow/dags/dag2.py took 0.229 seconds
[2026-05-01T18:27:29.697+0000] {processor.py:186} INFO - Started process (PID=1654) to work on /opt/airflow/dags/dag2.py
[2026-05-01T18:27:29.699+0000] {processor.py:914} INFO - Processing file /opt/airflow/dags/dag2.py for tasks to queue
[2026-05-01T18:27:29.704+0000] {logging_mixin.py:190} INFO - [2026-05-01T18:27:29.703+0000] {dagbag.py:588} INFO - Filling up the DagBag from /opt/airflow/dags/dag2.py
[2026-05-01T18:27:29.736+0000] {processor.py:925} INFO - DAG(s) 'data_pipeline' retrieved from /opt/airflow/dags/dag2.py
[2026-05-01T18:27:29.807+0000] {logging_mixin.py:190} INFO - [2026-05-01T18:27:29.806+0000] {dag.py:3239} INFO - Sync 1 DAGs
[2026-05-01T18:27:29.867+0000] {logging_mixin.py:190} INFO - [2026-05-01T18:27:29.866+0000] {dag.py:4180} INFO - Setting next_dagrun for data_pipeline to 2026-05-01 15:30:00+00:00, run_after=2026-05-02 15:30:00+00:00
[2026-05-01T18:27:29.885+0000] {processor.py:208} INFO - Processing /opt/airflow/dags/dag2.py took 0.213 seconds
[2026-05-01T18:28:00.106+0000] {processor.py:186} INFO - Started process (PID=1670) to work on /opt/airflow/dags/dag2.py
[2026-05-01T18:28:00.108+0000] {processor.py:914} INFO - Processing file /opt/airflow/dags/dag2.py for tasks to queue
[2026-05-01T18:28:00.113+0000] {logging_mixin.py:190} INFO - [2026-05-01T18:28:00.113+0000] {dagbag.py:588} INFO - Filling up the DagBag from /opt/airflow/dags/dag2.py
[2026-05-01T18:28:00.149+0000] {processor.py:925} INFO - DAG(s) 'data_pipeline' retrieved from /opt/airflow/dags/dag2.py
[2026-05-01T18:28:00.218+0000] {logging_mixin.py:190} INFO - [2026-05-01T18:28:00.217+0000] {dag.py:3239} INFO - Sync 1 DAGs
[2026-05-01T18:28:00.273+0000] {logging_mixin.py:190} INFO - [2026-05-01T18:28:00.273+0000] {dag.py:4180} INFO - Setting next_dagrun for data_pipeline to 2026-05-01 15:30:00+00:00, run_after=2026-05-02 15:30:00+00:00
[2026-05-01T18:28:00.310+0000] {processor.py:208} INFO - Processing /opt/airflow/dags/dag2.py took 0.222 seconds
[2026-05-01T18:28:30.521+0000] {processor.py:186} INFO - Started process (PID=1686) to work on /opt/airflow/dags/dag2.py
[2026-05-01T18:28:30.522+0000] {processor.py:914} INFO - Processing file /opt/airflow/dags/dag2.py for tasks to queue
[2026-05-01T18:28:30.529+0000] {logging_mixin.py:190} INFO - [2026-05-01T18:28:30.528+0000] {dagbag.py:588} INFO - Filling up the DagBag from /opt/airflow/dags/dag2.py
[2026-05-01T18:28:30.562+0000] {processor.py:925} INFO - DAG(s) 'data_pipeline' retrieved from /opt/airflow/dags/dag2.py
[2026-05-01T18:28:30.631+0000] {logging_mixin.py:190} INFO - [2026-05-01T18:28:30.631+0000] {dag.py:3239} INFO - Sync 1 DAGs
[2026-05-01T18:28:30.678+0000] {logging_mixin.py:190} INFO - [2026-05-01T18:28:30.678+0000] {dag.py:4180} INFO - Setting next_dagrun for data_pipeline to 2026-05-01 15:30:00+00:00, run_after=2026-05-02 15:30:00+00:00
[2026-05-01T18:28:30.704+0000] {processor.py:208} INFO - Processing /opt/airflow/dags/dag2.py took 0.201 seconds
[2026-05-01T18:29:00.942+0000] {processor.py:186} INFO - Started process (PID=1702) to work on /opt/airflow/dags/dag2.py
[2026-05-01T18:29:00.944+0000] {processor.py:914} INFO - Processing file /opt/airflow/dags/dag2.py for tasks to queue
[2026-05-01T18:29:00.950+0000] {logging_mixin.py:190} INFO - [2026-05-01T18:29:00.949+0000] {dagbag.py:588} INFO - Filling up the DagBag from /opt/airflow/dags/dag2.py
[2026-05-01T18:29:00.987+0000] {processor.py:925} INFO - DAG(s) 'data_pipeline' retrieved from /opt/airflow/dags/dag2.py
[2026-05-01T18:29:01.050+0000] {logging_mixin.py:190} INFO - [2026-05-01T18:29:01.050+0000] {dag.py:3239} INFO - Sync 1 DAGs
[2026-05-01T18:29:01.080+0000] {logging_mixin.py:190} INFO - [2026-05-01T18:29:01.080+0000] {dag.py:4180} INFO - Setting next_dagrun for data_pipeline to 2026-05-01 15:30:00+00:00, run_after=2026-05-02 15:30:00+00:00
[2026-05-01T18:29:01.096+0000] {processor.py:208} INFO - Processing /opt/airflow/dags/dag2.py took 0.171 seconds
[2026-05-01T18:29:31.355+0000] {processor.py:186} INFO - Started process (PID=1718) to work on /opt/airflow/dags/dag2.py
[2026-05-01T18:29:31.357+0000] {processor.py:914} INFO - Processing file /opt/airflow/dags/dag2.py for tasks to queue
[2026-05-01T18:29:31.362+0000] {logging_mixin.py:190} INFO - [2026-05-01T18:29:31.361+0000] {dagbag.py:588} INFO - Filling up the DagBag from /opt/airflow/dags/dag2.py
[2026-05-01T18:29:31.395+0000] {processor.py:925} INFO - DAG(s) 'data_pipeline' retrieved from /opt/airflow/dags/dag2.py
[2026-05-01T18:29:31.462+0000] {logging_mixin.py:190} INFO - [2026-05-01T18:29:31.461+0000] {dag.py:3239} INFO - Sync 1 DAGs
[2026-05-01T18:29:31.517+0000] {logging_mixin.py:190} INFO - [2026-05-01T18:29:31.516+0000] {dag.py:4180} INFO - Setting next_dagrun for data_pipeline to 2026-05-01 15:30:00+00:00, run_after=2026-05-02 15:30:00+00:00
[2026-05-01T18:29:31.557+0000] {processor.py:208} INFO - Processing /opt/airflow/dags/dag2.py took 0.219 seconds
[2026-05-01T18:30:01.775+0000] {processor.py:186} INFO - Started process (PID=1735) to work on /opt/airflow/dags/dag2.py
[2026-05-01T18:30:01.777+0000] {processor.py:914} INFO - Processing file /opt/airflow/dags/dag2.py for tasks to queue
[2026-05-01T18:30:01.785+0000] {logging_mixin.py:190} INFO - [2026-05-01T18:30:01.783+0000] {dagbag.py:588} INFO - Filling up the DagBag from /opt/airflow/dags/dag2.py
[2026-05-01T18:30:01.817+0000] {processor.py:925} INFO - DAG(s) 'data_pipeline' retrieved from /opt/airflow/dags/dag2.py
[2026-05-01T18:30:01.882+0000] {logging_mixin.py:190} INFO - [2026-05-01T18:30:01.882+0000] {dag.py:3239} INFO - Sync 1 DAGs
[2026-05-01T18:30:01.950+0000] {logging_mixin.py:190} INFO - [2026-05-01T18:30:01.950+0000] {dag.py:4180} INFO - Setting next_dagrun for data_pipeline to 2026-05-01 15:30:00+00:00, run_after=2026-05-02 15:30:00+00:00
[2026-05-01T18:30:01.998+0000] {processor.py:208} INFO - Processing /opt/airflow/dags/dag2.py took 0.251 seconds
[2026-05-01T18:30:32.177+0000] {processor.py:186} INFO - Started process (PID=1751) to work on /opt/airflow/dags/dag2.py
[2026-05-01T18:30:32.179+0000] {processor.py:914} INFO - Processing file /opt/airflow/dags/dag2.py for tasks to queue
[2026-05-01T18:30:32.184+0000] {logging_mixin.py:190} INFO - [2026-05-01T18:30:32.183+0000] {dagbag.py:588} INFO - Filling up the DagBag from /opt/airflow/dags/dag2.py
[2026-05-01T18:30:32.219+0000] {processor.py:925} INFO - DAG(s) 'data_pipeline' retrieved from /opt/airflow/dags/dag2.py
[2026-05-01T18:30:32.287+0000] {logging_mixin.py:190} INFO - [2026-05-01T18:30:32.287+0000] {dag.py:3239} INFO - Sync 1 DAGs
[2026-05-01T18:30:32.354+0000] {logging_mixin.py:190} INFO - [2026-05-01T18:30:32.354+0000] {dag.py:4180} INFO - Setting next_dagrun for data_pipeline to 2026-05-01 15:30:00+00:00, run_after=2026-05-02 15:30:00+00:00
[2026-05-01T18:30:32.400+0000] {processor.py:208} INFO - Processing /opt/airflow/dags/dag2.py took 0.242 seconds
[2026-05-01T18:31:02.575+0000] {processor.py:186} INFO - Started process (PID=1767) to work on /opt/airflow/dags/dag2.py
[2026-05-01T18:31:02.577+0000] {processor.py:914} INFO - Processing file /opt/airflow/dags/dag2.py for tasks to queue
[2026-05-01T18:31:02.583+0000] {logging_mixin.py:190} INFO - [2026-05-01T18:31:02.582+0000] {dagbag.py:588} INFO - Filling up the DagBag from /opt/airflow/dags/dag2.py
[2026-05-01T18:31:02.619+0000] {processor.py:925} INFO - DAG(s) 'data_pipeline' retrieved from /opt/airflow/dags/dag2.py
[2026-05-01T18:31:02.688+0000] {logging_mixin.py:190} INFO - [2026-05-01T18:31:02.688+0000] {dag.py:3239} INFO - Sync 1 DAGs
[2026-05-01T18:31:02.733+0000] {logging_mixin.py:190} INFO - [2026-05-01T18:31:02.732+0000] {dag.py:4180} INFO - Setting next_dagrun for data_pipeline to 2026-05-01 15:30:00+00:00, run_after=2026-05-02 15:30:00+00:00
[2026-05-01T18:31:02.760+0000] {processor.py:208} INFO - Processing /opt/airflow/dags/dag2.py took 0.202 seconds
[2026-05-01T18:31:32.990+0000] {processor.py:186} INFO - Started process (PID=1783) to work on /opt/airflow/dags/dag2.py
[2026-05-01T18:31:32.992+0000] {processor.py:914} INFO - Processing file /opt/airflow/dags/dag2.py for tasks to queue
[2026-05-01T18:31:32.998+0000] {logging_mixin.py:190} INFO - [2026-05-01T18:31:32.997+0000] {dagbag.py:588} INFO - Filling up the DagBag from /opt/airflow/dags/dag2.py
[2026-05-01T18:31:33.033+0000] {processor.py:925} INFO - DAG(s) 'data_pipeline' retrieved from /opt/airflow/dags/dag2.py
[2026-05-01T18:31:33.107+0000] {logging_mixin.py:190} INFO - [2026-05-01T18:31:33.106+0000] {dag.py:3239} INFO - Sync 1 DAGs
[2026-05-01T18:31:33.156+0000] {logging_mixin.py:190} INFO - [2026-05-01T18:31:33.156+0000] {dag.py:4180} INFO - Setting next_dagrun for data_pipeline to 2026-05-01 15:30:00+00:00, run_after=2026-05-02 15:30:00+00:00
[2026-05-01T18:31:33.173+0000] {processor.py:208} INFO - Processing /opt/airflow/dags/dag2.py took 0.200 seconds
[2026-05-01T18:32:03.414+0000] {processor.py:186} INFO - Started process (PID=1799) to work on /opt/airflow/dags/dag2.py
[2026-05-01T18:32:03.415+0000] {processor.py:914} INFO - Processing file /opt/airflow/dags/dag2.py for tasks to queue
[2026-05-01T18:32:03.421+0000] {logging_mixin.py:190} INFO - [2026-05-01T18:32:03.420+0000] {dagbag.py:588} INFO - Filling up the DagBag from /opt/airflow/dags/dag2.py
[2026-05-01T18:32:03.455+0000] {processor.py:925} INFO - DAG(s) 'data_pipeline' retrieved from /opt/airflow/dags/dag2.py
[2026-05-01T18:32:03.526+0000] {logging_mixin.py:190} INFO - [2026-05-01T18:32:03.526+0000] {dag.py:3239} INFO - Sync 1 DAGs
[2026-05-01T18:32:03.567+0000] {logging_mixin.py:190} INFO - [2026-05-01T18:32:03.567+0000] {dag.py:4180} INFO - Setting next_dagrun for data_pipeline to 2026-05-01 15:30:00+00:00, run_after=2026-05-02 15:30:00+00:00
[2026-05-01T18:32:03.585+0000] {processor.py:208} INFO - Processing /opt/airflow/dags/dag2.py took 0.189 seconds
[2026-05-01T18:32:33.841+0000] {processor.py:186} INFO - Started process (PID=1816) to work on /opt/airflow/dags/dag2.py
[2026-05-01T18:32:33.844+0000] {processor.py:914} INFO - Processing file /opt/airflow/dags/dag2.py for tasks to queue
[2026-05-01T18:32:33.852+0000] {logging_mixin.py:190} INFO - [2026-05-01T18:32:33.850+0000] {dagbag.py:588} INFO - Filling up the DagBag from /opt/airflow/dags/dag2.py
[2026-05-01T18:32:33.887+0000] {processor.py:925} INFO - DAG(s) 'data_pipeline' retrieved from /opt/airflow/dags/dag2.py
[2026-05-01T18:32:33.964+0000] {logging_mixin.py:190} INFO - [2026-05-01T18:32:33.963+0000] {dag.py:3239} INFO - Sync 1 DAGs
[2026-05-01T18:32:34.033+0000] {logging_mixin.py:190} INFO - [2026-05-01T18:32:34.032+0000] {dag.py:4180} INFO - Setting next_dagrun for data_pipeline to 2026-05-01 15:30:00+00:00, run_after=2026-05-02 15:30:00+00:00
[2026-05-01T18:32:34.071+0000] {processor.py:208} INFO - Processing /opt/airflow/dags/dag2.py took 0.252 seconds
[2026-05-01T18:33:04.262+0000] {processor.py:186} INFO - Started process (PID=1832) to work on /opt/airflow/dags/dag2.py
[2026-05-01T18:33:04.264+0000] {processor.py:914} INFO - Processing file /opt/airflow/dags/dag2.py for tasks to queue
[2026-05-01T18:33:04.270+0000] {logging_mixin.py:190} INFO - [2026-05-01T18:33:04.269+0000] {dagbag.py:588} INFO - Filling up the DagBag from /opt/airflow/dags/dag2.py
[2026-05-01T18:33:04.304+0000] {processor.py:925} INFO - DAG(s) 'data_pipeline' retrieved from /opt/airflow/dags/dag2.py
[2026-05-01T18:33:04.388+0000] {logging_mixin.py:190} INFO - [2026-05-01T18:33:04.388+0000] {dag.py:3239} INFO - Sync 1 DAGs
[2026-05-01T18:33:04.423+0000] {logging_mixin.py:190} INFO - [2026-05-01T18:33:04.423+0000] {dag.py:4180} INFO - Setting next_dagrun for data_pipeline to 2026-05-01 15:30:00+00:00, run_after=2026-05-02 15:30:00+00:00
[2026-05-01T18:33:04.439+0000] {processor.py:208} INFO - Processing /opt/airflow/dags/dag2.py took 0.196 seconds
[2026-05-01T18:33:34.700+0000] {processor.py:186} INFO - Started process (PID=1848) to work on /opt/airflow/dags/dag2.py
[2026-05-01T18:33:34.702+0000] {processor.py:914} INFO - Processing file /opt/airflow/dags/dag2.py for tasks to queue
[2026-05-01T18:33:34.715+0000] {logging_mixin.py:190} INFO - [2026-05-01T18:33:34.714+0000] {dagbag.py:588} INFO - Filling up the DagBag from /opt/airflow/dags/dag2.py
[2026-05-01T18:33:34.749+0000] {processor.py:925} INFO - DAG(s) 'data_pipeline' retrieved from /opt/airflow/dags/dag2.py
[2026-05-01T18:33:34.830+0000] {logging_mixin.py:190} INFO - [2026-05-01T18:33:34.829+0000] {dag.py:3239} INFO - Sync 1 DAGs
[2026-05-01T18:33:34.856+0000] {logging_mixin.py:190} INFO - [2026-05-01T18:33:34.856+0000] {dag.py:4180} INFO - Setting next_dagrun for data_pipeline to 2026-05-01 15:30:00+00:00, run_after=2026-05-02 15:30:00+00:00
[2026-05-01T18:33:34.872+0000] {processor.py:208} INFO - Processing /opt/airflow/dags/dag2.py took 0.196 seconds
[2026-05-01T18:34:05.131+0000] {processor.py:186} INFO - Started process (PID=1864) to work on /opt/airflow/dags/dag2.py
[2026-05-01T18:34:05.133+0000] {processor.py:914} INFO - Processing file /opt/airflow/dags/dag2.py for tasks to queue
[2026-05-01T18:34:05.139+0000] {logging_mixin.py:190} INFO - [2026-05-01T18:34:05.138+0000] {dagbag.py:588} INFO - Filling up the DagBag from /opt/airflow/dags/dag2.py
[2026-05-01T18:34:05.179+0000] {processor.py:925} INFO - DAG(s) 'data_pipeline' retrieved from /opt/airflow/dags/dag2.py
[2026-05-01T18:34:05.263+0000] {logging_mixin.py:190} INFO - [2026-05-01T18:34:05.263+0000] {dag.py:3239} INFO - Sync 1 DAGs
[2026-05-01T18:34:05.296+0000] {logging_mixin.py:190} INFO - [2026-05-01T18:34:05.296+0000] {dag.py:4180} INFO - Setting next_dagrun for data_pipeline to 2026-05-01 15:30:00+00:00, run_after=2026-05-02 15:30:00+00:00
[2026-05-01T18:34:05.312+0000] {processor.py:208} INFO - Processing /opt/airflow/dags/dag2.py took 0.203 seconds
[2026-05-01T18:34:35.554+0000] {processor.py:186} INFO - Started process (PID=1880) to work on /opt/airflow/dags/dag2.py
[2026-05-01T18:34:35.556+0000] {processor.py:914} INFO - Processing file /opt/airflow/dags/dag2.py for tasks to queue
[2026-05-01T18:34:35.562+0000] {logging_mixin.py:190} INFO - [2026-05-01T18:34:35.561+0000] {dagbag.py:588} INFO - Filling up the DagBag from /opt/airflow/dags/dag2.py
[2026-05-01T18:34:35.598+0000] {processor.py:925} INFO - DAG(s) 'data_pipeline' retrieved from /opt/airflow/dags/dag2.py
[2026-05-01T18:34:35.679+0000] {logging_mixin.py:190} INFO - [2026-05-01T18:34:35.679+0000] {dag.py:3239} INFO - Sync 1 DAGs
[2026-05-01T18:34:35.732+0000] {logging_mixin.py:190} INFO - [2026-05-01T18:34:35.732+0000] {dag.py:4180} INFO - Setting next_dagrun for data_pipeline to 2026-05-01 15:30:00+00:00, run_after=2026-05-02 15:30:00+00:00
[2026-05-01T18:34:35.750+0000] {processor.py:208} INFO - Processing /opt/airflow/dags/dag2.py took 0.212 seconds
[2026-05-01T18:35:05.967+0000] {processor.py:186} INFO - Started process (PID=1896) to work on /opt/airflow/dags/dag2.py
[2026-05-01T18:35:05.968+0000] {processor.py:914} INFO - Processing file /opt/airflow/dags/dag2.py for tasks to queue
[2026-05-01T18:35:05.974+0000] {logging_mixin.py:190} INFO - [2026-05-01T18:35:05.973+0000] {dagbag.py:588} INFO - Filling up the DagBag from /opt/airflow/dags/dag2.py
[2026-05-01T18:35:06.014+0000] {processor.py:925} INFO - DAG(s) 'data_pipeline' retrieved from /opt/airflow/dags/dag2.py
[2026-05-01T18:35:06.074+0000] {logging_mixin.py:190} INFO - [2026-05-01T18:35:06.074+0000] {dag.py:3239} INFO - Sync 1 DAGs
[2026-05-01T18:35:06.102+0000] {logging_mixin.py:190} INFO - [2026-05-01T18:35:06.101+0000] {dag.py:4180} INFO - Setting next_dagrun for data_pipeline to 2026-05-01 15:30:00+00:00, run_after=2026-05-02 15:30:00+00:00
[2026-05-01T18:35:06.116+0000] {processor.py:208} INFO - Processing /opt/airflow/dags/dag2.py took 0.167 seconds
[2026-05-01T18:35:36.376+0000] {processor.py:186} INFO - Started process (PID=1912) to work on /opt/airflow/dags/dag2.py
[2026-05-01T18:35:36.378+0000] {processor.py:914} INFO - Processing file /opt/airflow/dags/dag2.py for tasks to queue
[2026-05-01T18:35:36.384+0000] {logging_mixin.py:190} INFO - [2026-05-01T18:35:36.383+0000] {dagbag.py:588} INFO - Filling up the DagBag from /opt/airflow/dags/dag2.py
[2026-05-01T18:35:36.422+0000] {processor.py:925} INFO - DAG(s) 'data_pipeline' retrieved from /opt/airflow/dags/dag2.py
[2026-05-01T18:35:36.504+0000] {logging_mixin.py:190} INFO - [2026-05-01T18:35:36.503+0000] {dag.py:3239} INFO - Sync 1 DAGs
[2026-05-01T18:35:36.538+0000] {logging_mixin.py:190} INFO - [2026-05-01T18:35:36.537+0000] {dag.py:4180} INFO - Setting next_dagrun for data_pipeline to 2026-05-01 15:30:00+00:00, run_after=2026-05-02 15:30:00+00:00
[2026-05-01T18:35:36.561+0000] {processor.py:208} INFO - Processing /opt/airflow/dags/dag2.py took 0.203 seconds
[2026-05-01T18:36:06.800+0000] {processor.py:186} INFO - Started process (PID=1928) to work on /opt/airflow/dags/dag2.py
[2026-05-01T18:36:06.802+0000] {processor.py:914} INFO - Processing file /opt/airflow/dags/dag2.py for tasks to queue
[2026-05-01T18:36:06.808+0000] {logging_mixin.py:190} INFO - [2026-05-01T18:36:06.807+0000] {dagbag.py:588} INFO - Filling up the DagBag from /opt/airflow/dags/dag2.py
[2026-05-01T18:36:06.842+0000] {processor.py:925} INFO - DAG(s) 'data_pipeline' retrieved from /opt/airflow/dags/dag2.py
[2026-05-01T18:36:06.932+0000] {logging_mixin.py:190} INFO - [2026-05-01T18:36:06.932+0000] {dag.py:3239} INFO - Sync 1 DAGs
[2026-05-01T18:36:06.980+0000] {logging_mixin.py:190} INFO - [2026-05-01T18:36:06.980+0000] {dag.py:4180} INFO - Setting next_dagrun for data_pipeline to 2026-05-01 15:30:00+00:00, run_after=2026-05-02 15:30:00+00:00
[2026-05-01T18:36:06.997+0000] {processor.py:208} INFO - Processing /opt/airflow/dags/dag2.py took 0.216 seconds
[2026-05-01T18:36:37.211+0000] {processor.py:186} INFO - Started process (PID=1944) to work on /opt/airflow/dags/dag2.py
[2026-05-01T18:36:37.213+0000] {processor.py:914} INFO - Processing file /opt/airflow/dags/dag2.py for tasks to queue
[2026-05-01T18:36:37.218+0000] {logging_mixin.py:190} INFO - [2026-05-01T18:36:37.217+0000] {dagbag.py:588} INFO - Filling up the DagBag from /opt/airflow/dags/dag2.py
[2026-05-01T18:36:37.257+0000] {processor.py:925} INFO - DAG(s) 'data_pipeline' retrieved from /opt/airflow/dags/dag2.py
[2026-05-01T18:36:37.326+0000] {logging_mixin.py:190} INFO - [2026-05-01T18:36:37.326+0000] {dag.py:3239} INFO - Sync 1 DAGs
[2026-05-01T18:36:37.364+0000] {logging_mixin.py:190} INFO - [2026-05-01T18:36:37.363+0000] {dag.py:4180} INFO - Setting next_dagrun for data_pipeline to 2026-05-01 15:30:00+00:00, run_after=2026-05-02 15:30:00+00:00
[2026-05-01T18:36:37.386+0000] {processor.py:208} INFO - Processing /opt/airflow/dags/dag2.py took 0.192 seconds
[2026-05-01T18:37:07.654+0000] {processor.py:186} INFO - Started process (PID=1960) to work on /opt/airflow/dags/dag2.py
[2026-05-01T18:37:07.656+0000] {processor.py:914} INFO - Processing file /opt/airflow/dags/dag2.py for tasks to queue
[2026-05-01T18:37:07.663+0000] {logging_mixin.py:190} INFO - [2026-05-01T18:37:07.662+0000] {dagbag.py:588} INFO - Filling up the DagBag from /opt/airflow/dags/dag2.py
[2026-05-01T18:37:07.695+0000] {processor.py:925} INFO - DAG(s) 'data_pipeline' retrieved from /opt/airflow/dags/dag2.py
[2026-05-01T18:37:07.771+0000] {logging_mixin.py:190} INFO - [2026-05-01T18:37:07.771+0000] {dag.py:3239} INFO - Sync 1 DAGs
[2026-05-01T18:37:07.805+0000] {logging_mixin.py:190} INFO - [2026-05-01T18:37:07.805+0000] {dag.py:4180} INFO - Setting next_dagrun for data_pipeline to 2026-05-01 15:30:00+00:00, run_after=2026-05-02 15:30:00+00:00
[2026-05-01T18:37:07.821+0000] {processor.py:208} INFO - Processing /opt/airflow/dags/dag2.py took 0.190 seconds
[2026-05-01T18:37:38.089+0000] {processor.py:186} INFO - Started process (PID=1976) to work on /opt/airflow/dags/dag2.py
[2026-05-01T18:37:38.090+0000] {processor.py:914} INFO - Processing file /opt/airflow/dags/dag2.py for tasks to queue
[2026-05-01T18:37:38.097+0000] {logging_mixin.py:190} INFO - [2026-05-01T18:37:38.096+0000] {dagbag.py:588} INFO - Filling up the DagBag from /opt/airflow/dags/dag2.py
[2026-05-01T18:37:38.151+0000] {processor.py:925} INFO - DAG(s) 'data_pipeline' retrieved from /opt/airflow/dags/dag2.py
[2026-05-01T18:37:38.231+0000] {logging_mixin.py:190} INFO - [2026-05-01T18:37:38.231+0000] {dag.py:3239} INFO - Sync 1 DAGs
[2026-05-01T18:37:38.266+0000] {logging_mixin.py:190} INFO - [2026-05-01T18:37:38.266+0000] {dag.py:4180} INFO - Setting next_dagrun for data_pipeline to 2026-05-01 15:30:00+00:00, run_after=2026-05-02 15:30:00+00:00
[2026-05-01T18:37:38.282+0000] {processor.py:208} INFO - Processing /opt/airflow/dags/dag2.py took 0.215 seconds
[2026-05-01T18:38:08.500+0000] {processor.py:186} INFO - Started process (PID=1992) to work on /opt/airflow/dags/dag2.py
[2026-05-01T18:38:08.502+0000] {processor.py:914} INFO - Processing file /opt/airflow/dags/dag2.py for tasks to queue
[2026-05-01T18:38:08.508+0000] {logging_mixin.py:190} INFO - [2026-05-01T18:38:08.507+0000] {dagbag.py:588} INFO - Filling up the DagBag from /opt/airflow/dags/dag2.py
[2026-05-01T18:38:08.560+0000] {processor.py:925} INFO - DAG(s) 'data_pipeline' retrieved from /opt/airflow/dags/dag2.py
[2026-05-01T18:38:08.609+0000] {logging_mixin.py:190} INFO - [2026-05-01T18:38:08.608+0000] {dag.py:3239} INFO - Sync 1 DAGs
[2026-05-01T18:38:08.638+0000] {logging_mixin.py:190} INFO - [2026-05-01T18:38:08.638+0000] {dag.py:4180} INFO - Setting next_dagrun for data_pipeline to 2026-05-01 15:30:00+00:00, run_after=2026-05-02 15:30:00+00:00
[2026-05-01T18:38:08.655+0000] {processor.py:208} INFO - Processing /opt/airflow/dags/dag2.py took 0.173 seconds
[2026-05-01T18:38:38.911+0000] {processor.py:186} INFO - Started process (PID=2008) to work on /opt/airflow/dags/dag2.py
[2026-05-01T18:38:38.913+0000] {processor.py:914} INFO - Processing file /opt/airflow/dags/dag2.py for tasks to queue
[2026-05-01T18:38:38.918+0000] {logging_mixin.py:190} INFO - [2026-05-01T18:38:38.917+0000] {dagbag.py:588} INFO - Filling up the DagBag from /opt/airflow/dags/dag2.py
[2026-05-01T18:38:38.964+0000] {processor.py:925} INFO - DAG(s) 'data_pipeline' retrieved from /opt/airflow/dags/dag2.py
[2026-05-01T18:38:39.034+0000] {logging_mixin.py:190} INFO - [2026-05-01T18:38:39.034+0000] {dag.py:3239} INFO - Sync 1 DAGs
[2026-05-01T18:38:39.094+0000] {logging_mixin.py:190} INFO - [2026-05-01T18:38:39.094+0000] {dag.py:4180} INFO - Setting next_dagrun for data_pipeline to 2026-05-01 15:30:00+00:00, run_after=2026-05-02 15:30:00+00:00
[2026-05-01T18:38:39.131+0000] {processor.py:208} INFO - Processing /opt/airflow/dags/dag2.py took 0.242 seconds
[2026-05-01T18:39:09.310+0000] {processor.py:186} INFO - Started process (PID=2024) to work on /opt/airflow/dags/dag2.py
[2026-05-01T18:39:09.312+0000] {processor.py:914} INFO - Processing file /opt/airflow/dags/dag2.py for tasks to queue
[2026-05-01T18:39:09.317+0000] {logging_mixin.py:190} INFO - [2026-05-01T18:39:09.316+0000] {dagbag.py:588} INFO - Filling up the DagBag from /opt/airflow/dags/dag2.py
[2026-05-01T18:39:09.365+0000] {processor.py:925} INFO - DAG(s) 'data_pipeline' retrieved from /opt/airflow/dags/dag2.py
[2026-05-01T18:39:09.408+0000] {logging_mixin.py:190} INFO - [2026-05-01T18:39:09.407+0000] {dag.py:3239} INFO - Sync 1 DAGs
[2026-05-01T18:39:09.447+0000] {logging_mixin.py:190} INFO - [2026-05-01T18:39:09.447+0000] {dag.py:4180} INFO - Setting next_dagrun for data_pipeline to 2026-05-01 15:30:00+00:00, run_after=2026-05-02 15:30:00+00:00
[2026-05-01T18:39:09.473+0000] {processor.py:208} INFO - Processing /opt/airflow/dags/dag2.py took 0.181 seconds
[2026-05-01T18:39:39.723+0000] {processor.py:186} INFO - Started process (PID=2040) to work on /opt/airflow/dags/dag2.py
[2026-05-01T18:39:39.725+0000] {processor.py:914} INFO - Processing file /opt/airflow/dags/dag2.py for tasks to queue
[2026-05-01T18:39:39.732+0000] {logging_mixin.py:190} INFO - [2026-05-01T18:39:39.730+0000] {dagbag.py:588} INFO - Filling up the DagBag from /opt/airflow/dags/dag2.py
[2026-05-01T18:39:39.782+0000] {processor.py:925} INFO - DAG(s) 'data_pipeline' retrieved from /opt/airflow/dags/dag2.py
[2026-05-01T18:39:39.811+0000] {logging_mixin.py:190} INFO - [2026-05-01T18:39:39.811+0000] {dag.py:3239} INFO - Sync 1 DAGs
[2026-05-01T18:39:39.832+0000] {logging_mixin.py:190} INFO - [2026-05-01T18:39:39.832+0000] {dag.py:4180} INFO - Setting next_dagrun for data_pipeline to 2026-05-01 15:30:00+00:00, run_after=2026-05-02 15:30:00+00:00
[2026-05-01T18:39:39.847+0000] {processor.py:208} INFO - Processing /opt/airflow/dags/dag2.py took 0.142 seconds
[2026-05-01T18:40:10.127+0000] {processor.py:186} INFO - Started process (PID=2056) to work on /opt/airflow/dags/dag2.py
[2026-05-01T18:40:10.128+0000] {processor.py:914} INFO - Processing file /opt/airflow/dags/dag2.py for tasks to queue
[2026-05-01T18:40:10.134+0000] {logging_mixin.py:190} INFO - [2026-05-01T18:40:10.133+0000] {dagbag.py:588} INFO - Filling up the DagBag from /opt/airflow/dags/dag2.py
[2026-05-01T18:40:10.183+0000] {processor.py:925} INFO - DAG(s) 'data_pipeline' retrieved from /opt/airflow/dags/dag2.py
[2026-05-01T18:40:10.250+0000] {logging_mixin.py:190} INFO - [2026-05-01T18:40:10.250+0000] {dag.py:3239} INFO - Sync 1 DAGs
[2026-05-01T18:40:10.318+0000] {logging_mixin.py:190} INFO - [2026-05-01T18:40:10.318+0000] {dag.py:4180} INFO - Setting next_dagrun for data_pipeline to 2026-05-01 15:30:00+00:00, run_after=2026-05-02 15:30:00+00:00
[2026-05-01T18:40:10.363+0000] {processor.py:208} INFO - Processing /opt/airflow/dags/dag2.py took 0.254 seconds
[2026-05-01T18:40:40.546+0000] {processor.py:186} INFO - Started process (PID=2072) to work on /opt/airflow/dags/dag2.py
[2026-05-01T18:40:40.548+0000] {processor.py:914} INFO - Processing file /opt/airflow/dags/dag2.py for tasks to queue
[2026-05-01T18:40:40.553+0000] {logging_mixin.py:190} INFO - [2026-05-01T18:40:40.552+0000] {dagbag.py:588} INFO - Filling up the DagBag from /opt/airflow/dags/dag2.py
[2026-05-01T18:40:40.601+0000] {processor.py:925} INFO - DAG(s) 'data_pipeline' retrieved from /opt/airflow/dags/dag2.py
[2026-05-01T18:40:40.674+0000] {logging_mixin.py:190} INFO - [2026-05-01T18:40:40.674+0000] {dag.py:3239} INFO - Sync 1 DAGs
[2026-05-01T18:40:40.714+0000] {logging_mixin.py:190} INFO - [2026-05-01T18:40:40.713+0000] {dag.py:4180} INFO - Setting next_dagrun for data_pipeline to 2026-05-01 15:30:00+00:00, run_after=2026-05-02 15:30:00+00:00
[2026-05-01T18:40:40.738+0000] {processor.py:208} INFO - Processing /opt/airflow/dags/dag2.py took 0.209 seconds
[2026-05-01T18:41:10.953+0000] {processor.py:186} INFO - Started process (PID=2088) to work on /opt/airflow/dags/dag2.py
[2026-05-01T18:41:10.955+0000] {processor.py:914} INFO - Processing file /opt/airflow/dags/dag2.py for tasks to queue
[2026-05-01T18:41:10.959+0000] {logging_mixin.py:190} INFO - [2026-05-01T18:41:10.958+0000] {dagbag.py:588} INFO - Filling up the DagBag from /opt/airflow/dags/dag2.py
[2026-05-01T18:41:10.986+0000] {processor.py:925} INFO - DAG(s) 'data_pipeline' retrieved from /opt/airflow/dags/dag2.py
[2026-05-01T18:41:11.015+0000] {logging_mixin.py:190} INFO - [2026-05-01T18:41:11.015+0000] {dag.py:3239} INFO - Sync 1 DAGs
[2026-05-01T18:41:11.041+0000] {logging_mixin.py:190} INFO - [2026-05-01T18:41:11.041+0000] {dag.py:4180} INFO - Setting next_dagrun for data_pipeline to 2026-05-01 15:30:00+00:00, run_after=2026-05-02 15:30:00+00:00
[2026-05-01T18:41:11.059+0000] {processor.py:208} INFO - Processing /opt/airflow/dags/dag2.py took 0.122 seconds
[2026-05-01T18:41:41.347+0000] {processor.py:186} INFO - Started process (PID=2104) to work on /opt/airflow/dags/dag2.py
[2026-05-01T18:41:41.349+0000] {processor.py:914} INFO - Processing file /opt/airflow/dags/dag2.py for tasks to queue
[2026-05-01T18:41:41.354+0000] {logging_mixin.py:190} INFO - [2026-05-01T18:41:41.353+0000] {dagbag.py:588} INFO - Filling up the DagBag from /opt/airflow/dags/dag2.py
[2026-05-01T18:41:41.404+0000] {processor.py:925} INFO - DAG(s) 'data_pipeline' retrieved from /opt/airflow/dags/dag2.py
[2026-05-01T18:41:41.489+0000] {logging_mixin.py:190} INFO - [2026-05-01T18:41:41.489+0000] {dag.py:3239} INFO - Sync 1 DAGs
[2026-05-01T18:41:41.526+0000] {logging_mixin.py:190} INFO - [2026-05-01T18:41:41.525+0000] {dag.py:4180} INFO - Setting next_dagrun for data_pipeline to 2026-05-01 15:30:00+00:00, run_after=2026-05-02 15:30:00+00:00
[2026-05-01T18:41:41.547+0000] {processor.py:208} INFO - Processing /opt/airflow/dags/dag2.py took 0.228 seconds
[2026-05-01T18:42:11.836+0000] {processor.py:186} INFO - Started process (PID=2120) to work on /opt/airflow/dags/dag2.py
[2026-05-01T18:42:11.838+0000] {processor.py:914} INFO - Processing file /opt/airflow/dags/dag2.py for tasks to queue
[2026-05-01T18:42:11.844+0000] {logging_mixin.py:190} INFO - [2026-05-01T18:42:11.843+0000] {dagbag.py:588} INFO - Filling up the DagBag from /opt/airflow/dags/dag2.py
[2026-05-01T18:42:11.878+0000] {processor.py:925} INFO - DAG(s) 'data_pipeline' retrieved from /opt/airflow/dags/dag2.py
[2026-05-01T18:42:11.960+0000] {logging_mixin.py:190} INFO - [2026-05-01T18:42:11.959+0000] {dag.py:3239} INFO - Sync 1 DAGs
[2026-05-01T18:42:11.996+0000] {logging_mixin.py:190} INFO - [2026-05-01T18:42:11.996+0000] {dag.py:4180} INFO - Setting next_dagrun for data_pipeline to 2026-05-01 15:30:00+00:00, run_after=2026-05-02 15:30:00+00:00
[2026-05-01T18:42:12.018+0000] {processor.py:208} INFO - Processing /opt/airflow/dags/dag2.py took 0.200 seconds
[2026-05-01T18:42:42.272+0000] {processor.py:186} INFO - Started process (PID=2136) to work on /opt/airflow/dags/dag2.py
[2026-05-01T18:42:42.274+0000] {processor.py:914} INFO - Processing file /opt/airflow/dags/dag2.py for tasks to queue
[2026-05-01T18:42:42.279+0000] {logging_mixin.py:190} INFO - [2026-05-01T18:42:42.278+0000] {dagbag.py:588} INFO - Filling up the DagBag from /opt/airflow/dags/dag2.py
[2026-05-01T18:42:42.311+0000] {processor.py:925} INFO - DAG(s) 'data_pipeline' retrieved from /opt/airflow/dags/dag2.py
[2026-05-01T18:42:42.383+0000] {logging_mixin.py:190} INFO - [2026-05-01T18:42:42.383+0000] {dag.py:3239} INFO - Sync 1 DAGs
[2026-05-01T18:42:42.440+0000] {logging_mixin.py:190} INFO - [2026-05-01T18:42:42.439+0000] {dag.py:4180} INFO - Setting next_dagrun for data_pipeline to 2026-05-01 15:30:00+00:00, run_after=2026-05-02 15:30:00+00:00
[2026-05-01T18:42:42.473+0000] {processor.py:208} INFO - Processing /opt/airflow/dags/dag2.py took 0.226 seconds
[2026-05-01T18:43:12.664+0000] {processor.py:186} INFO - Started process (PID=2152) to work on /opt/airflow/dags/dag2.py
[2026-05-01T18:43:12.666+0000] {processor.py:914} INFO - Processing file /opt/airflow/dags/dag2.py for tasks to queue
[2026-05-01T18:43:12.671+0000] {logging_mixin.py:190} INFO - [2026-05-01T18:43:12.670+0000] {dagbag.py:588} INFO - Filling up the DagBag from /opt/airflow/dags/dag2.py
[2026-05-01T18:43:12.704+0000] {processor.py:925} INFO - DAG(s) 'data_pipeline' retrieved from /opt/airflow/dags/dag2.py
[2026-05-01T18:43:12.780+0000] {logging_mixin.py:190} INFO - [2026-05-01T18:43:12.779+0000] {dag.py:3239} INFO - Sync 1 DAGs
[2026-05-01T18:43:12.848+0000] {logging_mixin.py:190} INFO - [2026-05-01T18:43:12.847+0000] {dag.py:4180} INFO - Setting next_dagrun for data_pipeline to 2026-05-01 15:30:00+00:00, run_after=2026-05-02 15:30:00+00:00
[2026-05-01T18:43:12.897+0000] {processor.py:208} INFO - Processing /opt/airflow/dags/dag2.py took 0.251 seconds
[2026-05-01T18:43:43.107+0000] {processor.py:186} INFO - Started process (PID=2168) to work on /opt/airflow/dags/dag2.py
[2026-05-01T18:43:43.109+0000] {processor.py:914} INFO - Processing file /opt/airflow/dags/dag2.py for tasks to queue
[2026-05-01T18:43:43.115+0000] {logging_mixin.py:190} INFO - [2026-05-01T18:43:43.114+0000] {dagbag.py:588} INFO - Filling up the DagBag from /opt/airflow/dags/dag2.py
[2026-05-01T18:43:43.149+0000] {processor.py:925} INFO - DAG(s) 'data_pipeline' retrieved from /opt/airflow/dags/dag2.py
[2026-05-01T18:43:43.219+0000] {logging_mixin.py:190} INFO - [2026-05-01T18:43:43.218+0000] {dag.py:3239} INFO - Sync 1 DAGs
[2026-05-01T18:43:43.275+0000] {logging_mixin.py:190} INFO - [2026-05-01T18:43:43.275+0000] {dag.py:4180} INFO - Setting next_dagrun for data_pipeline to 2026-05-01 15:30:00+00:00, run_after=2026-05-02 15:30:00+00:00
[2026-05-01T18:43:43.312+0000] {processor.py:208} INFO - Processing /opt/airflow/dags/dag2.py took 0.230 seconds
[2026-05-01T18:44:13.510+0000] {processor.py:186} INFO - Started process (PID=2184) to work on /opt/airflow/dags/dag2.py
[2026-05-01T18:44:13.512+0000] {processor.py:914} INFO - Processing file /opt/airflow/dags/dag2.py for tasks to queue
[2026-05-01T18:44:13.518+0000] {logging_mixin.py:190} INFO - [2026-05-01T18:44:13.517+0000] {dagbag.py:588} INFO - Filling up the DagBag from /opt/airflow/dags/dag2.py
[2026-05-01T18:44:13.548+0000] {processor.py:925} INFO - DAG(s) 'data_pipeline' retrieved from /opt/airflow/dags/dag2.py
[2026-05-01T18:44:13.624+0000] {logging_mixin.py:190} INFO - [2026-05-01T18:44:13.623+0000] {dag.py:3239} INFO - Sync 1 DAGs
[2026-05-01T18:44:13.667+0000] {logging_mixin.py:190} INFO - [2026-05-01T18:44:13.666+0000] {dag.py:4180} INFO - Setting next_dagrun for data_pipeline to 2026-05-01 15:30:00+00:00, run_after=2026-05-02 15:30:00+00:00
[2026-05-01T18:44:13.691+0000] {processor.py:208} INFO - Processing /opt/airflow/dags/dag2.py took 0.197 seconds
[2026-05-01T18:44:43.940+0000] {processor.py:186} INFO - Started process (PID=2206) to work on /opt/airflow/dags/dag2.py
[2026-05-01T18:44:43.941+0000] {processor.py:914} INFO - Processing file /opt/airflow/dags/dag2.py for tasks to queue
[2026-05-01T18:44:43.945+0000] {logging_mixin.py:190} INFO - [2026-05-01T18:44:43.945+0000] {dagbag.py:588} INFO - Filling up the DagBag from /opt/airflow/dags/dag2.py
[2026-05-01T18:44:43.967+0000] {processor.py:925} INFO - DAG(s) 'data_pipeline' retrieved from /opt/airflow/dags/dag2.py
[2026-05-01T18:44:44.011+0000] {logging_mixin.py:190} INFO - [2026-05-01T18:44:44.011+0000] {dag.py:3239} INFO - Sync 1 DAGs
[2026-05-01T18:44:44.050+0000] {logging_mixin.py:190} INFO - [2026-05-01T18:44:44.049+0000] {dag.py:4180} INFO - Setting next_dagrun for data_pipeline to 2026-05-01 15:30:00+00:00, run_after=2026-05-02 15:30:00+00:00
[2026-05-01T18:44:44.069+0000] {processor.py:208} INFO - Processing /opt/airflow/dags/dag2.py took 0.141 seconds
[2026-05-01T18:45:14.280+0000] {processor.py:186} INFO - Started process (PID=2222) to work on /opt/airflow/dags/dag2.py
[2026-05-01T18:45:14.280+0000] {processor.py:914} INFO - Processing file /opt/airflow/dags/dag2.py for tasks to queue
[2026-05-01T18:45:14.283+0000] {logging_mixin.py:190} INFO - [2026-05-01T18:45:14.283+0000] {dagbag.py:588} INFO - Filling up the DagBag from /opt/airflow/dags/dag2.py
[2026-05-01T18:45:14.298+0000] {processor.py:925} INFO - DAG(s) 'data_pipeline' retrieved from /opt/airflow/dags/dag2.py
[2026-05-01T18:45:14.332+0000] {logging_mixin.py:190} INFO - [2026-05-01T18:45:14.332+0000] {dag.py:3239} INFO - Sync 1 DAGs
[2026-05-01T18:45:14.363+0000] {logging_mixin.py:190} INFO - [2026-05-01T18:45:14.363+0000] {dag.py:4180} INFO - Setting next_dagrun for data_pipeline to 2026-05-01 15:30:00+00:00, run_after=2026-05-02 15:30:00+00:00
[2026-05-01T18:45:14.384+0000] {processor.py:208} INFO - Processing /opt/airflow/dags/dag2.py took 0.112 seconds
[2026-05-01T18:45:44.666+0000] {processor.py:186} INFO - Started process (PID=2238) to work on /opt/airflow/dags/dag2.py
[2026-05-01T18:45:44.668+0000] {processor.py:914} INFO - Processing file /opt/airflow/dags/dag2.py for tasks to queue
[2026-05-01T18:45:44.678+0000] {logging_mixin.py:190} INFO - [2026-05-01T18:45:44.677+0000] {dagbag.py:588} INFO - Filling up the DagBag from /opt/airflow/dags/dag2.py
[2026-05-01T18:45:44.714+0000] {processor.py:925} INFO - DAG(s) 'data_pipeline' retrieved from /opt/airflow/dags/dag2.py
[2026-05-01T18:45:44.748+0000] {logging_mixin.py:190} INFO - [2026-05-01T18:45:44.748+0000] {dag.py:3239} INFO - Sync 1 DAGs
[2026-05-01T18:45:44.770+0000] {logging_mixin.py:190} INFO - [2026-05-01T18:45:44.770+0000] {dag.py:4180} INFO - Setting next_dagrun for data_pipeline to 2026-05-01 15:30:00+00:00, run_after=2026-05-02 15:30:00+00:00
[2026-05-01T18:45:44.786+0000] {processor.py:208} INFO - Processing /opt/airflow/dags/dag2.py took 0.140 seconds
[2026-05-01T18:46:15.058+0000] {processor.py:186} INFO - Started process (PID=2254) to work on /opt/airflow/dags/dag2.py
[2026-05-01T18:46:15.060+0000] {processor.py:914} INFO - Processing file /opt/airflow/dags/dag2.py for tasks to queue
[2026-05-01T18:46:15.065+0000] {logging_mixin.py:190} INFO - [2026-05-01T18:46:15.064+0000] {dagbag.py:588} INFO - Filling up the DagBag from /opt/airflow/dags/dag2.py
[2026-05-01T18:46:15.101+0000] {processor.py:925} INFO - DAG(s) 'data_pipeline' retrieved from /opt/airflow/dags/dag2.py
[2026-05-01T18:46:15.168+0000] {logging_mixin.py:190} INFO - [2026-05-01T18:46:15.168+0000] {dag.py:3239} INFO - Sync 1 DAGs
[2026-05-01T18:46:15.199+0000] {logging_mixin.py:190} INFO - [2026-05-01T18:46:15.199+0000] {dag.py:4180} INFO - Setting next_dagrun for data_pipeline to 2026-05-01 15:30:00+00:00, run_after=2026-05-02 15:30:00+00:00
[2026-05-01T18:46:15.215+0000] {processor.py:208} INFO - Processing /opt/airflow/dags/dag2.py took 0.175 seconds
[2026-05-01T18:46:45.478+0000] {processor.py:186} INFO - Started process (PID=2270) to work on /opt/airflow/dags/dag2.py
[2026-05-01T18:46:45.480+0000] {processor.py:914} INFO - Processing file /opt/airflow/dags/dag2.py for tasks to queue
[2026-05-01T18:46:45.488+0000] {logging_mixin.py:190} INFO - [2026-05-01T18:46:45.487+0000] {dagbag.py:588} INFO - Filling up the DagBag from /opt/airflow/dags/dag2.py
[2026-05-01T18:46:45.527+0000] {processor.py:925} INFO - DAG(s) 'data_pipeline' retrieved from /opt/airflow/dags/dag2.py
[2026-05-01T18:46:45.598+0000] {logging_mixin.py:190} INFO - [2026-05-01T18:46:45.598+0000] {dag.py:3239} INFO - Sync 1 DAGs
[2026-05-01T18:46:45.628+0000] {logging_mixin.py:190} INFO - [2026-05-01T18:46:45.628+0000] {dag.py:4180} INFO - Setting next_dagrun for data_pipeline to 2026-05-01 15:30:00+00:00, run_after=2026-05-02 15:30:00+00:00
[2026-05-01T18:46:45.644+0000] {processor.py:208} INFO - Processing /opt/airflow/dags/dag2.py took 0.183 seconds
[2026-05-01T18:47:15.912+0000] {processor.py:186} INFO - Started process (PID=2286) to work on /opt/airflow/dags/dag2.py
[2026-05-01T18:47:15.913+0000] {processor.py:914} INFO - Processing file /opt/airflow/dags/dag2.py for tasks to queue
[2026-05-01T18:47:15.919+0000] {logging_mixin.py:190} INFO - [2026-05-01T18:47:15.918+0000] {dagbag.py:588} INFO - Filling up the DagBag from /opt/airflow/dags/dag2.py
[2026-05-01T18:47:15.958+0000] {processor.py:925} INFO - DAG(s) 'data_pipeline' retrieved from /opt/airflow/dags/dag2.py
[2026-05-01T18:47:16.029+0000] {logging_mixin.py:190} INFO - [2026-05-01T18:47:16.029+0000] {dag.py:3239} INFO - Sync 1 DAGs
[2026-05-01T18:47:16.096+0000] {logging_mixin.py:190} INFO - [2026-05-01T18:47:16.095+0000] {dag.py:4180} INFO - Setting next_dagrun for data_pipeline to 2026-05-01 15:30:00+00:00, run_after=2026-05-02 15:30:00+00:00
[2026-05-01T18:47:16.141+0000] {processor.py:208} INFO - Processing /opt/airflow/dags/dag2.py took 0.247 seconds
[2026-05-01T18:47:46.333+0000] {processor.py:186} INFO - Started process (PID=2302) to work on /opt/airflow/dags/dag2.py
[2026-05-01T18:47:46.335+0000] {processor.py:914} INFO - Processing file /opt/airflow/dags/dag2.py for tasks to queue
[2026-05-01T18:47:46.343+0000] {logging_mixin.py:190} INFO - [2026-05-01T18:47:46.341+0000] {dagbag.py:588} INFO - Filling up the DagBag from /opt/airflow/dags/dag2.py
[2026-05-01T18:47:46.381+0000] {processor.py:925} INFO - DAG(s) 'data_pipeline' retrieved from /opt/airflow/dags/dag2.py
[2026-05-01T18:47:46.439+0000] {logging_mixin.py:190} INFO - [2026-05-01T18:47:46.438+0000] {dag.py:3239} INFO - Sync 1 DAGs
[2026-05-01T18:47:46.467+0000] {logging_mixin.py:190} INFO - [2026-05-01T18:47:46.467+0000] {dag.py:4180} INFO - Setting next_dagrun for data_pipeline to 2026-05-01 15:30:00+00:00, run_after=2026-05-02 15:30:00+00:00
[2026-05-01T18:47:46.482+0000] {processor.py:208} INFO - Processing /opt/airflow/dags/dag2.py took 0.171 seconds
[2026-05-01T18:48:16.761+0000] {processor.py:186} INFO - Started process (PID=2318) to work on /opt/airflow/dags/dag2.py
[2026-05-01T18:48:16.763+0000] {processor.py:914} INFO - Processing file /opt/airflow/dags/dag2.py for tasks to queue
[2026-05-01T18:48:16.769+0000] {logging_mixin.py:190} INFO - [2026-05-01T18:48:16.768+0000] {dagbag.py:588} INFO - Filling up the DagBag from /opt/airflow/dags/dag2.py
[2026-05-01T18:48:16.806+0000] {processor.py:925} INFO - DAG(s) 'data_pipeline' retrieved from /opt/airflow/dags/dag2.py
[2026-05-01T18:48:16.889+0000] {logging_mixin.py:190} INFO - [2026-05-01T18:48:16.889+0000] {dag.py:3239} INFO - Sync 1 DAGs
[2026-05-01T18:48:16.939+0000] {logging_mixin.py:190} INFO - [2026-05-01T18:48:16.939+0000] {dag.py:4180} INFO - Setting next_dagrun for data_pipeline to 2026-05-01 15:30:00+00:00, run_after=2026-05-02 15:30:00+00:00
[2026-05-01T18:48:16.958+0000] {processor.py:208} INFO - Processing /opt/airflow/dags/dag2.py took 0.218 seconds
[2026-05-01T18:48:47.174+0000] {processor.py:186} INFO - Started process (PID=2334) to work on /opt/airflow/dags/dag2.py
[2026-05-01T18:48:47.176+0000] {processor.py:914} INFO - Processing file /opt/airflow/dags/dag2.py for tasks to queue
[2026-05-01T18:48:47.185+0000] {logging_mixin.py:190} INFO - [2026-05-01T18:48:47.184+0000] {dagbag.py:588} INFO - Filling up the DagBag from /opt/airflow/dags/dag2.py
[2026-05-01T18:48:47.225+0000] {processor.py:925} INFO - DAG(s) 'data_pipeline' retrieved from /opt/airflow/dags/dag2.py
[2026-05-01T18:48:47.270+0000] {logging_mixin.py:190} INFO - [2026-05-01T18:48:47.269+0000] {dag.py:3239} INFO - Sync 1 DAGs
[2026-05-01T18:48:47.306+0000] {logging_mixin.py:190} INFO - [2026-05-01T18:48:47.306+0000] {dag.py:4180} INFO - Setting next_dagrun for data_pipeline to 2026-05-01 15:30:00+00:00, run_after=2026-05-02 15:30:00+00:00
[2026-05-01T18:48:47.323+0000] {processor.py:208} INFO - Processing /opt/airflow/dags/dag2.py took 0.173 seconds
[2026-05-01T18:49:17.523+0000] {processor.py:186} INFO - Started process (PID=2350) to work on /opt/airflow/dags/dag2.py
[2026-05-01T18:49:17.525+0000] {processor.py:914} INFO - Processing file /opt/airflow/dags/dag2.py for tasks to queue
[2026-05-01T18:49:17.531+0000] {logging_mixin.py:190} INFO - [2026-05-01T18:49:17.530+0000] {dagbag.py:588} INFO - Filling up the DagBag from /opt/airflow/dags/dag2.py
[2026-05-01T18:49:17.571+0000] {processor.py:925} INFO - DAG(s) 'data_pipeline' retrieved from /opt/airflow/dags/dag2.py
[2026-05-01T18:49:17.649+0000] {logging_mixin.py:190} INFO - [2026-05-01T18:49:17.649+0000] {dag.py:3239} INFO - Sync 1 DAGs
[2026-05-01T18:49:17.726+0000] {logging_mixin.py:190} INFO - [2026-05-01T18:49:17.725+0000] {dag.py:4180} INFO - Setting next_dagrun for data_pipeline to 2026-05-01 15:30:00+00:00, run_after=2026-05-02 15:30:00+00:00
[2026-05-01T18:49:17.782+0000] {processor.py:208} INFO - Processing /opt/airflow/dags/dag2.py took 0.278 seconds
[2026-05-01T18:49:47.942+0000] {processor.py:186} INFO - Started process (PID=2366) to work on /opt/airflow/dags/dag2.py
[2026-05-01T18:49:47.944+0000] {processor.py:914} INFO - Processing file /opt/airflow/dags/dag2.py for tasks to queue
[2026-05-01T18:49:47.950+0000] {logging_mixin.py:190} INFO - [2026-05-01T18:49:47.949+0000] {dagbag.py:588} INFO - Filling up the DagBag from /opt/airflow/dags/dag2.py
[2026-05-01T18:49:47.985+0000] {processor.py:925} INFO - DAG(s) 'data_pipeline' retrieved from /opt/airflow/dags/dag2.py
[2026-05-01T18:49:48.045+0000] {logging_mixin.py:190} INFO - [2026-05-01T18:49:48.045+0000] {dag.py:3239} INFO - Sync 1 DAGs
[2026-05-01T18:49:48.077+0000] {logging_mixin.py:190} INFO - [2026-05-01T18:49:48.077+0000] {dag.py:4180} INFO - Setting next_dagrun for data_pipeline to 2026-05-01 15:30:00+00:00, run_after=2026-05-02 15:30:00+00:00
[2026-05-01T18:49:48.095+0000] {processor.py:208} INFO - Processing /opt/airflow/dags/dag2.py took 0.171 seconds
[2026-05-01T18:50:18.371+0000] {processor.py:186} INFO - Started process (PID=2382) to work on /opt/airflow/dags/dag2.py
[2026-05-01T18:50:18.373+0000] {processor.py:914} INFO - Processing file /opt/airflow/dags/dag2.py for tasks to queue
[2026-05-01T18:50:18.379+0000] {logging_mixin.py:190} INFO - [2026-05-01T18:50:18.378+0000] {dagbag.py:588} INFO - Filling up the DagBag from /opt/airflow/dags/dag2.py
[2026-05-01T18:50:18.424+0000] {processor.py:925} INFO - DAG(s) 'data_pipeline' retrieved from /opt/airflow/dags/dag2.py
[2026-05-01T18:50:18.489+0000] {logging_mixin.py:190} INFO - [2026-05-01T18:50:18.489+0000] {dag.py:3239} INFO - Sync 1 DAGs
[2026-05-01T18:50:18.517+0000] {logging_mixin.py:190} INFO - [2026-05-01T18:50:18.517+0000] {dag.py:4180} INFO - Setting next_dagrun for data_pipeline to 2026-05-01 15:30:00+00:00, run_after=2026-05-02 15:30:00+00:00
[2026-05-01T18:50:18.533+0000] {processor.py:208} INFO - Processing /opt/airflow/dags/dag2.py took 0.180 seconds
[2026-05-01T18:50:48.698+0000] {processor.py:186} INFO - Started process (PID=2398) to work on /opt/airflow/dags/dag2.py
[2026-05-01T18:50:48.700+0000] {processor.py:914} INFO - Processing file /opt/airflow/dags/dag2.py for tasks to queue
[2026-05-01T18:50:48.702+0000] {logging_mixin.py:190} INFO - [2026-05-01T18:50:48.702+0000] {dagbag.py:588} INFO - Filling up the DagBag from /opt/airflow/dags/dag2.py
[2026-05-01T18:50:48.719+0000] {processor.py:925} INFO - DAG(s) 'data_pipeline' retrieved from /opt/airflow/dags/dag2.py
[2026-05-01T18:50:48.752+0000] {logging_mixin.py:190} INFO - [2026-05-01T18:50:48.752+0000] {dag.py:3239} INFO - Sync 1 DAGs
[2026-05-01T18:50:48.779+0000] {logging_mixin.py:190} INFO - [2026-05-01T18:50:48.778+0000] {dag.py:4180} INFO - Setting next_dagrun for data_pipeline to 2026-05-01 15:30:00+00:00, run_after=2026-05-02 15:30:00+00:00
[2026-05-01T18:50:48.795+0000] {processor.py:208} INFO - Processing /opt/airflow/dags/dag2.py took 0.102 seconds
[2026-05-01T18:51:19.067+0000] {processor.py:186} INFO - Started process (PID=2414) to work on /opt/airflow/dags/dag2.py
[2026-05-01T18:51:19.068+0000] {processor.py:914} INFO - Processing file /opt/airflow/dags/dag2.py for tasks to queue
[2026-05-01T18:51:19.074+0000] {logging_mixin.py:190} INFO - [2026-05-01T18:51:19.073+0000] {dagbag.py:588} INFO - Filling up the DagBag from /opt/airflow/dags/dag2.py
[2026-05-01T18:51:19.116+0000] {processor.py:925} INFO - DAG(s) 'data_pipeline' retrieved from /opt/airflow/dags/dag2.py
[2026-05-01T18:51:19.200+0000] {logging_mixin.py:190} INFO - [2026-05-01T18:51:19.199+0000] {dag.py:3239} INFO - Sync 1 DAGs
[2026-05-01T18:51:19.245+0000] {logging_mixin.py:190} INFO - [2026-05-01T18:51:19.245+0000] {dag.py:4180} INFO - Setting next_dagrun for data_pipeline to 2026-05-01 15:30:00+00:00, run_after=2026-05-02 15:30:00+00:00
[2026-05-01T18:51:19.267+0000] {processor.py:208} INFO - Processing /opt/airflow/dags/dag2.py took 0.217 seconds
[2026-05-01T18:51:49.474+0000] {processor.py:186} INFO - Started process (PID=2430) to work on /opt/airflow/dags/dag2.py
[2026-05-01T18:51:49.475+0000] {processor.py:914} INFO - Processing file /opt/airflow/dags/dag2.py for tasks to queue
[2026-05-01T18:51:49.477+0000] {logging_mixin.py:190} INFO - [2026-05-01T18:51:49.477+0000] {dagbag.py:588} INFO - Filling up the DagBag from /opt/airflow/dags/dag2.py
[2026-05-01T18:51:49.493+0000] {processor.py:925} INFO - DAG(s) 'data_pipeline' retrieved from /opt/airflow/dags/dag2.py
[2026-05-01T18:51:49.531+0000] {logging_mixin.py:190} INFO - [2026-05-01T18:51:49.531+0000] {dag.py:3239} INFO - Sync 1 DAGs
[2026-05-01T18:51:49.565+0000] {logging_mixin.py:190} INFO - [2026-05-01T18:51:49.565+0000] {dag.py:4180} INFO - Setting next_dagrun for data_pipeline to 2026-05-01 15:30:00+00:00, run_after=2026-05-02 15:30:00+00:00
[2026-05-01T18:51:49.581+0000] {processor.py:208} INFO - Processing /opt/airflow/dags/dag2.py took 0.115 seconds
[2026-05-01T18:52:19.712+0000] {processor.py:186} INFO - Started process (PID=2446) to work on /opt/airflow/dags/dag2.py
[2026-05-01T18:52:19.712+0000] {processor.py:914} INFO - Processing file /opt/airflow/dags/dag2.py for tasks to queue
[2026-05-01T18:52:19.715+0000] {logging_mixin.py:190} INFO - [2026-05-01T18:52:19.715+0000] {dagbag.py:588} INFO - Filling up the DagBag from /opt/airflow/dags/dag2.py
[2026-05-01T18:52:19.736+0000] {processor.py:925} INFO - DAG(s) 'data_pipeline' retrieved from /opt/airflow/dags/dag2.py
[2026-05-01T18:52:19.773+0000] {logging_mixin.py:190} INFO - [2026-05-01T18:52:19.773+0000] {dag.py:3239} INFO - Sync 1 DAGs
[2026-05-01T18:52:19.811+0000] {logging_mixin.py:190} INFO - [2026-05-01T18:52:19.811+0000] {dag.py:4180} INFO - Setting next_dagrun for data_pipeline to 2026-05-01 15:30:00+00:00, run_after=2026-05-02 15:30:00+00:00
[2026-05-01T18:52:19.838+0000] {processor.py:208} INFO - Processing /opt/airflow/dags/dag2.py took 0.136 seconds
[2026-05-01T18:52:50.026+0000] {processor.py:186} INFO - Started process (PID=2462) to work on /opt/airflow/dags/dag2.py
[2026-05-01T18:52:50.027+0000] {processor.py:914} INFO - Processing file /opt/airflow/dags/dag2.py for tasks to queue
[2026-05-01T18:52:50.030+0000] {logging_mixin.py:190} INFO - [2026-05-01T18:52:50.029+0000] {dagbag.py:588} INFO - Filling up the DagBag from /opt/airflow/dags/dag2.py
[2026-05-01T18:52:50.074+0000] {processor.py:925} INFO - DAG(s) 'data_pipeline' retrieved from /opt/airflow/dags/dag2.py
[2026-05-01T18:52:50.118+0000] {logging_mixin.py:190} INFO - [2026-05-01T18:52:50.118+0000] {dag.py:3239} INFO - Sync 1 DAGs
[2026-05-01T18:52:50.159+0000] {logging_mixin.py:190} INFO - [2026-05-01T18:52:50.158+0000] {dag.py:4180} INFO - Setting next_dagrun for data_pipeline to 2026-05-01 15:30:00+00:00, run_after=2026-05-02 15:30:00+00:00
[2026-05-01T18:52:50.183+0000] {processor.py:208} INFO - Processing /opt/airflow/dags/dag2.py took 0.165 seconds
[2026-05-01T18:53:20.754+0000] {processor.py:186} INFO - Started process (PID=2478) to work on /opt/airflow/dags/dag2.py
[2026-05-01T18:53:20.756+0000] {processor.py:914} INFO - Processing file /opt/airflow/dags/dag2.py for tasks to queue
[2026-05-01T18:53:20.763+0000] {logging_mixin.py:190} INFO - [2026-05-01T18:53:20.762+0000] {dagbag.py:588} INFO - Filling up the DagBag from /opt/airflow/dags/dag2.py
[2026-05-01T18:53:20.818+0000] {processor.py:925} INFO - DAG(s) 'data_pipeline' retrieved from /opt/airflow/dags/dag2.py
[2026-05-01T18:53:20.915+0000] {logging_mixin.py:190} INFO - [2026-05-01T18:53:20.914+0000] {dag.py:3239} INFO - Sync 1 DAGs
[2026-05-01T18:53:20.959+0000] {logging_mixin.py:190} INFO - [2026-05-01T18:53:20.958+0000] {dag.py:4180} INFO - Setting next_dagrun for data_pipeline to 2026-05-01 15:30:00+00:00, run_after=2026-05-02 15:30:00+00:00
[2026-05-01T18:53:20.984+0000] {processor.py:208} INFO - Processing /opt/airflow/dags/dag2.py took 0.252 seconds
[2026-05-01T18:53:51.264+0000] {processor.py:186} INFO - Started process (PID=2494) to work on /opt/airflow/dags/dag2.py
[2026-05-01T18:53:51.266+0000] {processor.py:914} INFO - Processing file /opt/airflow/dags/dag2.py for tasks to queue
[2026-05-01T18:53:51.274+0000] {logging_mixin.py:190} INFO - [2026-05-01T18:53:51.273+0000] {dagbag.py:588} INFO - Filling up the DagBag from /opt/airflow/dags/dag2.py
[2026-05-01T18:53:51.326+0000] {processor.py:925} INFO - DAG(s) 'data_pipeline' retrieved from /opt/airflow/dags/dag2.py
[2026-05-01T18:53:51.429+0000] {logging_mixin.py:190} INFO - [2026-05-01T18:53:51.428+0000] {dag.py:3239} INFO - Sync 1 DAGs
[2026-05-01T18:53:51.506+0000] {logging_mixin.py:190} INFO - [2026-05-01T18:53:51.506+0000] {dag.py:4180} INFO - Setting next_dagrun for data_pipeline to 2026-05-01 15:30:00+00:00, run_after=2026-05-02 15:30:00+00:00
[2026-05-01T18:53:51.548+0000] {processor.py:208} INFO - Processing /opt/airflow/dags/dag2.py took 0.311 seconds
[2026-05-01T18:54:21.733+0000] {processor.py:186} INFO - Started process (PID=2510) to work on /opt/airflow/dags/dag2.py
[2026-05-01T18:54:21.735+0000] {processor.py:914} INFO - Processing file /opt/airflow/dags/dag2.py for tasks to queue
[2026-05-01T18:54:21.740+0000] {logging_mixin.py:190} INFO - [2026-05-01T18:54:21.739+0000] {dagbag.py:588} INFO - Filling up the DagBag from /opt/airflow/dags/dag2.py
[2026-05-01T18:54:21.783+0000] {processor.py:925} INFO - DAG(s) 'data_pipeline' retrieved from /opt/airflow/dags/dag2.py
[2026-05-01T18:54:21.863+0000] {logging_mixin.py:190} INFO - [2026-05-01T18:54:21.862+0000] {dag.py:3239} INFO - Sync 1 DAGs
[2026-05-01T18:54:21.934+0000] {logging_mixin.py:190} INFO - [2026-05-01T18:54:21.933+0000] {dag.py:4180} INFO - Setting next_dagrun for data_pipeline to 2026-05-01 15:30:00+00:00, run_after=2026-05-02 15:30:00+00:00
[2026-05-01T18:54:21.977+0000] {processor.py:208} INFO - Processing /opt/airflow/dags/dag2.py took 0.264 seconds
[2026-05-01T18:54:52.175+0000] {processor.py:186} INFO - Started process (PID=2526) to work on /opt/airflow/dags/dag2.py
[2026-05-01T18:54:52.177+0000] {processor.py:914} INFO - Processing file /opt/airflow/dags/dag2.py for tasks to queue
[2026-05-01T18:54:52.182+0000] {logging_mixin.py:190} INFO - [2026-05-01T18:54:52.181+0000] {dagbag.py:588} INFO - Filling up the DagBag from /opt/airflow/dags/dag2.py
[2026-05-01T18:54:52.209+0000] {processor.py:925} INFO - DAG(s) 'data_pipeline' retrieved from /opt/airflow/dags/dag2.py
[2026-05-01T18:54:52.246+0000] {logging_mixin.py:190} INFO - [2026-05-01T18:54:52.245+0000] {dag.py:3239} INFO - Sync 1 DAGs
[2026-05-01T18:54:52.268+0000] {logging_mixin.py:190} INFO - [2026-05-01T18:54:52.268+0000] {dag.py:4180} INFO - Setting next_dagrun for data_pipeline to 2026-05-01 15:30:00+00:00, run_after=2026-05-02 15:30:00+00:00
[2026-05-01T18:54:52.284+0000] {processor.py:208} INFO - Processing /opt/airflow/dags/dag2.py took 0.133 seconds
[2026-05-01T18:55:22.582+0000] {processor.py:186} INFO - Started process (PID=2542) to work on /opt/airflow/dags/dag2.py
[2026-05-01T18:55:22.584+0000] {processor.py:914} INFO - Processing file /opt/airflow/dags/dag2.py for tasks to queue
[2026-05-01T18:55:22.590+0000] {logging_mixin.py:190} INFO - [2026-05-01T18:55:22.589+0000] {dagbag.py:588} INFO - Filling up the DagBag from /opt/airflow/dags/dag2.py
[2026-05-01T18:55:22.626+0000] {processor.py:925} INFO - DAG(s) 'data_pipeline' retrieved from /opt/airflow/dags/dag2.py
[2026-05-01T18:55:22.662+0000] {logging_mixin.py:190} INFO - [2026-05-01T18:55:22.661+0000] {dag.py:3239} INFO - Sync 1 DAGs
[2026-05-01T18:55:22.686+0000] {logging_mixin.py:190} INFO - [2026-05-01T18:55:22.686+0000] {dag.py:4180} INFO - Setting next_dagrun for data_pipeline to 2026-05-01 15:30:00+00:00, run_after=2026-05-02 15:30:00+00:00
[2026-05-01T18:55:22.701+0000] {processor.py:208} INFO - Processing /opt/airflow/dags/dag2.py took 0.143 seconds
[2026-05-01T18:55:52.994+0000] {processor.py:186} INFO - Started process (PID=2558) to work on /opt/airflow/dags/dag2.py
[2026-05-01T18:55:52.996+0000] {processor.py:914} INFO - Processing file /opt/airflow/dags/dag2.py for tasks to queue
[2026-05-01T18:55:53.002+0000] {logging_mixin.py:190} INFO - [2026-05-01T18:55:53.001+0000] {dagbag.py:588} INFO - Filling up the DagBag from /opt/airflow/dags/dag2.py
[2026-05-01T18:55:53.038+0000] {processor.py:925} INFO - DAG(s) 'data_pipeline' retrieved from /opt/airflow/dags/dag2.py
[2026-05-01T18:55:53.124+0000] {logging_mixin.py:190} INFO - [2026-05-01T18:55:53.123+0000] {dag.py:3239} INFO - Sync 1 DAGs
[2026-05-01T18:55:53.174+0000] {logging_mixin.py:190} INFO - [2026-05-01T18:55:53.174+0000] {dag.py:4180} INFO - Setting next_dagrun for data_pipeline to 2026-05-01 15:30:00+00:00, run_after=2026-05-02 15:30:00+00:00
[2026-05-01T18:55:53.193+0000] {processor.py:208} INFO - Processing /opt/airflow/dags/dag2.py took 0.218 seconds
[2026-05-01T18:56:23.387+0000] {processor.py:186} INFO - Started process (PID=2574) to work on /opt/airflow/dags/dag2.py
[2026-05-01T18:56:23.390+0000] {processor.py:914} INFO - Processing file /opt/airflow/dags/dag2.py for tasks to queue
[2026-05-01T18:56:23.403+0000] {logging_mixin.py:190} INFO - [2026-05-01T18:56:23.402+0000] {dagbag.py:588} INFO - Filling up the DagBag from /opt/airflow/dags/dag2.py
[2026-05-01T18:56:23.446+0000] {processor.py:925} INFO - DAG(s) 'data_pipeline' retrieved from /opt/airflow/dags/dag2.py
[2026-05-01T18:56:23.513+0000] {logging_mixin.py:190} INFO - [2026-05-01T18:56:23.513+0000] {dag.py:3239} INFO - Sync 1 DAGs
[2026-05-01T18:56:23.551+0000] {logging_mixin.py:190} INFO - [2026-05-01T18:56:23.551+0000] {dag.py:4180} INFO - Setting next_dagrun for data_pipeline to 2026-05-01 15:30:00+00:00, run_after=2026-05-02 15:30:00+00:00
[2026-05-01T18:56:23.574+0000] {processor.py:208} INFO - Processing /opt/airflow/dags/dag2.py took 0.216 seconds
[2026-05-01T18:56:53.761+0000] {processor.py:186} INFO - Started process (PID=2590) to work on /opt/airflow/dags/dag2.py
[2026-05-01T18:56:53.762+0000] {processor.py:914} INFO - Processing file /opt/airflow/dags/dag2.py for tasks to queue
[2026-05-01T18:56:53.765+0000] {logging_mixin.py:190} INFO - [2026-05-01T18:56:53.764+0000] {dagbag.py:588} INFO - Filling up the DagBag from /opt/airflow/dags/dag2.py
[2026-05-01T18:56:53.781+0000] {processor.py:925} INFO - DAG(s) 'data_pipeline' retrieved from /opt/airflow/dags/dag2.py
[2026-05-01T18:56:53.816+0000] {logging_mixin.py:190} INFO - [2026-05-01T18:56:53.816+0000] {dag.py:3239} INFO - Sync 1 DAGs
[2026-05-01T18:56:53.848+0000] {logging_mixin.py:190} INFO - [2026-05-01T18:56:53.848+0000] {dag.py:4180} INFO - Setting next_dagrun for data_pipeline to 2026-05-01 15:30:00+00:00, run_after=2026-05-02 15:30:00+00:00
[2026-05-01T18:56:53.867+0000] {processor.py:208} INFO - Processing /opt/airflow/dags/dag2.py took 0.113 seconds
[2026-05-01T18:57:24.111+0000] {processor.py:186} INFO - Started process (PID=2606) to work on /opt/airflow/dags/dag2.py
[2026-05-01T18:57:24.114+0000] {processor.py:914} INFO - Processing file /opt/airflow/dags/dag2.py for tasks to queue
[2026-05-01T18:57:24.124+0000] {logging_mixin.py:190} INFO - [2026-05-01T18:57:24.122+0000] {dagbag.py:588} INFO - Filling up the DagBag from /opt/airflow/dags/dag2.py
[2026-05-01T18:57:24.168+0000] {processor.py:925} INFO - DAG(s) 'data_pipeline' retrieved from /opt/airflow/dags/dag2.py
[2026-05-01T18:57:24.249+0000] {logging_mixin.py:190} INFO - [2026-05-01T18:57:24.249+0000] {dag.py:3239} INFO - Sync 1 DAGs
[2026-05-01T18:57:24.288+0000] {logging_mixin.py:190} INFO - [2026-05-01T18:57:24.287+0000] {dag.py:4180} INFO - Setting next_dagrun for data_pipeline to 2026-05-01 15:30:00+00:00, run_after=2026-05-02 15:30:00+00:00
[2026-05-01T18:57:24.317+0000] {processor.py:208} INFO - Processing /opt/airflow/dags/dag2.py took 0.232 seconds
[2026-05-01T18:57:54.567+0000] {processor.py:186} INFO - Started process (PID=2622) to work on /opt/airflow/dags/dag2.py
[2026-05-01T18:57:54.570+0000] {processor.py:914} INFO - Processing file /opt/airflow/dags/dag2.py for tasks to queue
[2026-05-01T18:57:54.579+0000] {logging_mixin.py:190} INFO - [2026-05-01T18:57:54.577+0000] {dagbag.py:588} INFO - Filling up the DagBag from /opt/airflow/dags/dag2.py
[2026-05-01T18:57:54.625+0000] {processor.py:925} INFO - DAG(s) 'data_pipeline' retrieved from /opt/airflow/dags/dag2.py
[2026-05-01T18:57:54.682+0000] {logging_mixin.py:190} INFO - [2026-05-01T18:57:54.682+0000] {dag.py:3239} INFO - Sync 1 DAGs
[2026-05-01T18:57:54.710+0000] {logging_mixin.py:190} INFO - [2026-05-01T18:57:54.709+0000] {dag.py:4180} INFO - Setting next_dagrun for data_pipeline to 2026-05-01 15:30:00+00:00, run_after=2026-05-02 15:30:00+00:00
[2026-05-01T18:57:54.727+0000] {processor.py:208} INFO - Processing /opt/airflow/dags/dag2.py took 0.180 seconds
[2026-05-01T18:58:25.021+0000] {processor.py:186} INFO - Started process (PID=2638) to work on /opt/airflow/dags/dag2.py
[2026-05-01T18:58:25.023+0000] {processor.py:914} INFO - Processing file /opt/airflow/dags/dag2.py for tasks to queue
[2026-05-01T18:58:25.029+0000] {logging_mixin.py:190} INFO - [2026-05-01T18:58:25.028+0000] {dagbag.py:588} INFO - Filling up the DagBag from /opt/airflow/dags/dag2.py
[2026-05-01T18:58:25.069+0000] {processor.py:925} INFO - DAG(s) 'data_pipeline' retrieved from /opt/airflow/dags/dag2.py
[2026-05-01T18:58:25.166+0000] {logging_mixin.py:190} INFO - [2026-05-01T18:58:25.165+0000] {dag.py:3239} INFO - Sync 1 DAGs
[2026-05-01T18:58:25.238+0000] {logging_mixin.py:190} INFO - [2026-05-01T18:58:25.238+0000] {dag.py:4180} INFO - Setting next_dagrun for data_pipeline to 2026-05-01 15:30:00+00:00, run_after=2026-05-02 15:30:00+00:00
[2026-05-01T18:58:25.286+0000] {processor.py:208} INFO - Processing /opt/airflow/dags/dag2.py took 0.289 seconds
[2026-05-01T18:58:55.484+0000] {processor.py:186} INFO - Started process (PID=2655) to work on /opt/airflow/dags/dag2.py
[2026-05-01T18:58:55.486+0000] {processor.py:914} INFO - Processing file /opt/airflow/dags/dag2.py for tasks to queue
[2026-05-01T18:58:55.492+0000] {logging_mixin.py:190} INFO - [2026-05-01T18:58:55.491+0000] {dagbag.py:588} INFO - Filling up the DagBag from /opt/airflow/dags/dag2.py
[2026-05-01T18:58:55.534+0000] {processor.py:925} INFO - DAG(s) 'data_pipeline' retrieved from /opt/airflow/dags/dag2.py
[2026-05-01T18:58:55.619+0000] {logging_mixin.py:190} INFO - [2026-05-01T18:58:55.618+0000] {dag.py:3239} INFO - Sync 1 DAGs
[2026-05-01T18:58:55.679+0000] {logging_mixin.py:190} INFO - [2026-05-01T18:58:55.678+0000] {dag.py:4180} INFO - Setting next_dagrun for data_pipeline to 2026-05-01 15:30:00+00:00, run_after=2026-05-02 15:30:00+00:00
[2026-05-01T18:58:55.705+0000] {processor.py:208} INFO - Processing /opt/airflow/dags/dag2.py took 0.246 seconds
[2026-05-01T18:59:25.945+0000] {processor.py:186} INFO - Started process (PID=2671) to work on /opt/airflow/dags/dag2.py
[2026-05-01T18:59:25.947+0000] {processor.py:914} INFO - Processing file /opt/airflow/dags/dag2.py for tasks to queue
[2026-05-01T18:59:25.953+0000] {logging_mixin.py:190} INFO - [2026-05-01T18:59:25.952+0000] {dagbag.py:588} INFO - Filling up the DagBag from /opt/airflow/dags/dag2.py
[2026-05-01T18:59:25.996+0000] {processor.py:925} INFO - DAG(s) 'data_pipeline' retrieved from /opt/airflow/dags/dag2.py
[2026-05-01T18:59:26.086+0000] {logging_mixin.py:190} INFO - [2026-05-01T18:59:26.085+0000] {dag.py:3239} INFO - Sync 1 DAGs
[2026-05-01T18:59:26.152+0000] {logging_mixin.py:190} INFO - [2026-05-01T18:59:26.152+0000] {dag.py:4180} INFO - Setting next_dagrun for data_pipeline to 2026-05-01 15:30:00+00:00, run_after=2026-05-02 15:30:00+00:00
[2026-05-01T18:59:26.171+0000] {processor.py:208} INFO - Processing /opt/airflow/dags/dag2.py took 0.248 seconds
[2026-05-01T18:59:56.368+0000] {processor.py:186} INFO - Started process (PID=2687) to work on /opt/airflow/dags/dag2.py
[2026-05-01T18:59:56.369+0000] {processor.py:914} INFO - Processing file /opt/airflow/dags/dag2.py for tasks to queue
[2026-05-01T18:59:56.371+0000] {logging_mixin.py:190} INFO - [2026-05-01T18:59:56.371+0000] {dagbag.py:588} INFO - Filling up the DagBag from /opt/airflow/dags/dag2.py
[2026-05-01T18:59:56.383+0000] {processor.py:925} INFO - DAG(s) 'data_pipeline' retrieved from /opt/airflow/dags/dag2.py
[2026-05-01T18:59:56.408+0000] {logging_mixin.py:190} INFO - [2026-05-01T18:59:56.408+0000] {dag.py:3239} INFO - Sync 1 DAGs
[2026-05-01T18:59:56.433+0000] {logging_mixin.py:190} INFO - [2026-05-01T18:59:56.433+0000] {dag.py:4180} INFO - Setting next_dagrun for data_pipeline to 2026-05-01 15:30:00+00:00, run_after=2026-05-02 15:30:00+00:00
[2026-05-01T18:59:56.450+0000] {processor.py:208} INFO - Processing /opt/airflow/dags/dag2.py took 0.088 seconds
[2026-05-01T19:00:26.753+0000] {processor.py:186} INFO - Started process (PID=2703) to work on /opt/airflow/dags/dag2.py
[2026-05-01T19:00:26.755+0000] {processor.py:914} INFO - Processing file /opt/airflow/dags/dag2.py for tasks to queue
[2026-05-01T19:00:26.762+0000] {logging_mixin.py:190} INFO - [2026-05-01T19:00:26.761+0000] {dagbag.py:588} INFO - Filling up the DagBag from /opt/airflow/dags/dag2.py
[2026-05-01T19:00:26.802+0000] {processor.py:925} INFO - DAG(s) 'data_pipeline' retrieved from /opt/airflow/dags/dag2.py
[2026-05-01T19:00:26.893+0000] {logging_mixin.py:190} INFO - [2026-05-01T19:00:26.892+0000] {dag.py:3239} INFO - Sync 1 DAGs
[2026-05-01T19:00:26.941+0000] {logging_mixin.py:190} INFO - [2026-05-01T19:00:26.940+0000] {dag.py:4180} INFO - Setting next_dagrun for data_pipeline to 2026-05-01 15:30:00+00:00, run_after=2026-05-02 15:30:00+00:00
[2026-05-01T19:00:26.963+0000] {processor.py:208} INFO - Processing /opt/airflow/dags/dag2.py took 0.230 seconds
[2026-05-01T19:00:57.224+0000] {processor.py:186} INFO - Started process (PID=2719) to work on /opt/airflow/dags/dag2.py
[2026-05-01T19:00:57.226+0000] {processor.py:914} INFO - Processing file /opt/airflow/dags/dag2.py for tasks to queue
[2026-05-01T19:00:57.235+0000] {logging_mixin.py:190} INFO - [2026-05-01T19:00:57.233+0000] {dagbag.py:588} INFO - Filling up the DagBag from /opt/airflow/dags/dag2.py
[2026-05-01T19:00:57.277+0000] {processor.py:925} INFO - DAG(s) 'data_pipeline' retrieved from /opt/airflow/dags/dag2.py
[2026-05-01T19:00:57.343+0000] {logging_mixin.py:190} INFO - [2026-05-01T19:00:57.343+0000] {dag.py:3239} INFO - Sync 1 DAGs
[2026-05-01T19:00:57.394+0000] {logging_mixin.py:190} INFO - [2026-05-01T19:00:57.393+0000] {dag.py:4180} INFO - Setting next_dagrun for data_pipeline to 2026-05-01 15:30:00+00:00, run_after=2026-05-02 15:30:00+00:00
[2026-05-01T19:00:57.434+0000] {processor.py:208} INFO - Processing /opt/airflow/dags/dag2.py took 0.231 seconds
[2026-05-01T19:01:27.704+0000] {processor.py:186} INFO - Started process (PID=2735) to work on /opt/airflow/dags/dag2.py
[2026-05-01T19:01:27.707+0000] {processor.py:914} INFO - Processing file /opt/airflow/dags/dag2.py for tasks to queue
[2026-05-01T19:01:27.716+0000] {logging_mixin.py:190} INFO - [2026-05-01T19:01:27.715+0000] {dagbag.py:588} INFO - Filling up the DagBag from /opt/airflow/dags/dag2.py
[2026-05-01T19:01:27.760+0000] {processor.py:925} INFO - DAG(s) 'data_pipeline' retrieved from /opt/airflow/dags/dag2.py
[2026-05-01T19:01:27.846+0000] {logging_mixin.py:190} INFO - [2026-05-01T19:01:27.845+0000] {dag.py:3239} INFO - Sync 1 DAGs
[2026-05-01T19:01:27.902+0000] {logging_mixin.py:190} INFO - [2026-05-01T19:01:27.901+0000] {dag.py:4180} INFO - Setting next_dagrun for data_pipeline to 2026-05-01 15:30:00+00:00, run_after=2026-05-02 15:30:00+00:00
[2026-05-01T19:01:27.920+0000] {processor.py:208} INFO - Processing /opt/airflow/dags/dag2.py took 0.242 seconds
[2026-05-01T19:01:58.082+0000] {processor.py:186} INFO - Started process (PID=2751) to work on /opt/airflow/dags/dag2.py
[2026-05-01T19:01:58.082+0000] {processor.py:914} INFO - Processing file /opt/airflow/dags/dag2.py for tasks to queue
[2026-05-01T19:01:58.085+0000] {logging_mixin.py:190} INFO - [2026-05-01T19:01:58.084+0000] {dagbag.py:588} INFO - Filling up the DagBag from /opt/airflow/dags/dag2.py
[2026-05-01T19:01:58.099+0000] {processor.py:925} INFO - DAG(s) 'data_pipeline' retrieved from /opt/airflow/dags/dag2.py
[2026-05-01T19:01:58.130+0000] {logging_mixin.py:190} INFO - [2026-05-01T19:01:58.129+0000] {dag.py:3239} INFO - Sync 1 DAGs
[2026-05-01T19:01:58.159+0000] {logging_mixin.py:190} INFO - [2026-05-01T19:01:58.159+0000] {dag.py:4180} INFO - Setting next_dagrun for data_pipeline to 2026-05-01 15:30:00+00:00, run_after=2026-05-02 15:30:00+00:00
[2026-05-01T19:01:58.179+0000] {processor.py:208} INFO - Processing /opt/airflow/dags/dag2.py took 0.103 seconds
[2026-05-01T19:02:28.401+0000] {processor.py:186} INFO - Started process (PID=2767) to work on /opt/airflow/dags/dag2.py
[2026-05-01T19:02:28.403+0000] {processor.py:914} INFO - Processing file /opt/airflow/dags/dag2.py for tasks to queue
[2026-05-01T19:02:28.410+0000] {logging_mixin.py:190} INFO - [2026-05-01T19:02:28.409+0000] {dagbag.py:588} INFO - Filling up the DagBag from /opt/airflow/dags/dag2.py
[2026-05-01T19:02:28.451+0000] {processor.py:925} INFO - DAG(s) 'data_pipeline' retrieved from /opt/airflow/dags/dag2.py
[2026-05-01T19:02:28.548+0000] {logging_mixin.py:190} INFO - [2026-05-01T19:02:28.547+0000] {dag.py:3239} INFO - Sync 1 DAGs
[2026-05-01T19:02:28.654+0000] {logging_mixin.py:190} INFO - [2026-05-01T19:02:28.653+0000] {dag.py:4180} INFO - Setting next_dagrun for data_pipeline to 2026-05-01 15:30:00+00:00, run_after=2026-05-02 15:30:00+00:00
[2026-05-01T19:02:28.714+0000] {processor.py:208} INFO - Processing /opt/airflow/dags/dag2.py took 0.336 seconds
[2026-05-01T19:02:58.878+0000] {processor.py:186} INFO - Started process (PID=2783) to work on /opt/airflow/dags/dag2.py
[2026-05-01T19:02:58.880+0000] {processor.py:914} INFO - Processing file /opt/airflow/dags/dag2.py for tasks to queue
[2026-05-01T19:02:58.887+0000] {logging_mixin.py:190} INFO - [2026-05-01T19:02:58.885+0000] {dagbag.py:588} INFO - Filling up the DagBag from /opt/airflow/dags/dag2.py
[2026-05-01T19:02:58.929+0000] {processor.py:925} INFO - DAG(s) 'data_pipeline' retrieved from /opt/airflow/dags/dag2.py
[2026-05-01T19:02:59.020+0000] {logging_mixin.py:190} INFO - [2026-05-01T19:02:59.020+0000] {dag.py:3239} INFO - Sync 1 DAGs
[2026-05-01T19:02:59.086+0000] {logging_mixin.py:190} INFO - [2026-05-01T19:02:59.086+0000] {dag.py:4180} INFO - Setting next_dagrun for data_pipeline to 2026-05-01 15:30:00+00:00, run_after=2026-05-02 15:30:00+00:00
[2026-05-01T19:02:59.111+0000] {processor.py:208} INFO - Processing /opt/airflow/dags/dag2.py took 0.260 seconds
[2026-05-01T19:03:29.326+0000] {processor.py:186} INFO - Started process (PID=2799) to work on /opt/airflow/dags/dag2.py
[2026-05-01T19:03:29.328+0000] {processor.py:914} INFO - Processing file /opt/airflow/dags/dag2.py for tasks to queue
[2026-05-01T19:03:29.334+0000] {logging_mixin.py:190} INFO - [2026-05-01T19:03:29.333+0000] {dagbag.py:588} INFO - Filling up the DagBag from /opt/airflow/dags/dag2.py
[2026-05-01T19:03:29.373+0000] {processor.py:925} INFO - DAG(s) 'data_pipeline' retrieved from /opt/airflow/dags/dag2.py
[2026-05-01T19:03:29.456+0000] {logging_mixin.py:190} INFO - [2026-05-01T19:03:29.455+0000] {dag.py:3239} INFO - Sync 1 DAGs
[2026-05-01T19:03:29.492+0000] {logging_mixin.py:190} INFO - [2026-05-01T19:03:29.492+0000] {dag.py:4180} INFO - Setting next_dagrun for data_pipeline to 2026-05-01 15:30:00+00:00, run_after=2026-05-02 15:30:00+00:00
[2026-05-01T19:03:29.508+0000] {processor.py:208} INFO - Processing /opt/airflow/dags/dag2.py took 0.202 seconds
[2026-05-01T19:03:59.792+0000] {processor.py:186} INFO - Started process (PID=2815) to work on /opt/airflow/dags/dag2.py
[2026-05-01T19:03:59.794+0000] {processor.py:914} INFO - Processing file /opt/airflow/dags/dag2.py for tasks to queue
[2026-05-01T19:03:59.801+0000] {logging_mixin.py:190} INFO - [2026-05-01T19:03:59.800+0000] {dagbag.py:588} INFO - Filling up the DagBag from /opt/airflow/dags/dag2.py
[2026-05-01T19:03:59.842+0000] {processor.py:925} INFO - DAG(s) 'data_pipeline' retrieved from /opt/airflow/dags/dag2.py
[2026-05-01T19:03:59.928+0000] {logging_mixin.py:190} INFO - [2026-05-01T19:03:59.927+0000] {dag.py:3239} INFO - Sync 1 DAGs
[2026-05-01T19:03:59.985+0000] {logging_mixin.py:190} INFO - [2026-05-01T19:03:59.985+0000] {dag.py:4180} INFO - Setting next_dagrun for data_pipeline to 2026-05-01 15:30:00+00:00, run_after=2026-05-02 15:30:00+00:00
[2026-05-01T19:04:00.010+0000] {processor.py:208} INFO - Processing /opt/airflow/dags/dag2.py took 0.239 seconds
[2026-05-01T19:04:30.226+0000] {processor.py:186} INFO - Started process (PID=2831) to work on /opt/airflow/dags/dag2.py
[2026-05-01T19:04:30.228+0000] {processor.py:914} INFO - Processing file /opt/airflow/dags/dag2.py for tasks to queue
[2026-05-01T19:04:30.235+0000] {logging_mixin.py:190} INFO - [2026-05-01T19:04:30.234+0000] {dagbag.py:588} INFO - Filling up the DagBag from /opt/airflow/dags/dag2.py
[2026-05-01T19:04:30.275+0000] {processor.py:925} INFO - DAG(s) 'data_pipeline' retrieved from /opt/airflow/dags/dag2.py
[2026-05-01T19:04:30.356+0000] {logging_mixin.py:190} INFO - [2026-05-01T19:04:30.356+0000] {dag.py:3239} INFO - Sync 1 DAGs
[2026-05-01T19:04:30.419+0000] {logging_mixin.py:190} INFO - [2026-05-01T19:04:30.418+0000] {dag.py:4180} INFO - Setting next_dagrun for data_pipeline to 2026-05-01 15:30:00+00:00, run_after=2026-05-02 15:30:00+00:00
[2026-05-01T19:04:30.465+0000] {processor.py:208} INFO - Processing /opt/airflow/dags/dag2.py took 0.258 seconds
[2026-05-01T19:05:00.692+0000] {processor.py:186} INFO - Started process (PID=2847) to work on /opt/airflow/dags/dag2.py
[2026-05-01T19:05:00.694+0000] {processor.py:914} INFO - Processing file /opt/airflow/dags/dag2.py for tasks to queue
[2026-05-01T19:05:00.701+0000] {logging_mixin.py:190} INFO - [2026-05-01T19:05:00.700+0000] {dagbag.py:588} INFO - Filling up the DagBag from /opt/airflow/dags/dag2.py
[2026-05-01T19:05:00.742+0000] {processor.py:925} INFO - DAG(s) 'data_pipeline' retrieved from /opt/airflow/dags/dag2.py
[2026-05-01T19:05:00.829+0000] {logging_mixin.py:190} INFO - [2026-05-01T19:05:00.829+0000] {dag.py:3239} INFO - Sync 1 DAGs
[2026-05-01T19:05:00.892+0000] {logging_mixin.py:190} INFO - [2026-05-01T19:05:00.891+0000] {dag.py:4180} INFO - Setting next_dagrun for data_pipeline to 2026-05-01 15:30:00+00:00, run_after=2026-05-02 15:30:00+00:00
[2026-05-01T19:05:00.920+0000] {processor.py:208} INFO - Processing /opt/airflow/dags/dag2.py took 0.251 seconds
[2026-05-01T19:05:31.142+0000] {processor.py:186} INFO - Started process (PID=2863) to work on /opt/airflow/dags/dag2.py
[2026-05-01T19:05:31.145+0000] {processor.py:914} INFO - Processing file /opt/airflow/dags/dag2.py for tasks to queue
[2026-05-01T19:05:31.152+0000] {logging_mixin.py:190} INFO - [2026-05-01T19:05:31.151+0000] {dagbag.py:588} INFO - Filling up the DagBag from /opt/airflow/dags/dag2.py
[2026-05-01T19:05:31.195+0000] {processor.py:925} INFO - DAG(s) 'data_pipeline' retrieved from /opt/airflow/dags/dag2.py
[2026-05-01T19:05:31.256+0000] {logging_mixin.py:190} INFO - [2026-05-01T19:05:31.255+0000] {dag.py:3239} INFO - Sync 1 DAGs
[2026-05-01T19:05:31.299+0000] {logging_mixin.py:190} INFO - [2026-05-01T19:05:31.299+0000] {dag.py:4180} INFO - Setting next_dagrun for data_pipeline to 2026-05-01 15:30:00+00:00, run_after=2026-05-02 15:30:00+00:00
[2026-05-01T19:05:31.317+0000] {processor.py:208} INFO - Processing /opt/airflow/dags/dag2.py took 0.202 seconds
[2026-05-01T19:06:01.594+0000] {processor.py:186} INFO - Started process (PID=2879) to work on /opt/airflow/dags/dag2.py
[2026-05-01T19:06:01.596+0000] {processor.py:914} INFO - Processing file /opt/airflow/dags/dag2.py for tasks to queue
[2026-05-01T19:06:01.603+0000] {logging_mixin.py:190} INFO - [2026-05-01T19:06:01.602+0000] {dagbag.py:588} INFO - Filling up the DagBag from /opt/airflow/dags/dag2.py
[2026-05-01T19:06:01.646+0000] {processor.py:925} INFO - DAG(s) 'data_pipeline' retrieved from /opt/airflow/dags/dag2.py
[2026-05-01T19:06:01.741+0000] {logging_mixin.py:190} INFO - [2026-05-01T19:06:01.740+0000] {dag.py:3239} INFO - Sync 1 DAGs
[2026-05-01T19:06:01.843+0000] {logging_mixin.py:190} INFO - [2026-05-01T19:06:01.842+0000] {dag.py:4180} INFO - Setting next_dagrun for data_pipeline to 2026-05-01 15:30:00+00:00, run_after=2026-05-02 15:30:00+00:00
[2026-05-01T19:06:01.903+0000] {processor.py:208} INFO - Processing /opt/airflow/dags/dag2.py took 0.332 seconds
[2026-05-01T19:06:32.046+0000] {processor.py:186} INFO - Started process (PID=2895) to work on /opt/airflow/dags/dag2.py
[2026-05-01T19:06:32.048+0000] {processor.py:914} INFO - Processing file /opt/airflow/dags/dag2.py for tasks to queue
[2026-05-01T19:06:32.054+0000] {logging_mixin.py:190} INFO - [2026-05-01T19:06:32.053+0000] {dagbag.py:588} INFO - Filling up the DagBag from /opt/airflow/dags/dag2.py
[2026-05-01T19:06:32.092+0000] {processor.py:925} INFO - DAG(s) 'data_pipeline' retrieved from /opt/airflow/dags/dag2.py
[2026-05-01T19:06:32.168+0000] {logging_mixin.py:190} INFO - [2026-05-01T19:06:32.167+0000] {dag.py:3239} INFO - Sync 1 DAGs
[2026-05-01T19:06:32.233+0000] {logging_mixin.py:190} INFO - [2026-05-01T19:06:32.233+0000] {dag.py:4180} INFO - Setting next_dagrun for data_pipeline to 2026-05-01 15:30:00+00:00, run_after=2026-05-02 15:30:00+00:00
[2026-05-01T19:06:32.260+0000] {processor.py:208} INFO - Processing /opt/airflow/dags/dag2.py took 0.234 seconds
[2026-05-01T19:07:02.538+0000] {processor.py:186} INFO - Started process (PID=2911) to work on /opt/airflow/dags/dag2.py
[2026-05-01T19:07:02.540+0000] {processor.py:914} INFO - Processing file /opt/airflow/dags/dag2.py for tasks to queue
[2026-05-01T19:07:02.548+0000] {logging_mixin.py:190} INFO - [2026-05-01T19:07:02.547+0000] {dagbag.py:588} INFO - Filling up the DagBag from /opt/airflow/dags/dag2.py
[2026-05-01T19:07:02.576+0000] {processor.py:925} INFO - DAG(s) 'data_pipeline' retrieved from /opt/airflow/dags/dag2.py
[2026-05-01T19:07:02.641+0000] {logging_mixin.py:190} INFO - [2026-05-01T19:07:02.641+0000] {dag.py:3239} INFO - Sync 1 DAGs
[2026-05-01T19:07:02.698+0000] {logging_mixin.py:190} INFO - [2026-05-01T19:07:02.698+0000] {dag.py:4180} INFO - Setting next_dagrun for data_pipeline to 2026-05-01 15:30:00+00:00, run_after=2026-05-02 15:30:00+00:00
[2026-05-01T19:07:02.734+0000] {processor.py:208} INFO - Processing /opt/airflow/dags/dag2.py took 0.221 seconds
[2026-05-01T19:07:32.961+0000] {processor.py:186} INFO - Started process (PID=2927) to work on /opt/airflow/dags/dag2.py
[2026-05-01T19:07:32.963+0000] {processor.py:914} INFO - Processing file /opt/airflow/dags/dag2.py for tasks to queue
[2026-05-01T19:07:32.970+0000] {logging_mixin.py:190} INFO - [2026-05-01T19:07:32.969+0000] {dagbag.py:588} INFO - Filling up the DagBag from /opt/airflow/dags/dag2.py
[2026-05-01T19:07:33.011+0000] {processor.py:925} INFO - DAG(s) 'data_pipeline' retrieved from /opt/airflow/dags/dag2.py
[2026-05-01T19:07:33.095+0000] {logging_mixin.py:190} INFO - [2026-05-01T19:07:33.094+0000] {dag.py:3239} INFO - Sync 1 DAGs
[2026-05-01T19:07:33.165+0000] {logging_mixin.py:190} INFO - [2026-05-01T19:07:33.165+0000] {dag.py:4180} INFO - Setting next_dagrun for data_pipeline to 2026-05-01 15:30:00+00:00, run_after=2026-05-02 15:30:00+00:00
[2026-05-01T19:07:33.203+0000] {processor.py:208} INFO - Processing /opt/airflow/dags/dag2.py took 0.262 seconds
[2026-05-01T19:08:03.330+0000] {processor.py:186} INFO - Started process (PID=2943) to work on /opt/airflow/dags/dag2.py
[2026-05-01T19:08:03.331+0000] {processor.py:914} INFO - Processing file /opt/airflow/dags/dag2.py for tasks to queue
[2026-05-01T19:08:03.333+0000] {logging_mixin.py:190} INFO - [2026-05-01T19:08:03.333+0000] {dagbag.py:588} INFO - Filling up the DagBag from /opt/airflow/dags/dag2.py
[2026-05-01T19:08:03.345+0000] {processor.py:925} INFO - DAG(s) 'data_pipeline' retrieved from /opt/airflow/dags/dag2.py
[2026-05-01T19:08:03.375+0000] {logging_mixin.py:190} INFO - [2026-05-01T19:08:03.375+0000] {dag.py:3239} INFO - Sync 1 DAGs
[2026-05-01T19:08:03.401+0000] {logging_mixin.py:190} INFO - [2026-05-01T19:08:03.401+0000] {dag.py:4180} INFO - Setting next_dagrun for data_pipeline to 2026-05-01 15:30:00+00:00, run_after=2026-05-02 15:30:00+00:00
[2026-05-01T19:08:03.418+0000] {processor.py:208} INFO - Processing /opt/airflow/dags/dag2.py took 0.094 seconds
[2026-05-01T19:08:33.636+0000] {processor.py:186} INFO - Started process (PID=2959) to work on /opt/airflow/dags/dag2.py
[2026-05-01T19:08:33.637+0000] {processor.py:914} INFO - Processing file /opt/airflow/dags/dag2.py for tasks to queue
[2026-05-01T19:08:33.643+0000] {logging_mixin.py:190} INFO - [2026-05-01T19:08:33.642+0000] {dagbag.py:588} INFO - Filling up the DagBag from /opt/airflow/dags/dag2.py
[2026-05-01T19:08:33.679+0000] {processor.py:925} INFO - DAG(s) 'data_pipeline' retrieved from /opt/airflow/dags/dag2.py
[2026-05-01T19:08:33.724+0000] {logging_mixin.py:190} INFO - [2026-05-01T19:08:33.724+0000] {dag.py:3239} INFO - Sync 1 DAGs
[2026-05-01T19:08:33.772+0000] {logging_mixin.py:190} INFO - [2026-05-01T19:08:33.772+0000] {dag.py:4180} INFO - Setting next_dagrun for data_pipeline to 2026-05-01 15:30:00+00:00, run_after=2026-05-02 15:30:00+00:00
[2026-05-01T19:08:33.800+0000] {processor.py:208} INFO - Processing /opt/airflow/dags/dag2.py took 0.185 seconds
[2026-05-01T19:09:04.060+0000] {processor.py:186} INFO - Started process (PID=2975) to work on /opt/airflow/dags/dag2.py
[2026-05-01T19:09:04.062+0000] {processor.py:914} INFO - Processing file /opt/airflow/dags/dag2.py for tasks to queue
[2026-05-01T19:09:04.069+0000] {logging_mixin.py:190} INFO - [2026-05-01T19:09:04.068+0000] {dagbag.py:588} INFO - Filling up the DagBag from /opt/airflow/dags/dag2.py
[2026-05-01T19:09:04.113+0000] {processor.py:925} INFO - DAG(s) 'data_pipeline' retrieved from /opt/airflow/dags/dag2.py
[2026-05-01T19:09:04.192+0000] {logging_mixin.py:190} INFO - [2026-05-01T19:09:04.192+0000] {dag.py:3239} INFO - Sync 1 DAGs
[2026-05-01T19:09:04.271+0000] {logging_mixin.py:190} INFO - [2026-05-01T19:09:04.270+0000] {dag.py:4180} INFO - Setting next_dagrun for data_pipeline to 2026-05-01 15:30:00+00:00, run_after=2026-05-02 15:30:00+00:00
[2026-05-01T19:09:04.302+0000] {processor.py:208} INFO - Processing /opt/airflow/dags/dag2.py took 0.262 seconds
[2026-05-01T19:09:34.510+0000] {processor.py:186} INFO - Started process (PID=2991) to work on /opt/airflow/dags/dag2.py
[2026-05-01T19:09:34.512+0000] {processor.py:914} INFO - Processing file /opt/airflow/dags/dag2.py for tasks to queue
[2026-05-01T19:09:34.518+0000] {logging_mixin.py:190} INFO - [2026-05-01T19:09:34.517+0000] {dagbag.py:588} INFO - Filling up the DagBag from /opt/airflow/dags/dag2.py
[2026-05-01T19:09:34.552+0000] {processor.py:925} INFO - DAG(s) 'data_pipeline' retrieved from /opt/airflow/dags/dag2.py
[2026-05-01T19:09:34.610+0000] {logging_mixin.py:190} INFO - [2026-05-01T19:09:34.609+0000] {dag.py:3239} INFO - Sync 1 DAGs
[2026-05-01T19:09:34.666+0000] {logging_mixin.py:190} INFO - [2026-05-01T19:09:34.665+0000] {dag.py:4180} INFO - Setting next_dagrun for data_pipeline to 2026-05-01 15:30:00+00:00, run_after=2026-05-02 15:30:00+00:00
[2026-05-01T19:09:34.705+0000] {processor.py:208} INFO - Processing /opt/airflow/dags/dag2.py took 0.223 seconds
[2026-05-01T19:10:04.924+0000] {processor.py:186} INFO - Started process (PID=3007) to work on /opt/airflow/dags/dag2.py
[2026-05-01T19:10:04.926+0000] {processor.py:914} INFO - Processing file /opt/airflow/dags/dag2.py for tasks to queue
[2026-05-01T19:10:04.933+0000] {logging_mixin.py:190} INFO - [2026-05-01T19:10:04.932+0000] {dagbag.py:588} INFO - Filling up the DagBag from /opt/airflow/dags/dag2.py
[2026-05-01T19:10:04.980+0000] {processor.py:925} INFO - DAG(s) 'data_pipeline' retrieved from /opt/airflow/dags/dag2.py
[2026-05-01T19:10:05.045+0000] {logging_mixin.py:190} INFO - [2026-05-01T19:10:05.044+0000] {dag.py:3239} INFO - Sync 1 DAGs
[2026-05-01T19:10:05.109+0000] {logging_mixin.py:190} INFO - [2026-05-01T19:10:05.108+0000] {dag.py:4180} INFO - Setting next_dagrun for data_pipeline to 2026-05-01 15:30:00+00:00, run_after=2026-05-02 15:30:00+00:00
[2026-05-01T19:10:05.139+0000] {processor.py:208} INFO - Processing /opt/airflow/dags/dag2.py took 0.235 seconds
[2026-05-01T19:10:35.256+0000] {processor.py:186} INFO - Started process (PID=3023) to work on /opt/airflow/dags/dag2.py
[2026-05-01T19:10:35.257+0000] {processor.py:914} INFO - Processing file /opt/airflow/dags/dag2.py for tasks to queue
[2026-05-01T19:10:35.260+0000] {logging_mixin.py:190} INFO - [2026-05-01T19:10:35.259+0000] {dagbag.py:588} INFO - Filling up the DagBag from /opt/airflow/dags/dag2.py
[2026-05-01T19:10:35.276+0000] {processor.py:925} INFO - DAG(s) 'data_pipeline' retrieved from /opt/airflow/dags/dag2.py
[2026-05-01T19:10:35.303+0000] {logging_mixin.py:190} INFO - [2026-05-01T19:10:35.303+0000] {dag.py:3239} INFO - Sync 1 DAGs
[2026-05-01T19:10:35.334+0000] {logging_mixin.py:190} INFO - [2026-05-01T19:10:35.334+0000] {dag.py:4180} INFO - Setting next_dagrun for data_pipeline to 2026-05-01 15:30:00+00:00, run_after=2026-05-02 15:30:00+00:00
[2026-05-01T19:10:35.352+0000] {processor.py:208} INFO - Processing /opt/airflow/dags/dag2.py took 0.105 seconds
[2026-05-01T19:11:05.628+0000] {processor.py:186} INFO - Started process (PID=3040) to work on /opt/airflow/dags/dag2.py
[2026-05-01T19:11:05.630+0000] {processor.py:914} INFO - Processing file /opt/airflow/dags/dag2.py for tasks to queue
[2026-05-01T19:11:05.636+0000] {logging_mixin.py:190} INFO - [2026-05-01T19:11:05.635+0000] {dagbag.py:588} INFO - Filling up the DagBag from /opt/airflow/dags/dag2.py
[2026-05-01T19:11:05.671+0000] {processor.py:925} INFO - DAG(s) 'data_pipeline' retrieved from /opt/airflow/dags/dag2.py
[2026-05-01T19:11:05.719+0000] {logging_mixin.py:190} INFO - [2026-05-01T19:11:05.719+0000] {dag.py:3239} INFO - Sync 1 DAGs
[2026-05-01T19:11:05.744+0000] {logging_mixin.py:190} INFO - [2026-05-01T19:11:05.744+0000] {dag.py:4180} INFO - Setting next_dagrun for data_pipeline to 2026-05-01 15:30:00+00:00, run_after=2026-05-02 15:30:00+00:00
[2026-05-01T19:11:05.761+0000] {processor.py:208} INFO - Processing /opt/airflow/dags/dag2.py took 0.153 seconds
[2026-05-01T19:11:36.051+0000] {processor.py:186} INFO - Started process (PID=3056) to work on /opt/airflow/dags/dag2.py
[2026-05-01T19:11:36.053+0000] {processor.py:914} INFO - Processing file /opt/airflow/dags/dag2.py for tasks to queue
[2026-05-01T19:11:36.061+0000] {logging_mixin.py:190} INFO - [2026-05-01T19:11:36.060+0000] {dagbag.py:588} INFO - Filling up the DagBag from /opt/airflow/dags/dag2.py
[2026-05-01T19:11:36.103+0000] {processor.py:925} INFO - DAG(s) 'data_pipeline' retrieved from /opt/airflow/dags/dag2.py
[2026-05-01T19:11:36.186+0000] {logging_mixin.py:190} INFO - [2026-05-01T19:11:36.185+0000] {dag.py:3239} INFO - Sync 1 DAGs
[2026-05-01T19:11:36.231+0000] {logging_mixin.py:190} INFO - [2026-05-01T19:11:36.230+0000] {dag.py:4180} INFO - Setting next_dagrun for data_pipeline to 2026-05-01 15:30:00+00:00, run_after=2026-05-02 15:30:00+00:00
[2026-05-01T19:11:36.250+0000] {processor.py:208} INFO - Processing /opt/airflow/dags/dag2.py took 0.226 seconds
[2026-05-01T19:12:06.520+0000] {processor.py:186} INFO - Started process (PID=3072) to work on /opt/airflow/dags/dag2.py
[2026-05-01T19:12:06.522+0000] {processor.py:914} INFO - Processing file /opt/airflow/dags/dag2.py for tasks to queue
[2026-05-01T19:12:06.529+0000] {logging_mixin.py:190} INFO - [2026-05-01T19:12:06.528+0000] {dagbag.py:588} INFO - Filling up the DagBag from /opt/airflow/dags/dag2.py
[2026-05-01T19:12:06.569+0000] {processor.py:925} INFO - DAG(s) 'data_pipeline' retrieved from /opt/airflow/dags/dag2.py
[2026-05-01T19:12:06.655+0000] {logging_mixin.py:190} INFO - [2026-05-01T19:12:06.654+0000] {dag.py:3239} INFO - Sync 1 DAGs
[2026-05-01T19:12:06.726+0000] {logging_mixin.py:190} INFO - [2026-05-01T19:12:06.726+0000] {dag.py:4180} INFO - Setting next_dagrun for data_pipeline to 2026-05-01 15:30:00+00:00, run_after=2026-05-02 15:30:00+00:00
[2026-05-01T19:12:06.763+0000] {processor.py:208} INFO - Processing /opt/airflow/dags/dag2.py took 0.264 seconds
[2026-05-01T19:12:36.973+0000] {processor.py:186} INFO - Started process (PID=3088) to work on /opt/airflow/dags/dag2.py
[2026-05-01T19:12:36.975+0000] {processor.py:914} INFO - Processing file /opt/airflow/dags/dag2.py for tasks to queue
[2026-05-01T19:12:36.983+0000] {logging_mixin.py:190} INFO - [2026-05-01T19:12:36.982+0000] {dagbag.py:588} INFO - Filling up the DagBag from /opt/airflow/dags/dag2.py
[2026-05-01T19:12:37.024+0000] {processor.py:925} INFO - DAG(s) 'data_pipeline' retrieved from /opt/airflow/dags/dag2.py
[2026-05-01T19:12:37.113+0000] {logging_mixin.py:190} INFO - [2026-05-01T19:12:37.113+0000] {dag.py:3239} INFO - Sync 1 DAGs
[2026-05-01T19:12:37.150+0000] {logging_mixin.py:190} INFO - [2026-05-01T19:12:37.149+0000] {dag.py:4180} INFO - Setting next_dagrun for data_pipeline to 2026-05-01 15:30:00+00:00, run_after=2026-05-02 15:30:00+00:00
[2026-05-01T19:12:37.175+0000] {processor.py:208} INFO - Processing /opt/airflow/dags/dag2.py took 0.226 seconds
[2026-05-01T19:13:07.403+0000] {processor.py:186} INFO - Started process (PID=3104) to work on /opt/airflow/dags/dag2.py
[2026-05-01T19:13:07.405+0000] {processor.py:914} INFO - Processing file /opt/airflow/dags/dag2.py for tasks to queue
[2026-05-01T19:13:07.411+0000] {logging_mixin.py:190} INFO - [2026-05-01T19:13:07.410+0000] {dagbag.py:588} INFO - Filling up the DagBag from /opt/airflow/dags/dag2.py
[2026-05-01T19:13:07.457+0000] {processor.py:925} INFO - DAG(s) 'data_pipeline' retrieved from /opt/airflow/dags/dag2.py
[2026-05-01T19:13:07.541+0000] {logging_mixin.py:190} INFO - [2026-05-01T19:13:07.540+0000] {dag.py:3239} INFO - Sync 1 DAGs
[2026-05-01T19:13:07.588+0000] {logging_mixin.py:190} INFO - [2026-05-01T19:13:07.588+0000] {dag.py:4180} INFO - Setting next_dagrun for data_pipeline to 2026-05-01 15:30:00+00:00, run_after=2026-05-02 15:30:00+00:00
[2026-05-01T19:13:07.611+0000] {processor.py:208} INFO - Processing /opt/airflow/dags/dag2.py took 0.229 seconds
[2026-05-01T19:13:37.872+0000] {processor.py:186} INFO - Started process (PID=3120) to work on /opt/airflow/dags/dag2.py
[2026-05-01T19:13:37.875+0000] {processor.py:914} INFO - Processing file /opt/airflow/dags/dag2.py for tasks to queue
[2026-05-01T19:13:37.882+0000] {logging_mixin.py:190} INFO - [2026-05-01T19:13:37.881+0000] {dagbag.py:588} INFO - Filling up the DagBag from /opt/airflow/dags/dag2.py
[2026-05-01T19:13:37.926+0000] {processor.py:925} INFO - DAG(s) 'data_pipeline' retrieved from /opt/airflow/dags/dag2.py
[2026-05-01T19:13:38.009+0000] {logging_mixin.py:190} INFO - [2026-05-01T19:13:38.008+0000] {dag.py:3239} INFO - Sync 1 DAGs
[2026-05-01T19:13:38.046+0000] {logging_mixin.py:190} INFO - [2026-05-01T19:13:38.046+0000] {dag.py:4180} INFO - Setting next_dagrun for data_pipeline to 2026-05-01 15:30:00+00:00, run_after=2026-05-02 15:30:00+00:00
[2026-05-01T19:13:38.069+0000] {processor.py:208} INFO - Processing /opt/airflow/dags/dag2.py took 0.218 seconds
[2026-05-01T19:14:08.348+0000] {processor.py:186} INFO - Started process (PID=3136) to work on /opt/airflow/dags/dag2.py
[2026-05-01T19:14:08.350+0000] {processor.py:914} INFO - Processing file /opt/airflow/dags/dag2.py for tasks to queue
[2026-05-01T19:14:08.360+0000] {logging_mixin.py:190} INFO - [2026-05-01T19:14:08.358+0000] {dagbag.py:588} INFO - Filling up the DagBag from /opt/airflow/dags/dag2.py
[2026-05-01T19:14:08.406+0000] {processor.py:925} INFO - DAG(s) 'data_pipeline' retrieved from /opt/airflow/dags/dag2.py
[2026-05-01T19:14:08.492+0000] {logging_mixin.py:190} INFO - [2026-05-01T19:14:08.491+0000] {dag.py:3239} INFO - Sync 1 DAGs
[2026-05-01T19:14:08.535+0000] {logging_mixin.py:190} INFO - [2026-05-01T19:14:08.534+0000] {dag.py:4180} INFO - Setting next_dagrun for data_pipeline to 2026-05-01 15:30:00+00:00, run_after=2026-05-02 15:30:00+00:00
[2026-05-01T19:14:08.558+0000] {processor.py:208} INFO - Processing /opt/airflow/dags/dag2.py took 0.242 seconds
[2026-05-01T19:14:38.819+0000] {processor.py:186} INFO - Started process (PID=3152) to work on /opt/airflow/dags/dag2.py
[2026-05-01T19:14:38.821+0000] {processor.py:914} INFO - Processing file /opt/airflow/dags/dag2.py for tasks to queue
[2026-05-01T19:14:38.827+0000] {logging_mixin.py:190} INFO - [2026-05-01T19:14:38.826+0000] {dagbag.py:588} INFO - Filling up the DagBag from /opt/airflow/dags/dag2.py
[2026-05-01T19:14:38.871+0000] {processor.py:925} INFO - DAG(s) 'data_pipeline' retrieved from /opt/airflow/dags/dag2.py
[2026-05-01T19:14:38.970+0000] {logging_mixin.py:190} INFO - [2026-05-01T19:14:38.970+0000] {dag.py:3239} INFO - Sync 1 DAGs
[2026-05-01T19:14:39.042+0000] {logging_mixin.py:190} INFO - [2026-05-01T19:14:39.042+0000] {dag.py:4180} INFO - Setting next_dagrun for data_pipeline to 2026-05-01 15:30:00+00:00, run_after=2026-05-02 15:30:00+00:00
[2026-05-01T19:14:39.063+0000] {processor.py:208} INFO - Processing /opt/airflow/dags/dag2.py took 0.264 seconds
[2026-05-01T19:15:09.259+0000] {processor.py:186} INFO - Started process (PID=3168) to work on /opt/airflow/dags/dag2.py
[2026-05-01T19:15:09.261+0000] {processor.py:914} INFO - Processing file /opt/airflow/dags/dag2.py for tasks to queue
[2026-05-01T19:15:09.268+0000] {logging_mixin.py:190} INFO - [2026-05-01T19:15:09.267+0000] {dagbag.py:588} INFO - Filling up the DagBag from /opt/airflow/dags/dag2.py
[2026-05-01T19:15:09.316+0000] {processor.py:925} INFO - DAG(s) 'data_pipeline' retrieved from /opt/airflow/dags/dag2.py
[2026-05-01T19:15:09.382+0000] {logging_mixin.py:190} INFO - [2026-05-01T19:15:09.381+0000] {dag.py:3239} INFO - Sync 1 DAGs
[2026-05-01T19:15:09.415+0000] {logging_mixin.py:190} INFO - [2026-05-01T19:15:09.414+0000] {dag.py:4180} INFO - Setting next_dagrun for data_pipeline to 2026-05-01 15:30:00+00:00, run_after=2026-05-02 15:30:00+00:00
[2026-05-01T19:15:09.432+0000] {processor.py:208} INFO - Processing /opt/airflow/dags/dag2.py took 0.196 seconds
[2026-05-01T19:15:39.705+0000] {processor.py:186} INFO - Started process (PID=3184) to work on /opt/airflow/dags/dag2.py
[2026-05-01T19:15:39.706+0000] {processor.py:914} INFO - Processing file /opt/airflow/dags/dag2.py for tasks to queue
[2026-05-01T19:15:39.710+0000] {logging_mixin.py:190} INFO - [2026-05-01T19:15:39.709+0000] {dagbag.py:588} INFO - Filling up the DagBag from /opt/airflow/dags/dag2.py
[2026-05-01T19:15:39.730+0000] {processor.py:925} INFO - DAG(s) 'data_pipeline' retrieved from /opt/airflow/dags/dag2.py
[2026-05-01T19:15:39.757+0000] {logging_mixin.py:190} INFO - [2026-05-01T19:15:39.757+0000] {dag.py:3239} INFO - Sync 1 DAGs
[2026-05-01T19:15:39.783+0000] {logging_mixin.py:190} INFO - [2026-05-01T19:15:39.782+0000] {dag.py:4180} INFO - Setting next_dagrun for data_pipeline to 2026-05-01 15:30:00+00:00, run_after=2026-05-02 15:30:00+00:00
[2026-05-01T19:15:39.799+0000] {processor.py:208} INFO - Processing /opt/airflow/dags/dag2.py took 0.111 seconds
[2026-05-01T19:16:10.055+0000] {processor.py:186} INFO - Started process (PID=3200) to work on /opt/airflow/dags/dag2.py
[2026-05-01T19:16:10.058+0000] {processor.py:914} INFO - Processing file /opt/airflow/dags/dag2.py for tasks to queue
[2026-05-01T19:16:10.061+0000] {logging_mixin.py:190} INFO - [2026-05-01T19:16:10.060+0000] {dagbag.py:588} INFO - Filling up the DagBag from /opt/airflow/dags/dag2.py
[2026-05-01T19:16:10.072+0000] {processor.py:925} INFO - DAG(s) 'data_pipeline' retrieved from /opt/airflow/dags/dag2.py
[2026-05-01T19:16:10.102+0000] {logging_mixin.py:190} INFO - [2026-05-01T19:16:10.102+0000] {dag.py:3239} INFO - Sync 1 DAGs
[2026-05-01T19:16:10.125+0000] {logging_mixin.py:190} INFO - [2026-05-01T19:16:10.125+0000] {dag.py:4180} INFO - Setting next_dagrun for data_pipeline to 2026-05-01 15:30:00+00:00, run_after=2026-05-02 15:30:00+00:00
[2026-05-01T19:16:10.147+0000] {processor.py:208} INFO - Processing /opt/airflow/dags/dag2.py took 0.099 seconds
[2026-05-01T19:16:40.458+0000] {processor.py:186} INFO - Started process (PID=3216) to work on /opt/airflow/dags/dag2.py
[2026-05-01T19:16:40.460+0000] {processor.py:914} INFO - Processing file /opt/airflow/dags/dag2.py for tasks to queue
[2026-05-01T19:16:40.466+0000] {logging_mixin.py:190} INFO - [2026-05-01T19:16:40.465+0000] {dagbag.py:588} INFO - Filling up the DagBag from /opt/airflow/dags/dag2.py
[2026-05-01T19:16:40.499+0000] {processor.py:925} INFO - DAG(s) 'data_pipeline' retrieved from /opt/airflow/dags/dag2.py
[2026-05-01T19:16:40.537+0000] {logging_mixin.py:190} INFO - [2026-05-01T19:16:40.537+0000] {dag.py:3239} INFO - Sync 1 DAGs
[2026-05-01T19:16:40.576+0000] {logging_mixin.py:190} INFO - [2026-05-01T19:16:40.575+0000] {dag.py:4180} INFO - Setting next_dagrun for data_pipeline to 2026-05-01 15:30:00+00:00, run_after=2026-05-02 15:30:00+00:00
[2026-05-01T19:16:40.598+0000] {processor.py:208} INFO - Processing /opt/airflow/dags/dag2.py took 0.165 seconds
[2026-05-01T19:17:10.908+0000] {processor.py:186} INFO - Started process (PID=3232) to work on /opt/airflow/dags/dag2.py
[2026-05-01T19:17:10.910+0000] {processor.py:914} INFO - Processing file /opt/airflow/dags/dag2.py for tasks to queue
[2026-05-01T19:17:10.917+0000] {logging_mixin.py:190} INFO - [2026-05-01T19:17:10.916+0000] {dagbag.py:588} INFO - Filling up the DagBag from /opt/airflow/dags/dag2.py
[2026-05-01T19:17:10.957+0000] {processor.py:925} INFO - DAG(s) 'data_pipeline' retrieved from /opt/airflow/dags/dag2.py
[2026-05-01T19:17:11.025+0000] {logging_mixin.py:190} INFO - [2026-05-01T19:17:11.024+0000] {dag.py:3239} INFO - Sync 1 DAGs
[2026-05-01T19:17:11.061+0000] {logging_mixin.py:190} INFO - [2026-05-01T19:17:11.061+0000] {dag.py:4180} INFO - Setting next_dagrun for data_pipeline to 2026-05-01 15:30:00+00:00, run_after=2026-05-02 15:30:00+00:00
[2026-05-01T19:17:11.077+0000] {processor.py:208} INFO - Processing /opt/airflow/dags/dag2.py took 0.189 seconds
[2026-05-01T19:17:41.370+0000] {processor.py:186} INFO - Started process (PID=3248) to work on /opt/airflow/dags/dag2.py
[2026-05-01T19:17:41.372+0000] {processor.py:914} INFO - Processing file /opt/airflow/dags/dag2.py for tasks to queue
[2026-05-01T19:17:41.382+0000] {logging_mixin.py:190} INFO - [2026-05-01T19:17:41.380+0000] {dagbag.py:588} INFO - Filling up the DagBag from /opt/airflow/dags/dag2.py
[2026-05-01T19:17:41.430+0000] {processor.py:925} INFO - DAG(s) 'data_pipeline' retrieved from /opt/airflow/dags/dag2.py
[2026-05-01T19:17:41.467+0000] {logging_mixin.py:190} INFO - [2026-05-01T19:17:41.466+0000] {dag.py:3239} INFO - Sync 1 DAGs
[2026-05-01T19:17:41.507+0000] {logging_mixin.py:190} INFO - [2026-05-01T19:17:41.506+0000] {dag.py:4180} INFO - Setting next_dagrun for data_pipeline to 2026-05-01 15:30:00+00:00, run_after=2026-05-02 15:30:00+00:00
[2026-05-01T19:17:41.536+0000] {processor.py:208} INFO - Processing /opt/airflow/dags/dag2.py took 0.197 seconds
[2026-05-01T19:18:11.816+0000] {processor.py:186} INFO - Started process (PID=3264) to work on /opt/airflow/dags/dag2.py
[2026-05-01T19:18:11.818+0000] {processor.py:914} INFO - Processing file /opt/airflow/dags/dag2.py for tasks to queue
[2026-05-01T19:18:11.825+0000] {logging_mixin.py:190} INFO - [2026-05-01T19:18:11.824+0000] {dagbag.py:588} INFO - Filling up the DagBag from /opt/airflow/dags/dag2.py
[2026-05-01T19:18:11.871+0000] {processor.py:925} INFO - DAG(s) 'data_pipeline' retrieved from /opt/airflow/dags/dag2.py
[2026-05-01T19:18:11.955+0000] {logging_mixin.py:190} INFO - [2026-05-01T19:18:11.954+0000] {dag.py:3239} INFO - Sync 1 DAGs
[2026-05-01T19:18:11.999+0000] {logging_mixin.py:190} INFO - [2026-05-01T19:18:11.999+0000] {dag.py:4180} INFO - Setting next_dagrun for data_pipeline to 2026-05-01 15:30:00+00:00, run_after=2026-05-02 15:30:00+00:00
[2026-05-01T19:18:12.022+0000] {processor.py:208} INFO - Processing /opt/airflow/dags/dag2.py took 0.227 seconds
[2026-05-01T19:18:42.282+0000] {processor.py:186} INFO - Started process (PID=3280) to work on /opt/airflow/dags/dag2.py
[2026-05-01T19:18:42.284+0000] {processor.py:914} INFO - Processing file /opt/airflow/dags/dag2.py for tasks to queue
[2026-05-01T19:18:42.291+0000] {logging_mixin.py:190} INFO - [2026-05-01T19:18:42.290+0000] {dagbag.py:588} INFO - Filling up the DagBag from /opt/airflow/dags/dag2.py
[2026-05-01T19:18:42.344+0000] {processor.py:925} INFO - DAG(s) 'data_pipeline' retrieved from /opt/airflow/dags/dag2.py
[2026-05-01T19:18:42.430+0000] {logging_mixin.py:190} INFO - [2026-05-01T19:18:42.429+0000] {dag.py:3239} INFO - Sync 1 DAGs
[2026-05-01T19:18:42.484+0000] {logging_mixin.py:190} INFO - [2026-05-01T19:18:42.484+0000] {dag.py:4180} INFO - Setting next_dagrun for data_pipeline to 2026-05-01 15:30:00+00:00, run_after=2026-05-02 15:30:00+00:00
[2026-05-01T19:18:42.507+0000] {processor.py:208} INFO - Processing /opt/airflow/dags/dag2.py took 0.248 seconds
[2026-05-01T19:19:12.720+0000] {processor.py:186} INFO - Started process (PID=3296) to work on /opt/airflow/dags/dag2.py
[2026-05-01T19:19:12.722+0000] {processor.py:914} INFO - Processing file /opt/airflow/dags/dag2.py for tasks to queue
[2026-05-01T19:19:12.730+0000] {logging_mixin.py:190} INFO - [2026-05-01T19:19:12.728+0000] {dagbag.py:588} INFO - Filling up the DagBag from /opt/airflow/dags/dag2.py
[2026-05-01T19:19:12.776+0000] {processor.py:925} INFO - DAG(s) 'data_pipeline' retrieved from /opt/airflow/dags/dag2.py
[2026-05-01T19:19:12.816+0000] {logging_mixin.py:190} INFO - [2026-05-01T19:19:12.816+0000] {dag.py:3239} INFO - Sync 1 DAGs
[2026-05-01T19:19:12.852+0000] {logging_mixin.py:190} INFO - [2026-05-01T19:19:12.852+0000] {dag.py:4180} INFO - Setting next_dagrun for data_pipeline to 2026-05-01 15:30:00+00:00, run_after=2026-05-02 15:30:00+00:00
[2026-05-01T19:19:12.873+0000] {processor.py:208} INFO - Processing /opt/airflow/dags/dag2.py took 0.175 seconds
[2026-05-01T19:19:43.162+0000] {processor.py:186} INFO - Started process (PID=3312) to work on /opt/airflow/dags/dag2.py
[2026-05-01T19:19:43.164+0000] {processor.py:914} INFO - Processing file /opt/airflow/dags/dag2.py for tasks to queue
[2026-05-01T19:19:43.170+0000] {logging_mixin.py:190} INFO - [2026-05-01T19:19:43.169+0000] {dagbag.py:588} INFO - Filling up the DagBag from /opt/airflow/dags/dag2.py
[2026-05-01T19:19:43.209+0000] {processor.py:925} INFO - DAG(s) 'data_pipeline' retrieved from /opt/airflow/dags/dag2.py
[2026-05-01T19:19:43.295+0000] {logging_mixin.py:190} INFO - [2026-05-01T19:19:43.294+0000] {dag.py:3239} INFO - Sync 1 DAGs
[2026-05-01T19:19:43.335+0000] {logging_mixin.py:190} INFO - [2026-05-01T19:19:43.334+0000] {dag.py:4180} INFO - Setting next_dagrun for data_pipeline to 2026-05-01 15:30:00+00:00, run_after=2026-05-02 15:30:00+00:00
[2026-05-01T19:19:43.358+0000] {processor.py:208} INFO - Processing /opt/airflow/dags/dag2.py took 0.219 seconds
[2026-05-01T19:20:13.608+0000] {processor.py:186} INFO - Started process (PID=3328) to work on /opt/airflow/dags/dag2.py
[2026-05-01T19:20:13.610+0000] {processor.py:914} INFO - Processing file /opt/airflow/dags/dag2.py for tasks to queue
[2026-05-01T19:20:13.617+0000] {logging_mixin.py:190} INFO - [2026-05-01T19:20:13.616+0000] {dagbag.py:588} INFO - Filling up the DagBag from /opt/airflow/dags/dag2.py
[2026-05-01T19:20:13.665+0000] {processor.py:925} INFO - DAG(s) 'data_pipeline' retrieved from /opt/airflow/dags/dag2.py
[2026-05-01T19:20:13.741+0000] {logging_mixin.py:190} INFO - [2026-05-01T19:20:13.741+0000] {dag.py:3239} INFO - Sync 1 DAGs
[2026-05-01T19:20:13.770+0000] {logging_mixin.py:190} INFO - [2026-05-01T19:20:13.769+0000] {dag.py:4180} INFO - Setting next_dagrun for data_pipeline to 2026-05-01 15:30:00+00:00, run_after=2026-05-02 15:30:00+00:00
[2026-05-01T19:20:13.792+0000] {processor.py:208} INFO - Processing /opt/airflow/dags/dag2.py took 0.206 seconds
[2026-05-01T19:20:44.080+0000] {processor.py:186} INFO - Started process (PID=3344) to work on /opt/airflow/dags/dag2.py
[2026-05-01T19:20:44.083+0000] {processor.py:914} INFO - Processing file /opt/airflow/dags/dag2.py for tasks to queue
[2026-05-01T19:20:44.092+0000] {logging_mixin.py:190} INFO - [2026-05-01T19:20:44.091+0000] {dagbag.py:588} INFO - Filling up the DagBag from /opt/airflow/dags/dag2.py
[2026-05-01T19:20:44.143+0000] {processor.py:925} INFO - DAG(s) 'data_pipeline' retrieved from /opt/airflow/dags/dag2.py
[2026-05-01T19:20:44.242+0000] {logging_mixin.py:190} INFO - [2026-05-01T19:20:44.241+0000] {dag.py:3239} INFO - Sync 1 DAGs
[2026-05-01T19:20:44.346+0000] {logging_mixin.py:190} INFO - [2026-05-01T19:20:44.345+0000] {dag.py:4180} INFO - Setting next_dagrun for data_pipeline to 2026-05-01 15:30:00+00:00, run_after=2026-05-02 15:30:00+00:00
[2026-05-01T19:20:44.391+0000] {processor.py:208} INFO - Processing /opt/airflow/dags/dag2.py took 0.338 seconds
[2026-05-01T19:21:14.537+0000] {processor.py:186} INFO - Started process (PID=3360) to work on /opt/airflow/dags/dag2.py
[2026-05-01T19:21:14.540+0000] {processor.py:914} INFO - Processing file /opt/airflow/dags/dag2.py for tasks to queue
[2026-05-01T19:21:14.547+0000] {logging_mixin.py:190} INFO - [2026-05-01T19:21:14.546+0000] {dagbag.py:588} INFO - Filling up the DagBag from /opt/airflow/dags/dag2.py
[2026-05-01T19:21:14.589+0000] {processor.py:925} INFO - DAG(s) 'data_pipeline' retrieved from /opt/airflow/dags/dag2.py
[2026-05-01T19:21:14.669+0000] {logging_mixin.py:190} INFO - [2026-05-01T19:21:14.669+0000] {dag.py:3239} INFO - Sync 1 DAGs
[2026-05-01T19:21:14.729+0000] {logging_mixin.py:190} INFO - [2026-05-01T19:21:14.728+0000] {dag.py:4180} INFO - Setting next_dagrun for data_pipeline to 2026-05-01 15:30:00+00:00, run_after=2026-05-02 15:30:00+00:00
[2026-05-01T19:21:14.774+0000] {processor.py:208} INFO - Processing /opt/airflow/dags/dag2.py took 0.261 seconds
[2026-05-01T19:21:44.960+0000] {processor.py:186} INFO - Started process (PID=3376) to work on /opt/airflow/dags/dag2.py
[2026-05-01T19:21:44.963+0000] {processor.py:914} INFO - Processing file /opt/airflow/dags/dag2.py for tasks to queue
[2026-05-01T19:21:44.971+0000] {logging_mixin.py:190} INFO - [2026-05-01T19:21:44.970+0000] {dagbag.py:588} INFO - Filling up the DagBag from /opt/airflow/dags/dag2.py
[2026-05-01T19:21:45.013+0000] {processor.py:925} INFO - DAG(s) 'data_pipeline' retrieved from /opt/airflow/dags/dag2.py
[2026-05-01T19:21:45.092+0000] {logging_mixin.py:190} INFO - [2026-05-01T19:21:45.092+0000] {dag.py:3239} INFO - Sync 1 DAGs
[2026-05-01T19:21:45.126+0000] {logging_mixin.py:190} INFO - [2026-05-01T19:21:45.125+0000] {dag.py:4180} INFO - Setting next_dagrun for data_pipeline to 2026-05-01 15:30:00+00:00, run_after=2026-05-02 15:30:00+00:00
[2026-05-01T19:21:45.141+0000] {processor.py:208} INFO - Processing /opt/airflow/dags/dag2.py took 0.207 seconds
[2026-05-01T19:22:15.452+0000] {processor.py:186} INFO - Started process (PID=3392) to work on /opt/airflow/dags/dag2.py
[2026-05-01T19:22:15.454+0000] {processor.py:914} INFO - Processing file /opt/airflow/dags/dag2.py for tasks to queue
[2026-05-01T19:22:15.461+0000] {logging_mixin.py:190} INFO - [2026-05-01T19:22:15.460+0000] {dagbag.py:588} INFO - Filling up the DagBag from /opt/airflow/dags/dag2.py
[2026-05-01T19:22:15.502+0000] {processor.py:925} INFO - DAG(s) 'data_pipeline' retrieved from /opt/airflow/dags/dag2.py
[2026-05-01T19:22:15.584+0000] {logging_mixin.py:190} INFO - [2026-05-01T19:22:15.584+0000] {dag.py:3239} INFO - Sync 1 DAGs
[2026-05-01T19:22:15.642+0000] {logging_mixin.py:190} INFO - [2026-05-01T19:22:15.641+0000] {dag.py:4180} INFO - Setting next_dagrun for data_pipeline to 2026-05-01 15:30:00+00:00, run_after=2026-05-02 15:30:00+00:00
[2026-05-01T19:22:15.666+0000] {processor.py:208} INFO - Processing /opt/airflow/dags/dag2.py took 0.237 seconds
[2026-05-01T19:22:45.896+0000] {processor.py:186} INFO - Started process (PID=3408) to work on /opt/airflow/dags/dag2.py
[2026-05-01T19:22:45.898+0000] {processor.py:914} INFO - Processing file /opt/airflow/dags/dag2.py for tasks to queue
[2026-05-01T19:22:45.905+0000] {logging_mixin.py:190} INFO - [2026-05-01T19:22:45.904+0000] {dagbag.py:588} INFO - Filling up the DagBag from /opt/airflow/dags/dag2.py
[2026-05-01T19:22:45.953+0000] {processor.py:925} INFO - DAG(s) 'data_pipeline' retrieved from /opt/airflow/dags/dag2.py
[2026-05-01T19:22:46.041+0000] {logging_mixin.py:190} INFO - [2026-05-01T19:22:46.040+0000] {dag.py:3239} INFO - Sync 1 DAGs
[2026-05-01T19:22:46.126+0000] {logging_mixin.py:190} INFO - [2026-05-01T19:22:46.126+0000] {dag.py:4180} INFO - Setting next_dagrun for data_pipeline to 2026-05-01 15:30:00+00:00, run_after=2026-05-02 15:30:00+00:00
[2026-05-01T19:22:46.158+0000] {processor.py:208} INFO - Processing /opt/airflow/dags/dag2.py took 0.284 seconds
[2026-05-01T19:23:16.353+0000] {processor.py:186} INFO - Started process (PID=3424) to work on /opt/airflow/dags/dag2.py
[2026-05-01T19:23:16.355+0000] {processor.py:914} INFO - Processing file /opt/airflow/dags/dag2.py for tasks to queue
[2026-05-01T19:23:16.362+0000] {logging_mixin.py:190} INFO - [2026-05-01T19:23:16.361+0000] {dagbag.py:588} INFO - Filling up the DagBag from /opt/airflow/dags/dag2.py
[2026-05-01T19:23:16.402+0000] {processor.py:925} INFO - DAG(s) 'data_pipeline' retrieved from /opt/airflow/dags/dag2.py
[2026-05-01T19:23:16.476+0000] {logging_mixin.py:190} INFO - [2026-05-01T19:23:16.476+0000] {dag.py:3239} INFO - Sync 1 DAGs
[2026-05-01T19:23:16.506+0000] {logging_mixin.py:190} INFO - [2026-05-01T19:23:16.506+0000] {dag.py:4180} INFO - Setting next_dagrun for data_pipeline to 2026-05-01 15:30:00+00:00, run_after=2026-05-02 15:30:00+00:00
[2026-05-01T19:23:16.522+0000] {processor.py:208} INFO - Processing /opt/airflow/dags/dag2.py took 0.192 seconds
[2026-05-01T19:23:46.826+0000] {processor.py:186} INFO - Started process (PID=3440) to work on /opt/airflow/dags/dag2.py
[2026-05-01T19:23:46.828+0000] {processor.py:914} INFO - Processing file /opt/airflow/dags/dag2.py for tasks to queue
[2026-05-01T19:23:46.835+0000] {logging_mixin.py:190} INFO - [2026-05-01T19:23:46.834+0000] {dagbag.py:588} INFO - Filling up the DagBag from /opt/airflow/dags/dag2.py
[2026-05-01T19:23:46.878+0000] {processor.py:925} INFO - DAG(s) 'data_pipeline' retrieved from /opt/airflow/dags/dag2.py
[2026-05-01T19:23:46.958+0000] {logging_mixin.py:190} INFO - [2026-05-01T19:23:46.958+0000] {dag.py:3239} INFO - Sync 1 DAGs
[2026-05-01T19:23:46.993+0000] {logging_mixin.py:190} INFO - [2026-05-01T19:23:46.993+0000] {dag.py:4180} INFO - Setting next_dagrun for data_pipeline to 2026-05-01 15:30:00+00:00, run_after=2026-05-02 15:30:00+00:00
[2026-05-01T19:23:47.015+0000] {processor.py:208} INFO - Processing /opt/airflow/dags/dag2.py took 0.212 seconds
[2026-05-01T19:24:17.285+0000] {processor.py:186} INFO - Started process (PID=3456) to work on /opt/airflow/dags/dag2.py
[2026-05-01T19:24:17.288+0000] {processor.py:914} INFO - Processing file /opt/airflow/dags/dag2.py for tasks to queue
[2026-05-01T19:24:17.295+0000] {logging_mixin.py:190} INFO - [2026-05-01T19:24:17.294+0000] {dagbag.py:588} INFO - Filling up the DagBag from /opt/airflow/dags/dag2.py
[2026-05-01T19:24:17.337+0000] {processor.py:925} INFO - DAG(s) 'data_pipeline' retrieved from /opt/airflow/dags/dag2.py
[2026-05-01T19:24:17.429+0000] {logging_mixin.py:190} INFO - [2026-05-01T19:24:17.428+0000] {dag.py:3239} INFO - Sync 1 DAGs
[2026-05-01T19:24:17.502+0000] {logging_mixin.py:190} INFO - [2026-05-01T19:24:17.502+0000] {dag.py:4180} INFO - Setting next_dagrun for data_pipeline to 2026-05-01 15:30:00+00:00, run_after=2026-05-02 15:30:00+00:00
[2026-05-01T19:24:17.530+0000] {processor.py:208} INFO - Processing /opt/airflow/dags/dag2.py took 0.266 seconds
[2026-05-01T19:24:47.753+0000] {processor.py:186} INFO - Started process (PID=3472) to work on /opt/airflow/dags/dag2.py
[2026-05-01T19:24:47.756+0000] {processor.py:914} INFO - Processing file /opt/airflow/dags/dag2.py for tasks to queue
[2026-05-01T19:24:47.764+0000] {logging_mixin.py:190} INFO - [2026-05-01T19:24:47.762+0000] {dagbag.py:588} INFO - Filling up the DagBag from /opt/airflow/dags/dag2.py
[2026-05-01T19:24:47.816+0000] {processor.py:925} INFO - DAG(s) 'data_pipeline' retrieved from /opt/airflow/dags/dag2.py
[2026-05-01T19:24:47.907+0000] {logging_mixin.py:190} INFO - [2026-05-01T19:24:47.906+0000] {dag.py:3239} INFO - Sync 1 DAGs
[2026-05-01T19:24:47.968+0000] {logging_mixin.py:190} INFO - [2026-05-01T19:24:47.968+0000] {dag.py:4180} INFO - Setting next_dagrun for data_pipeline to 2026-05-01 15:30:00+00:00, run_after=2026-05-02 15:30:00+00:00
[2026-05-01T19:24:47.993+0000] {processor.py:208} INFO - Processing /opt/airflow/dags/dag2.py took 0.268 seconds
[2026-05-01T19:25:18.234+0000] {processor.py:186} INFO - Started process (PID=3488) to work on /opt/airflow/dags/dag2.py
[2026-05-01T19:25:18.236+0000] {processor.py:914} INFO - Processing file /opt/airflow/dags/dag2.py for tasks to queue
[2026-05-01T19:25:18.244+0000] {logging_mixin.py:190} INFO - [2026-05-01T19:25:18.242+0000] {dagbag.py:588} INFO - Filling up the DagBag from /opt/airflow/dags/dag2.py
[2026-05-01T19:25:18.298+0000] {processor.py:925} INFO - DAG(s) 'data_pipeline' retrieved from /opt/airflow/dags/dag2.py
[2026-05-01T19:25:18.380+0000] {logging_mixin.py:190} INFO - [2026-05-01T19:25:18.380+0000] {dag.py:3239} INFO - Sync 1 DAGs
[2026-05-01T19:25:18.414+0000] {logging_mixin.py:190} INFO - [2026-05-01T19:25:18.414+0000] {dag.py:4180} INFO - Setting next_dagrun for data_pipeline to 2026-05-01 15:30:00+00:00, run_after=2026-05-02 15:30:00+00:00
[2026-05-01T19:25:18.435+0000] {processor.py:208} INFO - Processing /opt/airflow/dags/dag2.py took 0.225 seconds
[2026-05-01T19:25:48.677+0000] {processor.py:186} INFO - Started process (PID=3504) to work on /opt/airflow/dags/dag2.py
[2026-05-01T19:25:48.679+0000] {processor.py:914} INFO - Processing file /opt/airflow/dags/dag2.py for tasks to queue
[2026-05-01T19:25:48.686+0000] {logging_mixin.py:190} INFO - [2026-05-01T19:25:48.685+0000] {dagbag.py:588} INFO - Filling up the DagBag from /opt/airflow/dags/dag2.py
[2026-05-01T19:25:48.705+0000] {processor.py:925} INFO - DAG(s) 'data_pipeline' retrieved from /opt/airflow/dags/dag2.py
[2026-05-01T19:25:48.736+0000] {logging_mixin.py:190} INFO - [2026-05-01T19:25:48.736+0000] {dag.py:3239} INFO - Sync 1 DAGs
[2026-05-01T19:25:48.763+0000] {logging_mixin.py:190} INFO - [2026-05-01T19:25:48.762+0000] {dag.py:4180} INFO - Setting next_dagrun for data_pipeline to 2026-05-01 15:30:00+00:00, run_after=2026-05-02 15:30:00+00:00
[2026-05-01T19:25:48.780+0000] {processor.py:208} INFO - Processing /opt/airflow/dags/dag2.py took 0.124 seconds
[2026-05-01T19:26:19.086+0000] {processor.py:186} INFO - Started process (PID=3520) to work on /opt/airflow/dags/dag2.py
[2026-05-01T19:26:19.088+0000] {processor.py:914} INFO - Processing file /opt/airflow/dags/dag2.py for tasks to queue
[2026-05-01T19:26:19.094+0000] {logging_mixin.py:190} INFO - [2026-05-01T19:26:19.093+0000] {dagbag.py:588} INFO - Filling up the DagBag from /opt/airflow/dags/dag2.py
[2026-05-01T19:26:19.132+0000] {processor.py:925} INFO - DAG(s) 'data_pipeline' retrieved from /opt/airflow/dags/dag2.py
[2026-05-01T19:26:19.216+0000] {logging_mixin.py:190} INFO - [2026-05-01T19:26:19.215+0000] {dag.py:3239} INFO - Sync 1 DAGs
[2026-05-01T19:26:19.252+0000] {logging_mixin.py:190} INFO - [2026-05-01T19:26:19.252+0000] {dag.py:4180} INFO - Setting next_dagrun for data_pipeline to 2026-05-01 15:30:00+00:00, run_after=2026-05-02 15:30:00+00:00
[2026-05-01T19:26:19.275+0000] {processor.py:208} INFO - Processing /opt/airflow/dags/dag2.py took 0.209 seconds
[2026-05-01T19:26:49.546+0000] {processor.py:186} INFO - Started process (PID=3536) to work on /opt/airflow/dags/dag2.py
[2026-05-01T19:26:49.548+0000] {processor.py:914} INFO - Processing file /opt/airflow/dags/dag2.py for tasks to queue
[2026-05-01T19:26:49.555+0000] {logging_mixin.py:190} INFO - [2026-05-01T19:26:49.554+0000] {dagbag.py:588} INFO - Filling up the DagBag from /opt/airflow/dags/dag2.py
[2026-05-01T19:26:49.586+0000] {processor.py:925} INFO - DAG(s) 'data_pipeline' retrieved from /opt/airflow/dags/dag2.py
[2026-05-01T19:26:49.619+0000] {logging_mixin.py:190} INFO - [2026-05-01T19:26:49.618+0000] {dag.py:3239} INFO - Sync 1 DAGs
[2026-05-01T19:26:49.644+0000] {logging_mixin.py:190} INFO - [2026-05-01T19:26:49.644+0000] {dag.py:4180} INFO - Setting next_dagrun for data_pipeline to 2026-05-01 15:30:00+00:00, run_after=2026-05-02 15:30:00+00:00
[2026-05-01T19:26:49.660+0000] {processor.py:208} INFO - Processing /opt/airflow/dags/dag2.py took 0.141 seconds
[2026-05-01T19:27:19.982+0000] {processor.py:186} INFO - Started process (PID=3552) to work on /opt/airflow/dags/dag2.py
[2026-05-01T19:27:19.983+0000] {processor.py:914} INFO - Processing file /opt/airflow/dags/dag2.py for tasks to queue
[2026-05-01T19:27:19.987+0000] {logging_mixin.py:190} INFO - [2026-05-01T19:27:19.986+0000] {dagbag.py:588} INFO - Filling up the DagBag from /opt/airflow/dags/dag2.py
[2026-05-01T19:27:20.010+0000] {processor.py:925} INFO - DAG(s) 'data_pipeline' retrieved from /opt/airflow/dags/dag2.py
[2026-05-01T19:27:20.060+0000] {logging_mixin.py:190} INFO - [2026-05-01T19:27:20.059+0000] {dag.py:3239} INFO - Sync 1 DAGs
[2026-05-01T19:27:20.111+0000] {logging_mixin.py:190} INFO - [2026-05-01T19:27:20.111+0000] {dag.py:4180} INFO - Setting next_dagrun for data_pipeline to 2026-05-01 15:30:00+00:00, run_after=2026-05-02 15:30:00+00:00
[2026-05-01T19:27:20.143+0000] {processor.py:208} INFO - Processing /opt/airflow/dags/dag2.py took 0.176 seconds
