[2026-05-01T00:00:00.529+0000] {processor.py:186} INFO - Started process (PID=1160) to work on /opt/airflow/dags/daily_chek.py
[2026-05-01T00:00:00.530+0000] {processor.py:914} INFO - Processing file /opt/airflow/dags/daily_chek.py for tasks to queue
[2026-05-01T00:00:00.532+0000] {logging_mixin.py:190} INFO - [2026-05-01T00:00:00.532+0000] {dagbag.py:588} INFO - Filling up the DagBag from /opt/airflow/dags/daily_chek.py
[2026-05-01T00:00:00.537+0000] {logging_mixin.py:190} INFO - [2026-05-01T00:00:00.536+0000] {dagbag.py:387} ERROR - Failed to import: /opt/airflow/dags/daily_chek.py
Traceback (most recent call last):
  File "/home/airflow/.local/lib/python3.12/site-packages/airflow/models/dagbag.py", line 383, in parse
    loader.exec_module(new_module)
  File "<frozen importlib._bootstrap_external>", line 999, in exec_module
  File "<frozen importlib._bootstrap>", line 488, in _call_with_frames_removed
  File "/opt/airflow/dags/daily_chek.py", line 4, in <module>
    from pyspark.sql import SparkSession
ModuleNotFoundError: No module named 'pyspark'
[2026-05-01T00:00:00.538+0000] {processor.py:927} WARNING - No viable dags retrieved from /opt/airflow/dags/daily_chek.py
[2026-05-01T00:00:00.556+0000] {processor.py:208} INFO - Processing /opt/airflow/dags/daily_chek.py took 0.039 seconds
[2026-05-01T00:00:30.826+0000] {processor.py:186} INFO - Started process (PID=1176) to work on /opt/airflow/dags/daily_chek.py
[2026-05-01T00:00:30.827+0000] {processor.py:914} INFO - Processing file /opt/airflow/dags/daily_chek.py for tasks to queue
[2026-05-01T00:00:30.829+0000] {logging_mixin.py:190} INFO - [2026-05-01T00:00:30.829+0000] {dagbag.py:588} INFO - Filling up the DagBag from /opt/airflow/dags/daily_chek.py
[2026-05-01T00:00:30.833+0000] {logging_mixin.py:190} INFO - [2026-05-01T00:00:30.832+0000] {dagbag.py:387} ERROR - Failed to import: /opt/airflow/dags/daily_chek.py
Traceback (most recent call last):
  File "/home/airflow/.local/lib/python3.12/site-packages/airflow/models/dagbag.py", line 383, in parse
    loader.exec_module(new_module)
  File "<frozen importlib._bootstrap_external>", line 999, in exec_module
  File "<frozen importlib._bootstrap>", line 488, in _call_with_frames_removed
  File "/opt/airflow/dags/daily_chek.py", line 4, in <module>
    from pyspark.sql import SparkSession
ModuleNotFoundError: No module named 'pyspark'
[2026-05-01T00:00:30.834+0000] {processor.py:927} WARNING - No viable dags retrieved from /opt/airflow/dags/daily_chek.py
[2026-05-01T00:00:30.852+0000] {processor.py:208} INFO - Processing /opt/airflow/dags/daily_chek.py took 0.034 seconds
[2026-05-01T00:01:01.129+0000] {processor.py:186} INFO - Started process (PID=1192) to work on /opt/airflow/dags/daily_chek.py
[2026-05-01T00:01:01.135+0000] {processor.py:914} INFO - Processing file /opt/airflow/dags/daily_chek.py for tasks to queue
[2026-05-01T00:01:01.137+0000] {logging_mixin.py:190} INFO - [2026-05-01T00:01:01.137+0000] {dagbag.py:588} INFO - Filling up the DagBag from /opt/airflow/dags/daily_chek.py
[2026-05-01T00:01:01.140+0000] {logging_mixin.py:190} INFO - [2026-05-01T00:01:01.139+0000] {dagbag.py:387} ERROR - Failed to import: /opt/airflow/dags/daily_chek.py
Traceback (most recent call last):
  File "/home/airflow/.local/lib/python3.12/site-packages/airflow/models/dagbag.py", line 383, in parse
    loader.exec_module(new_module)
  File "<frozen importlib._bootstrap_external>", line 999, in exec_module
  File "<frozen importlib._bootstrap>", line 488, in _call_with_frames_removed
  File "/opt/airflow/dags/daily_chek.py", line 4, in <module>
    from pyspark.sql import SparkSession
ModuleNotFoundError: No module named 'pyspark'
[2026-05-01T00:01:01.141+0000] {processor.py:927} WARNING - No viable dags retrieved from /opt/airflow/dags/daily_chek.py
[2026-05-01T00:01:01.158+0000] {processor.py:208} INFO - Processing /opt/airflow/dags/daily_chek.py took 0.035 seconds
[2026-05-01T00:01:31.454+0000] {processor.py:186} INFO - Started process (PID=1208) to work on /opt/airflow/dags/daily_chek.py
[2026-05-01T00:01:31.456+0000] {processor.py:914} INFO - Processing file /opt/airflow/dags/daily_chek.py for tasks to queue
[2026-05-01T00:01:31.459+0000] {logging_mixin.py:190} INFO - [2026-05-01T00:01:31.458+0000] {dagbag.py:588} INFO - Filling up the DagBag from /opt/airflow/dags/daily_chek.py
[2026-05-01T00:01:31.463+0000] {logging_mixin.py:190} INFO - [2026-05-01T00:01:31.462+0000] {dagbag.py:387} ERROR - Failed to import: /opt/airflow/dags/daily_chek.py
Traceback (most recent call last):
  File "/home/airflow/.local/lib/python3.12/site-packages/airflow/models/dagbag.py", line 383, in parse
    loader.exec_module(new_module)
  File "<frozen importlib._bootstrap_external>", line 999, in exec_module
  File "<frozen importlib._bootstrap>", line 488, in _call_with_frames_removed
  File "/opt/airflow/dags/daily_chek.py", line 4, in <module>
    from pyspark.sql import SparkSession
ModuleNotFoundError: No module named 'pyspark'
[2026-05-01T00:01:31.464+0000] {processor.py:927} WARNING - No viable dags retrieved from /opt/airflow/dags/daily_chek.py
[2026-05-01T00:01:31.485+0000] {processor.py:208} INFO - Processing /opt/airflow/dags/daily_chek.py took 0.040 seconds
[2026-05-01T00:02:01.816+0000] {processor.py:186} INFO - Started process (PID=1224) to work on /opt/airflow/dags/daily_chek.py
[2026-05-01T00:02:01.823+0000] {processor.py:914} INFO - Processing file /opt/airflow/dags/daily_chek.py for tasks to queue
[2026-05-01T00:02:01.825+0000] {logging_mixin.py:190} INFO - [2026-05-01T00:02:01.825+0000] {dagbag.py:588} INFO - Filling up the DagBag from /opt/airflow/dags/daily_chek.py
[2026-05-01T00:02:01.828+0000] {logging_mixin.py:190} INFO - [2026-05-01T00:02:01.827+0000] {dagbag.py:387} ERROR - Failed to import: /opt/airflow/dags/daily_chek.py
Traceback (most recent call last):
  File "/home/airflow/.local/lib/python3.12/site-packages/airflow/models/dagbag.py", line 383, in parse
    loader.exec_module(new_module)
  File "<frozen importlib._bootstrap_external>", line 999, in exec_module
  File "<frozen importlib._bootstrap>", line 488, in _call_with_frames_removed
  File "/opt/airflow/dags/daily_chek.py", line 4, in <module>
    from pyspark.sql import SparkSession
ModuleNotFoundError: No module named 'pyspark'
[2026-05-01T00:02:01.829+0000] {processor.py:927} WARNING - No viable dags retrieved from /opt/airflow/dags/daily_chek.py
[2026-05-01T00:02:01.847+0000] {processor.py:208} INFO - Processing /opt/airflow/dags/daily_chek.py took 0.040 seconds
[2026-05-01T00:02:32.123+0000] {processor.py:186} INFO - Started process (PID=1240) to work on /opt/airflow/dags/daily_chek.py
[2026-05-01T00:02:32.124+0000] {processor.py:914} INFO - Processing file /opt/airflow/dags/daily_chek.py for tasks to queue
[2026-05-01T00:02:32.126+0000] {logging_mixin.py:190} INFO - [2026-05-01T00:02:32.125+0000] {dagbag.py:588} INFO - Filling up the DagBag from /opt/airflow/dags/daily_chek.py
[2026-05-01T00:02:32.130+0000] {logging_mixin.py:190} INFO - [2026-05-01T00:02:32.129+0000] {dagbag.py:387} ERROR - Failed to import: /opt/airflow/dags/daily_chek.py
Traceback (most recent call last):
  File "/home/airflow/.local/lib/python3.12/site-packages/airflow/models/dagbag.py", line 383, in parse
    loader.exec_module(new_module)
  File "<frozen importlib._bootstrap_external>", line 999, in exec_module
  File "<frozen importlib._bootstrap>", line 488, in _call_with_frames_removed
  File "/opt/airflow/dags/daily_chek.py", line 4, in <module>
    from pyspark.sql import SparkSession
ModuleNotFoundError: No module named 'pyspark'
[2026-05-01T00:02:32.130+0000] {processor.py:927} WARNING - No viable dags retrieved from /opt/airflow/dags/daily_chek.py
[2026-05-01T00:02:32.149+0000] {processor.py:208} INFO - Processing /opt/airflow/dags/daily_chek.py took 0.035 seconds
[2026-05-01T00:03:02.436+0000] {processor.py:186} INFO - Started process (PID=1256) to work on /opt/airflow/dags/daily_chek.py
[2026-05-01T00:03:02.437+0000] {processor.py:914} INFO - Processing file /opt/airflow/dags/daily_chek.py for tasks to queue
[2026-05-01T00:03:02.440+0000] {logging_mixin.py:190} INFO - [2026-05-01T00:03:02.439+0000] {dagbag.py:588} INFO - Filling up the DagBag from /opt/airflow/dags/daily_chek.py
[2026-05-01T00:03:02.443+0000] {logging_mixin.py:190} INFO - [2026-05-01T00:03:02.442+0000] {dagbag.py:387} ERROR - Failed to import: /opt/airflow/dags/daily_chek.py
Traceback (most recent call last):
  File "/home/airflow/.local/lib/python3.12/site-packages/airflow/models/dagbag.py", line 383, in parse
    loader.exec_module(new_module)
  File "<frozen importlib._bootstrap_external>", line 999, in exec_module
  File "<frozen importlib._bootstrap>", line 488, in _call_with_frames_removed
  File "/opt/airflow/dags/daily_chek.py", line 4, in <module>
    from pyspark.sql import SparkSession
ModuleNotFoundError: No module named 'pyspark'
[2026-05-01T00:03:02.444+0000] {processor.py:927} WARNING - No viable dags retrieved from /opt/airflow/dags/daily_chek.py
[2026-05-01T00:03:02.461+0000] {processor.py:208} INFO - Processing /opt/airflow/dags/daily_chek.py took 0.033 seconds
[2026-05-01T00:03:32.741+0000] {processor.py:186} INFO - Started process (PID=1272) to work on /opt/airflow/dags/daily_chek.py
[2026-05-01T00:03:32.741+0000] {processor.py:914} INFO - Processing file /opt/airflow/dags/daily_chek.py for tasks to queue
[2026-05-01T00:03:32.743+0000] {logging_mixin.py:190} INFO - [2026-05-01T00:03:32.743+0000] {dagbag.py:588} INFO - Filling up the DagBag from /opt/airflow/dags/daily_chek.py
[2026-05-01T00:03:32.747+0000] {logging_mixin.py:190} INFO - [2026-05-01T00:03:32.746+0000] {dagbag.py:387} ERROR - Failed to import: /opt/airflow/dags/daily_chek.py
Traceback (most recent call last):
  File "/home/airflow/.local/lib/python3.12/site-packages/airflow/models/dagbag.py", line 383, in parse
    loader.exec_module(new_module)
  File "<frozen importlib._bootstrap_external>", line 999, in exec_module
  File "<frozen importlib._bootstrap>", line 488, in _call_with_frames_removed
  File "/opt/airflow/dags/daily_chek.py", line 4, in <module>
    from pyspark.sql import SparkSession
ModuleNotFoundError: No module named 'pyspark'
[2026-05-01T00:03:32.747+0000] {processor.py:927} WARNING - No viable dags retrieved from /opt/airflow/dags/daily_chek.py
[2026-05-01T00:03:32.764+0000] {processor.py:208} INFO - Processing /opt/airflow/dags/daily_chek.py took 0.030 seconds
[2026-05-01T00:04:03.051+0000] {processor.py:186} INFO - Started process (PID=1288) to work on /opt/airflow/dags/daily_chek.py
[2026-05-01T00:04:03.052+0000] {processor.py:914} INFO - Processing file /opt/airflow/dags/daily_chek.py for tasks to queue
[2026-05-01T00:04:03.054+0000] {logging_mixin.py:190} INFO - [2026-05-01T00:04:03.054+0000] {dagbag.py:588} INFO - Filling up the DagBag from /opt/airflow/dags/daily_chek.py
[2026-05-01T00:04:03.058+0000] {logging_mixin.py:190} INFO - [2026-05-01T00:04:03.057+0000] {dagbag.py:387} ERROR - Failed to import: /opt/airflow/dags/daily_chek.py
Traceback (most recent call last):
  File "/home/airflow/.local/lib/python3.12/site-packages/airflow/models/dagbag.py", line 383, in parse
    loader.exec_module(new_module)
  File "<frozen importlib._bootstrap_external>", line 999, in exec_module
  File "<frozen importlib._bootstrap>", line 488, in _call_with_frames_removed
  File "/opt/airflow/dags/daily_chek.py", line 4, in <module>
    from pyspark.sql import SparkSession
ModuleNotFoundError: No module named 'pyspark'
[2026-05-01T00:04:03.059+0000] {processor.py:927} WARNING - No viable dags retrieved from /opt/airflow/dags/daily_chek.py
[2026-05-01T00:04:03.076+0000] {processor.py:208} INFO - Processing /opt/airflow/dags/daily_chek.py took 0.034 seconds
[2026-05-01T00:04:33.388+0000] {processor.py:186} INFO - Started process (PID=1304) to work on /opt/airflow/dags/daily_chek.py
[2026-05-01T00:04:33.391+0000] {processor.py:914} INFO - Processing file /opt/airflow/dags/daily_chek.py for tasks to queue
[2026-05-01T00:04:33.399+0000] {logging_mixin.py:190} INFO - [2026-05-01T00:04:33.398+0000] {dagbag.py:588} INFO - Filling up the DagBag from /opt/airflow/dags/daily_chek.py
[2026-05-01T00:04:33.411+0000] {logging_mixin.py:190} INFO - [2026-05-01T00:04:33.406+0000] {dagbag.py:387} ERROR - Failed to import: /opt/airflow/dags/daily_chek.py
Traceback (most recent call last):
  File "/home/airflow/.local/lib/python3.12/site-packages/airflow/models/dagbag.py", line 383, in parse
    loader.exec_module(new_module)
  File "<frozen importlib._bootstrap_external>", line 999, in exec_module
  File "<frozen importlib._bootstrap>", line 488, in _call_with_frames_removed
  File "/opt/airflow/dags/daily_chek.py", line 4, in <module>
    from pyspark.sql import SparkSession
ModuleNotFoundError: No module named 'pyspark'
[2026-05-01T00:04:33.412+0000] {processor.py:927} WARNING - No viable dags retrieved from /opt/airflow/dags/daily_chek.py
[2026-05-01T00:04:33.466+0000] {processor.py:208} INFO - Processing /opt/airflow/dags/daily_chek.py took 0.104 seconds
[2026-05-01T00:05:03.825+0000] {processor.py:186} INFO - Started process (PID=1320) to work on /opt/airflow/dags/daily_chek.py
[2026-05-01T00:05:03.827+0000] {processor.py:914} INFO - Processing file /opt/airflow/dags/daily_chek.py for tasks to queue
[2026-05-01T00:05:03.833+0000] {logging_mixin.py:190} INFO - [2026-05-01T00:05:03.832+0000] {dagbag.py:588} INFO - Filling up the DagBag from /opt/airflow/dags/daily_chek.py
[2026-05-01T00:05:03.843+0000] {logging_mixin.py:190} INFO - [2026-05-01T00:05:03.839+0000] {dagbag.py:387} ERROR - Failed to import: /opt/airflow/dags/daily_chek.py
Traceback (most recent call last):
  File "/home/airflow/.local/lib/python3.12/site-packages/airflow/models/dagbag.py", line 383, in parse
    loader.exec_module(new_module)
  File "<frozen importlib._bootstrap_external>", line 999, in exec_module
  File "<frozen importlib._bootstrap>", line 488, in _call_with_frames_removed
  File "/opt/airflow/dags/daily_chek.py", line 4, in <module>
    from pyspark.sql import SparkSession
ModuleNotFoundError: No module named 'pyspark'
[2026-05-01T00:05:03.844+0000] {processor.py:927} WARNING - No viable dags retrieved from /opt/airflow/dags/daily_chek.py
[2026-05-01T00:05:03.892+0000] {processor.py:208} INFO - Processing /opt/airflow/dags/daily_chek.py took 0.087 seconds
[2026-05-01T00:05:34.241+0000] {processor.py:186} INFO - Started process (PID=1336) to work on /opt/airflow/dags/daily_chek.py
[2026-05-01T00:05:34.244+0000] {processor.py:914} INFO - Processing file /opt/airflow/dags/daily_chek.py for tasks to queue
[2026-05-01T00:05:34.250+0000] {logging_mixin.py:190} INFO - [2026-05-01T00:05:34.249+0000] {dagbag.py:588} INFO - Filling up the DagBag from /opt/airflow/dags/daily_chek.py
[2026-05-01T00:05:34.260+0000] {logging_mixin.py:190} INFO - [2026-05-01T00:05:34.256+0000] {dagbag.py:387} ERROR - Failed to import: /opt/airflow/dags/daily_chek.py
Traceback (most recent call last):
  File "/home/airflow/.local/lib/python3.12/site-packages/airflow/models/dagbag.py", line 383, in parse
    loader.exec_module(new_module)
  File "<frozen importlib._bootstrap_external>", line 999, in exec_module
  File "<frozen importlib._bootstrap>", line 488, in _call_with_frames_removed
  File "/opt/airflow/dags/daily_chek.py", line 4, in <module>
    from pyspark.sql import SparkSession
ModuleNotFoundError: No module named 'pyspark'
[2026-05-01T00:05:34.261+0000] {processor.py:927} WARNING - No viable dags retrieved from /opt/airflow/dags/daily_chek.py
[2026-05-01T00:05:34.311+0000] {processor.py:208} INFO - Processing /opt/airflow/dags/daily_chek.py took 0.091 seconds
[2026-05-01T00:06:04.646+0000] {processor.py:186} INFO - Started process (PID=1352) to work on /opt/airflow/dags/daily_chek.py
[2026-05-01T00:06:04.649+0000] {processor.py:914} INFO - Processing file /opt/airflow/dags/daily_chek.py for tasks to queue
[2026-05-01T00:06:04.654+0000] {logging_mixin.py:190} INFO - [2026-05-01T00:06:04.653+0000] {dagbag.py:588} INFO - Filling up the DagBag from /opt/airflow/dags/daily_chek.py
[2026-05-01T00:06:04.664+0000] {logging_mixin.py:190} INFO - [2026-05-01T00:06:04.661+0000] {dagbag.py:387} ERROR - Failed to import: /opt/airflow/dags/daily_chek.py
Traceback (most recent call last):
  File "/home/airflow/.local/lib/python3.12/site-packages/airflow/models/dagbag.py", line 383, in parse
    loader.exec_module(new_module)
  File "<frozen importlib._bootstrap_external>", line 999, in exec_module
  File "<frozen importlib._bootstrap>", line 488, in _call_with_frames_removed
  File "/opt/airflow/dags/daily_chek.py", line 4, in <module>
    from pyspark.sql import SparkSession
ModuleNotFoundError: No module named 'pyspark'
[2026-05-01T00:06:04.666+0000] {processor.py:927} WARNING - No viable dags retrieved from /opt/airflow/dags/daily_chek.py
[2026-05-01T00:06:04.713+0000] {processor.py:208} INFO - Processing /opt/airflow/dags/daily_chek.py took 0.084 seconds
[2026-05-01T00:06:35.031+0000] {processor.py:186} INFO - Started process (PID=1368) to work on /opt/airflow/dags/daily_chek.py
[2026-05-01T00:06:35.033+0000] {processor.py:914} INFO - Processing file /opt/airflow/dags/daily_chek.py for tasks to queue
[2026-05-01T00:06:35.039+0000] {logging_mixin.py:190} INFO - [2026-05-01T00:06:35.038+0000] {dagbag.py:588} INFO - Filling up the DagBag from /opt/airflow/dags/daily_chek.py
[2026-05-01T00:06:35.048+0000] {logging_mixin.py:190} INFO - [2026-05-01T00:06:35.045+0000] {dagbag.py:387} ERROR - Failed to import: /opt/airflow/dags/daily_chek.py
Traceback (most recent call last):
  File "/home/airflow/.local/lib/python3.12/site-packages/airflow/models/dagbag.py", line 383, in parse
    loader.exec_module(new_module)
  File "<frozen importlib._bootstrap_external>", line 999, in exec_module
  File "<frozen importlib._bootstrap>", line 488, in _call_with_frames_removed
  File "/opt/airflow/dags/daily_chek.py", line 4, in <module>
    from pyspark.sql import SparkSession
ModuleNotFoundError: No module named 'pyspark'
[2026-05-01T00:06:35.049+0000] {processor.py:927} WARNING - No viable dags retrieved from /opt/airflow/dags/daily_chek.py
[2026-05-01T00:06:35.096+0000] {processor.py:208} INFO - Processing /opt/airflow/dags/daily_chek.py took 0.081 seconds
[2026-05-01T00:07:05.417+0000] {processor.py:186} INFO - Started process (PID=1384) to work on /opt/airflow/dags/daily_chek.py
[2026-05-01T00:07:05.424+0000] {processor.py:914} INFO - Processing file /opt/airflow/dags/daily_chek.py for tasks to queue
[2026-05-01T00:07:05.430+0000] {logging_mixin.py:190} INFO - [2026-05-01T00:07:05.429+0000] {dagbag.py:588} INFO - Filling up the DagBag from /opt/airflow/dags/daily_chek.py
[2026-05-01T00:07:05.440+0000] {logging_mixin.py:190} INFO - [2026-05-01T00:07:05.437+0000] {dagbag.py:387} ERROR - Failed to import: /opt/airflow/dags/daily_chek.py
Traceback (most recent call last):
  File "/home/airflow/.local/lib/python3.12/site-packages/airflow/models/dagbag.py", line 383, in parse
    loader.exec_module(new_module)
  File "<frozen importlib._bootstrap_external>", line 999, in exec_module
  File "<frozen importlib._bootstrap>", line 488, in _call_with_frames_removed
  File "/opt/airflow/dags/daily_chek.py", line 4, in <module>
    from pyspark.sql import SparkSession
ModuleNotFoundError: No module named 'pyspark'
[2026-05-01T00:07:05.441+0000] {processor.py:927} WARNING - No viable dags retrieved from /opt/airflow/dags/daily_chek.py
[2026-05-01T00:07:05.490+0000] {processor.py:208} INFO - Processing /opt/airflow/dags/daily_chek.py took 0.090 seconds
[2026-05-01T00:07:35.828+0000] {processor.py:186} INFO - Started process (PID=1400) to work on /opt/airflow/dags/daily_chek.py
[2026-05-01T00:07:35.829+0000] {processor.py:914} INFO - Processing file /opt/airflow/dags/daily_chek.py for tasks to queue
[2026-05-01T00:07:35.835+0000] {logging_mixin.py:190} INFO - [2026-05-01T00:07:35.834+0000] {dagbag.py:588} INFO - Filling up the DagBag from /opt/airflow/dags/daily_chek.py
[2026-05-01T00:07:35.844+0000] {logging_mixin.py:190} INFO - [2026-05-01T00:07:35.841+0000] {dagbag.py:387} ERROR - Failed to import: /opt/airflow/dags/daily_chek.py
Traceback (most recent call last):
  File "/home/airflow/.local/lib/python3.12/site-packages/airflow/models/dagbag.py", line 383, in parse
    loader.exec_module(new_module)
  File "<frozen importlib._bootstrap_external>", line 999, in exec_module
  File "<frozen importlib._bootstrap>", line 488, in _call_with_frames_removed
  File "/opt/airflow/dags/daily_chek.py", line 4, in <module>
    from pyspark.sql import SparkSession
ModuleNotFoundError: No module named 'pyspark'
[2026-05-01T00:07:35.845+0000] {processor.py:927} WARNING - No viable dags retrieved from /opt/airflow/dags/daily_chek.py
[2026-05-01T00:07:35.891+0000] {processor.py:208} INFO - Processing /opt/airflow/dags/daily_chek.py took 0.086 seconds
[2026-05-01T00:08:06.249+0000] {processor.py:186} INFO - Started process (PID=1416) to work on /opt/airflow/dags/daily_chek.py
[2026-05-01T00:08:06.257+0000] {processor.py:914} INFO - Processing file /opt/airflow/dags/daily_chek.py for tasks to queue
[2026-05-01T00:08:06.264+0000] {logging_mixin.py:190} INFO - [2026-05-01T00:08:06.263+0000] {dagbag.py:588} INFO - Filling up the DagBag from /opt/airflow/dags/daily_chek.py
[2026-05-01T00:08:06.276+0000] {logging_mixin.py:190} INFO - [2026-05-01T00:08:06.272+0000] {dagbag.py:387} ERROR - Failed to import: /opt/airflow/dags/daily_chek.py
Traceback (most recent call last):
  File "/home/airflow/.local/lib/python3.12/site-packages/airflow/models/dagbag.py", line 383, in parse
    loader.exec_module(new_module)
  File "<frozen importlib._bootstrap_external>", line 999, in exec_module
  File "<frozen importlib._bootstrap>", line 488, in _call_with_frames_removed
  File "/opt/airflow/dags/daily_chek.py", line 4, in <module>
    from pyspark.sql import SparkSession
ModuleNotFoundError: No module named 'pyspark'
[2026-05-01T00:08:06.278+0000] {processor.py:927} WARNING - No viable dags retrieved from /opt/airflow/dags/daily_chek.py
[2026-05-01T00:08:06.336+0000] {processor.py:208} INFO - Processing /opt/airflow/dags/daily_chek.py took 0.108 seconds
[2026-05-01T00:08:36.728+0000] {processor.py:186} INFO - Started process (PID=1432) to work on /opt/airflow/dags/daily_chek.py
[2026-05-01T00:08:36.730+0000] {processor.py:914} INFO - Processing file /opt/airflow/dags/daily_chek.py for tasks to queue
[2026-05-01T00:08:36.738+0000] {logging_mixin.py:190} INFO - [2026-05-01T00:08:36.737+0000] {dagbag.py:588} INFO - Filling up the DagBag from /opt/airflow/dags/daily_chek.py
[2026-05-01T00:08:36.751+0000] {logging_mixin.py:190} INFO - [2026-05-01T00:08:36.747+0000] {dagbag.py:387} ERROR - Failed to import: /opt/airflow/dags/daily_chek.py
Traceback (most recent call last):
  File "/home/airflow/.local/lib/python3.12/site-packages/airflow/models/dagbag.py", line 383, in parse
    loader.exec_module(new_module)
  File "<frozen importlib._bootstrap_external>", line 999, in exec_module
  File "<frozen importlib._bootstrap>", line 488, in _call_with_frames_removed
  File "/opt/airflow/dags/daily_chek.py", line 4, in <module>
    from pyspark.sql import SparkSession
ModuleNotFoundError: No module named 'pyspark'
[2026-05-01T00:08:36.753+0000] {processor.py:927} WARNING - No viable dags retrieved from /opt/airflow/dags/daily_chek.py
[2026-05-01T00:08:36.813+0000] {processor.py:208} INFO - Processing /opt/airflow/dags/daily_chek.py took 0.112 seconds
[2026-05-01T00:09:07.207+0000] {processor.py:186} INFO - Started process (PID=1448) to work on /opt/airflow/dags/daily_chek.py
[2026-05-01T00:09:07.210+0000] {processor.py:914} INFO - Processing file /opt/airflow/dags/daily_chek.py for tasks to queue
[2026-05-01T00:09:07.217+0000] {logging_mixin.py:190} INFO - [2026-05-01T00:09:07.216+0000] {dagbag.py:588} INFO - Filling up the DagBag from /opt/airflow/dags/daily_chek.py
[2026-05-01T00:09:07.229+0000] {logging_mixin.py:190} INFO - [2026-05-01T00:09:07.225+0000] {dagbag.py:387} ERROR - Failed to import: /opt/airflow/dags/daily_chek.py
Traceback (most recent call last):
  File "/home/airflow/.local/lib/python3.12/site-packages/airflow/models/dagbag.py", line 383, in parse
    loader.exec_module(new_module)
  File "<frozen importlib._bootstrap_external>", line 999, in exec_module
  File "<frozen importlib._bootstrap>", line 488, in _call_with_frames_removed
  File "/opt/airflow/dags/daily_chek.py", line 4, in <module>
    from pyspark.sql import SparkSession
ModuleNotFoundError: No module named 'pyspark'
[2026-05-01T00:09:07.232+0000] {processor.py:927} WARNING - No viable dags retrieved from /opt/airflow/dags/daily_chek.py
[2026-05-01T00:09:07.292+0000] {processor.py:208} INFO - Processing /opt/airflow/dags/daily_chek.py took 0.107 seconds
[2026-05-01T00:09:37.717+0000] {processor.py:186} INFO - Started process (PID=1464) to work on /opt/airflow/dags/daily_chek.py
[2026-05-01T00:09:37.719+0000] {processor.py:914} INFO - Processing file /opt/airflow/dags/daily_chek.py for tasks to queue
[2026-05-01T00:09:37.724+0000] {logging_mixin.py:190} INFO - [2026-05-01T00:09:37.723+0000] {dagbag.py:588} INFO - Filling up the DagBag from /opt/airflow/dags/daily_chek.py
[2026-05-01T00:09:37.738+0000] {logging_mixin.py:190} INFO - [2026-05-01T00:09:37.733+0000] {dagbag.py:387} ERROR - Failed to import: /opt/airflow/dags/daily_chek.py
Traceback (most recent call last):
  File "/home/airflow/.local/lib/python3.12/site-packages/airflow/models/dagbag.py", line 383, in parse
    loader.exec_module(new_module)
  File "<frozen importlib._bootstrap_external>", line 999, in exec_module
  File "<frozen importlib._bootstrap>", line 488, in _call_with_frames_removed
  File "/opt/airflow/dags/daily_chek.py", line 4, in <module>
    from pyspark.sql import SparkSession
ModuleNotFoundError: No module named 'pyspark'
[2026-05-01T00:09:37.740+0000] {processor.py:927} WARNING - No viable dags retrieved from /opt/airflow/dags/daily_chek.py
[2026-05-01T00:09:37.804+0000] {processor.py:208} INFO - Processing /opt/airflow/dags/daily_chek.py took 0.107 seconds
[2026-05-01T00:10:08.176+0000] {processor.py:186} INFO - Started process (PID=1480) to work on /opt/airflow/dags/daily_chek.py
[2026-05-01T00:10:08.179+0000] {processor.py:914} INFO - Processing file /opt/airflow/dags/daily_chek.py for tasks to queue
[2026-05-01T00:10:08.185+0000] {logging_mixin.py:190} INFO - [2026-05-01T00:10:08.184+0000] {dagbag.py:588} INFO - Filling up the DagBag from /opt/airflow/dags/daily_chek.py
[2026-05-01T00:10:08.195+0000] {logging_mixin.py:190} INFO - [2026-05-01T00:10:08.191+0000] {dagbag.py:387} ERROR - Failed to import: /opt/airflow/dags/daily_chek.py
Traceback (most recent call last):
  File "/home/airflow/.local/lib/python3.12/site-packages/airflow/models/dagbag.py", line 383, in parse
    loader.exec_module(new_module)
  File "<frozen importlib._bootstrap_external>", line 999, in exec_module
  File "<frozen importlib._bootstrap>", line 488, in _call_with_frames_removed
  File "/opt/airflow/dags/daily_chek.py", line 4, in <module>
    from pyspark.sql import SparkSession
ModuleNotFoundError: No module named 'pyspark'
[2026-05-01T00:10:08.196+0000] {processor.py:927} WARNING - No viable dags retrieved from /opt/airflow/dags/daily_chek.py
[2026-05-01T00:10:08.246+0000] {processor.py:208} INFO - Processing /opt/airflow/dags/daily_chek.py took 0.087 seconds
[2026-05-01T00:10:38.559+0000] {processor.py:186} INFO - Started process (PID=1496) to work on /opt/airflow/dags/daily_chek.py
[2026-05-01T00:10:38.561+0000] {processor.py:914} INFO - Processing file /opt/airflow/dags/daily_chek.py for tasks to queue
[2026-05-01T00:10:38.566+0000] {logging_mixin.py:190} INFO - [2026-05-01T00:10:38.565+0000] {dagbag.py:588} INFO - Filling up the DagBag from /opt/airflow/dags/daily_chek.py
[2026-05-01T00:10:38.575+0000] {logging_mixin.py:190} INFO - [2026-05-01T00:10:38.572+0000] {dagbag.py:387} ERROR - Failed to import: /opt/airflow/dags/daily_chek.py
Traceback (most recent call last):
  File "/home/airflow/.local/lib/python3.12/site-packages/airflow/models/dagbag.py", line 383, in parse
    loader.exec_module(new_module)
  File "<frozen importlib._bootstrap_external>", line 999, in exec_module
  File "<frozen importlib._bootstrap>", line 488, in _call_with_frames_removed
  File "/opt/airflow/dags/daily_chek.py", line 4, in <module>
    from pyspark.sql import SparkSession
ModuleNotFoundError: No module named 'pyspark'
[2026-05-01T00:10:38.577+0000] {processor.py:927} WARNING - No viable dags retrieved from /opt/airflow/dags/daily_chek.py
[2026-05-01T00:10:38.622+0000] {processor.py:208} INFO - Processing /opt/airflow/dags/daily_chek.py took 0.078 seconds
[2026-05-01T00:11:08.938+0000] {processor.py:186} INFO - Started process (PID=1512) to work on /opt/airflow/dags/daily_chek.py
[2026-05-01T00:11:08.943+0000] {processor.py:914} INFO - Processing file /opt/airflow/dags/daily_chek.py for tasks to queue
[2026-05-01T00:11:08.948+0000] {logging_mixin.py:190} INFO - [2026-05-01T00:11:08.947+0000] {dagbag.py:588} INFO - Filling up the DagBag from /opt/airflow/dags/daily_chek.py
[2026-05-01T00:11:08.957+0000] {logging_mixin.py:190} INFO - [2026-05-01T00:11:08.954+0000] {dagbag.py:387} ERROR - Failed to import: /opt/airflow/dags/daily_chek.py
Traceback (most recent call last):
  File "/home/airflow/.local/lib/python3.12/site-packages/airflow/models/dagbag.py", line 383, in parse
    loader.exec_module(new_module)
  File "<frozen importlib._bootstrap_external>", line 999, in exec_module
  File "<frozen importlib._bootstrap>", line 488, in _call_with_frames_removed
  File "/opt/airflow/dags/daily_chek.py", line 4, in <module>
    from pyspark.sql import SparkSession
ModuleNotFoundError: No module named 'pyspark'
[2026-05-01T00:11:08.959+0000] {processor.py:927} WARNING - No viable dags retrieved from /opt/airflow/dags/daily_chek.py
[2026-05-01T00:11:09.005+0000] {processor.py:208} INFO - Processing /opt/airflow/dags/daily_chek.py took 0.082 seconds
[2026-05-01T00:11:39.344+0000] {processor.py:186} INFO - Started process (PID=1528) to work on /opt/airflow/dags/daily_chek.py
[2026-05-01T00:11:39.346+0000] {processor.py:914} INFO - Processing file /opt/airflow/dags/daily_chek.py for tasks to queue
[2026-05-01T00:11:39.355+0000] {logging_mixin.py:190} INFO - [2026-05-01T00:11:39.353+0000] {dagbag.py:588} INFO - Filling up the DagBag from /opt/airflow/dags/daily_chek.py
[2026-05-01T00:11:39.367+0000] {logging_mixin.py:190} INFO - [2026-05-01T00:11:39.364+0000] {dagbag.py:387} ERROR - Failed to import: /opt/airflow/dags/daily_chek.py
Traceback (most recent call last):
  File "/home/airflow/.local/lib/python3.12/site-packages/airflow/models/dagbag.py", line 383, in parse
    loader.exec_module(new_module)
  File "<frozen importlib._bootstrap_external>", line 999, in exec_module
  File "<frozen importlib._bootstrap>", line 488, in _call_with_frames_removed
  File "/opt/airflow/dags/daily_chek.py", line 4, in <module>
    from pyspark.sql import SparkSession
ModuleNotFoundError: No module named 'pyspark'
[2026-05-01T00:11:39.369+0000] {processor.py:927} WARNING - No viable dags retrieved from /opt/airflow/dags/daily_chek.py
[2026-05-01T00:11:39.424+0000] {processor.py:208} INFO - Processing /opt/airflow/dags/daily_chek.py took 0.103 seconds
[2026-05-01T00:12:09.745+0000] {processor.py:186} INFO - Started process (PID=1544) to work on /opt/airflow/dags/daily_chek.py
[2026-05-01T00:12:09.749+0000] {processor.py:914} INFO - Processing file /opt/airflow/dags/daily_chek.py for tasks to queue
[2026-05-01T00:12:09.754+0000] {logging_mixin.py:190} INFO - [2026-05-01T00:12:09.754+0000] {dagbag.py:588} INFO - Filling up the DagBag from /opt/airflow/dags/daily_chek.py
[2026-05-01T00:12:09.764+0000] {logging_mixin.py:190} INFO - [2026-05-01T00:12:09.761+0000] {dagbag.py:387} ERROR - Failed to import: /opt/airflow/dags/daily_chek.py
Traceback (most recent call last):
  File "/home/airflow/.local/lib/python3.12/site-packages/airflow/models/dagbag.py", line 383, in parse
    loader.exec_module(new_module)
  File "<frozen importlib._bootstrap_external>", line 999, in exec_module
  File "<frozen importlib._bootstrap>", line 488, in _call_with_frames_removed
  File "/opt/airflow/dags/daily_chek.py", line 4, in <module>
    from pyspark.sql import SparkSession
ModuleNotFoundError: No module named 'pyspark'
[2026-05-01T00:12:09.765+0000] {processor.py:927} WARNING - No viable dags retrieved from /opt/airflow/dags/daily_chek.py
[2026-05-01T00:12:09.809+0000] {processor.py:208} INFO - Processing /opt/airflow/dags/daily_chek.py took 0.081 seconds
[2026-05-01T00:12:40.148+0000] {processor.py:186} INFO - Started process (PID=1560) to work on /opt/airflow/dags/daily_chek.py
[2026-05-01T00:12:40.151+0000] {processor.py:914} INFO - Processing file /opt/airflow/dags/daily_chek.py for tasks to queue
[2026-05-01T00:12:40.157+0000] {logging_mixin.py:190} INFO - [2026-05-01T00:12:40.156+0000] {dagbag.py:588} INFO - Filling up the DagBag from /opt/airflow/dags/daily_chek.py
[2026-05-01T00:12:40.168+0000] {logging_mixin.py:190} INFO - [2026-05-01T00:12:40.164+0000] {dagbag.py:387} ERROR - Failed to import: /opt/airflow/dags/daily_chek.py
Traceback (most recent call last):
  File "/home/airflow/.local/lib/python3.12/site-packages/airflow/models/dagbag.py", line 383, in parse
    loader.exec_module(new_module)
  File "<frozen importlib._bootstrap_external>", line 999, in exec_module
  File "<frozen importlib._bootstrap>", line 488, in _call_with_frames_removed
  File "/opt/airflow/dags/daily_chek.py", line 4, in <module>
    from pyspark.sql import SparkSession
ModuleNotFoundError: No module named 'pyspark'
[2026-05-01T00:12:40.169+0000] {processor.py:927} WARNING - No viable dags retrieved from /opt/airflow/dags/daily_chek.py
[2026-05-01T00:12:40.212+0000] {processor.py:208} INFO - Processing /opt/airflow/dags/daily_chek.py took 0.090 seconds
[2026-05-01T00:13:10.539+0000] {processor.py:186} INFO - Started process (PID=1576) to work on /opt/airflow/dags/daily_chek.py
[2026-05-01T00:13:10.541+0000] {processor.py:914} INFO - Processing file /opt/airflow/dags/daily_chek.py for tasks to queue
[2026-05-01T00:13:10.547+0000] {logging_mixin.py:190} INFO - [2026-05-01T00:13:10.546+0000] {dagbag.py:588} INFO - Filling up the DagBag from /opt/airflow/dags/daily_chek.py
[2026-05-01T00:13:10.557+0000] {logging_mixin.py:190} INFO - [2026-05-01T00:13:10.553+0000] {dagbag.py:387} ERROR - Failed to import: /opt/airflow/dags/daily_chek.py
Traceback (most recent call last):
  File "/home/airflow/.local/lib/python3.12/site-packages/airflow/models/dagbag.py", line 383, in parse
    loader.exec_module(new_module)
  File "<frozen importlib._bootstrap_external>", line 999, in exec_module
  File "<frozen importlib._bootstrap>", line 488, in _call_with_frames_removed
  File "/opt/airflow/dags/daily_chek.py", line 4, in <module>
    from pyspark.sql import SparkSession
ModuleNotFoundError: No module named 'pyspark'
[2026-05-01T00:13:10.558+0000] {processor.py:927} WARNING - No viable dags retrieved from /opt/airflow/dags/daily_chek.py
[2026-05-01T00:13:10.609+0000] {processor.py:208} INFO - Processing /opt/airflow/dags/daily_chek.py took 0.087 seconds
[2026-05-01T00:13:40.936+0000] {processor.py:186} INFO - Started process (PID=1592) to work on /opt/airflow/dags/daily_chek.py
[2026-05-01T00:13:40.938+0000] {processor.py:914} INFO - Processing file /opt/airflow/dags/daily_chek.py for tasks to queue
[2026-05-01T00:13:40.944+0000] {logging_mixin.py:190} INFO - [2026-05-01T00:13:40.943+0000] {dagbag.py:588} INFO - Filling up the DagBag from /opt/airflow/dags/daily_chek.py
[2026-05-01T00:13:40.953+0000] {logging_mixin.py:190} INFO - [2026-05-01T00:13:40.950+0000] {dagbag.py:387} ERROR - Failed to import: /opt/airflow/dags/daily_chek.py
Traceback (most recent call last):
  File "/home/airflow/.local/lib/python3.12/site-packages/airflow/models/dagbag.py", line 383, in parse
    loader.exec_module(new_module)
  File "<frozen importlib._bootstrap_external>", line 999, in exec_module
  File "<frozen importlib._bootstrap>", line 488, in _call_with_frames_removed
  File "/opt/airflow/dags/daily_chek.py", line 4, in <module>
    from pyspark.sql import SparkSession
ModuleNotFoundError: No module named 'pyspark'
[2026-05-01T00:13:40.954+0000] {processor.py:927} WARNING - No viable dags retrieved from /opt/airflow/dags/daily_chek.py
[2026-05-01T00:13:41.003+0000] {processor.py:208} INFO - Processing /opt/airflow/dags/daily_chek.py took 0.089 seconds
[2026-05-01T00:14:11.309+0000] {processor.py:186} INFO - Started process (PID=1608) to work on /opt/airflow/dags/daily_chek.py
[2026-05-01T00:14:11.313+0000] {processor.py:914} INFO - Processing file /opt/airflow/dags/daily_chek.py for tasks to queue
[2026-05-01T00:14:11.318+0000] {logging_mixin.py:190} INFO - [2026-05-01T00:14:11.318+0000] {dagbag.py:588} INFO - Filling up the DagBag from /opt/airflow/dags/daily_chek.py
[2026-05-01T00:14:11.328+0000] {logging_mixin.py:190} INFO - [2026-05-01T00:14:11.325+0000] {dagbag.py:387} ERROR - Failed to import: /opt/airflow/dags/daily_chek.py
Traceback (most recent call last):
  File "/home/airflow/.local/lib/python3.12/site-packages/airflow/models/dagbag.py", line 383, in parse
    loader.exec_module(new_module)
  File "<frozen importlib._bootstrap_external>", line 999, in exec_module
  File "<frozen importlib._bootstrap>", line 488, in _call_with_frames_removed
  File "/opt/airflow/dags/daily_chek.py", line 4, in <module>
    from pyspark.sql import SparkSession
ModuleNotFoundError: No module named 'pyspark'
[2026-05-01T00:14:11.329+0000] {processor.py:927} WARNING - No viable dags retrieved from /opt/airflow/dags/daily_chek.py
[2026-05-01T00:14:11.374+0000] {processor.py:208} INFO - Processing /opt/airflow/dags/daily_chek.py took 0.081 seconds
[2026-05-01T00:14:41.729+0000] {processor.py:186} INFO - Started process (PID=1624) to work on /opt/airflow/dags/daily_chek.py
[2026-05-01T00:14:41.732+0000] {processor.py:914} INFO - Processing file /opt/airflow/dags/daily_chek.py for tasks to queue
[2026-05-01T00:14:41.739+0000] {logging_mixin.py:190} INFO - [2026-05-01T00:14:41.738+0000] {dagbag.py:588} INFO - Filling up the DagBag from /opt/airflow/dags/daily_chek.py
[2026-05-01T00:14:41.747+0000] {logging_mixin.py:190} INFO - [2026-05-01T00:14:41.744+0000] {dagbag.py:387} ERROR - Failed to import: /opt/airflow/dags/daily_chek.py
Traceback (most recent call last):
  File "/home/airflow/.local/lib/python3.12/site-packages/airflow/models/dagbag.py", line 383, in parse
    loader.exec_module(new_module)
  File "<frozen importlib._bootstrap_external>", line 999, in exec_module
  File "<frozen importlib._bootstrap>", line 488, in _call_with_frames_removed
  File "/opt/airflow/dags/daily_chek.py", line 4, in <module>
    from pyspark.sql import SparkSession
ModuleNotFoundError: No module named 'pyspark'
[2026-05-01T00:14:41.749+0000] {processor.py:927} WARNING - No viable dags retrieved from /opt/airflow/dags/daily_chek.py
[2026-05-01T00:14:41.798+0000] {processor.py:208} INFO - Processing /opt/airflow/dags/daily_chek.py took 0.090 seconds
[2026-05-01T00:15:12.111+0000] {processor.py:186} INFO - Started process (PID=1640) to work on /opt/airflow/dags/daily_chek.py
[2026-05-01T00:15:12.112+0000] {processor.py:914} INFO - Processing file /opt/airflow/dags/daily_chek.py for tasks to queue
[2026-05-01T00:15:12.118+0000] {logging_mixin.py:190} INFO - [2026-05-01T00:15:12.117+0000] {dagbag.py:588} INFO - Filling up the DagBag from /opt/airflow/dags/daily_chek.py
[2026-05-01T00:15:12.127+0000] {logging_mixin.py:190} INFO - [2026-05-01T00:15:12.124+0000] {dagbag.py:387} ERROR - Failed to import: /opt/airflow/dags/daily_chek.py
Traceback (most recent call last):
  File "/home/airflow/.local/lib/python3.12/site-packages/airflow/models/dagbag.py", line 383, in parse
    loader.exec_module(new_module)
  File "<frozen importlib._bootstrap_external>", line 999, in exec_module
  File "<frozen importlib._bootstrap>", line 488, in _call_with_frames_removed
  File "/opt/airflow/dags/daily_chek.py", line 4, in <module>
    from pyspark.sql import SparkSession
ModuleNotFoundError: No module named 'pyspark'
[2026-05-01T00:15:12.128+0000] {processor.py:927} WARNING - No viable dags retrieved from /opt/airflow/dags/daily_chek.py
[2026-05-01T00:15:12.172+0000] {processor.py:208} INFO - Processing /opt/airflow/dags/daily_chek.py took 0.078 seconds
[2026-05-01T00:15:42.514+0000] {processor.py:186} INFO - Started process (PID=1656) to work on /opt/airflow/dags/daily_chek.py
[2026-05-01T00:15:42.516+0000] {processor.py:914} INFO - Processing file /opt/airflow/dags/daily_chek.py for tasks to queue
[2026-05-01T00:15:42.522+0000] {logging_mixin.py:190} INFO - [2026-05-01T00:15:42.521+0000] {dagbag.py:588} INFO - Filling up the DagBag from /opt/airflow/dags/daily_chek.py
[2026-05-01T00:15:42.531+0000] {logging_mixin.py:190} INFO - [2026-05-01T00:15:42.528+0000] {dagbag.py:387} ERROR - Failed to import: /opt/airflow/dags/daily_chek.py
Traceback (most recent call last):
  File "/home/airflow/.local/lib/python3.12/site-packages/airflow/models/dagbag.py", line 383, in parse
    loader.exec_module(new_module)
  File "<frozen importlib._bootstrap_external>", line 999, in exec_module
  File "<frozen importlib._bootstrap>", line 488, in _call_with_frames_removed
  File "/opt/airflow/dags/daily_chek.py", line 4, in <module>
    from pyspark.sql import SparkSession
ModuleNotFoundError: No module named 'pyspark'
[2026-05-01T00:15:42.533+0000] {processor.py:927} WARNING - No viable dags retrieved from /opt/airflow/dags/daily_chek.py
[2026-05-01T00:15:42.578+0000] {processor.py:208} INFO - Processing /opt/airflow/dags/daily_chek.py took 0.081 seconds
[2026-05-01T00:16:12.903+0000] {processor.py:186} INFO - Started process (PID=1672) to work on /opt/airflow/dags/daily_chek.py
[2026-05-01T00:16:12.911+0000] {processor.py:914} INFO - Processing file /opt/airflow/dags/daily_chek.py for tasks to queue
[2026-05-01T00:16:12.916+0000] {logging_mixin.py:190} INFO - [2026-05-01T00:16:12.915+0000] {dagbag.py:588} INFO - Filling up the DagBag from /opt/airflow/dags/daily_chek.py
[2026-05-01T00:16:12.925+0000] {logging_mixin.py:190} INFO - [2026-05-01T00:16:12.922+0000] {dagbag.py:387} ERROR - Failed to import: /opt/airflow/dags/daily_chek.py
Traceback (most recent call last):
  File "/home/airflow/.local/lib/python3.12/site-packages/airflow/models/dagbag.py", line 383, in parse
    loader.exec_module(new_module)
  File "<frozen importlib._bootstrap_external>", line 999, in exec_module
  File "<frozen importlib._bootstrap>", line 488, in _call_with_frames_removed
  File "/opt/airflow/dags/daily_chek.py", line 4, in <module>
    from pyspark.sql import SparkSession
ModuleNotFoundError: No module named 'pyspark'
[2026-05-01T00:16:12.927+0000] {processor.py:927} WARNING - No viable dags retrieved from /opt/airflow/dags/daily_chek.py
[2026-05-01T00:16:12.976+0000] {processor.py:208} INFO - Processing /opt/airflow/dags/daily_chek.py took 0.091 seconds
[2026-05-01T00:16:43.320+0000] {processor.py:186} INFO - Started process (PID=1688) to work on /opt/airflow/dags/daily_chek.py
[2026-05-01T00:16:43.322+0000] {processor.py:914} INFO - Processing file /opt/airflow/dags/daily_chek.py for tasks to queue
[2026-05-01T00:16:43.330+0000] {logging_mixin.py:190} INFO - [2026-05-01T00:16:43.329+0000] {dagbag.py:588} INFO - Filling up the DagBag from /opt/airflow/dags/daily_chek.py
[2026-05-01T00:16:43.341+0000] {logging_mixin.py:190} INFO - [2026-05-01T00:16:43.338+0000] {dagbag.py:387} ERROR - Failed to import: /opt/airflow/dags/daily_chek.py
Traceback (most recent call last):
  File "/home/airflow/.local/lib/python3.12/site-packages/airflow/models/dagbag.py", line 383, in parse
    loader.exec_module(new_module)
  File "<frozen importlib._bootstrap_external>", line 999, in exec_module
  File "<frozen importlib._bootstrap>", line 488, in _call_with_frames_removed
  File "/opt/airflow/dags/daily_chek.py", line 4, in <module>
    from pyspark.sql import SparkSession
ModuleNotFoundError: No module named 'pyspark'
[2026-05-01T00:16:43.343+0000] {processor.py:927} WARNING - No viable dags retrieved from /opt/airflow/dags/daily_chek.py
[2026-05-01T00:16:43.387+0000] {processor.py:208} INFO - Processing /opt/airflow/dags/daily_chek.py took 0.089 seconds
[2026-05-01T00:17:13.713+0000] {processor.py:186} INFO - Started process (PID=1704) to work on /opt/airflow/dags/daily_chek.py
[2026-05-01T00:17:13.714+0000] {processor.py:914} INFO - Processing file /opt/airflow/dags/daily_chek.py for tasks to queue
[2026-05-01T00:17:13.719+0000] {logging_mixin.py:190} INFO - [2026-05-01T00:17:13.719+0000] {dagbag.py:588} INFO - Filling up the DagBag from /opt/airflow/dags/daily_chek.py
[2026-05-01T00:17:13.728+0000] {logging_mixin.py:190} INFO - [2026-05-01T00:17:13.725+0000] {dagbag.py:387} ERROR - Failed to import: /opt/airflow/dags/daily_chek.py
Traceback (most recent call last):
  File "/home/airflow/.local/lib/python3.12/site-packages/airflow/models/dagbag.py", line 383, in parse
    loader.exec_module(new_module)
  File "<frozen importlib._bootstrap_external>", line 999, in exec_module
  File "<frozen importlib._bootstrap>", line 488, in _call_with_frames_removed
  File "/opt/airflow/dags/daily_chek.py", line 4, in <module>
    from pyspark.sql import SparkSession
ModuleNotFoundError: No module named 'pyspark'
[2026-05-01T00:17:13.730+0000] {processor.py:927} WARNING - No viable dags retrieved from /opt/airflow/dags/daily_chek.py
[2026-05-01T00:17:13.779+0000] {processor.py:208} INFO - Processing /opt/airflow/dags/daily_chek.py took 0.089 seconds
[2026-05-01T00:17:44.118+0000] {processor.py:186} INFO - Started process (PID=1720) to work on /opt/airflow/dags/daily_chek.py
[2026-05-01T00:17:44.125+0000] {processor.py:914} INFO - Processing file /opt/airflow/dags/daily_chek.py for tasks to queue
[2026-05-01T00:17:44.131+0000] {logging_mixin.py:190} INFO - [2026-05-01T00:17:44.130+0000] {dagbag.py:588} INFO - Filling up the DagBag from /opt/airflow/dags/daily_chek.py
[2026-05-01T00:17:44.140+0000] {logging_mixin.py:190} INFO - [2026-05-01T00:17:44.137+0000] {dagbag.py:387} ERROR - Failed to import: /opt/airflow/dags/daily_chek.py
Traceback (most recent call last):
  File "/home/airflow/.local/lib/python3.12/site-packages/airflow/models/dagbag.py", line 383, in parse
    loader.exec_module(new_module)
  File "<frozen importlib._bootstrap_external>", line 999, in exec_module
  File "<frozen importlib._bootstrap>", line 488, in _call_with_frames_removed
  File "/opt/airflow/dags/daily_chek.py", line 4, in <module>
    from pyspark.sql import SparkSession
ModuleNotFoundError: No module named 'pyspark'
[2026-05-01T00:17:44.141+0000] {processor.py:927} WARNING - No viable dags retrieved from /opt/airflow/dags/daily_chek.py
[2026-05-01T00:17:44.186+0000] {processor.py:208} INFO - Processing /opt/airflow/dags/daily_chek.py took 0.090 seconds
[2026-05-01T00:18:14.513+0000] {processor.py:186} INFO - Started process (PID=1736) to work on /opt/airflow/dags/daily_chek.py
[2026-05-01T00:18:14.515+0000] {processor.py:914} INFO - Processing file /opt/airflow/dags/daily_chek.py for tasks to queue
[2026-05-01T00:18:14.520+0000] {logging_mixin.py:190} INFO - [2026-05-01T00:18:14.519+0000] {dagbag.py:588} INFO - Filling up the DagBag from /opt/airflow/dags/daily_chek.py
[2026-05-01T00:18:14.530+0000] {logging_mixin.py:190} INFO - [2026-05-01T00:18:14.526+0000] {dagbag.py:387} ERROR - Failed to import: /opt/airflow/dags/daily_chek.py
Traceback (most recent call last):
  File "/home/airflow/.local/lib/python3.12/site-packages/airflow/models/dagbag.py", line 383, in parse
    loader.exec_module(new_module)
  File "<frozen importlib._bootstrap_external>", line 999, in exec_module
  File "<frozen importlib._bootstrap>", line 488, in _call_with_frames_removed
  File "/opt/airflow/dags/daily_chek.py", line 4, in <module>
    from pyspark.sql import SparkSession
ModuleNotFoundError: No module named 'pyspark'
[2026-05-01T00:18:14.531+0000] {processor.py:927} WARNING - No viable dags retrieved from /opt/airflow/dags/daily_chek.py
[2026-05-01T00:18:14.577+0000] {processor.py:208} INFO - Processing /opt/airflow/dags/daily_chek.py took 0.081 seconds
[2026-05-01T00:18:44.913+0000] {processor.py:186} INFO - Started process (PID=1752) to work on /opt/airflow/dags/daily_chek.py
[2026-05-01T00:18:44.921+0000] {processor.py:914} INFO - Processing file /opt/airflow/dags/daily_chek.py for tasks to queue
[2026-05-01T00:18:44.928+0000] {logging_mixin.py:190} INFO - [2026-05-01T00:18:44.927+0000] {dagbag.py:588} INFO - Filling up the DagBag from /opt/airflow/dags/daily_chek.py
[2026-05-01T00:18:44.940+0000] {logging_mixin.py:190} INFO - [2026-05-01T00:18:44.936+0000] {dagbag.py:387} ERROR - Failed to import: /opt/airflow/dags/daily_chek.py
Traceback (most recent call last):
  File "/home/airflow/.local/lib/python3.12/site-packages/airflow/models/dagbag.py", line 383, in parse
    loader.exec_module(new_module)
  File "<frozen importlib._bootstrap_external>", line 999, in exec_module
  File "<frozen importlib._bootstrap>", line 488, in _call_with_frames_removed
  File "/opt/airflow/dags/daily_chek.py", line 4, in <module>
    from pyspark.sql import SparkSession
ModuleNotFoundError: No module named 'pyspark'
[2026-05-01T00:18:44.942+0000] {processor.py:927} WARNING - No viable dags retrieved from /opt/airflow/dags/daily_chek.py
[2026-05-01T00:18:45.005+0000] {processor.py:208} INFO - Processing /opt/airflow/dags/daily_chek.py took 0.109 seconds
[2026-05-01T00:19:15.348+0000] {processor.py:186} INFO - Started process (PID=1768) to work on /opt/airflow/dags/daily_chek.py
[2026-05-01T00:19:15.350+0000] {processor.py:914} INFO - Processing file /opt/airflow/dags/daily_chek.py for tasks to queue
[2026-05-01T00:19:15.356+0000] {logging_mixin.py:190} INFO - [2026-05-01T00:19:15.355+0000] {dagbag.py:588} INFO - Filling up the DagBag from /opt/airflow/dags/daily_chek.py
[2026-05-01T00:19:15.366+0000] {logging_mixin.py:190} INFO - [2026-05-01T00:19:15.363+0000] {dagbag.py:387} ERROR - Failed to import: /opt/airflow/dags/daily_chek.py
Traceback (most recent call last):
  File "/home/airflow/.local/lib/python3.12/site-packages/airflow/models/dagbag.py", line 383, in parse
    loader.exec_module(new_module)
  File "<frozen importlib._bootstrap_external>", line 999, in exec_module
  File "<frozen importlib._bootstrap>", line 488, in _call_with_frames_removed
  File "/opt/airflow/dags/daily_chek.py", line 4, in <module>
    from pyspark.sql import SparkSession
ModuleNotFoundError: No module named 'pyspark'
[2026-05-01T00:19:15.367+0000] {processor.py:927} WARNING - No viable dags retrieved from /opt/airflow/dags/daily_chek.py
[2026-05-01T00:19:15.416+0000] {processor.py:208} INFO - Processing /opt/airflow/dags/daily_chek.py took 0.087 seconds
[2026-05-01T00:19:45.816+0000] {processor.py:186} INFO - Started process (PID=1784) to work on /opt/airflow/dags/daily_chek.py
[2026-05-01T00:19:45.818+0000] {processor.py:914} INFO - Processing file /opt/airflow/dags/daily_chek.py for tasks to queue
[2026-05-01T00:19:45.827+0000] {logging_mixin.py:190} INFO - [2026-05-01T00:19:45.825+0000] {dagbag.py:588} INFO - Filling up the DagBag from /opt/airflow/dags/daily_chek.py
[2026-05-01T00:19:45.844+0000] {logging_mixin.py:190} INFO - [2026-05-01T00:19:45.839+0000] {dagbag.py:387} ERROR - Failed to import: /opt/airflow/dags/daily_chek.py
Traceback (most recent call last):
  File "/home/airflow/.local/lib/python3.12/site-packages/airflow/models/dagbag.py", line 383, in parse
    loader.exec_module(new_module)
  File "<frozen importlib._bootstrap_external>", line 999, in exec_module
  File "<frozen importlib._bootstrap>", line 488, in _call_with_frames_removed
  File "/opt/airflow/dags/daily_chek.py", line 4, in <module>
    from pyspark.sql import SparkSession
ModuleNotFoundError: No module named 'pyspark'
[2026-05-01T00:19:45.846+0000] {processor.py:927} WARNING - No viable dags retrieved from /opt/airflow/dags/daily_chek.py
[2026-05-01T00:19:45.925+0000] {processor.py:208} INFO - Processing /opt/airflow/dags/daily_chek.py took 0.139 seconds
[2026-05-01T00:20:16.278+0000] {processor.py:186} INFO - Started process (PID=1800) to work on /opt/airflow/dags/daily_chek.py
[2026-05-01T00:20:16.280+0000] {processor.py:914} INFO - Processing file /opt/airflow/dags/daily_chek.py for tasks to queue
[2026-05-01T00:20:16.285+0000] {logging_mixin.py:190} INFO - [2026-05-01T00:20:16.284+0000] {dagbag.py:588} INFO - Filling up the DagBag from /opt/airflow/dags/daily_chek.py
[2026-05-01T00:20:16.295+0000] {logging_mixin.py:190} INFO - [2026-05-01T00:20:16.292+0000] {dagbag.py:387} ERROR - Failed to import: /opt/airflow/dags/daily_chek.py
Traceback (most recent call last):
  File "/home/airflow/.local/lib/python3.12/site-packages/airflow/models/dagbag.py", line 383, in parse
    loader.exec_module(new_module)
  File "<frozen importlib._bootstrap_external>", line 999, in exec_module
  File "<frozen importlib._bootstrap>", line 488, in _call_with_frames_removed
  File "/opt/airflow/dags/daily_chek.py", line 4, in <module>
    from pyspark.sql import SparkSession
ModuleNotFoundError: No module named 'pyspark'
[2026-05-01T00:20:16.296+0000] {processor.py:927} WARNING - No viable dags retrieved from /opt/airflow/dags/daily_chek.py
[2026-05-01T00:20:16.348+0000] {processor.py:208} INFO - Processing /opt/airflow/dags/daily_chek.py took 0.087 seconds
[2026-05-01T00:20:46.729+0000] {processor.py:186} INFO - Started process (PID=1816) to work on /opt/airflow/dags/daily_chek.py
[2026-05-01T00:20:46.738+0000] {processor.py:914} INFO - Processing file /opt/airflow/dags/daily_chek.py for tasks to queue
[2026-05-01T00:20:46.748+0000] {logging_mixin.py:190} INFO - [2026-05-01T00:20:46.747+0000] {dagbag.py:588} INFO - Filling up the DagBag from /opt/airflow/dags/daily_chek.py
[2026-05-01T00:20:46.764+0000] {logging_mixin.py:190} INFO - [2026-05-01T00:20:46.758+0000] {dagbag.py:387} ERROR - Failed to import: /opt/airflow/dags/daily_chek.py
Traceback (most recent call last):
  File "/home/airflow/.local/lib/python3.12/site-packages/airflow/models/dagbag.py", line 383, in parse
    loader.exec_module(new_module)
  File "<frozen importlib._bootstrap_external>", line 999, in exec_module
  File "<frozen importlib._bootstrap>", line 488, in _call_with_frames_removed
  File "/opt/airflow/dags/daily_chek.py", line 4, in <module>
    from pyspark.sql import SparkSession
ModuleNotFoundError: No module named 'pyspark'
[2026-05-01T00:20:46.766+0000] {processor.py:927} WARNING - No viable dags retrieved from /opt/airflow/dags/daily_chek.py
[2026-05-01T00:20:46.823+0000] {processor.py:208} INFO - Processing /opt/airflow/dags/daily_chek.py took 0.120 seconds
[2026-05-01T00:21:17.163+0000] {processor.py:186} INFO - Started process (PID=1832) to work on /opt/airflow/dags/daily_chek.py
[2026-05-01T00:21:17.165+0000] {processor.py:914} INFO - Processing file /opt/airflow/dags/daily_chek.py for tasks to queue
[2026-05-01T00:21:17.171+0000] {logging_mixin.py:190} INFO - [2026-05-01T00:21:17.170+0000] {dagbag.py:588} INFO - Filling up the DagBag from /opt/airflow/dags/daily_chek.py
[2026-05-01T00:21:17.179+0000] {logging_mixin.py:190} INFO - [2026-05-01T00:21:17.177+0000] {dagbag.py:387} ERROR - Failed to import: /opt/airflow/dags/daily_chek.py
Traceback (most recent call last):
  File "/home/airflow/.local/lib/python3.12/site-packages/airflow/models/dagbag.py", line 383, in parse
    loader.exec_module(new_module)
  File "<frozen importlib._bootstrap_external>", line 999, in exec_module
  File "<frozen importlib._bootstrap>", line 488, in _call_with_frames_removed
  File "/opt/airflow/dags/daily_chek.py", line 4, in <module>
    from pyspark.sql import SparkSession
ModuleNotFoundError: No module named 'pyspark'
[2026-05-01T00:21:17.180+0000] {processor.py:927} WARNING - No viable dags retrieved from /opt/airflow/dags/daily_chek.py
[2026-05-01T00:21:17.205+0000] {processor.py:208} INFO - Processing /opt/airflow/dags/daily_chek.py took 0.065 seconds
[2026-05-01T00:21:47.518+0000] {processor.py:186} INFO - Started process (PID=1848) to work on /opt/airflow/dags/daily_chek.py
[2026-05-01T00:21:47.525+0000] {processor.py:914} INFO - Processing file /opt/airflow/dags/daily_chek.py for tasks to queue
[2026-05-01T00:21:47.531+0000] {logging_mixin.py:190} INFO - [2026-05-01T00:21:47.530+0000] {dagbag.py:588} INFO - Filling up the DagBag from /opt/airflow/dags/daily_chek.py
[2026-05-01T00:21:47.541+0000] {logging_mixin.py:190} INFO - [2026-05-01T00:21:47.538+0000] {dagbag.py:387} ERROR - Failed to import: /opt/airflow/dags/daily_chek.py
Traceback (most recent call last):
  File "/home/airflow/.local/lib/python3.12/site-packages/airflow/models/dagbag.py", line 383, in parse
    loader.exec_module(new_module)
  File "<frozen importlib._bootstrap_external>", line 999, in exec_module
  File "<frozen importlib._bootstrap>", line 488, in _call_with_frames_removed
  File "/opt/airflow/dags/daily_chek.py", line 4, in <module>
    from pyspark.sql import SparkSession
ModuleNotFoundError: No module named 'pyspark'
[2026-05-01T00:21:47.542+0000] {processor.py:927} WARNING - No viable dags retrieved from /opt/airflow/dags/daily_chek.py
[2026-05-01T00:21:47.591+0000] {processor.py:208} INFO - Processing /opt/airflow/dags/daily_chek.py took 0.091 seconds
[2026-05-01T00:22:17.938+0000] {processor.py:186} INFO - Started process (PID=1864) to work on /opt/airflow/dags/daily_chek.py
[2026-05-01T00:22:17.940+0000] {processor.py:914} INFO - Processing file /opt/airflow/dags/daily_chek.py for tasks to queue
[2026-05-01T00:22:17.946+0000] {logging_mixin.py:190} INFO - [2026-05-01T00:22:17.945+0000] {dagbag.py:588} INFO - Filling up the DagBag from /opt/airflow/dags/daily_chek.py
[2026-05-01T00:22:17.955+0000] {logging_mixin.py:190} INFO - [2026-05-01T00:22:17.952+0000] {dagbag.py:387} ERROR - Failed to import: /opt/airflow/dags/daily_chek.py
Traceback (most recent call last):
  File "/home/airflow/.local/lib/python3.12/site-packages/airflow/models/dagbag.py", line 383, in parse
    loader.exec_module(new_module)
  File "<frozen importlib._bootstrap_external>", line 999, in exec_module
  File "<frozen importlib._bootstrap>", line 488, in _call_with_frames_removed
  File "/opt/airflow/dags/daily_chek.py", line 4, in <module>
    from pyspark.sql import SparkSession
ModuleNotFoundError: No module named 'pyspark'
[2026-05-01T00:22:17.956+0000] {processor.py:927} WARNING - No viable dags retrieved from /opt/airflow/dags/daily_chek.py
[2026-05-01T00:22:18.003+0000] {processor.py:208} INFO - Processing /opt/airflow/dags/daily_chek.py took 0.086 seconds
[2026-05-01T00:22:48.344+0000] {processor.py:186} INFO - Started process (PID=1880) to work on /opt/airflow/dags/daily_chek.py
[2026-05-01T00:22:48.351+0000] {processor.py:914} INFO - Processing file /opt/airflow/dags/daily_chek.py for tasks to queue
[2026-05-01T00:22:48.357+0000] {logging_mixin.py:190} INFO - [2026-05-01T00:22:48.356+0000] {dagbag.py:588} INFO - Filling up the DagBag from /opt/airflow/dags/daily_chek.py
[2026-05-01T00:22:48.366+0000] {logging_mixin.py:190} INFO - [2026-05-01T00:22:48.363+0000] {dagbag.py:387} ERROR - Failed to import: /opt/airflow/dags/daily_chek.py
Traceback (most recent call last):
  File "/home/airflow/.local/lib/python3.12/site-packages/airflow/models/dagbag.py", line 383, in parse
    loader.exec_module(new_module)
  File "<frozen importlib._bootstrap_external>", line 999, in exec_module
  File "<frozen importlib._bootstrap>", line 488, in _call_with_frames_removed
  File "/opt/airflow/dags/daily_chek.py", line 4, in <module>
    from pyspark.sql import SparkSession
ModuleNotFoundError: No module named 'pyspark'
[2026-05-01T00:22:48.367+0000] {processor.py:927} WARNING - No viable dags retrieved from /opt/airflow/dags/daily_chek.py
[2026-05-01T00:22:48.418+0000] {processor.py:208} INFO - Processing /opt/airflow/dags/daily_chek.py took 0.091 seconds
[2026-05-01T00:23:18.754+0000] {processor.py:186} INFO - Started process (PID=1896) to work on /opt/airflow/dags/daily_chek.py
[2026-05-01T00:23:18.757+0000] {processor.py:914} INFO - Processing file /opt/airflow/dags/daily_chek.py for tasks to queue
[2026-05-01T00:23:18.763+0000] {logging_mixin.py:190} INFO - [2026-05-01T00:23:18.762+0000] {dagbag.py:588} INFO - Filling up the DagBag from /opt/airflow/dags/daily_chek.py
[2026-05-01T00:23:18.774+0000] {logging_mixin.py:190} INFO - [2026-05-01T00:23:18.770+0000] {dagbag.py:387} ERROR - Failed to import: /opt/airflow/dags/daily_chek.py
Traceback (most recent call last):
  File "/home/airflow/.local/lib/python3.12/site-packages/airflow/models/dagbag.py", line 383, in parse
    loader.exec_module(new_module)
  File "<frozen importlib._bootstrap_external>", line 999, in exec_module
  File "<frozen importlib._bootstrap>", line 488, in _call_with_frames_removed
  File "/opt/airflow/dags/daily_chek.py", line 4, in <module>
    from pyspark.sql import SparkSession
ModuleNotFoundError: No module named 'pyspark'
[2026-05-01T00:23:18.775+0000] {processor.py:927} WARNING - No viable dags retrieved from /opt/airflow/dags/daily_chek.py
[2026-05-01T00:23:18.832+0000] {processor.py:208} INFO - Processing /opt/airflow/dags/daily_chek.py took 0.104 seconds
[2026-05-01T00:23:49.167+0000] {processor.py:186} INFO - Started process (PID=1912) to work on /opt/airflow/dags/daily_chek.py
[2026-05-01T00:23:49.175+0000] {processor.py:914} INFO - Processing file /opt/airflow/dags/daily_chek.py for tasks to queue
[2026-05-01T00:23:49.181+0000] {logging_mixin.py:190} INFO - [2026-05-01T00:23:49.180+0000] {dagbag.py:588} INFO - Filling up the DagBag from /opt/airflow/dags/daily_chek.py
[2026-05-01T00:23:49.191+0000] {logging_mixin.py:190} INFO - [2026-05-01T00:23:49.188+0000] {dagbag.py:387} ERROR - Failed to import: /opt/airflow/dags/daily_chek.py
Traceback (most recent call last):
  File "/home/airflow/.local/lib/python3.12/site-packages/airflow/models/dagbag.py", line 383, in parse
    loader.exec_module(new_module)
  File "<frozen importlib._bootstrap_external>", line 999, in exec_module
  File "<frozen importlib._bootstrap>", line 488, in _call_with_frames_removed
  File "/opt/airflow/dags/daily_chek.py", line 4, in <module>
    from pyspark.sql import SparkSession
ModuleNotFoundError: No module named 'pyspark'
[2026-05-01T00:23:49.193+0000] {processor.py:927} WARNING - No viable dags retrieved from /opt/airflow/dags/daily_chek.py
[2026-05-01T00:23:49.241+0000] {processor.py:208} INFO - Processing /opt/airflow/dags/daily_chek.py took 0.091 seconds
[2026-05-01T00:24:19.594+0000] {processor.py:186} INFO - Started process (PID=1928) to work on /opt/airflow/dags/daily_chek.py
[2026-05-01T00:24:19.597+0000] {processor.py:914} INFO - Processing file /opt/airflow/dags/daily_chek.py for tasks to queue
[2026-05-01T00:24:19.605+0000] {logging_mixin.py:190} INFO - [2026-05-01T00:24:19.603+0000] {dagbag.py:588} INFO - Filling up the DagBag from /opt/airflow/dags/daily_chek.py
[2026-05-01T00:24:19.618+0000] {logging_mixin.py:190} INFO - [2026-05-01T00:24:19.613+0000] {dagbag.py:387} ERROR - Failed to import: /opt/airflow/dags/daily_chek.py
Traceback (most recent call last):
  File "/home/airflow/.local/lib/python3.12/site-packages/airflow/models/dagbag.py", line 383, in parse
    loader.exec_module(new_module)
  File "<frozen importlib._bootstrap_external>", line 999, in exec_module
  File "<frozen importlib._bootstrap>", line 488, in _call_with_frames_removed
  File "/opt/airflow/dags/daily_chek.py", line 4, in <module>
    from pyspark.sql import SparkSession
ModuleNotFoundError: No module named 'pyspark'
[2026-05-01T00:24:19.620+0000] {processor.py:927} WARNING - No viable dags retrieved from /opt/airflow/dags/daily_chek.py
[2026-05-01T00:24:19.665+0000] {processor.py:208} INFO - Processing /opt/airflow/dags/daily_chek.py took 0.092 seconds
[2026-05-01T00:24:49.987+0000] {processor.py:186} INFO - Started process (PID=1944) to work on /opt/airflow/dags/daily_chek.py
[2026-05-01T00:24:49.994+0000] {processor.py:914} INFO - Processing file /opt/airflow/dags/daily_chek.py for tasks to queue
[2026-05-01T00:24:49.998+0000] {logging_mixin.py:190} INFO - [2026-05-01T00:24:49.997+0000] {dagbag.py:588} INFO - Filling up the DagBag from /opt/airflow/dags/daily_chek.py
[2026-05-01T00:24:50.005+0000] {logging_mixin.py:190} INFO - [2026-05-01T00:24:50.002+0000] {dagbag.py:387} ERROR - Failed to import: /opt/airflow/dags/daily_chek.py
Traceback (most recent call last):
  File "/home/airflow/.local/lib/python3.12/site-packages/airflow/models/dagbag.py", line 383, in parse
    loader.exec_module(new_module)
  File "<frozen importlib._bootstrap_external>", line 999, in exec_module
  File "<frozen importlib._bootstrap>", line 488, in _call_with_frames_removed
  File "/opt/airflow/dags/daily_chek.py", line 4, in <module>
    from pyspark.sql import SparkSession
ModuleNotFoundError: No module named 'pyspark'
[2026-05-01T00:24:50.006+0000] {processor.py:927} WARNING - No viable dags retrieved from /opt/airflow/dags/daily_chek.py
[2026-05-01T00:24:50.039+0000] {processor.py:208} INFO - Processing /opt/airflow/dags/daily_chek.py took 0.061 seconds
[2026-05-01T00:25:20.368+0000] {processor.py:186} INFO - Started process (PID=1960) to work on /opt/airflow/dags/daily_chek.py
[2026-05-01T00:25:20.370+0000] {processor.py:914} INFO - Processing file /opt/airflow/dags/daily_chek.py for tasks to queue
[2026-05-01T00:25:20.376+0000] {logging_mixin.py:190} INFO - [2026-05-01T00:25:20.375+0000] {dagbag.py:588} INFO - Filling up the DagBag from /opt/airflow/dags/daily_chek.py
[2026-05-01T00:25:20.389+0000] {logging_mixin.py:190} INFO - [2026-05-01T00:25:20.383+0000] {dagbag.py:387} ERROR - Failed to import: /opt/airflow/dags/daily_chek.py
Traceback (most recent call last):
  File "/home/airflow/.local/lib/python3.12/site-packages/airflow/models/dagbag.py", line 383, in parse
    loader.exec_module(new_module)
  File "<frozen importlib._bootstrap_external>", line 999, in exec_module
  File "<frozen importlib._bootstrap>", line 488, in _call_with_frames_removed
  File "/opt/airflow/dags/daily_chek.py", line 4, in <module>
    from pyspark.sql import SparkSession
ModuleNotFoundError: No module named 'pyspark'
[2026-05-01T00:25:20.391+0000] {processor.py:927} WARNING - No viable dags retrieved from /opt/airflow/dags/daily_chek.py
[2026-05-01T00:25:20.453+0000] {processor.py:208} INFO - Processing /opt/airflow/dags/daily_chek.py took 0.109 seconds
[2026-05-01T00:25:50.792+0000] {processor.py:186} INFO - Started process (PID=1976) to work on /opt/airflow/dags/daily_chek.py
[2026-05-01T00:25:50.796+0000] {processor.py:914} INFO - Processing file /opt/airflow/dags/daily_chek.py for tasks to queue
[2026-05-01T00:25:50.802+0000] {logging_mixin.py:190} INFO - [2026-05-01T00:25:50.801+0000] {dagbag.py:588} INFO - Filling up the DagBag from /opt/airflow/dags/daily_chek.py
[2026-05-01T00:25:50.813+0000] {logging_mixin.py:190} INFO - [2026-05-01T00:25:50.809+0000] {dagbag.py:387} ERROR - Failed to import: /opt/airflow/dags/daily_chek.py
Traceback (most recent call last):
  File "/home/airflow/.local/lib/python3.12/site-packages/airflow/models/dagbag.py", line 383, in parse
    loader.exec_module(new_module)
  File "<frozen importlib._bootstrap_external>", line 999, in exec_module
  File "<frozen importlib._bootstrap>", line 488, in _call_with_frames_removed
  File "/opt/airflow/dags/daily_chek.py", line 4, in <module>
    from pyspark.sql import SparkSession
ModuleNotFoundError: No module named 'pyspark'
[2026-05-01T00:25:50.814+0000] {processor.py:927} WARNING - No viable dags retrieved from /opt/airflow/dags/daily_chek.py
[2026-05-01T00:25:50.862+0000] {processor.py:208} INFO - Processing /opt/airflow/dags/daily_chek.py took 0.087 seconds
[2026-05-01T00:26:21.214+0000] {processor.py:186} INFO - Started process (PID=1992) to work on /opt/airflow/dags/daily_chek.py
[2026-05-01T00:26:21.216+0000] {processor.py:914} INFO - Processing file /opt/airflow/dags/daily_chek.py for tasks to queue
[2026-05-01T00:26:21.224+0000] {logging_mixin.py:190} INFO - [2026-05-01T00:26:21.222+0000] {dagbag.py:588} INFO - Filling up the DagBag from /opt/airflow/dags/daily_chek.py
[2026-05-01T00:26:21.237+0000] {logging_mixin.py:190} INFO - [2026-05-01T00:26:21.233+0000] {dagbag.py:387} ERROR - Failed to import: /opt/airflow/dags/daily_chek.py
Traceback (most recent call last):
  File "/home/airflow/.local/lib/python3.12/site-packages/airflow/models/dagbag.py", line 383, in parse
    loader.exec_module(new_module)
  File "<frozen importlib._bootstrap_external>", line 999, in exec_module
  File "<frozen importlib._bootstrap>", line 488, in _call_with_frames_removed
  File "/opt/airflow/dags/daily_chek.py", line 4, in <module>
    from pyspark.sql import SparkSession
ModuleNotFoundError: No module named 'pyspark'
[2026-05-01T00:26:21.239+0000] {processor.py:927} WARNING - No viable dags retrieved from /opt/airflow/dags/daily_chek.py
[2026-05-01T00:26:21.297+0000] {processor.py:208} INFO - Processing /opt/airflow/dags/daily_chek.py took 0.103 seconds
[2026-05-01T00:26:51.666+0000] {processor.py:186} INFO - Started process (PID=2008) to work on /opt/airflow/dags/daily_chek.py
[2026-05-01T00:26:51.669+0000] {processor.py:914} INFO - Processing file /opt/airflow/dags/daily_chek.py for tasks to queue
[2026-05-01T00:26:51.676+0000] {logging_mixin.py:190} INFO - [2026-05-01T00:26:51.675+0000] {dagbag.py:588} INFO - Filling up the DagBag from /opt/airflow/dags/daily_chek.py
[2026-05-01T00:26:51.687+0000] {logging_mixin.py:190} INFO - [2026-05-01T00:26:51.683+0000] {dagbag.py:387} ERROR - Failed to import: /opt/airflow/dags/daily_chek.py
Traceback (most recent call last):
  File "/home/airflow/.local/lib/python3.12/site-packages/airflow/models/dagbag.py", line 383, in parse
    loader.exec_module(new_module)
  File "<frozen importlib._bootstrap_external>", line 999, in exec_module
  File "<frozen importlib._bootstrap>", line 488, in _call_with_frames_removed
  File "/opt/airflow/dags/daily_chek.py", line 4, in <module>
    from pyspark.sql import SparkSession
ModuleNotFoundError: No module named 'pyspark'
[2026-05-01T00:26:51.689+0000] {processor.py:927} WARNING - No viable dags retrieved from /opt/airflow/dags/daily_chek.py
[2026-05-01T00:26:51.748+0000] {processor.py:208} INFO - Processing /opt/airflow/dags/daily_chek.py took 0.103 seconds
[2026-05-01T00:27:22.141+0000] {processor.py:186} INFO - Started process (PID=2024) to work on /opt/airflow/dags/daily_chek.py
[2026-05-01T00:27:22.144+0000] {processor.py:914} INFO - Processing file /opt/airflow/dags/daily_chek.py for tasks to queue
[2026-05-01T00:27:22.154+0000] {logging_mixin.py:190} INFO - [2026-05-01T00:27:22.152+0000] {dagbag.py:588} INFO - Filling up the DagBag from /opt/airflow/dags/daily_chek.py
[2026-05-01T00:27:22.169+0000] {logging_mixin.py:190} INFO - [2026-05-01T00:27:22.164+0000] {dagbag.py:387} ERROR - Failed to import: /opt/airflow/dags/daily_chek.py
Traceback (most recent call last):
  File "/home/airflow/.local/lib/python3.12/site-packages/airflow/models/dagbag.py", line 383, in parse
    loader.exec_module(new_module)
  File "<frozen importlib._bootstrap_external>", line 999, in exec_module
  File "<frozen importlib._bootstrap>", line 488, in _call_with_frames_removed
  File "/opt/airflow/dags/daily_chek.py", line 4, in <module>
    from pyspark.sql import SparkSession
ModuleNotFoundError: No module named 'pyspark'
[2026-05-01T00:27:22.170+0000] {processor.py:927} WARNING - No viable dags retrieved from /opt/airflow/dags/daily_chek.py
[2026-05-01T00:27:22.227+0000] {processor.py:208} INFO - Processing /opt/airflow/dags/daily_chek.py took 0.115 seconds
[2026-05-01T00:27:52.607+0000] {processor.py:186} INFO - Started process (PID=2040) to work on /opt/airflow/dags/daily_chek.py
[2026-05-01T00:27:52.609+0000] {processor.py:914} INFO - Processing file /opt/airflow/dags/daily_chek.py for tasks to queue
[2026-05-01T00:27:52.615+0000] {logging_mixin.py:190} INFO - [2026-05-01T00:27:52.614+0000] {dagbag.py:588} INFO - Filling up the DagBag from /opt/airflow/dags/daily_chek.py
[2026-05-01T00:27:52.644+0000] {logging_mixin.py:190} INFO - [2026-05-01T00:27:52.640+0000] {dagbag.py:387} ERROR - Failed to import: /opt/airflow/dags/daily_chek.py
Traceback (most recent call last):
  File "/home/airflow/.local/lib/python3.12/site-packages/airflow/models/dagbag.py", line 383, in parse
    loader.exec_module(new_module)
  File "<frozen importlib._bootstrap_external>", line 999, in exec_module
  File "<frozen importlib._bootstrap>", line 488, in _call_with_frames_removed
  File "/opt/airflow/dags/daily_chek.py", line 4, in <module>
    from pyspark.sql import SparkSession
ModuleNotFoundError: No module named 'pyspark'
[2026-05-01T00:27:52.645+0000] {processor.py:927} WARNING - No viable dags retrieved from /opt/airflow/dags/daily_chek.py
[2026-05-01T00:27:52.701+0000] {processor.py:208} INFO - Processing /opt/airflow/dags/daily_chek.py took 0.115 seconds
[2026-05-01T00:28:23.101+0000] {processor.py:186} INFO - Started process (PID=2056) to work on /opt/airflow/dags/daily_chek.py
[2026-05-01T00:28:23.104+0000] {processor.py:914} INFO - Processing file /opt/airflow/dags/daily_chek.py for tasks to queue
[2026-05-01T00:28:23.110+0000] {logging_mixin.py:190} INFO - [2026-05-01T00:28:23.109+0000] {dagbag.py:588} INFO - Filling up the DagBag from /opt/airflow/dags/daily_chek.py
[2026-05-01T00:28:23.140+0000] {logging_mixin.py:190} INFO - [2026-05-01T00:28:23.137+0000] {dagbag.py:387} ERROR - Failed to import: /opt/airflow/dags/daily_chek.py
Traceback (most recent call last):
  File "/home/airflow/.local/lib/python3.12/site-packages/airflow/models/dagbag.py", line 383, in parse
    loader.exec_module(new_module)
  File "<frozen importlib._bootstrap_external>", line 999, in exec_module
  File "<frozen importlib._bootstrap>", line 488, in _call_with_frames_removed
  File "/opt/airflow/dags/daily_chek.py", line 4, in <module>
    from pyspark.sql import SparkSession
ModuleNotFoundError: No module named 'pyspark'
[2026-05-01T00:28:23.142+0000] {processor.py:927} WARNING - No viable dags retrieved from /opt/airflow/dags/daily_chek.py
[2026-05-01T00:28:23.197+0000] {processor.py:208} INFO - Processing /opt/airflow/dags/daily_chek.py took 0.122 seconds
[2026-05-01T00:28:53.572+0000] {processor.py:186} INFO - Started process (PID=2072) to work on /opt/airflow/dags/daily_chek.py
[2026-05-01T00:28:53.579+0000] {processor.py:914} INFO - Processing file /opt/airflow/dags/daily_chek.py for tasks to queue
[2026-05-01T00:28:53.588+0000] {logging_mixin.py:190} INFO - [2026-05-01T00:28:53.586+0000] {dagbag.py:588} INFO - Filling up the DagBag from /opt/airflow/dags/daily_chek.py
[2026-05-01T00:28:53.621+0000] {logging_mixin.py:190} INFO - [2026-05-01T00:28:53.617+0000] {dagbag.py:387} ERROR - Failed to import: /opt/airflow/dags/daily_chek.py
Traceback (most recent call last):
  File "/home/airflow/.local/lib/python3.12/site-packages/airflow/models/dagbag.py", line 383, in parse
    loader.exec_module(new_module)
  File "<frozen importlib._bootstrap_external>", line 999, in exec_module
  File "<frozen importlib._bootstrap>", line 488, in _call_with_frames_removed
  File "/opt/airflow/dags/daily_chek.py", line 4, in <module>
    from pyspark.sql import SparkSession
ModuleNotFoundError: No module named 'pyspark'
[2026-05-01T00:28:53.623+0000] {processor.py:927} WARNING - No viable dags retrieved from /opt/airflow/dags/daily_chek.py
[2026-05-01T00:28:53.681+0000] {processor.py:208} INFO - Processing /opt/airflow/dags/daily_chek.py took 0.131 seconds
[2026-05-01T00:29:24.111+0000] {processor.py:186} INFO - Started process (PID=2088) to work on /opt/airflow/dags/daily_chek.py
[2026-05-01T00:29:24.113+0000] {processor.py:914} INFO - Processing file /opt/airflow/dags/daily_chek.py for tasks to queue
[2026-05-01T00:29:24.120+0000] {logging_mixin.py:190} INFO - [2026-05-01T00:29:24.119+0000] {dagbag.py:588} INFO - Filling up the DagBag from /opt/airflow/dags/daily_chek.py
[2026-05-01T00:29:24.130+0000] {logging_mixin.py:190} INFO - [2026-05-01T00:29:24.127+0000] {dagbag.py:387} ERROR - Failed to import: /opt/airflow/dags/daily_chek.py
Traceback (most recent call last):
  File "/home/airflow/.local/lib/python3.12/site-packages/airflow/models/dagbag.py", line 383, in parse
    loader.exec_module(new_module)
  File "<frozen importlib._bootstrap_external>", line 999, in exec_module
  File "<frozen importlib._bootstrap>", line 488, in _call_with_frames_removed
  File "/opt/airflow/dags/daily_chek.py", line 4, in <module>
    from pyspark.sql import SparkSession
ModuleNotFoundError: No module named 'pyspark'
[2026-05-01T00:29:24.131+0000] {processor.py:927} WARNING - No viable dags retrieved from /opt/airflow/dags/daily_chek.py
[2026-05-01T00:29:24.173+0000] {processor.py:208} INFO - Processing /opt/airflow/dags/daily_chek.py took 0.095 seconds
[2026-05-01T00:29:54.542+0000] {processor.py:186} INFO - Started process (PID=2104) to work on /opt/airflow/dags/daily_chek.py
[2026-05-01T00:29:54.545+0000] {processor.py:914} INFO - Processing file /opt/airflow/dags/daily_chek.py for tasks to queue
[2026-05-01T00:29:54.553+0000] {logging_mixin.py:190} INFO - [2026-05-01T00:29:54.551+0000] {dagbag.py:588} INFO - Filling up the DagBag from /opt/airflow/dags/daily_chek.py
[2026-05-01T00:29:54.567+0000] {logging_mixin.py:190} INFO - [2026-05-01T00:29:54.562+0000] {dagbag.py:387} ERROR - Failed to import: /opt/airflow/dags/daily_chek.py
Traceback (most recent call last):
  File "/home/airflow/.local/lib/python3.12/site-packages/airflow/models/dagbag.py", line 383, in parse
    loader.exec_module(new_module)
  File "<frozen importlib._bootstrap_external>", line 999, in exec_module
  File "<frozen importlib._bootstrap>", line 488, in _call_with_frames_removed
  File "/opt/airflow/dags/daily_chek.py", line 4, in <module>
    from pyspark.sql import SparkSession
ModuleNotFoundError: No module named 'pyspark'
[2026-05-01T00:29:54.569+0000] {processor.py:927} WARNING - No viable dags retrieved from /opt/airflow/dags/daily_chek.py
[2026-05-01T00:29:54.621+0000] {processor.py:208} INFO - Processing /opt/airflow/dags/daily_chek.py took 0.100 seconds
[2026-05-01T00:30:24.983+0000] {processor.py:186} INFO - Started process (PID=2120) to work on /opt/airflow/dags/daily_chek.py
[2026-05-01T00:30:24.985+0000] {processor.py:914} INFO - Processing file /opt/airflow/dags/daily_chek.py for tasks to queue
[2026-05-01T00:30:24.992+0000] {logging_mixin.py:190} INFO - [2026-05-01T00:30:24.991+0000] {dagbag.py:588} INFO - Filling up the DagBag from /opt/airflow/dags/daily_chek.py
[2026-05-01T00:30:25.004+0000] {logging_mixin.py:190} INFO - [2026-05-01T00:30:25.000+0000] {dagbag.py:387} ERROR - Failed to import: /opt/airflow/dags/daily_chek.py
Traceback (most recent call last):
  File "/home/airflow/.local/lib/python3.12/site-packages/airflow/models/dagbag.py", line 383, in parse
    loader.exec_module(new_module)
  File "<frozen importlib._bootstrap_external>", line 999, in exec_module
  File "<frozen importlib._bootstrap>", line 488, in _call_with_frames_removed
  File "/opt/airflow/dags/daily_chek.py", line 4, in <module>
    from pyspark.sql import SparkSession
ModuleNotFoundError: No module named 'pyspark'
[2026-05-01T00:30:25.005+0000] {processor.py:927} WARNING - No viable dags retrieved from /opt/airflow/dags/daily_chek.py
[2026-05-01T00:30:25.065+0000] {processor.py:208} INFO - Processing /opt/airflow/dags/daily_chek.py took 0.101 seconds
[2026-05-01T00:30:55.419+0000] {processor.py:186} INFO - Started process (PID=2136) to work on /opt/airflow/dags/daily_chek.py
[2026-05-01T00:30:55.422+0000] {processor.py:914} INFO - Processing file /opt/airflow/dags/daily_chek.py for tasks to queue
[2026-05-01T00:30:55.428+0000] {logging_mixin.py:190} INFO - [2026-05-01T00:30:55.427+0000] {dagbag.py:588} INFO - Filling up the DagBag from /opt/airflow/dags/daily_chek.py
[2026-05-01T00:30:55.438+0000] {logging_mixin.py:190} INFO - [2026-05-01T00:30:55.434+0000] {dagbag.py:387} ERROR - Failed to import: /opt/airflow/dags/daily_chek.py
Traceback (most recent call last):
  File "/home/airflow/.local/lib/python3.12/site-packages/airflow/models/dagbag.py", line 383, in parse
    loader.exec_module(new_module)
  File "<frozen importlib._bootstrap_external>", line 999, in exec_module
  File "<frozen importlib._bootstrap>", line 488, in _call_with_frames_removed
  File "/opt/airflow/dags/daily_chek.py", line 4, in <module>
    from pyspark.sql import SparkSession
ModuleNotFoundError: No module named 'pyspark'
[2026-05-01T00:30:55.439+0000] {processor.py:927} WARNING - No viable dags retrieved from /opt/airflow/dags/daily_chek.py
[2026-05-01T00:30:55.490+0000] {processor.py:208} INFO - Processing /opt/airflow/dags/daily_chek.py took 0.089 seconds
[2026-05-01T00:31:25.831+0000] {processor.py:186} INFO - Started process (PID=2152) to work on /opt/airflow/dags/daily_chek.py
[2026-05-01T00:31:25.832+0000] {processor.py:914} INFO - Processing file /opt/airflow/dags/daily_chek.py for tasks to queue
[2026-05-01T00:31:25.838+0000] {logging_mixin.py:190} INFO - [2026-05-01T00:31:25.837+0000] {dagbag.py:588} INFO - Filling up the DagBag from /opt/airflow/dags/daily_chek.py
[2026-05-01T00:31:25.847+0000] {logging_mixin.py:190} INFO - [2026-05-01T00:31:25.844+0000] {dagbag.py:387} ERROR - Failed to import: /opt/airflow/dags/daily_chek.py
Traceback (most recent call last):
  File "/home/airflow/.local/lib/python3.12/site-packages/airflow/models/dagbag.py", line 383, in parse
    loader.exec_module(new_module)
  File "<frozen importlib._bootstrap_external>", line 999, in exec_module
  File "<frozen importlib._bootstrap>", line 488, in _call_with_frames_removed
  File "/opt/airflow/dags/daily_chek.py", line 4, in <module>
    from pyspark.sql import SparkSession
ModuleNotFoundError: No module named 'pyspark'
[2026-05-01T00:31:25.848+0000] {processor.py:927} WARNING - No viable dags retrieved from /opt/airflow/dags/daily_chek.py
[2026-05-01T00:31:25.893+0000] {processor.py:208} INFO - Processing /opt/airflow/dags/daily_chek.py took 0.078 seconds
[2026-05-01T00:31:56.241+0000] {processor.py:186} INFO - Started process (PID=2168) to work on /opt/airflow/dags/daily_chek.py
[2026-05-01T00:31:56.244+0000] {processor.py:914} INFO - Processing file /opt/airflow/dags/daily_chek.py for tasks to queue
[2026-05-01T00:31:56.252+0000] {logging_mixin.py:190} INFO - [2026-05-01T00:31:56.251+0000] {dagbag.py:588} INFO - Filling up the DagBag from /opt/airflow/dags/daily_chek.py
[2026-05-01T00:31:56.262+0000] {logging_mixin.py:190} INFO - [2026-05-01T00:31:56.259+0000] {dagbag.py:387} ERROR - Failed to import: /opt/airflow/dags/daily_chek.py
Traceback (most recent call last):
  File "/home/airflow/.local/lib/python3.12/site-packages/airflow/models/dagbag.py", line 383, in parse
    loader.exec_module(new_module)
  File "<frozen importlib._bootstrap_external>", line 999, in exec_module
  File "<frozen importlib._bootstrap>", line 488, in _call_with_frames_removed
  File "/opt/airflow/dags/daily_chek.py", line 4, in <module>
    from pyspark.sql import SparkSession
ModuleNotFoundError: No module named 'pyspark'
[2026-05-01T00:31:56.263+0000] {processor.py:927} WARNING - No viable dags retrieved from /opt/airflow/dags/daily_chek.py
[2026-05-01T00:31:56.312+0000] {processor.py:208} INFO - Processing /opt/airflow/dags/daily_chek.py took 0.093 seconds
[2026-05-01T17:41:52.856+0000] {processor.py:186} INFO - Started process (PID=179) to work on /opt/airflow/dags/daily_chek.py
[2026-05-01T17:41:52.857+0000] {processor.py:914} INFO - Processing file /opt/airflow/dags/daily_chek.py for tasks to queue
[2026-05-01T17:41:52.860+0000] {logging_mixin.py:190} INFO - [2026-05-01T17:41:52.860+0000] {dagbag.py:588} INFO - Filling up the DagBag from /opt/airflow/dags/daily_chek.py
[2026-05-01T17:41:52.866+0000] {logging_mixin.py:190} INFO - [2026-05-01T17:41:52.863+0000] {dagbag.py:387} ERROR - Failed to import: /opt/airflow/dags/daily_chek.py
Traceback (most recent call last):
  File "/home/airflow/.local/lib/python3.12/site-packages/airflow/models/dagbag.py", line 383, in parse
    loader.exec_module(new_module)
  File "<frozen importlib._bootstrap_external>", line 999, in exec_module
  File "<frozen importlib._bootstrap>", line 488, in _call_with_frames_removed
  File "/opt/airflow/dags/daily_chek.py", line 4, in <module>
    from pyspark.sql import SparkSession
ModuleNotFoundError: No module named 'pyspark'
[2026-05-01T17:41:52.866+0000] {processor.py:927} WARNING - No viable dags retrieved from /opt/airflow/dags/daily_chek.py
[2026-05-01T17:41:52.884+0000] {processor.py:208} INFO - Processing /opt/airflow/dags/daily_chek.py took 0.035 seconds
[2026-05-01T17:42:23.148+0000] {processor.py:186} INFO - Started process (PID=221) to work on /opt/airflow/dags/daily_chek.py
[2026-05-01T17:42:23.150+0000] {processor.py:914} INFO - Processing file /opt/airflow/dags/daily_chek.py for tasks to queue
[2026-05-01T17:42:23.156+0000] {logging_mixin.py:190} INFO - [2026-05-01T17:42:23.155+0000] {dagbag.py:588} INFO - Filling up the DagBag from /opt/airflow/dags/daily_chek.py
[2026-05-01T17:42:23.167+0000] {logging_mixin.py:190} INFO - [2026-05-01T17:42:23.163+0000] {dagbag.py:387} ERROR - Failed to import: /opt/airflow/dags/daily_chek.py
Traceback (most recent call last):
  File "/home/airflow/.local/lib/python3.12/site-packages/airflow/models/dagbag.py", line 383, in parse
    loader.exec_module(new_module)
  File "<frozen importlib._bootstrap_external>", line 999, in exec_module
  File "<frozen importlib._bootstrap>", line 488, in _call_with_frames_removed
  File "/opt/airflow/dags/daily_chek.py", line 4, in <module>
    from pyspark.sql import SparkSession
ModuleNotFoundError: No module named 'pyspark'
[2026-05-01T17:42:23.169+0000] {processor.py:927} WARNING - No viable dags retrieved from /opt/airflow/dags/daily_chek.py
[2026-05-01T17:42:23.215+0000] {processor.py:208} INFO - Processing /opt/airflow/dags/daily_chek.py took 0.083 seconds
[2026-05-01T17:42:53.533+0000] {processor.py:186} INFO - Started process (PID=237) to work on /opt/airflow/dags/daily_chek.py
[2026-05-01T17:42:53.540+0000] {processor.py:914} INFO - Processing file /opt/airflow/dags/daily_chek.py for tasks to queue
[2026-05-01T17:42:53.546+0000] {logging_mixin.py:190} INFO - [2026-05-01T17:42:53.545+0000] {dagbag.py:588} INFO - Filling up the DagBag from /opt/airflow/dags/daily_chek.py
[2026-05-01T17:42:53.555+0000] {logging_mixin.py:190} INFO - [2026-05-01T17:42:53.552+0000] {dagbag.py:387} ERROR - Failed to import: /opt/airflow/dags/daily_chek.py
Traceback (most recent call last):
  File "/home/airflow/.local/lib/python3.12/site-packages/airflow/models/dagbag.py", line 383, in parse
    loader.exec_module(new_module)
  File "<frozen importlib._bootstrap_external>", line 999, in exec_module
  File "<frozen importlib._bootstrap>", line 488, in _call_with_frames_removed
  File "/opt/airflow/dags/daily_chek.py", line 4, in <module>
    from pyspark.sql import SparkSession
ModuleNotFoundError: No module named 'pyspark'
[2026-05-01T17:42:53.557+0000] {processor.py:927} WARNING - No viable dags retrieved from /opt/airflow/dags/daily_chek.py
[2026-05-01T17:42:53.604+0000] {processor.py:208} INFO - Processing /opt/airflow/dags/daily_chek.py took 0.088 seconds
[2026-05-01T17:43:23.899+0000] {processor.py:186} INFO - Started process (PID=253) to work on /opt/airflow/dags/daily_chek.py
[2026-05-01T17:43:23.906+0000] {processor.py:914} INFO - Processing file /opt/airflow/dags/daily_chek.py for tasks to queue
[2026-05-01T17:43:23.907+0000] {logging_mixin.py:190} INFO - [2026-05-01T17:43:23.907+0000] {dagbag.py:588} INFO - Filling up the DagBag from /opt/airflow/dags/daily_chek.py
[2026-05-01T17:43:23.910+0000] {logging_mixin.py:190} INFO - [2026-05-01T17:43:23.909+0000] {dagbag.py:387} ERROR - Failed to import: /opt/airflow/dags/daily_chek.py
Traceback (most recent call last):
  File "/home/airflow/.local/lib/python3.12/site-packages/airflow/models/dagbag.py", line 383, in parse
    loader.exec_module(new_module)
  File "<frozen importlib._bootstrap_external>", line 999, in exec_module
  File "<frozen importlib._bootstrap>", line 488, in _call_with_frames_removed
  File "/opt/airflow/dags/daily_chek.py", line 4, in <module>
    from pyspark.sql import SparkSession
ModuleNotFoundError: No module named 'pyspark'
[2026-05-01T17:43:23.911+0000] {processor.py:927} WARNING - No viable dags retrieved from /opt/airflow/dags/daily_chek.py
[2026-05-01T17:43:23.931+0000] {processor.py:208} INFO - Processing /opt/airflow/dags/daily_chek.py took 0.037 seconds
[2026-05-01T17:43:54.219+0000] {processor.py:186} INFO - Started process (PID=269) to work on /opt/airflow/dags/daily_chek.py
[2026-05-01T17:43:54.219+0000] {processor.py:914} INFO - Processing file /opt/airflow/dags/daily_chek.py for tasks to queue
[2026-05-01T17:43:54.221+0000] {logging_mixin.py:190} INFO - [2026-05-01T17:43:54.221+0000] {dagbag.py:588} INFO - Filling up the DagBag from /opt/airflow/dags/daily_chek.py
[2026-05-01T17:43:54.224+0000] {logging_mixin.py:190} INFO - [2026-05-01T17:43:54.223+0000] {dagbag.py:387} ERROR - Failed to import: /opt/airflow/dags/daily_chek.py
Traceback (most recent call last):
  File "/home/airflow/.local/lib/python3.12/site-packages/airflow/models/dagbag.py", line 383, in parse
    loader.exec_module(new_module)
  File "<frozen importlib._bootstrap_external>", line 999, in exec_module
  File "<frozen importlib._bootstrap>", line 488, in _call_with_frames_removed
  File "/opt/airflow/dags/daily_chek.py", line 4, in <module>
    from pyspark.sql import SparkSession
ModuleNotFoundError: No module named 'pyspark'
[2026-05-01T17:43:54.224+0000] {processor.py:927} WARNING - No viable dags retrieved from /opt/airflow/dags/daily_chek.py
[2026-05-01T17:43:54.243+0000] {processor.py:208} INFO - Processing /opt/airflow/dags/daily_chek.py took 0.029 seconds
[2026-05-01T17:44:24.555+0000] {processor.py:186} INFO - Started process (PID=285) to work on /opt/airflow/dags/daily_chek.py
[2026-05-01T17:44:24.564+0000] {processor.py:914} INFO - Processing file /opt/airflow/dags/daily_chek.py for tasks to queue
[2026-05-01T17:44:24.569+0000] {logging_mixin.py:190} INFO - [2026-05-01T17:44:24.568+0000] {dagbag.py:588} INFO - Filling up the DagBag from /opt/airflow/dags/daily_chek.py
[2026-05-01T17:44:24.578+0000] {logging_mixin.py:190} INFO - [2026-05-01T17:44:24.575+0000] {dagbag.py:387} ERROR - Failed to import: /opt/airflow/dags/daily_chek.py
Traceback (most recent call last):
  File "/home/airflow/.local/lib/python3.12/site-packages/airflow/models/dagbag.py", line 383, in parse
    loader.exec_module(new_module)
  File "<frozen importlib._bootstrap_external>", line 999, in exec_module
  File "<frozen importlib._bootstrap>", line 488, in _call_with_frames_removed
  File "/opt/airflow/dags/daily_chek.py", line 4, in <module>
    from pyspark.sql import SparkSession
ModuleNotFoundError: No module named 'pyspark'
[2026-05-01T17:44:24.579+0000] {processor.py:927} WARNING - No viable dags retrieved from /opt/airflow/dags/daily_chek.py
[2026-05-01T17:44:24.624+0000] {processor.py:208} INFO - Processing /opt/airflow/dags/daily_chek.py took 0.089 seconds
[2026-05-01T17:44:54.949+0000] {processor.py:186} INFO - Started process (PID=301) to work on /opt/airflow/dags/daily_chek.py
[2026-05-01T17:44:54.951+0000] {processor.py:914} INFO - Processing file /opt/airflow/dags/daily_chek.py for tasks to queue
[2026-05-01T17:44:54.957+0000] {logging_mixin.py:190} INFO - [2026-05-01T17:44:54.956+0000] {dagbag.py:588} INFO - Filling up the DagBag from /opt/airflow/dags/daily_chek.py
[2026-05-01T17:44:54.968+0000] {logging_mixin.py:190} INFO - [2026-05-01T17:44:54.965+0000] {dagbag.py:387} ERROR - Failed to import: /opt/airflow/dags/daily_chek.py
Traceback (most recent call last):
  File "/home/airflow/.local/lib/python3.12/site-packages/airflow/models/dagbag.py", line 383, in parse
    loader.exec_module(new_module)
  File "<frozen importlib._bootstrap_external>", line 999, in exec_module
  File "<frozen importlib._bootstrap>", line 488, in _call_with_frames_removed
  File "/opt/airflow/dags/daily_chek.py", line 4, in <module>
    from pyspark.sql import SparkSession
ModuleNotFoundError: No module named 'pyspark'
[2026-05-01T17:44:54.970+0000] {processor.py:927} WARNING - No viable dags retrieved from /opt/airflow/dags/daily_chek.py
[2026-05-01T17:44:55.028+0000] {processor.py:208} INFO - Processing /opt/airflow/dags/daily_chek.py took 0.100 seconds
[2026-05-01T17:45:25.341+0000] {processor.py:186} INFO - Started process (PID=317) to work on /opt/airflow/dags/daily_chek.py
[2026-05-01T17:45:25.342+0000] {processor.py:914} INFO - Processing file /opt/airflow/dags/daily_chek.py for tasks to queue
[2026-05-01T17:45:25.345+0000] {logging_mixin.py:190} INFO - [2026-05-01T17:45:25.344+0000] {dagbag.py:588} INFO - Filling up the DagBag from /opt/airflow/dags/daily_chek.py
[2026-05-01T17:45:25.348+0000] {logging_mixin.py:190} INFO - [2026-05-01T17:45:25.347+0000] {dagbag.py:387} ERROR - Failed to import: /opt/airflow/dags/daily_chek.py
Traceback (most recent call last):
  File "/home/airflow/.local/lib/python3.12/site-packages/airflow/models/dagbag.py", line 383, in parse
    loader.exec_module(new_module)
  File "<frozen importlib._bootstrap_external>", line 999, in exec_module
  File "<frozen importlib._bootstrap>", line 488, in _call_with_frames_removed
  File "/opt/airflow/dags/daily_chek.py", line 4, in <module>
    from pyspark.sql import SparkSession
ModuleNotFoundError: No module named 'pyspark'
[2026-05-01T17:45:25.348+0000] {processor.py:927} WARNING - No viable dags retrieved from /opt/airflow/dags/daily_chek.py
[2026-05-01T17:45:25.368+0000] {processor.py:208} INFO - Processing /opt/airflow/dags/daily_chek.py took 0.034 seconds
[2026-05-01T17:45:55.690+0000] {processor.py:186} INFO - Started process (PID=333) to work on /opt/airflow/dags/daily_chek.py
[2026-05-01T17:45:55.693+0000] {processor.py:914} INFO - Processing file /opt/airflow/dags/daily_chek.py for tasks to queue
[2026-05-01T17:45:55.701+0000] {logging_mixin.py:190} INFO - [2026-05-01T17:45:55.700+0000] {dagbag.py:588} INFO - Filling up the DagBag from /opt/airflow/dags/daily_chek.py
[2026-05-01T17:45:55.712+0000] {logging_mixin.py:190} INFO - [2026-05-01T17:45:55.709+0000] {dagbag.py:387} ERROR - Failed to import: /opt/airflow/dags/daily_chek.py
Traceback (most recent call last):
  File "/home/airflow/.local/lib/python3.12/site-packages/airflow/models/dagbag.py", line 383, in parse
    loader.exec_module(new_module)
  File "<frozen importlib._bootstrap_external>", line 999, in exec_module
  File "<frozen importlib._bootstrap>", line 488, in _call_with_frames_removed
  File "/opt/airflow/dags/daily_chek.py", line 4, in <module>
    from pyspark.sql import SparkSession
ModuleNotFoundError: No module named 'pyspark'
[2026-05-01T17:45:55.714+0000] {processor.py:927} WARNING - No viable dags retrieved from /opt/airflow/dags/daily_chek.py
[2026-05-01T17:45:55.772+0000] {processor.py:208} INFO - Processing /opt/airflow/dags/daily_chek.py took 0.107 seconds
[2026-05-01T17:46:26.140+0000] {processor.py:186} INFO - Started process (PID=349) to work on /opt/airflow/dags/daily_chek.py
[2026-05-01T17:46:26.148+0000] {processor.py:914} INFO - Processing file /opt/airflow/dags/daily_chek.py for tasks to queue
[2026-05-01T17:46:26.154+0000] {logging_mixin.py:190} INFO - [2026-05-01T17:46:26.153+0000] {dagbag.py:588} INFO - Filling up the DagBag from /opt/airflow/dags/daily_chek.py
[2026-05-01T17:46:26.165+0000] {logging_mixin.py:190} INFO - [2026-05-01T17:46:26.162+0000] {dagbag.py:387} ERROR - Failed to import: /opt/airflow/dags/daily_chek.py
Traceback (most recent call last):
  File "/home/airflow/.local/lib/python3.12/site-packages/airflow/models/dagbag.py", line 383, in parse
    loader.exec_module(new_module)
  File "<frozen importlib._bootstrap_external>", line 999, in exec_module
  File "<frozen importlib._bootstrap>", line 488, in _call_with_frames_removed
  File "/opt/airflow/dags/daily_chek.py", line 4, in <module>
    from pyspark.sql import SparkSession
ModuleNotFoundError: No module named 'pyspark'
[2026-05-01T17:46:26.167+0000] {processor.py:927} WARNING - No viable dags retrieved from /opt/airflow/dags/daily_chek.py
[2026-05-01T17:46:26.224+0000] {processor.py:208} INFO - Processing /opt/airflow/dags/daily_chek.py took 0.103 seconds
[2026-05-01T17:46:56.608+0000] {processor.py:186} INFO - Started process (PID=365) to work on /opt/airflow/dags/daily_chek.py
[2026-05-01T17:46:56.610+0000] {processor.py:914} INFO - Processing file /opt/airflow/dags/daily_chek.py for tasks to queue
[2026-05-01T17:46:56.616+0000] {logging_mixin.py:190} INFO - [2026-05-01T17:46:56.615+0000] {dagbag.py:588} INFO - Filling up the DagBag from /opt/airflow/dags/daily_chek.py
[2026-05-01T17:46:56.626+0000] {logging_mixin.py:190} INFO - [2026-05-01T17:46:56.623+0000] {dagbag.py:387} ERROR - Failed to import: /opt/airflow/dags/daily_chek.py
Traceback (most recent call last):
  File "/home/airflow/.local/lib/python3.12/site-packages/airflow/models/dagbag.py", line 383, in parse
    loader.exec_module(new_module)
  File "<frozen importlib._bootstrap_external>", line 999, in exec_module
  File "<frozen importlib._bootstrap>", line 488, in _call_with_frames_removed
  File "/opt/airflow/dags/daily_chek.py", line 4, in <module>
    from pyspark.sql import SparkSession
ModuleNotFoundError: No module named 'pyspark'
[2026-05-01T17:46:56.627+0000] {processor.py:927} WARNING - No viable dags retrieved from /opt/airflow/dags/daily_chek.py
[2026-05-01T17:46:56.677+0000] {processor.py:208} INFO - Processing /opt/airflow/dags/daily_chek.py took 0.087 seconds
[2026-05-01T17:47:27.020+0000] {processor.py:186} INFO - Started process (PID=381) to work on /opt/airflow/dags/daily_chek.py
[2026-05-01T17:47:27.022+0000] {processor.py:914} INFO - Processing file /opt/airflow/dags/daily_chek.py for tasks to queue
[2026-05-01T17:47:27.028+0000] {logging_mixin.py:190} INFO - [2026-05-01T17:47:27.027+0000] {dagbag.py:588} INFO - Filling up the DagBag from /opt/airflow/dags/daily_chek.py
[2026-05-01T17:47:27.038+0000] {logging_mixin.py:190} INFO - [2026-05-01T17:47:27.034+0000] {dagbag.py:387} ERROR - Failed to import: /opt/airflow/dags/daily_chek.py
Traceback (most recent call last):
  File "/home/airflow/.local/lib/python3.12/site-packages/airflow/models/dagbag.py", line 383, in parse
    loader.exec_module(new_module)
  File "<frozen importlib._bootstrap_external>", line 999, in exec_module
  File "<frozen importlib._bootstrap>", line 488, in _call_with_frames_removed
  File "/opt/airflow/dags/daily_chek.py", line 4, in <module>
    from pyspark.sql import SparkSession
ModuleNotFoundError: No module named 'pyspark'
[2026-05-01T17:47:27.039+0000] {processor.py:927} WARNING - No viable dags retrieved from /opt/airflow/dags/daily_chek.py
[2026-05-01T17:47:27.088+0000] {processor.py:208} INFO - Processing /opt/airflow/dags/daily_chek.py took 0.086 seconds
[2026-05-01T17:47:57.436+0000] {processor.py:186} INFO - Started process (PID=397) to work on /opt/airflow/dags/daily_chek.py
[2026-05-01T17:47:57.439+0000] {processor.py:914} INFO - Processing file /opt/airflow/dags/daily_chek.py for tasks to queue
[2026-05-01T17:47:57.447+0000] {logging_mixin.py:190} INFO - [2026-05-01T17:47:57.446+0000] {dagbag.py:588} INFO - Filling up the DagBag from /opt/airflow/dags/daily_chek.py
[2026-05-01T17:47:57.457+0000] {logging_mixin.py:190} INFO - [2026-05-01T17:47:57.454+0000] {dagbag.py:387} ERROR - Failed to import: /opt/airflow/dags/daily_chek.py
Traceback (most recent call last):
  File "/home/airflow/.local/lib/python3.12/site-packages/airflow/models/dagbag.py", line 383, in parse
    loader.exec_module(new_module)
  File "<frozen importlib._bootstrap_external>", line 999, in exec_module
  File "<frozen importlib._bootstrap>", line 488, in _call_with_frames_removed
  File "/opt/airflow/dags/daily_chek.py", line 4, in <module>
    from pyspark.sql import SparkSession
ModuleNotFoundError: No module named 'pyspark'
[2026-05-01T17:47:57.459+0000] {processor.py:927} WARNING - No viable dags retrieved from /opt/airflow/dags/daily_chek.py
[2026-05-01T17:47:57.514+0000] {processor.py:208} INFO - Processing /opt/airflow/dags/daily_chek.py took 0.100 seconds
[2026-05-01T17:48:27.839+0000] {processor.py:186} INFO - Started process (PID=419) to work on /opt/airflow/dags/daily_chek.py
[2026-05-01T17:48:27.847+0000] {processor.py:914} INFO - Processing file /opt/airflow/dags/daily_chek.py for tasks to queue
[2026-05-01T17:48:27.852+0000] {logging_mixin.py:190} INFO - [2026-05-01T17:48:27.851+0000] {dagbag.py:588} INFO - Filling up the DagBag from /opt/airflow/dags/daily_chek.py
[2026-05-01T17:48:27.861+0000] {logging_mixin.py:190} INFO - [2026-05-01T17:48:27.858+0000] {dagbag.py:387} ERROR - Failed to import: /opt/airflow/dags/daily_chek.py
Traceback (most recent call last):
  File "/home/airflow/.local/lib/python3.12/site-packages/airflow/models/dagbag.py", line 383, in parse
    loader.exec_module(new_module)
  File "<frozen importlib._bootstrap_external>", line 999, in exec_module
  File "<frozen importlib._bootstrap>", line 488, in _call_with_frames_removed
  File "/opt/airflow/dags/daily_chek.py", line 4, in <module>
    from pyspark.sql import SparkSession
ModuleNotFoundError: No module named 'pyspark'
[2026-05-01T17:48:27.862+0000] {processor.py:927} WARNING - No viable dags retrieved from /opt/airflow/dags/daily_chek.py
[2026-05-01T17:48:27.909+0000] {processor.py:208} INFO - Processing /opt/airflow/dags/daily_chek.py took 0.085 seconds
[2026-05-01T17:48:58.248+0000] {processor.py:186} INFO - Started process (PID=435) to work on /opt/airflow/dags/daily_chek.py
[2026-05-01T17:48:58.251+0000] {processor.py:914} INFO - Processing file /opt/airflow/dags/daily_chek.py for tasks to queue
[2026-05-01T17:48:58.256+0000] {logging_mixin.py:190} INFO - [2026-05-01T17:48:58.255+0000] {dagbag.py:588} INFO - Filling up the DagBag from /opt/airflow/dags/daily_chek.py
[2026-05-01T17:48:58.266+0000] {logging_mixin.py:190} INFO - [2026-05-01T17:48:58.263+0000] {dagbag.py:387} ERROR - Failed to import: /opt/airflow/dags/daily_chek.py
Traceback (most recent call last):
  File "/home/airflow/.local/lib/python3.12/site-packages/airflow/models/dagbag.py", line 383, in parse
    loader.exec_module(new_module)
  File "<frozen importlib._bootstrap_external>", line 999, in exec_module
  File "<frozen importlib._bootstrap>", line 488, in _call_with_frames_removed
  File "/opt/airflow/dags/daily_chek.py", line 4, in <module>
    from pyspark.sql import SparkSession
ModuleNotFoundError: No module named 'pyspark'
[2026-05-01T17:48:58.268+0000] {processor.py:927} WARNING - No viable dags retrieved from /opt/airflow/dags/daily_chek.py
[2026-05-01T17:48:58.317+0000] {processor.py:208} INFO - Processing /opt/airflow/dags/daily_chek.py took 0.086 seconds
[2026-05-01T17:49:28.591+0000] {processor.py:186} INFO - Started process (PID=451) to work on /opt/airflow/dags/daily_chek.py
[2026-05-01T17:49:28.599+0000] {processor.py:914} INFO - Processing file /opt/airflow/dags/daily_chek.py for tasks to queue
[2026-05-01T17:49:28.604+0000] {logging_mixin.py:190} INFO - [2026-05-01T17:49:28.603+0000] {dagbag.py:588} INFO - Filling up the DagBag from /opt/airflow/dags/daily_chek.py
[2026-05-01T17:49:28.614+0000] {logging_mixin.py:190} INFO - [2026-05-01T17:49:28.611+0000] {dagbag.py:387} ERROR - Failed to import: /opt/airflow/dags/daily_chek.py
Traceback (most recent call last):
  File "/home/airflow/.local/lib/python3.12/site-packages/airflow/models/dagbag.py", line 383, in parse
    loader.exec_module(new_module)
  File "<frozen importlib._bootstrap_external>", line 999, in exec_module
  File "<frozen importlib._bootstrap>", line 488, in _call_with_frames_removed
  File "/opt/airflow/dags/daily_chek.py", line 4, in <module>
    from pyspark.sql import SparkSession
ModuleNotFoundError: No module named 'pyspark'
[2026-05-01T17:49:28.615+0000] {processor.py:927} WARNING - No viable dags retrieved from /opt/airflow/dags/daily_chek.py
[2026-05-01T17:49:28.664+0000] {processor.py:208} INFO - Processing /opt/airflow/dags/daily_chek.py took 0.090 seconds
[2026-05-01T17:49:59.007+0000] {processor.py:186} INFO - Started process (PID=467) to work on /opt/airflow/dags/daily_chek.py
[2026-05-01T17:49:59.009+0000] {processor.py:914} INFO - Processing file /opt/airflow/dags/daily_chek.py for tasks to queue
[2026-05-01T17:49:59.017+0000] {logging_mixin.py:190} INFO - [2026-05-01T17:49:59.016+0000] {dagbag.py:588} INFO - Filling up the DagBag from /opt/airflow/dags/daily_chek.py
[2026-05-01T17:49:59.029+0000] {logging_mixin.py:190} INFO - [2026-05-01T17:49:59.026+0000] {dagbag.py:387} ERROR - Failed to import: /opt/airflow/dags/daily_chek.py
Traceback (most recent call last):
  File "/home/airflow/.local/lib/python3.12/site-packages/airflow/models/dagbag.py", line 383, in parse
    loader.exec_module(new_module)
  File "<frozen importlib._bootstrap_external>", line 999, in exec_module
  File "<frozen importlib._bootstrap>", line 488, in _call_with_frames_removed
  File "/opt/airflow/dags/daily_chek.py", line 4, in <module>
    from pyspark.sql import SparkSession
ModuleNotFoundError: No module named 'pyspark'
[2026-05-01T17:49:59.030+0000] {processor.py:927} WARNING - No viable dags retrieved from /opt/airflow/dags/daily_chek.py
[2026-05-01T17:49:59.083+0000] {processor.py:208} INFO - Processing /opt/airflow/dags/daily_chek.py took 0.102 seconds
[2026-05-01T17:50:29.418+0000] {processor.py:186} INFO - Started process (PID=483) to work on /opt/airflow/dags/daily_chek.py
[2026-05-01T17:50:29.420+0000] {processor.py:914} INFO - Processing file /opt/airflow/dags/daily_chek.py for tasks to queue
[2026-05-01T17:50:29.426+0000] {logging_mixin.py:190} INFO - [2026-05-01T17:50:29.425+0000] {dagbag.py:588} INFO - Filling up the DagBag from /opt/airflow/dags/daily_chek.py
[2026-05-01T17:50:29.438+0000] {logging_mixin.py:190} INFO - [2026-05-01T17:50:29.434+0000] {dagbag.py:387} ERROR - Failed to import: /opt/airflow/dags/daily_chek.py
Traceback (most recent call last):
  File "/home/airflow/.local/lib/python3.12/site-packages/airflow/models/dagbag.py", line 383, in parse
    loader.exec_module(new_module)
  File "<frozen importlib._bootstrap_external>", line 999, in exec_module
  File "<frozen importlib._bootstrap>", line 488, in _call_with_frames_removed
  File "/opt/airflow/dags/daily_chek.py", line 4, in <module>
    from pyspark.sql import SparkSession
ModuleNotFoundError: No module named 'pyspark'
[2026-05-01T17:50:29.440+0000] {processor.py:927} WARNING - No viable dags retrieved from /opt/airflow/dags/daily_chek.py
[2026-05-01T17:50:29.499+0000] {processor.py:208} INFO - Processing /opt/airflow/dags/daily_chek.py took 0.099 seconds
[2026-05-01T17:50:59.832+0000] {processor.py:186} INFO - Started process (PID=499) to work on /opt/airflow/dags/daily_chek.py
[2026-05-01T17:50:59.841+0000] {processor.py:914} INFO - Processing file /opt/airflow/dags/daily_chek.py for tasks to queue
[2026-05-01T17:50:59.847+0000] {logging_mixin.py:190} INFO - [2026-05-01T17:50:59.846+0000] {dagbag.py:588} INFO - Filling up the DagBag from /opt/airflow/dags/daily_chek.py
[2026-05-01T17:50:59.857+0000] {logging_mixin.py:190} INFO - [2026-05-01T17:50:59.854+0000] {dagbag.py:387} ERROR - Failed to import: /opt/airflow/dags/daily_chek.py
Traceback (most recent call last):
  File "/home/airflow/.local/lib/python3.12/site-packages/airflow/models/dagbag.py", line 383, in parse
    loader.exec_module(new_module)
  File "<frozen importlib._bootstrap_external>", line 999, in exec_module
  File "<frozen importlib._bootstrap>", line 488, in _call_with_frames_removed
  File "/opt/airflow/dags/daily_chek.py", line 4, in <module>
    from pyspark.sql import SparkSession
ModuleNotFoundError: No module named 'pyspark'
[2026-05-01T17:50:59.859+0000] {processor.py:927} WARNING - No viable dags retrieved from /opt/airflow/dags/daily_chek.py
[2026-05-01T17:50:59.910+0000] {processor.py:208} INFO - Processing /opt/airflow/dags/daily_chek.py took 0.095 seconds
[2026-05-01T17:51:30.248+0000] {processor.py:186} INFO - Started process (PID=515) to work on /opt/airflow/dags/daily_chek.py
[2026-05-01T17:51:30.251+0000] {processor.py:914} INFO - Processing file /opt/airflow/dags/daily_chek.py for tasks to queue
[2026-05-01T17:51:30.258+0000] {logging_mixin.py:190} INFO - [2026-05-01T17:51:30.257+0000] {dagbag.py:588} INFO - Filling up the DagBag from /opt/airflow/dags/daily_chek.py
[2026-05-01T17:51:30.268+0000] {logging_mixin.py:190} INFO - [2026-05-01T17:51:30.265+0000] {dagbag.py:387} ERROR - Failed to import: /opt/airflow/dags/daily_chek.py
Traceback (most recent call last):
  File "/home/airflow/.local/lib/python3.12/site-packages/airflow/models/dagbag.py", line 383, in parse
    loader.exec_module(new_module)
  File "<frozen importlib._bootstrap_external>", line 999, in exec_module
  File "<frozen importlib._bootstrap>", line 488, in _call_with_frames_removed
  File "/opt/airflow/dags/daily_chek.py", line 4, in <module>
    from pyspark.sql import SparkSession
ModuleNotFoundError: No module named 'pyspark'
[2026-05-01T17:51:30.269+0000] {processor.py:927} WARNING - No viable dags retrieved from /opt/airflow/dags/daily_chek.py
[2026-05-01T17:51:30.318+0000] {processor.py:208} INFO - Processing /opt/airflow/dags/daily_chek.py took 0.092 seconds
[2026-05-01T17:52:00.682+0000] {processor.py:186} INFO - Started process (PID=531) to work on /opt/airflow/dags/daily_chek.py
[2026-05-01T17:52:00.690+0000] {processor.py:914} INFO - Processing file /opt/airflow/dags/daily_chek.py for tasks to queue
[2026-05-01T17:52:00.695+0000] {logging_mixin.py:190} INFO - [2026-05-01T17:52:00.694+0000] {dagbag.py:588} INFO - Filling up the DagBag from /opt/airflow/dags/daily_chek.py
[2026-05-01T17:52:00.704+0000] {logging_mixin.py:190} INFO - [2026-05-01T17:52:00.702+0000] {dagbag.py:387} ERROR - Failed to import: /opt/airflow/dags/daily_chek.py
Traceback (most recent call last):
  File "/home/airflow/.local/lib/python3.12/site-packages/airflow/models/dagbag.py", line 383, in parse
    loader.exec_module(new_module)
  File "<frozen importlib._bootstrap_external>", line 999, in exec_module
  File "<frozen importlib._bootstrap>", line 488, in _call_with_frames_removed
  File "/opt/airflow/dags/daily_chek.py", line 4, in <module>
    from pyspark.sql import SparkSession
ModuleNotFoundError: No module named 'pyspark'
[2026-05-01T17:52:00.706+0000] {processor.py:927} WARNING - No viable dags retrieved from /opt/airflow/dags/daily_chek.py
[2026-05-01T17:52:00.751+0000] {processor.py:208} INFO - Processing /opt/airflow/dags/daily_chek.py took 0.087 seconds
[2026-05-01T17:52:31.100+0000] {processor.py:186} INFO - Started process (PID=547) to work on /opt/airflow/dags/daily_chek.py
[2026-05-01T17:52:31.102+0000] {processor.py:914} INFO - Processing file /opt/airflow/dags/daily_chek.py for tasks to queue
[2026-05-01T17:52:31.107+0000] {logging_mixin.py:190} INFO - [2026-05-01T17:52:31.106+0000] {dagbag.py:588} INFO - Filling up the DagBag from /opt/airflow/dags/daily_chek.py
[2026-05-01T17:52:31.120+0000] {logging_mixin.py:190} INFO - [2026-05-01T17:52:31.116+0000] {dagbag.py:387} ERROR - Failed to import: /opt/airflow/dags/daily_chek.py
Traceback (most recent call last):
  File "/home/airflow/.local/lib/python3.12/site-packages/airflow/models/dagbag.py", line 383, in parse
    loader.exec_module(new_module)
  File "<frozen importlib._bootstrap_external>", line 999, in exec_module
  File "<frozen importlib._bootstrap>", line 488, in _call_with_frames_removed
  File "/opt/airflow/dags/daily_chek.py", line 4, in <module>
    from pyspark.sql import SparkSession
ModuleNotFoundError: No module named 'pyspark'
[2026-05-01T17:52:31.122+0000] {processor.py:927} WARNING - No viable dags retrieved from /opt/airflow/dags/daily_chek.py
[2026-05-01T17:52:31.173+0000] {processor.py:208} INFO - Processing /opt/airflow/dags/daily_chek.py took 0.090 seconds
[2026-05-01T17:53:01.529+0000] {processor.py:186} INFO - Started process (PID=563) to work on /opt/airflow/dags/daily_chek.py
[2026-05-01T17:53:01.537+0000] {processor.py:914} INFO - Processing file /opt/airflow/dags/daily_chek.py for tasks to queue
[2026-05-01T17:53:01.542+0000] {logging_mixin.py:190} INFO - [2026-05-01T17:53:01.541+0000] {dagbag.py:588} INFO - Filling up the DagBag from /opt/airflow/dags/daily_chek.py
[2026-05-01T17:53:01.551+0000] {logging_mixin.py:190} INFO - [2026-05-01T17:53:01.548+0000] {dagbag.py:387} ERROR - Failed to import: /opt/airflow/dags/daily_chek.py
Traceback (most recent call last):
  File "/home/airflow/.local/lib/python3.12/site-packages/airflow/models/dagbag.py", line 383, in parse
    loader.exec_module(new_module)
  File "<frozen importlib._bootstrap_external>", line 999, in exec_module
  File "<frozen importlib._bootstrap>", line 488, in _call_with_frames_removed
  File "/opt/airflow/dags/daily_chek.py", line 4, in <module>
    from pyspark.sql import SparkSession
ModuleNotFoundError: No module named 'pyspark'
[2026-05-01T17:53:01.552+0000] {processor.py:927} WARNING - No viable dags retrieved from /opt/airflow/dags/daily_chek.py
[2026-05-01T17:53:01.598+0000] {processor.py:208} INFO - Processing /opt/airflow/dags/daily_chek.py took 0.091 seconds
[2026-05-01T17:53:31.908+0000] {processor.py:186} INFO - Started process (PID=579) to work on /opt/airflow/dags/daily_chek.py
[2026-05-01T17:53:31.909+0000] {processor.py:914} INFO - Processing file /opt/airflow/dags/daily_chek.py for tasks to queue
[2026-05-01T17:53:31.911+0000] {logging_mixin.py:190} INFO - [2026-05-01T17:53:31.910+0000] {dagbag.py:588} INFO - Filling up the DagBag from /opt/airflow/dags/daily_chek.py
[2026-05-01T17:53:31.914+0000] {logging_mixin.py:190} INFO - [2026-05-01T17:53:31.913+0000] {dagbag.py:387} ERROR - Failed to import: /opt/airflow/dags/daily_chek.py
Traceback (most recent call last):
  File "/home/airflow/.local/lib/python3.12/site-packages/airflow/models/dagbag.py", line 383, in parse
    loader.exec_module(new_module)
  File "<frozen importlib._bootstrap_external>", line 999, in exec_module
  File "<frozen importlib._bootstrap>", line 488, in _call_with_frames_removed
  File "/opt/airflow/dags/daily_chek.py", line 4, in <module>
    from pyspark.sql import SparkSession
ModuleNotFoundError: No module named 'pyspark'
[2026-05-01T17:53:31.915+0000] {processor.py:927} WARNING - No viable dags retrieved from /opt/airflow/dags/daily_chek.py
[2026-05-01T17:53:31.934+0000] {processor.py:208} INFO - Processing /opt/airflow/dags/daily_chek.py took 0.032 seconds
[2026-05-01T17:54:02.270+0000] {processor.py:186} INFO - Started process (PID=595) to work on /opt/airflow/dags/daily_chek.py
[2026-05-01T17:54:02.279+0000] {processor.py:914} INFO - Processing file /opt/airflow/dags/daily_chek.py for tasks to queue
[2026-05-01T17:54:02.287+0000] {logging_mixin.py:190} INFO - [2026-05-01T17:54:02.286+0000] {dagbag.py:588} INFO - Filling up the DagBag from /opt/airflow/dags/daily_chek.py
[2026-05-01T17:54:02.301+0000] {logging_mixin.py:190} INFO - [2026-05-01T17:54:02.296+0000] {dagbag.py:387} ERROR - Failed to import: /opt/airflow/dags/daily_chek.py
Traceback (most recent call last):
  File "/home/airflow/.local/lib/python3.12/site-packages/airflow/models/dagbag.py", line 383, in parse
    loader.exec_module(new_module)
  File "<frozen importlib._bootstrap_external>", line 999, in exec_module
  File "<frozen importlib._bootstrap>", line 488, in _call_with_frames_removed
  File "/opt/airflow/dags/daily_chek.py", line 4, in <module>
    from pyspark.sql import SparkSession
ModuleNotFoundError: No module named 'pyspark'
[2026-05-01T17:54:02.303+0000] {processor.py:927} WARNING - No viable dags retrieved from /opt/airflow/dags/daily_chek.py
[2026-05-01T17:54:02.336+0000] {processor.py:208} INFO - Processing /opt/airflow/dags/daily_chek.py took 0.088 seconds
[2026-05-01T17:54:32.661+0000] {processor.py:186} INFO - Started process (PID=611) to work on /opt/airflow/dags/daily_chek.py
[2026-05-01T17:54:32.669+0000] {processor.py:914} INFO - Processing file /opt/airflow/dags/daily_chek.py for tasks to queue
[2026-05-01T17:54:32.675+0000] {logging_mixin.py:190} INFO - [2026-05-01T17:54:32.674+0000] {dagbag.py:588} INFO - Filling up the DagBag from /opt/airflow/dags/daily_chek.py
[2026-05-01T17:54:32.685+0000] {logging_mixin.py:190} INFO - [2026-05-01T17:54:32.681+0000] {dagbag.py:387} ERROR - Failed to import: /opt/airflow/dags/daily_chek.py
Traceback (most recent call last):
  File "/home/airflow/.local/lib/python3.12/site-packages/airflow/models/dagbag.py", line 383, in parse
    loader.exec_module(new_module)
  File "<frozen importlib._bootstrap_external>", line 999, in exec_module
  File "<frozen importlib._bootstrap>", line 488, in _call_with_frames_removed
  File "/opt/airflow/dags/daily_chek.py", line 4, in <module>
    from pyspark.sql import SparkSession
ModuleNotFoundError: No module named 'pyspark'
[2026-05-01T17:54:32.686+0000] {processor.py:927} WARNING - No viable dags retrieved from /opt/airflow/dags/daily_chek.py
[2026-05-01T17:54:32.736+0000] {processor.py:208} INFO - Processing /opt/airflow/dags/daily_chek.py took 0.093 seconds
[2026-05-01T17:55:03.088+0000] {processor.py:186} INFO - Started process (PID=627) to work on /opt/airflow/dags/daily_chek.py
[2026-05-01T17:55:03.090+0000] {processor.py:914} INFO - Processing file /opt/airflow/dags/daily_chek.py for tasks to queue
[2026-05-01T17:55:03.096+0000] {logging_mixin.py:190} INFO - [2026-05-01T17:55:03.095+0000] {dagbag.py:588} INFO - Filling up the DagBag from /opt/airflow/dags/daily_chek.py
[2026-05-01T17:55:03.105+0000] {logging_mixin.py:190} INFO - [2026-05-01T17:55:03.102+0000] {dagbag.py:387} ERROR - Failed to import: /opt/airflow/dags/daily_chek.py
Traceback (most recent call last):
  File "/home/airflow/.local/lib/python3.12/site-packages/airflow/models/dagbag.py", line 383, in parse
    loader.exec_module(new_module)
  File "<frozen importlib._bootstrap_external>", line 999, in exec_module
  File "<frozen importlib._bootstrap>", line 488, in _call_with_frames_removed
  File "/opt/airflow/dags/daily_chek.py", line 4, in <module>
    from pyspark.sql import SparkSession
ModuleNotFoundError: No module named 'pyspark'
[2026-05-01T17:55:03.107+0000] {processor.py:927} WARNING - No viable dags retrieved from /opt/airflow/dags/daily_chek.py
[2026-05-01T17:55:03.160+0000] {processor.py:208} INFO - Processing /opt/airflow/dags/daily_chek.py took 0.098 seconds
[2026-05-01T17:55:33.488+0000] {processor.py:186} INFO - Started process (PID=643) to work on /opt/airflow/dags/daily_chek.py
[2026-05-01T17:55:33.490+0000] {processor.py:914} INFO - Processing file /opt/airflow/dags/daily_chek.py for tasks to queue
[2026-05-01T17:55:33.495+0000] {logging_mixin.py:190} INFO - [2026-05-01T17:55:33.495+0000] {dagbag.py:588} INFO - Filling up the DagBag from /opt/airflow/dags/daily_chek.py
[2026-05-01T17:55:33.505+0000] {logging_mixin.py:190} INFO - [2026-05-01T17:55:33.502+0000] {dagbag.py:387} ERROR - Failed to import: /opt/airflow/dags/daily_chek.py
Traceback (most recent call last):
  File "/home/airflow/.local/lib/python3.12/site-packages/airflow/models/dagbag.py", line 383, in parse
    loader.exec_module(new_module)
  File "<frozen importlib._bootstrap_external>", line 999, in exec_module
  File "<frozen importlib._bootstrap>", line 488, in _call_with_frames_removed
  File "/opt/airflow/dags/daily_chek.py", line 4, in <module>
    from pyspark.sql import SparkSession
ModuleNotFoundError: No module named 'pyspark'
[2026-05-01T17:55:33.506+0000] {processor.py:927} WARNING - No viable dags retrieved from /opt/airflow/dags/daily_chek.py
[2026-05-01T17:55:33.551+0000] {processor.py:208} INFO - Processing /opt/airflow/dags/daily_chek.py took 0.079 seconds
[2026-05-01T17:56:03.890+0000] {processor.py:186} INFO - Started process (PID=659) to work on /opt/airflow/dags/daily_chek.py
[2026-05-01T17:56:03.892+0000] {processor.py:914} INFO - Processing file /opt/airflow/dags/daily_chek.py for tasks to queue
[2026-05-01T17:56:03.898+0000] {logging_mixin.py:190} INFO - [2026-05-01T17:56:03.897+0000] {dagbag.py:588} INFO - Filling up the DagBag from /opt/airflow/dags/daily_chek.py
[2026-05-01T17:56:03.908+0000] {logging_mixin.py:190} INFO - [2026-05-01T17:56:03.904+0000] {dagbag.py:387} ERROR - Failed to import: /opt/airflow/dags/daily_chek.py
Traceback (most recent call last):
  File "/home/airflow/.local/lib/python3.12/site-packages/airflow/models/dagbag.py", line 383, in parse
    loader.exec_module(new_module)
  File "<frozen importlib._bootstrap_external>", line 999, in exec_module
  File "<frozen importlib._bootstrap>", line 488, in _call_with_frames_removed
  File "/opt/airflow/dags/daily_chek.py", line 4, in <module>
    from pyspark.sql import SparkSession
ModuleNotFoundError: No module named 'pyspark'
[2026-05-01T17:56:03.909+0000] {processor.py:927} WARNING - No viable dags retrieved from /opt/airflow/dags/daily_chek.py
[2026-05-01T17:56:03.958+0000] {processor.py:208} INFO - Processing /opt/airflow/dags/daily_chek.py took 0.085 seconds
[2026-05-01T17:56:34.288+0000] {processor.py:186} INFO - Started process (PID=675) to work on /opt/airflow/dags/daily_chek.py
[2026-05-01T17:56:34.290+0000] {processor.py:914} INFO - Processing file /opt/airflow/dags/daily_chek.py for tasks to queue
[2026-05-01T17:56:34.295+0000] {logging_mixin.py:190} INFO - [2026-05-01T17:56:34.295+0000] {dagbag.py:588} INFO - Filling up the DagBag from /opt/airflow/dags/daily_chek.py
[2026-05-01T17:56:34.305+0000] {logging_mixin.py:190} INFO - [2026-05-01T17:56:34.302+0000] {dagbag.py:387} ERROR - Failed to import: /opt/airflow/dags/daily_chek.py
Traceback (most recent call last):
  File "/home/airflow/.local/lib/python3.12/site-packages/airflow/models/dagbag.py", line 383, in parse
    loader.exec_module(new_module)
  File "<frozen importlib._bootstrap_external>", line 999, in exec_module
  File "<frozen importlib._bootstrap>", line 488, in _call_with_frames_removed
  File "/opt/airflow/dags/daily_chek.py", line 4, in <module>
    from pyspark.sql import SparkSession
ModuleNotFoundError: No module named 'pyspark'
[2026-05-01T17:56:34.306+0000] {processor.py:927} WARNING - No viable dags retrieved from /opt/airflow/dags/daily_chek.py
[2026-05-01T17:56:34.353+0000] {processor.py:208} INFO - Processing /opt/airflow/dags/daily_chek.py took 0.083 seconds
[2026-05-01T17:57:04.731+0000] {processor.py:186} INFO - Started process (PID=691) to work on /opt/airflow/dags/daily_chek.py
[2026-05-01T17:57:04.733+0000] {processor.py:914} INFO - Processing file /opt/airflow/dags/daily_chek.py for tasks to queue
[2026-05-01T17:57:04.739+0000] {logging_mixin.py:190} INFO - [2026-05-01T17:57:04.738+0000] {dagbag.py:588} INFO - Filling up the DagBag from /opt/airflow/dags/daily_chek.py
[2026-05-01T17:57:04.749+0000] {logging_mixin.py:190} INFO - [2026-05-01T17:57:04.746+0000] {dagbag.py:387} ERROR - Failed to import: /opt/airflow/dags/daily_chek.py
Traceback (most recent call last):
  File "/home/airflow/.local/lib/python3.12/site-packages/airflow/models/dagbag.py", line 383, in parse
    loader.exec_module(new_module)
  File "<frozen importlib._bootstrap_external>", line 999, in exec_module
  File "<frozen importlib._bootstrap>", line 488, in _call_with_frames_removed
  File "/opt/airflow/dags/daily_chek.py", line 4, in <module>
    from pyspark.sql import SparkSession
ModuleNotFoundError: No module named 'pyspark'
[2026-05-01T17:57:04.750+0000] {processor.py:927} WARNING - No viable dags retrieved from /opt/airflow/dags/daily_chek.py
[2026-05-01T17:57:04.795+0000] {processor.py:208} INFO - Processing /opt/airflow/dags/daily_chek.py took 0.081 seconds
[2026-05-01T17:57:35.137+0000] {processor.py:186} INFO - Started process (PID=707) to work on /opt/airflow/dags/daily_chek.py
[2026-05-01T17:57:35.139+0000] {processor.py:914} INFO - Processing file /opt/airflow/dags/daily_chek.py for tasks to queue
[2026-05-01T17:57:35.145+0000] {logging_mixin.py:190} INFO - [2026-05-01T17:57:35.144+0000] {dagbag.py:588} INFO - Filling up the DagBag from /opt/airflow/dags/daily_chek.py
[2026-05-01T17:57:35.155+0000] {logging_mixin.py:190} INFO - [2026-05-01T17:57:35.152+0000] {dagbag.py:387} ERROR - Failed to import: /opt/airflow/dags/daily_chek.py
Traceback (most recent call last):
  File "/home/airflow/.local/lib/python3.12/site-packages/airflow/models/dagbag.py", line 383, in parse
    loader.exec_module(new_module)
  File "<frozen importlib._bootstrap_external>", line 999, in exec_module
  File "<frozen importlib._bootstrap>", line 488, in _call_with_frames_removed
  File "/opt/airflow/dags/daily_chek.py", line 4, in <module>
    from pyspark.sql import SparkSession
ModuleNotFoundError: No module named 'pyspark'
[2026-05-01T17:57:35.157+0000] {processor.py:927} WARNING - No viable dags retrieved from /opt/airflow/dags/daily_chek.py
[2026-05-01T17:57:35.213+0000] {processor.py:208} INFO - Processing /opt/airflow/dags/daily_chek.py took 0.096 seconds
[2026-05-01T17:58:05.549+0000] {processor.py:186} INFO - Started process (PID=723) to work on /opt/airflow/dags/daily_chek.py
[2026-05-01T17:58:05.551+0000] {processor.py:914} INFO - Processing file /opt/airflow/dags/daily_chek.py for tasks to queue
[2026-05-01T17:58:05.557+0000] {logging_mixin.py:190} INFO - [2026-05-01T17:58:05.556+0000] {dagbag.py:588} INFO - Filling up the DagBag from /opt/airflow/dags/daily_chek.py
[2026-05-01T17:58:05.567+0000] {logging_mixin.py:190} INFO - [2026-05-01T17:58:05.564+0000] {dagbag.py:387} ERROR - Failed to import: /opt/airflow/dags/daily_chek.py
Traceback (most recent call last):
  File "/home/airflow/.local/lib/python3.12/site-packages/airflow/models/dagbag.py", line 383, in parse
    loader.exec_module(new_module)
  File "<frozen importlib._bootstrap_external>", line 999, in exec_module
  File "<frozen importlib._bootstrap>", line 488, in _call_with_frames_removed
  File "/opt/airflow/dags/daily_chek.py", line 4, in <module>
    from pyspark.sql import SparkSession
ModuleNotFoundError: No module named 'pyspark'
[2026-05-01T17:58:05.569+0000] {processor.py:927} WARNING - No viable dags retrieved from /opt/airflow/dags/daily_chek.py
[2026-05-01T17:58:05.619+0000] {processor.py:208} INFO - Processing /opt/airflow/dags/daily_chek.py took 0.086 seconds
[2026-05-01T17:58:35.968+0000] {processor.py:186} INFO - Started process (PID=739) to work on /opt/airflow/dags/daily_chek.py
[2026-05-01T17:58:35.970+0000] {processor.py:914} INFO - Processing file /opt/airflow/dags/daily_chek.py for tasks to queue
[2026-05-01T17:58:35.975+0000] {logging_mixin.py:190} INFO - [2026-05-01T17:58:35.974+0000] {dagbag.py:588} INFO - Filling up the DagBag from /opt/airflow/dags/daily_chek.py
[2026-05-01T17:58:35.985+0000] {logging_mixin.py:190} INFO - [2026-05-01T17:58:35.982+0000] {dagbag.py:387} ERROR - Failed to import: /opt/airflow/dags/daily_chek.py
Traceback (most recent call last):
  File "/home/airflow/.local/lib/python3.12/site-packages/airflow/models/dagbag.py", line 383, in parse
    loader.exec_module(new_module)
  File "<frozen importlib._bootstrap_external>", line 999, in exec_module
  File "<frozen importlib._bootstrap>", line 488, in _call_with_frames_removed
  File "/opt/airflow/dags/daily_chek.py", line 4, in <module>
    from pyspark.sql import SparkSession
ModuleNotFoundError: No module named 'pyspark'
[2026-05-01T17:58:35.986+0000] {processor.py:927} WARNING - No viable dags retrieved from /opt/airflow/dags/daily_chek.py
[2026-05-01T17:58:36.032+0000] {processor.py:208} INFO - Processing /opt/airflow/dags/daily_chek.py took 0.087 seconds
[2026-05-01T17:59:06.375+0000] {processor.py:186} INFO - Started process (PID=755) to work on /opt/airflow/dags/daily_chek.py
[2026-05-01T17:59:06.377+0000] {processor.py:914} INFO - Processing file /opt/airflow/dags/daily_chek.py for tasks to queue
[2026-05-01T17:59:06.383+0000] {logging_mixin.py:190} INFO - [2026-05-01T17:59:06.382+0000] {dagbag.py:588} INFO - Filling up the DagBag from /opt/airflow/dags/daily_chek.py
[2026-05-01T17:59:06.393+0000] {logging_mixin.py:190} INFO - [2026-05-01T17:59:06.390+0000] {dagbag.py:387} ERROR - Failed to import: /opt/airflow/dags/daily_chek.py
Traceback (most recent call last):
  File "/home/airflow/.local/lib/python3.12/site-packages/airflow/models/dagbag.py", line 383, in parse
    loader.exec_module(new_module)
  File "<frozen importlib._bootstrap_external>", line 999, in exec_module
  File "<frozen importlib._bootstrap>", line 488, in _call_with_frames_removed
  File "/opt/airflow/dags/daily_chek.py", line 4, in <module>
    from pyspark.sql import SparkSession
ModuleNotFoundError: No module named 'pyspark'
[2026-05-01T17:59:06.394+0000] {processor.py:927} WARNING - No viable dags retrieved from /opt/airflow/dags/daily_chek.py
[2026-05-01T17:59:06.444+0000] {processor.py:208} INFO - Processing /opt/airflow/dags/daily_chek.py took 0.085 seconds
[2026-05-01T17:59:36.779+0000] {processor.py:186} INFO - Started process (PID=771) to work on /opt/airflow/dags/daily_chek.py
[2026-05-01T17:59:36.783+0000] {processor.py:914} INFO - Processing file /opt/airflow/dags/daily_chek.py for tasks to queue
[2026-05-01T17:59:36.788+0000] {logging_mixin.py:190} INFO - [2026-05-01T17:59:36.787+0000] {dagbag.py:588} INFO - Filling up the DagBag from /opt/airflow/dags/daily_chek.py
[2026-05-01T17:59:36.797+0000] {logging_mixin.py:190} INFO - [2026-05-01T17:59:36.794+0000] {dagbag.py:387} ERROR - Failed to import: /opt/airflow/dags/daily_chek.py
Traceback (most recent call last):
  File "/home/airflow/.local/lib/python3.12/site-packages/airflow/models/dagbag.py", line 383, in parse
    loader.exec_module(new_module)
  File "<frozen importlib._bootstrap_external>", line 999, in exec_module
  File "<frozen importlib._bootstrap>", line 488, in _call_with_frames_removed
  File "/opt/airflow/dags/daily_chek.py", line 4, in <module>
    from pyspark.sql import SparkSession
ModuleNotFoundError: No module named 'pyspark'
[2026-05-01T17:59:36.798+0000] {processor.py:927} WARNING - No viable dags retrieved from /opt/airflow/dags/daily_chek.py
[2026-05-01T17:59:36.839+0000] {processor.py:208} INFO - Processing /opt/airflow/dags/daily_chek.py took 0.075 seconds
[2026-05-01T18:00:07.173+0000] {processor.py:186} INFO - Started process (PID=787) to work on /opt/airflow/dags/daily_chek.py
[2026-05-01T18:00:07.175+0000] {processor.py:914} INFO - Processing file /opt/airflow/dags/daily_chek.py for tasks to queue
[2026-05-01T18:00:07.180+0000] {logging_mixin.py:190} INFO - [2026-05-01T18:00:07.180+0000] {dagbag.py:588} INFO - Filling up the DagBag from /opt/airflow/dags/daily_chek.py
[2026-05-01T18:00:07.191+0000] {logging_mixin.py:190} INFO - [2026-05-01T18:00:07.187+0000] {dagbag.py:387} ERROR - Failed to import: /opt/airflow/dags/daily_chek.py
Traceback (most recent call last):
  File "/home/airflow/.local/lib/python3.12/site-packages/airflow/models/dagbag.py", line 383, in parse
    loader.exec_module(new_module)
  File "<frozen importlib._bootstrap_external>", line 999, in exec_module
  File "<frozen importlib._bootstrap>", line 488, in _call_with_frames_removed
  File "/opt/airflow/dags/daily_chek.py", line 4, in <module>
    from pyspark.sql import SparkSession
ModuleNotFoundError: No module named 'pyspark'
[2026-05-01T18:00:07.192+0000] {processor.py:927} WARNING - No viable dags retrieved from /opt/airflow/dags/daily_chek.py
[2026-05-01T18:00:07.242+0000] {processor.py:208} INFO - Processing /opt/airflow/dags/daily_chek.py took 0.086 seconds
[2026-05-01T18:00:37.580+0000] {processor.py:186} INFO - Started process (PID=803) to work on /opt/airflow/dags/daily_chek.py
[2026-05-01T18:00:37.583+0000] {processor.py:914} INFO - Processing file /opt/airflow/dags/daily_chek.py for tasks to queue
[2026-05-01T18:00:37.588+0000] {logging_mixin.py:190} INFO - [2026-05-01T18:00:37.588+0000] {dagbag.py:588} INFO - Filling up the DagBag from /opt/airflow/dags/daily_chek.py
[2026-05-01T18:00:37.598+0000] {logging_mixin.py:190} INFO - [2026-05-01T18:00:37.595+0000] {dagbag.py:387} ERROR - Failed to import: /opt/airflow/dags/daily_chek.py
Traceback (most recent call last):
  File "/home/airflow/.local/lib/python3.12/site-packages/airflow/models/dagbag.py", line 383, in parse
    loader.exec_module(new_module)
  File "<frozen importlib._bootstrap_external>", line 999, in exec_module
  File "<frozen importlib._bootstrap>", line 488, in _call_with_frames_removed
  File "/opt/airflow/dags/daily_chek.py", line 4, in <module>
    from pyspark.sql import SparkSession
ModuleNotFoundError: No module named 'pyspark'
[2026-05-01T18:00:37.600+0000] {processor.py:927} WARNING - No viable dags retrieved from /opt/airflow/dags/daily_chek.py
[2026-05-01T18:00:37.819+0000] {processor.py:208} INFO - Processing /opt/airflow/dags/daily_chek.py took 0.255 seconds
[2026-05-01T18:01:08.139+0000] {processor.py:186} INFO - Started process (PID=819) to work on /opt/airflow/dags/daily_chek.py
[2026-05-01T18:01:08.140+0000] {processor.py:914} INFO - Processing file /opt/airflow/dags/daily_chek.py for tasks to queue
[2026-05-01T18:01:08.146+0000] {logging_mixin.py:190} INFO - [2026-05-01T18:01:08.145+0000] {dagbag.py:588} INFO - Filling up the DagBag from /opt/airflow/dags/daily_chek.py
[2026-05-01T18:01:08.155+0000] {logging_mixin.py:190} INFO - [2026-05-01T18:01:08.152+0000] {dagbag.py:387} ERROR - Failed to import: /opt/airflow/dags/daily_chek.py
Traceback (most recent call last):
  File "/home/airflow/.local/lib/python3.12/site-packages/airflow/models/dagbag.py", line 383, in parse
    loader.exec_module(new_module)
  File "<frozen importlib._bootstrap_external>", line 999, in exec_module
  File "<frozen importlib._bootstrap>", line 488, in _call_with_frames_removed
  File "/opt/airflow/dags/daily_chek.py", line 4, in <module>
    from pyspark.sql import SparkSession
ModuleNotFoundError: No module named 'pyspark'
[2026-05-01T18:01:08.157+0000] {processor.py:927} WARNING - No viable dags retrieved from /opt/airflow/dags/daily_chek.py
[2026-05-01T18:01:08.206+0000] {processor.py:208} INFO - Processing /opt/airflow/dags/daily_chek.py took 0.084 seconds
[2026-05-01T18:01:38.546+0000] {processor.py:186} INFO - Started process (PID=835) to work on /opt/airflow/dags/daily_chek.py
[2026-05-01T18:01:38.549+0000] {processor.py:914} INFO - Processing file /opt/airflow/dags/daily_chek.py for tasks to queue
[2026-05-01T18:01:38.555+0000] {logging_mixin.py:190} INFO - [2026-05-01T18:01:38.554+0000] {dagbag.py:588} INFO - Filling up the DagBag from /opt/airflow/dags/daily_chek.py
[2026-05-01T18:01:38.565+0000] {logging_mixin.py:190} INFO - [2026-05-01T18:01:38.561+0000] {dagbag.py:387} ERROR - Failed to import: /opt/airflow/dags/daily_chek.py
Traceback (most recent call last):
  File "/home/airflow/.local/lib/python3.12/site-packages/airflow/models/dagbag.py", line 383, in parse
    loader.exec_module(new_module)
  File "<frozen importlib._bootstrap_external>", line 999, in exec_module
  File "<frozen importlib._bootstrap>", line 488, in _call_with_frames_removed
  File "/opt/airflow/dags/daily_chek.py", line 4, in <module>
    from pyspark.sql import SparkSession
ModuleNotFoundError: No module named 'pyspark'
[2026-05-01T18:01:38.566+0000] {processor.py:927} WARNING - No viable dags retrieved from /opt/airflow/dags/daily_chek.py
[2026-05-01T18:01:38.614+0000] {processor.py:208} INFO - Processing /opt/airflow/dags/daily_chek.py took 0.085 seconds
[2026-05-01T18:02:08.986+0000] {processor.py:186} INFO - Started process (PID=851) to work on /opt/airflow/dags/daily_chek.py
[2026-05-01T18:02:08.988+0000] {processor.py:914} INFO - Processing file /opt/airflow/dags/daily_chek.py for tasks to queue
[2026-05-01T18:02:08.996+0000] {logging_mixin.py:190} INFO - [2026-05-01T18:02:08.995+0000] {dagbag.py:588} INFO - Filling up the DagBag from /opt/airflow/dags/daily_chek.py
[2026-05-01T18:02:09.011+0000] {logging_mixin.py:190} INFO - [2026-05-01T18:02:09.008+0000] {dagbag.py:387} ERROR - Failed to import: /opt/airflow/dags/daily_chek.py
Traceback (most recent call last):
  File "/home/airflow/.local/lib/python3.12/site-packages/airflow/models/dagbag.py", line 383, in parse
    loader.exec_module(new_module)
  File "<frozen importlib._bootstrap_external>", line 999, in exec_module
  File "<frozen importlib._bootstrap>", line 488, in _call_with_frames_removed
  File "/opt/airflow/dags/daily_chek.py", line 4, in <module>
    from pyspark.sql import SparkSession
ModuleNotFoundError: No module named 'pyspark'
[2026-05-01T18:02:09.012+0000] {processor.py:927} WARNING - No viable dags retrieved from /opt/airflow/dags/daily_chek.py
[2026-05-01T18:02:09.059+0000] {processor.py:208} INFO - Processing /opt/airflow/dags/daily_chek.py took 0.096 seconds
[2026-05-01T18:02:39.403+0000] {processor.py:186} INFO - Started process (PID=867) to work on /opt/airflow/dags/daily_chek.py
[2026-05-01T18:02:39.406+0000] {processor.py:914} INFO - Processing file /opt/airflow/dags/daily_chek.py for tasks to queue
[2026-05-01T18:02:39.411+0000] {logging_mixin.py:190} INFO - [2026-05-01T18:02:39.410+0000] {dagbag.py:588} INFO - Filling up the DagBag from /opt/airflow/dags/daily_chek.py
[2026-05-01T18:02:39.421+0000] {logging_mixin.py:190} INFO - [2026-05-01T18:02:39.418+0000] {dagbag.py:387} ERROR - Failed to import: /opt/airflow/dags/daily_chek.py
Traceback (most recent call last):
  File "/home/airflow/.local/lib/python3.12/site-packages/airflow/models/dagbag.py", line 383, in parse
    loader.exec_module(new_module)
  File "<frozen importlib._bootstrap_external>", line 999, in exec_module
  File "<frozen importlib._bootstrap>", line 488, in _call_with_frames_removed
  File "/opt/airflow/dags/daily_chek.py", line 4, in <module>
    from pyspark.sql import SparkSession
ModuleNotFoundError: No module named 'pyspark'
[2026-05-01T18:02:39.423+0000] {processor.py:927} WARNING - No viable dags retrieved from /opt/airflow/dags/daily_chek.py
[2026-05-01T18:02:39.472+0000] {processor.py:208} INFO - Processing /opt/airflow/dags/daily_chek.py took 0.087 seconds
[2026-05-01T18:03:09.819+0000] {processor.py:186} INFO - Started process (PID=883) to work on /opt/airflow/dags/daily_chek.py
[2026-05-01T18:03:09.821+0000] {processor.py:914} INFO - Processing file /opt/airflow/dags/daily_chek.py for tasks to queue
[2026-05-01T18:03:09.827+0000] {logging_mixin.py:190} INFO - [2026-05-01T18:03:09.826+0000] {dagbag.py:588} INFO - Filling up the DagBag from /opt/airflow/dags/daily_chek.py
[2026-05-01T18:03:09.837+0000] {logging_mixin.py:190} INFO - [2026-05-01T18:03:09.834+0000] {dagbag.py:387} ERROR - Failed to import: /opt/airflow/dags/daily_chek.py
Traceback (most recent call last):
  File "/home/airflow/.local/lib/python3.12/site-packages/airflow/models/dagbag.py", line 383, in parse
    loader.exec_module(new_module)
  File "<frozen importlib._bootstrap_external>", line 999, in exec_module
  File "<frozen importlib._bootstrap>", line 488, in _call_with_frames_removed
  File "/opt/airflow/dags/daily_chek.py", line 4, in <module>
    from pyspark.sql import SparkSession
ModuleNotFoundError: No module named 'pyspark'
[2026-05-01T18:03:09.838+0000] {processor.py:927} WARNING - No viable dags retrieved from /opt/airflow/dags/daily_chek.py
[2026-05-01T18:03:09.888+0000] {processor.py:208} INFO - Processing /opt/airflow/dags/daily_chek.py took 0.086 seconds
[2026-05-01T18:03:40.241+0000] {processor.py:186} INFO - Started process (PID=899) to work on /opt/airflow/dags/daily_chek.py
[2026-05-01T18:03:40.243+0000] {processor.py:914} INFO - Processing file /opt/airflow/dags/daily_chek.py for tasks to queue
[2026-05-01T18:03:40.251+0000] {logging_mixin.py:190} INFO - [2026-05-01T18:03:40.250+0000] {dagbag.py:588} INFO - Filling up the DagBag from /opt/airflow/dags/daily_chek.py
[2026-05-01T18:03:40.261+0000] {logging_mixin.py:190} INFO - [2026-05-01T18:03:40.258+0000] {dagbag.py:387} ERROR - Failed to import: /opt/airflow/dags/daily_chek.py
Traceback (most recent call last):
  File "/home/airflow/.local/lib/python3.12/site-packages/airflow/models/dagbag.py", line 383, in parse
    loader.exec_module(new_module)
  File "<frozen importlib._bootstrap_external>", line 999, in exec_module
  File "<frozen importlib._bootstrap>", line 488, in _call_with_frames_removed
  File "/opt/airflow/dags/daily_chek.py", line 4, in <module>
    from pyspark.sql import SparkSession
ModuleNotFoundError: No module named 'pyspark'
[2026-05-01T18:03:40.262+0000] {processor.py:927} WARNING - No viable dags retrieved from /opt/airflow/dags/daily_chek.py
[2026-05-01T18:03:40.308+0000] {processor.py:208} INFO - Processing /opt/airflow/dags/daily_chek.py took 0.090 seconds
[2026-05-01T18:04:10.659+0000] {processor.py:186} INFO - Started process (PID=915) to work on /opt/airflow/dags/daily_chek.py
[2026-05-01T18:04:10.661+0000] {processor.py:914} INFO - Processing file /opt/airflow/dags/daily_chek.py for tasks to queue
[2026-05-01T18:04:10.666+0000] {logging_mixin.py:190} INFO - [2026-05-01T18:04:10.665+0000] {dagbag.py:588} INFO - Filling up the DagBag from /opt/airflow/dags/daily_chek.py
[2026-05-01T18:04:10.676+0000] {logging_mixin.py:190} INFO - [2026-05-01T18:04:10.673+0000] {dagbag.py:387} ERROR - Failed to import: /opt/airflow/dags/daily_chek.py
Traceback (most recent call last):
  File "/home/airflow/.local/lib/python3.12/site-packages/airflow/models/dagbag.py", line 383, in parse
    loader.exec_module(new_module)
  File "<frozen importlib._bootstrap_external>", line 999, in exec_module
  File "<frozen importlib._bootstrap>", line 488, in _call_with_frames_removed
  File "/opt/airflow/dags/daily_chek.py", line 4, in <module>
    from pyspark.sql import SparkSession
ModuleNotFoundError: No module named 'pyspark'
[2026-05-01T18:04:10.677+0000] {processor.py:927} WARNING - No viable dags retrieved from /opt/airflow/dags/daily_chek.py
[2026-05-01T18:04:10.725+0000] {processor.py:208} INFO - Processing /opt/airflow/dags/daily_chek.py took 0.084 seconds
[2026-05-01T18:04:41.073+0000] {processor.py:186} INFO - Started process (PID=931) to work on /opt/airflow/dags/daily_chek.py
[2026-05-01T18:04:41.081+0000] {processor.py:914} INFO - Processing file /opt/airflow/dags/daily_chek.py for tasks to queue
[2026-05-01T18:04:41.086+0000] {logging_mixin.py:190} INFO - [2026-05-01T18:04:41.086+0000] {dagbag.py:588} INFO - Filling up the DagBag from /opt/airflow/dags/daily_chek.py
[2026-05-01T18:04:41.096+0000] {logging_mixin.py:190} INFO - [2026-05-01T18:04:41.093+0000] {dagbag.py:387} ERROR - Failed to import: /opt/airflow/dags/daily_chek.py
Traceback (most recent call last):
  File "/home/airflow/.local/lib/python3.12/site-packages/airflow/models/dagbag.py", line 383, in parse
    loader.exec_module(new_module)
  File "<frozen importlib._bootstrap_external>", line 999, in exec_module
  File "<frozen importlib._bootstrap>", line 488, in _call_with_frames_removed
  File "/opt/airflow/dags/daily_chek.py", line 4, in <module>
    from pyspark.sql import SparkSession
ModuleNotFoundError: No module named 'pyspark'
[2026-05-01T18:04:41.098+0000] {processor.py:927} WARNING - No viable dags retrieved from /opt/airflow/dags/daily_chek.py
[2026-05-01T18:04:41.146+0000] {processor.py:208} INFO - Processing /opt/airflow/dags/daily_chek.py took 0.092 seconds
[2026-05-01T18:05:11.490+0000] {processor.py:186} INFO - Started process (PID=947) to work on /opt/airflow/dags/daily_chek.py
[2026-05-01T18:05:11.498+0000] {processor.py:914} INFO - Processing file /opt/airflow/dags/daily_chek.py for tasks to queue
[2026-05-01T18:05:11.503+0000] {logging_mixin.py:190} INFO - [2026-05-01T18:05:11.502+0000] {dagbag.py:588} INFO - Filling up the DagBag from /opt/airflow/dags/daily_chek.py
[2026-05-01T18:05:11.513+0000] {logging_mixin.py:190} INFO - [2026-05-01T18:05:11.510+0000] {dagbag.py:387} ERROR - Failed to import: /opt/airflow/dags/daily_chek.py
Traceback (most recent call last):
  File "/home/airflow/.local/lib/python3.12/site-packages/airflow/models/dagbag.py", line 383, in parse
    loader.exec_module(new_module)
  File "<frozen importlib._bootstrap_external>", line 999, in exec_module
  File "<frozen importlib._bootstrap>", line 488, in _call_with_frames_removed
  File "/opt/airflow/dags/daily_chek.py", line 4, in <module>
    from pyspark.sql import SparkSession
ModuleNotFoundError: No module named 'pyspark'
[2026-05-01T18:05:11.514+0000] {processor.py:927} WARNING - No viable dags retrieved from /opt/airflow/dags/daily_chek.py
[2026-05-01T18:05:11.564+0000] {processor.py:208} INFO - Processing /opt/airflow/dags/daily_chek.py took 0.091 seconds
[2026-05-01T18:05:41.896+0000] {processor.py:186} INFO - Started process (PID=963) to work on /opt/airflow/dags/daily_chek.py
[2026-05-01T18:05:41.897+0000] {processor.py:914} INFO - Processing file /opt/airflow/dags/daily_chek.py for tasks to queue
[2026-05-01T18:05:41.900+0000] {logging_mixin.py:190} INFO - [2026-05-01T18:05:41.899+0000] {dagbag.py:588} INFO - Filling up the DagBag from /opt/airflow/dags/daily_chek.py
[2026-05-01T18:05:41.905+0000] {logging_mixin.py:190} INFO - [2026-05-01T18:05:41.903+0000] {dagbag.py:387} ERROR - Failed to import: /opt/airflow/dags/daily_chek.py
Traceback (most recent call last):
  File "/home/airflow/.local/lib/python3.12/site-packages/airflow/models/dagbag.py", line 383, in parse
    loader.exec_module(new_module)
  File "<frozen importlib._bootstrap_external>", line 999, in exec_module
  File "<frozen importlib._bootstrap>", line 488, in _call_with_frames_removed
  File "/opt/airflow/dags/daily_chek.py", line 4, in <module>
    from pyspark.sql import SparkSession
ModuleNotFoundError: No module named 'pyspark'
[2026-05-01T18:05:41.906+0000] {processor.py:927} WARNING - No viable dags retrieved from /opt/airflow/dags/daily_chek.py
[2026-05-01T18:05:41.926+0000] {processor.py:208} INFO - Processing /opt/airflow/dags/daily_chek.py took 0.043 seconds
[2026-05-01T18:06:12.257+0000] {processor.py:186} INFO - Started process (PID=979) to work on /opt/airflow/dags/daily_chek.py
[2026-05-01T18:06:12.265+0000] {processor.py:914} INFO - Processing file /opt/airflow/dags/daily_chek.py for tasks to queue
[2026-05-01T18:06:12.271+0000] {logging_mixin.py:190} INFO - [2026-05-01T18:06:12.270+0000] {dagbag.py:588} INFO - Filling up the DagBag from /opt/airflow/dags/daily_chek.py
[2026-05-01T18:06:12.281+0000] {logging_mixin.py:190} INFO - [2026-05-01T18:06:12.277+0000] {dagbag.py:387} ERROR - Failed to import: /opt/airflow/dags/daily_chek.py
Traceback (most recent call last):
  File "/home/airflow/.local/lib/python3.12/site-packages/airflow/models/dagbag.py", line 383, in parse
    loader.exec_module(new_module)
  File "<frozen importlib._bootstrap_external>", line 999, in exec_module
  File "<frozen importlib._bootstrap>", line 488, in _call_with_frames_removed
  File "/opt/airflow/dags/daily_chek.py", line 4, in <module>
    from pyspark.sql import SparkSession
ModuleNotFoundError: No module named 'pyspark'
[2026-05-01T18:06:12.282+0000] {processor.py:927} WARNING - No viable dags retrieved from /opt/airflow/dags/daily_chek.py
[2026-05-01T18:06:12.343+0000] {processor.py:208} INFO - Processing /opt/airflow/dags/daily_chek.py took 0.103 seconds
[2026-05-01T18:06:42.693+0000] {processor.py:186} INFO - Started process (PID=995) to work on /opt/airflow/dags/daily_chek.py
[2026-05-01T18:06:42.696+0000] {processor.py:914} INFO - Processing file /opt/airflow/dags/daily_chek.py for tasks to queue
[2026-05-01T18:06:42.705+0000] {logging_mixin.py:190} INFO - [2026-05-01T18:06:42.704+0000] {dagbag.py:588} INFO - Filling up the DagBag from /opt/airflow/dags/daily_chek.py
[2026-05-01T18:06:42.715+0000] {logging_mixin.py:190} INFO - [2026-05-01T18:06:42.712+0000] {dagbag.py:387} ERROR - Failed to import: /opt/airflow/dags/daily_chek.py
Traceback (most recent call last):
  File "/home/airflow/.local/lib/python3.12/site-packages/airflow/models/dagbag.py", line 383, in parse
    loader.exec_module(new_module)
  File "<frozen importlib._bootstrap_external>", line 999, in exec_module
  File "<frozen importlib._bootstrap>", line 488, in _call_with_frames_removed
  File "/opt/airflow/dags/daily_chek.py", line 4, in <module>
    from pyspark.sql import SparkSession
ModuleNotFoundError: No module named 'pyspark'
[2026-05-01T18:06:42.716+0000] {processor.py:927} WARNING - No viable dags retrieved from /opt/airflow/dags/daily_chek.py
[2026-05-01T18:06:42.766+0000] {processor.py:208} INFO - Processing /opt/airflow/dags/daily_chek.py took 0.090 seconds
[2026-05-01T18:07:13.123+0000] {processor.py:186} INFO - Started process (PID=1011) to work on /opt/airflow/dags/daily_chek.py
[2026-05-01T18:07:13.125+0000] {processor.py:914} INFO - Processing file /opt/airflow/dags/daily_chek.py for tasks to queue
[2026-05-01T18:07:13.131+0000] {logging_mixin.py:190} INFO - [2026-05-01T18:07:13.130+0000] {dagbag.py:588} INFO - Filling up the DagBag from /opt/airflow/dags/daily_chek.py
[2026-05-01T18:07:13.142+0000] {logging_mixin.py:190} INFO - [2026-05-01T18:07:13.139+0000] {dagbag.py:387} ERROR - Failed to import: /opt/airflow/dags/daily_chek.py
Traceback (most recent call last):
  File "/home/airflow/.local/lib/python3.12/site-packages/airflow/models/dagbag.py", line 383, in parse
    loader.exec_module(new_module)
  File "<frozen importlib._bootstrap_external>", line 999, in exec_module
  File "<frozen importlib._bootstrap>", line 488, in _call_with_frames_removed
  File "/opt/airflow/dags/daily_chek.py", line 4, in <module>
    from pyspark.sql import SparkSession
ModuleNotFoundError: No module named 'pyspark'
[2026-05-01T18:07:13.143+0000] {processor.py:927} WARNING - No viable dags retrieved from /opt/airflow/dags/daily_chek.py
[2026-05-01T18:07:13.192+0000] {processor.py:208} INFO - Processing /opt/airflow/dags/daily_chek.py took 0.090 seconds
[2026-05-01T18:07:43.529+0000] {processor.py:186} INFO - Started process (PID=1027) to work on /opt/airflow/dags/daily_chek.py
[2026-05-01T18:07:43.532+0000] {processor.py:914} INFO - Processing file /opt/airflow/dags/daily_chek.py for tasks to queue
[2026-05-01T18:07:43.537+0000] {logging_mixin.py:190} INFO - [2026-05-01T18:07:43.537+0000] {dagbag.py:588} INFO - Filling up the DagBag from /opt/airflow/dags/daily_chek.py
[2026-05-01T18:07:43.547+0000] {logging_mixin.py:190} INFO - [2026-05-01T18:07:43.544+0000] {dagbag.py:387} ERROR - Failed to import: /opt/airflow/dags/daily_chek.py
Traceback (most recent call last):
  File "/home/airflow/.local/lib/python3.12/site-packages/airflow/models/dagbag.py", line 383, in parse
    loader.exec_module(new_module)
  File "<frozen importlib._bootstrap_external>", line 999, in exec_module
  File "<frozen importlib._bootstrap>", line 488, in _call_with_frames_removed
  File "/opt/airflow/dags/daily_chek.py", line 4, in <module>
    from pyspark.sql import SparkSession
ModuleNotFoundError: No module named 'pyspark'
[2026-05-01T18:07:43.549+0000] {processor.py:927} WARNING - No viable dags retrieved from /opt/airflow/dags/daily_chek.py
[2026-05-01T18:07:43.596+0000] {processor.py:208} INFO - Processing /opt/airflow/dags/daily_chek.py took 0.090 seconds
[2026-05-01T18:08:13.939+0000] {processor.py:186} INFO - Started process (PID=1043) to work on /opt/airflow/dags/daily_chek.py
[2026-05-01T18:08:13.947+0000] {processor.py:914} INFO - Processing file /opt/airflow/dags/daily_chek.py for tasks to queue
[2026-05-01T18:08:13.952+0000] {logging_mixin.py:190} INFO - [2026-05-01T18:08:13.951+0000] {dagbag.py:588} INFO - Filling up the DagBag from /opt/airflow/dags/daily_chek.py
[2026-05-01T18:08:13.962+0000] {logging_mixin.py:190} INFO - [2026-05-01T18:08:13.959+0000] {dagbag.py:387} ERROR - Failed to import: /opt/airflow/dags/daily_chek.py
Traceback (most recent call last):
  File "/home/airflow/.local/lib/python3.12/site-packages/airflow/models/dagbag.py", line 383, in parse
    loader.exec_module(new_module)
  File "<frozen importlib._bootstrap_external>", line 999, in exec_module
  File "<frozen importlib._bootstrap>", line 488, in _call_with_frames_removed
  File "/opt/airflow/dags/daily_chek.py", line 4, in <module>
    from pyspark.sql import SparkSession
ModuleNotFoundError: No module named 'pyspark'
[2026-05-01T18:08:13.963+0000] {processor.py:927} WARNING - No viable dags retrieved from /opt/airflow/dags/daily_chek.py
[2026-05-01T18:08:14.012+0000] {processor.py:208} INFO - Processing /opt/airflow/dags/daily_chek.py took 0.090 seconds
[2026-05-01T18:08:44.351+0000] {processor.py:186} INFO - Started process (PID=1059) to work on /opt/airflow/dags/daily_chek.py
[2026-05-01T18:08:44.353+0000] {processor.py:914} INFO - Processing file /opt/airflow/dags/daily_chek.py for tasks to queue
[2026-05-01T18:08:44.358+0000] {logging_mixin.py:190} INFO - [2026-05-01T18:08:44.358+0000] {dagbag.py:588} INFO - Filling up the DagBag from /opt/airflow/dags/daily_chek.py
[2026-05-01T18:08:44.368+0000] {logging_mixin.py:190} INFO - [2026-05-01T18:08:44.365+0000] {dagbag.py:387} ERROR - Failed to import: /opt/airflow/dags/daily_chek.py
Traceback (most recent call last):
  File "/home/airflow/.local/lib/python3.12/site-packages/airflow/models/dagbag.py", line 383, in parse
    loader.exec_module(new_module)
  File "<frozen importlib._bootstrap_external>", line 999, in exec_module
  File "<frozen importlib._bootstrap>", line 488, in _call_with_frames_removed
  File "/opt/airflow/dags/daily_chek.py", line 4, in <module>
    from pyspark.sql import SparkSession
ModuleNotFoundError: No module named 'pyspark'
[2026-05-01T18:08:44.370+0000] {processor.py:927} WARNING - No viable dags retrieved from /opt/airflow/dags/daily_chek.py
[2026-05-01T18:08:44.417+0000] {processor.py:208} INFO - Processing /opt/airflow/dags/daily_chek.py took 0.086 seconds
[2026-05-01T18:09:14.763+0000] {processor.py:186} INFO - Started process (PID=1075) to work on /opt/airflow/dags/daily_chek.py
[2026-05-01T18:09:14.772+0000] {processor.py:914} INFO - Processing file /opt/airflow/dags/daily_chek.py for tasks to queue
[2026-05-01T18:09:14.780+0000] {logging_mixin.py:190} INFO - [2026-05-01T18:09:14.778+0000] {dagbag.py:588} INFO - Filling up the DagBag from /opt/airflow/dags/daily_chek.py
[2026-05-01T18:09:14.794+0000] {logging_mixin.py:190} INFO - [2026-05-01T18:09:14.790+0000] {dagbag.py:387} ERROR - Failed to import: /opt/airflow/dags/daily_chek.py
Traceback (most recent call last):
  File "/home/airflow/.local/lib/python3.12/site-packages/airflow/models/dagbag.py", line 383, in parse
    loader.exec_module(new_module)
  File "<frozen importlib._bootstrap_external>", line 999, in exec_module
  File "<frozen importlib._bootstrap>", line 488, in _call_with_frames_removed
  File "/opt/airflow/dags/daily_chek.py", line 4, in <module>
    from pyspark.sql import SparkSession
ModuleNotFoundError: No module named 'pyspark'
[2026-05-01T18:09:14.795+0000] {processor.py:927} WARNING - No viable dags retrieved from /opt/airflow/dags/daily_chek.py
[2026-05-01T18:09:14.845+0000] {processor.py:208} INFO - Processing /opt/airflow/dags/daily_chek.py took 0.106 seconds
[2026-05-01T18:09:45.189+0000] {processor.py:186} INFO - Started process (PID=1091) to work on /opt/airflow/dags/daily_chek.py
[2026-05-01T18:09:45.191+0000] {processor.py:914} INFO - Processing file /opt/airflow/dags/daily_chek.py for tasks to queue
[2026-05-01T18:09:45.196+0000] {logging_mixin.py:190} INFO - [2026-05-01T18:09:45.195+0000] {dagbag.py:588} INFO - Filling up the DagBag from /opt/airflow/dags/daily_chek.py
[2026-05-01T18:09:45.206+0000] {logging_mixin.py:190} INFO - [2026-05-01T18:09:45.203+0000] {dagbag.py:387} ERROR - Failed to import: /opt/airflow/dags/daily_chek.py
Traceback (most recent call last):
  File "/home/airflow/.local/lib/python3.12/site-packages/airflow/models/dagbag.py", line 383, in parse
    loader.exec_module(new_module)
  File "<frozen importlib._bootstrap_external>", line 999, in exec_module
  File "<frozen importlib._bootstrap>", line 488, in _call_with_frames_removed
  File "/opt/airflow/dags/daily_chek.py", line 4, in <module>
    from pyspark.sql import SparkSession
ModuleNotFoundError: No module named 'pyspark'
[2026-05-01T18:09:45.208+0000] {processor.py:927} WARNING - No viable dags retrieved from /opt/airflow/dags/daily_chek.py
[2026-05-01T18:09:45.258+0000] {processor.py:208} INFO - Processing /opt/airflow/dags/daily_chek.py took 0.086 seconds
[2026-05-01T18:10:15.605+0000] {processor.py:186} INFO - Started process (PID=1107) to work on /opt/airflow/dags/daily_chek.py
[2026-05-01T18:10:15.613+0000] {processor.py:914} INFO - Processing file /opt/airflow/dags/daily_chek.py for tasks to queue
[2026-05-01T18:10:15.621+0000] {logging_mixin.py:190} INFO - [2026-05-01T18:10:15.620+0000] {dagbag.py:588} INFO - Filling up the DagBag from /opt/airflow/dags/daily_chek.py
[2026-05-01T18:10:15.636+0000] {logging_mixin.py:190} INFO - [2026-05-01T18:10:15.631+0000] {dagbag.py:387} ERROR - Failed to import: /opt/airflow/dags/daily_chek.py
Traceback (most recent call last):
  File "/home/airflow/.local/lib/python3.12/site-packages/airflow/models/dagbag.py", line 383, in parse
    loader.exec_module(new_module)
  File "<frozen importlib._bootstrap_external>", line 999, in exec_module
  File "<frozen importlib._bootstrap>", line 488, in _call_with_frames_removed
  File "/opt/airflow/dags/daily_chek.py", line 4, in <module>
    from pyspark.sql import SparkSession
ModuleNotFoundError: No module named 'pyspark'
[2026-05-01T18:10:15.638+0000] {processor.py:927} WARNING - No viable dags retrieved from /opt/airflow/dags/daily_chek.py
[2026-05-01T18:10:15.690+0000] {processor.py:208} INFO - Processing /opt/airflow/dags/daily_chek.py took 0.108 seconds
[2026-05-01T18:10:46.040+0000] {processor.py:186} INFO - Started process (PID=1123) to work on /opt/airflow/dags/daily_chek.py
[2026-05-01T18:10:46.042+0000] {processor.py:914} INFO - Processing file /opt/airflow/dags/daily_chek.py for tasks to queue
[2026-05-01T18:10:46.048+0000] {logging_mixin.py:190} INFO - [2026-05-01T18:10:46.047+0000] {dagbag.py:588} INFO - Filling up the DagBag from /opt/airflow/dags/daily_chek.py
[2026-05-01T18:10:46.063+0000] {logging_mixin.py:190} INFO - [2026-05-01T18:10:46.058+0000] {dagbag.py:387} ERROR - Failed to import: /opt/airflow/dags/daily_chek.py
Traceback (most recent call last):
  File "/home/airflow/.local/lib/python3.12/site-packages/airflow/models/dagbag.py", line 383, in parse
    loader.exec_module(new_module)
  File "<frozen importlib._bootstrap_external>", line 999, in exec_module
  File "<frozen importlib._bootstrap>", line 488, in _call_with_frames_removed
  File "/opt/airflow/dags/daily_chek.py", line 4, in <module>
    from pyspark.sql import SparkSession
ModuleNotFoundError: No module named 'pyspark'
[2026-05-01T18:10:46.065+0000] {processor.py:927} WARNING - No viable dags retrieved from /opt/airflow/dags/daily_chek.py
[2026-05-01T18:10:46.119+0000] {processor.py:208} INFO - Processing /opt/airflow/dags/daily_chek.py took 0.104 seconds
[2026-05-01T18:11:16.486+0000] {processor.py:186} INFO - Started process (PID=1139) to work on /opt/airflow/dags/daily_chek.py
[2026-05-01T18:11:16.489+0000] {processor.py:914} INFO - Processing file /opt/airflow/dags/daily_chek.py for tasks to queue
[2026-05-01T18:11:16.495+0000] {logging_mixin.py:190} INFO - [2026-05-01T18:11:16.494+0000] {dagbag.py:588} INFO - Filling up the DagBag from /opt/airflow/dags/daily_chek.py
[2026-05-01T18:11:16.506+0000] {logging_mixin.py:190} INFO - [2026-05-01T18:11:16.503+0000] {dagbag.py:387} ERROR - Failed to import: /opt/airflow/dags/daily_chek.py
Traceback (most recent call last):
  File "/home/airflow/.local/lib/python3.12/site-packages/airflow/models/dagbag.py", line 383, in parse
    loader.exec_module(new_module)
  File "<frozen importlib._bootstrap_external>", line 999, in exec_module
  File "<frozen importlib._bootstrap>", line 488, in _call_with_frames_removed
  File "/opt/airflow/dags/daily_chek.py", line 4, in <module>
    from pyspark.sql import SparkSession
ModuleNotFoundError: No module named 'pyspark'
[2026-05-01T18:11:16.508+0000] {processor.py:927} WARNING - No viable dags retrieved from /opt/airflow/dags/daily_chek.py
[2026-05-01T18:11:16.558+0000] {processor.py:208} INFO - Processing /opt/airflow/dags/daily_chek.py took 0.097 seconds
[2026-05-01T18:11:46.895+0000] {processor.py:186} INFO - Started process (PID=1155) to work on /opt/airflow/dags/daily_chek.py
[2026-05-01T18:11:46.897+0000] {processor.py:914} INFO - Processing file /opt/airflow/dags/daily_chek.py for tasks to queue
[2026-05-01T18:11:46.903+0000] {logging_mixin.py:190} INFO - [2026-05-01T18:11:46.902+0000] {dagbag.py:588} INFO - Filling up the DagBag from /opt/airflow/dags/daily_chek.py
[2026-05-01T18:11:46.916+0000] {logging_mixin.py:190} INFO - [2026-05-01T18:11:46.911+0000] {dagbag.py:387} ERROR - Failed to import: /opt/airflow/dags/daily_chek.py
Traceback (most recent call last):
  File "/home/airflow/.local/lib/python3.12/site-packages/airflow/models/dagbag.py", line 383, in parse
    loader.exec_module(new_module)
  File "<frozen importlib._bootstrap_external>", line 999, in exec_module
  File "<frozen importlib._bootstrap>", line 488, in _call_with_frames_removed
  File "/opt/airflow/dags/daily_chek.py", line 4, in <module>
    from pyspark.sql import SparkSession
ModuleNotFoundError: No module named 'pyspark'
[2026-05-01T18:11:46.918+0000] {processor.py:927} WARNING - No viable dags retrieved from /opt/airflow/dags/daily_chek.py
[2026-05-01T18:11:46.970+0000] {processor.py:208} INFO - Processing /opt/airflow/dags/daily_chek.py took 0.094 seconds
[2026-05-01T18:12:17.357+0000] {processor.py:186} INFO - Started process (PID=1171) to work on /opt/airflow/dags/daily_chek.py
[2026-05-01T18:12:17.361+0000] {processor.py:914} INFO - Processing file /opt/airflow/dags/daily_chek.py for tasks to queue
[2026-05-01T18:12:17.367+0000] {logging_mixin.py:190} INFO - [2026-05-01T18:12:17.365+0000] {dagbag.py:588} INFO - Filling up the DagBag from /opt/airflow/dags/daily_chek.py
[2026-05-01T18:12:17.377+0000] {logging_mixin.py:190} INFO - [2026-05-01T18:12:17.374+0000] {dagbag.py:387} ERROR - Failed to import: /opt/airflow/dags/daily_chek.py
Traceback (most recent call last):
  File "/home/airflow/.local/lib/python3.12/site-packages/airflow/models/dagbag.py", line 383, in parse
    loader.exec_module(new_module)
  File "<frozen importlib._bootstrap_external>", line 999, in exec_module
  File "<frozen importlib._bootstrap>", line 488, in _call_with_frames_removed
  File "/opt/airflow/dags/daily_chek.py", line 4, in <module>
    from pyspark.sql import SparkSession
ModuleNotFoundError: No module named 'pyspark'
[2026-05-01T18:12:17.379+0000] {processor.py:927} WARNING - No viable dags retrieved from /opt/airflow/dags/daily_chek.py
[2026-05-01T18:12:17.430+0000] {processor.py:208} INFO - Processing /opt/airflow/dags/daily_chek.py took 0.090 seconds
[2026-05-01T18:12:47.783+0000] {processor.py:186} INFO - Started process (PID=1187) to work on /opt/airflow/dags/daily_chek.py
[2026-05-01T18:12:47.785+0000] {processor.py:914} INFO - Processing file /opt/airflow/dags/daily_chek.py for tasks to queue
[2026-05-01T18:12:47.790+0000] {logging_mixin.py:190} INFO - [2026-05-01T18:12:47.789+0000] {dagbag.py:588} INFO - Filling up the DagBag from /opt/airflow/dags/daily_chek.py
[2026-05-01T18:12:47.800+0000] {logging_mixin.py:190} INFO - [2026-05-01T18:12:47.797+0000] {dagbag.py:387} ERROR - Failed to import: /opt/airflow/dags/daily_chek.py
Traceback (most recent call last):
  File "/home/airflow/.local/lib/python3.12/site-packages/airflow/models/dagbag.py", line 383, in parse
    loader.exec_module(new_module)
  File "<frozen importlib._bootstrap_external>", line 999, in exec_module
  File "<frozen importlib._bootstrap>", line 488, in _call_with_frames_removed
  File "/opt/airflow/dags/daily_chek.py", line 4, in <module>
    from pyspark.sql import SparkSession
ModuleNotFoundError: No module named 'pyspark'
[2026-05-01T18:12:47.803+0000] {processor.py:927} WARNING - No viable dags retrieved from /opt/airflow/dags/daily_chek.py
[2026-05-01T18:12:47.855+0000] {processor.py:208} INFO - Processing /opt/airflow/dags/daily_chek.py took 0.095 seconds
[2026-05-01T18:13:18.215+0000] {processor.py:186} INFO - Started process (PID=1203) to work on /opt/airflow/dags/daily_chek.py
[2026-05-01T18:13:18.217+0000] {processor.py:914} INFO - Processing file /opt/airflow/dags/daily_chek.py for tasks to queue
[2026-05-01T18:13:18.222+0000] {logging_mixin.py:190} INFO - [2026-05-01T18:13:18.221+0000] {dagbag.py:588} INFO - Filling up the DagBag from /opt/airflow/dags/daily_chek.py
[2026-05-01T18:13:18.232+0000] {logging_mixin.py:190} INFO - [2026-05-01T18:13:18.229+0000] {dagbag.py:387} ERROR - Failed to import: /opt/airflow/dags/daily_chek.py
Traceback (most recent call last):
  File "/home/airflow/.local/lib/python3.12/site-packages/airflow/models/dagbag.py", line 383, in parse
    loader.exec_module(new_module)
  File "<frozen importlib._bootstrap_external>", line 999, in exec_module
  File "<frozen importlib._bootstrap>", line 488, in _call_with_frames_removed
  File "/opt/airflow/dags/daily_chek.py", line 4, in <module>
    from pyspark.sql import SparkSession
ModuleNotFoundError: No module named 'pyspark'
[2026-05-01T18:13:18.234+0000] {processor.py:927} WARNING - No viable dags retrieved from /opt/airflow/dags/daily_chek.py
[2026-05-01T18:13:18.282+0000] {processor.py:208} INFO - Processing /opt/airflow/dags/daily_chek.py took 0.086 seconds
[2026-05-01T18:13:48.628+0000] {processor.py:186} INFO - Started process (PID=1219) to work on /opt/airflow/dags/daily_chek.py
[2026-05-01T18:13:48.631+0000] {processor.py:914} INFO - Processing file /opt/airflow/dags/daily_chek.py for tasks to queue
[2026-05-01T18:13:48.639+0000] {logging_mixin.py:190} INFO - [2026-05-01T18:13:48.637+0000] {dagbag.py:588} INFO - Filling up the DagBag from /opt/airflow/dags/daily_chek.py
[2026-05-01T18:13:48.649+0000] {logging_mixin.py:190} INFO - [2026-05-01T18:13:48.646+0000] {dagbag.py:387} ERROR - Failed to import: /opt/airflow/dags/daily_chek.py
Traceback (most recent call last):
  File "/home/airflow/.local/lib/python3.12/site-packages/airflow/models/dagbag.py", line 383, in parse
    loader.exec_module(new_module)
  File "<frozen importlib._bootstrap_external>", line 999, in exec_module
  File "<frozen importlib._bootstrap>", line 488, in _call_with_frames_removed
  File "/opt/airflow/dags/daily_chek.py", line 4, in <module>
    from pyspark.sql import SparkSession
ModuleNotFoundError: No module named 'pyspark'
[2026-05-01T18:13:48.650+0000] {processor.py:927} WARNING - No viable dags retrieved from /opt/airflow/dags/daily_chek.py
[2026-05-01T18:13:48.700+0000] {processor.py:208} INFO - Processing /opt/airflow/dags/daily_chek.py took 0.092 seconds
[2026-05-01T18:14:19.047+0000] {processor.py:186} INFO - Started process (PID=1235) to work on /opt/airflow/dags/daily_chek.py
[2026-05-01T18:14:19.049+0000] {processor.py:914} INFO - Processing file /opt/airflow/dags/daily_chek.py for tasks to queue
[2026-05-01T18:14:19.054+0000] {logging_mixin.py:190} INFO - [2026-05-01T18:14:19.053+0000] {dagbag.py:588} INFO - Filling up the DagBag from /opt/airflow/dags/daily_chek.py
[2026-05-01T18:14:19.064+0000] {logging_mixin.py:190} INFO - [2026-05-01T18:14:19.061+0000] {dagbag.py:387} ERROR - Failed to import: /opt/airflow/dags/daily_chek.py
Traceback (most recent call last):
  File "/home/airflow/.local/lib/python3.12/site-packages/airflow/models/dagbag.py", line 383, in parse
    loader.exec_module(new_module)
  File "<frozen importlib._bootstrap_external>", line 999, in exec_module
  File "<frozen importlib._bootstrap>", line 488, in _call_with_frames_removed
  File "/opt/airflow/dags/daily_chek.py", line 4, in <module>
    from pyspark.sql import SparkSession
ModuleNotFoundError: No module named 'pyspark'
[2026-05-01T18:14:19.066+0000] {processor.py:927} WARNING - No viable dags retrieved from /opt/airflow/dags/daily_chek.py
[2026-05-01T18:14:19.115+0000] {processor.py:208} INFO - Processing /opt/airflow/dags/daily_chek.py took 0.087 seconds
[2026-05-01T18:14:49.468+0000] {processor.py:186} INFO - Started process (PID=1251) to work on /opt/airflow/dags/daily_chek.py
[2026-05-01T18:14:49.470+0000] {processor.py:914} INFO - Processing file /opt/airflow/dags/daily_chek.py for tasks to queue
[2026-05-01T18:14:49.475+0000] {logging_mixin.py:190} INFO - [2026-05-01T18:14:49.474+0000] {dagbag.py:588} INFO - Filling up the DagBag from /opt/airflow/dags/daily_chek.py
[2026-05-01T18:14:49.485+0000] {logging_mixin.py:190} INFO - [2026-05-01T18:14:49.482+0000] {dagbag.py:387} ERROR - Failed to import: /opt/airflow/dags/daily_chek.py
Traceback (most recent call last):
  File "/home/airflow/.local/lib/python3.12/site-packages/airflow/models/dagbag.py", line 383, in parse
    loader.exec_module(new_module)
  File "<frozen importlib._bootstrap_external>", line 999, in exec_module
  File "<frozen importlib._bootstrap>", line 488, in _call_with_frames_removed
  File "/opt/airflow/dags/daily_chek.py", line 4, in <module>
    from pyspark.sql import SparkSession
ModuleNotFoundError: No module named 'pyspark'
[2026-05-01T18:14:49.487+0000] {processor.py:927} WARNING - No viable dags retrieved from /opt/airflow/dags/daily_chek.py
[2026-05-01T18:14:49.540+0000] {processor.py:208} INFO - Processing /opt/airflow/dags/daily_chek.py took 0.091 seconds
[2026-05-01T18:15:19.897+0000] {processor.py:186} INFO - Started process (PID=1267) to work on /opt/airflow/dags/daily_chek.py
[2026-05-01T18:15:19.900+0000] {processor.py:914} INFO - Processing file /opt/airflow/dags/daily_chek.py for tasks to queue
[2026-05-01T18:15:19.905+0000] {logging_mixin.py:190} INFO - [2026-05-01T18:15:19.904+0000] {dagbag.py:588} INFO - Filling up the DagBag from /opt/airflow/dags/daily_chek.py
[2026-05-01T18:15:19.915+0000] {logging_mixin.py:190} INFO - [2026-05-01T18:15:19.912+0000] {dagbag.py:387} ERROR - Failed to import: /opt/airflow/dags/daily_chek.py
Traceback (most recent call last):
  File "/home/airflow/.local/lib/python3.12/site-packages/airflow/models/dagbag.py", line 383, in parse
    loader.exec_module(new_module)
  File "<frozen importlib._bootstrap_external>", line 999, in exec_module
  File "<frozen importlib._bootstrap>", line 488, in _call_with_frames_removed
  File "/opt/airflow/dags/daily_chek.py", line 4, in <module>
    from pyspark.sql import SparkSession
ModuleNotFoundError: No module named 'pyspark'
[2026-05-01T18:15:19.916+0000] {processor.py:927} WARNING - No viable dags retrieved from /opt/airflow/dags/daily_chek.py
[2026-05-01T18:15:19.964+0000] {processor.py:208} INFO - Processing /opt/airflow/dags/daily_chek.py took 0.091 seconds
[2026-05-01T18:15:50.313+0000] {processor.py:186} INFO - Started process (PID=1283) to work on /opt/airflow/dags/daily_chek.py
[2026-05-01T18:15:50.315+0000] {processor.py:914} INFO - Processing file /opt/airflow/dags/daily_chek.py for tasks to queue
[2026-05-01T18:15:50.322+0000] {logging_mixin.py:190} INFO - [2026-05-01T18:15:50.321+0000] {dagbag.py:588} INFO - Filling up the DagBag from /opt/airflow/dags/daily_chek.py
[2026-05-01T18:15:50.331+0000] {logging_mixin.py:190} INFO - [2026-05-01T18:15:50.328+0000] {dagbag.py:387} ERROR - Failed to import: /opt/airflow/dags/daily_chek.py
Traceback (most recent call last):
  File "/home/airflow/.local/lib/python3.12/site-packages/airflow/models/dagbag.py", line 383, in parse
    loader.exec_module(new_module)
  File "<frozen importlib._bootstrap_external>", line 999, in exec_module
  File "<frozen importlib._bootstrap>", line 488, in _call_with_frames_removed
  File "/opt/airflow/dags/daily_chek.py", line 4, in <module>
    from pyspark.sql import SparkSession
ModuleNotFoundError: No module named 'pyspark'
[2026-05-01T18:15:50.332+0000] {processor.py:927} WARNING - No viable dags retrieved from /opt/airflow/dags/daily_chek.py
[2026-05-01T18:15:50.378+0000] {processor.py:208} INFO - Processing /opt/airflow/dags/daily_chek.py took 0.089 seconds
[2026-05-01T18:16:20.725+0000] {processor.py:186} INFO - Started process (PID=1299) to work on /opt/airflow/dags/daily_chek.py
[2026-05-01T18:16:20.729+0000] {processor.py:914} INFO - Processing file /opt/airflow/dags/daily_chek.py for tasks to queue
[2026-05-01T18:16:20.735+0000] {logging_mixin.py:190} INFO - [2026-05-01T18:16:20.734+0000] {dagbag.py:588} INFO - Filling up the DagBag from /opt/airflow/dags/daily_chek.py
[2026-05-01T18:16:20.745+0000] {logging_mixin.py:190} INFO - [2026-05-01T18:16:20.742+0000] {dagbag.py:387} ERROR - Failed to import: /opt/airflow/dags/daily_chek.py
Traceback (most recent call last):
  File "/home/airflow/.local/lib/python3.12/site-packages/airflow/models/dagbag.py", line 383, in parse
    loader.exec_module(new_module)
  File "<frozen importlib._bootstrap_external>", line 999, in exec_module
  File "<frozen importlib._bootstrap>", line 488, in _call_with_frames_removed
  File "/opt/airflow/dags/daily_chek.py", line 4, in <module>
    from pyspark.sql import SparkSession
ModuleNotFoundError: No module named 'pyspark'
[2026-05-01T18:16:20.747+0000] {processor.py:927} WARNING - No viable dags retrieved from /opt/airflow/dags/daily_chek.py
[2026-05-01T18:16:20.796+0000] {processor.py:208} INFO - Processing /opt/airflow/dags/daily_chek.py took 0.088 seconds
[2026-05-01T18:16:51.137+0000] {processor.py:186} INFO - Started process (PID=1315) to work on /opt/airflow/dags/daily_chek.py
[2026-05-01T18:16:51.139+0000] {processor.py:914} INFO - Processing file /opt/airflow/dags/daily_chek.py for tasks to queue
[2026-05-01T18:16:51.145+0000] {logging_mixin.py:190} INFO - [2026-05-01T18:16:51.144+0000] {dagbag.py:588} INFO - Filling up the DagBag from /opt/airflow/dags/daily_chek.py
[2026-05-01T18:16:51.155+0000] {logging_mixin.py:190} INFO - [2026-05-01T18:16:51.151+0000] {dagbag.py:387} ERROR - Failed to import: /opt/airflow/dags/daily_chek.py
Traceback (most recent call last):
  File "/home/airflow/.local/lib/python3.12/site-packages/airflow/models/dagbag.py", line 383, in parse
    loader.exec_module(new_module)
  File "<frozen importlib._bootstrap_external>", line 999, in exec_module
  File "<frozen importlib._bootstrap>", line 488, in _call_with_frames_removed
  File "/opt/airflow/dags/daily_chek.py", line 4, in <module>
    from pyspark.sql import SparkSession
ModuleNotFoundError: No module named 'pyspark'
[2026-05-01T18:16:51.156+0000] {processor.py:927} WARNING - No viable dags retrieved from /opt/airflow/dags/daily_chek.py
[2026-05-01T18:16:51.208+0000] {processor.py:208} INFO - Processing /opt/airflow/dags/daily_chek.py took 0.088 seconds
[2026-05-01T18:17:21.582+0000] {processor.py:186} INFO - Started process (PID=1331) to work on /opt/airflow/dags/daily_chek.py
[2026-05-01T18:17:21.586+0000] {processor.py:914} INFO - Processing file /opt/airflow/dags/daily_chek.py for tasks to queue
[2026-05-01T18:17:21.591+0000] {logging_mixin.py:190} INFO - [2026-05-01T18:17:21.590+0000] {dagbag.py:588} INFO - Filling up the DagBag from /opt/airflow/dags/daily_chek.py
[2026-05-01T18:17:21.601+0000] {logging_mixin.py:190} INFO - [2026-05-01T18:17:21.598+0000] {dagbag.py:387} ERROR - Failed to import: /opt/airflow/dags/daily_chek.py
Traceback (most recent call last):
  File "/home/airflow/.local/lib/python3.12/site-packages/airflow/models/dagbag.py", line 383, in parse
    loader.exec_module(new_module)
  File "<frozen importlib._bootstrap_external>", line 999, in exec_module
  File "<frozen importlib._bootstrap>", line 488, in _call_with_frames_removed
  File "/opt/airflow/dags/daily_chek.py", line 4, in <module>
    from pyspark.sql import SparkSession
ModuleNotFoundError: No module named 'pyspark'
[2026-05-01T18:17:21.603+0000] {processor.py:927} WARNING - No viable dags retrieved from /opt/airflow/dags/daily_chek.py
[2026-05-01T18:17:21.654+0000] {processor.py:208} INFO - Processing /opt/airflow/dags/daily_chek.py took 0.089 seconds
[2026-05-01T18:17:51.993+0000] {processor.py:186} INFO - Started process (PID=1347) to work on /opt/airflow/dags/daily_chek.py
[2026-05-01T18:17:51.995+0000] {processor.py:914} INFO - Processing file /opt/airflow/dags/daily_chek.py for tasks to queue
[2026-05-01T18:17:52.001+0000] {logging_mixin.py:190} INFO - [2026-05-01T18:17:52.000+0000] {dagbag.py:588} INFO - Filling up the DagBag from /opt/airflow/dags/daily_chek.py
[2026-05-01T18:17:52.011+0000] {logging_mixin.py:190} INFO - [2026-05-01T18:17:52.007+0000] {dagbag.py:387} ERROR - Failed to import: /opt/airflow/dags/daily_chek.py
Traceback (most recent call last):
  File "/home/airflow/.local/lib/python3.12/site-packages/airflow/models/dagbag.py", line 383, in parse
    loader.exec_module(new_module)
  File "<frozen importlib._bootstrap_external>", line 999, in exec_module
  File "<frozen importlib._bootstrap>", line 488, in _call_with_frames_removed
  File "/opt/airflow/dags/daily_chek.py", line 4, in <module>
    from pyspark.sql import SparkSession
ModuleNotFoundError: No module named 'pyspark'
[2026-05-01T18:17:52.012+0000] {processor.py:927} WARNING - No viable dags retrieved from /opt/airflow/dags/daily_chek.py
[2026-05-01T18:17:52.062+0000] {processor.py:208} INFO - Processing /opt/airflow/dags/daily_chek.py took 0.086 seconds
[2026-05-01T18:18:22.406+0000] {processor.py:186} INFO - Started process (PID=1363) to work on /opt/airflow/dags/daily_chek.py
[2026-05-01T18:18:22.409+0000] {processor.py:914} INFO - Processing file /opt/airflow/dags/daily_chek.py for tasks to queue
[2026-05-01T18:18:22.415+0000] {logging_mixin.py:190} INFO - [2026-05-01T18:18:22.414+0000] {dagbag.py:588} INFO - Filling up the DagBag from /opt/airflow/dags/daily_chek.py
[2026-05-01T18:18:22.426+0000] {logging_mixin.py:190} INFO - [2026-05-01T18:18:22.423+0000] {dagbag.py:387} ERROR - Failed to import: /opt/airflow/dags/daily_chek.py
Traceback (most recent call last):
  File "/home/airflow/.local/lib/python3.12/site-packages/airflow/models/dagbag.py", line 383, in parse
    loader.exec_module(new_module)
  File "<frozen importlib._bootstrap_external>", line 999, in exec_module
  File "<frozen importlib._bootstrap>", line 488, in _call_with_frames_removed
  File "/opt/airflow/dags/daily_chek.py", line 4, in <module>
    from pyspark.sql import SparkSession
ModuleNotFoundError: No module named 'pyspark'
[2026-05-01T18:18:22.427+0000] {processor.py:927} WARNING - No viable dags retrieved from /opt/airflow/dags/daily_chek.py
[2026-05-01T18:18:22.475+0000] {processor.py:208} INFO - Processing /opt/airflow/dags/daily_chek.py took 0.087 seconds
[2026-05-01T18:18:52.823+0000] {processor.py:186} INFO - Started process (PID=1379) to work on /opt/airflow/dags/daily_chek.py
[2026-05-01T18:18:52.830+0000] {processor.py:914} INFO - Processing file /opt/airflow/dags/daily_chek.py for tasks to queue
[2026-05-01T18:18:52.836+0000] {logging_mixin.py:190} INFO - [2026-05-01T18:18:52.835+0000] {dagbag.py:588} INFO - Filling up the DagBag from /opt/airflow/dags/daily_chek.py
[2026-05-01T18:18:52.846+0000] {logging_mixin.py:190} INFO - [2026-05-01T18:18:52.843+0000] {dagbag.py:387} ERROR - Failed to import: /opt/airflow/dags/daily_chek.py
Traceback (most recent call last):
  File "/home/airflow/.local/lib/python3.12/site-packages/airflow/models/dagbag.py", line 383, in parse
    loader.exec_module(new_module)
  File "<frozen importlib._bootstrap_external>", line 999, in exec_module
  File "<frozen importlib._bootstrap>", line 488, in _call_with_frames_removed
  File "/opt/airflow/dags/daily_chek.py", line 4, in <module>
    from pyspark.sql import SparkSession
ModuleNotFoundError: No module named 'pyspark'
[2026-05-01T18:18:52.848+0000] {processor.py:927} WARNING - No viable dags retrieved from /opt/airflow/dags/daily_chek.py
[2026-05-01T18:18:52.896+0000] {processor.py:208} INFO - Processing /opt/airflow/dags/daily_chek.py took 0.091 seconds
[2026-05-01T18:19:23.237+0000] {processor.py:186} INFO - Started process (PID=1395) to work on /opt/airflow/dags/daily_chek.py
[2026-05-01T18:19:23.239+0000] {processor.py:914} INFO - Processing file /opt/airflow/dags/daily_chek.py for tasks to queue
[2026-05-01T18:19:23.246+0000] {logging_mixin.py:190} INFO - [2026-05-01T18:19:23.245+0000] {dagbag.py:588} INFO - Filling up the DagBag from /opt/airflow/dags/daily_chek.py
[2026-05-01T18:19:23.257+0000] {logging_mixin.py:190} INFO - [2026-05-01T18:19:23.253+0000] {dagbag.py:387} ERROR - Failed to import: /opt/airflow/dags/daily_chek.py
Traceback (most recent call last):
  File "/home/airflow/.local/lib/python3.12/site-packages/airflow/models/dagbag.py", line 383, in parse
    loader.exec_module(new_module)
  File "<frozen importlib._bootstrap_external>", line 999, in exec_module
  File "<frozen importlib._bootstrap>", line 488, in _call_with_frames_removed
  File "/opt/airflow/dags/daily_chek.py", line 4, in <module>
    from pyspark.sql import SparkSession
ModuleNotFoundError: No module named 'pyspark'
[2026-05-01T18:19:23.258+0000] {processor.py:927} WARNING - No viable dags retrieved from /opt/airflow/dags/daily_chek.py
[2026-05-01T18:19:23.315+0000] {processor.py:208} INFO - Processing /opt/airflow/dags/daily_chek.py took 0.098 seconds
[2026-05-01T18:19:53.649+0000] {processor.py:186} INFO - Started process (PID=1411) to work on /opt/airflow/dags/daily_chek.py
[2026-05-01T18:19:53.651+0000] {processor.py:914} INFO - Processing file /opt/airflow/dags/daily_chek.py for tasks to queue
[2026-05-01T18:19:53.657+0000] {logging_mixin.py:190} INFO - [2026-05-01T18:19:53.656+0000] {dagbag.py:588} INFO - Filling up the DagBag from /opt/airflow/dags/daily_chek.py
[2026-05-01T18:19:53.667+0000] {logging_mixin.py:190} INFO - [2026-05-01T18:19:53.664+0000] {dagbag.py:387} ERROR - Failed to import: /opt/airflow/dags/daily_chek.py
Traceback (most recent call last):
  File "/home/airflow/.local/lib/python3.12/site-packages/airflow/models/dagbag.py", line 383, in parse
    loader.exec_module(new_module)
  File "<frozen importlib._bootstrap_external>", line 999, in exec_module
  File "<frozen importlib._bootstrap>", line 488, in _call_with_frames_removed
  File "/opt/airflow/dags/daily_chek.py", line 4, in <module>
    from pyspark.sql import SparkSession
ModuleNotFoundError: No module named 'pyspark'
[2026-05-01T18:19:53.668+0000] {processor.py:927} WARNING - No viable dags retrieved from /opt/airflow/dags/daily_chek.py
[2026-05-01T18:19:53.719+0000] {processor.py:208} INFO - Processing /opt/airflow/dags/daily_chek.py took 0.087 seconds
[2026-05-01T18:20:24.054+0000] {processor.py:186} INFO - Started process (PID=1427) to work on /opt/airflow/dags/daily_chek.py
[2026-05-01T18:20:24.057+0000] {processor.py:914} INFO - Processing file /opt/airflow/dags/daily_chek.py for tasks to queue
[2026-05-01T18:20:24.063+0000] {logging_mixin.py:190} INFO - [2026-05-01T18:20:24.062+0000] {dagbag.py:588} INFO - Filling up the DagBag from /opt/airflow/dags/daily_chek.py
[2026-05-01T18:20:24.073+0000] {logging_mixin.py:190} INFO - [2026-05-01T18:20:24.069+0000] {dagbag.py:387} ERROR - Failed to import: /opt/airflow/dags/daily_chek.py
Traceback (most recent call last):
  File "/home/airflow/.local/lib/python3.12/site-packages/airflow/models/dagbag.py", line 383, in parse
    loader.exec_module(new_module)
  File "<frozen importlib._bootstrap_external>", line 999, in exec_module
  File "<frozen importlib._bootstrap>", line 488, in _call_with_frames_removed
  File "/opt/airflow/dags/daily_chek.py", line 4, in <module>
    from pyspark.sql import SparkSession
ModuleNotFoundError: No module named 'pyspark'
[2026-05-01T18:20:24.074+0000] {processor.py:927} WARNING - No viable dags retrieved from /opt/airflow/dags/daily_chek.py
[2026-05-01T18:20:24.123+0000] {processor.py:208} INFO - Processing /opt/airflow/dags/daily_chek.py took 0.087 seconds
[2026-05-01T18:20:54.473+0000] {processor.py:186} INFO - Started process (PID=1443) to work on /opt/airflow/dags/daily_chek.py
[2026-05-01T18:20:54.475+0000] {processor.py:914} INFO - Processing file /opt/airflow/dags/daily_chek.py for tasks to queue
[2026-05-01T18:20:54.480+0000] {logging_mixin.py:190} INFO - [2026-05-01T18:20:54.479+0000] {dagbag.py:588} INFO - Filling up the DagBag from /opt/airflow/dags/daily_chek.py
[2026-05-01T18:20:54.490+0000] {logging_mixin.py:190} INFO - [2026-05-01T18:20:54.487+0000] {dagbag.py:387} ERROR - Failed to import: /opt/airflow/dags/daily_chek.py
Traceback (most recent call last):
  File "/home/airflow/.local/lib/python3.12/site-packages/airflow/models/dagbag.py", line 383, in parse
    loader.exec_module(new_module)
  File "<frozen importlib._bootstrap_external>", line 999, in exec_module
  File "<frozen importlib._bootstrap>", line 488, in _call_with_frames_removed
  File "/opt/airflow/dags/daily_chek.py", line 4, in <module>
    from pyspark.sql import SparkSession
ModuleNotFoundError: No module named 'pyspark'
[2026-05-01T18:20:54.492+0000] {processor.py:927} WARNING - No viable dags retrieved from /opt/airflow/dags/daily_chek.py
[2026-05-01T18:20:54.540+0000] {processor.py:208} INFO - Processing /opt/airflow/dags/daily_chek.py took 0.090 seconds
[2026-05-01T18:21:24.861+0000] {processor.py:186} INFO - Started process (PID=1459) to work on /opt/airflow/dags/daily_chek.py
[2026-05-01T18:21:24.868+0000] {processor.py:914} INFO - Processing file /opt/airflow/dags/daily_chek.py for tasks to queue
[2026-05-01T18:21:24.870+0000] {logging_mixin.py:190} INFO - [2026-05-01T18:21:24.870+0000] {dagbag.py:588} INFO - Filling up the DagBag from /opt/airflow/dags/daily_chek.py
[2026-05-01T18:21:24.874+0000] {logging_mixin.py:190} INFO - [2026-05-01T18:21:24.873+0000] {dagbag.py:387} ERROR - Failed to import: /opt/airflow/dags/daily_chek.py
Traceback (most recent call last):
  File "/home/airflow/.local/lib/python3.12/site-packages/airflow/models/dagbag.py", line 383, in parse
    loader.exec_module(new_module)
  File "<frozen importlib._bootstrap_external>", line 999, in exec_module
  File "<frozen importlib._bootstrap>", line 488, in _call_with_frames_removed
  File "/opt/airflow/dags/daily_chek.py", line 4, in <module>
    from pyspark.sql import SparkSession
ModuleNotFoundError: No module named 'pyspark'
[2026-05-01T18:21:24.875+0000] {processor.py:927} WARNING - No viable dags retrieved from /opt/airflow/dags/daily_chek.py
[2026-05-01T18:21:24.897+0000] {processor.py:208} INFO - Processing /opt/airflow/dags/daily_chek.py took 0.049 seconds
[2026-05-01T18:21:55.242+0000] {processor.py:186} INFO - Started process (PID=1475) to work on /opt/airflow/dags/daily_chek.py
[2026-05-01T18:21:55.244+0000] {processor.py:914} INFO - Processing file /opt/airflow/dags/daily_chek.py for tasks to queue
[2026-05-01T18:21:55.249+0000] {logging_mixin.py:190} INFO - [2026-05-01T18:21:55.248+0000] {dagbag.py:588} INFO - Filling up the DagBag from /opt/airflow/dags/daily_chek.py
[2026-05-01T18:21:55.260+0000] {logging_mixin.py:190} INFO - [2026-05-01T18:21:55.256+0000] {dagbag.py:387} ERROR - Failed to import: /opt/airflow/dags/daily_chek.py
Traceback (most recent call last):
  File "/home/airflow/.local/lib/python3.12/site-packages/airflow/models/dagbag.py", line 383, in parse
    loader.exec_module(new_module)
  File "<frozen importlib._bootstrap_external>", line 999, in exec_module
  File "<frozen importlib._bootstrap>", line 488, in _call_with_frames_removed
  File "/opt/airflow/dags/daily_chek.py", line 4, in <module>
    from pyspark.sql import SparkSession
ModuleNotFoundError: No module named 'pyspark'
[2026-05-01T18:21:55.261+0000] {processor.py:927} WARNING - No viable dags retrieved from /opt/airflow/dags/daily_chek.py
[2026-05-01T18:21:55.312+0000] {processor.py:208} INFO - Processing /opt/airflow/dags/daily_chek.py took 0.088 seconds
[2026-05-01T18:22:25.654+0000] {processor.py:186} INFO - Started process (PID=1491) to work on /opt/airflow/dags/daily_chek.py
[2026-05-01T18:22:25.662+0000] {processor.py:914} INFO - Processing file /opt/airflow/dags/daily_chek.py for tasks to queue
[2026-05-01T18:22:25.668+0000] {logging_mixin.py:190} INFO - [2026-05-01T18:22:25.667+0000] {dagbag.py:588} INFO - Filling up the DagBag from /opt/airflow/dags/daily_chek.py
[2026-05-01T18:22:25.677+0000] {logging_mixin.py:190} INFO - [2026-05-01T18:22:25.674+0000] {dagbag.py:387} ERROR - Failed to import: /opt/airflow/dags/daily_chek.py
Traceback (most recent call last):
  File "/home/airflow/.local/lib/python3.12/site-packages/airflow/models/dagbag.py", line 383, in parse
    loader.exec_module(new_module)
  File "<frozen importlib._bootstrap_external>", line 999, in exec_module
  File "<frozen importlib._bootstrap>", line 488, in _call_with_frames_removed
  File "/opt/airflow/dags/daily_chek.py", line 4, in <module>
    from pyspark.sql import SparkSession
ModuleNotFoundError: No module named 'pyspark'
[2026-05-01T18:22:25.679+0000] {processor.py:927} WARNING - No viable dags retrieved from /opt/airflow/dags/daily_chek.py
[2026-05-01T18:22:25.728+0000] {processor.py:208} INFO - Processing /opt/airflow/dags/daily_chek.py took 0.091 seconds
[2026-05-01T18:22:56.078+0000] {processor.py:186} INFO - Started process (PID=1507) to work on /opt/airflow/dags/daily_chek.py
[2026-05-01T18:22:56.080+0000] {processor.py:914} INFO - Processing file /opt/airflow/dags/daily_chek.py for tasks to queue
[2026-05-01T18:22:56.086+0000] {logging_mixin.py:190} INFO - [2026-05-01T18:22:56.085+0000] {dagbag.py:588} INFO - Filling up the DagBag from /opt/airflow/dags/daily_chek.py
[2026-05-01T18:22:56.097+0000] {logging_mixin.py:190} INFO - [2026-05-01T18:22:56.094+0000] {dagbag.py:387} ERROR - Failed to import: /opt/airflow/dags/daily_chek.py
Traceback (most recent call last):
  File "/home/airflow/.local/lib/python3.12/site-packages/airflow/models/dagbag.py", line 383, in parse
    loader.exec_module(new_module)
  File "<frozen importlib._bootstrap_external>", line 999, in exec_module
  File "<frozen importlib._bootstrap>", line 488, in _call_with_frames_removed
  File "/opt/airflow/dags/daily_chek.py", line 4, in <module>
    from pyspark.sql import SparkSession
ModuleNotFoundError: No module named 'pyspark'
[2026-05-01T18:22:56.099+0000] {processor.py:927} WARNING - No viable dags retrieved from /opt/airflow/dags/daily_chek.py
[2026-05-01T18:22:56.148+0000] {processor.py:208} INFO - Processing /opt/airflow/dags/daily_chek.py took 0.094 seconds
[2026-05-01T18:23:26.498+0000] {processor.py:186} INFO - Started process (PID=1523) to work on /opt/airflow/dags/daily_chek.py
[2026-05-01T18:23:26.505+0000] {processor.py:914} INFO - Processing file /opt/airflow/dags/daily_chek.py for tasks to queue
[2026-05-01T18:23:26.511+0000] {logging_mixin.py:190} INFO - [2026-05-01T18:23:26.510+0000] {dagbag.py:588} INFO - Filling up the DagBag from /opt/airflow/dags/daily_chek.py
[2026-05-01T18:23:26.521+0000] {logging_mixin.py:190} INFO - [2026-05-01T18:23:26.518+0000] {dagbag.py:387} ERROR - Failed to import: /opt/airflow/dags/daily_chek.py
Traceback (most recent call last):
  File "/home/airflow/.local/lib/python3.12/site-packages/airflow/models/dagbag.py", line 383, in parse
    loader.exec_module(new_module)
  File "<frozen importlib._bootstrap_external>", line 999, in exec_module
  File "<frozen importlib._bootstrap>", line 488, in _call_with_frames_removed
  File "/opt/airflow/dags/daily_chek.py", line 4, in <module>
    from pyspark.sql import SparkSession
ModuleNotFoundError: No module named 'pyspark'
[2026-05-01T18:23:26.523+0000] {processor.py:927} WARNING - No viable dags retrieved from /opt/airflow/dags/daily_chek.py
[2026-05-01T18:23:26.573+0000] {processor.py:208} INFO - Processing /opt/airflow/dags/daily_chek.py took 0.092 seconds
[2026-05-01T18:23:56.912+0000] {processor.py:186} INFO - Started process (PID=1539) to work on /opt/airflow/dags/daily_chek.py
[2026-05-01T18:23:56.914+0000] {processor.py:914} INFO - Processing file /opt/airflow/dags/daily_chek.py for tasks to queue
[2026-05-01T18:23:56.919+0000] {logging_mixin.py:190} INFO - [2026-05-01T18:23:56.919+0000] {dagbag.py:588} INFO - Filling up the DagBag from /opt/airflow/dags/daily_chek.py
[2026-05-01T18:23:56.929+0000] {logging_mixin.py:190} INFO - [2026-05-01T18:23:56.926+0000] {dagbag.py:387} ERROR - Failed to import: /opt/airflow/dags/daily_chek.py
Traceback (most recent call last):
  File "/home/airflow/.local/lib/python3.12/site-packages/airflow/models/dagbag.py", line 383, in parse
    loader.exec_module(new_module)
  File "<frozen importlib._bootstrap_external>", line 999, in exec_module
  File "<frozen importlib._bootstrap>", line 488, in _call_with_frames_removed
  File "/opt/airflow/dags/daily_chek.py", line 4, in <module>
    from pyspark.sql import SparkSession
ModuleNotFoundError: No module named 'pyspark'
[2026-05-01T18:23:56.931+0000] {processor.py:927} WARNING - No viable dags retrieved from /opt/airflow/dags/daily_chek.py
[2026-05-01T18:23:56.986+0000] {processor.py:208} INFO - Processing /opt/airflow/dags/daily_chek.py took 0.097 seconds
[2026-05-01T18:24:27.253+0000] {processor.py:186} INFO - Started process (PID=1555) to work on /opt/airflow/dags/daily_chek.py
[2026-05-01T18:24:27.259+0000] {processor.py:914} INFO - Processing file /opt/airflow/dags/daily_chek.py for tasks to queue
[2026-05-01T18:24:27.262+0000] {logging_mixin.py:190} INFO - [2026-05-01T18:24:27.262+0000] {dagbag.py:588} INFO - Filling up the DagBag from /opt/airflow/dags/daily_chek.py
[2026-05-01T18:24:27.266+0000] {logging_mixin.py:190} INFO - [2026-05-01T18:24:27.265+0000] {dagbag.py:387} ERROR - Failed to import: /opt/airflow/dags/daily_chek.py
Traceback (most recent call last):
  File "/home/airflow/.local/lib/python3.12/site-packages/airflow/models/dagbag.py", line 383, in parse
    loader.exec_module(new_module)
  File "<frozen importlib._bootstrap_external>", line 999, in exec_module
  File "<frozen importlib._bootstrap>", line 488, in _call_with_frames_removed
  File "/opt/airflow/dags/daily_chek.py", line 4, in <module>
    from pyspark.sql import SparkSession
ModuleNotFoundError: No module named 'pyspark'
[2026-05-01T18:24:27.267+0000] {processor.py:927} WARNING - No viable dags retrieved from /opt/airflow/dags/daily_chek.py
[2026-05-01T18:24:27.286+0000] {processor.py:208} INFO - Processing /opt/airflow/dags/daily_chek.py took 0.041 seconds
[2026-05-01T18:24:57.597+0000] {processor.py:186} INFO - Started process (PID=1571) to work on /opt/airflow/dags/daily_chek.py
[2026-05-01T18:24:57.599+0000] {processor.py:914} INFO - Processing file /opt/airflow/dags/daily_chek.py for tasks to queue
[2026-05-01T18:24:57.604+0000] {logging_mixin.py:190} INFO - [2026-05-01T18:24:57.603+0000] {dagbag.py:588} INFO - Filling up the DagBag from /opt/airflow/dags/daily_chek.py
[2026-05-01T18:24:57.615+0000] {logging_mixin.py:190} INFO - [2026-05-01T18:24:57.611+0000] {dagbag.py:387} ERROR - Failed to import: /opt/airflow/dags/daily_chek.py
Traceback (most recent call last):
  File "/home/airflow/.local/lib/python3.12/site-packages/airflow/models/dagbag.py", line 383, in parse
    loader.exec_module(new_module)
  File "<frozen importlib._bootstrap_external>", line 999, in exec_module
  File "<frozen importlib._bootstrap>", line 488, in _call_with_frames_removed
  File "/opt/airflow/dags/daily_chek.py", line 4, in <module>
    from pyspark.sql import SparkSession
ModuleNotFoundError: No module named 'pyspark'
[2026-05-01T18:24:57.616+0000] {processor.py:927} WARNING - No viable dags retrieved from /opt/airflow/dags/daily_chek.py
[2026-05-01T18:24:57.671+0000] {processor.py:208} INFO - Processing /opt/airflow/dags/daily_chek.py took 0.092 seconds
[2026-05-01T18:25:28.006+0000] {processor.py:186} INFO - Started process (PID=1587) to work on /opt/airflow/dags/daily_chek.py
[2026-05-01T18:25:28.014+0000] {processor.py:914} INFO - Processing file /opt/airflow/dags/daily_chek.py for tasks to queue
[2026-05-01T18:25:28.020+0000] {logging_mixin.py:190} INFO - [2026-05-01T18:25:28.019+0000] {dagbag.py:588} INFO - Filling up the DagBag from /opt/airflow/dags/daily_chek.py
[2026-05-01T18:25:28.030+0000] {logging_mixin.py:190} INFO - [2026-05-01T18:25:28.027+0000] {dagbag.py:387} ERROR - Failed to import: /opt/airflow/dags/daily_chek.py
Traceback (most recent call last):
  File "/home/airflow/.local/lib/python3.12/site-packages/airflow/models/dagbag.py", line 383, in parse
    loader.exec_module(new_module)
  File "<frozen importlib._bootstrap_external>", line 999, in exec_module
  File "<frozen importlib._bootstrap>", line 488, in _call_with_frames_removed
  File "/opt/airflow/dags/daily_chek.py", line 4, in <module>
    from pyspark.sql import SparkSession
ModuleNotFoundError: No module named 'pyspark'
[2026-05-01T18:25:28.031+0000] {processor.py:927} WARNING - No viable dags retrieved from /opt/airflow/dags/daily_chek.py
[2026-05-01T18:25:28.079+0000] {processor.py:208} INFO - Processing /opt/airflow/dags/daily_chek.py took 0.091 seconds
[2026-05-01T18:25:58.408+0000] {processor.py:186} INFO - Started process (PID=1603) to work on /opt/airflow/dags/daily_chek.py
[2026-05-01T18:25:58.410+0000] {processor.py:914} INFO - Processing file /opt/airflow/dags/daily_chek.py for tasks to queue
[2026-05-01T18:25:58.417+0000] {logging_mixin.py:190} INFO - [2026-05-01T18:25:58.416+0000] {dagbag.py:588} INFO - Filling up the DagBag from /opt/airflow/dags/daily_chek.py
[2026-05-01T18:25:58.428+0000] {logging_mixin.py:190} INFO - [2026-05-01T18:25:58.424+0000] {dagbag.py:387} ERROR - Failed to import: /opt/airflow/dags/daily_chek.py
Traceback (most recent call last):
  File "/home/airflow/.local/lib/python3.12/site-packages/airflow/models/dagbag.py", line 383, in parse
    loader.exec_module(new_module)
  File "<frozen importlib._bootstrap_external>", line 999, in exec_module
  File "<frozen importlib._bootstrap>", line 488, in _call_with_frames_removed
  File "/opt/airflow/dags/daily_chek.py", line 4, in <module>
    from pyspark.sql import SparkSession
ModuleNotFoundError: No module named 'pyspark'
[2026-05-01T18:25:58.430+0000] {processor.py:927} WARNING - No viable dags retrieved from /opt/airflow/dags/daily_chek.py
[2026-05-01T18:25:58.484+0000] {processor.py:208} INFO - Processing /opt/airflow/dags/daily_chek.py took 0.096 seconds
[2026-05-01T18:26:28.836+0000] {processor.py:186} INFO - Started process (PID=1619) to work on /opt/airflow/dags/daily_chek.py
[2026-05-01T18:26:28.843+0000] {processor.py:914} INFO - Processing file /opt/airflow/dags/daily_chek.py for tasks to queue
[2026-05-01T18:26:28.849+0000] {logging_mixin.py:190} INFO - [2026-05-01T18:26:28.848+0000] {dagbag.py:588} INFO - Filling up the DagBag from /opt/airflow/dags/daily_chek.py
[2026-05-01T18:26:28.859+0000] {logging_mixin.py:190} INFO - [2026-05-01T18:26:28.856+0000] {dagbag.py:387} ERROR - Failed to import: /opt/airflow/dags/daily_chek.py
Traceback (most recent call last):
  File "/home/airflow/.local/lib/python3.12/site-packages/airflow/models/dagbag.py", line 383, in parse
    loader.exec_module(new_module)
  File "<frozen importlib._bootstrap_external>", line 999, in exec_module
  File "<frozen importlib._bootstrap>", line 488, in _call_with_frames_removed
  File "/opt/airflow/dags/daily_chek.py", line 4, in <module>
    from pyspark.sql import SparkSession
ModuleNotFoundError: No module named 'pyspark'
[2026-05-01T18:26:28.861+0000] {processor.py:927} WARNING - No viable dags retrieved from /opt/airflow/dags/daily_chek.py
[2026-05-01T18:26:28.913+0000] {processor.py:208} INFO - Processing /opt/airflow/dags/daily_chek.py took 0.094 seconds
[2026-05-01T18:26:59.250+0000] {processor.py:186} INFO - Started process (PID=1635) to work on /opt/airflow/dags/daily_chek.py
[2026-05-01T18:26:59.258+0000] {processor.py:914} INFO - Processing file /opt/airflow/dags/daily_chek.py for tasks to queue
[2026-05-01T18:26:59.264+0000] {logging_mixin.py:190} INFO - [2026-05-01T18:26:59.263+0000] {dagbag.py:588} INFO - Filling up the DagBag from /opt/airflow/dags/daily_chek.py
[2026-05-01T18:26:59.274+0000] {logging_mixin.py:190} INFO - [2026-05-01T18:26:59.271+0000] {dagbag.py:387} ERROR - Failed to import: /opt/airflow/dags/daily_chek.py
Traceback (most recent call last):
  File "/home/airflow/.local/lib/python3.12/site-packages/airflow/models/dagbag.py", line 383, in parse
    loader.exec_module(new_module)
  File "<frozen importlib._bootstrap_external>", line 999, in exec_module
  File "<frozen importlib._bootstrap>", line 488, in _call_with_frames_removed
  File "/opt/airflow/dags/daily_chek.py", line 4, in <module>
    from pyspark.sql import SparkSession
ModuleNotFoundError: No module named 'pyspark'
[2026-05-01T18:26:59.276+0000] {processor.py:927} WARNING - No viable dags retrieved from /opt/airflow/dags/daily_chek.py
[2026-05-01T18:26:59.325+0000] {processor.py:208} INFO - Processing /opt/airflow/dags/daily_chek.py took 0.093 seconds
[2026-05-01T18:27:29.675+0000] {processor.py:186} INFO - Started process (PID=1651) to work on /opt/airflow/dags/daily_chek.py
[2026-05-01T18:27:29.678+0000] {processor.py:914} INFO - Processing file /opt/airflow/dags/daily_chek.py for tasks to queue
[2026-05-01T18:27:29.685+0000] {logging_mixin.py:190} INFO - [2026-05-01T18:27:29.684+0000] {dagbag.py:588} INFO - Filling up the DagBag from /opt/airflow/dags/daily_chek.py
[2026-05-01T18:27:29.699+0000] {logging_mixin.py:190} INFO - [2026-05-01T18:27:29.694+0000] {dagbag.py:387} ERROR - Failed to import: /opt/airflow/dags/daily_chek.py
Traceback (most recent call last):
  File "/home/airflow/.local/lib/python3.12/site-packages/airflow/models/dagbag.py", line 383, in parse
    loader.exec_module(new_module)
  File "<frozen importlib._bootstrap_external>", line 999, in exec_module
  File "<frozen importlib._bootstrap>", line 488, in _call_with_frames_removed
  File "/opt/airflow/dags/daily_chek.py", line 4, in <module>
    from pyspark.sql import SparkSession
ModuleNotFoundError: No module named 'pyspark'
[2026-05-01T18:27:29.701+0000] {processor.py:927} WARNING - No viable dags retrieved from /opt/airflow/dags/daily_chek.py
[2026-05-01T18:27:29.749+0000] {processor.py:208} INFO - Processing /opt/airflow/dags/daily_chek.py took 0.095 seconds
[2026-05-01T18:28:00.088+0000] {processor.py:186} INFO - Started process (PID=1667) to work on /opt/airflow/dags/daily_chek.py
[2026-05-01T18:28:00.090+0000] {processor.py:914} INFO - Processing file /opt/airflow/dags/daily_chek.py for tasks to queue
[2026-05-01T18:28:00.096+0000] {logging_mixin.py:190} INFO - [2026-05-01T18:28:00.095+0000] {dagbag.py:588} INFO - Filling up the DagBag from /opt/airflow/dags/daily_chek.py
[2026-05-01T18:28:00.105+0000] {logging_mixin.py:190} INFO - [2026-05-01T18:28:00.102+0000] {dagbag.py:387} ERROR - Failed to import: /opt/airflow/dags/daily_chek.py
Traceback (most recent call last):
  File "/home/airflow/.local/lib/python3.12/site-packages/airflow/models/dagbag.py", line 383, in parse
    loader.exec_module(new_module)
  File "<frozen importlib._bootstrap_external>", line 999, in exec_module
  File "<frozen importlib._bootstrap>", line 488, in _call_with_frames_removed
  File "/opt/airflow/dags/daily_chek.py", line 4, in <module>
    from pyspark.sql import SparkSession
ModuleNotFoundError: No module named 'pyspark'
[2026-05-01T18:28:00.107+0000] {processor.py:927} WARNING - No viable dags retrieved from /opt/airflow/dags/daily_chek.py
[2026-05-01T18:28:00.160+0000] {processor.py:208} INFO - Processing /opt/airflow/dags/daily_chek.py took 0.088 seconds
[2026-05-01T18:28:30.503+0000] {processor.py:186} INFO - Started process (PID=1683) to work on /opt/airflow/dags/daily_chek.py
[2026-05-01T18:28:30.511+0000] {processor.py:914} INFO - Processing file /opt/airflow/dags/daily_chek.py for tasks to queue
[2026-05-01T18:28:30.517+0000] {logging_mixin.py:190} INFO - [2026-05-01T18:28:30.516+0000] {dagbag.py:588} INFO - Filling up the DagBag from /opt/airflow/dags/daily_chek.py
[2026-05-01T18:28:30.527+0000] {logging_mixin.py:190} INFO - [2026-05-01T18:28:30.524+0000] {dagbag.py:387} ERROR - Failed to import: /opt/airflow/dags/daily_chek.py
Traceback (most recent call last):
  File "/home/airflow/.local/lib/python3.12/site-packages/airflow/models/dagbag.py", line 383, in parse
    loader.exec_module(new_module)
  File "<frozen importlib._bootstrap_external>", line 999, in exec_module
  File "<frozen importlib._bootstrap>", line 488, in _call_with_frames_removed
  File "/opt/airflow/dags/daily_chek.py", line 4, in <module>
    from pyspark.sql import SparkSession
ModuleNotFoundError: No module named 'pyspark'
[2026-05-01T18:28:30.530+0000] {processor.py:927} WARNING - No viable dags retrieved from /opt/airflow/dags/daily_chek.py
[2026-05-01T18:28:30.580+0000] {processor.py:208} INFO - Processing /opt/airflow/dags/daily_chek.py took 0.093 seconds
[2026-05-01T18:29:00.930+0000] {processor.py:186} INFO - Started process (PID=1699) to work on /opt/airflow/dags/daily_chek.py
[2026-05-01T18:29:00.931+0000] {processor.py:914} INFO - Processing file /opt/airflow/dags/daily_chek.py for tasks to queue
[2026-05-01T18:29:00.937+0000] {logging_mixin.py:190} INFO - [2026-05-01T18:29:00.936+0000] {dagbag.py:588} INFO - Filling up the DagBag from /opt/airflow/dags/daily_chek.py
[2026-05-01T18:29:00.947+0000] {logging_mixin.py:190} INFO - [2026-05-01T18:29:00.944+0000] {dagbag.py:387} ERROR - Failed to import: /opt/airflow/dags/daily_chek.py
Traceback (most recent call last):
  File "/home/airflow/.local/lib/python3.12/site-packages/airflow/models/dagbag.py", line 383, in parse
    loader.exec_module(new_module)
  File "<frozen importlib._bootstrap_external>", line 999, in exec_module
  File "<frozen importlib._bootstrap>", line 488, in _call_with_frames_removed
  File "/opt/airflow/dags/daily_chek.py", line 4, in <module>
    from pyspark.sql import SparkSession
ModuleNotFoundError: No module named 'pyspark'
[2026-05-01T18:29:00.949+0000] {processor.py:927} WARNING - No viable dags retrieved from /opt/airflow/dags/daily_chek.py
[2026-05-01T18:29:01.001+0000] {processor.py:208} INFO - Processing /opt/airflow/dags/daily_chek.py took 0.091 seconds
[2026-05-01T18:29:31.338+0000] {processor.py:186} INFO - Started process (PID=1715) to work on /opt/airflow/dags/daily_chek.py
[2026-05-01T18:29:31.346+0000] {processor.py:914} INFO - Processing file /opt/airflow/dags/daily_chek.py for tasks to queue
[2026-05-01T18:29:31.351+0000] {logging_mixin.py:190} INFO - [2026-05-01T18:29:31.351+0000] {dagbag.py:588} INFO - Filling up the DagBag from /opt/airflow/dags/daily_chek.py
[2026-05-01T18:29:31.361+0000] {logging_mixin.py:190} INFO - [2026-05-01T18:29:31.358+0000] {dagbag.py:387} ERROR - Failed to import: /opt/airflow/dags/daily_chek.py
Traceback (most recent call last):
  File "/home/airflow/.local/lib/python3.12/site-packages/airflow/models/dagbag.py", line 383, in parse
    loader.exec_module(new_module)
  File "<frozen importlib._bootstrap_external>", line 999, in exec_module
  File "<frozen importlib._bootstrap>", line 488, in _call_with_frames_removed
  File "/opt/airflow/dags/daily_chek.py", line 4, in <module>
    from pyspark.sql import SparkSession
ModuleNotFoundError: No module named 'pyspark'
[2026-05-01T18:29:31.363+0000] {processor.py:927} WARNING - No viable dags retrieved from /opt/airflow/dags/daily_chek.py
[2026-05-01T18:29:31.411+0000] {processor.py:208} INFO - Processing /opt/airflow/dags/daily_chek.py took 0.089 seconds
[2026-05-01T18:30:01.751+0000] {processor.py:186} INFO - Started process (PID=1732) to work on /opt/airflow/dags/daily_chek.py
[2026-05-01T18:30:01.753+0000] {processor.py:914} INFO - Processing file /opt/airflow/dags/daily_chek.py for tasks to queue
[2026-05-01T18:30:01.762+0000] {logging_mixin.py:190} INFO - [2026-05-01T18:30:01.761+0000] {dagbag.py:588} INFO - Filling up the DagBag from /opt/airflow/dags/daily_chek.py
[2026-05-01T18:30:01.777+0000] {logging_mixin.py:190} INFO - [2026-05-01T18:30:01.772+0000] {dagbag.py:387} ERROR - Failed to import: /opt/airflow/dags/daily_chek.py
Traceback (most recent call last):
  File "/home/airflow/.local/lib/python3.12/site-packages/airflow/models/dagbag.py", line 383, in parse
    loader.exec_module(new_module)
  File "<frozen importlib._bootstrap_external>", line 999, in exec_module
  File "<frozen importlib._bootstrap>", line 488, in _call_with_frames_removed
  File "/opt/airflow/dags/daily_chek.py", line 4, in <module>
    from pyspark.sql import SparkSession
ModuleNotFoundError: No module named 'pyspark'
[2026-05-01T18:30:01.779+0000] {processor.py:927} WARNING - No viable dags retrieved from /opt/airflow/dags/daily_chek.py
[2026-05-01T18:30:01.825+0000] {processor.py:208} INFO - Processing /opt/airflow/dags/daily_chek.py took 0.097 seconds
[2026-05-01T18:30:32.157+0000] {processor.py:186} INFO - Started process (PID=1748) to work on /opt/airflow/dags/daily_chek.py
[2026-05-01T18:30:32.165+0000] {processor.py:914} INFO - Processing file /opt/airflow/dags/daily_chek.py for tasks to queue
[2026-05-01T18:30:32.172+0000] {logging_mixin.py:190} INFO - [2026-05-01T18:30:32.171+0000] {dagbag.py:588} INFO - Filling up the DagBag from /opt/airflow/dags/daily_chek.py
[2026-05-01T18:30:32.182+0000] {logging_mixin.py:190} INFO - [2026-05-01T18:30:32.178+0000] {dagbag.py:387} ERROR - Failed to import: /opt/airflow/dags/daily_chek.py
Traceback (most recent call last):
  File "/home/airflow/.local/lib/python3.12/site-packages/airflow/models/dagbag.py", line 383, in parse
    loader.exec_module(new_module)
  File "<frozen importlib._bootstrap_external>", line 999, in exec_module
  File "<frozen importlib._bootstrap>", line 488, in _call_with_frames_removed
  File "/opt/airflow/dags/daily_chek.py", line 4, in <module>
    from pyspark.sql import SparkSession
ModuleNotFoundError: No module named 'pyspark'
[2026-05-01T18:30:32.183+0000] {processor.py:927} WARNING - No viable dags retrieved from /opt/airflow/dags/daily_chek.py
[2026-05-01T18:30:32.233+0000] {processor.py:208} INFO - Processing /opt/airflow/dags/daily_chek.py took 0.094 seconds
[2026-05-01T18:31:02.560+0000] {processor.py:186} INFO - Started process (PID=1764) to work on /opt/airflow/dags/daily_chek.py
[2026-05-01T18:31:02.562+0000] {processor.py:914} INFO - Processing file /opt/airflow/dags/daily_chek.py for tasks to queue
[2026-05-01T18:31:02.568+0000] {logging_mixin.py:190} INFO - [2026-05-01T18:31:02.567+0000] {dagbag.py:588} INFO - Filling up the DagBag from /opt/airflow/dags/daily_chek.py
[2026-05-01T18:31:02.578+0000] {logging_mixin.py:190} INFO - [2026-05-01T18:31:02.574+0000] {dagbag.py:387} ERROR - Failed to import: /opt/airflow/dags/daily_chek.py
Traceback (most recent call last):
  File "/home/airflow/.local/lib/python3.12/site-packages/airflow/models/dagbag.py", line 383, in parse
    loader.exec_module(new_module)
  File "<frozen importlib._bootstrap_external>", line 999, in exec_module
  File "<frozen importlib._bootstrap>", line 488, in _call_with_frames_removed
  File "/opt/airflow/dags/daily_chek.py", line 4, in <module>
    from pyspark.sql import SparkSession
ModuleNotFoundError: No module named 'pyspark'
[2026-05-01T18:31:02.580+0000] {processor.py:927} WARNING - No viable dags retrieved from /opt/airflow/dags/daily_chek.py
[2026-05-01T18:31:02.629+0000] {processor.py:208} INFO - Processing /opt/airflow/dags/daily_chek.py took 0.087 seconds
[2026-05-01T18:31:32.972+0000] {processor.py:186} INFO - Started process (PID=1780) to work on /opt/airflow/dags/daily_chek.py
[2026-05-01T18:31:32.978+0000] {processor.py:914} INFO - Processing file /opt/airflow/dags/daily_chek.py for tasks to queue
[2026-05-01T18:31:32.984+0000] {logging_mixin.py:190} INFO - [2026-05-01T18:31:32.983+0000] {dagbag.py:588} INFO - Filling up the DagBag from /opt/airflow/dags/daily_chek.py
[2026-05-01T18:31:32.994+0000] {logging_mixin.py:190} INFO - [2026-05-01T18:31:32.990+0000] {dagbag.py:387} ERROR - Failed to import: /opt/airflow/dags/daily_chek.py
Traceback (most recent call last):
  File "/home/airflow/.local/lib/python3.12/site-packages/airflow/models/dagbag.py", line 383, in parse
    loader.exec_module(new_module)
  File "<frozen importlib._bootstrap_external>", line 999, in exec_module
  File "<frozen importlib._bootstrap>", line 488, in _call_with_frames_removed
  File "/opt/airflow/dags/daily_chek.py", line 4, in <module>
    from pyspark.sql import SparkSession
ModuleNotFoundError: No module named 'pyspark'
[2026-05-01T18:31:32.995+0000] {processor.py:927} WARNING - No viable dags retrieved from /opt/airflow/dags/daily_chek.py
[2026-05-01T18:31:33.051+0000] {processor.py:208} INFO - Processing /opt/airflow/dags/daily_chek.py took 0.096 seconds
[2026-05-01T18:32:03.402+0000] {processor.py:186} INFO - Started process (PID=1796) to work on /opt/airflow/dags/daily_chek.py
[2026-05-01T18:32:03.403+0000] {processor.py:914} INFO - Processing file /opt/airflow/dags/daily_chek.py for tasks to queue
[2026-05-01T18:32:03.409+0000] {logging_mixin.py:190} INFO - [2026-05-01T18:32:03.408+0000] {dagbag.py:588} INFO - Filling up the DagBag from /opt/airflow/dags/daily_chek.py
[2026-05-01T18:32:03.419+0000] {logging_mixin.py:190} INFO - [2026-05-01T18:32:03.416+0000] {dagbag.py:387} ERROR - Failed to import: /opt/airflow/dags/daily_chek.py
Traceback (most recent call last):
  File "/home/airflow/.local/lib/python3.12/site-packages/airflow/models/dagbag.py", line 383, in parse
    loader.exec_module(new_module)
  File "<frozen importlib._bootstrap_external>", line 999, in exec_module
  File "<frozen importlib._bootstrap>", line 488, in _call_with_frames_removed
  File "/opt/airflow/dags/daily_chek.py", line 4, in <module>
    from pyspark.sql import SparkSession
ModuleNotFoundError: No module named 'pyspark'
[2026-05-01T18:32:03.421+0000] {processor.py:927} WARNING - No viable dags retrieved from /opt/airflow/dags/daily_chek.py
[2026-05-01T18:32:03.471+0000] {processor.py:208} INFO - Processing /opt/airflow/dags/daily_chek.py took 0.094 seconds
[2026-05-01T18:32:33.823+0000] {processor.py:186} INFO - Started process (PID=1813) to work on /opt/airflow/dags/daily_chek.py
[2026-05-01T18:32:33.832+0000] {processor.py:914} INFO - Processing file /opt/airflow/dags/daily_chek.py for tasks to queue
[2026-05-01T18:32:33.844+0000] {logging_mixin.py:190} INFO - [2026-05-01T18:32:33.842+0000] {dagbag.py:588} INFO - Filling up the DagBag from /opt/airflow/dags/daily_chek.py
[2026-05-01T18:32:33.858+0000] {logging_mixin.py:190} INFO - [2026-05-01T18:32:33.853+0000] {dagbag.py:387} ERROR - Failed to import: /opt/airflow/dags/daily_chek.py
Traceback (most recent call last):
  File "/home/airflow/.local/lib/python3.12/site-packages/airflow/models/dagbag.py", line 383, in parse
    loader.exec_module(new_module)
  File "<frozen importlib._bootstrap_external>", line 999, in exec_module
  File "<frozen importlib._bootstrap>", line 488, in _call_with_frames_removed
  File "/opt/airflow/dags/daily_chek.py", line 4, in <module>
    from pyspark.sql import SparkSession
ModuleNotFoundError: No module named 'pyspark'
[2026-05-01T18:32:33.859+0000] {processor.py:927} WARNING - No viable dags retrieved from /opt/airflow/dags/daily_chek.py
[2026-05-01T18:32:33.907+0000] {processor.py:208} INFO - Processing /opt/airflow/dags/daily_chek.py took 0.107 seconds
[2026-05-01T18:33:04.245+0000] {processor.py:186} INFO - Started process (PID=1829) to work on /opt/airflow/dags/daily_chek.py
[2026-05-01T18:33:04.247+0000] {processor.py:914} INFO - Processing file /opt/airflow/dags/daily_chek.py for tasks to queue
[2026-05-01T18:33:04.252+0000] {logging_mixin.py:190} INFO - [2026-05-01T18:33:04.251+0000] {dagbag.py:588} INFO - Filling up the DagBag from /opt/airflow/dags/daily_chek.py
[2026-05-01T18:33:04.263+0000] {logging_mixin.py:190} INFO - [2026-05-01T18:33:04.260+0000] {dagbag.py:387} ERROR - Failed to import: /opt/airflow/dags/daily_chek.py
Traceback (most recent call last):
  File "/home/airflow/.local/lib/python3.12/site-packages/airflow/models/dagbag.py", line 383, in parse
    loader.exec_module(new_module)
  File "<frozen importlib._bootstrap_external>", line 999, in exec_module
  File "<frozen importlib._bootstrap>", line 488, in _call_with_frames_removed
  File "/opt/airflow/dags/daily_chek.py", line 4, in <module>
    from pyspark.sql import SparkSession
ModuleNotFoundError: No module named 'pyspark'
[2026-05-01T18:33:04.265+0000] {processor.py:927} WARNING - No viable dags retrieved from /opt/airflow/dags/daily_chek.py
[2026-05-01T18:33:04.314+0000] {processor.py:208} INFO - Processing /opt/airflow/dags/daily_chek.py took 0.087 seconds
[2026-05-01T18:33:34.682+0000] {processor.py:186} INFO - Started process (PID=1845) to work on /opt/airflow/dags/daily_chek.py
[2026-05-01T18:33:34.690+0000] {processor.py:914} INFO - Processing file /opt/airflow/dags/daily_chek.py for tasks to queue
[2026-05-01T18:33:34.698+0000] {logging_mixin.py:190} INFO - [2026-05-01T18:33:34.697+0000] {dagbag.py:588} INFO - Filling up the DagBag from /opt/airflow/dags/daily_chek.py
[2026-05-01T18:33:34.714+0000] {logging_mixin.py:190} INFO - [2026-05-01T18:33:34.709+0000] {dagbag.py:387} ERROR - Failed to import: /opt/airflow/dags/daily_chek.py
Traceback (most recent call last):
  File "/home/airflow/.local/lib/python3.12/site-packages/airflow/models/dagbag.py", line 383, in parse
    loader.exec_module(new_module)
  File "<frozen importlib._bootstrap_external>", line 999, in exec_module
  File "<frozen importlib._bootstrap>", line 488, in _call_with_frames_removed
  File "/opt/airflow/dags/daily_chek.py", line 4, in <module>
    from pyspark.sql import SparkSession
ModuleNotFoundError: No module named 'pyspark'
[2026-05-01T18:33:34.716+0000] {processor.py:927} WARNING - No viable dags retrieved from /opt/airflow/dags/daily_chek.py
[2026-05-01T18:33:34.765+0000] {processor.py:208} INFO - Processing /opt/airflow/dags/daily_chek.py took 0.107 seconds
[2026-05-01T18:34:05.113+0000] {processor.py:186} INFO - Started process (PID=1861) to work on /opt/airflow/dags/daily_chek.py
[2026-05-01T18:34:05.116+0000] {processor.py:914} INFO - Processing file /opt/airflow/dags/daily_chek.py for tasks to queue
[2026-05-01T18:34:05.123+0000] {logging_mixin.py:190} INFO - [2026-05-01T18:34:05.122+0000] {dagbag.py:588} INFO - Filling up the DagBag from /opt/airflow/dags/daily_chek.py
[2026-05-01T18:34:05.134+0000] {logging_mixin.py:190} INFO - [2026-05-01T18:34:05.130+0000] {dagbag.py:387} ERROR - Failed to import: /opt/airflow/dags/daily_chek.py
Traceback (most recent call last):
  File "/home/airflow/.local/lib/python3.12/site-packages/airflow/models/dagbag.py", line 383, in parse
    loader.exec_module(new_module)
  File "<frozen importlib._bootstrap_external>", line 999, in exec_module
  File "<frozen importlib._bootstrap>", line 488, in _call_with_frames_removed
  File "/opt/airflow/dags/daily_chek.py", line 4, in <module>
    from pyspark.sql import SparkSession
ModuleNotFoundError: No module named 'pyspark'
[2026-05-01T18:34:05.136+0000] {processor.py:927} WARNING - No viable dags retrieved from /opt/airflow/dags/daily_chek.py
[2026-05-01T18:34:05.194+0000] {processor.py:208} INFO - Processing /opt/airflow/dags/daily_chek.py took 0.104 seconds
[2026-05-01T18:34:35.539+0000] {processor.py:186} INFO - Started process (PID=1877) to work on /opt/airflow/dags/daily_chek.py
[2026-05-01T18:34:35.547+0000] {processor.py:914} INFO - Processing file /opt/airflow/dags/daily_chek.py for tasks to queue
[2026-05-01T18:34:35.552+0000] {logging_mixin.py:190} INFO - [2026-05-01T18:34:35.552+0000] {dagbag.py:588} INFO - Filling up the DagBag from /opt/airflow/dags/daily_chek.py
[2026-05-01T18:34:35.563+0000] {logging_mixin.py:190} INFO - [2026-05-01T18:34:35.559+0000] {dagbag.py:387} ERROR - Failed to import: /opt/airflow/dags/daily_chek.py
Traceback (most recent call last):
  File "/home/airflow/.local/lib/python3.12/site-packages/airflow/models/dagbag.py", line 383, in parse
    loader.exec_module(new_module)
  File "<frozen importlib._bootstrap_external>", line 999, in exec_module
  File "<frozen importlib._bootstrap>", line 488, in _call_with_frames_removed
  File "/opt/airflow/dags/daily_chek.py", line 4, in <module>
    from pyspark.sql import SparkSession
ModuleNotFoundError: No module named 'pyspark'
[2026-05-01T18:34:35.564+0000] {processor.py:927} WARNING - No viable dags retrieved from /opt/airflow/dags/daily_chek.py
[2026-05-01T18:34:35.615+0000] {processor.py:208} INFO - Processing /opt/airflow/dags/daily_chek.py took 0.094 seconds
[2026-05-01T18:35:05.946+0000] {processor.py:186} INFO - Started process (PID=1893) to work on /opt/airflow/dags/daily_chek.py
[2026-05-01T18:35:05.948+0000] {processor.py:914} INFO - Processing file /opt/airflow/dags/daily_chek.py for tasks to queue
[2026-05-01T18:35:05.954+0000] {logging_mixin.py:190} INFO - [2026-05-01T18:35:05.953+0000] {dagbag.py:588} INFO - Filling up the DagBag from /opt/airflow/dags/daily_chek.py
[2026-05-01T18:35:05.964+0000] {logging_mixin.py:190} INFO - [2026-05-01T18:35:05.961+0000] {dagbag.py:387} ERROR - Failed to import: /opt/airflow/dags/daily_chek.py
Traceback (most recent call last):
  File "/home/airflow/.local/lib/python3.12/site-packages/airflow/models/dagbag.py", line 383, in parse
    loader.exec_module(new_module)
  File "<frozen importlib._bootstrap_external>", line 999, in exec_module
  File "<frozen importlib._bootstrap>", line 488, in _call_with_frames_removed
  File "/opt/airflow/dags/daily_chek.py", line 4, in <module>
    from pyspark.sql import SparkSession
ModuleNotFoundError: No module named 'pyspark'
[2026-05-01T18:35:05.965+0000] {processor.py:927} WARNING - No viable dags retrieved from /opt/airflow/dags/daily_chek.py
[2026-05-01T18:35:06.015+0000] {processor.py:208} INFO - Processing /opt/airflow/dags/daily_chek.py took 0.086 seconds
[2026-05-01T18:35:36.360+0000] {processor.py:186} INFO - Started process (PID=1909) to work on /opt/airflow/dags/daily_chek.py
[2026-05-01T18:35:36.368+0000] {processor.py:914} INFO - Processing file /opt/airflow/dags/daily_chek.py for tasks to queue
[2026-05-01T18:35:36.373+0000] {logging_mixin.py:190} INFO - [2026-05-01T18:35:36.372+0000] {dagbag.py:588} INFO - Filling up the DagBag from /opt/airflow/dags/daily_chek.py
[2026-05-01T18:35:36.384+0000] {logging_mixin.py:190} INFO - [2026-05-01T18:35:36.380+0000] {dagbag.py:387} ERROR - Failed to import: /opt/airflow/dags/daily_chek.py
Traceback (most recent call last):
  File "/home/airflow/.local/lib/python3.12/site-packages/airflow/models/dagbag.py", line 383, in parse
    loader.exec_module(new_module)
  File "<frozen importlib._bootstrap_external>", line 999, in exec_module
  File "<frozen importlib._bootstrap>", line 488, in _call_with_frames_removed
  File "/opt/airflow/dags/daily_chek.py", line 4, in <module>
    from pyspark.sql import SparkSession
ModuleNotFoundError: No module named 'pyspark'
[2026-05-01T18:35:36.386+0000] {processor.py:927} WARNING - No viable dags retrieved from /opt/airflow/dags/daily_chek.py
[2026-05-01T18:35:36.439+0000] {processor.py:208} INFO - Processing /opt/airflow/dags/daily_chek.py took 0.098 seconds
[2026-05-01T18:36:06.781+0000] {processor.py:186} INFO - Started process (PID=1925) to work on /opt/airflow/dags/daily_chek.py
[2026-05-01T18:36:06.783+0000] {processor.py:914} INFO - Processing file /opt/airflow/dags/daily_chek.py for tasks to queue
[2026-05-01T18:36:06.788+0000] {logging_mixin.py:190} INFO - [2026-05-01T18:36:06.788+0000] {dagbag.py:588} INFO - Filling up the DagBag from /opt/airflow/dags/daily_chek.py
[2026-05-01T18:36:06.799+0000] {logging_mixin.py:190} INFO - [2026-05-01T18:36:06.795+0000] {dagbag.py:387} ERROR - Failed to import: /opt/airflow/dags/daily_chek.py
Traceback (most recent call last):
  File "/home/airflow/.local/lib/python3.12/site-packages/airflow/models/dagbag.py", line 383, in parse
    loader.exec_module(new_module)
  File "<frozen importlib._bootstrap_external>", line 999, in exec_module
  File "<frozen importlib._bootstrap>", line 488, in _call_with_frames_removed
  File "/opt/airflow/dags/daily_chek.py", line 4, in <module>
    from pyspark.sql import SparkSession
ModuleNotFoundError: No module named 'pyspark'
[2026-05-01T18:36:06.800+0000] {processor.py:927} WARNING - No viable dags retrieved from /opt/airflow/dags/daily_chek.py
[2026-05-01T18:36:06.849+0000] {processor.py:208} INFO - Processing /opt/airflow/dags/daily_chek.py took 0.085 seconds
[2026-05-01T18:36:37.195+0000] {processor.py:186} INFO - Started process (PID=1941) to work on /opt/airflow/dags/daily_chek.py
[2026-05-01T18:36:37.197+0000] {processor.py:914} INFO - Processing file /opt/airflow/dags/daily_chek.py for tasks to queue
[2026-05-01T18:36:37.202+0000] {logging_mixin.py:190} INFO - [2026-05-01T18:36:37.201+0000] {dagbag.py:588} INFO - Filling up the DagBag from /opt/airflow/dags/daily_chek.py
[2026-05-01T18:36:37.212+0000] {logging_mixin.py:190} INFO - [2026-05-01T18:36:37.209+0000] {dagbag.py:387} ERROR - Failed to import: /opt/airflow/dags/daily_chek.py
Traceback (most recent call last):
  File "/home/airflow/.local/lib/python3.12/site-packages/airflow/models/dagbag.py", line 383, in parse
    loader.exec_module(new_module)
  File "<frozen importlib._bootstrap_external>", line 999, in exec_module
  File "<frozen importlib._bootstrap>", line 488, in _call_with_frames_removed
  File "/opt/airflow/dags/daily_chek.py", line 4, in <module>
    from pyspark.sql import SparkSession
ModuleNotFoundError: No module named 'pyspark'
[2026-05-01T18:36:37.213+0000] {processor.py:927} WARNING - No viable dags retrieved from /opt/airflow/dags/daily_chek.py
[2026-05-01T18:36:37.263+0000] {processor.py:208} INFO - Processing /opt/airflow/dags/daily_chek.py took 0.085 seconds
[2026-05-01T18:37:07.634+0000] {processor.py:186} INFO - Started process (PID=1957) to work on /opt/airflow/dags/daily_chek.py
[2026-05-01T18:37:07.643+0000] {processor.py:914} INFO - Processing file /opt/airflow/dags/daily_chek.py for tasks to queue
[2026-05-01T18:37:07.651+0000] {logging_mixin.py:190} INFO - [2026-05-01T18:37:07.650+0000] {dagbag.py:588} INFO - Filling up the DagBag from /opt/airflow/dags/daily_chek.py
[2026-05-01T18:37:07.665+0000] {logging_mixin.py:190} INFO - [2026-05-01T18:37:07.660+0000] {dagbag.py:387} ERROR - Failed to import: /opt/airflow/dags/daily_chek.py
Traceback (most recent call last):
  File "/home/airflow/.local/lib/python3.12/site-packages/airflow/models/dagbag.py", line 383, in parse
    loader.exec_module(new_module)
  File "<frozen importlib._bootstrap_external>", line 999, in exec_module
  File "<frozen importlib._bootstrap>", line 488, in _call_with_frames_removed
  File "/opt/airflow/dags/daily_chek.py", line 4, in <module>
    from pyspark.sql import SparkSession
ModuleNotFoundError: No module named 'pyspark'
[2026-05-01T18:37:07.667+0000] {processor.py:927} WARNING - No viable dags retrieved from /opt/airflow/dags/daily_chek.py
[2026-05-01T18:37:07.717+0000] {processor.py:208} INFO - Processing /opt/airflow/dags/daily_chek.py took 0.105 seconds
[2026-05-01T18:37:38.074+0000] {processor.py:186} INFO - Started process (PID=1973) to work on /opt/airflow/dags/daily_chek.py
[2026-05-01T18:37:38.076+0000] {processor.py:914} INFO - Processing file /opt/airflow/dags/daily_chek.py for tasks to queue
[2026-05-01T18:37:38.082+0000] {logging_mixin.py:190} INFO - [2026-05-01T18:37:38.081+0000] {dagbag.py:588} INFO - Filling up the DagBag from /opt/airflow/dags/daily_chek.py
[2026-05-01T18:37:38.093+0000] {logging_mixin.py:190} INFO - [2026-05-01T18:37:38.090+0000] {dagbag.py:387} ERROR - Failed to import: /opt/airflow/dags/daily_chek.py
Traceback (most recent call last):
  File "/home/airflow/.local/lib/python3.12/site-packages/airflow/models/dagbag.py", line 383, in parse
    loader.exec_module(new_module)
  File "<frozen importlib._bootstrap_external>", line 999, in exec_module
  File "<frozen importlib._bootstrap>", line 488, in _call_with_frames_removed
  File "/opt/airflow/dags/daily_chek.py", line 4, in <module>
    from pyspark.sql import SparkSession
ModuleNotFoundError: No module named 'pyspark'
[2026-05-01T18:37:38.095+0000] {processor.py:927} WARNING - No viable dags retrieved from /opt/airflow/dags/daily_chek.py
[2026-05-01T18:37:38.147+0000] {processor.py:208} INFO - Processing /opt/airflow/dags/daily_chek.py took 0.099 seconds
[2026-05-01T18:38:08.486+0000] {processor.py:186} INFO - Started process (PID=1989) to work on /opt/airflow/dags/daily_chek.py
[2026-05-01T18:38:08.488+0000] {processor.py:914} INFO - Processing file /opt/airflow/dags/daily_chek.py for tasks to queue
[2026-05-01T18:38:08.494+0000] {logging_mixin.py:190} INFO - [2026-05-01T18:38:08.493+0000] {dagbag.py:588} INFO - Filling up the DagBag from /opt/airflow/dags/daily_chek.py
[2026-05-01T18:38:08.504+0000] {logging_mixin.py:190} INFO - [2026-05-01T18:38:08.501+0000] {dagbag.py:387} ERROR - Failed to import: /opt/airflow/dags/daily_chek.py
Traceback (most recent call last):
  File "/home/airflow/.local/lib/python3.12/site-packages/airflow/models/dagbag.py", line 383, in parse
    loader.exec_module(new_module)
  File "<frozen importlib._bootstrap_external>", line 999, in exec_module
  File "<frozen importlib._bootstrap>", line 488, in _call_with_frames_removed
  File "/opt/airflow/dags/daily_chek.py", line 4, in <module>
    from pyspark.sql import SparkSession
ModuleNotFoundError: No module named 'pyspark'
[2026-05-01T18:38:08.505+0000] {processor.py:927} WARNING - No viable dags retrieved from /opt/airflow/dags/daily_chek.py
[2026-05-01T18:38:08.557+0000] {processor.py:208} INFO - Processing /opt/airflow/dags/daily_chek.py took 0.092 seconds
[2026-05-01T18:38:38.894+0000] {processor.py:186} INFO - Started process (PID=2005) to work on /opt/airflow/dags/daily_chek.py
[2026-05-01T18:38:38.896+0000] {processor.py:914} INFO - Processing file /opt/airflow/dags/daily_chek.py for tasks to queue
[2026-05-01T18:38:38.904+0000] {logging_mixin.py:190} INFO - [2026-05-01T18:38:38.902+0000] {dagbag.py:588} INFO - Filling up the DagBag from /opt/airflow/dags/daily_chek.py
[2026-05-01T18:38:38.914+0000] {logging_mixin.py:190} INFO - [2026-05-01T18:38:38.911+0000] {dagbag.py:387} ERROR - Failed to import: /opt/airflow/dags/daily_chek.py
Traceback (most recent call last):
  File "/home/airflow/.local/lib/python3.12/site-packages/airflow/models/dagbag.py", line 383, in parse
    loader.exec_module(new_module)
  File "<frozen importlib._bootstrap_external>", line 999, in exec_module
  File "<frozen importlib._bootstrap>", line 488, in _call_with_frames_removed
  File "/opt/airflow/dags/daily_chek.py", line 4, in <module>
    from pyspark.sql import SparkSession
ModuleNotFoundError: No module named 'pyspark'
[2026-05-01T18:38:38.915+0000] {processor.py:927} WARNING - No viable dags retrieved from /opt/airflow/dags/daily_chek.py
[2026-05-01T18:38:38.960+0000] {processor.py:208} INFO - Processing /opt/airflow/dags/daily_chek.py took 0.089 seconds
[2026-05-01T18:39:09.293+0000] {processor.py:186} INFO - Started process (PID=2021) to work on /opt/airflow/dags/daily_chek.py
[2026-05-01T18:39:09.300+0000] {processor.py:914} INFO - Processing file /opt/airflow/dags/daily_chek.py for tasks to queue
[2026-05-01T18:39:09.306+0000] {logging_mixin.py:190} INFO - [2026-05-01T18:39:09.305+0000] {dagbag.py:588} INFO - Filling up the DagBag from /opt/airflow/dags/daily_chek.py
[2026-05-01T18:39:09.316+0000] {logging_mixin.py:190} INFO - [2026-05-01T18:39:09.313+0000] {dagbag.py:387} ERROR - Failed to import: /opt/airflow/dags/daily_chek.py
Traceback (most recent call last):
  File "/home/airflow/.local/lib/python3.12/site-packages/airflow/models/dagbag.py", line 383, in parse
    loader.exec_module(new_module)
  File "<frozen importlib._bootstrap_external>", line 999, in exec_module
  File "<frozen importlib._bootstrap>", line 488, in _call_with_frames_removed
  File "/opt/airflow/dags/daily_chek.py", line 4, in <module>
    from pyspark.sql import SparkSession
ModuleNotFoundError: No module named 'pyspark'
[2026-05-01T18:39:09.317+0000] {processor.py:927} WARNING - No viable dags retrieved from /opt/airflow/dags/daily_chek.py
[2026-05-01T18:39:09.369+0000] {processor.py:208} INFO - Processing /opt/airflow/dags/daily_chek.py took 0.094 seconds
[2026-05-01T18:39:39.707+0000] {processor.py:186} INFO - Started process (PID=2037) to work on /opt/airflow/dags/daily_chek.py
[2026-05-01T18:39:39.709+0000] {processor.py:914} INFO - Processing file /opt/airflow/dags/daily_chek.py for tasks to queue
[2026-05-01T18:39:39.714+0000] {logging_mixin.py:190} INFO - [2026-05-01T18:39:39.713+0000] {dagbag.py:588} INFO - Filling up the DagBag from /opt/airflow/dags/daily_chek.py
[2026-05-01T18:39:39.725+0000] {logging_mixin.py:190} INFO - [2026-05-01T18:39:39.721+0000] {dagbag.py:387} ERROR - Failed to import: /opt/airflow/dags/daily_chek.py
Traceback (most recent call last):
  File "/home/airflow/.local/lib/python3.12/site-packages/airflow/models/dagbag.py", line 383, in parse
    loader.exec_module(new_module)
  File "<frozen importlib._bootstrap_external>", line 999, in exec_module
  File "<frozen importlib._bootstrap>", line 488, in _call_with_frames_removed
  File "/opt/airflow/dags/daily_chek.py", line 4, in <module>
    from pyspark.sql import SparkSession
ModuleNotFoundError: No module named 'pyspark'
[2026-05-01T18:39:39.726+0000] {processor.py:927} WARNING - No viable dags retrieved from /opt/airflow/dags/daily_chek.py
[2026-05-01T18:39:39.774+0000] {processor.py:208} INFO - Processing /opt/airflow/dags/daily_chek.py took 0.085 seconds
[2026-05-01T18:40:10.120+0000] {processor.py:186} INFO - Started process (PID=2053) to work on /opt/airflow/dags/daily_chek.py
[2026-05-01T18:40:10.122+0000] {processor.py:914} INFO - Processing file /opt/airflow/dags/daily_chek.py for tasks to queue
[2026-05-01T18:40:10.131+0000] {logging_mixin.py:190} INFO - [2026-05-01T18:40:10.130+0000] {dagbag.py:588} INFO - Filling up the DagBag from /opt/airflow/dags/daily_chek.py
[2026-05-01T18:40:10.142+0000] {logging_mixin.py:190} INFO - [2026-05-01T18:40:10.138+0000] {dagbag.py:387} ERROR - Failed to import: /opt/airflow/dags/daily_chek.py
Traceback (most recent call last):
  File "/home/airflow/.local/lib/python3.12/site-packages/airflow/models/dagbag.py", line 383, in parse
    loader.exec_module(new_module)
  File "<frozen importlib._bootstrap_external>", line 999, in exec_module
  File "<frozen importlib._bootstrap>", line 488, in _call_with_frames_removed
  File "/opt/airflow/dags/daily_chek.py", line 4, in <module>
    from pyspark.sql import SparkSession
ModuleNotFoundError: No module named 'pyspark'
[2026-05-01T18:40:10.143+0000] {processor.py:927} WARNING - No viable dags retrieved from /opt/airflow/dags/daily_chek.py
[2026-05-01T18:40:10.192+0000] {processor.py:208} INFO - Processing /opt/airflow/dags/daily_chek.py took 0.102 seconds
[2026-05-01T18:40:40.530+0000] {processor.py:186} INFO - Started process (PID=2069) to work on /opt/airflow/dags/daily_chek.py
[2026-05-01T18:40:40.532+0000] {processor.py:914} INFO - Processing file /opt/airflow/dags/daily_chek.py for tasks to queue
[2026-05-01T18:40:40.537+0000] {logging_mixin.py:190} INFO - [2026-05-01T18:40:40.536+0000] {dagbag.py:588} INFO - Filling up the DagBag from /opt/airflow/dags/daily_chek.py
[2026-05-01T18:40:40.561+0000] {logging_mixin.py:190} INFO - [2026-05-01T18:40:40.558+0000] {dagbag.py:387} ERROR - Failed to import: /opt/airflow/dags/daily_chek.py
Traceback (most recent call last):
  File "/home/airflow/.local/lib/python3.12/site-packages/airflow/models/dagbag.py", line 383, in parse
    loader.exec_module(new_module)
  File "<frozen importlib._bootstrap_external>", line 999, in exec_module
  File "<frozen importlib._bootstrap>", line 488, in _call_with_frames_removed
  File "/opt/airflow/dags/daily_chek.py", line 4, in <module>
    from pyspark.sql import SparkSession
ModuleNotFoundError: No module named 'pyspark'
[2026-05-01T18:40:40.563+0000] {processor.py:927} WARNING - No viable dags retrieved from /opt/airflow/dags/daily_chek.py
[2026-05-01T18:40:40.611+0000] {processor.py:208} INFO - Processing /opt/airflow/dags/daily_chek.py took 0.098 seconds
[2026-05-01T18:41:10.939+0000] {processor.py:186} INFO - Started process (PID=2085) to work on /opt/airflow/dags/daily_chek.py
[2026-05-01T18:41:10.947+0000] {processor.py:914} INFO - Processing file /opt/airflow/dags/daily_chek.py for tasks to queue
[2026-05-01T18:41:10.952+0000] {logging_mixin.py:190} INFO - [2026-05-01T18:41:10.951+0000] {dagbag.py:588} INFO - Filling up the DagBag from /opt/airflow/dags/daily_chek.py
[2026-05-01T18:41:10.969+0000] {logging_mixin.py:190} INFO - [2026-05-01T18:41:10.967+0000] {dagbag.py:387} ERROR - Failed to import: /opt/airflow/dags/daily_chek.py
Traceback (most recent call last):
  File "/home/airflow/.local/lib/python3.12/site-packages/airflow/models/dagbag.py", line 383, in parse
    loader.exec_module(new_module)
  File "<frozen importlib._bootstrap_external>", line 999, in exec_module
  File "<frozen importlib._bootstrap>", line 488, in _call_with_frames_removed
  File "/opt/airflow/dags/daily_chek.py", line 4, in <module>
    from pyspark.sql import SparkSession
ModuleNotFoundError: No module named 'pyspark'
[2026-05-01T18:41:10.970+0000] {processor.py:927} WARNING - No viable dags retrieved from /opt/airflow/dags/daily_chek.py
[2026-05-01T18:41:10.994+0000] {processor.py:208} INFO - Processing /opt/airflow/dags/daily_chek.py took 0.074 seconds
[2026-05-01T18:41:41.324+0000] {processor.py:186} INFO - Started process (PID=2101) to work on /opt/airflow/dags/daily_chek.py
[2026-05-01T18:41:41.327+0000] {processor.py:914} INFO - Processing file /opt/airflow/dags/daily_chek.py for tasks to queue
[2026-05-01T18:41:41.336+0000] {logging_mixin.py:190} INFO - [2026-05-01T18:41:41.335+0000] {dagbag.py:588} INFO - Filling up the DagBag from /opt/airflow/dags/daily_chek.py
[2026-05-01T18:41:41.366+0000] {logging_mixin.py:190} INFO - [2026-05-01T18:41:41.361+0000] {dagbag.py:387} ERROR - Failed to import: /opt/airflow/dags/daily_chek.py
Traceback (most recent call last):
  File "/home/airflow/.local/lib/python3.12/site-packages/airflow/models/dagbag.py", line 383, in parse
    loader.exec_module(new_module)
  File "<frozen importlib._bootstrap_external>", line 999, in exec_module
  File "<frozen importlib._bootstrap>", line 488, in _call_with_frames_removed
  File "/opt/airflow/dags/daily_chek.py", line 4, in <module>
    from pyspark.sql import SparkSession
ModuleNotFoundError: No module named 'pyspark'
[2026-05-01T18:41:41.367+0000] {processor.py:927} WARNING - No viable dags retrieved from /opt/airflow/dags/daily_chek.py
[2026-05-01T18:41:41.429+0000] {processor.py:208} INFO - Processing /opt/airflow/dags/daily_chek.py took 0.127 seconds
[2026-05-01T18:42:11.819+0000] {processor.py:186} INFO - Started process (PID=2117) to work on /opt/airflow/dags/daily_chek.py
[2026-05-01T18:42:11.827+0000] {processor.py:914} INFO - Processing file /opt/airflow/dags/daily_chek.py for tasks to queue
[2026-05-01T18:42:11.833+0000] {logging_mixin.py:190} INFO - [2026-05-01T18:42:11.832+0000] {dagbag.py:588} INFO - Filling up the DagBag from /opt/airflow/dags/daily_chek.py
[2026-05-01T18:42:11.843+0000] {logging_mixin.py:190} INFO - [2026-05-01T18:42:11.839+0000] {dagbag.py:387} ERROR - Failed to import: /opt/airflow/dags/daily_chek.py
Traceback (most recent call last):
  File "/home/airflow/.local/lib/python3.12/site-packages/airflow/models/dagbag.py", line 383, in parse
    loader.exec_module(new_module)
  File "<frozen importlib._bootstrap_external>", line 999, in exec_module
  File "<frozen importlib._bootstrap>", line 488, in _call_with_frames_removed
  File "/opt/airflow/dags/daily_chek.py", line 4, in <module>
    from pyspark.sql import SparkSession
ModuleNotFoundError: No module named 'pyspark'
[2026-05-01T18:42:11.844+0000] {processor.py:927} WARNING - No viable dags retrieved from /opt/airflow/dags/daily_chek.py
[2026-05-01T18:42:11.895+0000] {processor.py:208} INFO - Processing /opt/airflow/dags/daily_chek.py took 0.093 seconds
[2026-05-01T18:42:42.253+0000] {processor.py:186} INFO - Started process (PID=2133) to work on /opt/airflow/dags/daily_chek.py
[2026-05-01T18:42:42.255+0000] {processor.py:914} INFO - Processing file /opt/airflow/dags/daily_chek.py for tasks to queue
[2026-05-01T18:42:42.263+0000] {logging_mixin.py:190} INFO - [2026-05-01T18:42:42.262+0000] {dagbag.py:588} INFO - Filling up the DagBag from /opt/airflow/dags/daily_chek.py
[2026-05-01T18:42:42.274+0000] {logging_mixin.py:190} INFO - [2026-05-01T18:42:42.271+0000] {dagbag.py:387} ERROR - Failed to import: /opt/airflow/dags/daily_chek.py
Traceback (most recent call last):
  File "/home/airflow/.local/lib/python3.12/site-packages/airflow/models/dagbag.py", line 383, in parse
    loader.exec_module(new_module)
  File "<frozen importlib._bootstrap_external>", line 999, in exec_module
  File "<frozen importlib._bootstrap>", line 488, in _call_with_frames_removed
  File "/opt/airflow/dags/daily_chek.py", line 4, in <module>
    from pyspark.sql import SparkSession
ModuleNotFoundError: No module named 'pyspark'
[2026-05-01T18:42:42.275+0000] {processor.py:927} WARNING - No viable dags retrieved from /opt/airflow/dags/daily_chek.py
[2026-05-01T18:42:42.319+0000] {processor.py:208} INFO - Processing /opt/airflow/dags/daily_chek.py took 0.089 seconds
[2026-05-01T18:43:12.648+0000] {processor.py:186} INFO - Started process (PID=2149) to work on /opt/airflow/dags/daily_chek.py
[2026-05-01T18:43:12.656+0000] {processor.py:914} INFO - Processing file /opt/airflow/dags/daily_chek.py for tasks to queue
[2026-05-01T18:43:12.661+0000] {logging_mixin.py:190} INFO - [2026-05-01T18:43:12.660+0000] {dagbag.py:588} INFO - Filling up the DagBag from /opt/airflow/dags/daily_chek.py
[2026-05-01T18:43:12.671+0000] {logging_mixin.py:190} INFO - [2026-05-01T18:43:12.668+0000] {dagbag.py:387} ERROR - Failed to import: /opt/airflow/dags/daily_chek.py
Traceback (most recent call last):
  File "/home/airflow/.local/lib/python3.12/site-packages/airflow/models/dagbag.py", line 383, in parse
    loader.exec_module(new_module)
  File "<frozen importlib._bootstrap_external>", line 999, in exec_module
  File "<frozen importlib._bootstrap>", line 488, in _call_with_frames_removed
  File "/opt/airflow/dags/daily_chek.py", line 4, in <module>
    from pyspark.sql import SparkSession
ModuleNotFoundError: No module named 'pyspark'
[2026-05-01T18:43:12.673+0000] {processor.py:927} WARNING - No viable dags retrieved from /opt/airflow/dags/daily_chek.py
[2026-05-01T18:43:12.722+0000] {processor.py:208} INFO - Processing /opt/airflow/dags/daily_chek.py took 0.091 seconds
[2026-05-01T18:43:43.086+0000] {processor.py:186} INFO - Started process (PID=2165) to work on /opt/airflow/dags/daily_chek.py
[2026-05-01T18:43:43.089+0000] {processor.py:914} INFO - Processing file /opt/airflow/dags/daily_chek.py for tasks to queue
[2026-05-01T18:43:43.097+0000] {logging_mixin.py:190} INFO - [2026-05-01T18:43:43.096+0000] {dagbag.py:588} INFO - Filling up the DagBag from /opt/airflow/dags/daily_chek.py
[2026-05-01T18:43:43.111+0000] {logging_mixin.py:190} INFO - [2026-05-01T18:43:43.107+0000] {dagbag.py:387} ERROR - Failed to import: /opt/airflow/dags/daily_chek.py
Traceback (most recent call last):
  File "/home/airflow/.local/lib/python3.12/site-packages/airflow/models/dagbag.py", line 383, in parse
    loader.exec_module(new_module)
  File "<frozen importlib._bootstrap_external>", line 999, in exec_module
  File "<frozen importlib._bootstrap>", line 488, in _call_with_frames_removed
  File "/opt/airflow/dags/daily_chek.py", line 4, in <module>
    from pyspark.sql import SparkSession
ModuleNotFoundError: No module named 'pyspark'
[2026-05-01T18:43:43.112+0000] {processor.py:927} WARNING - No viable dags retrieved from /opt/airflow/dags/daily_chek.py
[2026-05-01T18:43:43.163+0000] {processor.py:208} INFO - Processing /opt/airflow/dags/daily_chek.py took 0.100 seconds
[2026-05-01T18:44:13.494+0000] {processor.py:186} INFO - Started process (PID=2181) to work on /opt/airflow/dags/daily_chek.py
[2026-05-01T18:44:13.502+0000] {processor.py:914} INFO - Processing file /opt/airflow/dags/daily_chek.py for tasks to queue
[2026-05-01T18:44:13.508+0000] {logging_mixin.py:190} INFO - [2026-05-01T18:44:13.507+0000] {dagbag.py:588} INFO - Filling up the DagBag from /opt/airflow/dags/daily_chek.py
[2026-05-01T18:44:13.518+0000] {logging_mixin.py:190} INFO - [2026-05-01T18:44:13.515+0000] {dagbag.py:387} ERROR - Failed to import: /opt/airflow/dags/daily_chek.py
Traceback (most recent call last):
  File "/home/airflow/.local/lib/python3.12/site-packages/airflow/models/dagbag.py", line 383, in parse
    loader.exec_module(new_module)
  File "<frozen importlib._bootstrap_external>", line 999, in exec_module
  File "<frozen importlib._bootstrap>", line 488, in _call_with_frames_removed
  File "/opt/airflow/dags/daily_chek.py", line 4, in <module>
    from pyspark.sql import SparkSession
ModuleNotFoundError: No module named 'pyspark'
[2026-05-01T18:44:13.520+0000] {processor.py:927} WARNING - No viable dags retrieved from /opt/airflow/dags/daily_chek.py
[2026-05-01T18:44:13.565+0000] {processor.py:208} INFO - Processing /opt/airflow/dags/daily_chek.py took 0.089 seconds
[2026-05-01T18:44:43.928+0000] {processor.py:186} INFO - Started process (PID=2203) to work on /opt/airflow/dags/daily_chek.py
[2026-05-01T18:44:43.930+0000] {processor.py:914} INFO - Processing file /opt/airflow/dags/daily_chek.py for tasks to queue
[2026-05-01T18:44:43.934+0000] {logging_mixin.py:190} INFO - [2026-05-01T18:44:43.933+0000] {dagbag.py:588} INFO - Filling up the DagBag from /opt/airflow/dags/daily_chek.py
[2026-05-01T18:44:43.942+0000] {logging_mixin.py:190} INFO - [2026-05-01T18:44:43.939+0000] {dagbag.py:387} ERROR - Failed to import: /opt/airflow/dags/daily_chek.py
Traceback (most recent call last):
  File "/home/airflow/.local/lib/python3.12/site-packages/airflow/models/dagbag.py", line 383, in parse
    loader.exec_module(new_module)
  File "<frozen importlib._bootstrap_external>", line 999, in exec_module
  File "<frozen importlib._bootstrap>", line 488, in _call_with_frames_removed
  File "/opt/airflow/dags/daily_chek.py", line 4, in <module>
    from pyspark.sql import SparkSession
ModuleNotFoundError: No module named 'pyspark'
[2026-05-01T18:44:43.943+0000] {processor.py:927} WARNING - No viable dags retrieved from /opt/airflow/dags/daily_chek.py
[2026-05-01T18:44:43.974+0000] {processor.py:208} INFO - Processing /opt/airflow/dags/daily_chek.py took 0.064 seconds
[2026-05-01T18:45:14.271+0000] {processor.py:186} INFO - Started process (PID=2219) to work on /opt/airflow/dags/daily_chek.py
[2026-05-01T18:45:14.272+0000] {processor.py:914} INFO - Processing file /opt/airflow/dags/daily_chek.py for tasks to queue
[2026-05-01T18:45:14.275+0000] {logging_mixin.py:190} INFO - [2026-05-01T18:45:14.274+0000] {dagbag.py:588} INFO - Filling up the DagBag from /opt/airflow/dags/daily_chek.py
[2026-05-01T18:45:14.279+0000] {logging_mixin.py:190} INFO - [2026-05-01T18:45:14.278+0000] {dagbag.py:387} ERROR - Failed to import: /opt/airflow/dags/daily_chek.py
Traceback (most recent call last):
  File "/home/airflow/.local/lib/python3.12/site-packages/airflow/models/dagbag.py", line 383, in parse
    loader.exec_module(new_module)
  File "<frozen importlib._bootstrap_external>", line 999, in exec_module
  File "<frozen importlib._bootstrap>", line 488, in _call_with_frames_removed
  File "/opt/airflow/dags/daily_chek.py", line 4, in <module>
    from pyspark.sql import SparkSession
ModuleNotFoundError: No module named 'pyspark'
[2026-05-01T18:45:14.280+0000] {processor.py:927} WARNING - No viable dags retrieved from /opt/airflow/dags/daily_chek.py
[2026-05-01T18:45:14.303+0000] {processor.py:208} INFO - Processing /opt/airflow/dags/daily_chek.py took 0.040 seconds
[2026-05-01T18:45:44.647+0000] {processor.py:186} INFO - Started process (PID=2235) to work on /opt/airflow/dags/daily_chek.py
[2026-05-01T18:45:44.649+0000] {processor.py:914} INFO - Processing file /opt/airflow/dags/daily_chek.py for tasks to queue
[2026-05-01T18:45:44.654+0000] {logging_mixin.py:190} INFO - [2026-05-01T18:45:44.653+0000] {dagbag.py:588} INFO - Filling up the DagBag from /opt/airflow/dags/daily_chek.py
[2026-05-01T18:45:44.664+0000] {logging_mixin.py:190} INFO - [2026-05-01T18:45:44.661+0000] {dagbag.py:387} ERROR - Failed to import: /opt/airflow/dags/daily_chek.py
Traceback (most recent call last):
  File "/home/airflow/.local/lib/python3.12/site-packages/airflow/models/dagbag.py", line 383, in parse
    loader.exec_module(new_module)
  File "<frozen importlib._bootstrap_external>", line 999, in exec_module
  File "<frozen importlib._bootstrap>", line 488, in _call_with_frames_removed
  File "/opt/airflow/dags/daily_chek.py", line 4, in <module>
    from pyspark.sql import SparkSession
ModuleNotFoundError: No module named 'pyspark'
[2026-05-01T18:45:44.665+0000] {processor.py:927} WARNING - No viable dags retrieved from /opt/airflow/dags/daily_chek.py
[2026-05-01T18:45:44.713+0000] {processor.py:208} INFO - Processing /opt/airflow/dags/daily_chek.py took 0.086 seconds
[2026-05-01T18:46:15.042+0000] {processor.py:186} INFO - Started process (PID=2251) to work on /opt/airflow/dags/daily_chek.py
[2026-05-01T18:46:15.044+0000] {processor.py:914} INFO - Processing file /opt/airflow/dags/daily_chek.py for tasks to queue
[2026-05-01T18:46:15.052+0000] {logging_mixin.py:190} INFO - [2026-05-01T18:46:15.050+0000] {dagbag.py:588} INFO - Filling up the DagBag from /opt/airflow/dags/daily_chek.py
[2026-05-01T18:46:15.065+0000] {logging_mixin.py:190} INFO - [2026-05-01T18:46:15.060+0000] {dagbag.py:387} ERROR - Failed to import: /opt/airflow/dags/daily_chek.py
Traceback (most recent call last):
  File "/home/airflow/.local/lib/python3.12/site-packages/airflow/models/dagbag.py", line 383, in parse
    loader.exec_module(new_module)
  File "<frozen importlib._bootstrap_external>", line 999, in exec_module
  File "<frozen importlib._bootstrap>", line 488, in _call_with_frames_removed
  File "/opt/airflow/dags/daily_chek.py", line 4, in <module>
    from pyspark.sql import SparkSession
ModuleNotFoundError: No module named 'pyspark'
[2026-05-01T18:46:15.067+0000] {processor.py:927} WARNING - No viable dags retrieved from /opt/airflow/dags/daily_chek.py
[2026-05-01T18:46:15.128+0000] {processor.py:208} INFO - Processing /opt/airflow/dags/daily_chek.py took 0.104 seconds
[2026-05-01T18:46:45.457+0000] {processor.py:186} INFO - Started process (PID=2267) to work on /opt/airflow/dags/daily_chek.py
[2026-05-01T18:46:45.465+0000] {processor.py:914} INFO - Processing file /opt/airflow/dags/daily_chek.py for tasks to queue
[2026-05-01T18:46:45.471+0000] {logging_mixin.py:190} INFO - [2026-05-01T18:46:45.470+0000] {dagbag.py:588} INFO - Filling up the DagBag from /opt/airflow/dags/daily_chek.py
[2026-05-01T18:46:45.481+0000] {logging_mixin.py:190} INFO - [2026-05-01T18:46:45.477+0000] {dagbag.py:387} ERROR - Failed to import: /opt/airflow/dags/daily_chek.py
Traceback (most recent call last):
  File "/home/airflow/.local/lib/python3.12/site-packages/airflow/models/dagbag.py", line 383, in parse
    loader.exec_module(new_module)
  File "<frozen importlib._bootstrap_external>", line 999, in exec_module
  File "<frozen importlib._bootstrap>", line 488, in _call_with_frames_removed
  File "/opt/airflow/dags/daily_chek.py", line 4, in <module>
    from pyspark.sql import SparkSession
ModuleNotFoundError: No module named 'pyspark'
[2026-05-01T18:46:45.482+0000] {processor.py:927} WARNING - No viable dags retrieved from /opt/airflow/dags/daily_chek.py
[2026-05-01T18:46:45.530+0000] {processor.py:208} INFO - Processing /opt/airflow/dags/daily_chek.py took 0.090 seconds
[2026-05-01T18:47:15.895+0000] {processor.py:186} INFO - Started process (PID=2283) to work on /opt/airflow/dags/daily_chek.py
[2026-05-01T18:47:15.897+0000] {processor.py:914} INFO - Processing file /opt/airflow/dags/daily_chek.py for tasks to queue
[2026-05-01T18:47:15.903+0000] {logging_mixin.py:190} INFO - [2026-05-01T18:47:15.902+0000] {dagbag.py:588} INFO - Filling up the DagBag from /opt/airflow/dags/daily_chek.py
[2026-05-01T18:47:15.913+0000] {logging_mixin.py:190} INFO - [2026-05-01T18:47:15.910+0000] {dagbag.py:387} ERROR - Failed to import: /opt/airflow/dags/daily_chek.py
Traceback (most recent call last):
  File "/home/airflow/.local/lib/python3.12/site-packages/airflow/models/dagbag.py", line 383, in parse
    loader.exec_module(new_module)
  File "<frozen importlib._bootstrap_external>", line 999, in exec_module
  File "<frozen importlib._bootstrap>", line 488, in _call_with_frames_removed
  File "/opt/airflow/dags/daily_chek.py", line 4, in <module>
    from pyspark.sql import SparkSession
ModuleNotFoundError: No module named 'pyspark'
[2026-05-01T18:47:15.914+0000] {processor.py:927} WARNING - No viable dags retrieved from /opt/airflow/dags/daily_chek.py
[2026-05-01T18:47:15.968+0000] {processor.py:208} INFO - Processing /opt/airflow/dags/daily_chek.py took 0.090 seconds
[2026-05-01T18:47:46.312+0000] {processor.py:186} INFO - Started process (PID=2299) to work on /opt/airflow/dags/daily_chek.py
[2026-05-01T18:47:46.320+0000] {processor.py:914} INFO - Processing file /opt/airflow/dags/daily_chek.py for tasks to queue
[2026-05-01T18:47:46.326+0000] {logging_mixin.py:190} INFO - [2026-05-01T18:47:46.325+0000] {dagbag.py:588} INFO - Filling up the DagBag from /opt/airflow/dags/daily_chek.py
[2026-05-01T18:47:46.336+0000] {logging_mixin.py:190} INFO - [2026-05-01T18:47:46.332+0000] {dagbag.py:387} ERROR - Failed to import: /opt/airflow/dags/daily_chek.py
Traceback (most recent call last):
  File "/home/airflow/.local/lib/python3.12/site-packages/airflow/models/dagbag.py", line 383, in parse
    loader.exec_module(new_module)
  File "<frozen importlib._bootstrap_external>", line 999, in exec_module
  File "<frozen importlib._bootstrap>", line 488, in _call_with_frames_removed
  File "/opt/airflow/dags/daily_chek.py", line 4, in <module>
    from pyspark.sql import SparkSession
ModuleNotFoundError: No module named 'pyspark'
[2026-05-01T18:47:46.337+0000] {processor.py:927} WARNING - No viable dags retrieved from /opt/airflow/dags/daily_chek.py
[2026-05-01T18:47:46.396+0000] {processor.py:208} INFO - Processing /opt/airflow/dags/daily_chek.py took 0.102 seconds
[2026-05-01T18:48:16.745+0000] {processor.py:186} INFO - Started process (PID=2315) to work on /opt/airflow/dags/daily_chek.py
[2026-05-01T18:48:16.748+0000] {processor.py:914} INFO - Processing file /opt/airflow/dags/daily_chek.py for tasks to queue
[2026-05-01T18:48:16.754+0000] {logging_mixin.py:190} INFO - [2026-05-01T18:48:16.753+0000] {dagbag.py:588} INFO - Filling up the DagBag from /opt/airflow/dags/daily_chek.py
[2026-05-01T18:48:16.765+0000] {logging_mixin.py:190} INFO - [2026-05-01T18:48:16.761+0000] {dagbag.py:387} ERROR - Failed to import: /opt/airflow/dags/daily_chek.py
Traceback (most recent call last):
  File "/home/airflow/.local/lib/python3.12/site-packages/airflow/models/dagbag.py", line 383, in parse
    loader.exec_module(new_module)
  File "<frozen importlib._bootstrap_external>", line 999, in exec_module
  File "<frozen importlib._bootstrap>", line 488, in _call_with_frames_removed
  File "/opt/airflow/dags/daily_chek.py", line 4, in <module>
    from pyspark.sql import SparkSession
ModuleNotFoundError: No module named 'pyspark'
[2026-05-01T18:48:16.766+0000] {processor.py:927} WARNING - No viable dags retrieved from /opt/airflow/dags/daily_chek.py
[2026-05-01T18:48:16.822+0000] {processor.py:208} INFO - Processing /opt/airflow/dags/daily_chek.py took 0.102 seconds
[2026-05-01T18:48:47.152+0000] {processor.py:186} INFO - Started process (PID=2331) to work on /opt/airflow/dags/daily_chek.py
[2026-05-01T18:48:47.155+0000] {processor.py:914} INFO - Processing file /opt/airflow/dags/daily_chek.py for tasks to queue
[2026-05-01T18:48:47.161+0000] {logging_mixin.py:190} INFO - [2026-05-01T18:48:47.160+0000] {dagbag.py:588} INFO - Filling up the DagBag from /opt/airflow/dags/daily_chek.py
[2026-05-01T18:48:47.173+0000] {logging_mixin.py:190} INFO - [2026-05-01T18:48:47.169+0000] {dagbag.py:387} ERROR - Failed to import: /opt/airflow/dags/daily_chek.py
Traceback (most recent call last):
  File "/home/airflow/.local/lib/python3.12/site-packages/airflow/models/dagbag.py", line 383, in parse
    loader.exec_module(new_module)
  File "<frozen importlib._bootstrap_external>", line 999, in exec_module
  File "<frozen importlib._bootstrap>", line 488, in _call_with_frames_removed
  File "/opt/airflow/dags/daily_chek.py", line 4, in <module>
    from pyspark.sql import SparkSession
ModuleNotFoundError: No module named 'pyspark'
[2026-05-01T18:48:47.175+0000] {processor.py:927} WARNING - No viable dags retrieved from /opt/airflow/dags/daily_chek.py
[2026-05-01T18:48:47.228+0000] {processor.py:208} INFO - Processing /opt/airflow/dags/daily_chek.py took 0.098 seconds
[2026-05-01T18:49:17.504+0000] {processor.py:186} INFO - Started process (PID=2347) to work on /opt/airflow/dags/daily_chek.py
[2026-05-01T18:49:17.506+0000] {processor.py:914} INFO - Processing file /opt/airflow/dags/daily_chek.py for tasks to queue
[2026-05-01T18:49:17.512+0000] {logging_mixin.py:190} INFO - [2026-05-01T18:49:17.511+0000] {dagbag.py:588} INFO - Filling up the DagBag from /opt/airflow/dags/daily_chek.py
[2026-05-01T18:49:17.523+0000] {logging_mixin.py:190} INFO - [2026-05-01T18:49:17.519+0000] {dagbag.py:387} ERROR - Failed to import: /opt/airflow/dags/daily_chek.py
Traceback (most recent call last):
  File "/home/airflow/.local/lib/python3.12/site-packages/airflow/models/dagbag.py", line 383, in parse
    loader.exec_module(new_module)
  File "<frozen importlib._bootstrap_external>", line 999, in exec_module
  File "<frozen importlib._bootstrap>", line 488, in _call_with_frames_removed
  File "/opt/airflow/dags/daily_chek.py", line 4, in <module>
    from pyspark.sql import SparkSession
ModuleNotFoundError: No module named 'pyspark'
[2026-05-01T18:49:17.525+0000] {processor.py:927} WARNING - No viable dags retrieved from /opt/airflow/dags/daily_chek.py
[2026-05-01T18:49:17.577+0000] {processor.py:208} INFO - Processing /opt/airflow/dags/daily_chek.py took 0.092 seconds
[2026-05-01T18:49:47.925+0000] {processor.py:186} INFO - Started process (PID=2363) to work on /opt/airflow/dags/daily_chek.py
[2026-05-01T18:49:47.932+0000] {processor.py:914} INFO - Processing file /opt/airflow/dags/daily_chek.py for tasks to queue
[2026-05-01T18:49:47.938+0000] {logging_mixin.py:190} INFO - [2026-05-01T18:49:47.937+0000] {dagbag.py:588} INFO - Filling up the DagBag from /opt/airflow/dags/daily_chek.py
[2026-05-01T18:49:47.949+0000] {logging_mixin.py:190} INFO - [2026-05-01T18:49:47.945+0000] {dagbag.py:387} ERROR - Failed to import: /opt/airflow/dags/daily_chek.py
Traceback (most recent call last):
  File "/home/airflow/.local/lib/python3.12/site-packages/airflow/models/dagbag.py", line 383, in parse
    loader.exec_module(new_module)
  File "<frozen importlib._bootstrap_external>", line 999, in exec_module
  File "<frozen importlib._bootstrap>", line 488, in _call_with_frames_removed
  File "/opt/airflow/dags/daily_chek.py", line 4, in <module>
    from pyspark.sql import SparkSession
ModuleNotFoundError: No module named 'pyspark'
[2026-05-01T18:49:47.950+0000] {processor.py:927} WARNING - No viable dags retrieved from /opt/airflow/dags/daily_chek.py
[2026-05-01T18:49:48.001+0000] {processor.py:208} INFO - Processing /opt/airflow/dags/daily_chek.py took 0.094 seconds
[2026-05-01T18:50:18.363+0000] {processor.py:186} INFO - Started process (PID=2379) to work on /opt/airflow/dags/daily_chek.py
[2026-05-01T18:50:18.366+0000] {processor.py:914} INFO - Processing file /opt/airflow/dags/daily_chek.py for tasks to queue
[2026-05-01T18:50:18.372+0000] {logging_mixin.py:190} INFO - [2026-05-01T18:50:18.371+0000] {dagbag.py:588} INFO - Filling up the DagBag from /opt/airflow/dags/daily_chek.py
[2026-05-01T18:50:18.384+0000] {logging_mixin.py:190} INFO - [2026-05-01T18:50:18.380+0000] {dagbag.py:387} ERROR - Failed to import: /opt/airflow/dags/daily_chek.py
Traceback (most recent call last):
  File "/home/airflow/.local/lib/python3.12/site-packages/airflow/models/dagbag.py", line 383, in parse
    loader.exec_module(new_module)
  File "<frozen importlib._bootstrap_external>", line 999, in exec_module
  File "<frozen importlib._bootstrap>", line 488, in _call_with_frames_removed
  File "/opt/airflow/dags/daily_chek.py", line 4, in <module>
    from pyspark.sql import SparkSession
ModuleNotFoundError: No module named 'pyspark'
[2026-05-01T18:50:18.385+0000] {processor.py:927} WARNING - No viable dags retrieved from /opt/airflow/dags/daily_chek.py
[2026-05-01T18:50:18.452+0000] {processor.py:208} INFO - Processing /opt/airflow/dags/daily_chek.py took 0.120 seconds
[2026-05-01T18:50:48.693+0000] {processor.py:186} INFO - Started process (PID=2395) to work on /opt/airflow/dags/daily_chek.py
[2026-05-01T18:50:48.700+0000] {processor.py:914} INFO - Processing file /opt/airflow/dags/daily_chek.py for tasks to queue
[2026-05-01T18:50:48.702+0000] {logging_mixin.py:190} INFO - [2026-05-01T18:50:48.702+0000] {dagbag.py:588} INFO - Filling up the DagBag from /opt/airflow/dags/daily_chek.py
[2026-05-01T18:50:48.708+0000] {logging_mixin.py:190} INFO - [2026-05-01T18:50:48.706+0000] {dagbag.py:387} ERROR - Failed to import: /opt/airflow/dags/daily_chek.py
Traceback (most recent call last):
  File "/home/airflow/.local/lib/python3.12/site-packages/airflow/models/dagbag.py", line 383, in parse
    loader.exec_module(new_module)
  File "<frozen importlib._bootstrap_external>", line 999, in exec_module
  File "<frozen importlib._bootstrap>", line 488, in _call_with_frames_removed
  File "/opt/airflow/dags/daily_chek.py", line 4, in <module>
    from pyspark.sql import SparkSession
ModuleNotFoundError: No module named 'pyspark'
[2026-05-01T18:50:48.709+0000] {processor.py:927} WARNING - No viable dags retrieved from /opt/airflow/dags/daily_chek.py
[2026-05-01T18:50:48.731+0000] {processor.py:208} INFO - Processing /opt/airflow/dags/daily_chek.py took 0.047 seconds
[2026-05-01T18:51:19.062+0000] {processor.py:186} INFO - Started process (PID=2411) to work on /opt/airflow/dags/daily_chek.py
[2026-05-01T18:51:19.065+0000] {processor.py:914} INFO - Processing file /opt/airflow/dags/daily_chek.py for tasks to queue
[2026-05-01T18:51:19.071+0000] {logging_mixin.py:190} INFO - [2026-05-01T18:51:19.070+0000] {dagbag.py:588} INFO - Filling up the DagBag from /opt/airflow/dags/daily_chek.py
[2026-05-01T18:51:19.082+0000] {logging_mixin.py:190} INFO - [2026-05-01T18:51:19.077+0000] {dagbag.py:387} ERROR - Failed to import: /opt/airflow/dags/daily_chek.py
Traceback (most recent call last):
  File "/home/airflow/.local/lib/python3.12/site-packages/airflow/models/dagbag.py", line 383, in parse
    loader.exec_module(new_module)
  File "<frozen importlib._bootstrap_external>", line 999, in exec_module
  File "<frozen importlib._bootstrap>", line 488, in _call_with_frames_removed
  File "/opt/airflow/dags/daily_chek.py", line 4, in <module>
    from pyspark.sql import SparkSession
ModuleNotFoundError: No module named 'pyspark'
[2026-05-01T18:51:19.084+0000] {processor.py:927} WARNING - No viable dags retrieved from /opt/airflow/dags/daily_chek.py
[2026-05-01T18:51:19.143+0000] {processor.py:208} INFO - Processing /opt/airflow/dags/daily_chek.py took 0.110 seconds
[2026-05-01T18:51:49.464+0000] {processor.py:186} INFO - Started process (PID=2427) to work on /opt/airflow/dags/daily_chek.py
[2026-05-01T18:51:49.471+0000] {processor.py:914} INFO - Processing file /opt/airflow/dags/daily_chek.py for tasks to queue
[2026-05-01T18:51:49.473+0000] {logging_mixin.py:190} INFO - [2026-05-01T18:51:49.473+0000] {dagbag.py:588} INFO - Filling up the DagBag from /opt/airflow/dags/daily_chek.py
[2026-05-01T18:51:49.478+0000] {logging_mixin.py:190} INFO - [2026-05-01T18:51:49.476+0000] {dagbag.py:387} ERROR - Failed to import: /opt/airflow/dags/daily_chek.py
Traceback (most recent call last):
  File "/home/airflow/.local/lib/python3.12/site-packages/airflow/models/dagbag.py", line 383, in parse
    loader.exec_module(new_module)
  File "<frozen importlib._bootstrap_external>", line 999, in exec_module
  File "<frozen importlib._bootstrap>", line 488, in _call_with_frames_removed
  File "/opt/airflow/dags/daily_chek.py", line 4, in <module>
    from pyspark.sql import SparkSession
ModuleNotFoundError: No module named 'pyspark'
[2026-05-01T18:51:49.479+0000] {processor.py:927} WARNING - No viable dags retrieved from /opt/airflow/dags/daily_chek.py
[2026-05-01T18:51:49.502+0000] {processor.py:208} INFO - Processing /opt/airflow/dags/daily_chek.py took 0.047 seconds
[2026-05-01T18:52:19.705+0000] {processor.py:186} INFO - Started process (PID=2443) to work on /opt/airflow/dags/daily_chek.py
[2026-05-01T18:52:19.706+0000] {processor.py:914} INFO - Processing file /opt/airflow/dags/daily_chek.py for tasks to queue
[2026-05-01T18:52:19.709+0000] {logging_mixin.py:190} INFO - [2026-05-01T18:52:19.709+0000] {dagbag.py:588} INFO - Filling up the DagBag from /opt/airflow/dags/daily_chek.py
[2026-05-01T18:52:19.714+0000] {logging_mixin.py:190} INFO - [2026-05-01T18:52:19.712+0000] {dagbag.py:387} ERROR - Failed to import: /opt/airflow/dags/daily_chek.py
Traceback (most recent call last):
  File "/home/airflow/.local/lib/python3.12/site-packages/airflow/models/dagbag.py", line 383, in parse
    loader.exec_module(new_module)
  File "<frozen importlib._bootstrap_external>", line 999, in exec_module
  File "<frozen importlib._bootstrap>", line 488, in _call_with_frames_removed
  File "/opt/airflow/dags/daily_chek.py", line 4, in <module>
    from pyspark.sql import SparkSession
ModuleNotFoundError: No module named 'pyspark'
[2026-05-01T18:52:19.715+0000] {processor.py:927} WARNING - No viable dags retrieved from /opt/airflow/dags/daily_chek.py
[2026-05-01T18:52:19.745+0000] {processor.py:208} INFO - Processing /opt/airflow/dags/daily_chek.py took 0.051 seconds
[2026-05-01T18:52:50.017+0000] {processor.py:186} INFO - Started process (PID=2459) to work on /opt/airflow/dags/daily_chek.py
[2026-05-01T18:52:50.018+0000] {processor.py:914} INFO - Processing file /opt/airflow/dags/daily_chek.py for tasks to queue
[2026-05-01T18:52:50.021+0000] {logging_mixin.py:190} INFO - [2026-05-01T18:52:50.021+0000] {dagbag.py:588} INFO - Filling up the DagBag from /opt/airflow/dags/daily_chek.py
[2026-05-01T18:52:50.044+0000] {logging_mixin.py:190} INFO - [2026-05-01T18:52:50.040+0000] {dagbag.py:387} ERROR - Failed to import: /opt/airflow/dags/daily_chek.py
Traceback (most recent call last):
  File "/home/airflow/.local/lib/python3.12/site-packages/airflow/models/dagbag.py", line 383, in parse
    loader.exec_module(new_module)
  File "<frozen importlib._bootstrap_external>", line 999, in exec_module
  File "<frozen importlib._bootstrap>", line 488, in _call_with_frames_removed
  File "/opt/airflow/dags/daily_chek.py", line 4, in <module>
    from pyspark.sql import SparkSession
ModuleNotFoundError: No module named 'pyspark'
[2026-05-01T18:52:50.045+0000] {processor.py:927} WARNING - No viable dags retrieved from /opt/airflow/dags/daily_chek.py
[2026-05-01T18:52:50.073+0000] {processor.py:208} INFO - Processing /opt/airflow/dags/daily_chek.py took 0.069 seconds
[2026-05-01T18:53:20.731+0000] {processor.py:186} INFO - Started process (PID=2475) to work on /opt/airflow/dags/daily_chek.py
[2026-05-01T18:53:20.734+0000] {processor.py:914} INFO - Processing file /opt/airflow/dags/daily_chek.py for tasks to queue
[2026-05-01T18:53:20.744+0000] {logging_mixin.py:190} INFO - [2026-05-01T18:53:20.743+0000] {dagbag.py:588} INFO - Filling up the DagBag from /opt/airflow/dags/daily_chek.py
[2026-05-01T18:53:20.757+0000] {logging_mixin.py:190} INFO - [2026-05-01T18:53:20.753+0000] {dagbag.py:387} ERROR - Failed to import: /opt/airflow/dags/daily_chek.py
Traceback (most recent call last):
  File "/home/airflow/.local/lib/python3.12/site-packages/airflow/models/dagbag.py", line 383, in parse
    loader.exec_module(new_module)
  File "<frozen importlib._bootstrap_external>", line 999, in exec_module
  File "<frozen importlib._bootstrap>", line 488, in _call_with_frames_removed
  File "/opt/airflow/dags/daily_chek.py", line 4, in <module>
    from pyspark.sql import SparkSession
ModuleNotFoundError: No module named 'pyspark'
[2026-05-01T18:53:20.759+0000] {processor.py:927} WARNING - No viable dags retrieved from /opt/airflow/dags/daily_chek.py
[2026-05-01T18:53:20.841+0000] {processor.py:208} INFO - Processing /opt/airflow/dags/daily_chek.py took 0.146 seconds
[2026-05-01T18:53:51.244+0000] {processor.py:186} INFO - Started process (PID=2491) to work on /opt/airflow/dags/daily_chek.py
[2026-05-01T18:53:51.247+0000] {processor.py:914} INFO - Processing file /opt/airflow/dags/daily_chek.py for tasks to queue
[2026-05-01T18:53:51.256+0000] {logging_mixin.py:190} INFO - [2026-05-01T18:53:51.254+0000] {dagbag.py:588} INFO - Filling up the DagBag from /opt/airflow/dags/daily_chek.py
[2026-05-01T18:53:51.272+0000] {logging_mixin.py:190} INFO - [2026-05-01T18:53:51.266+0000] {dagbag.py:387} ERROR - Failed to import: /opt/airflow/dags/daily_chek.py
Traceback (most recent call last):
  File "/home/airflow/.local/lib/python3.12/site-packages/airflow/models/dagbag.py", line 383, in parse
    loader.exec_module(new_module)
  File "<frozen importlib._bootstrap_external>", line 999, in exec_module
  File "<frozen importlib._bootstrap>", line 488, in _call_with_frames_removed
  File "/opt/airflow/dags/daily_chek.py", line 4, in <module>
    from pyspark.sql import SparkSession
ModuleNotFoundError: No module named 'pyspark'
[2026-05-01T18:53:51.274+0000] {processor.py:927} WARNING - No viable dags retrieved from /opt/airflow/dags/daily_chek.py
[2026-05-01T18:53:51.353+0000] {processor.py:208} INFO - Processing /opt/airflow/dags/daily_chek.py took 0.141 seconds
[2026-05-01T18:54:21.713+0000] {processor.py:186} INFO - Started process (PID=2507) to work on /opt/airflow/dags/daily_chek.py
[2026-05-01T18:54:21.721+0000] {processor.py:914} INFO - Processing file /opt/airflow/dags/daily_chek.py for tasks to queue
[2026-05-01T18:54:21.726+0000] {logging_mixin.py:190} INFO - [2026-05-01T18:54:21.725+0000] {dagbag.py:588} INFO - Filling up the DagBag from /opt/airflow/dags/daily_chek.py
[2026-05-01T18:54:21.737+0000] {logging_mixin.py:190} INFO - [2026-05-01T18:54:21.734+0000] {dagbag.py:387} ERROR - Failed to import: /opt/airflow/dags/daily_chek.py
Traceback (most recent call last):
  File "/home/airflow/.local/lib/python3.12/site-packages/airflow/models/dagbag.py", line 383, in parse
    loader.exec_module(new_module)
  File "<frozen importlib._bootstrap_external>", line 999, in exec_module
  File "<frozen importlib._bootstrap>", line 488, in _call_with_frames_removed
  File "/opt/airflow/dags/daily_chek.py", line 4, in <module>
    from pyspark.sql import SparkSession
ModuleNotFoundError: No module named 'pyspark'
[2026-05-01T18:54:21.739+0000] {processor.py:927} WARNING - No viable dags retrieved from /opt/airflow/dags/daily_chek.py
[2026-05-01T18:54:21.795+0000] {processor.py:208} INFO - Processing /opt/airflow/dags/daily_chek.py took 0.099 seconds
[2026-05-01T18:54:52.154+0000] {processor.py:186} INFO - Started process (PID=2523) to work on /opt/airflow/dags/daily_chek.py
[2026-05-01T18:54:52.156+0000] {processor.py:914} INFO - Processing file /opt/airflow/dags/daily_chek.py for tasks to queue
[2026-05-01T18:54:52.164+0000] {logging_mixin.py:190} INFO - [2026-05-01T18:54:52.163+0000] {dagbag.py:588} INFO - Filling up the DagBag from /opt/airflow/dags/daily_chek.py
[2026-05-01T18:54:52.176+0000] {logging_mixin.py:190} INFO - [2026-05-01T18:54:52.173+0000] {dagbag.py:387} ERROR - Failed to import: /opt/airflow/dags/daily_chek.py
Traceback (most recent call last):
  File "/home/airflow/.local/lib/python3.12/site-packages/airflow/models/dagbag.py", line 383, in parse
    loader.exec_module(new_module)
  File "<frozen importlib._bootstrap_external>", line 999, in exec_module
  File "<frozen importlib._bootstrap>", line 488, in _call_with_frames_removed
  File "/opt/airflow/dags/daily_chek.py", line 4, in <module>
    from pyspark.sql import SparkSession
ModuleNotFoundError: No module named 'pyspark'
[2026-05-01T18:54:52.178+0000] {processor.py:927} WARNING - No viable dags retrieved from /opt/airflow/dags/daily_chek.py
[2026-05-01T18:54:52.217+0000] {processor.py:208} INFO - Processing /opt/airflow/dags/daily_chek.py took 0.084 seconds
[2026-05-01T18:55:22.557+0000] {processor.py:186} INFO - Started process (PID=2539) to work on /opt/airflow/dags/daily_chek.py
[2026-05-01T18:55:22.565+0000] {processor.py:914} INFO - Processing file /opt/airflow/dags/daily_chek.py for tasks to queue
[2026-05-01T18:55:22.571+0000] {logging_mixin.py:190} INFO - [2026-05-01T18:55:22.570+0000] {dagbag.py:588} INFO - Filling up the DagBag from /opt/airflow/dags/daily_chek.py
[2026-05-01T18:55:22.582+0000] {logging_mixin.py:190} INFO - [2026-05-01T18:55:22.579+0000] {dagbag.py:387} ERROR - Failed to import: /opt/airflow/dags/daily_chek.py
Traceback (most recent call last):
  File "/home/airflow/.local/lib/python3.12/site-packages/airflow/models/dagbag.py", line 383, in parse
    loader.exec_module(new_module)
  File "<frozen importlib._bootstrap_external>", line 999, in exec_module
  File "<frozen importlib._bootstrap>", line 488, in _call_with_frames_removed
  File "/opt/airflow/dags/daily_chek.py", line 4, in <module>
    from pyspark.sql import SparkSession
ModuleNotFoundError: No module named 'pyspark'
[2026-05-01T18:55:22.584+0000] {processor.py:927} WARNING - No viable dags retrieved from /opt/airflow/dags/daily_chek.py
[2026-05-01T18:55:22.634+0000] {processor.py:208} INFO - Processing /opt/airflow/dags/daily_chek.py took 0.097 seconds
[2026-05-01T18:55:52.976+0000] {processor.py:186} INFO - Started process (PID=2555) to work on /opt/airflow/dags/daily_chek.py
[2026-05-01T18:55:52.978+0000] {processor.py:914} INFO - Processing file /opt/airflow/dags/daily_chek.py for tasks to queue
[2026-05-01T18:55:52.984+0000] {logging_mixin.py:190} INFO - [2026-05-01T18:55:52.983+0000] {dagbag.py:588} INFO - Filling up the DagBag from /opt/airflow/dags/daily_chek.py
[2026-05-01T18:55:52.996+0000] {logging_mixin.py:190} INFO - [2026-05-01T18:55:52.992+0000] {dagbag.py:387} ERROR - Failed to import: /opt/airflow/dags/daily_chek.py
Traceback (most recent call last):
  File "/home/airflow/.local/lib/python3.12/site-packages/airflow/models/dagbag.py", line 383, in parse
    loader.exec_module(new_module)
  File "<frozen importlib._bootstrap_external>", line 999, in exec_module
  File "<frozen importlib._bootstrap>", line 488, in _call_with_frames_removed
  File "/opt/airflow/dags/daily_chek.py", line 4, in <module>
    from pyspark.sql import SparkSession
ModuleNotFoundError: No module named 'pyspark'
[2026-05-01T18:55:52.998+0000] {processor.py:927} WARNING - No viable dags retrieved from /opt/airflow/dags/daily_chek.py
[2026-05-01T18:55:53.060+0000] {processor.py:208} INFO - Processing /opt/airflow/dags/daily_chek.py took 0.104 seconds
[2026-05-01T18:56:23.359+0000] {processor.py:186} INFO - Started process (PID=2571) to work on /opt/airflow/dags/daily_chek.py
[2026-05-01T18:56:23.362+0000] {processor.py:914} INFO - Processing file /opt/airflow/dags/daily_chek.py for tasks to queue
[2026-05-01T18:56:23.371+0000] {logging_mixin.py:190} INFO - [2026-05-01T18:56:23.370+0000] {dagbag.py:588} INFO - Filling up the DagBag from /opt/airflow/dags/daily_chek.py
[2026-05-01T18:56:23.388+0000] {logging_mixin.py:190} INFO - [2026-05-01T18:56:23.382+0000] {dagbag.py:387} ERROR - Failed to import: /opt/airflow/dags/daily_chek.py
Traceback (most recent call last):
  File "/home/airflow/.local/lib/python3.12/site-packages/airflow/models/dagbag.py", line 383, in parse
    loader.exec_module(new_module)
  File "<frozen importlib._bootstrap_external>", line 999, in exec_module
  File "<frozen importlib._bootstrap>", line 488, in _call_with_frames_removed
  File "/opt/airflow/dags/daily_chek.py", line 4, in <module>
    from pyspark.sql import SparkSession
ModuleNotFoundError: No module named 'pyspark'
[2026-05-01T18:56:23.391+0000] {processor.py:927} WARNING - No viable dags retrieved from /opt/airflow/dags/daily_chek.py
[2026-05-01T18:56:23.466+0000] {processor.py:208} INFO - Processing /opt/airflow/dags/daily_chek.py took 0.132 seconds
[2026-05-01T18:56:53.755+0000] {processor.py:186} INFO - Started process (PID=2587) to work on /opt/airflow/dags/daily_chek.py
[2026-05-01T18:56:53.756+0000] {processor.py:914} INFO - Processing file /opt/airflow/dags/daily_chek.py for tasks to queue
[2026-05-01T18:56:53.758+0000] {logging_mixin.py:190} INFO - [2026-05-01T18:56:53.758+0000] {dagbag.py:588} INFO - Filling up the DagBag from /opt/airflow/dags/daily_chek.py
[2026-05-01T18:56:53.763+0000] {logging_mixin.py:190} INFO - [2026-05-01T18:56:53.761+0000] {dagbag.py:387} ERROR - Failed to import: /opt/airflow/dags/daily_chek.py
Traceback (most recent call last):
  File "/home/airflow/.local/lib/python3.12/site-packages/airflow/models/dagbag.py", line 383, in parse
    loader.exec_module(new_module)
  File "<frozen importlib._bootstrap_external>", line 999, in exec_module
  File "<frozen importlib._bootstrap>", line 488, in _call_with_frames_removed
  File "/opt/airflow/dags/daily_chek.py", line 4, in <module>
    from pyspark.sql import SparkSession
ModuleNotFoundError: No module named 'pyspark'
[2026-05-01T18:56:53.764+0000] {processor.py:927} WARNING - No viable dags retrieved from /opt/airflow/dags/daily_chek.py
[2026-05-01T18:56:53.789+0000] {processor.py:208} INFO - Processing /opt/airflow/dags/daily_chek.py took 0.041 seconds
[2026-05-01T18:57:24.089+0000] {processor.py:186} INFO - Started process (PID=2603) to work on /opt/airflow/dags/daily_chek.py
[2026-05-01T18:57:24.098+0000] {processor.py:914} INFO - Processing file /opt/airflow/dags/daily_chek.py for tasks to queue
[2026-05-01T18:57:24.107+0000] {logging_mixin.py:190} INFO - [2026-05-01T18:57:24.106+0000] {dagbag.py:588} INFO - Filling up the DagBag from /opt/airflow/dags/daily_chek.py
[2026-05-01T18:57:24.124+0000] {logging_mixin.py:190} INFO - [2026-05-01T18:57:24.118+0000] {dagbag.py:387} ERROR - Failed to import: /opt/airflow/dags/daily_chek.py
Traceback (most recent call last):
  File "/home/airflow/.local/lib/python3.12/site-packages/airflow/models/dagbag.py", line 383, in parse
    loader.exec_module(new_module)
  File "<frozen importlib._bootstrap_external>", line 999, in exec_module
  File "<frozen importlib._bootstrap>", line 488, in _call_with_frames_removed
  File "/opt/airflow/dags/daily_chek.py", line 4, in <module>
    from pyspark.sql import SparkSession
ModuleNotFoundError: No module named 'pyspark'
[2026-05-01T18:57:24.126+0000] {processor.py:927} WARNING - No viable dags retrieved from /opt/airflow/dags/daily_chek.py
[2026-05-01T18:57:24.198+0000] {processor.py:208} INFO - Processing /opt/airflow/dags/daily_chek.py took 0.134 seconds
[2026-05-01T18:57:54.548+0000] {processor.py:186} INFO - Started process (PID=2619) to work on /opt/airflow/dags/daily_chek.py
[2026-05-01T18:57:54.550+0000] {processor.py:914} INFO - Processing file /opt/airflow/dags/daily_chek.py for tasks to queue
[2026-05-01T18:57:54.556+0000] {logging_mixin.py:190} INFO - [2026-05-01T18:57:54.555+0000] {dagbag.py:588} INFO - Filling up the DagBag from /opt/airflow/dags/daily_chek.py
[2026-05-01T18:57:54.568+0000] {logging_mixin.py:190} INFO - [2026-05-01T18:57:54.564+0000] {dagbag.py:387} ERROR - Failed to import: /opt/airflow/dags/daily_chek.py
Traceback (most recent call last):
  File "/home/airflow/.local/lib/python3.12/site-packages/airflow/models/dagbag.py", line 383, in parse
    loader.exec_module(new_module)
  File "<frozen importlib._bootstrap_external>", line 999, in exec_module
  File "<frozen importlib._bootstrap>", line 488, in _call_with_frames_removed
  File "/opt/airflow/dags/daily_chek.py", line 4, in <module>
    from pyspark.sql import SparkSession
ModuleNotFoundError: No module named 'pyspark'
[2026-05-01T18:57:54.570+0000] {processor.py:927} WARNING - No viable dags retrieved from /opt/airflow/dags/daily_chek.py
[2026-05-01T18:57:54.627+0000] {processor.py:208} INFO - Processing /opt/airflow/dags/daily_chek.py took 0.100 seconds
[2026-05-01T18:58:25.000+0000] {processor.py:186} INFO - Started process (PID=2635) to work on /opt/airflow/dags/daily_chek.py
[2026-05-01T18:58:25.008+0000] {processor.py:914} INFO - Processing file /opt/airflow/dags/daily_chek.py for tasks to queue
[2026-05-01T18:58:25.016+0000] {logging_mixin.py:190} INFO - [2026-05-01T18:58:25.014+0000] {dagbag.py:588} INFO - Filling up the DagBag from /opt/airflow/dags/daily_chek.py
[2026-05-01T18:58:25.028+0000] {logging_mixin.py:190} INFO - [2026-05-01T18:58:25.024+0000] {dagbag.py:387} ERROR - Failed to import: /opt/airflow/dags/daily_chek.py
Traceback (most recent call last):
  File "/home/airflow/.local/lib/python3.12/site-packages/airflow/models/dagbag.py", line 383, in parse
    loader.exec_module(new_module)
  File "<frozen importlib._bootstrap_external>", line 999, in exec_module
  File "<frozen importlib._bootstrap>", line 488, in _call_with_frames_removed
  File "/opt/airflow/dags/daily_chek.py", line 4, in <module>
    from pyspark.sql import SparkSession
ModuleNotFoundError: No module named 'pyspark'
[2026-05-01T18:58:25.030+0000] {processor.py:927} WARNING - No viable dags retrieved from /opt/airflow/dags/daily_chek.py
[2026-05-01T18:58:25.086+0000] {processor.py:208} INFO - Processing /opt/airflow/dags/daily_chek.py took 0.107 seconds
[2026-05-01T18:58:55.470+0000] {processor.py:186} INFO - Started process (PID=2652) to work on /opt/airflow/dags/daily_chek.py
[2026-05-01T18:58:55.473+0000] {processor.py:914} INFO - Processing file /opt/airflow/dags/daily_chek.py for tasks to queue
[2026-05-01T18:58:55.480+0000] {logging_mixin.py:190} INFO - [2026-05-01T18:58:55.479+0000] {dagbag.py:588} INFO - Filling up the DagBag from /opt/airflow/dags/daily_chek.py
[2026-05-01T18:58:55.493+0000] {logging_mixin.py:190} INFO - [2026-05-01T18:58:55.488+0000] {dagbag.py:387} ERROR - Failed to import: /opt/airflow/dags/daily_chek.py
Traceback (most recent call last):
  File "/home/airflow/.local/lib/python3.12/site-packages/airflow/models/dagbag.py", line 383, in parse
    loader.exec_module(new_module)
  File "<frozen importlib._bootstrap_external>", line 999, in exec_module
  File "<frozen importlib._bootstrap>", line 488, in _call_with_frames_removed
  File "/opt/airflow/dags/daily_chek.py", line 4, in <module>
    from pyspark.sql import SparkSession
ModuleNotFoundError: No module named 'pyspark'
[2026-05-01T18:58:55.494+0000] {processor.py:927} WARNING - No viable dags retrieved from /opt/airflow/dags/daily_chek.py
[2026-05-01T18:58:55.552+0000] {processor.py:208} INFO - Processing /opt/airflow/dags/daily_chek.py took 0.112 seconds
[2026-05-01T18:59:25.930+0000] {processor.py:186} INFO - Started process (PID=2668) to work on /opt/airflow/dags/daily_chek.py
[2026-05-01T18:59:25.938+0000] {processor.py:914} INFO - Processing file /opt/airflow/dags/daily_chek.py for tasks to queue
[2026-05-01T18:59:25.944+0000] {logging_mixin.py:190} INFO - [2026-05-01T18:59:25.943+0000] {dagbag.py:588} INFO - Filling up the DagBag from /opt/airflow/dags/daily_chek.py
[2026-05-01T18:59:25.956+0000] {logging_mixin.py:190} INFO - [2026-05-01T18:59:25.952+0000] {dagbag.py:387} ERROR - Failed to import: /opt/airflow/dags/daily_chek.py
Traceback (most recent call last):
  File "/home/airflow/.local/lib/python3.12/site-packages/airflow/models/dagbag.py", line 383, in parse
    loader.exec_module(new_module)
  File "<frozen importlib._bootstrap_external>", line 999, in exec_module
  File "<frozen importlib._bootstrap>", line 488, in _call_with_frames_removed
  File "/opt/airflow/dags/daily_chek.py", line 4, in <module>
    from pyspark.sql import SparkSession
ModuleNotFoundError: No module named 'pyspark'
[2026-05-01T18:59:25.957+0000] {processor.py:927} WARNING - No viable dags retrieved from /opt/airflow/dags/daily_chek.py
[2026-05-01T18:59:26.016+0000] {processor.py:208} INFO - Processing /opt/airflow/dags/daily_chek.py took 0.113 seconds
[2026-05-01T18:59:56.362+0000] {processor.py:186} INFO - Started process (PID=2684) to work on /opt/airflow/dags/daily_chek.py
[2026-05-01T18:59:56.363+0000] {processor.py:914} INFO - Processing file /opt/airflow/dags/daily_chek.py for tasks to queue
[2026-05-01T18:59:56.366+0000] {logging_mixin.py:190} INFO - [2026-05-01T18:59:56.365+0000] {dagbag.py:588} INFO - Filling up the DagBag from /opt/airflow/dags/daily_chek.py
[2026-05-01T18:59:56.369+0000] {logging_mixin.py:190} INFO - [2026-05-01T18:59:56.368+0000] {dagbag.py:387} ERROR - Failed to import: /opt/airflow/dags/daily_chek.py
Traceback (most recent call last):
  File "/home/airflow/.local/lib/python3.12/site-packages/airflow/models/dagbag.py", line 383, in parse
    loader.exec_module(new_module)
  File "<frozen importlib._bootstrap_external>", line 999, in exec_module
  File "<frozen importlib._bootstrap>", line 488, in _call_with_frames_removed
  File "/opt/airflow/dags/daily_chek.py", line 4, in <module>
    from pyspark.sql import SparkSession
ModuleNotFoundError: No module named 'pyspark'
[2026-05-01T18:59:56.370+0000] {processor.py:927} WARNING - No viable dags retrieved from /opt/airflow/dags/daily_chek.py
[2026-05-01T18:59:56.388+0000] {processor.py:208} INFO - Processing /opt/airflow/dags/daily_chek.py took 0.033 seconds
[2026-05-01T19:00:26.738+0000] {processor.py:186} INFO - Started process (PID=2700) to work on /opt/airflow/dags/daily_chek.py
[2026-05-01T19:00:26.741+0000] {processor.py:914} INFO - Processing file /opt/airflow/dags/daily_chek.py for tasks to queue
[2026-05-01T19:00:26.748+0000] {logging_mixin.py:190} INFO - [2026-05-01T19:00:26.747+0000] {dagbag.py:588} INFO - Filling up the DagBag from /opt/airflow/dags/daily_chek.py
[2026-05-01T19:00:26.761+0000] {logging_mixin.py:190} INFO - [2026-05-01T19:00:26.757+0000] {dagbag.py:387} ERROR - Failed to import: /opt/airflow/dags/daily_chek.py
Traceback (most recent call last):
  File "/home/airflow/.local/lib/python3.12/site-packages/airflow/models/dagbag.py", line 383, in parse
    loader.exec_module(new_module)
  File "<frozen importlib._bootstrap_external>", line 999, in exec_module
  File "<frozen importlib._bootstrap>", line 488, in _call_with_frames_removed
  File "/opt/airflow/dags/daily_chek.py", line 4, in <module>
    from pyspark.sql import SparkSession
ModuleNotFoundError: No module named 'pyspark'
[2026-05-01T19:00:26.763+0000] {processor.py:927} WARNING - No viable dags retrieved from /opt/airflow/dags/daily_chek.py
[2026-05-01T19:00:26.822+0000] {processor.py:208} INFO - Processing /opt/airflow/dags/daily_chek.py took 0.106 seconds
[2026-05-01T19:00:57.209+0000] {processor.py:186} INFO - Started process (PID=2716) to work on /opt/airflow/dags/daily_chek.py
[2026-05-01T19:00:57.212+0000] {processor.py:914} INFO - Processing file /opt/airflow/dags/daily_chek.py for tasks to queue
[2026-05-01T19:00:57.219+0000] {logging_mixin.py:190} INFO - [2026-05-01T19:00:57.218+0000] {dagbag.py:588} INFO - Filling up the DagBag from /opt/airflow/dags/daily_chek.py
[2026-05-01T19:00:57.234+0000] {logging_mixin.py:190} INFO - [2026-05-01T19:00:57.228+0000] {dagbag.py:387} ERROR - Failed to import: /opt/airflow/dags/daily_chek.py
Traceback (most recent call last):
  File "/home/airflow/.local/lib/python3.12/site-packages/airflow/models/dagbag.py", line 383, in parse
    loader.exec_module(new_module)
  File "<frozen importlib._bootstrap_external>", line 999, in exec_module
  File "<frozen importlib._bootstrap>", line 488, in _call_with_frames_removed
  File "/opt/airflow/dags/daily_chek.py", line 4, in <module>
    from pyspark.sql import SparkSession
ModuleNotFoundError: No module named 'pyspark'
[2026-05-01T19:00:57.237+0000] {processor.py:927} WARNING - No viable dags retrieved from /opt/airflow/dags/daily_chek.py
[2026-05-01T19:00:57.303+0000] {processor.py:208} INFO - Processing /opt/airflow/dags/daily_chek.py took 0.120 seconds
[2026-05-01T19:01:27.682+0000] {processor.py:186} INFO - Started process (PID=2732) to work on /opt/airflow/dags/daily_chek.py
[2026-05-01T19:01:27.691+0000] {processor.py:914} INFO - Processing file /opt/airflow/dags/daily_chek.py for tasks to queue
[2026-05-01T19:01:27.700+0000] {logging_mixin.py:190} INFO - [2026-05-01T19:01:27.699+0000] {dagbag.py:588} INFO - Filling up the DagBag from /opt/airflow/dags/daily_chek.py
[2026-05-01T19:01:27.717+0000] {logging_mixin.py:190} INFO - [2026-05-01T19:01:27.711+0000] {dagbag.py:387} ERROR - Failed to import: /opt/airflow/dags/daily_chek.py
Traceback (most recent call last):
  File "/home/airflow/.local/lib/python3.12/site-packages/airflow/models/dagbag.py", line 383, in parse
    loader.exec_module(new_module)
  File "<frozen importlib._bootstrap_external>", line 999, in exec_module
  File "<frozen importlib._bootstrap>", line 488, in _call_with_frames_removed
  File "/opt/airflow/dags/daily_chek.py", line 4, in <module>
    from pyspark.sql import SparkSession
ModuleNotFoundError: No module named 'pyspark'
[2026-05-01T19:01:27.720+0000] {processor.py:927} WARNING - No viable dags retrieved from /opt/airflow/dags/daily_chek.py
[2026-05-01T19:01:27.783+0000] {processor.py:208} INFO - Processing /opt/airflow/dags/daily_chek.py took 0.124 seconds
[2026-05-01T19:01:58.075+0000] {processor.py:186} INFO - Started process (PID=2748) to work on /opt/airflow/dags/daily_chek.py
[2026-05-01T19:01:58.076+0000] {processor.py:914} INFO - Processing file /opt/airflow/dags/daily_chek.py for tasks to queue
[2026-05-01T19:01:58.078+0000] {logging_mixin.py:190} INFO - [2026-05-01T19:01:58.078+0000] {dagbag.py:588} INFO - Filling up the DagBag from /opt/airflow/dags/daily_chek.py
[2026-05-01T19:01:58.081+0000] {logging_mixin.py:190} INFO - [2026-05-01T19:01:58.080+0000] {dagbag.py:387} ERROR - Failed to import: /opt/airflow/dags/daily_chek.py
Traceback (most recent call last):
  File "/home/airflow/.local/lib/python3.12/site-packages/airflow/models/dagbag.py", line 383, in parse
    loader.exec_module(new_module)
  File "<frozen importlib._bootstrap_external>", line 999, in exec_module
  File "<frozen importlib._bootstrap>", line 488, in _call_with_frames_removed
  File "/opt/airflow/dags/daily_chek.py", line 4, in <module>
    from pyspark.sql import SparkSession
ModuleNotFoundError: No module named 'pyspark'
[2026-05-01T19:01:58.082+0000] {processor.py:927} WARNING - No viable dags retrieved from /opt/airflow/dags/daily_chek.py
[2026-05-01T19:01:58.104+0000] {processor.py:208} INFO - Processing /opt/airflow/dags/daily_chek.py took 0.037 seconds
[2026-05-01T19:02:28.384+0000] {processor.py:186} INFO - Started process (PID=2764) to work on /opt/airflow/dags/daily_chek.py
[2026-05-01T19:02:28.393+0000] {processor.py:914} INFO - Processing file /opt/airflow/dags/daily_chek.py for tasks to queue
[2026-05-01T19:02:28.400+0000] {logging_mixin.py:190} INFO - [2026-05-01T19:02:28.399+0000] {dagbag.py:588} INFO - Filling up the DagBag from /opt/airflow/dags/daily_chek.py
[2026-05-01T19:02:28.414+0000] {logging_mixin.py:190} INFO - [2026-05-01T19:02:28.409+0000] {dagbag.py:387} ERROR - Failed to import: /opt/airflow/dags/daily_chek.py
Traceback (most recent call last):
  File "/home/airflow/.local/lib/python3.12/site-packages/airflow/models/dagbag.py", line 383, in parse
    loader.exec_module(new_module)
  File "<frozen importlib._bootstrap_external>", line 999, in exec_module
  File "<frozen importlib._bootstrap>", line 488, in _call_with_frames_removed
  File "/opt/airflow/dags/daily_chek.py", line 4, in <module>
    from pyspark.sql import SparkSession
ModuleNotFoundError: No module named 'pyspark'
[2026-05-01T19:02:28.415+0000] {processor.py:927} WARNING - No viable dags retrieved from /opt/airflow/dags/daily_chek.py
[2026-05-01T19:02:28.485+0000] {processor.py:208} INFO - Processing /opt/airflow/dags/daily_chek.py took 0.129 seconds
[2026-05-01T19:02:58.849+0000] {processor.py:186} INFO - Started process (PID=2780) to work on /opt/airflow/dags/daily_chek.py
[2026-05-01T19:02:58.851+0000] {processor.py:914} INFO - Processing file /opt/airflow/dags/daily_chek.py for tasks to queue
[2026-05-01T19:02:58.859+0000] {logging_mixin.py:190} INFO - [2026-05-01T19:02:58.858+0000] {dagbag.py:588} INFO - Filling up the DagBag from /opt/airflow/dags/daily_chek.py
[2026-05-01T19:02:58.872+0000] {logging_mixin.py:190} INFO - [2026-05-01T19:02:58.867+0000] {dagbag.py:387} ERROR - Failed to import: /opt/airflow/dags/daily_chek.py
Traceback (most recent call last):
  File "/home/airflow/.local/lib/python3.12/site-packages/airflow/models/dagbag.py", line 383, in parse
    loader.exec_module(new_module)
  File "<frozen importlib._bootstrap_external>", line 999, in exec_module
  File "<frozen importlib._bootstrap>", line 488, in _call_with_frames_removed
  File "/opt/airflow/dags/daily_chek.py", line 4, in <module>
    from pyspark.sql import SparkSession
ModuleNotFoundError: No module named 'pyspark'
[2026-05-01T19:02:58.874+0000] {processor.py:927} WARNING - No viable dags retrieved from /opt/airflow/dags/daily_chek.py
[2026-05-01T19:02:58.937+0000] {processor.py:208} INFO - Processing /opt/airflow/dags/daily_chek.py took 0.111 seconds
[2026-05-01T19:03:29.311+0000] {processor.py:186} INFO - Started process (PID=2796) to work on /opt/airflow/dags/daily_chek.py
[2026-05-01T19:03:29.319+0000] {processor.py:914} INFO - Processing file /opt/airflow/dags/daily_chek.py for tasks to queue
[2026-05-01T19:03:29.326+0000] {logging_mixin.py:190} INFO - [2026-05-01T19:03:29.325+0000] {dagbag.py:588} INFO - Filling up the DagBag from /opt/airflow/dags/daily_chek.py
[2026-05-01T19:03:29.338+0000] {logging_mixin.py:190} INFO - [2026-05-01T19:03:29.334+0000] {dagbag.py:387} ERROR - Failed to import: /opt/airflow/dags/daily_chek.py
Traceback (most recent call last):
  File "/home/airflow/.local/lib/python3.12/site-packages/airflow/models/dagbag.py", line 383, in parse
    loader.exec_module(new_module)
  File "<frozen importlib._bootstrap_external>", line 999, in exec_module
  File "<frozen importlib._bootstrap>", line 488, in _call_with_frames_removed
  File "/opt/airflow/dags/daily_chek.py", line 4, in <module>
    from pyspark.sql import SparkSession
ModuleNotFoundError: No module named 'pyspark'
[2026-05-01T19:03:29.340+0000] {processor.py:927} WARNING - No viable dags retrieved from /opt/airflow/dags/daily_chek.py
[2026-05-01T19:03:29.402+0000] {processor.py:208} INFO - Processing /opt/airflow/dags/daily_chek.py took 0.113 seconds
[2026-05-01T19:03:59.771+0000] {processor.py:186} INFO - Started process (PID=2812) to work on /opt/airflow/dags/daily_chek.py
[2026-05-01T19:03:59.773+0000] {processor.py:914} INFO - Processing file /opt/airflow/dags/daily_chek.py for tasks to queue
[2026-05-01T19:03:59.780+0000] {logging_mixin.py:190} INFO - [2026-05-01T19:03:59.779+0000] {dagbag.py:588} INFO - Filling up the DagBag from /opt/airflow/dags/daily_chek.py
[2026-05-01T19:03:59.791+0000] {logging_mixin.py:190} INFO - [2026-05-01T19:03:59.787+0000] {dagbag.py:387} ERROR - Failed to import: /opt/airflow/dags/daily_chek.py
Traceback (most recent call last):
  File "/home/airflow/.local/lib/python3.12/site-packages/airflow/models/dagbag.py", line 383, in parse
    loader.exec_module(new_module)
  File "<frozen importlib._bootstrap_external>", line 999, in exec_module
  File "<frozen importlib._bootstrap>", line 488, in _call_with_frames_removed
  File "/opt/airflow/dags/daily_chek.py", line 4, in <module>
    from pyspark.sql import SparkSession
ModuleNotFoundError: No module named 'pyspark'
[2026-05-01T19:03:59.793+0000] {processor.py:927} WARNING - No viable dags retrieved from /opt/airflow/dags/daily_chek.py
[2026-05-01T19:03:59.847+0000] {processor.py:208} INFO - Processing /opt/airflow/dags/daily_chek.py took 0.097 seconds
[2026-05-01T19:04:30.210+0000] {processor.py:186} INFO - Started process (PID=2828) to work on /opt/airflow/dags/daily_chek.py
[2026-05-01T19:04:30.218+0000] {processor.py:914} INFO - Processing file /opt/airflow/dags/daily_chek.py for tasks to queue
[2026-05-01T19:04:30.224+0000] {logging_mixin.py:190} INFO - [2026-05-01T19:04:30.223+0000] {dagbag.py:588} INFO - Filling up the DagBag from /opt/airflow/dags/daily_chek.py
[2026-05-01T19:04:30.236+0000] {logging_mixin.py:190} INFO - [2026-05-01T19:04:30.232+0000] {dagbag.py:387} ERROR - Failed to import: /opt/airflow/dags/daily_chek.py
Traceback (most recent call last):
  File "/home/airflow/.local/lib/python3.12/site-packages/airflow/models/dagbag.py", line 383, in parse
    loader.exec_module(new_module)
  File "<frozen importlib._bootstrap_external>", line 999, in exec_module
  File "<frozen importlib._bootstrap>", line 488, in _call_with_frames_removed
  File "/opt/airflow/dags/daily_chek.py", line 4, in <module>
    from pyspark.sql import SparkSession
ModuleNotFoundError: No module named 'pyspark'
[2026-05-01T19:04:30.238+0000] {processor.py:927} WARNING - No viable dags retrieved from /opt/airflow/dags/daily_chek.py
[2026-05-01T19:04:30.299+0000] {processor.py:208} INFO - Processing /opt/airflow/dags/daily_chek.py took 0.110 seconds
[2026-05-01T19:05:00.671+0000] {processor.py:186} INFO - Started process (PID=2844) to work on /opt/airflow/dags/daily_chek.py
[2026-05-01T19:05:00.679+0000] {processor.py:914} INFO - Processing file /opt/airflow/dags/daily_chek.py for tasks to queue
[2026-05-01T19:05:00.687+0000] {logging_mixin.py:190} INFO - [2026-05-01T19:05:00.685+0000] {dagbag.py:588} INFO - Filling up the DagBag from /opt/airflow/dags/daily_chek.py
[2026-05-01T19:05:00.700+0000] {logging_mixin.py:190} INFO - [2026-05-01T19:05:00.695+0000] {dagbag.py:387} ERROR - Failed to import: /opt/airflow/dags/daily_chek.py
Traceback (most recent call last):
  File "/home/airflow/.local/lib/python3.12/site-packages/airflow/models/dagbag.py", line 383, in parse
    loader.exec_module(new_module)
  File "<frozen importlib._bootstrap_external>", line 999, in exec_module
  File "<frozen importlib._bootstrap>", line 488, in _call_with_frames_removed
  File "/opt/airflow/dags/daily_chek.py", line 4, in <module>
    from pyspark.sql import SparkSession
ModuleNotFoundError: No module named 'pyspark'
[2026-05-01T19:05:00.703+0000] {processor.py:927} WARNING - No viable dags retrieved from /opt/airflow/dags/daily_chek.py
[2026-05-01T19:05:00.766+0000] {processor.py:208} INFO - Processing /opt/airflow/dags/daily_chek.py took 0.119 seconds
[2026-05-01T19:05:31.124+0000] {processor.py:186} INFO - Started process (PID=2860) to work on /opt/airflow/dags/daily_chek.py
[2026-05-01T19:05:31.127+0000] {processor.py:914} INFO - Processing file /opt/airflow/dags/daily_chek.py for tasks to queue
[2026-05-01T19:05:31.137+0000] {logging_mixin.py:190} INFO - [2026-05-01T19:05:31.136+0000] {dagbag.py:588} INFO - Filling up the DagBag from /opt/airflow/dags/daily_chek.py
[2026-05-01T19:05:31.150+0000] {logging_mixin.py:190} INFO - [2026-05-01T19:05:31.145+0000] {dagbag.py:387} ERROR - Failed to import: /opt/airflow/dags/daily_chek.py
Traceback (most recent call last):
  File "/home/airflow/.local/lib/python3.12/site-packages/airflow/models/dagbag.py", line 383, in parse
    loader.exec_module(new_module)
  File "<frozen importlib._bootstrap_external>", line 999, in exec_module
  File "<frozen importlib._bootstrap>", line 488, in _call_with_frames_removed
  File "/opt/airflow/dags/daily_chek.py", line 4, in <module>
    from pyspark.sql import SparkSession
ModuleNotFoundError: No module named 'pyspark'
[2026-05-01T19:05:31.152+0000] {processor.py:927} WARNING - No viable dags retrieved from /opt/airflow/dags/daily_chek.py
[2026-05-01T19:05:31.210+0000] {processor.py:208} INFO - Processing /opt/airflow/dags/daily_chek.py took 0.115 seconds
[2026-05-01T19:06:01.580+0000] {processor.py:186} INFO - Started process (PID=2876) to work on /opt/airflow/dags/daily_chek.py
[2026-05-01T19:06:01.583+0000] {processor.py:914} INFO - Processing file /opt/airflow/dags/daily_chek.py for tasks to queue
[2026-05-01T19:06:01.594+0000] {logging_mixin.py:190} INFO - [2026-05-01T19:06:01.592+0000] {dagbag.py:588} INFO - Filling up the DagBag from /opt/airflow/dags/daily_chek.py
[2026-05-01T19:06:01.607+0000] {logging_mixin.py:190} INFO - [2026-05-01T19:06:01.602+0000] {dagbag.py:387} ERROR - Failed to import: /opt/airflow/dags/daily_chek.py
Traceback (most recent call last):
  File "/home/airflow/.local/lib/python3.12/site-packages/airflow/models/dagbag.py", line 383, in parse
    loader.exec_module(new_module)
  File "<frozen importlib._bootstrap_external>", line 999, in exec_module
  File "<frozen importlib._bootstrap>", line 488, in _call_with_frames_removed
  File "/opt/airflow/dags/daily_chek.py", line 4, in <module>
    from pyspark.sql import SparkSession
ModuleNotFoundError: No module named 'pyspark'
[2026-05-01T19:06:01.608+0000] {processor.py:927} WARNING - No viable dags retrieved from /opt/airflow/dags/daily_chek.py
[2026-05-01T19:06:01.672+0000] {processor.py:208} INFO - Processing /opt/airflow/dags/daily_chek.py took 0.122 seconds
[2026-05-01T19:06:32.028+0000] {processor.py:186} INFO - Started process (PID=2892) to work on /opt/airflow/dags/daily_chek.py
[2026-05-01T19:06:32.031+0000] {processor.py:914} INFO - Processing file /opt/airflow/dags/daily_chek.py for tasks to queue
[2026-05-01T19:06:32.037+0000] {logging_mixin.py:190} INFO - [2026-05-01T19:06:32.036+0000] {dagbag.py:588} INFO - Filling up the DagBag from /opt/airflow/dags/daily_chek.py
[2026-05-01T19:06:32.049+0000] {logging_mixin.py:190} INFO - [2026-05-01T19:06:32.045+0000] {dagbag.py:387} ERROR - Failed to import: /opt/airflow/dags/daily_chek.py
Traceback (most recent call last):
  File "/home/airflow/.local/lib/python3.12/site-packages/airflow/models/dagbag.py", line 383, in parse
    loader.exec_module(new_module)
  File "<frozen importlib._bootstrap_external>", line 999, in exec_module
  File "<frozen importlib._bootstrap>", line 488, in _call_with_frames_removed
  File "/opt/airflow/dags/daily_chek.py", line 4, in <module>
    from pyspark.sql import SparkSession
ModuleNotFoundError: No module named 'pyspark'
[2026-05-01T19:06:32.051+0000] {processor.py:927} WARNING - No viable dags retrieved from /opt/airflow/dags/daily_chek.py
[2026-05-01T19:06:32.110+0000] {processor.py:208} INFO - Processing /opt/airflow/dags/daily_chek.py took 0.101 seconds
[2026-05-01T19:07:02.520+0000] {processor.py:186} INFO - Started process (PID=2908) to work on /opt/airflow/dags/daily_chek.py
[2026-05-01T19:07:02.523+0000] {processor.py:914} INFO - Processing file /opt/airflow/dags/daily_chek.py for tasks to queue
[2026-05-01T19:07:02.532+0000] {logging_mixin.py:190} INFO - [2026-05-01T19:07:02.531+0000] {dagbag.py:588} INFO - Filling up the DagBag from /opt/airflow/dags/daily_chek.py
[2026-05-01T19:07:02.545+0000] {logging_mixin.py:190} INFO - [2026-05-01T19:07:02.541+0000] {dagbag.py:387} ERROR - Failed to import: /opt/airflow/dags/daily_chek.py
Traceback (most recent call last):
  File "/home/airflow/.local/lib/python3.12/site-packages/airflow/models/dagbag.py", line 383, in parse
    loader.exec_module(new_module)
  File "<frozen importlib._bootstrap_external>", line 999, in exec_module
  File "<frozen importlib._bootstrap>", line 488, in _call_with_frames_removed
  File "/opt/airflow/dags/daily_chek.py", line 4, in <module>
    from pyspark.sql import SparkSession
ModuleNotFoundError: No module named 'pyspark'
[2026-05-01T19:07:02.547+0000] {processor.py:927} WARNING - No viable dags retrieved from /opt/airflow/dags/daily_chek.py
[2026-05-01T19:07:02.590+0000] {processor.py:208} INFO - Processing /opt/airflow/dags/daily_chek.py took 0.099 seconds
[2026-05-01T19:07:32.942+0000] {processor.py:186} INFO - Started process (PID=2924) to work on /opt/airflow/dags/daily_chek.py
[2026-05-01T19:07:32.945+0000] {processor.py:914} INFO - Processing file /opt/airflow/dags/daily_chek.py for tasks to queue
[2026-05-01T19:07:32.951+0000] {logging_mixin.py:190} INFO - [2026-05-01T19:07:32.950+0000] {dagbag.py:588} INFO - Filling up the DagBag from /opt/airflow/dags/daily_chek.py
[2026-05-01T19:07:32.963+0000] {logging_mixin.py:190} INFO - [2026-05-01T19:07:32.959+0000] {dagbag.py:387} ERROR - Failed to import: /opt/airflow/dags/daily_chek.py
Traceback (most recent call last):
  File "/home/airflow/.local/lib/python3.12/site-packages/airflow/models/dagbag.py", line 383, in parse
    loader.exec_module(new_module)
  File "<frozen importlib._bootstrap_external>", line 999, in exec_module
  File "<frozen importlib._bootstrap>", line 488, in _call_with_frames_removed
  File "/opt/airflow/dags/daily_chek.py", line 4, in <module>
    from pyspark.sql import SparkSession
ModuleNotFoundError: No module named 'pyspark'
[2026-05-01T19:07:32.965+0000] {processor.py:927} WARNING - No viable dags retrieved from /opt/airflow/dags/daily_chek.py
[2026-05-01T19:07:33.032+0000] {processor.py:208} INFO - Processing /opt/airflow/dags/daily_chek.py took 0.110 seconds
[2026-05-01T19:08:03.324+0000] {processor.py:186} INFO - Started process (PID=2940) to work on /opt/airflow/dags/daily_chek.py
[2026-05-01T19:08:03.326+0000] {processor.py:914} INFO - Processing file /opt/airflow/dags/daily_chek.py for tasks to queue
[2026-05-01T19:08:03.328+0000] {logging_mixin.py:190} INFO - [2026-05-01T19:08:03.327+0000] {dagbag.py:588} INFO - Filling up the DagBag from /opt/airflow/dags/daily_chek.py
[2026-05-01T19:08:03.331+0000] {logging_mixin.py:190} INFO - [2026-05-01T19:08:03.330+0000] {dagbag.py:387} ERROR - Failed to import: /opt/airflow/dags/daily_chek.py
Traceback (most recent call last):
  File "/home/airflow/.local/lib/python3.12/site-packages/airflow/models/dagbag.py", line 383, in parse
    loader.exec_module(new_module)
  File "<frozen importlib._bootstrap_external>", line 999, in exec_module
  File "<frozen importlib._bootstrap>", line 488, in _call_with_frames_removed
  File "/opt/airflow/dags/daily_chek.py", line 4, in <module>
    from pyspark.sql import SparkSession
ModuleNotFoundError: No module named 'pyspark'
[2026-05-01T19:08:03.332+0000] {processor.py:927} WARNING - No viable dags retrieved from /opt/airflow/dags/daily_chek.py
[2026-05-01T19:08:03.351+0000] {processor.py:208} INFO - Processing /opt/airflow/dags/daily_chek.py took 0.037 seconds
[2026-05-01T19:08:33.616+0000] {processor.py:186} INFO - Started process (PID=2956) to work on /opt/airflow/dags/daily_chek.py
[2026-05-01T19:08:33.619+0000] {processor.py:914} INFO - Processing file /opt/airflow/dags/daily_chek.py for tasks to queue
[2026-05-01T19:08:33.632+0000] {logging_mixin.py:190} INFO - [2026-05-01T19:08:33.627+0000] {dagbag.py:588} INFO - Filling up the DagBag from /opt/airflow/dags/daily_chek.py
[2026-05-01T19:08:33.643+0000] {logging_mixin.py:190} INFO - [2026-05-01T19:08:33.639+0000] {dagbag.py:387} ERROR - Failed to import: /opt/airflow/dags/daily_chek.py
Traceback (most recent call last):
  File "/home/airflow/.local/lib/python3.12/site-packages/airflow/models/dagbag.py", line 383, in parse
    loader.exec_module(new_module)
  File "<frozen importlib._bootstrap_external>", line 999, in exec_module
  File "<frozen importlib._bootstrap>", line 488, in _call_with_frames_removed
  File "/opt/airflow/dags/daily_chek.py", line 4, in <module>
    from pyspark.sql import SparkSession
ModuleNotFoundError: No module named 'pyspark'
[2026-05-01T19:08:33.644+0000] {processor.py:927} WARNING - No viable dags retrieved from /opt/airflow/dags/daily_chek.py
[2026-05-01T19:08:33.691+0000] {processor.py:208} INFO - Processing /opt/airflow/dags/daily_chek.py took 0.097 seconds
[2026-05-01T19:09:04.041+0000] {processor.py:186} INFO - Started process (PID=2972) to work on /opt/airflow/dags/daily_chek.py
[2026-05-01T19:09:04.043+0000] {processor.py:914} INFO - Processing file /opt/airflow/dags/daily_chek.py for tasks to queue
[2026-05-01T19:09:04.049+0000] {logging_mixin.py:190} INFO - [2026-05-01T19:09:04.048+0000] {dagbag.py:588} INFO - Filling up the DagBag from /opt/airflow/dags/daily_chek.py
[2026-05-01T19:09:04.062+0000] {logging_mixin.py:190} INFO - [2026-05-01T19:09:04.057+0000] {dagbag.py:387} ERROR - Failed to import: /opt/airflow/dags/daily_chek.py
Traceback (most recent call last):
  File "/home/airflow/.local/lib/python3.12/site-packages/airflow/models/dagbag.py", line 383, in parse
    loader.exec_module(new_module)
  File "<frozen importlib._bootstrap_external>", line 999, in exec_module
  File "<frozen importlib._bootstrap>", line 488, in _call_with_frames_removed
  File "/opt/airflow/dags/daily_chek.py", line 4, in <module>
    from pyspark.sql import SparkSession
ModuleNotFoundError: No module named 'pyspark'
[2026-05-01T19:09:04.063+0000] {processor.py:927} WARNING - No viable dags retrieved from /opt/airflow/dags/daily_chek.py
[2026-05-01T19:09:04.126+0000] {processor.py:208} INFO - Processing /opt/airflow/dags/daily_chek.py took 0.105 seconds
[2026-05-01T19:09:34.493+0000] {processor.py:186} INFO - Started process (PID=2988) to work on /opt/airflow/dags/daily_chek.py
[2026-05-01T19:09:34.496+0000] {processor.py:914} INFO - Processing file /opt/airflow/dags/daily_chek.py for tasks to queue
[2026-05-01T19:09:34.506+0000] {logging_mixin.py:190} INFO - [2026-05-01T19:09:34.504+0000] {dagbag.py:588} INFO - Filling up the DagBag from /opt/airflow/dags/daily_chek.py
[2026-05-01T19:09:34.516+0000] {logging_mixin.py:190} INFO - [2026-05-01T19:09:34.513+0000] {dagbag.py:387} ERROR - Failed to import: /opt/airflow/dags/daily_chek.py
Traceback (most recent call last):
  File "/home/airflow/.local/lib/python3.12/site-packages/airflow/models/dagbag.py", line 383, in parse
    loader.exec_module(new_module)
  File "<frozen importlib._bootstrap_external>", line 999, in exec_module
  File "<frozen importlib._bootstrap>", line 488, in _call_with_frames_removed
  File "/opt/airflow/dags/daily_chek.py", line 4, in <module>
    from pyspark.sql import SparkSession
ModuleNotFoundError: No module named 'pyspark'
[2026-05-01T19:09:34.518+0000] {processor.py:927} WARNING - No viable dags retrieved from /opt/airflow/dags/daily_chek.py
[2026-05-01T19:09:34.569+0000] {processor.py:208} INFO - Processing /opt/airflow/dags/daily_chek.py took 0.104 seconds
[2026-05-01T19:10:04.907+0000] {processor.py:186} INFO - Started process (PID=3004) to work on /opt/airflow/dags/daily_chek.py
[2026-05-01T19:10:04.910+0000] {processor.py:914} INFO - Processing file /opt/airflow/dags/daily_chek.py for tasks to queue
[2026-05-01T19:10:04.917+0000] {logging_mixin.py:190} INFO - [2026-05-01T19:10:04.915+0000] {dagbag.py:588} INFO - Filling up the DagBag from /opt/airflow/dags/daily_chek.py
[2026-05-01T19:10:04.928+0000] {logging_mixin.py:190} INFO - [2026-05-01T19:10:04.924+0000] {dagbag.py:387} ERROR - Failed to import: /opt/airflow/dags/daily_chek.py
Traceback (most recent call last):
  File "/home/airflow/.local/lib/python3.12/site-packages/airflow/models/dagbag.py", line 383, in parse
    loader.exec_module(new_module)
  File "<frozen importlib._bootstrap_external>", line 999, in exec_module
  File "<frozen importlib._bootstrap>", line 488, in _call_with_frames_removed
  File "/opt/airflow/dags/daily_chek.py", line 4, in <module>
    from pyspark.sql import SparkSession
ModuleNotFoundError: No module named 'pyspark'
[2026-05-01T19:10:04.930+0000] {processor.py:927} WARNING - No viable dags retrieved from /opt/airflow/dags/daily_chek.py
[2026-05-01T19:10:04.997+0000] {processor.py:208} INFO - Processing /opt/airflow/dags/daily_chek.py took 0.111 seconds
[2026-05-01T19:10:35.247+0000] {processor.py:186} INFO - Started process (PID=3020) to work on /opt/airflow/dags/daily_chek.py
[2026-05-01T19:10:35.248+0000] {processor.py:914} INFO - Processing file /opt/airflow/dags/daily_chek.py for tasks to queue
[2026-05-01T19:10:35.251+0000] {logging_mixin.py:190} INFO - [2026-05-01T19:10:35.250+0000] {dagbag.py:588} INFO - Filling up the DagBag from /opt/airflow/dags/daily_chek.py
[2026-05-01T19:10:35.256+0000] {logging_mixin.py:190} INFO - [2026-05-01T19:10:35.254+0000] {dagbag.py:387} ERROR - Failed to import: /opt/airflow/dags/daily_chek.py
Traceback (most recent call last):
  File "/home/airflow/.local/lib/python3.12/site-packages/airflow/models/dagbag.py", line 383, in parse
    loader.exec_module(new_module)
  File "<frozen importlib._bootstrap_external>", line 999, in exec_module
  File "<frozen importlib._bootstrap>", line 488, in _call_with_frames_removed
  File "/opt/airflow/dags/daily_chek.py", line 4, in <module>
    from pyspark.sql import SparkSession
ModuleNotFoundError: No module named 'pyspark'
[2026-05-01T19:10:35.257+0000] {processor.py:927} WARNING - No viable dags retrieved from /opt/airflow/dags/daily_chek.py
[2026-05-01T19:10:35.280+0000] {processor.py:208} INFO - Processing /opt/airflow/dags/daily_chek.py took 0.042 seconds
[2026-05-01T19:11:05.619+0000] {processor.py:186} INFO - Started process (PID=3037) to work on /opt/airflow/dags/daily_chek.py
[2026-05-01T19:11:05.622+0000] {processor.py:914} INFO - Processing file /opt/airflow/dags/daily_chek.py for tasks to queue
[2026-05-01T19:11:05.630+0000] {logging_mixin.py:190} INFO - [2026-05-01T19:11:05.629+0000] {dagbag.py:588} INFO - Filling up the DagBag from /opt/airflow/dags/daily_chek.py
[2026-05-01T19:11:05.645+0000] {logging_mixin.py:190} INFO - [2026-05-01T19:11:05.640+0000] {dagbag.py:387} ERROR - Failed to import: /opt/airflow/dags/daily_chek.py
Traceback (most recent call last):
  File "/home/airflow/.local/lib/python3.12/site-packages/airflow/models/dagbag.py", line 383, in parse
    loader.exec_module(new_module)
  File "<frozen importlib._bootstrap_external>", line 999, in exec_module
  File "<frozen importlib._bootstrap>", line 488, in _call_with_frames_removed
  File "/opt/airflow/dags/daily_chek.py", line 4, in <module>
    from pyspark.sql import SparkSession
ModuleNotFoundError: No module named 'pyspark'
[2026-05-01T19:11:05.647+0000] {processor.py:927} WARNING - No viable dags retrieved from /opt/airflow/dags/daily_chek.py
[2026-05-01T19:11:05.698+0000] {processor.py:208} INFO - Processing /opt/airflow/dags/daily_chek.py took 0.106 seconds
[2026-05-01T19:11:36.023+0000] {processor.py:186} INFO - Started process (PID=3053) to work on /opt/airflow/dags/daily_chek.py
[2026-05-01T19:11:36.027+0000] {processor.py:914} INFO - Processing file /opt/airflow/dags/daily_chek.py for tasks to queue
[2026-05-01T19:11:36.034+0000] {logging_mixin.py:190} INFO - [2026-05-01T19:11:36.033+0000] {dagbag.py:588} INFO - Filling up the DagBag from /opt/airflow/dags/daily_chek.py
[2026-05-01T19:11:36.046+0000] {logging_mixin.py:190} INFO - [2026-05-01T19:11:36.042+0000] {dagbag.py:387} ERROR - Failed to import: /opt/airflow/dags/daily_chek.py
Traceback (most recent call last):
  File "/home/airflow/.local/lib/python3.12/site-packages/airflow/models/dagbag.py", line 383, in parse
    loader.exec_module(new_module)
  File "<frozen importlib._bootstrap_external>", line 999, in exec_module
  File "<frozen importlib._bootstrap>", line 488, in _call_with_frames_removed
  File "/opt/airflow/dags/daily_chek.py", line 4, in <module>
    from pyspark.sql import SparkSession
ModuleNotFoundError: No module named 'pyspark'
[2026-05-01T19:11:36.048+0000] {processor.py:927} WARNING - No viable dags retrieved from /opt/airflow/dags/daily_chek.py
[2026-05-01T19:11:36.106+0000] {processor.py:208} INFO - Processing /opt/airflow/dags/daily_chek.py took 0.103 seconds
[2026-05-01T19:12:06.502+0000] {processor.py:186} INFO - Started process (PID=3069) to work on /opt/airflow/dags/daily_chek.py
[2026-05-01T19:12:06.504+0000] {processor.py:914} INFO - Processing file /opt/airflow/dags/daily_chek.py for tasks to queue
[2026-05-01T19:12:06.511+0000] {logging_mixin.py:190} INFO - [2026-05-01T19:12:06.510+0000] {dagbag.py:588} INFO - Filling up the DagBag from /opt/airflow/dags/daily_chek.py
[2026-05-01T19:12:06.522+0000] {logging_mixin.py:190} INFO - [2026-05-01T19:12:06.518+0000] {dagbag.py:387} ERROR - Failed to import: /opt/airflow/dags/daily_chek.py
Traceback (most recent call last):
  File "/home/airflow/.local/lib/python3.12/site-packages/airflow/models/dagbag.py", line 383, in parse
    loader.exec_module(new_module)
  File "<frozen importlib._bootstrap_external>", line 999, in exec_module
  File "<frozen importlib._bootstrap>", line 488, in _call_with_frames_removed
  File "/opt/airflow/dags/daily_chek.py", line 4, in <module>
    from pyspark.sql import SparkSession
ModuleNotFoundError: No module named 'pyspark'
[2026-05-01T19:12:06.525+0000] {processor.py:927} WARNING - No viable dags retrieved from /opt/airflow/dags/daily_chek.py
[2026-05-01T19:12:06.582+0000] {processor.py:208} INFO - Processing /opt/airflow/dags/daily_chek.py took 0.101 seconds
[2026-05-01T19:12:36.953+0000] {processor.py:186} INFO - Started process (PID=3085) to work on /opt/airflow/dags/daily_chek.py
[2026-05-01T19:12:36.956+0000] {processor.py:914} INFO - Processing file /opt/airflow/dags/daily_chek.py for tasks to queue
[2026-05-01T19:12:36.964+0000] {logging_mixin.py:190} INFO - [2026-05-01T19:12:36.963+0000] {dagbag.py:588} INFO - Filling up the DagBag from /opt/airflow/dags/daily_chek.py
[2026-05-01T19:12:36.976+0000] {logging_mixin.py:190} INFO - [2026-05-01T19:12:36.972+0000] {dagbag.py:387} ERROR - Failed to import: /opt/airflow/dags/daily_chek.py
Traceback (most recent call last):
  File "/home/airflow/.local/lib/python3.12/site-packages/airflow/models/dagbag.py", line 383, in parse
    loader.exec_module(new_module)
  File "<frozen importlib._bootstrap_external>", line 999, in exec_module
  File "<frozen importlib._bootstrap>", line 488, in _call_with_frames_removed
  File "/opt/airflow/dags/daily_chek.py", line 4, in <module>
    from pyspark.sql import SparkSession
ModuleNotFoundError: No module named 'pyspark'
[2026-05-01T19:12:36.978+0000] {processor.py:927} WARNING - No viable dags retrieved from /opt/airflow/dags/daily_chek.py
[2026-05-01T19:12:37.037+0000] {processor.py:208} INFO - Processing /opt/airflow/dags/daily_chek.py took 0.106 seconds
[2026-05-01T19:13:07.384+0000] {processor.py:186} INFO - Started process (PID=3101) to work on /opt/airflow/dags/daily_chek.py
[2026-05-01T19:13:07.386+0000] {processor.py:914} INFO - Processing file /opt/airflow/dags/daily_chek.py for tasks to queue
[2026-05-01T19:13:07.393+0000] {logging_mixin.py:190} INFO - [2026-05-01T19:13:07.392+0000] {dagbag.py:588} INFO - Filling up the DagBag from /opt/airflow/dags/daily_chek.py
[2026-05-01T19:13:07.405+0000] {logging_mixin.py:190} INFO - [2026-05-01T19:13:07.400+0000] {dagbag.py:387} ERROR - Failed to import: /opt/airflow/dags/daily_chek.py
Traceback (most recent call last):
  File "/home/airflow/.local/lib/python3.12/site-packages/airflow/models/dagbag.py", line 383, in parse
    loader.exec_module(new_module)
  File "<frozen importlib._bootstrap_external>", line 999, in exec_module
  File "<frozen importlib._bootstrap>", line 488, in _call_with_frames_removed
  File "/opt/airflow/dags/daily_chek.py", line 4, in <module>
    from pyspark.sql import SparkSession
ModuleNotFoundError: No module named 'pyspark'
[2026-05-01T19:13:07.407+0000] {processor.py:927} WARNING - No viable dags retrieved from /opt/airflow/dags/daily_chek.py
[2026-05-01T19:13:07.466+0000] {processor.py:208} INFO - Processing /opt/airflow/dags/daily_chek.py took 0.103 seconds
[2026-05-01T19:13:37.856+0000] {processor.py:186} INFO - Started process (PID=3117) to work on /opt/airflow/dags/daily_chek.py
[2026-05-01T19:13:37.859+0000] {processor.py:914} INFO - Processing file /opt/airflow/dags/daily_chek.py for tasks to queue
[2026-05-01T19:13:37.866+0000] {logging_mixin.py:190} INFO - [2026-05-01T19:13:37.865+0000] {dagbag.py:588} INFO - Filling up the DagBag from /opt/airflow/dags/daily_chek.py
[2026-05-01T19:13:37.880+0000] {logging_mixin.py:190} INFO - [2026-05-01T19:13:37.875+0000] {dagbag.py:387} ERROR - Failed to import: /opt/airflow/dags/daily_chek.py
Traceback (most recent call last):
  File "/home/airflow/.local/lib/python3.12/site-packages/airflow/models/dagbag.py", line 383, in parse
    loader.exec_module(new_module)
  File "<frozen importlib._bootstrap_external>", line 999, in exec_module
  File "<frozen importlib._bootstrap>", line 488, in _call_with_frames_removed
  File "/opt/airflow/dags/daily_chek.py", line 4, in <module>
    from pyspark.sql import SparkSession
ModuleNotFoundError: No module named 'pyspark'
[2026-05-01T19:13:37.881+0000] {processor.py:927} WARNING - No viable dags retrieved from /opt/airflow/dags/daily_chek.py
[2026-05-01T19:13:37.940+0000] {processor.py:208} INFO - Processing /opt/airflow/dags/daily_chek.py took 0.111 seconds
[2026-05-01T19:14:08.326+0000] {processor.py:186} INFO - Started process (PID=3133) to work on /opt/airflow/dags/daily_chek.py
[2026-05-01T19:14:08.329+0000] {processor.py:914} INFO - Processing file /opt/airflow/dags/daily_chek.py for tasks to queue
[2026-05-01T19:14:08.339+0000] {logging_mixin.py:190} INFO - [2026-05-01T19:14:08.337+0000] {dagbag.py:588} INFO - Filling up the DagBag from /opt/airflow/dags/daily_chek.py
[2026-05-01T19:14:08.356+0000] {logging_mixin.py:190} INFO - [2026-05-01T19:14:08.350+0000] {dagbag.py:387} ERROR - Failed to import: /opt/airflow/dags/daily_chek.py
Traceback (most recent call last):
  File "/home/airflow/.local/lib/python3.12/site-packages/airflow/models/dagbag.py", line 383, in parse
    loader.exec_module(new_module)
  File "<frozen importlib._bootstrap_external>", line 999, in exec_module
  File "<frozen importlib._bootstrap>", line 488, in _call_with_frames_removed
  File "/opt/airflow/dags/daily_chek.py", line 4, in <module>
    from pyspark.sql import SparkSession
ModuleNotFoundError: No module named 'pyspark'
[2026-05-01T19:14:08.359+0000] {processor.py:927} WARNING - No viable dags retrieved from /opt/airflow/dags/daily_chek.py
[2026-05-01T19:14:08.421+0000] {processor.py:208} INFO - Processing /opt/airflow/dags/daily_chek.py took 0.123 seconds
[2026-05-01T19:14:38.800+0000] {processor.py:186} INFO - Started process (PID=3149) to work on /opt/airflow/dags/daily_chek.py
[2026-05-01T19:14:38.809+0000] {processor.py:914} INFO - Processing file /opt/airflow/dags/daily_chek.py for tasks to queue
[2026-05-01T19:14:38.817+0000] {logging_mixin.py:190} INFO - [2026-05-01T19:14:38.816+0000] {dagbag.py:588} INFO - Filling up the DagBag from /opt/airflow/dags/daily_chek.py
[2026-05-01T19:14:38.830+0000] {logging_mixin.py:190} INFO - [2026-05-01T19:14:38.825+0000] {dagbag.py:387} ERROR - Failed to import: /opt/airflow/dags/daily_chek.py
Traceback (most recent call last):
  File "/home/airflow/.local/lib/python3.12/site-packages/airflow/models/dagbag.py", line 383, in parse
    loader.exec_module(new_module)
  File "<frozen importlib._bootstrap_external>", line 999, in exec_module
  File "<frozen importlib._bootstrap>", line 488, in _call_with_frames_removed
  File "/opt/airflow/dags/daily_chek.py", line 4, in <module>
    from pyspark.sql import SparkSession
ModuleNotFoundError: No module named 'pyspark'
[2026-05-01T19:14:38.831+0000] {processor.py:927} WARNING - No viable dags retrieved from /opt/airflow/dags/daily_chek.py
[2026-05-01T19:14:38.896+0000] {processor.py:208} INFO - Processing /opt/airflow/dags/daily_chek.py took 0.117 seconds
[2026-05-01T19:15:09.239+0000] {processor.py:186} INFO - Started process (PID=3165) to work on /opt/airflow/dags/daily_chek.py
[2026-05-01T19:15:09.242+0000] {processor.py:914} INFO - Processing file /opt/airflow/dags/daily_chek.py for tasks to queue
[2026-05-01T19:15:09.249+0000] {logging_mixin.py:190} INFO - [2026-05-01T19:15:09.247+0000] {dagbag.py:588} INFO - Filling up the DagBag from /opt/airflow/dags/daily_chek.py
[2026-05-01T19:15:09.261+0000] {logging_mixin.py:190} INFO - [2026-05-01T19:15:09.257+0000] {dagbag.py:387} ERROR - Failed to import: /opt/airflow/dags/daily_chek.py
Traceback (most recent call last):
  File "/home/airflow/.local/lib/python3.12/site-packages/airflow/models/dagbag.py", line 383, in parse
    loader.exec_module(new_module)
  File "<frozen importlib._bootstrap_external>", line 999, in exec_module
  File "<frozen importlib._bootstrap>", line 488, in _call_with_frames_removed
  File "/opt/airflow/dags/daily_chek.py", line 4, in <module>
    from pyspark.sql import SparkSession
ModuleNotFoundError: No module named 'pyspark'
[2026-05-01T19:15:09.263+0000] {processor.py:927} WARNING - No viable dags retrieved from /opt/airflow/dags/daily_chek.py
[2026-05-01T19:15:09.325+0000] {processor.py:208} INFO - Processing /opt/airflow/dags/daily_chek.py took 0.109 seconds
[2026-05-01T19:15:39.691+0000] {processor.py:186} INFO - Started process (PID=3181) to work on /opt/airflow/dags/daily_chek.py
[2026-05-01T19:15:39.693+0000] {processor.py:914} INFO - Processing file /opt/airflow/dags/daily_chek.py for tasks to queue
[2026-05-01T19:15:39.699+0000] {logging_mixin.py:190} INFO - [2026-05-01T19:15:39.698+0000] {dagbag.py:588} INFO - Filling up the DagBag from /opt/airflow/dags/daily_chek.py
[2026-05-01T19:15:39.706+0000] {logging_mixin.py:190} INFO - [2026-05-01T19:15:39.704+0000] {dagbag.py:387} ERROR - Failed to import: /opt/airflow/dags/daily_chek.py
Traceback (most recent call last):
  File "/home/airflow/.local/lib/python3.12/site-packages/airflow/models/dagbag.py", line 383, in parse
    loader.exec_module(new_module)
  File "<frozen importlib._bootstrap_external>", line 999, in exec_module
  File "<frozen importlib._bootstrap>", line 488, in _call_with_frames_removed
  File "/opt/airflow/dags/daily_chek.py", line 4, in <module>
    from pyspark.sql import SparkSession
ModuleNotFoundError: No module named 'pyspark'
[2026-05-01T19:15:39.707+0000] {processor.py:927} WARNING - No viable dags retrieved from /opt/airflow/dags/daily_chek.py
[2026-05-01T19:15:39.736+0000] {processor.py:208} INFO - Processing /opt/airflow/dags/daily_chek.py took 0.067 seconds
[2026-05-01T19:16:10.052+0000] {processor.py:186} INFO - Started process (PID=3197) to work on /opt/airflow/dags/daily_chek.py
[2026-05-01T19:16:10.059+0000] {processor.py:914} INFO - Processing file /opt/airflow/dags/daily_chek.py for tasks to queue
[2026-05-01T19:16:10.061+0000] {logging_mixin.py:190} INFO - [2026-05-01T19:16:10.061+0000] {dagbag.py:588} INFO - Filling up the DagBag from /opt/airflow/dags/daily_chek.py
[2026-05-01T19:16:10.066+0000] {logging_mixin.py:190} INFO - [2026-05-01T19:16:10.064+0000] {dagbag.py:387} ERROR - Failed to import: /opt/airflow/dags/daily_chek.py
Traceback (most recent call last):
  File "/home/airflow/.local/lib/python3.12/site-packages/airflow/models/dagbag.py", line 383, in parse
    loader.exec_module(new_module)
  File "<frozen importlib._bootstrap_external>", line 999, in exec_module
  File "<frozen importlib._bootstrap>", line 488, in _call_with_frames_removed
  File "/opt/airflow/dags/daily_chek.py", line 4, in <module>
    from pyspark.sql import SparkSession
ModuleNotFoundError: No module named 'pyspark'
[2026-05-01T19:16:10.067+0000] {processor.py:927} WARNING - No viable dags retrieved from /opt/airflow/dags/daily_chek.py
[2026-05-01T19:16:10.086+0000] {processor.py:208} INFO - Processing /opt/airflow/dags/daily_chek.py took 0.045 seconds
[2026-05-01T19:16:40.431+0000] {processor.py:186} INFO - Started process (PID=3213) to work on /opt/airflow/dags/daily_chek.py
[2026-05-01T19:16:40.434+0000] {processor.py:914} INFO - Processing file /opt/airflow/dags/daily_chek.py for tasks to queue
[2026-05-01T19:16:40.443+0000] {logging_mixin.py:190} INFO - [2026-05-01T19:16:40.442+0000] {dagbag.py:588} INFO - Filling up the DagBag from /opt/airflow/dags/daily_chek.py
[2026-05-01T19:16:40.455+0000] {logging_mixin.py:190} INFO - [2026-05-01T19:16:40.451+0000] {dagbag.py:387} ERROR - Failed to import: /opt/airflow/dags/daily_chek.py
Traceback (most recent call last):
  File "/home/airflow/.local/lib/python3.12/site-packages/airflow/models/dagbag.py", line 383, in parse
    loader.exec_module(new_module)
  File "<frozen importlib._bootstrap_external>", line 999, in exec_module
  File "<frozen importlib._bootstrap>", line 488, in _call_with_frames_removed
  File "/opt/airflow/dags/daily_chek.py", line 4, in <module>
    from pyspark.sql import SparkSession
ModuleNotFoundError: No module named 'pyspark'
[2026-05-01T19:16:40.457+0000] {processor.py:927} WARNING - No viable dags retrieved from /opt/airflow/dags/daily_chek.py
[2026-05-01T19:16:40.504+0000] {processor.py:208} INFO - Processing /opt/airflow/dags/daily_chek.py took 0.093 seconds
[2026-05-01T19:17:10.889+0000] {processor.py:186} INFO - Started process (PID=3229) to work on /opt/airflow/dags/daily_chek.py
[2026-05-01T19:17:10.898+0000] {processor.py:914} INFO - Processing file /opt/airflow/dags/daily_chek.py for tasks to queue
[2026-05-01T19:17:10.908+0000] {logging_mixin.py:190} INFO - [2026-05-01T19:17:10.907+0000] {dagbag.py:588} INFO - Filling up the DagBag from /opt/airflow/dags/daily_chek.py
[2026-05-01T19:17:10.920+0000] {logging_mixin.py:190} INFO - [2026-05-01T19:17:10.916+0000] {dagbag.py:387} ERROR - Failed to import: /opt/airflow/dags/daily_chek.py
Traceback (most recent call last):
  File "/home/airflow/.local/lib/python3.12/site-packages/airflow/models/dagbag.py", line 383, in parse
    loader.exec_module(new_module)
  File "<frozen importlib._bootstrap_external>", line 999, in exec_module
  File "<frozen importlib._bootstrap>", line 488, in _call_with_frames_removed
  File "/opt/airflow/dags/daily_chek.py", line 4, in <module>
    from pyspark.sql import SparkSession
ModuleNotFoundError: No module named 'pyspark'
[2026-05-01T19:17:10.922+0000] {processor.py:927} WARNING - No viable dags retrieved from /opt/airflow/dags/daily_chek.py
[2026-05-01T19:17:10.979+0000] {processor.py:208} INFO - Processing /opt/airflow/dags/daily_chek.py took 0.110 seconds
[2026-05-01T19:17:41.344+0000] {processor.py:186} INFO - Started process (PID=3245) to work on /opt/airflow/dags/daily_chek.py
[2026-05-01T19:17:41.347+0000] {processor.py:914} INFO - Processing file /opt/airflow/dags/daily_chek.py for tasks to queue
[2026-05-01T19:17:41.358+0000] {logging_mixin.py:190} INFO - [2026-05-01T19:17:41.356+0000] {dagbag.py:588} INFO - Filling up the DagBag from /opt/airflow/dags/daily_chek.py
[2026-05-01T19:17:41.375+0000] {logging_mixin.py:190} INFO - [2026-05-01T19:17:41.369+0000] {dagbag.py:387} ERROR - Failed to import: /opt/airflow/dags/daily_chek.py
Traceback (most recent call last):
  File "/home/airflow/.local/lib/python3.12/site-packages/airflow/models/dagbag.py", line 383, in parse
    loader.exec_module(new_module)
  File "<frozen importlib._bootstrap_external>", line 999, in exec_module
  File "<frozen importlib._bootstrap>", line 488, in _call_with_frames_removed
  File "/opt/airflow/dags/daily_chek.py", line 4, in <module>
    from pyspark.sql import SparkSession
ModuleNotFoundError: No module named 'pyspark'
[2026-05-01T19:17:41.377+0000] {processor.py:927} WARNING - No viable dags retrieved from /opt/airflow/dags/daily_chek.py
[2026-05-01T19:17:41.439+0000] {processor.py:208} INFO - Processing /opt/airflow/dags/daily_chek.py took 0.123 seconds
[2026-05-01T19:18:11.797+0000] {processor.py:186} INFO - Started process (PID=3261) to work on /opt/airflow/dags/daily_chek.py
[2026-05-01T19:18:11.805+0000] {processor.py:914} INFO - Processing file /opt/airflow/dags/daily_chek.py for tasks to queue
[2026-05-01T19:18:11.812+0000] {logging_mixin.py:190} INFO - [2026-05-01T19:18:11.811+0000] {dagbag.py:588} INFO - Filling up the DagBag from /opt/airflow/dags/daily_chek.py
[2026-05-01T19:18:11.825+0000] {logging_mixin.py:190} INFO - [2026-05-01T19:18:11.820+0000] {dagbag.py:387} ERROR - Failed to import: /opt/airflow/dags/daily_chek.py
Traceback (most recent call last):
  File "/home/airflow/.local/lib/python3.12/site-packages/airflow/models/dagbag.py", line 383, in parse
    loader.exec_module(new_module)
  File "<frozen importlib._bootstrap_external>", line 999, in exec_module
  File "<frozen importlib._bootstrap>", line 488, in _call_with_frames_removed
  File "/opt/airflow/dags/daily_chek.py", line 4, in <module>
    from pyspark.sql import SparkSession
ModuleNotFoundError: No module named 'pyspark'
[2026-05-01T19:18:11.827+0000] {processor.py:927} WARNING - No viable dags retrieved from /opt/airflow/dags/daily_chek.py
[2026-05-01T19:18:11.889+0000] {processor.py:208} INFO - Processing /opt/airflow/dags/daily_chek.py took 0.114 seconds
[2026-05-01T19:18:42.255+0000] {processor.py:186} INFO - Started process (PID=3277) to work on /opt/airflow/dags/daily_chek.py
[2026-05-01T19:18:42.257+0000] {processor.py:914} INFO - Processing file /opt/airflow/dags/daily_chek.py for tasks to queue
[2026-05-01T19:18:42.264+0000] {logging_mixin.py:190} INFO - [2026-05-01T19:18:42.263+0000] {dagbag.py:588} INFO - Filling up the DagBag from /opt/airflow/dags/daily_chek.py
[2026-05-01T19:18:42.275+0000] {logging_mixin.py:190} INFO - [2026-05-01T19:18:42.272+0000] {dagbag.py:387} ERROR - Failed to import: /opt/airflow/dags/daily_chek.py
Traceback (most recent call last):
  File "/home/airflow/.local/lib/python3.12/site-packages/airflow/models/dagbag.py", line 383, in parse
    loader.exec_module(new_module)
  File "<frozen importlib._bootstrap_external>", line 999, in exec_module
  File "<frozen importlib._bootstrap>", line 488, in _call_with_frames_removed
  File "/opt/airflow/dags/daily_chek.py", line 4, in <module>
    from pyspark.sql import SparkSession
ModuleNotFoundError: No module named 'pyspark'
[2026-05-01T19:18:42.277+0000] {processor.py:927} WARNING - No viable dags retrieved from /opt/airflow/dags/daily_chek.py
[2026-05-01T19:18:42.346+0000] {processor.py:208} INFO - Processing /opt/airflow/dags/daily_chek.py took 0.112 seconds
[2026-05-01T19:19:12.697+0000] {processor.py:186} INFO - Started process (PID=3293) to work on /opt/airflow/dags/daily_chek.py
[2026-05-01T19:19:12.705+0000] {processor.py:914} INFO - Processing file /opt/airflow/dags/daily_chek.py for tasks to queue
[2026-05-01T19:19:12.712+0000] {logging_mixin.py:190} INFO - [2026-05-01T19:19:12.711+0000] {dagbag.py:588} INFO - Filling up the DagBag from /opt/airflow/dags/daily_chek.py
[2026-05-01T19:19:12.723+0000] {logging_mixin.py:190} INFO - [2026-05-01T19:19:12.720+0000] {dagbag.py:387} ERROR - Failed to import: /opt/airflow/dags/daily_chek.py
Traceback (most recent call last):
  File "/home/airflow/.local/lib/python3.12/site-packages/airflow/models/dagbag.py", line 383, in parse
    loader.exec_module(new_module)
  File "<frozen importlib._bootstrap_external>", line 999, in exec_module
  File "<frozen importlib._bootstrap>", line 488, in _call_with_frames_removed
  File "/opt/airflow/dags/daily_chek.py", line 4, in <module>
    from pyspark.sql import SparkSession
ModuleNotFoundError: No module named 'pyspark'
[2026-05-01T19:19:12.725+0000] {processor.py:927} WARNING - No viable dags retrieved from /opt/airflow/dags/daily_chek.py
[2026-05-01T19:19:12.781+0000] {processor.py:208} INFO - Processing /opt/airflow/dags/daily_chek.py took 0.104 seconds
[2026-05-01T19:19:43.141+0000] {processor.py:186} INFO - Started process (PID=3309) to work on /opt/airflow/dags/daily_chek.py
[2026-05-01T19:19:43.144+0000] {processor.py:914} INFO - Processing file /opt/airflow/dags/daily_chek.py for tasks to queue
[2026-05-01T19:19:43.150+0000] {logging_mixin.py:190} INFO - [2026-05-01T19:19:43.149+0000] {dagbag.py:588} INFO - Filling up the DagBag from /opt/airflow/dags/daily_chek.py
[2026-05-01T19:19:43.162+0000] {logging_mixin.py:190} INFO - [2026-05-01T19:19:43.158+0000] {dagbag.py:387} ERROR - Failed to import: /opt/airflow/dags/daily_chek.py
Traceback (most recent call last):
  File "/home/airflow/.local/lib/python3.12/site-packages/airflow/models/dagbag.py", line 383, in parse
    loader.exec_module(new_module)
  File "<frozen importlib._bootstrap_external>", line 999, in exec_module
  File "<frozen importlib._bootstrap>", line 488, in _call_with_frames_removed
  File "/opt/airflow/dags/daily_chek.py", line 4, in <module>
    from pyspark.sql import SparkSession
ModuleNotFoundError: No module named 'pyspark'
[2026-05-01T19:19:43.164+0000] {processor.py:927} WARNING - No viable dags retrieved from /opt/airflow/dags/daily_chek.py
[2026-05-01T19:19:43.222+0000] {processor.py:208} INFO - Processing /opt/airflow/dags/daily_chek.py took 0.101 seconds
[2026-05-01T19:20:13.588+0000] {processor.py:186} INFO - Started process (PID=3325) to work on /opt/airflow/dags/daily_chek.py
[2026-05-01T19:20:13.590+0000] {processor.py:914} INFO - Processing file /opt/airflow/dags/daily_chek.py for tasks to queue
[2026-05-01T19:20:13.598+0000] {logging_mixin.py:190} INFO - [2026-05-01T19:20:13.597+0000] {dagbag.py:588} INFO - Filling up the DagBag from /opt/airflow/dags/daily_chek.py
[2026-05-01T19:20:13.610+0000] {logging_mixin.py:190} INFO - [2026-05-01T19:20:13.606+0000] {dagbag.py:387} ERROR - Failed to import: /opt/airflow/dags/daily_chek.py
Traceback (most recent call last):
  File "/home/airflow/.local/lib/python3.12/site-packages/airflow/models/dagbag.py", line 383, in parse
    loader.exec_module(new_module)
  File "<frozen importlib._bootstrap_external>", line 999, in exec_module
  File "<frozen importlib._bootstrap>", line 488, in _call_with_frames_removed
  File "/opt/airflow/dags/daily_chek.py", line 4, in <module>
    from pyspark.sql import SparkSession
ModuleNotFoundError: No module named 'pyspark'
[2026-05-01T19:20:13.612+0000] {processor.py:927} WARNING - No viable dags retrieved from /opt/airflow/dags/daily_chek.py
[2026-05-01T19:20:13.676+0000] {processor.py:208} INFO - Processing /opt/airflow/dags/daily_chek.py took 0.109 seconds
[2026-05-01T19:20:44.056+0000] {processor.py:186} INFO - Started process (PID=3341) to work on /opt/airflow/dags/daily_chek.py
[2026-05-01T19:20:44.059+0000] {processor.py:914} INFO - Processing file /opt/airflow/dags/daily_chek.py for tasks to queue
[2026-05-01T19:20:44.067+0000] {logging_mixin.py:190} INFO - [2026-05-01T19:20:44.066+0000] {dagbag.py:588} INFO - Filling up the DagBag from /opt/airflow/dags/daily_chek.py
[2026-05-01T19:20:44.083+0000] {logging_mixin.py:190} INFO - [2026-05-01T19:20:44.078+0000] {dagbag.py:387} ERROR - Failed to import: /opt/airflow/dags/daily_chek.py
Traceback (most recent call last):
  File "/home/airflow/.local/lib/python3.12/site-packages/airflow/models/dagbag.py", line 383, in parse
    loader.exec_module(new_module)
  File "<frozen importlib._bootstrap_external>", line 999, in exec_module
  File "<frozen importlib._bootstrap>", line 488, in _call_with_frames_removed
  File "/opt/airflow/dags/daily_chek.py", line 4, in <module>
    from pyspark.sql import SparkSession
ModuleNotFoundError: No module named 'pyspark'
[2026-05-01T19:20:44.086+0000] {processor.py:927} WARNING - No viable dags retrieved from /opt/airflow/dags/daily_chek.py
[2026-05-01T19:20:44.155+0000] {processor.py:208} INFO - Processing /opt/airflow/dags/daily_chek.py took 0.123 seconds
[2026-05-01T19:21:14.513+0000] {processor.py:186} INFO - Started process (PID=3357) to work on /opt/airflow/dags/daily_chek.py
[2026-05-01T19:21:14.516+0000] {processor.py:914} INFO - Processing file /opt/airflow/dags/daily_chek.py for tasks to queue
[2026-05-01T19:21:14.524+0000] {logging_mixin.py:190} INFO - [2026-05-01T19:21:14.522+0000] {dagbag.py:588} INFO - Filling up the DagBag from /opt/airflow/dags/daily_chek.py
[2026-05-01T19:21:14.538+0000] {logging_mixin.py:190} INFO - [2026-05-01T19:21:14.533+0000] {dagbag.py:387} ERROR - Failed to import: /opt/airflow/dags/daily_chek.py
Traceback (most recent call last):
  File "/home/airflow/.local/lib/python3.12/site-packages/airflow/models/dagbag.py", line 383, in parse
    loader.exec_module(new_module)
  File "<frozen importlib._bootstrap_external>", line 999, in exec_module
  File "<frozen importlib._bootstrap>", line 488, in _call_with_frames_removed
  File "/opt/airflow/dags/daily_chek.py", line 4, in <module>
    from pyspark.sql import SparkSession
ModuleNotFoundError: No module named 'pyspark'
[2026-05-01T19:21:14.540+0000] {processor.py:927} WARNING - No viable dags retrieved from /opt/airflow/dags/daily_chek.py
[2026-05-01T19:21:14.601+0000] {processor.py:208} INFO - Processing /opt/airflow/dags/daily_chek.py took 0.111 seconds
[2026-05-01T19:21:44.938+0000] {processor.py:186} INFO - Started process (PID=3373) to work on /opt/airflow/dags/daily_chek.py
[2026-05-01T19:21:44.941+0000] {processor.py:914} INFO - Processing file /opt/airflow/dags/daily_chek.py for tasks to queue
[2026-05-01T19:21:44.948+0000] {logging_mixin.py:190} INFO - [2026-05-01T19:21:44.946+0000] {dagbag.py:588} INFO - Filling up the DagBag from /opt/airflow/dags/daily_chek.py
[2026-05-01T19:21:44.961+0000] {logging_mixin.py:190} INFO - [2026-05-01T19:21:44.956+0000] {dagbag.py:387} ERROR - Failed to import: /opt/airflow/dags/daily_chek.py
Traceback (most recent call last):
  File "/home/airflow/.local/lib/python3.12/site-packages/airflow/models/dagbag.py", line 383, in parse
    loader.exec_module(new_module)
  File "<frozen importlib._bootstrap_external>", line 999, in exec_module
  File "<frozen importlib._bootstrap>", line 488, in _call_with_frames_removed
  File "/opt/airflow/dags/daily_chek.py", line 4, in <module>
    from pyspark.sql import SparkSession
ModuleNotFoundError: No module named 'pyspark'
[2026-05-01T19:21:44.963+0000] {processor.py:927} WARNING - No viable dags retrieved from /opt/airflow/dags/daily_chek.py
[2026-05-01T19:21:45.022+0000] {processor.py:208} INFO - Processing /opt/airflow/dags/daily_chek.py took 0.107 seconds
[2026-05-01T19:22:15.429+0000] {processor.py:186} INFO - Started process (PID=3389) to work on /opt/airflow/dags/daily_chek.py
[2026-05-01T19:22:15.432+0000] {processor.py:914} INFO - Processing file /opt/airflow/dags/daily_chek.py for tasks to queue
[2026-05-01T19:22:15.439+0000] {logging_mixin.py:190} INFO - [2026-05-01T19:22:15.438+0000] {dagbag.py:588} INFO - Filling up the DagBag from /opt/airflow/dags/daily_chek.py
[2026-05-01T19:22:15.452+0000] {logging_mixin.py:190} INFO - [2026-05-01T19:22:15.448+0000] {dagbag.py:387} ERROR - Failed to import: /opt/airflow/dags/daily_chek.py
Traceback (most recent call last):
  File "/home/airflow/.local/lib/python3.12/site-packages/airflow/models/dagbag.py", line 383, in parse
    loader.exec_module(new_module)
  File "<frozen importlib._bootstrap_external>", line 999, in exec_module
  File "<frozen importlib._bootstrap>", line 488, in _call_with_frames_removed
  File "/opt/airflow/dags/daily_chek.py", line 4, in <module>
    from pyspark.sql import SparkSession
ModuleNotFoundError: No module named 'pyspark'
[2026-05-01T19:22:15.454+0000] {processor.py:927} WARNING - No viable dags retrieved from /opt/airflow/dags/daily_chek.py
[2026-05-01T19:22:15.510+0000] {processor.py:208} INFO - Processing /opt/airflow/dags/daily_chek.py took 0.104 seconds
[2026-05-01T19:22:45.879+0000] {processor.py:186} INFO - Started process (PID=3405) to work on /opt/airflow/dags/daily_chek.py
[2026-05-01T19:22:45.882+0000] {processor.py:914} INFO - Processing file /opt/airflow/dags/daily_chek.py for tasks to queue
[2026-05-01T19:22:45.889+0000] {logging_mixin.py:190} INFO - [2026-05-01T19:22:45.888+0000] {dagbag.py:588} INFO - Filling up the DagBag from /opt/airflow/dags/daily_chek.py
[2026-05-01T19:22:45.902+0000] {logging_mixin.py:190} INFO - [2026-05-01T19:22:45.897+0000] {dagbag.py:387} ERROR - Failed to import: /opt/airflow/dags/daily_chek.py
Traceback (most recent call last):
  File "/home/airflow/.local/lib/python3.12/site-packages/airflow/models/dagbag.py", line 383, in parse
    loader.exec_module(new_module)
  File "<frozen importlib._bootstrap_external>", line 999, in exec_module
  File "<frozen importlib._bootstrap>", line 488, in _call_with_frames_removed
  File "/opt/airflow/dags/daily_chek.py", line 4, in <module>
    from pyspark.sql import SparkSession
ModuleNotFoundError: No module named 'pyspark'
[2026-05-01T19:22:45.904+0000] {processor.py:927} WARNING - No viable dags retrieved from /opt/airflow/dags/daily_chek.py
[2026-05-01T19:22:45.969+0000] {processor.py:208} INFO - Processing /opt/airflow/dags/daily_chek.py took 0.113 seconds
[2026-05-01T19:23:16.332+0000] {processor.py:186} INFO - Started process (PID=3421) to work on /opt/airflow/dags/daily_chek.py
[2026-05-01T19:23:16.337+0000] {processor.py:914} INFO - Processing file /opt/airflow/dags/daily_chek.py for tasks to queue
[2026-05-01T19:23:16.344+0000] {logging_mixin.py:190} INFO - [2026-05-01T19:23:16.343+0000] {dagbag.py:588} INFO - Filling up the DagBag from /opt/airflow/dags/daily_chek.py
[2026-05-01T19:23:16.358+0000] {logging_mixin.py:190} INFO - [2026-05-01T19:23:16.354+0000] {dagbag.py:387} ERROR - Failed to import: /opt/airflow/dags/daily_chek.py
Traceback (most recent call last):
  File "/home/airflow/.local/lib/python3.12/site-packages/airflow/models/dagbag.py", line 383, in parse
    loader.exec_module(new_module)
  File "<frozen importlib._bootstrap_external>", line 999, in exec_module
  File "<frozen importlib._bootstrap>", line 488, in _call_with_frames_removed
  File "/opt/airflow/dags/daily_chek.py", line 4, in <module>
    from pyspark.sql import SparkSession
ModuleNotFoundError: No module named 'pyspark'
[2026-05-01T19:23:16.360+0000] {processor.py:927} WARNING - No viable dags retrieved from /opt/airflow/dags/daily_chek.py
[2026-05-01T19:23:16.420+0000] {processor.py:208} INFO - Processing /opt/airflow/dags/daily_chek.py took 0.110 seconds
[2026-05-01T19:23:46.800+0000] {processor.py:186} INFO - Started process (PID=3437) to work on /opt/airflow/dags/daily_chek.py
[2026-05-01T19:23:46.803+0000] {processor.py:914} INFO - Processing file /opt/airflow/dags/daily_chek.py for tasks to queue
[2026-05-01T19:23:46.811+0000] {logging_mixin.py:190} INFO - [2026-05-01T19:23:46.810+0000] {dagbag.py:588} INFO - Filling up the DagBag from /opt/airflow/dags/daily_chek.py
[2026-05-01T19:23:46.823+0000] {logging_mixin.py:190} INFO - [2026-05-01T19:23:46.819+0000] {dagbag.py:387} ERROR - Failed to import: /opt/airflow/dags/daily_chek.py
Traceback (most recent call last):
  File "/home/airflow/.local/lib/python3.12/site-packages/airflow/models/dagbag.py", line 383, in parse
    loader.exec_module(new_module)
  File "<frozen importlib._bootstrap_external>", line 999, in exec_module
  File "<frozen importlib._bootstrap>", line 488, in _call_with_frames_removed
  File "/opt/airflow/dags/daily_chek.py", line 4, in <module>
    from pyspark.sql import SparkSession
ModuleNotFoundError: No module named 'pyspark'
[2026-05-01T19:23:46.825+0000] {processor.py:927} WARNING - No viable dags retrieved from /opt/airflow/dags/daily_chek.py
[2026-05-01T19:23:46.886+0000] {processor.py:208} INFO - Processing /opt/airflow/dags/daily_chek.py took 0.108 seconds
[2026-05-01T19:24:17.265+0000] {processor.py:186} INFO - Started process (PID=3453) to work on /opt/airflow/dags/daily_chek.py
[2026-05-01T19:24:17.274+0000] {processor.py:914} INFO - Processing file /opt/airflow/dags/daily_chek.py for tasks to queue
[2026-05-01T19:24:17.282+0000] {logging_mixin.py:190} INFO - [2026-05-01T19:24:17.281+0000] {dagbag.py:588} INFO - Filling up the DagBag from /opt/airflow/dags/daily_chek.py
[2026-05-01T19:24:17.295+0000] {logging_mixin.py:190} INFO - [2026-05-01T19:24:17.291+0000] {dagbag.py:387} ERROR - Failed to import: /opt/airflow/dags/daily_chek.py
Traceback (most recent call last):
  File "/home/airflow/.local/lib/python3.12/site-packages/airflow/models/dagbag.py", line 383, in parse
    loader.exec_module(new_module)
  File "<frozen importlib._bootstrap_external>", line 999, in exec_module
  File "<frozen importlib._bootstrap>", line 488, in _call_with_frames_removed
  File "/opt/airflow/dags/daily_chek.py", line 4, in <module>
    from pyspark.sql import SparkSession
ModuleNotFoundError: No module named 'pyspark'
[2026-05-01T19:24:17.298+0000] {processor.py:927} WARNING - No viable dags retrieved from /opt/airflow/dags/daily_chek.py
[2026-05-01T19:24:17.362+0000] {processor.py:208} INFO - Processing /opt/airflow/dags/daily_chek.py took 0.122 seconds
[2026-05-01T19:24:47.734+0000] {processor.py:186} INFO - Started process (PID=3469) to work on /opt/airflow/dags/daily_chek.py
[2026-05-01T19:24:47.737+0000] {processor.py:914} INFO - Processing file /opt/airflow/dags/daily_chek.py for tasks to queue
[2026-05-01T19:24:47.746+0000] {logging_mixin.py:190} INFO - [2026-05-01T19:24:47.744+0000] {dagbag.py:588} INFO - Filling up the DagBag from /opt/airflow/dags/daily_chek.py
[2026-05-01T19:24:47.762+0000] {logging_mixin.py:190} INFO - [2026-05-01T19:24:47.757+0000] {dagbag.py:387} ERROR - Failed to import: /opt/airflow/dags/daily_chek.py
Traceback (most recent call last):
  File "/home/airflow/.local/lib/python3.12/site-packages/airflow/models/dagbag.py", line 383, in parse
    loader.exec_module(new_module)
  File "<frozen importlib._bootstrap_external>", line 999, in exec_module
  File "<frozen importlib._bootstrap>", line 488, in _call_with_frames_removed
  File "/opt/airflow/dags/daily_chek.py", line 4, in <module>
    from pyspark.sql import SparkSession
ModuleNotFoundError: No module named 'pyspark'
[2026-05-01T19:24:47.764+0000] {processor.py:927} WARNING - No viable dags retrieved from /opt/airflow/dags/daily_chek.py
[2026-05-01T19:24:47.838+0000] {processor.py:208} INFO - Processing /opt/airflow/dags/daily_chek.py took 0.131 seconds
[2026-05-01T19:25:18.212+0000] {processor.py:186} INFO - Started process (PID=3485) to work on /opt/airflow/dags/daily_chek.py
[2026-05-01T19:25:18.220+0000] {processor.py:914} INFO - Processing file /opt/airflow/dags/daily_chek.py for tasks to queue
[2026-05-01T19:25:18.227+0000] {logging_mixin.py:190} INFO - [2026-05-01T19:25:18.225+0000] {dagbag.py:588} INFO - Filling up the DagBag from /opt/airflow/dags/daily_chek.py
[2026-05-01T19:25:18.239+0000] {logging_mixin.py:190} INFO - [2026-05-01T19:25:18.235+0000] {dagbag.py:387} ERROR - Failed to import: /opt/airflow/dags/daily_chek.py
Traceback (most recent call last):
  File "/home/airflow/.local/lib/python3.12/site-packages/airflow/models/dagbag.py", line 383, in parse
    loader.exec_module(new_module)
  File "<frozen importlib._bootstrap_external>", line 999, in exec_module
  File "<frozen importlib._bootstrap>", line 488, in _call_with_frames_removed
  File "/opt/airflow/dags/daily_chek.py", line 4, in <module>
    from pyspark.sql import SparkSession
ModuleNotFoundError: No module named 'pyspark'
[2026-05-01T19:25:18.241+0000] {processor.py:927} WARNING - No viable dags retrieved from /opt/airflow/dags/daily_chek.py
[2026-05-01T19:25:18.315+0000] {processor.py:208} INFO - Processing /opt/airflow/dags/daily_chek.py took 0.123 seconds
[2026-05-01T19:25:48.661+0000] {processor.py:186} INFO - Started process (PID=3501) to work on /opt/airflow/dags/daily_chek.py
[2026-05-01T19:25:48.663+0000] {processor.py:914} INFO - Processing file /opt/airflow/dags/daily_chek.py for tasks to queue
[2026-05-01T19:25:48.671+0000] {logging_mixin.py:190} INFO - [2026-05-01T19:25:48.670+0000] {dagbag.py:588} INFO - Filling up the DagBag from /opt/airflow/dags/daily_chek.py
[2026-05-01T19:25:48.682+0000] {logging_mixin.py:190} INFO - [2026-05-01T19:25:48.679+0000] {dagbag.py:387} ERROR - Failed to import: /opt/airflow/dags/daily_chek.py
Traceback (most recent call last):
  File "/home/airflow/.local/lib/python3.12/site-packages/airflow/models/dagbag.py", line 383, in parse
    loader.exec_module(new_module)
  File "<frozen importlib._bootstrap_external>", line 999, in exec_module
  File "<frozen importlib._bootstrap>", line 488, in _call_with_frames_removed
  File "/opt/airflow/dags/daily_chek.py", line 4, in <module>
    from pyspark.sql import SparkSession
ModuleNotFoundError: No module named 'pyspark'
[2026-05-01T19:25:48.684+0000] {processor.py:927} WARNING - No viable dags retrieved from /opt/airflow/dags/daily_chek.py
[2026-05-01T19:25:48.711+0000] {processor.py:208} INFO - Processing /opt/airflow/dags/daily_chek.py took 0.075 seconds
[2026-05-01T19:26:19.066+0000] {processor.py:186} INFO - Started process (PID=3517) to work on /opt/airflow/dags/daily_chek.py
[2026-05-01T19:26:19.068+0000] {processor.py:914} INFO - Processing file /opt/airflow/dags/daily_chek.py for tasks to queue
[2026-05-01T19:26:19.076+0000] {logging_mixin.py:190} INFO - [2026-05-01T19:26:19.075+0000] {dagbag.py:588} INFO - Filling up the DagBag from /opt/airflow/dags/daily_chek.py
[2026-05-01T19:26:19.088+0000] {logging_mixin.py:190} INFO - [2026-05-01T19:26:19.084+0000] {dagbag.py:387} ERROR - Failed to import: /opt/airflow/dags/daily_chek.py
Traceback (most recent call last):
  File "/home/airflow/.local/lib/python3.12/site-packages/airflow/models/dagbag.py", line 383, in parse
    loader.exec_module(new_module)
  File "<frozen importlib._bootstrap_external>", line 999, in exec_module
  File "<frozen importlib._bootstrap>", line 488, in _call_with_frames_removed
  File "/opt/airflow/dags/daily_chek.py", line 4, in <module>
    from pyspark.sql import SparkSession
ModuleNotFoundError: No module named 'pyspark'
[2026-05-01T19:26:19.089+0000] {processor.py:927} WARNING - No viable dags retrieved from /opt/airflow/dags/daily_chek.py
[2026-05-01T19:26:19.148+0000] {processor.py:208} INFO - Processing /opt/airflow/dags/daily_chek.py took 0.103 seconds
[2026-05-01T19:26:49.520+0000] {processor.py:186} INFO - Started process (PID=3533) to work on /opt/airflow/dags/daily_chek.py
[2026-05-01T19:26:49.523+0000] {processor.py:914} INFO - Processing file /opt/airflow/dags/daily_chek.py for tasks to queue
[2026-05-01T19:26:49.530+0000] {logging_mixin.py:190} INFO - [2026-05-01T19:26:49.529+0000] {dagbag.py:588} INFO - Filling up the DagBag from /opt/airflow/dags/daily_chek.py
[2026-05-01T19:26:49.544+0000] {logging_mixin.py:190} INFO - [2026-05-01T19:26:49.540+0000] {dagbag.py:387} ERROR - Failed to import: /opt/airflow/dags/daily_chek.py
Traceback (most recent call last):
  File "/home/airflow/.local/lib/python3.12/site-packages/airflow/models/dagbag.py", line 383, in parse
    loader.exec_module(new_module)
  File "<frozen importlib._bootstrap_external>", line 999, in exec_module
  File "<frozen importlib._bootstrap>", line 488, in _call_with_frames_removed
  File "/opt/airflow/dags/daily_chek.py", line 4, in <module>
    from pyspark.sql import SparkSession
ModuleNotFoundError: No module named 'pyspark'
[2026-05-01T19:26:49.546+0000] {processor.py:927} WARNING - No viable dags retrieved from /opt/airflow/dags/daily_chek.py
[2026-05-01T19:26:49.592+0000] {processor.py:208} INFO - Processing /opt/airflow/dags/daily_chek.py took 0.096 seconds
[2026-05-01T19:27:19.965+0000] {processor.py:186} INFO - Started process (PID=3549) to work on /opt/airflow/dags/daily_chek.py
[2026-05-01T19:27:19.966+0000] {processor.py:914} INFO - Processing file /opt/airflow/dags/daily_chek.py for tasks to queue
[2026-05-01T19:27:19.971+0000] {logging_mixin.py:190} INFO - [2026-05-01T19:27:19.970+0000] {dagbag.py:588} INFO - Filling up the DagBag from /opt/airflow/dags/daily_chek.py
[2026-05-01T19:27:19.980+0000] {logging_mixin.py:190} INFO - [2026-05-01T19:27:19.977+0000] {dagbag.py:387} ERROR - Failed to import: /opt/airflow/dags/daily_chek.py
Traceback (most recent call last):
  File "/home/airflow/.local/lib/python3.12/site-packages/airflow/models/dagbag.py", line 383, in parse
    loader.exec_module(new_module)
  File "<frozen importlib._bootstrap_external>", line 999, in exec_module
  File "<frozen importlib._bootstrap>", line 488, in _call_with_frames_removed
  File "/opt/airflow/dags/daily_chek.py", line 4, in <module>
    from pyspark.sql import SparkSession
ModuleNotFoundError: No module named 'pyspark'
[2026-05-01T19:27:19.981+0000] {processor.py:927} WARNING - No viable dags retrieved from /opt/airflow/dags/daily_chek.py
[2026-05-01T19:27:20.016+0000] {processor.py:208} INFO - Processing /opt/airflow/dags/daily_chek.py took 0.069 seconds
