[2026-05-01T19:31:59.660+0000] {processor.py:186} INFO - Started process (PID=3622) to work on /opt/airflow/dags/scttion.py
[2026-05-01T19:31:59.662+0000] {processor.py:914} INFO - Processing file /opt/airflow/dags/scttion.py for tasks to queue
[2026-05-01T19:31:59.669+0000] {logging_mixin.py:190} INFO - [2026-05-01T19:31:59.668+0000] {dagbag.py:588} INFO - Filling up the DagBag from /opt/airflow/dags/scttion.py
[2026-05-01T19:31:59.695+0000] {processor.py:925} INFO - DAG(s) 'power_consumption_etl' retrieved from /opt/airflow/dags/scttion.py
[2026-05-01T19:32:00.079+0000] {logging_mixin.py:190} INFO - [2026-05-01T19:32:00.077+0000] {override.py:1911} INFO - Created Permission View: can delete on DAG:power_consumption_etl
[2026-05-01T19:32:00.091+0000] {logging_mixin.py:190} INFO - [2026-05-01T19:32:00.091+0000] {override.py:1914} ERROR - Creation of Permission View Error: (psycopg2.errors.UniqueViolation) duplicate key value violates unique constraint "ab_permission_view_permission_id_view_menu_id_uq"
DETAIL:  Key (permission_id, view_menu_id)=(1, 62) already exists.

[SQL: INSERT INTO ab_permission_view (permission_id, view_menu_id) VALUES (%(permission_id)s, %(view_menu_id)s) RETURNING ab_permission_view.id]
[parameters: {'permission_id': 1, 'view_menu_id': 62}]
(Background on this error at: https://sqlalche.me/e/14/gkpj)
[2026-05-01T19:32:00.098+0000] {logging_mixin.py:190} INFO - [2026-05-01T19:32:00.098+0000] {override.py:1914} ERROR - Creation of Permission View Error: (psycopg2.errors.UniqueViolation) duplicate key value violates unique constraint "ab_permission_view_permission_id_view_menu_id_uq"
DETAIL:  Key (permission_id, view_menu_id)=(2, 62) already exists.

[SQL: INSERT INTO ab_permission_view (permission_id, view_menu_id) VALUES (%(permission_id)s, %(view_menu_id)s) RETURNING ab_permission_view.id]
[parameters: {'permission_id': 2, 'view_menu_id': 62}]
(Background on this error at: https://sqlalche.me/e/14/gkpj)
[2026-05-01T19:32:00.106+0000] {logging_mixin.py:190} INFO - [2026-05-01T19:32:00.106+0000] {override.py:1911} INFO - Created Permission View: can create on DAG Run:power_consumption_etl
[2026-05-01T19:32:00.113+0000] {logging_mixin.py:190} INFO - [2026-05-01T19:32:00.113+0000] {override.py:1911} INFO - Created Permission View: can delete on DAG Run:power_consumption_etl
[2026-05-01T19:32:00.122+0000] {logging_mixin.py:190} INFO - [2026-05-01T19:32:00.121+0000] {override.py:1911} INFO - Created Permission View: menu access on DAG Run:power_consumption_etl
[2026-05-01T19:32:00.131+0000] {logging_mixin.py:190} INFO - [2026-05-01T19:32:00.130+0000] {override.py:1911} INFO - Created Permission View: can read on DAG Run:power_consumption_etl
[2026-05-01T19:32:00.131+0000] {logging_mixin.py:190} INFO - [2026-05-01T19:32:00.131+0000] {dag.py:3239} INFO - Sync 1 DAGs
[2026-05-01T19:32:00.148+0000] {logging_mixin.py:190} INFO - [2026-05-01T19:32:00.148+0000] {dag.py:3262} INFO - Creating ORM DAG for power_consumption_etl
[2026-05-01T19:32:00.161+0000] {logging_mixin.py:190} INFO - [2026-05-01T19:32:00.160+0000] {dag.py:4180} INFO - Setting next_dagrun for power_consumption_etl to 2026-04-30 00:00:00+00:00, run_after=2026-05-01 00:00:00+00:00
[2026-05-01T19:32:00.178+0000] {processor.py:208} INFO - Processing /opt/airflow/dags/scttion.py took 0.539 seconds
[2026-05-01T19:32:30.513+0000] {processor.py:186} INFO - Started process (PID=3635) to work on /opt/airflow/dags/scttion.py
[2026-05-01T19:32:30.521+0000] {processor.py:914} INFO - Processing file /opt/airflow/dags/scttion.py for tasks to queue
[2026-05-01T19:32:30.526+0000] {logging_mixin.py:190} INFO - [2026-05-01T19:32:30.524+0000] {dagbag.py:588} INFO - Filling up the DagBag from /opt/airflow/dags/scttion.py
[2026-05-01T19:32:30.582+0000] {processor.py:925} INFO - DAG(s) 'power_consumption_etl' retrieved from /opt/airflow/dags/scttion.py
[2026-05-01T19:32:30.662+0000] {logging_mixin.py:190} INFO - [2026-05-01T19:32:30.661+0000] {dag.py:3239} INFO - Sync 1 DAGs
[2026-05-01T19:32:30.697+0000] {logging_mixin.py:190} INFO - [2026-05-01T19:32:30.697+0000] {dag.py:4180} INFO - Setting next_dagrun for power_consumption_etl to 2026-04-30 00:00:00+00:00, run_after=2026-05-01 00:00:00+00:00
[2026-05-01T19:32:30.712+0000] {processor.py:208} INFO - Processing /opt/airflow/dags/scttion.py took 0.224 seconds
[2026-05-01T19:33:01.066+0000] {processor.py:186} INFO - Started process (PID=3678) to work on /opt/airflow/dags/scttion.py
[2026-05-01T19:33:01.068+0000] {processor.py:914} INFO - Processing file /opt/airflow/dags/scttion.py for tasks to queue
[2026-05-01T19:33:01.072+0000] {logging_mixin.py:190} INFO - [2026-05-01T19:33:01.071+0000] {dagbag.py:588} INFO - Filling up the DagBag from /opt/airflow/dags/scttion.py
[2026-05-01T19:33:01.120+0000] {processor.py:925} INFO - DAG(s) 'power_consumption_etl' retrieved from /opt/airflow/dags/scttion.py
[2026-05-01T19:33:01.423+0000] {logging_mixin.py:190} INFO - [2026-05-01T19:33:01.423+0000] {dag.py:3239} INFO - Sync 1 DAGs
[2026-05-01T19:33:01.451+0000] {logging_mixin.py:190} INFO - [2026-05-01T19:33:01.451+0000] {dag.py:4180} INFO - Setting next_dagrun for power_consumption_etl to 2026-05-01 00:00:00+00:00, run_after=2026-05-02 00:00:00+00:00
[2026-05-01T19:33:01.477+0000] {processor.py:208} INFO - Processing /opt/airflow/dags/scttion.py took 0.441 seconds
[2026-05-01T19:33:31.699+0000] {processor.py:186} INFO - Started process (PID=3694) to work on /opt/airflow/dags/scttion.py
[2026-05-01T19:33:31.702+0000] {processor.py:914} INFO - Processing file /opt/airflow/dags/scttion.py for tasks to queue
[2026-05-01T19:33:31.706+0000] {logging_mixin.py:190} INFO - [2026-05-01T19:33:31.705+0000] {dagbag.py:588} INFO - Filling up the DagBag from /opt/airflow/dags/scttion.py
[2026-05-01T19:33:31.753+0000] {processor.py:925} INFO - DAG(s) 'power_consumption_etl' retrieved from /opt/airflow/dags/scttion.py
[2026-05-01T19:33:31.860+0000] {logging_mixin.py:190} INFO - [2026-05-01T19:33:31.859+0000] {dag.py:3239} INFO - Sync 1 DAGs
[2026-05-01T19:33:31.951+0000] {logging_mixin.py:190} INFO - [2026-05-01T19:33:31.951+0000] {dag.py:4180} INFO - Setting next_dagrun for power_consumption_etl to 2026-05-01 00:00:00+00:00, run_after=2026-05-02 00:00:00+00:00
[2026-05-01T19:33:31.979+0000] {processor.py:208} INFO - Processing /opt/airflow/dags/scttion.py took 0.300 seconds
[2026-05-01T19:34:02.358+0000] {processor.py:186} INFO - Started process (PID=3710) to work on /opt/airflow/dags/scttion.py
[2026-05-01T19:34:02.361+0000] {processor.py:914} INFO - Processing file /opt/airflow/dags/scttion.py for tasks to queue
[2026-05-01T19:34:02.364+0000] {logging_mixin.py:190} INFO - [2026-05-01T19:34:02.363+0000] {dagbag.py:588} INFO - Filling up the DagBag from /opt/airflow/dags/scttion.py
[2026-05-01T19:34:02.406+0000] {processor.py:925} INFO - DAG(s) 'power_consumption_etl' retrieved from /opt/airflow/dags/scttion.py
[2026-05-01T19:34:02.693+0000] {logging_mixin.py:190} INFO - [2026-05-01T19:34:02.693+0000] {dag.py:3239} INFO - Sync 1 DAGs
[2026-05-01T19:34:02.717+0000] {logging_mixin.py:190} INFO - [2026-05-01T19:34:02.717+0000] {dag.py:4180} INFO - Setting next_dagrun for power_consumption_etl to 2026-05-01 00:00:00+00:00, run_after=2026-05-02 00:00:00+00:00
[2026-05-01T19:34:02.742+0000] {processor.py:208} INFO - Processing /opt/airflow/dags/scttion.py took 0.405 seconds
[2026-05-01T19:34:32.999+0000] {processor.py:186} INFO - Started process (PID=3726) to work on /opt/airflow/dags/scttion.py
[2026-05-01T19:34:33.002+0000] {processor.py:914} INFO - Processing file /opt/airflow/dags/scttion.py for tasks to queue
[2026-05-01T19:34:33.008+0000] {logging_mixin.py:190} INFO - [2026-05-01T19:34:33.007+0000] {dagbag.py:588} INFO - Filling up the DagBag from /opt/airflow/dags/scttion.py
[2026-05-01T19:34:33.069+0000] {processor.py:925} INFO - DAG(s) 'power_consumption_etl' retrieved from /opt/airflow/dags/scttion.py
[2026-05-01T19:34:33.159+0000] {logging_mixin.py:190} INFO - [2026-05-01T19:34:33.158+0000] {dag.py:3239} INFO - Sync 1 DAGs
[2026-05-01T19:34:33.198+0000] {logging_mixin.py:190} INFO - [2026-05-01T19:34:33.197+0000] {dag.py:4180} INFO - Setting next_dagrun for power_consumption_etl to 2026-05-01 00:00:00+00:00, run_after=2026-05-02 00:00:00+00:00
[2026-05-01T19:34:33.222+0000] {processor.py:208} INFO - Processing /opt/airflow/dags/scttion.py took 0.256 seconds
[2026-05-01T19:35:03.612+0000] {processor.py:186} INFO - Started process (PID=3742) to work on /opt/airflow/dags/scttion.py
[2026-05-01T19:35:03.614+0000] {processor.py:914} INFO - Processing file /opt/airflow/dags/scttion.py for tasks to queue
[2026-05-01T19:35:03.618+0000] {logging_mixin.py:190} INFO - [2026-05-01T19:35:03.617+0000] {dagbag.py:588} INFO - Filling up the DagBag from /opt/airflow/dags/scttion.py
[2026-05-01T19:35:03.668+0000] {processor.py:925} INFO - DAG(s) 'power_consumption_etl' retrieved from /opt/airflow/dags/scttion.py
[2026-05-01T19:35:04.008+0000] {logging_mixin.py:190} INFO - [2026-05-01T19:35:04.008+0000] {dag.py:3239} INFO - Sync 1 DAGs
[2026-05-01T19:35:04.032+0000] {logging_mixin.py:190} INFO - [2026-05-01T19:35:04.032+0000] {dag.py:4180} INFO - Setting next_dagrun for power_consumption_etl to 2026-05-01 00:00:00+00:00, run_after=2026-05-02 00:00:00+00:00
[2026-05-01T19:35:04.053+0000] {processor.py:208} INFO - Processing /opt/airflow/dags/scttion.py took 0.470 seconds
[2026-05-01T19:35:34.240+0000] {processor.py:186} INFO - Started process (PID=3758) to work on /opt/airflow/dags/scttion.py
[2026-05-01T19:35:34.241+0000] {processor.py:914} INFO - Processing file /opt/airflow/dags/scttion.py for tasks to queue
[2026-05-01T19:35:34.243+0000] {logging_mixin.py:190} INFO - [2026-05-01T19:35:34.243+0000] {dagbag.py:588} INFO - Filling up the DagBag from /opt/airflow/dags/scttion.py
[2026-05-01T19:35:34.258+0000] {processor.py:925} INFO - DAG(s) 'power_consumption_etl' retrieved from /opt/airflow/dags/scttion.py
[2026-05-01T19:35:34.284+0000] {logging_mixin.py:190} INFO - [2026-05-01T19:35:34.284+0000] {dag.py:3239} INFO - Sync 1 DAGs
[2026-05-01T19:35:34.313+0000] {logging_mixin.py:190} INFO - [2026-05-01T19:35:34.312+0000] {dag.py:4180} INFO - Setting next_dagrun for power_consumption_etl to 2026-05-01 00:00:00+00:00, run_after=2026-05-02 00:00:00+00:00
[2026-05-01T19:35:34.330+0000] {processor.py:208} INFO - Processing /opt/airflow/dags/scttion.py took 0.096 seconds
[2026-05-01T19:36:04.701+0000] {processor.py:186} INFO - Started process (PID=3774) to work on /opt/airflow/dags/scttion.py
[2026-05-01T19:36:04.703+0000] {processor.py:914} INFO - Processing file /opt/airflow/dags/scttion.py for tasks to queue
[2026-05-01T19:36:04.707+0000] {logging_mixin.py:190} INFO - [2026-05-01T19:36:04.706+0000] {dagbag.py:588} INFO - Filling up the DagBag from /opt/airflow/dags/scttion.py
[2026-05-01T19:36:04.746+0000] {processor.py:925} INFO - DAG(s) 'power_consumption_etl' retrieved from /opt/airflow/dags/scttion.py
[2026-05-01T19:36:04.911+0000] {logging_mixin.py:190} INFO - [2026-05-01T19:36:04.911+0000] {dag.py:3239} INFO - Sync 1 DAGs
[2026-05-01T19:36:04.933+0000] {logging_mixin.py:190} INFO - [2026-05-01T19:36:04.933+0000] {dag.py:4180} INFO - Setting next_dagrun for power_consumption_etl to 2026-05-01 00:00:00+00:00, run_after=2026-05-02 00:00:00+00:00
[2026-05-01T19:36:04.950+0000] {processor.py:208} INFO - Processing /opt/airflow/dags/scttion.py took 0.271 seconds
[2026-05-01T19:36:35.214+0000] {processor.py:186} INFO - Started process (PID=3790) to work on /opt/airflow/dags/scttion.py
[2026-05-01T19:36:35.217+0000] {processor.py:914} INFO - Processing file /opt/airflow/dags/scttion.py for tasks to queue
[2026-05-01T19:36:35.221+0000] {logging_mixin.py:190} INFO - [2026-05-01T19:36:35.220+0000] {dagbag.py:588} INFO - Filling up the DagBag from /opt/airflow/dags/scttion.py
[2026-05-01T19:36:35.261+0000] {processor.py:925} INFO - DAG(s) 'power_consumption_etl' retrieved from /opt/airflow/dags/scttion.py
[2026-05-01T19:36:35.296+0000] {logging_mixin.py:190} INFO - [2026-05-01T19:36:35.296+0000] {dag.py:3239} INFO - Sync 1 DAGs
[2026-05-01T19:36:35.324+0000] {logging_mixin.py:190} INFO - [2026-05-01T19:36:35.324+0000] {dag.py:4180} INFO - Setting next_dagrun for power_consumption_etl to 2026-05-01 00:00:00+00:00, run_after=2026-05-02 00:00:00+00:00
[2026-05-01T19:36:35.348+0000] {processor.py:208} INFO - Processing /opt/airflow/dags/scttion.py took 0.156 seconds
[2026-05-01T19:37:05.759+0000] {processor.py:186} INFO - Started process (PID=3813) to work on /opt/airflow/dags/scttion.py
[2026-05-01T19:37:05.761+0000] {processor.py:914} INFO - Processing file /opt/airflow/dags/scttion.py for tasks to queue
[2026-05-01T19:37:05.765+0000] {logging_mixin.py:190} INFO - [2026-05-01T19:37:05.764+0000] {dagbag.py:588} INFO - Filling up the DagBag from /opt/airflow/dags/scttion.py
[2026-05-01T19:37:05.808+0000] {processor.py:925} INFO - DAG(s) 'power_consumption_etl' retrieved from /opt/airflow/dags/scttion.py
[2026-05-01T19:37:06.094+0000] {logging_mixin.py:190} INFO - [2026-05-01T19:37:06.094+0000] {dag.py:3239} INFO - Sync 1 DAGs
[2026-05-01T19:37:06.118+0000] {logging_mixin.py:190} INFO - [2026-05-01T19:37:06.118+0000] {dag.py:4180} INFO - Setting next_dagrun for power_consumption_etl to 2026-05-01 00:00:00+00:00, run_after=2026-05-02 00:00:00+00:00
[2026-05-01T19:37:06.134+0000] {processor.py:208} INFO - Processing /opt/airflow/dags/scttion.py took 0.400 seconds
[2026-05-01T19:37:36.404+0000] {processor.py:186} INFO - Started process (PID=3830) to work on /opt/airflow/dags/scttion.py
[2026-05-01T19:37:36.408+0000] {processor.py:914} INFO - Processing file /opt/airflow/dags/scttion.py for tasks to queue
[2026-05-01T19:37:36.414+0000] {logging_mixin.py:190} INFO - [2026-05-01T19:37:36.412+0000] {dagbag.py:588} INFO - Filling up the DagBag from /opt/airflow/dags/scttion.py
[2026-05-01T19:37:36.471+0000] {processor.py:925} INFO - DAG(s) 'power_consumption_etl' retrieved from /opt/airflow/dags/scttion.py
[2026-05-01T19:37:36.539+0000] {logging_mixin.py:190} INFO - [2026-05-01T19:37:36.538+0000] {dag.py:3239} INFO - Sync 1 DAGs
[2026-05-01T19:37:36.574+0000] {logging_mixin.py:190} INFO - [2026-05-01T19:37:36.574+0000] {dag.py:4180} INFO - Setting next_dagrun for power_consumption_etl to 2026-05-01 00:00:00+00:00, run_after=2026-05-02 00:00:00+00:00
[2026-05-01T19:37:36.601+0000] {processor.py:208} INFO - Processing /opt/airflow/dags/scttion.py took 0.228 seconds
[2026-05-01T19:38:06.960+0000] {processor.py:186} INFO - Started process (PID=3846) to work on /opt/airflow/dags/scttion.py
[2026-05-01T19:38:06.962+0000] {processor.py:914} INFO - Processing file /opt/airflow/dags/scttion.py for tasks to queue
[2026-05-01T19:38:06.969+0000] {logging_mixin.py:190} INFO - [2026-05-01T19:38:06.967+0000] {dagbag.py:588} INFO - Filling up the DagBag from /opt/airflow/dags/scttion.py
[2026-05-01T19:38:07.015+0000] {processor.py:925} INFO - DAG(s) 'power_consumption_etl' retrieved from /opt/airflow/dags/scttion.py
[2026-05-01T19:38:07.359+0000] {logging_mixin.py:190} INFO - [2026-05-01T19:38:07.358+0000] {dag.py:3239} INFO - Sync 1 DAGs
[2026-05-01T19:38:07.387+0000] {logging_mixin.py:190} INFO - [2026-05-01T19:38:07.387+0000] {dag.py:4180} INFO - Setting next_dagrun for power_consumption_etl to 2026-05-01 00:00:00+00:00, run_after=2026-05-02 00:00:00+00:00
[2026-05-01T19:38:07.406+0000] {processor.py:208} INFO - Processing /opt/airflow/dags/scttion.py took 0.472 seconds
[2026-05-01T19:38:37.571+0000] {processor.py:186} INFO - Started process (PID=3902) to work on /opt/airflow/dags/scttion.py
[2026-05-01T19:38:37.573+0000] {processor.py:914} INFO - Processing file /opt/airflow/dags/scttion.py for tasks to queue
[2026-05-01T19:38:37.576+0000] {logging_mixin.py:190} INFO - [2026-05-01T19:38:37.575+0000] {dagbag.py:588} INFO - Filling up the DagBag from /opt/airflow/dags/scttion.py
[2026-05-01T19:38:37.616+0000] {processor.py:925} INFO - DAG(s) 'power_consumption_etl' retrieved from /opt/airflow/dags/scttion.py
[2026-05-01T19:38:37.699+0000] {logging_mixin.py:190} INFO - [2026-05-01T19:38:37.698+0000] {dag.py:3239} INFO - Sync 1 DAGs
[2026-05-01T19:38:37.727+0000] {logging_mixin.py:190} INFO - [2026-05-01T19:38:37.727+0000] {dag.py:4180} INFO - Setting next_dagrun for power_consumption_etl to 2026-05-01 00:00:00+00:00, run_after=2026-05-02 00:00:00+00:00
[2026-05-01T19:38:37.750+0000] {processor.py:208} INFO - Processing /opt/airflow/dags/scttion.py took 0.202 seconds
[2026-05-01T19:39:08.078+0000] {processor.py:186} INFO - Started process (PID=3918) to work on /opt/airflow/dags/scttion.py
[2026-05-01T19:39:08.079+0000] {processor.py:914} INFO - Processing file /opt/airflow/dags/scttion.py for tasks to queue
[2026-05-01T19:39:08.080+0000] {logging_mixin.py:190} INFO - [2026-05-01T19:39:08.080+0000] {dagbag.py:588} INFO - Filling up the DagBag from /opt/airflow/dags/scttion.py
[2026-05-01T19:39:08.093+0000] {processor.py:925} INFO - DAG(s) 'power_consumption_etl' retrieved from /opt/airflow/dags/scttion.py
[2026-05-01T19:39:08.232+0000] {logging_mixin.py:190} INFO - [2026-05-01T19:39:08.232+0000] {dag.py:3239} INFO - Sync 1 DAGs
[2026-05-01T19:39:08.261+0000] {logging_mixin.py:190} INFO - [2026-05-01T19:39:08.261+0000] {dag.py:4180} INFO - Setting next_dagrun for power_consumption_etl to 2026-05-01 00:00:00+00:00, run_after=2026-05-02 00:00:00+00:00
[2026-05-01T19:39:08.280+0000] {processor.py:208} INFO - Processing /opt/airflow/dags/scttion.py took 0.208 seconds
[2026-05-01T19:39:38.516+0000] {processor.py:186} INFO - Started process (PID=3934) to work on /opt/airflow/dags/scttion.py
[2026-05-01T19:39:38.518+0000] {processor.py:914} INFO - Processing file /opt/airflow/dags/scttion.py for tasks to queue
[2026-05-01T19:39:38.522+0000] {logging_mixin.py:190} INFO - [2026-05-01T19:39:38.521+0000] {dagbag.py:588} INFO - Filling up the DagBag from /opt/airflow/dags/scttion.py
[2026-05-01T19:39:38.564+0000] {processor.py:925} INFO - DAG(s) 'power_consumption_etl' retrieved from /opt/airflow/dags/scttion.py
[2026-05-01T19:39:38.612+0000] {logging_mixin.py:190} INFO - [2026-05-01T19:39:38.611+0000] {dag.py:3239} INFO - Sync 1 DAGs
[2026-05-01T19:39:38.643+0000] {logging_mixin.py:190} INFO - [2026-05-01T19:39:38.643+0000] {dag.py:4180} INFO - Setting next_dagrun for power_consumption_etl to 2026-05-01 00:00:00+00:00, run_after=2026-05-02 00:00:00+00:00
[2026-05-01T19:39:38.667+0000] {processor.py:208} INFO - Processing /opt/airflow/dags/scttion.py took 0.173 seconds
[2026-05-01T19:40:09.047+0000] {processor.py:186} INFO - Started process (PID=3951) to work on /opt/airflow/dags/scttion.py
[2026-05-01T19:40:09.050+0000] {processor.py:914} INFO - Processing file /opt/airflow/dags/scttion.py for tasks to queue
[2026-05-01T19:40:09.054+0000] {logging_mixin.py:190} INFO - [2026-05-01T19:40:09.053+0000] {dagbag.py:588} INFO - Filling up the DagBag from /opt/airflow/dags/scttion.py
[2026-05-01T19:40:09.096+0000] {processor.py:925} INFO - DAG(s) 'power_consumption_etl' retrieved from /opt/airflow/dags/scttion.py
[2026-05-01T19:40:09.380+0000] {logging_mixin.py:190} INFO - [2026-05-01T19:40:09.380+0000] {dag.py:3239} INFO - Sync 1 DAGs
[2026-05-01T19:40:09.406+0000] {logging_mixin.py:190} INFO - [2026-05-01T19:40:09.405+0000] {dag.py:4180} INFO - Setting next_dagrun for power_consumption_etl to 2026-05-01 00:00:00+00:00, run_after=2026-05-02 00:00:00+00:00
[2026-05-01T19:40:09.430+0000] {processor.py:208} INFO - Processing /opt/airflow/dags/scttion.py took 0.403 seconds
[2026-05-01T19:40:39.637+0000] {processor.py:186} INFO - Started process (PID=3967) to work on /opt/airflow/dags/scttion.py
[2026-05-01T19:40:39.639+0000] {processor.py:914} INFO - Processing file /opt/airflow/dags/scttion.py for tasks to queue
[2026-05-01T19:40:39.643+0000] {logging_mixin.py:190} INFO - [2026-05-01T19:40:39.642+0000] {dagbag.py:588} INFO - Filling up the DagBag from /opt/airflow/dags/scttion.py
[2026-05-01T19:40:39.687+0000] {processor.py:925} INFO - DAG(s) 'power_consumption_etl' retrieved from /opt/airflow/dags/scttion.py
[2026-05-01T19:40:39.735+0000] {logging_mixin.py:190} INFO - [2026-05-01T19:40:39.735+0000] {dag.py:3239} INFO - Sync 1 DAGs
[2026-05-01T19:40:39.765+0000] {logging_mixin.py:190} INFO - [2026-05-01T19:40:39.765+0000] {dag.py:4180} INFO - Setting next_dagrun for power_consumption_etl to 2026-05-01 00:00:00+00:00, run_after=2026-05-02 00:00:00+00:00
[2026-05-01T19:40:39.785+0000] {processor.py:208} INFO - Processing /opt/airflow/dags/scttion.py took 0.170 seconds
[2026-05-01T19:41:10.113+0000] {processor.py:186} INFO - Started process (PID=3983) to work on /opt/airflow/dags/scttion.py
[2026-05-01T19:41:10.115+0000] {processor.py:914} INFO - Processing file /opt/airflow/dags/scttion.py for tasks to queue
[2026-05-01T19:41:10.119+0000] {logging_mixin.py:190} INFO - [2026-05-01T19:41:10.118+0000] {dagbag.py:588} INFO - Filling up the DagBag from /opt/airflow/dags/scttion.py
[2026-05-01T19:41:10.160+0000] {processor.py:925} INFO - DAG(s) 'power_consumption_etl' retrieved from /opt/airflow/dags/scttion.py
[2026-05-01T19:41:10.387+0000] {logging_mixin.py:190} INFO - [2026-05-01T19:41:10.387+0000] {dag.py:3239} INFO - Sync 1 DAGs
[2026-05-01T19:41:10.411+0000] {logging_mixin.py:190} INFO - [2026-05-01T19:41:10.410+0000] {dag.py:4180} INFO - Setting next_dagrun for power_consumption_etl to 2026-05-01 00:00:00+00:00, run_after=2026-05-02 00:00:00+00:00
[2026-05-01T19:41:10.426+0000] {processor.py:208} INFO - Processing /opt/airflow/dags/scttion.py took 0.333 seconds
[2026-05-01T19:41:40.719+0000] {processor.py:186} INFO - Started process (PID=3999) to work on /opt/airflow/dags/scttion.py
[2026-05-01T19:41:40.722+0000] {processor.py:914} INFO - Processing file /opt/airflow/dags/scttion.py for tasks to queue
[2026-05-01T19:41:40.727+0000] {logging_mixin.py:190} INFO - [2026-05-01T19:41:40.726+0000] {dagbag.py:588} INFO - Filling up the DagBag from /opt/airflow/dags/scttion.py
[2026-05-01T19:41:40.772+0000] {processor.py:925} INFO - DAG(s) 'power_consumption_etl' retrieved from /opt/airflow/dags/scttion.py
[2026-05-01T19:41:40.869+0000] {logging_mixin.py:190} INFO - [2026-05-01T19:41:40.868+0000] {dag.py:3239} INFO - Sync 1 DAGs
[2026-05-01T19:41:40.977+0000] {logging_mixin.py:190} INFO - [2026-05-01T19:41:40.976+0000] {dag.py:4180} INFO - Setting next_dagrun for power_consumption_etl to 2026-05-01 00:00:00+00:00, run_after=2026-05-02 00:00:00+00:00
[2026-05-01T19:41:41.033+0000] {processor.py:208} INFO - Processing /opt/airflow/dags/scttion.py took 0.336 seconds
[2026-05-01T19:42:11.429+0000] {processor.py:186} INFO - Started process (PID=4035) to work on /opt/airflow/dags/scttion.py
[2026-05-01T19:42:11.431+0000] {processor.py:914} INFO - Processing file /opt/airflow/dags/scttion.py for tasks to queue
[2026-05-01T19:42:11.434+0000] {logging_mixin.py:190} INFO - [2026-05-01T19:42:11.433+0000] {dagbag.py:588} INFO - Filling up the DagBag from /opt/airflow/dags/scttion.py
[2026-05-01T19:42:11.473+0000] {processor.py:925} INFO - DAG(s) 'power_consumption_etl' retrieved from /opt/airflow/dags/scttion.py
[2026-05-01T19:42:11.883+0000] {logging_mixin.py:190} INFO - [2026-05-01T19:42:11.883+0000] {dag.py:3239} INFO - Sync 1 DAGs
[2026-05-01T19:42:11.915+0000] {logging_mixin.py:190} INFO - [2026-05-01T19:42:11.915+0000] {dag.py:4180} INFO - Setting next_dagrun for power_consumption_etl to 2026-05-01 00:00:00+00:00, run_after=2026-05-02 00:00:00+00:00
[2026-05-01T19:42:11.941+0000] {processor.py:208} INFO - Processing /opt/airflow/dags/scttion.py took 0.533 seconds
[2026-05-01T19:42:42.073+0000] {processor.py:186} INFO - Started process (PID=4051) to work on /opt/airflow/dags/scttion.py
[2026-05-01T19:42:42.074+0000] {processor.py:914} INFO - Processing file /opt/airflow/dags/scttion.py for tasks to queue
[2026-05-01T19:42:42.075+0000] {logging_mixin.py:190} INFO - [2026-05-01T19:42:42.074+0000] {dagbag.py:588} INFO - Filling up the DagBag from /opt/airflow/dags/scttion.py
[2026-05-01T19:42:42.087+0000] {processor.py:925} INFO - DAG(s) 'power_consumption_etl' retrieved from /opt/airflow/dags/scttion.py
[2026-05-01T19:42:42.114+0000] {logging_mixin.py:190} INFO - [2026-05-01T19:42:42.113+0000] {dag.py:3239} INFO - Sync 1 DAGs
[2026-05-01T19:42:42.146+0000] {logging_mixin.py:190} INFO - [2026-05-01T19:42:42.146+0000] {dag.py:4180} INFO - Setting next_dagrun for power_consumption_etl to 2026-05-01 00:00:00+00:00, run_after=2026-05-02 00:00:00+00:00
[2026-05-01T19:42:42.163+0000] {processor.py:208} INFO - Processing /opt/airflow/dags/scttion.py took 0.098 seconds
[2026-05-01T19:43:12.461+0000] {processor.py:186} INFO - Started process (PID=4107) to work on /opt/airflow/dags/scttion.py
[2026-05-01T19:43:12.462+0000] {processor.py:914} INFO - Processing file /opt/airflow/dags/scttion.py for tasks to queue
[2026-05-01T19:43:12.463+0000] {logging_mixin.py:190} INFO - [2026-05-01T19:43:12.463+0000] {dagbag.py:588} INFO - Filling up the DagBag from /opt/airflow/dags/scttion.py
[2026-05-01T19:43:12.476+0000] {processor.py:925} INFO - DAG(s) 'power_consumption_etl' retrieved from /opt/airflow/dags/scttion.py
[2026-05-01T19:43:12.621+0000] {logging_mixin.py:190} INFO - [2026-05-01T19:43:12.621+0000] {dag.py:3239} INFO - Sync 1 DAGs
[2026-05-01T19:43:12.645+0000] {logging_mixin.py:190} INFO - [2026-05-01T19:43:12.645+0000] {dag.py:4180} INFO - Setting next_dagrun for power_consumption_etl to 2026-05-01 00:00:00+00:00, run_after=2026-05-02 00:00:00+00:00
[2026-05-01T19:43:12.665+0000] {processor.py:208} INFO - Processing /opt/airflow/dags/scttion.py took 0.210 seconds
[2026-05-01T19:43:42.824+0000] {processor.py:186} INFO - Started process (PID=4123) to work on /opt/airflow/dags/scttion.py
[2026-05-01T19:43:42.825+0000] {processor.py:914} INFO - Processing file /opt/airflow/dags/scttion.py for tasks to queue
[2026-05-01T19:43:42.827+0000] {logging_mixin.py:190} INFO - [2026-05-01T19:43:42.826+0000] {dagbag.py:588} INFO - Filling up the DagBag from /opt/airflow/dags/scttion.py
[2026-05-01T19:43:42.841+0000] {processor.py:925} INFO - DAG(s) 'power_consumption_etl' retrieved from /opt/airflow/dags/scttion.py
[2026-05-01T19:43:42.864+0000] {logging_mixin.py:190} INFO - [2026-05-01T19:43:42.864+0000] {dag.py:3239} INFO - Sync 1 DAGs
[2026-05-01T19:43:42.892+0000] {logging_mixin.py:190} INFO - [2026-05-01T19:43:42.892+0000] {dag.py:4180} INFO - Setting next_dagrun for power_consumption_etl to 2026-05-01 00:00:00+00:00, run_after=2026-05-02 00:00:00+00:00
[2026-05-01T19:43:42.911+0000] {processor.py:208} INFO - Processing /opt/airflow/dags/scttion.py took 0.097 seconds
[2026-05-01T19:44:13.245+0000] {processor.py:186} INFO - Started process (PID=4139) to work on /opt/airflow/dags/scttion.py
[2026-05-01T19:44:13.246+0000] {processor.py:914} INFO - Processing file /opt/airflow/dags/scttion.py for tasks to queue
[2026-05-01T19:44:13.247+0000] {logging_mixin.py:190} INFO - [2026-05-01T19:44:13.246+0000] {dagbag.py:588} INFO - Filling up the DagBag from /opt/airflow/dags/scttion.py
[2026-05-01T19:44:13.260+0000] {processor.py:925} INFO - DAG(s) 'power_consumption_etl' retrieved from /opt/airflow/dags/scttion.py
[2026-05-01T19:44:13.381+0000] {logging_mixin.py:190} INFO - [2026-05-01T19:44:13.381+0000] {dag.py:3239} INFO - Sync 1 DAGs
[2026-05-01T19:44:13.404+0000] {logging_mixin.py:190} INFO - [2026-05-01T19:44:13.404+0000] {dag.py:4180} INFO - Setting next_dagrun for power_consumption_etl to 2026-05-01 00:00:00+00:00, run_after=2026-05-02 00:00:00+00:00
[2026-05-01T19:44:13.421+0000] {processor.py:208} INFO - Processing /opt/airflow/dags/scttion.py took 0.183 seconds
[2026-05-01T19:44:43.613+0000] {processor.py:186} INFO - Started process (PID=4155) to work on /opt/airflow/dags/scttion.py
[2026-05-01T19:44:43.613+0000] {processor.py:914} INFO - Processing file /opt/airflow/dags/scttion.py for tasks to queue
[2026-05-01T19:44:43.615+0000] {logging_mixin.py:190} INFO - [2026-05-01T19:44:43.615+0000] {dagbag.py:588} INFO - Filling up the DagBag from /opt/airflow/dags/scttion.py
[2026-05-01T19:44:43.632+0000] {processor.py:925} INFO - DAG(s) 'power_consumption_etl' retrieved from /opt/airflow/dags/scttion.py
[2026-05-01T19:44:43.664+0000] {logging_mixin.py:190} INFO - [2026-05-01T19:44:43.664+0000] {dag.py:3239} INFO - Sync 1 DAGs
[2026-05-01T19:44:43.698+0000] {logging_mixin.py:190} INFO - [2026-05-01T19:44:43.698+0000] {dag.py:4180} INFO - Setting next_dagrun for power_consumption_etl to 2026-05-01 00:00:00+00:00, run_after=2026-05-02 00:00:00+00:00
[2026-05-01T19:44:43.713+0000] {processor.py:208} INFO - Processing /opt/airflow/dags/scttion.py took 0.110 seconds
[2026-05-01T19:45:14.035+0000] {processor.py:186} INFO - Started process (PID=4171) to work on /opt/airflow/dags/scttion.py
[2026-05-01T19:45:14.036+0000] {processor.py:914} INFO - Processing file /opt/airflow/dags/scttion.py for tasks to queue
[2026-05-01T19:45:14.038+0000] {logging_mixin.py:190} INFO - [2026-05-01T19:45:14.037+0000] {dagbag.py:588} INFO - Filling up the DagBag from /opt/airflow/dags/scttion.py
[2026-05-01T19:45:14.049+0000] {processor.py:925} INFO - DAG(s) 'power_consumption_etl' retrieved from /opt/airflow/dags/scttion.py
[2026-05-01T19:45:14.166+0000] {logging_mixin.py:190} INFO - [2026-05-01T19:45:14.165+0000] {dag.py:3239} INFO - Sync 1 DAGs
[2026-05-01T19:45:14.190+0000] {logging_mixin.py:190} INFO - [2026-05-01T19:45:14.190+0000] {dag.py:4180} INFO - Setting next_dagrun for power_consumption_etl to 2026-05-01 00:00:00+00:00, run_after=2026-05-02 00:00:00+00:00
[2026-05-01T19:45:14.208+0000] {processor.py:208} INFO - Processing /opt/airflow/dags/scttion.py took 0.180 seconds
[2026-05-01T19:45:44.383+0000] {processor.py:186} INFO - Started process (PID=4187) to work on /opt/airflow/dags/scttion.py
[2026-05-01T19:45:44.384+0000] {processor.py:914} INFO - Processing file /opt/airflow/dags/scttion.py for tasks to queue
[2026-05-01T19:45:44.385+0000] {logging_mixin.py:190} INFO - [2026-05-01T19:45:44.385+0000] {dagbag.py:588} INFO - Filling up the DagBag from /opt/airflow/dags/scttion.py
[2026-05-01T19:45:44.403+0000] {processor.py:925} INFO - DAG(s) 'power_consumption_etl' retrieved from /opt/airflow/dags/scttion.py
[2026-05-01T19:45:44.428+0000] {logging_mixin.py:190} INFO - [2026-05-01T19:45:44.428+0000] {dag.py:3239} INFO - Sync 1 DAGs
[2026-05-01T19:45:44.456+0000] {logging_mixin.py:190} INFO - [2026-05-01T19:45:44.456+0000] {dag.py:4180} INFO - Setting next_dagrun for power_consumption_etl to 2026-05-01 00:00:00+00:00, run_after=2026-05-02 00:00:00+00:00
[2026-05-01T19:45:44.474+0000] {processor.py:208} INFO - Processing /opt/airflow/dags/scttion.py took 0.101 seconds
[2026-05-01T19:46:14.759+0000] {processor.py:186} INFO - Started process (PID=4203) to work on /opt/airflow/dags/scttion.py
[2026-05-01T19:46:14.760+0000] {processor.py:914} INFO - Processing file /opt/airflow/dags/scttion.py for tasks to queue
[2026-05-01T19:46:14.761+0000] {logging_mixin.py:190} INFO - [2026-05-01T19:46:14.761+0000] {dagbag.py:588} INFO - Filling up the DagBag from /opt/airflow/dags/scttion.py
[2026-05-01T19:46:14.775+0000] {processor.py:925} INFO - DAG(s) 'power_consumption_etl' retrieved from /opt/airflow/dags/scttion.py
[2026-05-01T19:46:14.906+0000] {logging_mixin.py:190} INFO - [2026-05-01T19:46:14.905+0000] {dag.py:3239} INFO - Sync 1 DAGs
[2026-05-01T19:46:14.929+0000] {logging_mixin.py:190} INFO - [2026-05-01T19:46:14.928+0000] {dag.py:4180} INFO - Setting next_dagrun for power_consumption_etl to 2026-05-01 00:00:00+00:00, run_after=2026-05-02 00:00:00+00:00
[2026-05-01T19:46:14.947+0000] {processor.py:208} INFO - Processing /opt/airflow/dags/scttion.py took 0.195 seconds
[2026-05-01T19:46:45.142+0000] {processor.py:186} INFO - Started process (PID=4220) to work on /opt/airflow/dags/scttion.py
[2026-05-01T19:46:45.143+0000] {processor.py:914} INFO - Processing file /opt/airflow/dags/scttion.py for tasks to queue
[2026-05-01T19:46:45.144+0000] {logging_mixin.py:190} INFO - [2026-05-01T19:46:45.144+0000] {dagbag.py:588} INFO - Filling up the DagBag from /opt/airflow/dags/scttion.py
[2026-05-01T19:46:45.156+0000] {processor.py:925} INFO - DAG(s) 'power_consumption_etl' retrieved from /opt/airflow/dags/scttion.py
[2026-05-01T19:46:45.179+0000] {logging_mixin.py:190} INFO - [2026-05-01T19:46:45.179+0000] {dag.py:3239} INFO - Sync 1 DAGs
[2026-05-01T19:46:45.203+0000] {logging_mixin.py:190} INFO - [2026-05-01T19:46:45.203+0000] {dag.py:4180} INFO - Setting next_dagrun for power_consumption_etl to 2026-05-01 00:00:00+00:00, run_after=2026-05-02 00:00:00+00:00
[2026-05-01T19:46:45.221+0000] {processor.py:208} INFO - Processing /opt/airflow/dags/scttion.py took 0.085 seconds
[2026-05-01T19:47:15.530+0000] {processor.py:186} INFO - Started process (PID=4236) to work on /opt/airflow/dags/scttion.py
[2026-05-01T19:47:15.531+0000] {processor.py:914} INFO - Processing file /opt/airflow/dags/scttion.py for tasks to queue
[2026-05-01T19:47:15.533+0000] {logging_mixin.py:190} INFO - [2026-05-01T19:47:15.532+0000] {dagbag.py:588} INFO - Filling up the DagBag from /opt/airflow/dags/scttion.py
[2026-05-01T19:47:15.547+0000] {processor.py:925} INFO - DAG(s) 'power_consumption_etl' retrieved from /opt/airflow/dags/scttion.py
[2026-05-01T19:47:15.676+0000] {logging_mixin.py:190} INFO - [2026-05-01T19:47:15.676+0000] {dag.py:3239} INFO - Sync 1 DAGs
[2026-05-01T19:47:15.699+0000] {logging_mixin.py:190} INFO - [2026-05-01T19:47:15.699+0000] {dag.py:4180} INFO - Setting next_dagrun for power_consumption_etl to 2026-05-01 00:00:00+00:00, run_after=2026-05-02 00:00:00+00:00
[2026-05-01T19:47:15.718+0000] {processor.py:208} INFO - Processing /opt/airflow/dags/scttion.py took 0.198 seconds
[2026-05-01T19:47:45.874+0000] {processor.py:186} INFO - Started process (PID=4252) to work on /opt/airflow/dags/scttion.py
[2026-05-01T19:47:45.874+0000] {processor.py:914} INFO - Processing file /opt/airflow/dags/scttion.py for tasks to queue
[2026-05-01T19:47:45.876+0000] {logging_mixin.py:190} INFO - [2026-05-01T19:47:45.875+0000] {dagbag.py:588} INFO - Filling up the DagBag from /opt/airflow/dags/scttion.py
[2026-05-01T19:47:45.888+0000] {processor.py:925} INFO - DAG(s) 'power_consumption_etl' retrieved from /opt/airflow/dags/scttion.py
[2026-05-01T19:47:45.915+0000] {logging_mixin.py:190} INFO - [2026-05-01T19:47:45.915+0000] {dag.py:3239} INFO - Sync 1 DAGs
[2026-05-01T19:47:45.949+0000] {logging_mixin.py:190} INFO - [2026-05-01T19:47:45.949+0000] {dag.py:4180} INFO - Setting next_dagrun for power_consumption_etl to 2026-05-01 00:00:00+00:00, run_after=2026-05-02 00:00:00+00:00
[2026-05-01T19:47:45.971+0000] {processor.py:208} INFO - Processing /opt/airflow/dags/scttion.py took 0.104 seconds
[2026-05-01T19:48:16.287+0000] {processor.py:186} INFO - Started process (PID=4268) to work on /opt/airflow/dags/scttion.py
[2026-05-01T19:48:16.289+0000] {processor.py:914} INFO - Processing file /opt/airflow/dags/scttion.py for tasks to queue
[2026-05-01T19:48:16.290+0000] {logging_mixin.py:190} INFO - [2026-05-01T19:48:16.290+0000] {dagbag.py:588} INFO - Filling up the DagBag from /opt/airflow/dags/scttion.py
[2026-05-01T19:48:16.304+0000] {processor.py:925} INFO - DAG(s) 'power_consumption_etl' retrieved from /opt/airflow/dags/scttion.py
[2026-05-01T19:48:16.442+0000] {logging_mixin.py:190} INFO - [2026-05-01T19:48:16.442+0000] {dag.py:3239} INFO - Sync 1 DAGs
[2026-05-01T19:48:16.467+0000] {logging_mixin.py:190} INFO - [2026-05-01T19:48:16.467+0000] {dag.py:4180} INFO - Setting next_dagrun for power_consumption_etl to 2026-05-01 00:00:00+00:00, run_after=2026-05-02 00:00:00+00:00
[2026-05-01T19:48:16.484+0000] {processor.py:208} INFO - Processing /opt/airflow/dags/scttion.py took 0.206 seconds
[2026-05-01T19:49:58.514+0000] {processor.py:186} INFO - Started process (PID=189) to work on /opt/airflow/dags/scttion.py
[2026-05-01T19:49:58.515+0000] {processor.py:914} INFO - Processing file /opt/airflow/dags/scttion.py for tasks to queue
[2026-05-01T19:49:58.517+0000] {logging_mixin.py:190} INFO - [2026-05-01T19:49:58.517+0000] {dagbag.py:588} INFO - Filling up the DagBag from /opt/airflow/dags/scttion.py
[2026-05-01T19:49:58.563+0000] {processor.py:925} INFO - DAG(s) 'power_consumption_etl' retrieved from /opt/airflow/dags/scttion.py
[2026-05-01T19:49:58.606+0000] {logging_mixin.py:190} INFO - [2026-05-01T19:49:58.605+0000] {dag.py:3239} INFO - Sync 1 DAGs
[2026-05-01T19:49:58.637+0000] {logging_mixin.py:190} INFO - [2026-05-01T19:49:58.636+0000] {dag.py:4180} INFO - Setting next_dagrun for power_consumption_etl to 2026-05-01 00:00:00+00:00, run_after=2026-05-02 00:00:00+00:00
[2026-05-01T19:49:58.661+0000] {processor.py:208} INFO - Processing /opt/airflow/dags/scttion.py took 0.156 seconds
[2026-05-01T19:50:28.881+0000] {processor.py:186} INFO - Started process (PID=202) to work on /opt/airflow/dags/scttion.py
[2026-05-01T19:50:28.881+0000] {processor.py:914} INFO - Processing file /opt/airflow/dags/scttion.py for tasks to queue
[2026-05-01T19:50:28.885+0000] {logging_mixin.py:190} INFO - [2026-05-01T19:50:28.884+0000] {dagbag.py:588} INFO - Filling up the DagBag from /opt/airflow/dags/scttion.py
[2026-05-01T19:50:28.900+0000] {processor.py:925} INFO - DAG(s) 'power_consumption_etl' retrieved from /opt/airflow/dags/scttion.py
[2026-05-01T19:50:29.020+0000] {logging_mixin.py:190} INFO - [2026-05-01T19:50:29.020+0000] {dag.py:3239} INFO - Sync 1 DAGs
[2026-05-01T19:50:29.044+0000] {logging_mixin.py:190} INFO - [2026-05-01T19:50:29.044+0000] {dag.py:4180} INFO - Setting next_dagrun for power_consumption_etl to 2026-05-01 00:00:00+00:00, run_after=2026-05-02 00:00:00+00:00
[2026-05-01T19:50:29.065+0000] {processor.py:208} INFO - Processing /opt/airflow/dags/scttion.py took 0.192 seconds
[2026-05-01T19:50:59.361+0000] {processor.py:186} INFO - Started process (PID=221) to work on /opt/airflow/dags/scttion.py
[2026-05-01T19:50:59.363+0000] {processor.py:914} INFO - Processing file /opt/airflow/dags/scttion.py for tasks to queue
[2026-05-01T19:50:59.365+0000] {logging_mixin.py:190} INFO - [2026-05-01T19:50:59.365+0000] {dagbag.py:588} INFO - Filling up the DagBag from /opt/airflow/dags/scttion.py
[2026-05-01T19:50:59.376+0000] {processor.py:925} INFO - DAG(s) 'power_consumption_etl' retrieved from /opt/airflow/dags/scttion.py
[2026-05-01T19:50:59.402+0000] {logging_mixin.py:190} INFO - [2026-05-01T19:50:59.402+0000] {dag.py:3239} INFO - Sync 1 DAGs
[2026-05-01T19:50:59.428+0000] {logging_mixin.py:190} INFO - [2026-05-01T19:50:59.427+0000] {dag.py:4180} INFO - Setting next_dagrun for power_consumption_etl to 2026-05-01 00:00:00+00:00, run_after=2026-05-02 00:00:00+00:00
[2026-05-01T19:50:59.444+0000] {processor.py:208} INFO - Processing /opt/airflow/dags/scttion.py took 0.089 seconds
[2026-05-01T19:51:29.744+0000] {processor.py:186} INFO - Started process (PID=237) to work on /opt/airflow/dags/scttion.py
[2026-05-01T19:51:29.745+0000] {processor.py:914} INFO - Processing file /opt/airflow/dags/scttion.py for tasks to queue
[2026-05-01T19:51:29.747+0000] {logging_mixin.py:190} INFO - [2026-05-01T19:51:29.747+0000] {dagbag.py:588} INFO - Filling up the DagBag from /opt/airflow/dags/scttion.py
[2026-05-01T19:51:29.758+0000] {processor.py:925} INFO - DAG(s) 'power_consumption_etl' retrieved from /opt/airflow/dags/scttion.py
[2026-05-01T19:51:29.884+0000] {logging_mixin.py:190} INFO - [2026-05-01T19:51:29.883+0000] {dag.py:3239} INFO - Sync 1 DAGs
[2026-05-01T19:51:29.907+0000] {logging_mixin.py:190} INFO - [2026-05-01T19:51:29.907+0000] {dag.py:4180} INFO - Setting next_dagrun for power_consumption_etl to 2026-05-01 00:00:00+00:00, run_after=2026-05-02 00:00:00+00:00
[2026-05-01T19:51:29.924+0000] {processor.py:208} INFO - Processing /opt/airflow/dags/scttion.py took 0.186 seconds
[2026-05-01T19:52:00.138+0000] {processor.py:186} INFO - Started process (PID=253) to work on /opt/airflow/dags/scttion.py
[2026-05-01T19:52:00.138+0000] {processor.py:914} INFO - Processing file /opt/airflow/dags/scttion.py for tasks to queue
[2026-05-01T19:52:00.140+0000] {logging_mixin.py:190} INFO - [2026-05-01T19:52:00.140+0000] {dagbag.py:588} INFO - Filling up the DagBag from /opt/airflow/dags/scttion.py
[2026-05-01T19:52:00.151+0000] {processor.py:925} INFO - DAG(s) 'power_consumption_etl' retrieved from /opt/airflow/dags/scttion.py
[2026-05-01T19:52:00.180+0000] {logging_mixin.py:190} INFO - [2026-05-01T19:52:00.180+0000] {dag.py:3239} INFO - Sync 1 DAGs
[2026-05-01T19:52:00.205+0000] {logging_mixin.py:190} INFO - [2026-05-01T19:52:00.205+0000] {dag.py:4180} INFO - Setting next_dagrun for power_consumption_etl to 2026-05-01 00:00:00+00:00, run_after=2026-05-02 00:00:00+00:00
[2026-05-01T19:52:00.222+0000] {processor.py:208} INFO - Processing /opt/airflow/dags/scttion.py took 0.090 seconds
[2026-05-01T19:52:30.491+0000] {processor.py:186} INFO - Started process (PID=275) to work on /opt/airflow/dags/scttion.py
[2026-05-01T19:52:30.492+0000] {processor.py:914} INFO - Processing file /opt/airflow/dags/scttion.py for tasks to queue
[2026-05-01T19:52:30.494+0000] {logging_mixin.py:190} INFO - [2026-05-01T19:52:30.493+0000] {dagbag.py:588} INFO - Filling up the DagBag from /opt/airflow/dags/scttion.py
[2026-05-01T19:52:30.508+0000] {processor.py:925} INFO - DAG(s) 'power_consumption_etl' retrieved from /opt/airflow/dags/scttion.py
[2026-05-01T19:52:30.651+0000] {logging_mixin.py:190} INFO - [2026-05-01T19:52:30.651+0000] {dag.py:3239} INFO - Sync 1 DAGs
[2026-05-01T19:52:30.675+0000] {logging_mixin.py:190} INFO - [2026-05-01T19:52:30.675+0000] {dag.py:4180} INFO - Setting next_dagrun for power_consumption_etl to 2026-05-01 00:00:00+00:00, run_after=2026-05-02 00:00:00+00:00
[2026-05-01T19:52:30.691+0000] {processor.py:208} INFO - Processing /opt/airflow/dags/scttion.py took 0.206 seconds
[2026-05-01T19:53:00.870+0000] {processor.py:186} INFO - Started process (PID=291) to work on /opt/airflow/dags/scttion.py
[2026-05-01T19:53:00.870+0000] {processor.py:914} INFO - Processing file /opt/airflow/dags/scttion.py for tasks to queue
[2026-05-01T19:53:00.873+0000] {logging_mixin.py:190} INFO - [2026-05-01T19:53:00.872+0000] {dagbag.py:588} INFO - Filling up the DagBag from /opt/airflow/dags/scttion.py
[2026-05-01T19:53:00.884+0000] {processor.py:925} INFO - DAG(s) 'power_consumption_etl' retrieved from /opt/airflow/dags/scttion.py
[2026-05-01T19:53:00.913+0000] {logging_mixin.py:190} INFO - [2026-05-01T19:53:00.912+0000] {dag.py:3239} INFO - Sync 1 DAGs
[2026-05-01T19:53:00.937+0000] {logging_mixin.py:190} INFO - [2026-05-01T19:53:00.937+0000] {dag.py:4180} INFO - Setting next_dagrun for power_consumption_etl to 2026-05-01 00:00:00+00:00, run_after=2026-05-02 00:00:00+00:00
[2026-05-01T19:53:00.954+0000] {processor.py:208} INFO - Processing /opt/airflow/dags/scttion.py took 0.090 seconds
[2026-05-01T19:53:31.187+0000] {processor.py:186} INFO - Started process (PID=309) to work on /opt/airflow/dags/scttion.py
[2026-05-01T19:53:31.187+0000] {processor.py:914} INFO - Processing file /opt/airflow/dags/scttion.py for tasks to queue
[2026-05-01T19:53:31.190+0000] {logging_mixin.py:190} INFO - [2026-05-01T19:53:31.190+0000] {dagbag.py:588} INFO - Filling up the DagBag from /opt/airflow/dags/scttion.py
[2026-05-01T19:53:31.203+0000] {processor.py:925} INFO - DAG(s) 'power_consumption_etl' retrieved from /opt/airflow/dags/scttion.py
[2026-05-01T19:53:31.398+0000] {logging_mixin.py:190} INFO - [2026-05-01T19:53:31.398+0000] {dag.py:3239} INFO - Sync 1 DAGs
[2026-05-01T19:53:31.433+0000] {logging_mixin.py:190} INFO - [2026-05-01T19:53:31.433+0000] {dag.py:4180} INFO - Setting next_dagrun for power_consumption_etl to 2026-05-01 00:00:00+00:00, run_after=2026-05-02 00:00:00+00:00
[2026-05-01T19:53:31.454+0000] {processor.py:208} INFO - Processing /opt/airflow/dags/scttion.py took 0.273 seconds
[2026-05-01T19:54:01.561+0000] {processor.py:186} INFO - Started process (PID=343) to work on /opt/airflow/dags/scttion.py
[2026-05-01T19:54:01.562+0000] {processor.py:914} INFO - Processing file /opt/airflow/dags/scttion.py for tasks to queue
[2026-05-01T19:54:01.564+0000] {logging_mixin.py:190} INFO - [2026-05-01T19:54:01.564+0000] {dagbag.py:588} INFO - Filling up the DagBag from /opt/airflow/dags/scttion.py
[2026-05-01T19:54:01.577+0000] {processor.py:925} INFO - DAG(s) 'power_consumption_etl' retrieved from /opt/airflow/dags/scttion.py
[2026-05-01T19:54:01.602+0000] {logging_mixin.py:190} INFO - [2026-05-01T19:54:01.602+0000] {dag.py:3239} INFO - Sync 1 DAGs
[2026-05-01T19:54:01.629+0000] {logging_mixin.py:190} INFO - [2026-05-01T19:54:01.629+0000] {dag.py:4180} INFO - Setting next_dagrun for power_consumption_etl to 2026-05-01 00:00:00+00:00, run_after=2026-05-02 00:00:00+00:00
[2026-05-01T19:54:01.647+0000] {processor.py:208} INFO - Processing /opt/airflow/dags/scttion.py took 0.093 seconds
[2026-05-01T19:54:31.953+0000] {processor.py:186} INFO - Started process (PID=359) to work on /opt/airflow/dags/scttion.py
[2026-05-01T19:54:31.955+0000] {processor.py:914} INFO - Processing file /opt/airflow/dags/scttion.py for tasks to queue
[2026-05-01T19:54:31.956+0000] {logging_mixin.py:190} INFO - [2026-05-01T19:54:31.956+0000] {dagbag.py:588} INFO - Filling up the DagBag from /opt/airflow/dags/scttion.py
[2026-05-01T19:54:31.969+0000] {processor.py:925} INFO - DAG(s) 'power_consumption_etl' retrieved from /opt/airflow/dags/scttion.py
[2026-05-01T19:54:32.101+0000] {logging_mixin.py:190} INFO - [2026-05-01T19:54:32.101+0000] {dag.py:3239} INFO - Sync 1 DAGs
[2026-05-01T19:54:32.122+0000] {logging_mixin.py:190} INFO - [2026-05-01T19:54:32.121+0000] {dag.py:4180} INFO - Setting next_dagrun for power_consumption_etl to 2026-05-01 00:00:00+00:00, run_after=2026-05-02 00:00:00+00:00
[2026-05-01T19:54:32.137+0000] {processor.py:208} INFO - Processing /opt/airflow/dags/scttion.py took 0.190 seconds
[2026-05-01T19:55:02.314+0000] {processor.py:186} INFO - Started process (PID=375) to work on /opt/airflow/dags/scttion.py
[2026-05-01T19:55:02.315+0000] {processor.py:914} INFO - Processing file /opt/airflow/dags/scttion.py for tasks to queue
[2026-05-01T19:55:02.317+0000] {logging_mixin.py:190} INFO - [2026-05-01T19:55:02.316+0000] {dagbag.py:588} INFO - Filling up the DagBag from /opt/airflow/dags/scttion.py
[2026-05-01T19:55:02.330+0000] {processor.py:925} INFO - DAG(s) 'power_consumption_etl' retrieved from /opt/airflow/dags/scttion.py
[2026-05-01T19:55:02.352+0000] {logging_mixin.py:190} INFO - [2026-05-01T19:55:02.352+0000] {dag.py:3239} INFO - Sync 1 DAGs
[2026-05-01T19:55:02.381+0000] {logging_mixin.py:190} INFO - [2026-05-01T19:55:02.381+0000] {dag.py:4180} INFO - Setting next_dagrun for power_consumption_etl to 2026-05-01 00:00:00+00:00, run_after=2026-05-02 00:00:00+00:00
[2026-05-01T19:55:02.397+0000] {processor.py:208} INFO - Processing /opt/airflow/dags/scttion.py took 0.089 seconds
[2026-05-01T19:55:32.810+0000] {processor.py:186} INFO - Started process (PID=403) to work on /opt/airflow/dags/scttion.py
[2026-05-01T19:55:32.810+0000] {processor.py:914} INFO - Processing file /opt/airflow/dags/scttion.py for tasks to queue
[2026-05-01T19:55:32.814+0000] {logging_mixin.py:190} INFO - [2026-05-01T19:55:32.813+0000] {dagbag.py:588} INFO - Filling up the DagBag from /opt/airflow/dags/scttion.py
[2026-05-01T19:55:32.828+0000] {processor.py:925} INFO - DAG(s) 'power_consumption_etl' retrieved from /opt/airflow/dags/scttion.py
[2026-05-01T19:55:32.988+0000] {logging_mixin.py:190} INFO - [2026-05-01T19:55:32.988+0000] {dag.py:3239} INFO - Sync 1 DAGs
[2026-05-01T19:55:33.152+0000] {logging_mixin.py:190} INFO - [2026-05-01T19:55:33.151+0000] {dag.py:4180} INFO - Setting next_dagrun for power_consumption_etl to 2026-05-01 00:00:00+00:00, run_after=2026-05-02 00:00:00+00:00
[2026-05-01T19:55:33.180+0000] {processor.py:208} INFO - Processing /opt/airflow/dags/scttion.py took 0.378 seconds
[2026-05-01T19:56:04.107+0000] {processor.py:186} INFO - Started process (PID=439) to work on /opt/airflow/dags/scttion.py
[2026-05-01T19:56:04.108+0000] {processor.py:914} INFO - Processing file /opt/airflow/dags/scttion.py for tasks to queue
[2026-05-01T19:56:04.110+0000] {logging_mixin.py:190} INFO - [2026-05-01T19:56:04.110+0000] {dagbag.py:588} INFO - Filling up the DagBag from /opt/airflow/dags/scttion.py
[2026-05-01T19:56:04.122+0000] {processor.py:925} INFO - DAG(s) 'power_consumption_etl' retrieved from /opt/airflow/dags/scttion.py
[2026-05-01T19:56:04.146+0000] {logging_mixin.py:190} INFO - [2026-05-01T19:56:04.146+0000] {dag.py:3239} INFO - Sync 1 DAGs
[2026-05-01T19:56:04.174+0000] {logging_mixin.py:190} INFO - [2026-05-01T19:56:04.174+0000] {dag.py:4180} INFO - Setting next_dagrun for power_consumption_etl to 2026-05-01 00:00:00+00:00, run_after=2026-05-02 00:00:00+00:00
[2026-05-01T19:56:04.191+0000] {processor.py:208} INFO - Processing /opt/airflow/dags/scttion.py took 0.090 seconds
[2026-05-01T19:57:55.944+0000] {processor.py:186} INFO - Started process (PID=189) to work on /opt/airflow/dags/scttion.py
[2026-05-01T19:57:55.945+0000] {processor.py:914} INFO - Processing file /opt/airflow/dags/scttion.py for tasks to queue
[2026-05-01T19:57:55.947+0000] {logging_mixin.py:190} INFO - [2026-05-01T19:57:55.947+0000] {dagbag.py:588} INFO - Filling up the DagBag from /opt/airflow/dags/scttion.py
[2026-05-01T19:57:55.982+0000] {processor.py:925} INFO - DAG(s) 'power_consumption_etl' retrieved from /opt/airflow/dags/scttion.py
[2026-05-01T19:57:56.325+0000] {logging_mixin.py:190} INFO - [2026-05-01T19:57:56.325+0000] {dag.py:3239} INFO - Sync 1 DAGs
[2026-05-01T19:57:56.346+0000] {logging_mixin.py:190} INFO - [2026-05-01T19:57:56.346+0000] {dag.py:4180} INFO - Setting next_dagrun for power_consumption_etl to 2026-05-01 00:00:00+00:00, run_after=2026-05-02 00:00:00+00:00
[2026-05-01T19:57:56.361+0000] {processor.py:208} INFO - Processing /opt/airflow/dags/scttion.py took 0.422 seconds
[2026-05-01T19:58:26.486+0000] {processor.py:186} INFO - Started process (PID=207) to work on /opt/airflow/dags/scttion.py
[2026-05-01T19:58:26.487+0000] {processor.py:914} INFO - Processing file /opt/airflow/dags/scttion.py for tasks to queue
[2026-05-01T19:58:26.489+0000] {logging_mixin.py:190} INFO - [2026-05-01T19:58:26.489+0000] {dagbag.py:588} INFO - Filling up the DagBag from /opt/airflow/dags/scttion.py
[2026-05-01T19:58:26.499+0000] {processor.py:925} INFO - DAG(s) 'power_consumption_etl' retrieved from /opt/airflow/dags/scttion.py
[2026-05-01T19:58:26.509+0000] {logging_mixin.py:190} INFO - [2026-05-01T19:58:26.509+0000] {dag.py:3239} INFO - Sync 1 DAGs
[2026-05-01T19:58:26.535+0000] {logging_mixin.py:190} INFO - [2026-05-01T19:58:26.534+0000] {dag.py:4180} INFO - Setting next_dagrun for power_consumption_etl to 2026-05-01 00:00:00+00:00, run_after=2026-05-02 00:00:00+00:00
[2026-05-01T19:58:26.551+0000] {processor.py:208} INFO - Processing /opt/airflow/dags/scttion.py took 0.070 seconds
[2026-05-01T19:58:56.779+0000] {processor.py:186} INFO - Started process (PID=221) to work on /opt/airflow/dags/scttion.py
[2026-05-01T19:58:56.781+0000] {processor.py:914} INFO - Processing file /opt/airflow/dags/scttion.py for tasks to queue
[2026-05-01T19:58:56.782+0000] {logging_mixin.py:190} INFO - [2026-05-01T19:58:56.782+0000] {dagbag.py:588} INFO - Filling up the DagBag from /opt/airflow/dags/scttion.py
[2026-05-01T19:58:56.792+0000] {processor.py:925} INFO - DAG(s) 'power_consumption_etl' retrieved from /opt/airflow/dags/scttion.py
[2026-05-01T19:58:56.911+0000] {logging_mixin.py:190} INFO - [2026-05-01T19:58:56.910+0000] {dag.py:3239} INFO - Sync 1 DAGs
[2026-05-01T19:58:56.938+0000] {logging_mixin.py:190} INFO - [2026-05-01T19:58:56.938+0000] {dag.py:4180} INFO - Setting next_dagrun for power_consumption_etl to 2026-05-01 00:00:00+00:00, run_after=2026-05-02 00:00:00+00:00
[2026-05-01T19:58:56.954+0000] {processor.py:208} INFO - Processing /opt/airflow/dags/scttion.py took 0.181 seconds
[2026-05-01T19:59:27.159+0000] {processor.py:186} INFO - Started process (PID=237) to work on /opt/airflow/dags/scttion.py
[2026-05-01T19:59:27.160+0000] {processor.py:914} INFO - Processing file /opt/airflow/dags/scttion.py for tasks to queue
[2026-05-01T19:59:27.163+0000] {logging_mixin.py:190} INFO - [2026-05-01T19:59:27.162+0000] {dagbag.py:588} INFO - Filling up the DagBag from /opt/airflow/dags/scttion.py
[2026-05-01T19:59:27.178+0000] {processor.py:925} INFO - DAG(s) 'power_consumption_etl' retrieved from /opt/airflow/dags/scttion.py
[2026-05-01T19:59:27.201+0000] {logging_mixin.py:190} INFO - [2026-05-01T19:59:27.200+0000] {dag.py:3239} INFO - Sync 1 DAGs
[2026-05-01T19:59:27.224+0000] {logging_mixin.py:190} INFO - [2026-05-01T19:59:27.224+0000] {dag.py:4180} INFO - Setting next_dagrun for power_consumption_etl to 2026-05-01 00:00:00+00:00, run_after=2026-05-02 00:00:00+00:00
[2026-05-01T19:59:27.243+0000] {processor.py:208} INFO - Processing /opt/airflow/dags/scttion.py took 0.095 seconds
[2026-05-01T19:59:57.576+0000] {processor.py:186} INFO - Started process (PID=253) to work on /opt/airflow/dags/scttion.py
[2026-05-01T19:59:57.577+0000] {processor.py:914} INFO - Processing file /opt/airflow/dags/scttion.py for tasks to queue
[2026-05-01T19:59:57.580+0000] {logging_mixin.py:190} INFO - [2026-05-01T19:59:57.579+0000] {dagbag.py:588} INFO - Filling up the DagBag from /opt/airflow/dags/scttion.py
[2026-05-01T19:59:57.596+0000] {processor.py:925} INFO - DAG(s) 'power_consumption_etl' retrieved from /opt/airflow/dags/scttion.py
[2026-05-01T19:59:57.715+0000] {logging_mixin.py:190} INFO - [2026-05-01T19:59:57.715+0000] {dag.py:3239} INFO - Sync 1 DAGs
[2026-05-01T19:59:57.736+0000] {logging_mixin.py:190} INFO - [2026-05-01T19:59:57.736+0000] {dag.py:4180} INFO - Setting next_dagrun for power_consumption_etl to 2026-05-01 00:00:00+00:00, run_after=2026-05-02 00:00:00+00:00
[2026-05-01T19:59:57.754+0000] {processor.py:208} INFO - Processing /opt/airflow/dags/scttion.py took 0.185 seconds
[2026-05-01T20:00:27.986+0000] {processor.py:186} INFO - Started process (PID=269) to work on /opt/airflow/dags/scttion.py
[2026-05-01T20:00:27.987+0000] {processor.py:914} INFO - Processing file /opt/airflow/dags/scttion.py for tasks to queue
[2026-05-01T20:00:27.990+0000] {logging_mixin.py:190} INFO - [2026-05-01T20:00:27.989+0000] {dagbag.py:588} INFO - Filling up the DagBag from /opt/airflow/dags/scttion.py
[2026-05-01T20:00:28.004+0000] {processor.py:925} INFO - DAG(s) 'power_consumption_etl' retrieved from /opt/airflow/dags/scttion.py
[2026-05-01T20:00:28.025+0000] {logging_mixin.py:190} INFO - [2026-05-01T20:00:28.025+0000] {dag.py:3239} INFO - Sync 1 DAGs
[2026-05-01T20:00:28.047+0000] {logging_mixin.py:190} INFO - [2026-05-01T20:00:28.047+0000] {dag.py:4180} INFO - Setting next_dagrun for power_consumption_etl to 2026-05-01 00:00:00+00:00, run_after=2026-05-02 00:00:00+00:00
[2026-05-01T20:00:28.062+0000] {processor.py:208} INFO - Processing /opt/airflow/dags/scttion.py took 0.090 seconds
[2026-05-01T20:00:58.370+0000] {processor.py:186} INFO - Started process (PID=285) to work on /opt/airflow/dags/scttion.py
[2026-05-01T20:00:58.371+0000] {processor.py:914} INFO - Processing file /opt/airflow/dags/scttion.py for tasks to queue
[2026-05-01T20:00:58.374+0000] {logging_mixin.py:190} INFO - [2026-05-01T20:00:58.374+0000] {dagbag.py:588} INFO - Filling up the DagBag from /opt/airflow/dags/scttion.py
[2026-05-01T20:00:58.389+0000] {processor.py:925} INFO - DAG(s) 'power_consumption_etl' retrieved from /opt/airflow/dags/scttion.py
[2026-05-01T20:00:58.506+0000] {logging_mixin.py:190} INFO - [2026-05-01T20:00:58.506+0000] {dag.py:3239} INFO - Sync 1 DAGs
[2026-05-01T20:00:58.535+0000] {logging_mixin.py:190} INFO - [2026-05-01T20:00:58.534+0000] {dag.py:4180} INFO - Setting next_dagrun for power_consumption_etl to 2026-05-01 00:00:00+00:00, run_after=2026-05-02 00:00:00+00:00
[2026-05-01T20:00:58.551+0000] {processor.py:208} INFO - Processing /opt/airflow/dags/scttion.py took 0.191 seconds
[2026-05-01T20:01:28.758+0000] {processor.py:186} INFO - Started process (PID=301) to work on /opt/airflow/dags/scttion.py
[2026-05-01T20:01:28.759+0000] {processor.py:914} INFO - Processing file /opt/airflow/dags/scttion.py for tasks to queue
[2026-05-01T20:01:28.762+0000] {logging_mixin.py:190} INFO - [2026-05-01T20:01:28.762+0000] {dagbag.py:588} INFO - Filling up the DagBag from /opt/airflow/dags/scttion.py
[2026-05-01T20:01:28.776+0000] {processor.py:925} INFO - DAG(s) 'power_consumption_etl' retrieved from /opt/airflow/dags/scttion.py
[2026-05-01T20:01:28.798+0000] {logging_mixin.py:190} INFO - [2026-05-01T20:01:28.798+0000] {dag.py:3239} INFO - Sync 1 DAGs
[2026-05-01T20:01:28.821+0000] {logging_mixin.py:190} INFO - [2026-05-01T20:01:28.821+0000] {dag.py:4180} INFO - Setting next_dagrun for power_consumption_etl to 2026-05-01 00:00:00+00:00, run_after=2026-05-02 00:00:00+00:00
[2026-05-01T20:01:28.837+0000] {processor.py:208} INFO - Processing /opt/airflow/dags/scttion.py took 0.089 seconds
[2026-05-01T20:01:59.142+0000] {processor.py:186} INFO - Started process (PID=317) to work on /opt/airflow/dags/scttion.py
[2026-05-01T20:01:59.143+0000] {processor.py:914} INFO - Processing file /opt/airflow/dags/scttion.py for tasks to queue
[2026-05-01T20:01:59.146+0000] {logging_mixin.py:190} INFO - [2026-05-01T20:01:59.146+0000] {dagbag.py:588} INFO - Filling up the DagBag from /opt/airflow/dags/scttion.py
[2026-05-01T20:01:59.158+0000] {processor.py:925} INFO - DAG(s) 'power_consumption_etl' retrieved from /opt/airflow/dags/scttion.py
[2026-05-01T20:01:59.282+0000] {logging_mixin.py:190} INFO - [2026-05-01T20:01:59.282+0000] {dag.py:3239} INFO - Sync 1 DAGs
[2026-05-01T20:01:59.303+0000] {logging_mixin.py:190} INFO - [2026-05-01T20:01:59.303+0000] {dag.py:4180} INFO - Setting next_dagrun for power_consumption_etl to 2026-05-01 00:00:00+00:00, run_after=2026-05-02 00:00:00+00:00
[2026-05-01T20:01:59.322+0000] {processor.py:208} INFO - Processing /opt/airflow/dags/scttion.py took 0.187 seconds
[2026-05-01T20:02:29.481+0000] {processor.py:186} INFO - Started process (PID=339) to work on /opt/airflow/dags/scttion.py
[2026-05-01T20:02:29.482+0000] {processor.py:914} INFO - Processing file /opt/airflow/dags/scttion.py for tasks to queue
[2026-05-01T20:02:29.483+0000] {logging_mixin.py:190} INFO - [2026-05-01T20:02:29.483+0000] {dagbag.py:588} INFO - Filling up the DagBag from /opt/airflow/dags/scttion.py
[2026-05-01T20:02:29.495+0000] {processor.py:925} INFO - DAG(s) 'power_consumption_etl' retrieved from /opt/airflow/dags/scttion.py
[2026-05-01T20:02:29.516+0000] {logging_mixin.py:190} INFO - [2026-05-01T20:02:29.516+0000] {dag.py:3239} INFO - Sync 1 DAGs
[2026-05-01T20:02:29.538+0000] {logging_mixin.py:190} INFO - [2026-05-01T20:02:29.538+0000] {dag.py:4180} INFO - Setting next_dagrun for power_consumption_etl to 2026-05-01 00:00:00+00:00, run_after=2026-05-02 00:00:00+00:00
[2026-05-01T20:02:29.554+0000] {processor.py:208} INFO - Processing /opt/airflow/dags/scttion.py took 0.079 seconds
[2026-05-01T20:02:59.853+0000] {processor.py:186} INFO - Started process (PID=355) to work on /opt/airflow/dags/scttion.py
[2026-05-01T20:02:59.854+0000] {processor.py:914} INFO - Processing file /opt/airflow/dags/scttion.py for tasks to queue
[2026-05-01T20:02:59.856+0000] {logging_mixin.py:190} INFO - [2026-05-01T20:02:59.856+0000] {dagbag.py:588} INFO - Filling up the DagBag from /opt/airflow/dags/scttion.py
[2026-05-01T20:02:59.871+0000] {processor.py:925} INFO - DAG(s) 'power_consumption_etl' retrieved from /opt/airflow/dags/scttion.py
[2026-05-01T20:02:59.991+0000] {logging_mixin.py:190} INFO - [2026-05-01T20:02:59.991+0000] {dag.py:3239} INFO - Sync 1 DAGs
[2026-05-01T20:03:00.014+0000] {logging_mixin.py:190} INFO - [2026-05-01T20:03:00.014+0000] {dag.py:4180} INFO - Setting next_dagrun for power_consumption_etl to 2026-05-01 00:00:00+00:00, run_after=2026-05-02 00:00:00+00:00
[2026-05-01T20:03:00.031+0000] {processor.py:208} INFO - Processing /opt/airflow/dags/scttion.py took 0.186 seconds
[2026-05-01T20:03:30.248+0000] {processor.py:186} INFO - Started process (PID=371) to work on /opt/airflow/dags/scttion.py
[2026-05-01T20:03:30.249+0000] {processor.py:914} INFO - Processing file /opt/airflow/dags/scttion.py for tasks to queue
[2026-05-01T20:03:30.252+0000] {logging_mixin.py:190} INFO - [2026-05-01T20:03:30.252+0000] {dagbag.py:588} INFO - Filling up the DagBag from /opt/airflow/dags/scttion.py
[2026-05-01T20:03:30.267+0000] {processor.py:925} INFO - DAG(s) 'power_consumption_etl' retrieved from /opt/airflow/dags/scttion.py
[2026-05-01T20:03:30.289+0000] {logging_mixin.py:190} INFO - [2026-05-01T20:03:30.289+0000] {dag.py:3239} INFO - Sync 1 DAGs
[2026-05-01T20:03:30.313+0000] {logging_mixin.py:190} INFO - [2026-05-01T20:03:30.313+0000] {dag.py:4180} INFO - Setting next_dagrun for power_consumption_etl to 2026-05-01 00:00:00+00:00, run_after=2026-05-02 00:00:00+00:00
[2026-05-01T20:03:30.330+0000] {processor.py:208} INFO - Processing /opt/airflow/dags/scttion.py took 0.090 seconds
[2026-05-01T20:04:00.647+0000] {processor.py:186} INFO - Started process (PID=387) to work on /opt/airflow/dags/scttion.py
[2026-05-01T20:04:00.647+0000] {processor.py:914} INFO - Processing file /opt/airflow/dags/scttion.py for tasks to queue
[2026-05-01T20:04:00.650+0000] {logging_mixin.py:190} INFO - [2026-05-01T20:04:00.650+0000] {dagbag.py:588} INFO - Filling up the DagBag from /opt/airflow/dags/scttion.py
[2026-05-01T20:04:00.665+0000] {processor.py:925} INFO - DAG(s) 'power_consumption_etl' retrieved from /opt/airflow/dags/scttion.py
[2026-05-01T20:04:00.782+0000] {logging_mixin.py:190} INFO - [2026-05-01T20:04:00.782+0000] {dag.py:3239} INFO - Sync 1 DAGs
[2026-05-01T20:04:00.910+0000] {logging_mixin.py:190} INFO - [2026-05-01T20:04:00.910+0000] {dag.py:4180} INFO - Setting next_dagrun for power_consumption_etl to 2026-05-01 00:00:00+00:00, run_after=2026-05-02 00:00:00+00:00
[2026-05-01T20:04:00.930+0000] {processor.py:208} INFO - Processing /opt/airflow/dags/scttion.py took 0.291 seconds
[2026-05-01T20:04:31.018+0000] {processor.py:186} INFO - Started process (PID=403) to work on /opt/airflow/dags/scttion.py
[2026-05-01T20:04:31.018+0000] {processor.py:914} INFO - Processing file /opt/airflow/dags/scttion.py for tasks to queue
[2026-05-01T20:04:31.021+0000] {logging_mixin.py:190} INFO - [2026-05-01T20:04:31.021+0000] {dagbag.py:588} INFO - Filling up the DagBag from /opt/airflow/dags/scttion.py
[2026-05-01T20:04:31.032+0000] {processor.py:925} INFO - DAG(s) 'power_consumption_etl' retrieved from /opt/airflow/dags/scttion.py
[2026-05-01T20:04:31.054+0000] {logging_mixin.py:190} INFO - [2026-05-01T20:04:31.054+0000] {dag.py:3239} INFO - Sync 1 DAGs
[2026-05-01T20:04:31.078+0000] {logging_mixin.py:190} INFO - [2026-05-01T20:04:31.078+0000] {dag.py:4180} INFO - Setting next_dagrun for power_consumption_etl to 2026-05-01 00:00:00+00:00, run_after=2026-05-02 00:00:00+00:00
[2026-05-01T20:04:31.095+0000] {processor.py:208} INFO - Processing /opt/airflow/dags/scttion.py took 0.084 seconds
[2026-05-01T20:05:01.386+0000] {processor.py:186} INFO - Started process (PID=419) to work on /opt/airflow/dags/scttion.py
[2026-05-01T20:05:01.387+0000] {processor.py:914} INFO - Processing file /opt/airflow/dags/scttion.py for tasks to queue
[2026-05-01T20:05:01.389+0000] {logging_mixin.py:190} INFO - [2026-05-01T20:05:01.389+0000] {dagbag.py:588} INFO - Filling up the DagBag from /opt/airflow/dags/scttion.py
[2026-05-01T20:05:01.401+0000] {processor.py:925} INFO - DAG(s) 'power_consumption_etl' retrieved from /opt/airflow/dags/scttion.py
[2026-05-01T20:05:01.517+0000] {logging_mixin.py:190} INFO - [2026-05-01T20:05:01.517+0000] {dag.py:3239} INFO - Sync 1 DAGs
[2026-05-01T20:05:01.540+0000] {logging_mixin.py:190} INFO - [2026-05-01T20:05:01.539+0000] {dag.py:4180} INFO - Setting next_dagrun for power_consumption_etl to 2026-05-01 00:00:00+00:00, run_after=2026-05-02 00:00:00+00:00
[2026-05-01T20:05:01.554+0000] {processor.py:208} INFO - Processing /opt/airflow/dags/scttion.py took 0.174 seconds
[2026-05-01T20:05:31.765+0000] {processor.py:186} INFO - Started process (PID=435) to work on /opt/airflow/dags/scttion.py
[2026-05-01T20:05:31.766+0000] {processor.py:914} INFO - Processing file /opt/airflow/dags/scttion.py for tasks to queue
[2026-05-01T20:05:31.769+0000] {logging_mixin.py:190} INFO - [2026-05-01T20:05:31.769+0000] {dagbag.py:588} INFO - Filling up the DagBag from /opt/airflow/dags/scttion.py
[2026-05-01T20:05:31.780+0000] {processor.py:925} INFO - DAG(s) 'power_consumption_etl' retrieved from /opt/airflow/dags/scttion.py
[2026-05-01T20:05:31.803+0000] {logging_mixin.py:190} INFO - [2026-05-01T20:05:31.803+0000] {dag.py:3239} INFO - Sync 1 DAGs
[2026-05-01T20:05:31.826+0000] {logging_mixin.py:190} INFO - [2026-05-01T20:05:31.826+0000] {dag.py:4180} INFO - Setting next_dagrun for power_consumption_etl to 2026-05-01 00:00:00+00:00, run_after=2026-05-02 00:00:00+00:00
[2026-05-01T20:05:31.842+0000] {processor.py:208} INFO - Processing /opt/airflow/dags/scttion.py took 0.084 seconds
[2026-05-01T20:06:02.113+0000] {processor.py:186} INFO - Started process (PID=451) to work on /opt/airflow/dags/scttion.py
[2026-05-01T20:06:02.114+0000] {processor.py:914} INFO - Processing file /opt/airflow/dags/scttion.py for tasks to queue
[2026-05-01T20:06:02.117+0000] {logging_mixin.py:190} INFO - [2026-05-01T20:06:02.116+0000] {dagbag.py:588} INFO - Filling up the DagBag from /opt/airflow/dags/scttion.py
[2026-05-01T20:06:02.132+0000] {processor.py:925} INFO - DAG(s) 'power_consumption_etl' retrieved from /opt/airflow/dags/scttion.py
[2026-05-01T20:06:02.250+0000] {logging_mixin.py:190} INFO - [2026-05-01T20:06:02.249+0000] {dag.py:3239} INFO - Sync 1 DAGs
[2026-05-01T20:06:02.271+0000] {logging_mixin.py:190} INFO - [2026-05-01T20:06:02.271+0000] {dag.py:4180} INFO - Setting next_dagrun for power_consumption_etl to 2026-05-01 00:00:00+00:00, run_after=2026-05-02 00:00:00+00:00
[2026-05-01T20:06:02.392+0000] {processor.py:208} INFO - Processing /opt/airflow/dags/scttion.py took 0.288 seconds
[2026-05-01T20:06:32.460+0000] {processor.py:186} INFO - Started process (PID=467) to work on /opt/airflow/dags/scttion.py
[2026-05-01T20:06:32.461+0000] {processor.py:914} INFO - Processing file /opt/airflow/dags/scttion.py for tasks to queue
[2026-05-01T20:06:32.463+0000] {logging_mixin.py:190} INFO - [2026-05-01T20:06:32.462+0000] {dagbag.py:588} INFO - Filling up the DagBag from /opt/airflow/dags/scttion.py
[2026-05-01T20:06:32.473+0000] {processor.py:925} INFO - DAG(s) 'power_consumption_etl' retrieved from /opt/airflow/dags/scttion.py
[2026-05-01T20:06:32.499+0000] {logging_mixin.py:190} INFO - [2026-05-01T20:06:32.498+0000] {dag.py:3239} INFO - Sync 1 DAGs
[2026-05-01T20:06:32.524+0000] {logging_mixin.py:190} INFO - [2026-05-01T20:06:32.523+0000] {dag.py:4180} INFO - Setting next_dagrun for power_consumption_etl to 2026-05-01 00:00:00+00:00, run_after=2026-05-02 00:00:00+00:00
[2026-05-01T20:06:32.541+0000] {processor.py:208} INFO - Processing /opt/airflow/dags/scttion.py took 0.086 seconds
[2026-05-01T20:07:02.849+0000] {processor.py:186} INFO - Started process (PID=483) to work on /opt/airflow/dags/scttion.py
[2026-05-01T20:07:02.850+0000] {processor.py:914} INFO - Processing file /opt/airflow/dags/scttion.py for tasks to queue
[2026-05-01T20:07:02.853+0000] {logging_mixin.py:190} INFO - [2026-05-01T20:07:02.852+0000] {dagbag.py:588} INFO - Filling up the DagBag from /opt/airflow/dags/scttion.py
[2026-05-01T20:07:02.867+0000] {processor.py:925} INFO - DAG(s) 'power_consumption_etl' retrieved from /opt/airflow/dags/scttion.py
[2026-05-01T20:07:02.991+0000] {logging_mixin.py:190} INFO - [2026-05-01T20:07:02.990+0000] {dag.py:3239} INFO - Sync 1 DAGs
[2026-05-01T20:07:03.116+0000] {logging_mixin.py:190} INFO - [2026-05-01T20:07:03.116+0000] {dag.py:4180} INFO - Setting next_dagrun for power_consumption_etl to 2026-05-01 00:00:00+00:00, run_after=2026-05-02 00:00:00+00:00
[2026-05-01T20:07:03.136+0000] {processor.py:208} INFO - Processing /opt/airflow/dags/scttion.py took 0.295 seconds
[2026-05-01T20:07:33.245+0000] {processor.py:186} INFO - Started process (PID=499) to work on /opt/airflow/dags/scttion.py
[2026-05-01T20:07:33.246+0000] {processor.py:914} INFO - Processing file /opt/airflow/dags/scttion.py for tasks to queue
[2026-05-01T20:07:33.248+0000] {logging_mixin.py:190} INFO - [2026-05-01T20:07:33.248+0000] {dagbag.py:588} INFO - Filling up the DagBag from /opt/airflow/dags/scttion.py
[2026-05-01T20:07:33.264+0000] {processor.py:925} INFO - DAG(s) 'power_consumption_etl' retrieved from /opt/airflow/dags/scttion.py
[2026-05-01T20:07:33.290+0000] {logging_mixin.py:190} INFO - [2026-05-01T20:07:33.289+0000] {dag.py:3239} INFO - Sync 1 DAGs
[2026-05-01T20:07:33.318+0000] {logging_mixin.py:190} INFO - [2026-05-01T20:07:33.318+0000] {dag.py:4180} INFO - Setting next_dagrun for power_consumption_etl to 2026-05-01 00:00:00+00:00, run_after=2026-05-02 00:00:00+00:00
[2026-05-01T20:07:33.333+0000] {processor.py:208} INFO - Processing /opt/airflow/dags/scttion.py took 0.096 seconds
[2026-05-01T20:08:03.671+0000] {processor.py:186} INFO - Started process (PID=515) to work on /opt/airflow/dags/scttion.py
[2026-05-01T20:08:03.672+0000] {processor.py:914} INFO - Processing file /opt/airflow/dags/scttion.py for tasks to queue
[2026-05-01T20:08:03.675+0000] {logging_mixin.py:190} INFO - [2026-05-01T20:08:03.675+0000] {dagbag.py:588} INFO - Filling up the DagBag from /opt/airflow/dags/scttion.py
[2026-05-01T20:08:03.689+0000] {processor.py:925} INFO - DAG(s) 'power_consumption_etl' retrieved from /opt/airflow/dags/scttion.py
[2026-05-01T20:08:03.805+0000] {logging_mixin.py:190} INFO - [2026-05-01T20:08:03.805+0000] {dag.py:3239} INFO - Sync 1 DAGs
[2026-05-01T20:08:03.826+0000] {logging_mixin.py:190} INFO - [2026-05-01T20:08:03.826+0000] {dag.py:4180} INFO - Setting next_dagrun for power_consumption_etl to 2026-05-01 00:00:00+00:00, run_after=2026-05-02 00:00:00+00:00
[2026-05-01T20:08:03.842+0000] {processor.py:208} INFO - Processing /opt/airflow/dags/scttion.py took 0.179 seconds
[2026-05-01T20:08:34.031+0000] {processor.py:186} INFO - Started process (PID=531) to work on /opt/airflow/dags/scttion.py
[2026-05-01T20:08:34.031+0000] {processor.py:914} INFO - Processing file /opt/airflow/dags/scttion.py for tasks to queue
[2026-05-01T20:08:34.033+0000] {logging_mixin.py:190} INFO - [2026-05-01T20:08:34.033+0000] {dagbag.py:588} INFO - Filling up the DagBag from /opt/airflow/dags/scttion.py
[2026-05-01T20:08:34.044+0000] {processor.py:925} INFO - DAG(s) 'power_consumption_etl' retrieved from /opt/airflow/dags/scttion.py
[2026-05-01T20:08:34.065+0000] {logging_mixin.py:190} INFO - [2026-05-01T20:08:34.065+0000] {dag.py:3239} INFO - Sync 1 DAGs
[2026-05-01T20:08:34.089+0000] {logging_mixin.py:190} INFO - [2026-05-01T20:08:34.089+0000] {dag.py:4180} INFO - Setting next_dagrun for power_consumption_etl to 2026-05-01 00:00:00+00:00, run_after=2026-05-02 00:00:00+00:00
[2026-05-01T20:08:34.106+0000] {processor.py:208} INFO - Processing /opt/airflow/dags/scttion.py took 0.080 seconds
[2026-05-01T20:09:04.372+0000] {processor.py:186} INFO - Started process (PID=547) to work on /opt/airflow/dags/scttion.py
[2026-05-01T20:09:04.376+0000] {processor.py:914} INFO - Processing file /opt/airflow/dags/scttion.py for tasks to queue
[2026-05-01T20:09:04.378+0000] {logging_mixin.py:190} INFO - [2026-05-01T20:09:04.378+0000] {dagbag.py:588} INFO - Filling up the DagBag from /opt/airflow/dags/scttion.py
[2026-05-01T20:09:04.389+0000] {processor.py:925} INFO - DAG(s) 'power_consumption_etl' retrieved from /opt/airflow/dags/scttion.py
[2026-05-01T20:09:04.513+0000] {logging_mixin.py:190} INFO - [2026-05-01T20:09:04.513+0000] {dag.py:3239} INFO - Sync 1 DAGs
[2026-05-01T20:09:04.536+0000] {logging_mixin.py:190} INFO - [2026-05-01T20:09:04.536+0000] {dag.py:4180} INFO - Setting next_dagrun for power_consumption_etl to 2026-05-01 00:00:00+00:00, run_after=2026-05-02 00:00:00+00:00
[2026-05-01T20:09:04.660+0000] {processor.py:208} INFO - Processing /opt/airflow/dags/scttion.py took 0.295 seconds
[2026-05-01T20:09:34.765+0000] {processor.py:186} INFO - Started process (PID=563) to work on /opt/airflow/dags/scttion.py
[2026-05-01T20:09:34.766+0000] {processor.py:914} INFO - Processing file /opt/airflow/dags/scttion.py for tasks to queue
[2026-05-01T20:09:34.767+0000] {logging_mixin.py:190} INFO - [2026-05-01T20:09:34.767+0000] {dagbag.py:588} INFO - Filling up the DagBag from /opt/airflow/dags/scttion.py
[2026-05-01T20:09:34.778+0000] {processor.py:925} INFO - DAG(s) 'power_consumption_etl' retrieved from /opt/airflow/dags/scttion.py
[2026-05-01T20:09:34.804+0000] {logging_mixin.py:190} INFO - [2026-05-01T20:09:34.803+0000] {dag.py:3239} INFO - Sync 1 DAGs
[2026-05-01T20:09:34.829+0000] {logging_mixin.py:190} INFO - [2026-05-01T20:09:34.829+0000] {dag.py:4180} INFO - Setting next_dagrun for power_consumption_etl to 2026-05-01 00:00:00+00:00, run_after=2026-05-02 00:00:00+00:00
[2026-05-01T20:09:34.845+0000] {processor.py:208} INFO - Processing /opt/airflow/dags/scttion.py took 0.085 seconds
[2026-05-01T20:10:05.134+0000] {processor.py:186} INFO - Started process (PID=578) to work on /opt/airflow/dags/scttion.py
[2026-05-01T20:10:05.135+0000] {processor.py:914} INFO - Processing file /opt/airflow/dags/scttion.py for tasks to queue
[2026-05-01T20:10:05.137+0000] {logging_mixin.py:190} INFO - [2026-05-01T20:10:05.137+0000] {dagbag.py:588} INFO - Filling up the DagBag from /opt/airflow/dags/scttion.py
[2026-05-01T20:10:05.147+0000] {processor.py:925} INFO - DAG(s) 'power_consumption_etl' retrieved from /opt/airflow/dags/scttion.py
[2026-05-01T20:10:05.271+0000] {logging_mixin.py:190} INFO - [2026-05-01T20:10:05.271+0000] {dag.py:3239} INFO - Sync 1 DAGs
[2026-05-01T20:10:05.401+0000] {logging_mixin.py:190} INFO - [2026-05-01T20:10:05.400+0000] {dag.py:4180} INFO - Setting next_dagrun for power_consumption_etl to 2026-05-01 00:00:00+00:00, run_after=2026-05-02 00:00:00+00:00
[2026-05-01T20:10:05.423+0000] {processor.py:208} INFO - Processing /opt/airflow/dags/scttion.py took 0.295 seconds
[2026-05-01T20:10:35.459+0000] {processor.py:186} INFO - Started process (PID=594) to work on /opt/airflow/dags/scttion.py
[2026-05-01T20:10:35.459+0000] {processor.py:914} INFO - Processing file /opt/airflow/dags/scttion.py for tasks to queue
[2026-05-01T20:10:35.461+0000] {logging_mixin.py:190} INFO - [2026-05-01T20:10:35.461+0000] {dagbag.py:588} INFO - Filling up the DagBag from /opt/airflow/dags/scttion.py
[2026-05-01T20:10:35.474+0000] {processor.py:925} INFO - DAG(s) 'power_consumption_etl' retrieved from /opt/airflow/dags/scttion.py
[2026-05-01T20:10:35.508+0000] {logging_mixin.py:190} INFO - [2026-05-01T20:10:35.507+0000] {dag.py:3239} INFO - Sync 1 DAGs
[2026-05-01T20:10:35.539+0000] {logging_mixin.py:190} INFO - [2026-05-01T20:10:35.539+0000] {dag.py:4180} INFO - Setting next_dagrun for power_consumption_etl to 2026-05-01 00:00:00+00:00, run_after=2026-05-02 00:00:00+00:00
[2026-05-01T20:10:35.556+0000] {processor.py:208} INFO - Processing /opt/airflow/dags/scttion.py took 0.103 seconds
[2026-05-01T20:11:05.827+0000] {processor.py:186} INFO - Started process (PID=610) to work on /opt/airflow/dags/scttion.py
[2026-05-01T20:11:05.828+0000] {processor.py:914} INFO - Processing file /opt/airflow/dags/scttion.py for tasks to queue
[2026-05-01T20:11:05.831+0000] {logging_mixin.py:190} INFO - [2026-05-01T20:11:05.830+0000] {dagbag.py:588} INFO - Filling up the DagBag from /opt/airflow/dags/scttion.py
[2026-05-01T20:11:05.846+0000] {processor.py:925} INFO - DAG(s) 'power_consumption_etl' retrieved from /opt/airflow/dags/scttion.py
[2026-05-01T20:11:05.974+0000] {logging_mixin.py:190} INFO - [2026-05-01T20:11:05.974+0000] {dag.py:3239} INFO - Sync 1 DAGs
[2026-05-01T20:11:06.001+0000] {logging_mixin.py:190} INFO - [2026-05-01T20:11:06.000+0000] {dag.py:4180} INFO - Setting next_dagrun for power_consumption_etl to 2026-05-01 00:00:00+00:00, run_after=2026-05-02 00:00:00+00:00
[2026-05-01T20:11:06.017+0000] {processor.py:208} INFO - Processing /opt/airflow/dags/scttion.py took 0.200 seconds
[2026-05-01T20:12:51.499+0000] {processor.py:186} INFO - Started process (PID=189) to work on /opt/airflow/dags/scttion.py
[2026-05-01T20:12:51.500+0000] {processor.py:914} INFO - Processing file /opt/airflow/dags/scttion.py for tasks to queue
[2026-05-01T20:12:51.502+0000] {logging_mixin.py:190} INFO - [2026-05-01T20:12:51.502+0000] {dagbag.py:588} INFO - Filling up the DagBag from /opt/airflow/dags/scttion.py
[2026-05-01T20:12:51.535+0000] {processor.py:925} INFO - DAG(s) 'power_consumption_etl' retrieved from /opt/airflow/dags/scttion.py
[2026-05-01T20:12:51.586+0000] {logging_mixin.py:190} INFO - [2026-05-01T20:12:51.585+0000] {dag.py:3239} INFO - Sync 1 DAGs
[2026-05-01T20:12:51.617+0000] {logging_mixin.py:190} INFO - [2026-05-01T20:12:51.617+0000] {dag.py:4180} INFO - Setting next_dagrun for power_consumption_etl to 2026-05-01 00:00:00+00:00, run_after=2026-05-02 00:00:00+00:00
[2026-05-01T20:12:51.641+0000] {processor.py:208} INFO - Processing /opt/airflow/dags/scttion.py took 0.150 seconds
[2026-05-01T20:13:21.836+0000] {processor.py:186} INFO - Started process (PID=202) to work on /opt/airflow/dags/scttion.py
[2026-05-01T20:13:21.842+0000] {processor.py:914} INFO - Processing file /opt/airflow/dags/scttion.py for tasks to queue
[2026-05-01T20:13:21.845+0000] {logging_mixin.py:190} INFO - [2026-05-01T20:13:21.844+0000] {dagbag.py:588} INFO - Filling up the DagBag from /opt/airflow/dags/scttion.py
[2026-05-01T20:13:21.855+0000] {processor.py:925} INFO - DAG(s) 'power_consumption_etl' retrieved from /opt/airflow/dags/scttion.py
[2026-05-01T20:13:21.988+0000] {logging_mixin.py:190} INFO - [2026-05-01T20:13:21.988+0000] {dag.py:3239} INFO - Sync 1 DAGs
[2026-05-01T20:13:22.015+0000] {logging_mixin.py:190} INFO - [2026-05-01T20:13:22.015+0000] {dag.py:4180} INFO - Setting next_dagrun for power_consumption_etl to 2026-05-01 00:00:00+00:00, run_after=2026-05-02 00:00:00+00:00
[2026-05-01T20:13:22.038+0000] {processor.py:208} INFO - Processing /opt/airflow/dags/scttion.py took 0.208 seconds
[2026-05-01T20:13:52.324+0000] {processor.py:186} INFO - Started process (PID=221) to work on /opt/airflow/dags/scttion.py
[2026-05-01T20:13:52.324+0000] {processor.py:914} INFO - Processing file /opt/airflow/dags/scttion.py for tasks to queue
[2026-05-01T20:13:52.326+0000] {logging_mixin.py:190} INFO - [2026-05-01T20:13:52.326+0000] {dagbag.py:588} INFO - Filling up the DagBag from /opt/airflow/dags/scttion.py
[2026-05-01T20:13:52.338+0000] {processor.py:925} INFO - DAG(s) 'power_consumption_etl' retrieved from /opt/airflow/dags/scttion.py
[2026-05-01T20:13:52.363+0000] {logging_mixin.py:190} INFO - [2026-05-01T20:13:52.363+0000] {dag.py:3239} INFO - Sync 1 DAGs
[2026-05-01T20:13:52.387+0000] {logging_mixin.py:190} INFO - [2026-05-01T20:13:52.386+0000] {dag.py:4180} INFO - Setting next_dagrun for power_consumption_etl to 2026-05-01 00:00:00+00:00, run_after=2026-05-02 00:00:00+00:00
[2026-05-01T20:13:52.403+0000] {processor.py:208} INFO - Processing /opt/airflow/dags/scttion.py took 0.086 seconds
[2026-05-01T20:14:22.687+0000] {processor.py:186} INFO - Started process (PID=259) to work on /opt/airflow/dags/scttion.py
[2026-05-01T20:14:22.687+0000] {processor.py:914} INFO - Processing file /opt/airflow/dags/scttion.py for tasks to queue
[2026-05-01T20:14:22.690+0000] {logging_mixin.py:190} INFO - [2026-05-01T20:14:22.690+0000] {dagbag.py:588} INFO - Filling up the DagBag from /opt/airflow/dags/scttion.py
[2026-05-01T20:14:22.706+0000] {processor.py:925} INFO - DAG(s) 'power_consumption_etl' retrieved from /opt/airflow/dags/scttion.py
[2026-05-01T20:14:22.842+0000] {logging_mixin.py:190} INFO - [2026-05-01T20:14:22.842+0000] {dag.py:3239} INFO - Sync 1 DAGs
[2026-05-01T20:14:22.866+0000] {logging_mixin.py:190} INFO - [2026-05-01T20:14:22.865+0000] {dag.py:4180} INFO - Setting next_dagrun for power_consumption_etl to 2026-05-01 00:00:00+00:00, run_after=2026-05-02 00:00:00+00:00
[2026-05-01T20:14:22.883+0000] {processor.py:208} INFO - Processing /opt/airflow/dags/scttion.py took 0.203 seconds
[2026-05-01T20:14:53.053+0000] {processor.py:186} INFO - Started process (PID=275) to work on /opt/airflow/dags/scttion.py
[2026-05-01T20:14:53.054+0000] {processor.py:914} INFO - Processing file /opt/airflow/dags/scttion.py for tasks to queue
[2026-05-01T20:14:53.056+0000] {logging_mixin.py:190} INFO - [2026-05-01T20:14:53.056+0000] {dagbag.py:588} INFO - Filling up the DagBag from /opt/airflow/dags/scttion.py
[2026-05-01T20:14:53.069+0000] {processor.py:925} INFO - DAG(s) 'power_consumption_etl' retrieved from /opt/airflow/dags/scttion.py
[2026-05-01T20:14:53.093+0000] {logging_mixin.py:190} INFO - [2026-05-01T20:14:53.092+0000] {dag.py:3239} INFO - Sync 1 DAGs
[2026-05-01T20:14:53.123+0000] {logging_mixin.py:190} INFO - [2026-05-01T20:14:53.123+0000] {dag.py:4180} INFO - Setting next_dagrun for power_consumption_etl to 2026-05-01 00:00:00+00:00, run_after=2026-05-02 00:00:00+00:00
[2026-05-01T20:14:53.141+0000] {processor.py:208} INFO - Processing /opt/airflow/dags/scttion.py took 0.096 seconds
[2026-05-01T20:15:23.411+0000] {processor.py:186} INFO - Started process (PID=291) to work on /opt/airflow/dags/scttion.py
[2026-05-01T20:15:23.412+0000] {processor.py:914} INFO - Processing file /opt/airflow/dags/scttion.py for tasks to queue
[2026-05-01T20:15:23.414+0000] {logging_mixin.py:190} INFO - [2026-05-01T20:15:23.413+0000] {dagbag.py:588} INFO - Filling up the DagBag from /opt/airflow/dags/scttion.py
[2026-05-01T20:15:23.425+0000] {processor.py:925} INFO - DAG(s) 'power_consumption_etl' retrieved from /opt/airflow/dags/scttion.py
[2026-05-01T20:15:23.561+0000] {logging_mixin.py:190} INFO - [2026-05-01T20:15:23.561+0000] {dag.py:3239} INFO - Sync 1 DAGs
[2026-05-01T20:15:23.586+0000] {logging_mixin.py:190} INFO - [2026-05-01T20:15:23.586+0000] {dag.py:4180} INFO - Setting next_dagrun for power_consumption_etl to 2026-05-01 00:00:00+00:00, run_after=2026-05-02 00:00:00+00:00
[2026-05-01T20:15:23.605+0000] {processor.py:208} INFO - Processing /opt/airflow/dags/scttion.py took 0.201 seconds
[2026-05-01T20:15:53.775+0000] {processor.py:186} INFO - Started process (PID=307) to work on /opt/airflow/dags/scttion.py
[2026-05-01T20:15:53.776+0000] {processor.py:914} INFO - Processing file /opt/airflow/dags/scttion.py for tasks to queue
[2026-05-01T20:15:53.779+0000] {logging_mixin.py:190} INFO - [2026-05-01T20:15:53.779+0000] {dagbag.py:588} INFO - Filling up the DagBag from /opt/airflow/dags/scttion.py
[2026-05-01T20:15:53.796+0000] {processor.py:925} INFO - DAG(s) 'power_consumption_etl' retrieved from /opt/airflow/dags/scttion.py
[2026-05-01T20:15:53.820+0000] {logging_mixin.py:190} INFO - [2026-05-01T20:15:53.819+0000] {dag.py:3239} INFO - Sync 1 DAGs
[2026-05-01T20:15:53.845+0000] {logging_mixin.py:190} INFO - [2026-05-01T20:15:53.845+0000] {dag.py:4180} INFO - Setting next_dagrun for power_consumption_etl to 2026-05-01 00:00:00+00:00, run_after=2026-05-02 00:00:00+00:00
[2026-05-01T20:15:53.865+0000] {processor.py:208} INFO - Processing /opt/airflow/dags/scttion.py took 0.099 seconds
[2026-05-01T20:17:28.508+0000] {processor.py:186} INFO - Started process (PID=189) to work on /opt/airflow/dags/scttion.py
[2026-05-01T20:17:28.509+0000] {processor.py:914} INFO - Processing file /opt/airflow/dags/scttion.py for tasks to queue
[2026-05-01T20:17:28.511+0000] {logging_mixin.py:190} INFO - [2026-05-01T20:17:28.511+0000] {dagbag.py:588} INFO - Filling up the DagBag from /opt/airflow/dags/scttion.py
[2026-05-01T20:17:28.546+0000] {processor.py:925} INFO - DAG(s) 'power_consumption_etl' retrieved from /opt/airflow/dags/scttion.py
[2026-05-01T20:17:28.890+0000] {logging_mixin.py:190} INFO - [2026-05-01T20:17:28.890+0000] {dag.py:3239} INFO - Sync 1 DAGs
[2026-05-01T20:17:28.913+0000] {logging_mixin.py:190} INFO - [2026-05-01T20:17:28.913+0000] {dag.py:4180} INFO - Setting next_dagrun for power_consumption_etl to 2026-05-01 00:00:00+00:00, run_after=2026-05-02 00:00:00+00:00
[2026-05-01T20:17:28.930+0000] {processor.py:208} INFO - Processing /opt/airflow/dags/scttion.py took 0.429 seconds
[2026-05-01T20:17:59.047+0000] {processor.py:186} INFO - Started process (PID=208) to work on /opt/airflow/dags/scttion.py
[2026-05-01T20:17:59.048+0000] {processor.py:914} INFO - Processing file /opt/airflow/dags/scttion.py for tasks to queue
[2026-05-01T20:17:59.051+0000] {logging_mixin.py:190} INFO - [2026-05-01T20:17:59.051+0000] {dagbag.py:588} INFO - Filling up the DagBag from /opt/airflow/dags/scttion.py
[2026-05-01T20:17:59.064+0000] {processor.py:925} INFO - DAG(s) 'power_consumption_etl' retrieved from /opt/airflow/dags/scttion.py
[2026-05-01T20:17:59.077+0000] {logging_mixin.py:190} INFO - [2026-05-01T20:17:59.077+0000] {dag.py:3239} INFO - Sync 1 DAGs
[2026-05-01T20:17:59.106+0000] {logging_mixin.py:190} INFO - [2026-05-01T20:17:59.106+0000] {dag.py:4180} INFO - Setting next_dagrun for power_consumption_etl to 2026-05-01 00:00:00+00:00, run_after=2026-05-02 00:00:00+00:00
[2026-05-01T20:17:59.125+0000] {processor.py:208} INFO - Processing /opt/airflow/dags/scttion.py took 0.084 seconds
[2026-05-01T20:18:29.277+0000] {processor.py:186} INFO - Started process (PID=241) to work on /opt/airflow/dags/scttion.py
[2026-05-01T20:18:29.278+0000] {processor.py:914} INFO - Processing file /opt/airflow/dags/scttion.py for tasks to queue
[2026-05-01T20:18:29.281+0000] {logging_mixin.py:190} INFO - [2026-05-01T20:18:29.281+0000] {dagbag.py:588} INFO - Filling up the DagBag from /opt/airflow/dags/scttion.py
[2026-05-01T20:18:29.299+0000] {processor.py:925} INFO - DAG(s) 'power_consumption_etl' retrieved from /opt/airflow/dags/scttion.py
[2026-05-01T20:18:29.444+0000] {logging_mixin.py:190} INFO - [2026-05-01T20:18:29.444+0000] {dag.py:3239} INFO - Sync 1 DAGs
[2026-05-01T20:18:29.469+0000] {logging_mixin.py:190} INFO - [2026-05-01T20:18:29.469+0000] {dag.py:4180} INFO - Setting next_dagrun for power_consumption_etl to 2026-05-01 00:00:00+00:00, run_after=2026-05-02 00:00:00+00:00
[2026-05-01T20:18:29.487+0000] {processor.py:208} INFO - Processing /opt/airflow/dags/scttion.py took 0.217 seconds
[2026-05-01T20:18:59.677+0000] {processor.py:186} INFO - Started process (PID=257) to work on /opt/airflow/dags/scttion.py
[2026-05-01T20:18:59.678+0000] {processor.py:914} INFO - Processing file /opt/airflow/dags/scttion.py for tasks to queue
[2026-05-01T20:18:59.681+0000] {logging_mixin.py:190} INFO - [2026-05-01T20:18:59.680+0000] {dagbag.py:588} INFO - Filling up the DagBag from /opt/airflow/dags/scttion.py
[2026-05-01T20:18:59.694+0000] {processor.py:925} INFO - DAG(s) 'power_consumption_etl' retrieved from /opt/airflow/dags/scttion.py
[2026-05-01T20:18:59.719+0000] {logging_mixin.py:190} INFO - [2026-05-01T20:18:59.718+0000] {dag.py:3239} INFO - Sync 1 DAGs
[2026-05-01T20:18:59.744+0000] {logging_mixin.py:190} INFO - [2026-05-01T20:18:59.744+0000] {dag.py:4180} INFO - Setting next_dagrun for power_consumption_etl to 2026-05-01 00:00:00+00:00, run_after=2026-05-02 00:00:00+00:00
[2026-05-01T20:18:59.762+0000] {processor.py:208} INFO - Processing /opt/airflow/dags/scttion.py took 0.094 seconds
[2026-05-01T20:19:30.028+0000] {processor.py:186} INFO - Started process (PID=296) to work on /opt/airflow/dags/scttion.py
[2026-05-01T20:19:30.029+0000] {processor.py:914} INFO - Processing file /opt/airflow/dags/scttion.py for tasks to queue
[2026-05-01T20:19:30.032+0000] {logging_mixin.py:190} INFO - [2026-05-01T20:19:30.032+0000] {dagbag.py:588} INFO - Filling up the DagBag from /opt/airflow/dags/scttion.py
[2026-05-01T20:19:30.051+0000] {processor.py:925} INFO - DAG(s) 'power_consumption_etl' retrieved from /opt/airflow/dags/scttion.py
[2026-05-01T20:19:30.191+0000] {logging_mixin.py:190} INFO - [2026-05-01T20:19:30.191+0000] {dag.py:3239} INFO - Sync 1 DAGs
[2026-05-01T20:19:30.212+0000] {logging_mixin.py:190} INFO - [2026-05-01T20:19:30.212+0000] {dag.py:4180} INFO - Setting next_dagrun for power_consumption_etl to 2026-05-01 00:00:00+00:00, run_after=2026-05-02 00:00:00+00:00
[2026-05-01T20:19:30.230+0000] {processor.py:208} INFO - Processing /opt/airflow/dags/scttion.py took 0.210 seconds
[2026-05-01T20:20:00.409+0000] {processor.py:186} INFO - Started process (PID=312) to work on /opt/airflow/dags/scttion.py
[2026-05-01T20:20:00.410+0000] {processor.py:914} INFO - Processing file /opt/airflow/dags/scttion.py for tasks to queue
[2026-05-01T20:20:00.412+0000] {logging_mixin.py:190} INFO - [2026-05-01T20:20:00.411+0000] {dagbag.py:588} INFO - Filling up the DagBag from /opt/airflow/dags/scttion.py
[2026-05-01T20:20:00.426+0000] {processor.py:925} INFO - DAG(s) 'power_consumption_etl' retrieved from /opt/airflow/dags/scttion.py
[2026-05-01T20:20:00.451+0000] {logging_mixin.py:190} INFO - [2026-05-01T20:20:00.451+0000] {dag.py:3239} INFO - Sync 1 DAGs
[2026-05-01T20:20:00.479+0000] {logging_mixin.py:190} INFO - [2026-05-01T20:20:00.479+0000] {dag.py:4180} INFO - Setting next_dagrun for power_consumption_etl to 2026-05-01 00:00:00+00:00, run_after=2026-05-02 00:00:00+00:00
[2026-05-01T20:20:00.498+0000] {processor.py:208} INFO - Processing /opt/airflow/dags/scttion.py took 0.096 seconds
[2026-05-01T20:20:30.761+0000] {processor.py:186} INFO - Started process (PID=328) to work on /opt/airflow/dags/scttion.py
[2026-05-01T20:20:30.763+0000] {processor.py:914} INFO - Processing file /opt/airflow/dags/scttion.py for tasks to queue
[2026-05-01T20:20:30.765+0000] {logging_mixin.py:190} INFO - [2026-05-01T20:20:30.765+0000] {dagbag.py:588} INFO - Filling up the DagBag from /opt/airflow/dags/scttion.py
[2026-05-01T20:20:30.776+0000] {processor.py:925} INFO - DAG(s) 'power_consumption_etl' retrieved from /opt/airflow/dags/scttion.py
[2026-05-01T20:20:30.919+0000] {logging_mixin.py:190} INFO - [2026-05-01T20:20:30.919+0000] {dag.py:3239} INFO - Sync 1 DAGs
[2026-05-01T20:20:30.943+0000] {logging_mixin.py:190} INFO - [2026-05-01T20:20:30.943+0000] {dag.py:4180} INFO - Setting next_dagrun for power_consumption_etl to 2026-05-01 00:00:00+00:00, run_after=2026-05-02 00:00:00+00:00
[2026-05-01T20:20:30.962+0000] {processor.py:208} INFO - Processing /opt/airflow/dags/scttion.py took 0.207 seconds
[2026-05-01T20:21:01.140+0000] {processor.py:186} INFO - Started process (PID=350) to work on /opt/airflow/dags/scttion.py
[2026-05-01T20:21:01.141+0000] {processor.py:914} INFO - Processing file /opt/airflow/dags/scttion.py for tasks to queue
[2026-05-01T20:21:01.143+0000] {logging_mixin.py:190} INFO - [2026-05-01T20:21:01.143+0000] {dagbag.py:588} INFO - Filling up the DagBag from /opt/airflow/dags/scttion.py
[2026-05-01T20:21:01.154+0000] {processor.py:925} INFO - DAG(s) 'power_consumption_etl' retrieved from /opt/airflow/dags/scttion.py
[2026-05-01T20:21:01.177+0000] {logging_mixin.py:190} INFO - [2026-05-01T20:21:01.176+0000] {dag.py:3239} INFO - Sync 1 DAGs
[2026-05-01T20:21:01.209+0000] {logging_mixin.py:190} INFO - [2026-05-01T20:21:01.209+0000] {dag.py:4180} INFO - Setting next_dagrun for power_consumption_etl to 2026-05-01 00:00:00+00:00, run_after=2026-05-02 00:00:00+00:00
[2026-05-01T20:21:01.231+0000] {processor.py:208} INFO - Processing /opt/airflow/dags/scttion.py took 0.098 seconds
[2026-05-01T20:21:31.472+0000] {processor.py:186} INFO - Started process (PID=366) to work on /opt/airflow/dags/scttion.py
[2026-05-01T20:21:31.473+0000] {processor.py:914} INFO - Processing file /opt/airflow/dags/scttion.py for tasks to queue
[2026-05-01T20:21:31.475+0000] {logging_mixin.py:190} INFO - [2026-05-01T20:21:31.475+0000] {dagbag.py:588} INFO - Filling up the DagBag from /opt/airflow/dags/scttion.py
[2026-05-01T20:21:31.486+0000] {processor.py:925} INFO - DAG(s) 'power_consumption_etl' retrieved from /opt/airflow/dags/scttion.py
[2026-05-01T20:21:31.623+0000] {logging_mixin.py:190} INFO - [2026-05-01T20:21:31.623+0000] {dag.py:3239} INFO - Sync 1 DAGs
[2026-05-01T20:21:31.646+0000] {logging_mixin.py:190} INFO - [2026-05-01T20:21:31.646+0000] {dag.py:4180} INFO - Setting next_dagrun for power_consumption_etl to 2026-05-01 00:00:00+00:00, run_after=2026-05-02 00:00:00+00:00
[2026-05-01T20:21:31.662+0000] {processor.py:208} INFO - Processing /opt/airflow/dags/scttion.py took 0.195 seconds
[2026-05-01T20:22:01.770+0000] {processor.py:186} INFO - Started process (PID=382) to work on /opt/airflow/dags/scttion.py
[2026-05-01T20:22:01.771+0000] {processor.py:914} INFO - Processing file /opt/airflow/dags/scttion.py for tasks to queue
[2026-05-01T20:22:01.773+0000] {logging_mixin.py:190} INFO - [2026-05-01T20:22:01.772+0000] {dagbag.py:588} INFO - Filling up the DagBag from /opt/airflow/dags/scttion.py
[2026-05-01T20:22:01.785+0000] {processor.py:925} INFO - DAG(s) 'power_consumption_etl' retrieved from /opt/airflow/dags/scttion.py
[2026-05-01T20:22:01.808+0000] {logging_mixin.py:190} INFO - [2026-05-01T20:22:01.808+0000] {dag.py:3239} INFO - Sync 1 DAGs
[2026-05-01T20:22:01.833+0000] {logging_mixin.py:190} INFO - [2026-05-01T20:22:01.833+0000] {dag.py:4180} INFO - Setting next_dagrun for power_consumption_etl to 2026-05-01 00:00:00+00:00, run_after=2026-05-02 00:00:00+00:00
[2026-05-01T20:22:01.851+0000] {processor.py:208} INFO - Processing /opt/airflow/dags/scttion.py took 0.087 seconds
[2026-05-01T20:22:32.106+0000] {processor.py:186} INFO - Started process (PID=398) to work on /opt/airflow/dags/scttion.py
[2026-05-01T20:22:32.107+0000] {processor.py:914} INFO - Processing file /opt/airflow/dags/scttion.py for tasks to queue
[2026-05-01T20:22:32.110+0000] {logging_mixin.py:190} INFO - [2026-05-01T20:22:32.109+0000] {dagbag.py:588} INFO - Filling up the DagBag from /opt/airflow/dags/scttion.py
[2026-05-01T20:22:32.126+0000] {processor.py:925} INFO - DAG(s) 'power_consumption_etl' retrieved from /opt/airflow/dags/scttion.py
[2026-05-01T20:22:32.259+0000] {logging_mixin.py:190} INFO - [2026-05-01T20:22:32.258+0000] {dag.py:3239} INFO - Sync 1 DAGs
[2026-05-01T20:22:32.282+0000] {logging_mixin.py:190} INFO - [2026-05-01T20:22:32.282+0000] {dag.py:4180} INFO - Setting next_dagrun for power_consumption_etl to 2026-05-01 00:00:00+00:00, run_after=2026-05-02 00:00:00+00:00
[2026-05-01T20:22:32.300+0000] {processor.py:208} INFO - Processing /opt/airflow/dags/scttion.py took 0.202 seconds
[2026-05-01T20:23:02.450+0000] {processor.py:186} INFO - Started process (PID=414) to work on /opt/airflow/dags/scttion.py
[2026-05-01T20:23:02.450+0000] {processor.py:914} INFO - Processing file /opt/airflow/dags/scttion.py for tasks to queue
[2026-05-01T20:23:02.452+0000] {logging_mixin.py:190} INFO - [2026-05-01T20:23:02.452+0000] {dagbag.py:588} INFO - Filling up the DagBag from /opt/airflow/dags/scttion.py
[2026-05-01T20:23:02.465+0000] {processor.py:925} INFO - DAG(s) 'power_consumption_etl' retrieved from /opt/airflow/dags/scttion.py
[2026-05-01T20:23:02.497+0000] {logging_mixin.py:190} INFO - [2026-05-01T20:23:02.496+0000] {dag.py:3239} INFO - Sync 1 DAGs
[2026-05-01T20:23:02.527+0000] {logging_mixin.py:190} INFO - [2026-05-01T20:23:02.527+0000] {dag.py:4180} INFO - Setting next_dagrun for power_consumption_etl to 2026-05-01 00:00:00+00:00, run_after=2026-05-02 00:00:00+00:00
[2026-05-01T20:23:02.545+0000] {processor.py:208} INFO - Processing /opt/airflow/dags/scttion.py took 0.101 seconds
[2026-05-01T20:23:32.787+0000] {processor.py:186} INFO - Started process (PID=427) to work on /opt/airflow/dags/scttion.py
[2026-05-01T20:23:32.788+0000] {processor.py:914} INFO - Processing file /opt/airflow/dags/scttion.py for tasks to queue
[2026-05-01T20:23:32.791+0000] {logging_mixin.py:190} INFO - [2026-05-01T20:23:32.790+0000] {dagbag.py:588} INFO - Filling up the DagBag from /opt/airflow/dags/scttion.py
[2026-05-01T20:23:32.804+0000] {processor.py:925} INFO - DAG(s) 'power_consumption_etl' retrieved from /opt/airflow/dags/scttion.py
[2026-05-01T20:23:32.942+0000] {logging_mixin.py:190} INFO - [2026-05-01T20:23:32.942+0000] {dag.py:3239} INFO - Sync 1 DAGs
[2026-05-01T20:23:33.083+0000] {logging_mixin.py:190} INFO - [2026-05-01T20:23:33.083+0000] {dag.py:4180} INFO - Setting next_dagrun for power_consumption_etl to 2026-05-01 00:00:00+00:00, run_after=2026-05-02 00:00:00+00:00
[2026-05-01T20:23:33.099+0000] {processor.py:208} INFO - Processing /opt/airflow/dags/scttion.py took 0.317 seconds
[2026-05-01T20:24:03.338+0000] {processor.py:186} INFO - Started process (PID=446) to work on /opt/airflow/dags/scttion.py
[2026-05-01T20:24:03.339+0000] {processor.py:914} INFO - Processing file /opt/airflow/dags/scttion.py for tasks to queue
[2026-05-01T20:24:03.342+0000] {logging_mixin.py:190} INFO - [2026-05-01T20:24:03.342+0000] {dagbag.py:588} INFO - Filling up the DagBag from /opt/airflow/dags/scttion.py
[2026-05-01T20:24:03.357+0000] {processor.py:925} INFO - DAG(s) 'power_consumption_etl' retrieved from /opt/airflow/dags/scttion.py
[2026-05-01T20:24:03.382+0000] {logging_mixin.py:190} INFO - [2026-05-01T20:24:03.381+0000] {dag.py:3239} INFO - Sync 1 DAGs
[2026-05-01T20:24:03.409+0000] {logging_mixin.py:190} INFO - [2026-05-01T20:24:03.409+0000] {dag.py:4180} INFO - Setting next_dagrun for power_consumption_etl to 2026-05-01 00:00:00+00:00, run_after=2026-05-02 00:00:00+00:00
[2026-05-01T20:24:03.433+0000] {processor.py:208} INFO - Processing /opt/airflow/dags/scttion.py took 0.104 seconds
[2026-05-01T20:24:33.599+0000] {processor.py:186} INFO - Started process (PID=459) to work on /opt/airflow/dags/scttion.py
[2026-05-01T20:24:33.605+0000] {processor.py:914} INFO - Processing file /opt/airflow/dags/scttion.py for tasks to queue
[2026-05-01T20:24:33.608+0000] {logging_mixin.py:190} INFO - [2026-05-01T20:24:33.608+0000] {dagbag.py:588} INFO - Filling up the DagBag from /opt/airflow/dags/scttion.py
[2026-05-01T20:24:33.619+0000] {processor.py:925} INFO - DAG(s) 'power_consumption_etl' retrieved from /opt/airflow/dags/scttion.py
[2026-05-01T20:24:33.745+0000] {logging_mixin.py:190} INFO - [2026-05-01T20:24:33.745+0000] {dag.py:3239} INFO - Sync 1 DAGs
[2026-05-01T20:24:33.772+0000] {logging_mixin.py:190} INFO - [2026-05-01T20:24:33.771+0000] {dag.py:4180} INFO - Setting next_dagrun for power_consumption_etl to 2026-05-01 00:00:00+00:00, run_after=2026-05-02 00:00:00+00:00
[2026-05-01T20:24:33.798+0000] {processor.py:208} INFO - Processing /opt/airflow/dags/scttion.py took 0.204 seconds
[2026-05-01T20:25:04.021+0000] {processor.py:186} INFO - Started process (PID=478) to work on /opt/airflow/dags/scttion.py
[2026-05-01T20:25:04.022+0000] {processor.py:914} INFO - Processing file /opt/airflow/dags/scttion.py for tasks to queue
[2026-05-01T20:25:04.024+0000] {logging_mixin.py:190} INFO - [2026-05-01T20:25:04.023+0000] {dagbag.py:588} INFO - Filling up the DagBag from /opt/airflow/dags/scttion.py
[2026-05-01T20:25:04.035+0000] {processor.py:925} INFO - DAG(s) 'power_consumption_etl' retrieved from /opt/airflow/dags/scttion.py
[2026-05-01T20:25:04.058+0000] {logging_mixin.py:190} INFO - [2026-05-01T20:25:04.058+0000] {dag.py:3239} INFO - Sync 1 DAGs
[2026-05-01T20:25:04.084+0000] {logging_mixin.py:190} INFO - [2026-05-01T20:25:04.083+0000] {dag.py:4180} INFO - Setting next_dagrun for power_consumption_etl to 2026-05-01 00:00:00+00:00, run_after=2026-05-02 00:00:00+00:00
[2026-05-01T20:25:04.106+0000] {processor.py:208} INFO - Processing /opt/airflow/dags/scttion.py took 0.091 seconds
[2026-05-01T20:26:35.214+0000] {processor.py:186} INFO - Started process (PID=190) to work on /opt/airflow/dags/scttion.py
[2026-05-01T20:26:35.215+0000] {processor.py:914} INFO - Processing file /opt/airflow/dags/scttion.py for tasks to queue
[2026-05-01T20:26:35.217+0000] {logging_mixin.py:190} INFO - [2026-05-01T20:26:35.216+0000] {dagbag.py:588} INFO - Filling up the DagBag from /opt/airflow/dags/scttion.py
[2026-05-01T20:26:35.274+0000] {processor.py:925} INFO - DAG(s) 'power_consumption_etl' retrieved from /opt/airflow/dags/scttion.py
[2026-05-01T20:26:35.639+0000] {logging_mixin.py:190} INFO - [2026-05-01T20:26:35.638+0000] {dag.py:3239} INFO - Sync 1 DAGs
[2026-05-01T20:26:35.659+0000] {logging_mixin.py:190} INFO - [2026-05-01T20:26:35.659+0000] {dag.py:4180} INFO - Setting next_dagrun for power_consumption_etl to 2026-05-01 00:00:00+00:00, run_after=2026-05-02 00:00:00+00:00
[2026-05-01T20:26:35.675+0000] {processor.py:208} INFO - Processing /opt/airflow/dags/scttion.py took 0.466 seconds
[2026-05-01T20:27:05.847+0000] {processor.py:186} INFO - Started process (PID=226) to work on /opt/airflow/dags/scttion.py
[2026-05-01T20:27:05.848+0000] {processor.py:914} INFO - Processing file /opt/airflow/dags/scttion.py for tasks to queue
[2026-05-01T20:27:05.851+0000] {logging_mixin.py:190} INFO - [2026-05-01T20:27:05.851+0000] {dagbag.py:588} INFO - Filling up the DagBag from /opt/airflow/dags/scttion.py
[2026-05-01T20:27:05.862+0000] {processor.py:925} INFO - DAG(s) 'power_consumption_etl' retrieved from /opt/airflow/dags/scttion.py
[2026-05-01T20:27:05.872+0000] {logging_mixin.py:190} INFO - [2026-05-01T20:27:05.872+0000] {dag.py:3239} INFO - Sync 1 DAGs
[2026-05-01T20:27:05.900+0000] {logging_mixin.py:190} INFO - [2026-05-01T20:27:05.900+0000] {dag.py:4180} INFO - Setting next_dagrun for power_consumption_etl to 2026-05-01 00:00:00+00:00, run_after=2026-05-02 00:00:00+00:00
[2026-05-01T20:27:05.918+0000] {processor.py:208} INFO - Processing /opt/airflow/dags/scttion.py took 0.076 seconds
[2026-05-01T20:27:36.191+0000] {processor.py:186} INFO - Started process (PID=242) to work on /opt/airflow/dags/scttion.py
[2026-05-01T20:27:36.192+0000] {processor.py:914} INFO - Processing file /opt/airflow/dags/scttion.py for tasks to queue
[2026-05-01T20:27:36.194+0000] {logging_mixin.py:190} INFO - [2026-05-01T20:27:36.194+0000] {dagbag.py:588} INFO - Filling up the DagBag from /opt/airflow/dags/scttion.py
[2026-05-01T20:27:36.205+0000] {processor.py:925} INFO - DAG(s) 'power_consumption_etl' retrieved from /opt/airflow/dags/scttion.py
[2026-05-01T20:27:36.341+0000] {logging_mixin.py:190} INFO - [2026-05-01T20:27:36.340+0000] {dag.py:3239} INFO - Sync 1 DAGs
[2026-05-01T20:27:36.496+0000] {logging_mixin.py:190} INFO - [2026-05-01T20:27:36.496+0000] {dag.py:4180} INFO - Setting next_dagrun for power_consumption_etl to 2026-05-01 00:00:00+00:00, run_after=2026-05-02 00:00:00+00:00
[2026-05-01T20:27:36.513+0000] {processor.py:208} INFO - Processing /opt/airflow/dags/scttion.py took 0.330 seconds
[2026-05-01T20:28:06.770+0000] {processor.py:186} INFO - Started process (PID=279) to work on /opt/airflow/dags/scttion.py
[2026-05-01T20:28:06.770+0000] {processor.py:914} INFO - Processing file /opt/airflow/dags/scttion.py for tasks to queue
[2026-05-01T20:28:06.772+0000] {logging_mixin.py:190} INFO - [2026-05-01T20:28:06.772+0000] {dagbag.py:588} INFO - Filling up the DagBag from /opt/airflow/dags/scttion.py
[2026-05-01T20:28:06.785+0000] {processor.py:925} INFO - DAG(s) 'power_consumption_etl' retrieved from /opt/airflow/dags/scttion.py
[2026-05-01T20:28:06.809+0000] {logging_mixin.py:190} INFO - [2026-05-01T20:28:06.809+0000] {dag.py:3239} INFO - Sync 1 DAGs
[2026-05-01T20:28:06.855+0000] {logging_mixin.py:190} INFO - [2026-05-01T20:28:06.855+0000] {dag.py:4180} INFO - Setting next_dagrun for power_consumption_etl to 2026-05-01 00:00:00+00:00, run_after=2026-05-02 00:00:00+00:00
[2026-05-01T20:28:06.872+0000] {processor.py:208} INFO - Processing /opt/airflow/dags/scttion.py took 0.109 seconds
[2026-05-01T20:28:37.101+0000] {processor.py:186} INFO - Started process (PID=295) to work on /opt/airflow/dags/scttion.py
[2026-05-01T20:28:37.102+0000] {processor.py:914} INFO - Processing file /opt/airflow/dags/scttion.py for tasks to queue
[2026-05-01T20:28:37.104+0000] {logging_mixin.py:190} INFO - [2026-05-01T20:28:37.104+0000] {dagbag.py:588} INFO - Filling up the DagBag from /opt/airflow/dags/scttion.py
[2026-05-01T20:28:37.120+0000] {processor.py:925} INFO - DAG(s) 'power_consumption_etl' retrieved from /opt/airflow/dags/scttion.py
[2026-05-01T20:28:37.386+0000] {logging_mixin.py:190} INFO - [2026-05-01T20:28:37.385+0000] {dag.py:3239} INFO - Sync 1 DAGs
[2026-05-01T20:28:37.406+0000] {logging_mixin.py:190} INFO - [2026-05-01T20:28:37.406+0000] {dag.py:4180} INFO - Setting next_dagrun for power_consumption_etl to 2026-05-01 00:00:00+00:00, run_after=2026-05-02 00:00:00+00:00
[2026-05-01T20:28:37.427+0000] {processor.py:208} INFO - Processing /opt/airflow/dags/scttion.py took 0.332 seconds
[2026-05-01T20:29:07.570+0000] {processor.py:186} INFO - Started process (PID=319) to work on /opt/airflow/dags/scttion.py
[2026-05-01T20:29:07.571+0000] {processor.py:914} INFO - Processing file /opt/airflow/dags/scttion.py for tasks to queue
[2026-05-01T20:29:07.573+0000] {logging_mixin.py:190} INFO - [2026-05-01T20:29:07.573+0000] {dagbag.py:588} INFO - Filling up the DagBag from /opt/airflow/dags/scttion.py
[2026-05-01T20:29:07.585+0000] {processor.py:925} INFO - DAG(s) 'power_consumption_etl' retrieved from /opt/airflow/dags/scttion.py
[2026-05-01T20:29:07.610+0000] {logging_mixin.py:190} INFO - [2026-05-01T20:29:07.610+0000] {dag.py:3239} INFO - Sync 1 DAGs
[2026-05-01T20:29:07.634+0000] {logging_mixin.py:190} INFO - [2026-05-01T20:29:07.634+0000] {dag.py:4180} INFO - Setting next_dagrun for power_consumption_etl to 2026-05-01 00:00:00+00:00, run_after=2026-05-02 00:00:00+00:00
[2026-05-01T20:29:07.651+0000] {processor.py:208} INFO - Processing /opt/airflow/dags/scttion.py took 0.086 seconds
[2026-05-01T20:29:37.914+0000] {processor.py:186} INFO - Started process (PID=335) to work on /opt/airflow/dags/scttion.py
[2026-05-01T20:29:37.915+0000] {processor.py:914} INFO - Processing file /opt/airflow/dags/scttion.py for tasks to queue
[2026-05-01T20:29:37.919+0000] {logging_mixin.py:190} INFO - [2026-05-01T20:29:37.919+0000] {dagbag.py:588} INFO - Filling up the DagBag from /opt/airflow/dags/scttion.py
[2026-05-01T20:29:37.935+0000] {processor.py:925} INFO - DAG(s) 'power_consumption_etl' retrieved from /opt/airflow/dags/scttion.py
[2026-05-01T20:29:37.958+0000] {logging_mixin.py:190} INFO - [2026-05-01T20:29:37.958+0000] {dag.py:3239} INFO - Sync 1 DAGs
[2026-05-01T20:29:37.981+0000] {logging_mixin.py:190} INFO - [2026-05-01T20:29:37.980+0000] {dag.py:4180} INFO - Setting next_dagrun for power_consumption_etl to 2026-05-01 00:00:00+00:00, run_after=2026-05-02 00:00:00+00:00
[2026-05-01T20:29:37.998+0000] {processor.py:208} INFO - Processing /opt/airflow/dags/scttion.py took 0.096 seconds
[2026-05-01T20:30:08.262+0000] {processor.py:186} INFO - Started process (PID=397) to work on /opt/airflow/dags/scttion.py
[2026-05-01T20:30:08.263+0000] {processor.py:914} INFO - Processing file /opt/airflow/dags/scttion.py for tasks to queue
[2026-05-01T20:30:08.266+0000] {logging_mixin.py:190} INFO - [2026-05-01T20:30:08.265+0000] {dagbag.py:588} INFO - Filling up the DagBag from /opt/airflow/dags/scttion.py
[2026-05-01T20:30:08.280+0000] {processor.py:925} INFO - DAG(s) 'power_consumption_etl' retrieved from /opt/airflow/dags/scttion.py
[2026-05-01T20:30:08.311+0000] {logging_mixin.py:190} INFO - [2026-05-01T20:30:08.311+0000] {dag.py:3239} INFO - Sync 1 DAGs
[2026-05-01T20:30:08.339+0000] {logging_mixin.py:190} INFO - [2026-05-01T20:30:08.339+0000] {dag.py:4180} INFO - Setting next_dagrun for power_consumption_etl to 2026-05-01 00:00:00+00:00, run_after=2026-05-02 00:00:00+00:00
[2026-05-01T20:30:08.362+0000] {processor.py:208} INFO - Processing /opt/airflow/dags/scttion.py took 0.108 seconds
[2026-05-01T20:30:38.651+0000] {processor.py:186} INFO - Started process (PID=413) to work on /opt/airflow/dags/scttion.py
[2026-05-01T20:30:38.653+0000] {processor.py:914} INFO - Processing file /opt/airflow/dags/scttion.py for tasks to queue
[2026-05-01T20:30:38.658+0000] {logging_mixin.py:190} INFO - [2026-05-01T20:30:38.657+0000] {dagbag.py:588} INFO - Filling up the DagBag from /opt/airflow/dags/scttion.py
[2026-05-01T20:30:38.674+0000] {processor.py:925} INFO - DAG(s) 'power_consumption_etl' retrieved from /opt/airflow/dags/scttion.py
[2026-05-01T20:30:38.698+0000] {logging_mixin.py:190} INFO - [2026-05-01T20:30:38.698+0000] {dag.py:3239} INFO - Sync 1 DAGs
[2026-05-01T20:30:38.849+0000] {logging_mixin.py:190} INFO - [2026-05-01T20:30:38.849+0000] {dag.py:4180} INFO - Setting next_dagrun for power_consumption_etl to 2026-05-01 00:00:00+00:00, run_after=2026-05-02 00:00:00+00:00
[2026-05-01T20:30:38.864+0000] {processor.py:208} INFO - Processing /opt/airflow/dags/scttion.py took 0.227 seconds
[2026-05-01T20:31:09.122+0000] {processor.py:186} INFO - Started process (PID=429) to work on /opt/airflow/dags/scttion.py
[2026-05-01T20:31:09.123+0000] {processor.py:914} INFO - Processing file /opt/airflow/dags/scttion.py for tasks to queue
[2026-05-01T20:31:09.125+0000] {logging_mixin.py:190} INFO - [2026-05-01T20:31:09.125+0000] {dagbag.py:588} INFO - Filling up the DagBag from /opt/airflow/dags/scttion.py
[2026-05-01T20:31:09.135+0000] {processor.py:925} INFO - DAG(s) 'power_consumption_etl' retrieved from /opt/airflow/dags/scttion.py
[2026-05-01T20:31:09.158+0000] {logging_mixin.py:190} INFO - [2026-05-01T20:31:09.157+0000] {dag.py:3239} INFO - Sync 1 DAGs
[2026-05-01T20:31:09.305+0000] {logging_mixin.py:190} INFO - [2026-05-01T20:31:09.304+0000] {dag.py:4180} INFO - Setting next_dagrun for power_consumption_etl to 2026-05-01 00:00:00+00:00, run_after=2026-05-02 00:00:00+00:00
[2026-05-01T20:31:09.320+0000] {processor.py:208} INFO - Processing /opt/airflow/dags/scttion.py took 0.204 seconds
[2026-05-01T20:31:39.590+0000] {processor.py:186} INFO - Started process (PID=445) to work on /opt/airflow/dags/scttion.py
[2026-05-01T20:31:39.591+0000] {processor.py:914} INFO - Processing file /opt/airflow/dags/scttion.py for tasks to queue
[2026-05-01T20:31:39.594+0000] {logging_mixin.py:190} INFO - [2026-05-01T20:31:39.593+0000] {dagbag.py:588} INFO - Filling up the DagBag from /opt/airflow/dags/scttion.py
[2026-05-01T20:31:39.607+0000] {processor.py:925} INFO - DAG(s) 'power_consumption_etl' retrieved from /opt/airflow/dags/scttion.py
[2026-05-01T20:31:39.765+0000] {logging_mixin.py:190} INFO - [2026-05-01T20:31:39.765+0000] {dag.py:3239} INFO - Sync 1 DAGs
[2026-05-01T20:31:39.788+0000] {logging_mixin.py:190} INFO - [2026-05-01T20:31:39.788+0000] {dag.py:4180} INFO - Setting next_dagrun for power_consumption_etl to 2026-05-01 00:00:00+00:00, run_after=2026-05-02 00:00:00+00:00
[2026-05-01T20:31:39.809+0000] {processor.py:208} INFO - Processing /opt/airflow/dags/scttion.py took 0.228 seconds
[2026-05-01T20:32:10.094+0000] {processor.py:186} INFO - Started process (PID=461) to work on /opt/airflow/dags/scttion.py
[2026-05-01T20:32:10.095+0000] {processor.py:914} INFO - Processing file /opt/airflow/dags/scttion.py for tasks to queue
[2026-05-01T20:32:10.098+0000] {logging_mixin.py:190} INFO - [2026-05-01T20:32:10.097+0000] {dagbag.py:588} INFO - Filling up the DagBag from /opt/airflow/dags/scttion.py
[2026-05-01T20:32:10.112+0000] {processor.py:925} INFO - DAG(s) 'power_consumption_etl' retrieved from /opt/airflow/dags/scttion.py
[2026-05-01T20:32:10.137+0000] {logging_mixin.py:190} INFO - [2026-05-01T20:32:10.137+0000] {dag.py:3239} INFO - Sync 1 DAGs
[2026-05-01T20:32:10.165+0000] {logging_mixin.py:190} INFO - [2026-05-01T20:32:10.165+0000] {dag.py:4180} INFO - Setting next_dagrun for power_consumption_etl to 2026-05-01 00:00:00+00:00, run_after=2026-05-02 00:00:00+00:00
[2026-05-01T20:32:10.182+0000] {processor.py:208} INFO - Processing /opt/airflow/dags/scttion.py took 0.097 seconds
[2026-05-01T20:32:40.441+0000] {processor.py:186} INFO - Started process (PID=477) to work on /opt/airflow/dags/scttion.py
[2026-05-01T20:32:40.448+0000] {processor.py:914} INFO - Processing file /opt/airflow/dags/scttion.py for tasks to queue
[2026-05-01T20:32:40.458+0000] {logging_mixin.py:190} INFO - [2026-05-01T20:32:40.456+0000] {dagbag.py:588} INFO - Filling up the DagBag from /opt/airflow/dags/scttion.py
[2026-05-01T20:32:40.481+0000] {processor.py:925} INFO - DAG(s) 'power_consumption_etl' retrieved from /opt/airflow/dags/scttion.py
[2026-05-01T20:32:40.507+0000] {logging_mixin.py:190} INFO - [2026-05-01T20:32:40.507+0000] {dag.py:3239} INFO - Sync 1 DAGs
[2026-05-01T20:32:40.537+0000] {logging_mixin.py:190} INFO - [2026-05-01T20:32:40.537+0000] {dag.py:4180} INFO - Setting next_dagrun for power_consumption_etl to 2026-05-01 00:00:00+00:00, run_after=2026-05-02 00:00:00+00:00
[2026-05-01T20:32:40.555+0000] {processor.py:208} INFO - Processing /opt/airflow/dags/scttion.py took 0.119 seconds
[2026-05-01T20:33:10.806+0000] {processor.py:186} INFO - Started process (PID=493) to work on /opt/airflow/dags/scttion.py
[2026-05-01T20:33:10.807+0000] {processor.py:914} INFO - Processing file /opt/airflow/dags/scttion.py for tasks to queue
[2026-05-01T20:33:10.810+0000] {logging_mixin.py:190} INFO - [2026-05-01T20:33:10.809+0000] {dagbag.py:588} INFO - Filling up the DagBag from /opt/airflow/dags/scttion.py
[2026-05-01T20:33:10.823+0000] {processor.py:925} INFO - DAG(s) 'power_consumption_etl' retrieved from /opt/airflow/dags/scttion.py
[2026-05-01T20:33:10.847+0000] {logging_mixin.py:190} INFO - [2026-05-01T20:33:10.846+0000] {dag.py:3239} INFO - Sync 1 DAGs
[2026-05-01T20:33:10.873+0000] {logging_mixin.py:190} INFO - [2026-05-01T20:33:10.872+0000] {dag.py:4180} INFO - Setting next_dagrun for power_consumption_etl to 2026-05-01 00:00:00+00:00, run_after=2026-05-02 00:00:00+00:00
[2026-05-01T20:33:10.894+0000] {processor.py:208} INFO - Processing /opt/airflow/dags/scttion.py took 0.096 seconds
[2026-05-01T20:33:41.222+0000] {processor.py:186} INFO - Started process (PID=514) to work on /opt/airflow/dags/scttion.py
[2026-05-01T20:33:41.230+0000] {processor.py:914} INFO - Processing file /opt/airflow/dags/scttion.py for tasks to queue
[2026-05-01T20:33:41.234+0000] {logging_mixin.py:190} INFO - [2026-05-01T20:33:41.233+0000] {dagbag.py:588} INFO - Filling up the DagBag from /opt/airflow/dags/scttion.py
[2026-05-01T20:33:41.254+0000] {processor.py:925} INFO - DAG(s) 'power_consumption_etl' retrieved from /opt/airflow/dags/scttion.py
[2026-05-01T20:33:41.278+0000] {logging_mixin.py:190} INFO - [2026-05-01T20:33:41.278+0000] {dag.py:3239} INFO - Sync 1 DAGs
[2026-05-01T20:33:41.302+0000] {logging_mixin.py:190} INFO - [2026-05-01T20:33:41.302+0000] {dag.py:4180} INFO - Setting next_dagrun for power_consumption_etl to 2026-05-01 00:00:00+00:00, run_after=2026-05-02 00:00:00+00:00
[2026-05-01T20:33:41.316+0000] {processor.py:208} INFO - Processing /opt/airflow/dags/scttion.py took 0.114 seconds
[2026-05-01T20:34:11.566+0000] {processor.py:186} INFO - Started process (PID=576) to work on /opt/airflow/dags/scttion.py
[2026-05-01T20:34:11.567+0000] {processor.py:914} INFO - Processing file /opt/airflow/dags/scttion.py for tasks to queue
[2026-05-01T20:34:11.569+0000] {logging_mixin.py:190} INFO - [2026-05-01T20:34:11.569+0000] {dagbag.py:588} INFO - Filling up the DagBag from /opt/airflow/dags/scttion.py
[2026-05-01T20:34:11.581+0000] {processor.py:925} INFO - DAG(s) 'power_consumption_etl' retrieved from /opt/airflow/dags/scttion.py
[2026-05-01T20:34:11.604+0000] {logging_mixin.py:190} INFO - [2026-05-01T20:34:11.604+0000] {dag.py:3239} INFO - Sync 1 DAGs
[2026-05-01T20:34:11.629+0000] {logging_mixin.py:190} INFO - [2026-05-01T20:34:11.629+0000] {dag.py:4180} INFO - Setting next_dagrun for power_consumption_etl to 2026-05-01 00:00:00+00:00, run_after=2026-05-02 00:00:00+00:00
[2026-05-01T20:34:11.646+0000] {processor.py:208} INFO - Processing /opt/airflow/dags/scttion.py took 0.089 seconds
[2026-05-01T20:34:41.910+0000] {processor.py:186} INFO - Started process (PID=592) to work on /opt/airflow/dags/scttion.py
[2026-05-01T20:34:41.916+0000] {processor.py:914} INFO - Processing file /opt/airflow/dags/scttion.py for tasks to queue
[2026-05-01T20:34:41.918+0000] {logging_mixin.py:190} INFO - [2026-05-01T20:34:41.917+0000] {dagbag.py:588} INFO - Filling up the DagBag from /opt/airflow/dags/scttion.py
[2026-05-01T20:34:41.931+0000] {processor.py:925} INFO - DAG(s) 'power_consumption_etl' retrieved from /opt/airflow/dags/scttion.py
[2026-05-01T20:34:41.955+0000] {logging_mixin.py:190} INFO - [2026-05-01T20:34:41.955+0000] {dag.py:3239} INFO - Sync 1 DAGs
[2026-05-01T20:34:41.982+0000] {logging_mixin.py:190} INFO - [2026-05-01T20:34:41.982+0000] {dag.py:4180} INFO - Setting next_dagrun for power_consumption_etl to 2026-05-01 00:00:00+00:00, run_after=2026-05-02 00:00:00+00:00
[2026-05-01T20:34:42.002+0000] {processor.py:208} INFO - Processing /opt/airflow/dags/scttion.py took 0.101 seconds
[2026-05-01T20:35:12.229+0000] {processor.py:186} INFO - Started process (PID=608) to work on /opt/airflow/dags/scttion.py
[2026-05-01T20:35:12.229+0000] {processor.py:914} INFO - Processing file /opt/airflow/dags/scttion.py for tasks to queue
[2026-05-01T20:35:12.231+0000] {logging_mixin.py:190} INFO - [2026-05-01T20:35:12.231+0000] {dagbag.py:588} INFO - Filling up the DagBag from /opt/airflow/dags/scttion.py
[2026-05-01T20:35:12.244+0000] {processor.py:925} INFO - DAG(s) 'power_consumption_etl' retrieved from /opt/airflow/dags/scttion.py
[2026-05-01T20:35:12.273+0000] {logging_mixin.py:190} INFO - [2026-05-01T20:35:12.273+0000] {dag.py:3239} INFO - Sync 1 DAGs
[2026-05-01T20:35:12.303+0000] {logging_mixin.py:190} INFO - [2026-05-01T20:35:12.302+0000] {dag.py:4180} INFO - Setting next_dagrun for power_consumption_etl to 2026-05-01 00:00:00+00:00, run_after=2026-05-02 00:00:00+00:00
[2026-05-01T20:35:12.325+0000] {processor.py:208} INFO - Processing /opt/airflow/dags/scttion.py took 0.102 seconds
[2026-05-01T20:35:42.616+0000] {processor.py:186} INFO - Started process (PID=624) to work on /opt/airflow/dags/scttion.py
[2026-05-01T20:35:42.623+0000] {processor.py:914} INFO - Processing file /opt/airflow/dags/scttion.py for tasks to queue
[2026-05-01T20:35:42.625+0000] {logging_mixin.py:190} INFO - [2026-05-01T20:35:42.624+0000] {dagbag.py:588} INFO - Filling up the DagBag from /opt/airflow/dags/scttion.py
[2026-05-01T20:35:42.638+0000] {processor.py:925} INFO - DAG(s) 'power_consumption_etl' retrieved from /opt/airflow/dags/scttion.py
[2026-05-01T20:35:42.662+0000] {logging_mixin.py:190} INFO - [2026-05-01T20:35:42.662+0000] {dag.py:3239} INFO - Sync 1 DAGs
[2026-05-01T20:35:42.689+0000] {logging_mixin.py:190} INFO - [2026-05-01T20:35:42.689+0000] {dag.py:4180} INFO - Setting next_dagrun for power_consumption_etl to 2026-05-01 00:00:00+00:00, run_after=2026-05-02 00:00:00+00:00
[2026-05-01T20:35:42.707+0000] {processor.py:208} INFO - Processing /opt/airflow/dags/scttion.py took 0.109 seconds
[2026-05-01T20:36:12.927+0000] {processor.py:186} INFO - Started process (PID=640) to work on /opt/airflow/dags/scttion.py
[2026-05-01T20:36:12.927+0000] {processor.py:914} INFO - Processing file /opt/airflow/dags/scttion.py for tasks to queue
[2026-05-01T20:36:12.928+0000] {logging_mixin.py:190} INFO - [2026-05-01T20:36:12.928+0000] {dagbag.py:588} INFO - Filling up the DagBag from /opt/airflow/dags/scttion.py
[2026-05-01T20:36:12.940+0000] {processor.py:925} INFO - DAG(s) 'power_consumption_etl' retrieved from /opt/airflow/dags/scttion.py
[2026-05-01T20:36:12.965+0000] {logging_mixin.py:190} INFO - [2026-05-01T20:36:12.964+0000] {dag.py:3239} INFO - Sync 1 DAGs
[2026-05-01T20:36:12.992+0000] {logging_mixin.py:190} INFO - [2026-05-01T20:36:12.992+0000] {dag.py:4180} INFO - Setting next_dagrun for power_consumption_etl to 2026-05-01 00:00:00+00:00, run_after=2026-05-02 00:00:00+00:00
[2026-05-01T20:36:13.012+0000] {processor.py:208} INFO - Processing /opt/airflow/dags/scttion.py took 0.092 seconds
[2026-05-01T20:36:43.213+0000] {processor.py:186} INFO - Started process (PID=656) to work on /opt/airflow/dags/scttion.py
[2026-05-01T20:36:43.220+0000] {processor.py:914} INFO - Processing file /opt/airflow/dags/scttion.py for tasks to queue
[2026-05-01T20:36:43.222+0000] {logging_mixin.py:190} INFO - [2026-05-01T20:36:43.221+0000] {dagbag.py:588} INFO - Filling up the DagBag from /opt/airflow/dags/scttion.py
[2026-05-01T20:36:43.236+0000] {processor.py:925} INFO - DAG(s) 'power_consumption_etl' retrieved from /opt/airflow/dags/scttion.py
[2026-05-01T20:36:43.264+0000] {logging_mixin.py:190} INFO - [2026-05-01T20:36:43.264+0000] {dag.py:3239} INFO - Sync 1 DAGs
[2026-05-01T20:36:43.297+0000] {logging_mixin.py:190} INFO - [2026-05-01T20:36:43.297+0000] {dag.py:4180} INFO - Setting next_dagrun for power_consumption_etl to 2026-05-01 00:00:00+00:00, run_after=2026-05-02 00:00:00+00:00
[2026-05-01T20:36:43.316+0000] {processor.py:208} INFO - Processing /opt/airflow/dags/scttion.py took 0.110 seconds
[2026-05-01T20:37:13.529+0000] {processor.py:186} INFO - Started process (PID=672) to work on /opt/airflow/dags/scttion.py
[2026-05-01T20:37:13.529+0000] {processor.py:914} INFO - Processing file /opt/airflow/dags/scttion.py for tasks to queue
[2026-05-01T20:37:13.531+0000] {logging_mixin.py:190} INFO - [2026-05-01T20:37:13.530+0000] {dagbag.py:588} INFO - Filling up the DagBag from /opt/airflow/dags/scttion.py
[2026-05-01T20:37:13.543+0000] {processor.py:925} INFO - DAG(s) 'power_consumption_etl' retrieved from /opt/airflow/dags/scttion.py
[2026-05-01T20:37:13.568+0000] {logging_mixin.py:190} INFO - [2026-05-01T20:37:13.567+0000] {dag.py:3239} INFO - Sync 1 DAGs
[2026-05-01T20:37:13.595+0000] {logging_mixin.py:190} INFO - [2026-05-01T20:37:13.594+0000] {dag.py:4180} INFO - Setting next_dagrun for power_consumption_etl to 2026-05-01 00:00:00+00:00, run_after=2026-05-02 00:00:00+00:00
[2026-05-01T20:37:13.613+0000] {processor.py:208} INFO - Processing /opt/airflow/dags/scttion.py took 0.089 seconds
[2026-05-01T20:37:43.830+0000] {processor.py:186} INFO - Started process (PID=688) to work on /opt/airflow/dags/scttion.py
[2026-05-01T20:37:43.830+0000] {processor.py:914} INFO - Processing file /opt/airflow/dags/scttion.py for tasks to queue
[2026-05-01T20:37:43.832+0000] {logging_mixin.py:190} INFO - [2026-05-01T20:37:43.832+0000] {dagbag.py:588} INFO - Filling up the DagBag from /opt/airflow/dags/scttion.py
[2026-05-01T20:37:43.844+0000] {processor.py:925} INFO - DAG(s) 'power_consumption_etl' retrieved from /opt/airflow/dags/scttion.py
[2026-05-01T20:37:43.871+0000] {logging_mixin.py:190} INFO - [2026-05-01T20:37:43.870+0000] {dag.py:3239} INFO - Sync 1 DAGs
[2026-05-01T20:37:43.897+0000] {logging_mixin.py:190} INFO - [2026-05-01T20:37:43.897+0000] {dag.py:4180} INFO - Setting next_dagrun for power_consumption_etl to 2026-05-01 00:00:00+00:00, run_after=2026-05-02 00:00:00+00:00
[2026-05-01T20:37:43.915+0000] {processor.py:208} INFO - Processing /opt/airflow/dags/scttion.py took 0.092 seconds
[2026-05-01T20:38:14.140+0000] {processor.py:186} INFO - Started process (PID=704) to work on /opt/airflow/dags/scttion.py
[2026-05-01T20:38:14.141+0000] {processor.py:914} INFO - Processing file /opt/airflow/dags/scttion.py for tasks to queue
[2026-05-01T20:38:14.142+0000] {logging_mixin.py:190} INFO - [2026-05-01T20:38:14.142+0000] {dagbag.py:588} INFO - Filling up the DagBag from /opt/airflow/dags/scttion.py
[2026-05-01T20:38:14.153+0000] {processor.py:925} INFO - DAG(s) 'power_consumption_etl' retrieved from /opt/airflow/dags/scttion.py
[2026-05-01T20:38:14.177+0000] {logging_mixin.py:190} INFO - [2026-05-01T20:38:14.176+0000] {dag.py:3239} INFO - Sync 1 DAGs
[2026-05-01T20:38:14.210+0000] {logging_mixin.py:190} INFO - [2026-05-01T20:38:14.210+0000] {dag.py:4180} INFO - Setting next_dagrun for power_consumption_etl to 2026-05-01 00:00:00+00:00, run_after=2026-05-02 00:00:00+00:00
[2026-05-01T20:38:14.236+0000] {processor.py:208} INFO - Processing /opt/airflow/dags/scttion.py took 0.101 seconds
[2026-05-01T20:38:44.550+0000] {processor.py:186} INFO - Started process (PID=720) to work on /opt/airflow/dags/scttion.py
[2026-05-01T20:38:44.557+0000] {processor.py:914} INFO - Processing file /opt/airflow/dags/scttion.py for tasks to queue
[2026-05-01T20:38:44.559+0000] {logging_mixin.py:190} INFO - [2026-05-01T20:38:44.558+0000] {dagbag.py:588} INFO - Filling up the DagBag from /opt/airflow/dags/scttion.py
[2026-05-01T20:38:44.578+0000] {processor.py:925} INFO - DAG(s) 'power_consumption_etl' retrieved from /opt/airflow/dags/scttion.py
[2026-05-01T20:38:44.602+0000] {logging_mixin.py:190} INFO - [2026-05-01T20:38:44.602+0000] {dag.py:3239} INFO - Sync 1 DAGs
[2026-05-01T20:38:44.630+0000] {logging_mixin.py:190} INFO - [2026-05-01T20:38:44.629+0000] {dag.py:4180} INFO - Setting next_dagrun for power_consumption_etl to 2026-05-01 00:00:00+00:00, run_after=2026-05-02 00:00:00+00:00
[2026-05-01T20:38:44.646+0000] {processor.py:208} INFO - Processing /opt/airflow/dags/scttion.py took 0.107 seconds
[2026-05-01T20:39:14.917+0000] {processor.py:186} INFO - Started process (PID=736) to work on /opt/airflow/dags/scttion.py
[2026-05-01T20:39:14.917+0000] {processor.py:914} INFO - Processing file /opt/airflow/dags/scttion.py for tasks to queue
[2026-05-01T20:39:14.919+0000] {logging_mixin.py:190} INFO - [2026-05-01T20:39:14.919+0000] {dagbag.py:588} INFO - Filling up the DagBag from /opt/airflow/dags/scttion.py
[2026-05-01T20:39:14.934+0000] {processor.py:925} INFO - DAG(s) 'power_consumption_etl' retrieved from /opt/airflow/dags/scttion.py
[2026-05-01T20:39:14.959+0000] {logging_mixin.py:190} INFO - [2026-05-01T20:39:14.959+0000] {dag.py:3239} INFO - Sync 1 DAGs
[2026-05-01T20:39:14.986+0000] {logging_mixin.py:190} INFO - [2026-05-01T20:39:14.986+0000] {dag.py:4180} INFO - Setting next_dagrun for power_consumption_etl to 2026-05-01 00:00:00+00:00, run_after=2026-05-02 00:00:00+00:00
[2026-05-01T20:39:15.003+0000] {processor.py:208} INFO - Processing /opt/airflow/dags/scttion.py took 0.099 seconds
[2026-05-01T20:41:15.825+0000] {processor.py:186} INFO - Started process (PID=189) to work on /opt/airflow/dags/scttion.py
[2026-05-01T20:41:15.825+0000] {processor.py:914} INFO - Processing file /opt/airflow/dags/scttion.py for tasks to queue
[2026-05-01T20:41:15.828+0000] {logging_mixin.py:190} INFO - [2026-05-01T20:41:15.828+0000] {dagbag.py:588} INFO - Filling up the DagBag from /opt/airflow/dags/scttion.py
[2026-05-01T20:41:15.867+0000] {processor.py:925} INFO - DAG(s) 'power_consumption_etl' retrieved from /opt/airflow/dags/scttion.py
[2026-05-01T20:41:15.912+0000] {logging_mixin.py:190} INFO - [2026-05-01T20:41:15.911+0000] {dag.py:3239} INFO - Sync 1 DAGs
[2026-05-01T20:41:15.936+0000] {logging_mixin.py:190} INFO - [2026-05-01T20:41:15.936+0000] {dag.py:4180} INFO - Setting next_dagrun for power_consumption_etl to 2026-05-01 00:00:00+00:00, run_after=2026-05-02 00:00:00+00:00
[2026-05-01T20:41:15.952+0000] {processor.py:208} INFO - Processing /opt/airflow/dags/scttion.py took 0.135 seconds
[2026-05-01T20:41:46.130+0000] {processor.py:186} INFO - Started process (PID=204) to work on /opt/airflow/dags/scttion.py
[2026-05-01T20:41:46.131+0000] {processor.py:914} INFO - Processing file /opt/airflow/dags/scttion.py for tasks to queue
[2026-05-01T20:41:46.133+0000] {logging_mixin.py:190} INFO - [2026-05-01T20:41:46.133+0000] {dagbag.py:588} INFO - Filling up the DagBag from /opt/airflow/dags/scttion.py
[2026-05-01T20:41:46.145+0000] {processor.py:925} INFO - DAG(s) 'power_consumption_etl' retrieved from /opt/airflow/dags/scttion.py
[2026-05-01T20:41:46.170+0000] {logging_mixin.py:190} INFO - [2026-05-01T20:41:46.169+0000] {dag.py:3239} INFO - Sync 1 DAGs
[2026-05-01T20:41:46.195+0000] {logging_mixin.py:190} INFO - [2026-05-01T20:41:46.194+0000] {dag.py:4180} INFO - Setting next_dagrun for power_consumption_etl to 2026-05-01 00:00:00+00:00, run_after=2026-05-02 00:00:00+00:00
[2026-05-01T20:41:46.219+0000] {processor.py:208} INFO - Processing /opt/airflow/dags/scttion.py took 0.094 seconds
[2026-05-01T20:42:16.437+0000] {processor.py:186} INFO - Started process (PID=260) to work on /opt/airflow/dags/scttion.py
[2026-05-01T20:42:16.439+0000] {processor.py:914} INFO - Processing file /opt/airflow/dags/scttion.py for tasks to queue
[2026-05-01T20:42:16.441+0000] {logging_mixin.py:190} INFO - [2026-05-01T20:42:16.440+0000] {dagbag.py:588} INFO - Filling up the DagBag from /opt/airflow/dags/scttion.py
[2026-05-01T20:42:16.459+0000] {processor.py:925} INFO - DAG(s) 'power_consumption_etl' retrieved from /opt/airflow/dags/scttion.py
[2026-05-01T20:42:16.496+0000] {logging_mixin.py:190} INFO - [2026-05-01T20:42:16.496+0000] {dag.py:3239} INFO - Sync 1 DAGs
[2026-05-01T20:42:16.537+0000] {logging_mixin.py:190} INFO - [2026-05-01T20:42:16.537+0000] {dag.py:4180} INFO - Setting next_dagrun for power_consumption_etl to 2026-05-01 00:00:00+00:00, run_after=2026-05-02 00:00:00+00:00
[2026-05-01T20:42:16.561+0000] {processor.py:208} INFO - Processing /opt/airflow/dags/scttion.py took 0.132 seconds
[2026-05-01T20:42:46.745+0000] {processor.py:186} INFO - Started process (PID=298) to work on /opt/airflow/dags/scttion.py
[2026-05-01T20:42:46.746+0000] {processor.py:914} INFO - Processing file /opt/airflow/dags/scttion.py for tasks to queue
[2026-05-01T20:42:46.747+0000] {logging_mixin.py:190} INFO - [2026-05-01T20:42:46.746+0000] {dagbag.py:588} INFO - Filling up the DagBag from /opt/airflow/dags/scttion.py
[2026-05-01T20:42:46.760+0000] {processor.py:925} INFO - DAG(s) 'power_consumption_etl' retrieved from /opt/airflow/dags/scttion.py
[2026-05-01T20:42:46.791+0000] {logging_mixin.py:190} INFO - [2026-05-01T20:42:46.790+0000] {dag.py:3239} INFO - Sync 1 DAGs
[2026-05-01T20:42:46.828+0000] {logging_mixin.py:190} INFO - [2026-05-01T20:42:46.828+0000] {dag.py:4180} INFO - Setting next_dagrun for power_consumption_etl to 2026-05-01 00:00:00+00:00, run_after=2026-05-02 00:00:00+00:00
[2026-05-01T20:42:46.846+0000] {processor.py:208} INFO - Processing /opt/airflow/dags/scttion.py took 0.109 seconds
[2026-05-01T20:43:17.079+0000] {processor.py:186} INFO - Started process (PID=337) to work on /opt/airflow/dags/scttion.py
[2026-05-01T20:43:17.086+0000] {processor.py:914} INFO - Processing file /opt/airflow/dags/scttion.py for tasks to queue
[2026-05-01T20:43:17.087+0000] {logging_mixin.py:190} INFO - [2026-05-01T20:43:17.086+0000] {dagbag.py:588} INFO - Filling up the DagBag from /opt/airflow/dags/scttion.py
[2026-05-01T20:43:17.100+0000] {processor.py:925} INFO - DAG(s) 'power_consumption_etl' retrieved from /opt/airflow/dags/scttion.py
[2026-05-01T20:43:17.122+0000] {logging_mixin.py:190} INFO - [2026-05-01T20:43:17.122+0000] {dag.py:3239} INFO - Sync 1 DAGs
[2026-05-01T20:43:17.145+0000] {logging_mixin.py:190} INFO - [2026-05-01T20:43:17.145+0000] {dag.py:4180} INFO - Setting next_dagrun for power_consumption_etl to 2026-05-01 00:00:00+00:00, run_after=2026-05-02 00:00:00+00:00
[2026-05-01T20:43:17.160+0000] {processor.py:208} INFO - Processing /opt/airflow/dags/scttion.py took 0.089 seconds
[2026-05-01T20:43:47.398+0000] {processor.py:186} INFO - Started process (PID=353) to work on /opt/airflow/dags/scttion.py
[2026-05-01T20:43:47.399+0000] {processor.py:914} INFO - Processing file /opt/airflow/dags/scttion.py for tasks to queue
[2026-05-01T20:43:47.400+0000] {logging_mixin.py:190} INFO - [2026-05-01T20:43:47.399+0000] {dagbag.py:588} INFO - Filling up the DagBag from /opt/airflow/dags/scttion.py
[2026-05-01T20:43:47.416+0000] {processor.py:925} INFO - DAG(s) 'power_consumption_etl' retrieved from /opt/airflow/dags/scttion.py
[2026-05-01T20:43:47.441+0000] {logging_mixin.py:190} INFO - [2026-05-01T20:43:47.441+0000] {dag.py:3239} INFO - Sync 1 DAGs
[2026-05-01T20:43:47.469+0000] {logging_mixin.py:190} INFO - [2026-05-01T20:43:47.469+0000] {dag.py:4180} INFO - Setting next_dagrun for power_consumption_etl to 2026-05-01 00:00:00+00:00, run_after=2026-05-02 00:00:00+00:00
[2026-05-01T20:43:47.490+0000] {processor.py:208} INFO - Processing /opt/airflow/dags/scttion.py took 0.099 seconds
[2026-05-01T20:44:17.784+0000] {processor.py:186} INFO - Started process (PID=369) to work on /opt/airflow/dags/scttion.py
[2026-05-01T20:44:17.790+0000] {processor.py:914} INFO - Processing file /opt/airflow/dags/scttion.py for tasks to queue
[2026-05-01T20:44:17.792+0000] {logging_mixin.py:190} INFO - [2026-05-01T20:44:17.791+0000] {dagbag.py:588} INFO - Filling up the DagBag from /opt/airflow/dags/scttion.py
[2026-05-01T20:44:17.806+0000] {processor.py:925} INFO - DAG(s) 'power_consumption_etl' retrieved from /opt/airflow/dags/scttion.py
[2026-05-01T20:44:17.828+0000] {logging_mixin.py:190} INFO - [2026-05-01T20:44:17.828+0000] {dag.py:3239} INFO - Sync 1 DAGs
[2026-05-01T20:44:17.854+0000] {logging_mixin.py:190} INFO - [2026-05-01T20:44:17.854+0000] {dag.py:4180} INFO - Setting next_dagrun for power_consumption_etl to 2026-05-01 00:00:00+00:00, run_after=2026-05-02 00:00:00+00:00
[2026-05-01T20:44:17.871+0000] {processor.py:208} INFO - Processing /opt/airflow/dags/scttion.py took 0.095 seconds
[2026-05-01T20:44:48.161+0000] {processor.py:186} INFO - Started process (PID=385) to work on /opt/airflow/dags/scttion.py
[2026-05-01T20:44:48.162+0000] {processor.py:914} INFO - Processing file /opt/airflow/dags/scttion.py for tasks to queue
[2026-05-01T20:44:48.164+0000] {logging_mixin.py:190} INFO - [2026-05-01T20:44:48.163+0000] {dagbag.py:588} INFO - Filling up the DagBag from /opt/airflow/dags/scttion.py
[2026-05-01T20:44:48.178+0000] {processor.py:925} INFO - DAG(s) 'power_consumption_etl' retrieved from /opt/airflow/dags/scttion.py
[2026-05-01T20:44:48.202+0000] {logging_mixin.py:190} INFO - [2026-05-01T20:44:48.201+0000] {dag.py:3239} INFO - Sync 1 DAGs
[2026-05-01T20:44:48.227+0000] {logging_mixin.py:190} INFO - [2026-05-01T20:44:48.226+0000] {dag.py:4180} INFO - Setting next_dagrun for power_consumption_etl to 2026-05-01 00:00:00+00:00, run_after=2026-05-02 00:00:00+00:00
[2026-05-01T20:44:48.243+0000] {processor.py:208} INFO - Processing /opt/airflow/dags/scttion.py took 0.094 seconds
[2026-05-01T20:45:18.522+0000] {processor.py:186} INFO - Started process (PID=400) to work on /opt/airflow/dags/scttion.py
[2026-05-01T20:45:18.523+0000] {processor.py:914} INFO - Processing file /opt/airflow/dags/scttion.py for tasks to queue
[2026-05-01T20:45:18.524+0000] {logging_mixin.py:190} INFO - [2026-05-01T20:45:18.524+0000] {dagbag.py:588} INFO - Filling up the DagBag from /opt/airflow/dags/scttion.py
[2026-05-01T20:45:18.536+0000] {processor.py:925} INFO - DAG(s) 'power_consumption_etl' retrieved from /opt/airflow/dags/scttion.py
[2026-05-01T20:45:18.561+0000] {logging_mixin.py:190} INFO - [2026-05-01T20:45:18.561+0000] {dag.py:3239} INFO - Sync 1 DAGs
[2026-05-01T20:45:18.709+0000] {logging_mixin.py:190} INFO - [2026-05-01T20:45:18.709+0000] {dag.py:4180} INFO - Setting next_dagrun for power_consumption_etl to 2026-05-01 00:00:00+00:00, run_after=2026-05-02 00:00:00+00:00
[2026-05-01T20:45:18.734+0000] {processor.py:208} INFO - Processing /opt/airflow/dags/scttion.py took 0.219 seconds
[2026-05-01T20:45:48.930+0000] {processor.py:186} INFO - Started process (PID=416) to work on /opt/airflow/dags/scttion.py
[2026-05-01T20:45:48.930+0000] {processor.py:914} INFO - Processing file /opt/airflow/dags/scttion.py for tasks to queue
[2026-05-01T20:45:48.932+0000] {logging_mixin.py:190} INFO - [2026-05-01T20:45:48.931+0000] {dagbag.py:588} INFO - Filling up the DagBag from /opt/airflow/dags/scttion.py
[2026-05-01T20:45:48.948+0000] {processor.py:925} INFO - DAG(s) 'power_consumption_etl' retrieved from /opt/airflow/dags/scttion.py
[2026-05-01T20:45:48.986+0000] {logging_mixin.py:190} INFO - [2026-05-01T20:45:48.985+0000] {dag.py:3239} INFO - Sync 1 DAGs
[2026-05-01T20:45:49.229+0000] {logging_mixin.py:190} INFO - [2026-05-01T20:45:49.228+0000] {dag.py:4180} INFO - Setting next_dagrun for power_consumption_etl to 2026-05-01 00:00:00+00:00, run_after=2026-05-02 00:00:00+00:00
[2026-05-01T20:45:49.257+0000] {processor.py:208} INFO - Processing /opt/airflow/dags/scttion.py took 0.334 seconds
[2026-05-01T20:46:19.587+0000] {processor.py:186} INFO - Started process (PID=438) to work on /opt/airflow/dags/scttion.py
[2026-05-01T20:46:19.590+0000] {processor.py:914} INFO - Processing file /opt/airflow/dags/scttion.py for tasks to queue
[2026-05-01T20:46:19.593+0000] {logging_mixin.py:190} INFO - [2026-05-01T20:46:19.593+0000] {dagbag.py:588} INFO - Filling up the DagBag from /opt/airflow/dags/scttion.py
[2026-05-01T20:46:19.612+0000] {processor.py:925} INFO - DAG(s) 'power_consumption_etl' retrieved from /opt/airflow/dags/scttion.py
[2026-05-01T20:46:19.746+0000] {logging_mixin.py:190} INFO - [2026-05-01T20:46:19.746+0000] {dag.py:3239} INFO - Sync 1 DAGs
[2026-05-01T20:46:19.769+0000] {logging_mixin.py:190} INFO - [2026-05-01T20:46:19.768+0000] {dag.py:4180} INFO - Setting next_dagrun for power_consumption_etl to 2026-05-01 00:00:00+00:00, run_after=2026-05-02 00:00:00+00:00
[2026-05-01T20:46:19.790+0000] {processor.py:208} INFO - Processing /opt/airflow/dags/scttion.py took 0.222 seconds
[2026-05-01T20:46:50.190+0000] {processor.py:186} INFO - Started process (PID=454) to work on /opt/airflow/dags/scttion.py
[2026-05-01T20:46:50.197+0000] {processor.py:914} INFO - Processing file /opt/airflow/dags/scttion.py for tasks to queue
[2026-05-01T20:46:50.198+0000] {logging_mixin.py:190} INFO - [2026-05-01T20:46:50.198+0000] {dagbag.py:588} INFO - Filling up the DagBag from /opt/airflow/dags/scttion.py
[2026-05-01T20:46:50.213+0000] {processor.py:925} INFO - DAG(s) 'power_consumption_etl' retrieved from /opt/airflow/dags/scttion.py
[2026-05-01T20:46:50.236+0000] {logging_mixin.py:190} INFO - [2026-05-01T20:46:50.236+0000] {dag.py:3239} INFO - Sync 1 DAGs
[2026-05-01T20:46:50.260+0000] {logging_mixin.py:190} INFO - [2026-05-01T20:46:50.260+0000] {dag.py:4180} INFO - Setting next_dagrun for power_consumption_etl to 2026-05-01 00:00:00+00:00, run_after=2026-05-02 00:00:00+00:00
[2026-05-01T20:46:50.278+0000] {processor.py:208} INFO - Processing /opt/airflow/dags/scttion.py took 0.096 seconds
[2026-05-01T20:47:20.512+0000] {processor.py:186} INFO - Started process (PID=470) to work on /opt/airflow/dags/scttion.py
[2026-05-01T20:47:20.513+0000] {processor.py:914} INFO - Processing file /opt/airflow/dags/scttion.py for tasks to queue
[2026-05-01T20:47:20.514+0000] {logging_mixin.py:190} INFO - [2026-05-01T20:47:20.513+0000] {dagbag.py:588} INFO - Filling up the DagBag from /opt/airflow/dags/scttion.py
[2026-05-01T20:47:20.525+0000] {processor.py:925} INFO - DAG(s) 'power_consumption_etl' retrieved from /opt/airflow/dags/scttion.py
[2026-05-01T20:47:20.548+0000] {logging_mixin.py:190} INFO - [2026-05-01T20:47:20.548+0000] {dag.py:3239} INFO - Sync 1 DAGs
[2026-05-01T20:47:20.574+0000] {logging_mixin.py:190} INFO - [2026-05-01T20:47:20.573+0000] {dag.py:4180} INFO - Setting next_dagrun for power_consumption_etl to 2026-05-01 00:00:00+00:00, run_after=2026-05-02 00:00:00+00:00
[2026-05-01T20:47:20.592+0000] {processor.py:208} INFO - Processing /opt/airflow/dags/scttion.py took 0.087 seconds
[2026-05-01T20:47:50.885+0000] {processor.py:186} INFO - Started process (PID=486) to work on /opt/airflow/dags/scttion.py
[2026-05-01T20:47:50.893+0000] {processor.py:914} INFO - Processing file /opt/airflow/dags/scttion.py for tasks to queue
[2026-05-01T20:47:50.895+0000] {logging_mixin.py:190} INFO - [2026-05-01T20:47:50.894+0000] {dagbag.py:588} INFO - Filling up the DagBag from /opt/airflow/dags/scttion.py
[2026-05-01T20:47:50.915+0000] {processor.py:925} INFO - DAG(s) 'power_consumption_etl' retrieved from /opt/airflow/dags/scttion.py
[2026-05-01T20:47:50.938+0000] {logging_mixin.py:190} INFO - [2026-05-01T20:47:50.938+0000] {dag.py:3239} INFO - Sync 1 DAGs
[2026-05-01T20:47:50.961+0000] {logging_mixin.py:190} INFO - [2026-05-01T20:47:50.961+0000] {dag.py:4180} INFO - Setting next_dagrun for power_consumption_etl to 2026-05-01 00:00:00+00:00, run_after=2026-05-02 00:00:00+00:00
[2026-05-01T20:47:50.981+0000] {processor.py:208} INFO - Processing /opt/airflow/dags/scttion.py took 0.106 seconds
[2026-05-01T20:48:21.266+0000] {processor.py:186} INFO - Started process (PID=502) to work on /opt/airflow/dags/scttion.py
[2026-05-01T20:48:21.267+0000] {processor.py:914} INFO - Processing file /opt/airflow/dags/scttion.py for tasks to queue
[2026-05-01T20:48:21.270+0000] {logging_mixin.py:190} INFO - [2026-05-01T20:48:21.269+0000] {dagbag.py:588} INFO - Filling up the DagBag from /opt/airflow/dags/scttion.py
[2026-05-01T20:48:21.287+0000] {processor.py:925} INFO - DAG(s) 'power_consumption_etl' retrieved from /opt/airflow/dags/scttion.py
[2026-05-01T20:48:21.310+0000] {logging_mixin.py:190} INFO - [2026-05-01T20:48:21.309+0000] {dag.py:3239} INFO - Sync 1 DAGs
[2026-05-01T20:48:21.335+0000] {logging_mixin.py:190} INFO - [2026-05-01T20:48:21.335+0000] {dag.py:4180} INFO - Setting next_dagrun for power_consumption_etl to 2026-05-01 00:00:00+00:00, run_after=2026-05-02 00:00:00+00:00
[2026-05-01T20:48:21.350+0000] {processor.py:208} INFO - Processing /opt/airflow/dags/scttion.py took 0.098 seconds
[2026-05-01T20:48:51.633+0000] {processor.py:186} INFO - Started process (PID=518) to work on /opt/airflow/dags/scttion.py
[2026-05-01T20:48:51.634+0000] {processor.py:914} INFO - Processing file /opt/airflow/dags/scttion.py for tasks to queue
[2026-05-01T20:48:51.637+0000] {logging_mixin.py:190} INFO - [2026-05-01T20:48:51.636+0000] {dagbag.py:588} INFO - Filling up the DagBag from /opt/airflow/dags/scttion.py
[2026-05-01T20:48:51.655+0000] {processor.py:925} INFO - DAG(s) 'power_consumption_etl' retrieved from /opt/airflow/dags/scttion.py
[2026-05-01T20:48:51.677+0000] {logging_mixin.py:190} INFO - [2026-05-01T20:48:51.677+0000] {dag.py:3239} INFO - Sync 1 DAGs
[2026-05-01T20:48:51.705+0000] {logging_mixin.py:190} INFO - [2026-05-01T20:48:51.705+0000] {dag.py:4180} INFO - Setting next_dagrun for power_consumption_etl to 2026-05-01 00:00:00+00:00, run_after=2026-05-02 00:00:00+00:00
[2026-05-01T20:48:51.720+0000] {processor.py:208} INFO - Processing /opt/airflow/dags/scttion.py took 0.110 seconds
[2026-05-01T20:49:22.034+0000] {processor.py:186} INFO - Started process (PID=533) to work on /opt/airflow/dags/scttion.py
[2026-05-01T20:49:22.035+0000] {processor.py:914} INFO - Processing file /opt/airflow/dags/scttion.py for tasks to queue
[2026-05-01T20:49:22.037+0000] {logging_mixin.py:190} INFO - [2026-05-01T20:49:22.036+0000] {dagbag.py:588} INFO - Filling up the DagBag from /opt/airflow/dags/scttion.py
[2026-05-01T20:49:22.051+0000] {processor.py:925} INFO - DAG(s) 'power_consumption_etl' retrieved from /opt/airflow/dags/scttion.py
[2026-05-01T20:49:22.072+0000] {logging_mixin.py:190} INFO - [2026-05-01T20:49:22.072+0000] {dag.py:3239} INFO - Sync 1 DAGs
[2026-05-01T20:49:22.094+0000] {logging_mixin.py:190} INFO - [2026-05-01T20:49:22.094+0000] {dag.py:4180} INFO - Setting next_dagrun for power_consumption_etl to 2026-05-01 00:00:00+00:00, run_after=2026-05-02 00:00:00+00:00
[2026-05-01T20:49:22.109+0000] {processor.py:208} INFO - Processing /opt/airflow/dags/scttion.py took 0.090 seconds
[2026-05-01T20:49:52.382+0000] {processor.py:186} INFO - Started process (PID=549) to work on /opt/airflow/dags/scttion.py
[2026-05-01T20:49:52.382+0000] {processor.py:914} INFO - Processing file /opt/airflow/dags/scttion.py for tasks to queue
[2026-05-01T20:49:52.385+0000] {logging_mixin.py:190} INFO - [2026-05-01T20:49:52.384+0000] {dagbag.py:588} INFO - Filling up the DagBag from /opt/airflow/dags/scttion.py
[2026-05-01T20:49:52.396+0000] {processor.py:925} INFO - DAG(s) 'power_consumption_etl' retrieved from /opt/airflow/dags/scttion.py
[2026-05-01T20:49:52.421+0000] {logging_mixin.py:190} INFO - [2026-05-01T20:49:52.420+0000] {dag.py:3239} INFO - Sync 1 DAGs
[2026-05-01T20:49:52.444+0000] {logging_mixin.py:190} INFO - [2026-05-01T20:49:52.444+0000] {dag.py:4180} INFO - Setting next_dagrun for power_consumption_etl to 2026-05-01 00:00:00+00:00, run_after=2026-05-02 00:00:00+00:00
[2026-05-01T20:49:52.460+0000] {processor.py:208} INFO - Processing /opt/airflow/dags/scttion.py took 0.085 seconds
[2026-05-01T20:50:22.701+0000] {processor.py:186} INFO - Started process (PID=565) to work on /opt/airflow/dags/scttion.py
[2026-05-01T20:50:22.701+0000] {processor.py:914} INFO - Processing file /opt/airflow/dags/scttion.py for tasks to queue
[2026-05-01T20:50:22.703+0000] {logging_mixin.py:190} INFO - [2026-05-01T20:50:22.703+0000] {dagbag.py:588} INFO - Filling up the DagBag from /opt/airflow/dags/scttion.py
[2026-05-01T20:50:22.719+0000] {processor.py:925} INFO - DAG(s) 'power_consumption_etl' retrieved from /opt/airflow/dags/scttion.py
[2026-05-01T20:50:22.752+0000] {logging_mixin.py:190} INFO - [2026-05-01T20:50:22.752+0000] {dag.py:3239} INFO - Sync 1 DAGs
[2026-05-01T20:50:22.792+0000] {logging_mixin.py:190} INFO - [2026-05-01T20:50:22.790+0000] {dag.py:4180} INFO - Setting next_dagrun for power_consumption_etl to 2026-05-01 00:00:00+00:00, run_after=2026-05-02 00:00:00+00:00
[2026-05-01T20:50:22.820+0000] {processor.py:208} INFO - Processing /opt/airflow/dags/scttion.py took 0.129 seconds
[2026-05-01T20:50:52.987+0000] {processor.py:186} INFO - Started process (PID=581) to work on /opt/airflow/dags/scttion.py
[2026-05-01T20:50:52.994+0000] {processor.py:914} INFO - Processing file /opt/airflow/dags/scttion.py for tasks to queue
[2026-05-01T20:50:52.996+0000] {logging_mixin.py:190} INFO - [2026-05-01T20:50:52.995+0000] {dagbag.py:588} INFO - Filling up the DagBag from /opt/airflow/dags/scttion.py
[2026-05-01T20:50:53.010+0000] {processor.py:925} INFO - DAG(s) 'power_consumption_etl' retrieved from /opt/airflow/dags/scttion.py
[2026-05-01T20:50:53.033+0000] {logging_mixin.py:190} INFO - [2026-05-01T20:50:53.032+0000] {dag.py:3239} INFO - Sync 1 DAGs
[2026-05-01T20:50:53.058+0000] {logging_mixin.py:190} INFO - [2026-05-01T20:50:53.057+0000] {dag.py:4180} INFO - Setting next_dagrun for power_consumption_etl to 2026-05-01 00:00:00+00:00, run_after=2026-05-02 00:00:00+00:00
[2026-05-01T20:50:53.072+0000] {processor.py:208} INFO - Processing /opt/airflow/dags/scttion.py took 0.094 seconds
[2026-05-01T20:51:23.384+0000] {processor.py:186} INFO - Started process (PID=597) to work on /opt/airflow/dags/scttion.py
[2026-05-01T20:51:23.384+0000] {processor.py:914} INFO - Processing file /opt/airflow/dags/scttion.py for tasks to queue
[2026-05-01T20:51:23.385+0000] {logging_mixin.py:190} INFO - [2026-05-01T20:51:23.385+0000] {dagbag.py:588} INFO - Filling up the DagBag from /opt/airflow/dags/scttion.py
[2026-05-01T20:51:23.398+0000] {processor.py:925} INFO - DAG(s) 'power_consumption_etl' retrieved from /opt/airflow/dags/scttion.py
[2026-05-01T20:51:23.422+0000] {logging_mixin.py:190} INFO - [2026-05-01T20:51:23.422+0000] {dag.py:3239} INFO - Sync 1 DAGs
[2026-05-01T20:51:23.446+0000] {logging_mixin.py:190} INFO - [2026-05-01T20:51:23.446+0000] {dag.py:4180} INFO - Setting next_dagrun for power_consumption_etl to 2026-05-01 00:00:00+00:00, run_after=2026-05-02 00:00:00+00:00
[2026-05-01T20:51:23.463+0000] {processor.py:208} INFO - Processing /opt/airflow/dags/scttion.py took 0.085 seconds
[2026-05-01T20:51:53.746+0000] {processor.py:186} INFO - Started process (PID=613) to work on /opt/airflow/dags/scttion.py
[2026-05-01T20:51:53.752+0000] {processor.py:914} INFO - Processing file /opt/airflow/dags/scttion.py for tasks to queue
[2026-05-01T20:51:53.754+0000] {logging_mixin.py:190} INFO - [2026-05-01T20:51:53.753+0000] {dagbag.py:588} INFO - Filling up the DagBag from /opt/airflow/dags/scttion.py
[2026-05-01T20:51:53.765+0000] {processor.py:925} INFO - DAG(s) 'power_consumption_etl' retrieved from /opt/airflow/dags/scttion.py
[2026-05-01T20:51:53.787+0000] {logging_mixin.py:190} INFO - [2026-05-01T20:51:53.787+0000] {dag.py:3239} INFO - Sync 1 DAGs
[2026-05-01T20:51:53.815+0000] {logging_mixin.py:190} INFO - [2026-05-01T20:51:53.814+0000] {dag.py:4180} INFO - Setting next_dagrun for power_consumption_etl to 2026-05-01 00:00:00+00:00, run_after=2026-05-02 00:00:00+00:00
[2026-05-01T20:51:53.831+0000] {processor.py:208} INFO - Processing /opt/airflow/dags/scttion.py took 0.096 seconds
[2026-05-01T20:52:24.075+0000] {processor.py:186} INFO - Started process (PID=629) to work on /opt/airflow/dags/scttion.py
[2026-05-01T20:52:24.076+0000] {processor.py:914} INFO - Processing file /opt/airflow/dags/scttion.py for tasks to queue
[2026-05-01T20:52:24.077+0000] {logging_mixin.py:190} INFO - [2026-05-01T20:52:24.077+0000] {dagbag.py:588} INFO - Filling up the DagBag from /opt/airflow/dags/scttion.py
[2026-05-01T20:52:24.090+0000] {processor.py:925} INFO - DAG(s) 'power_consumption_etl' retrieved from /opt/airflow/dags/scttion.py
[2026-05-01T20:52:24.114+0000] {logging_mixin.py:190} INFO - [2026-05-01T20:52:24.113+0000] {dag.py:3239} INFO - Sync 1 DAGs
[2026-05-01T20:52:24.139+0000] {logging_mixin.py:190} INFO - [2026-05-01T20:52:24.139+0000] {dag.py:4180} INFO - Setting next_dagrun for power_consumption_etl to 2026-05-01 00:00:00+00:00, run_after=2026-05-02 00:00:00+00:00
[2026-05-01T20:52:24.157+0000] {processor.py:208} INFO - Processing /opt/airflow/dags/scttion.py took 0.092 seconds
[2026-05-01T20:52:54.381+0000] {processor.py:186} INFO - Started process (PID=667) to work on /opt/airflow/dags/scttion.py
[2026-05-01T20:52:54.381+0000] {processor.py:914} INFO - Processing file /opt/airflow/dags/scttion.py for tasks to queue
[2026-05-01T20:52:54.383+0000] {logging_mixin.py:190} INFO - [2026-05-01T20:52:54.383+0000] {dagbag.py:588} INFO - Filling up the DagBag from /opt/airflow/dags/scttion.py
[2026-05-01T20:52:54.395+0000] {processor.py:925} INFO - DAG(s) 'power_consumption_etl' retrieved from /opt/airflow/dags/scttion.py
[2026-05-01T20:52:54.423+0000] {logging_mixin.py:190} INFO - [2026-05-01T20:52:54.423+0000] {dag.py:3239} INFO - Sync 1 DAGs
[2026-05-01T20:52:54.454+0000] {logging_mixin.py:190} INFO - [2026-05-01T20:52:54.454+0000] {dag.py:4180} INFO - Setting next_dagrun for power_consumption_etl to 2026-05-01 00:00:00+00:00, run_after=2026-05-02 00:00:00+00:00
[2026-05-01T20:52:54.481+0000] {processor.py:208} INFO - Processing /opt/airflow/dags/scttion.py took 0.106 seconds
[2026-05-01T20:53:24.673+0000] {processor.py:186} INFO - Started process (PID=706) to work on /opt/airflow/dags/scttion.py
[2026-05-01T20:53:24.674+0000] {processor.py:914} INFO - Processing file /opt/airflow/dags/scttion.py for tasks to queue
[2026-05-01T20:53:24.675+0000] {logging_mixin.py:190} INFO - [2026-05-01T20:53:24.675+0000] {dagbag.py:588} INFO - Filling up the DagBag from /opt/airflow/dags/scttion.py
[2026-05-01T20:53:24.689+0000] {processor.py:925} INFO - DAG(s) 'power_consumption_etl' retrieved from /opt/airflow/dags/scttion.py
[2026-05-01T20:53:24.718+0000] {logging_mixin.py:190} INFO - [2026-05-01T20:53:24.718+0000] {dag.py:3239} INFO - Sync 1 DAGs
[2026-05-01T20:53:24.760+0000] {logging_mixin.py:190} INFO - [2026-05-01T20:53:24.760+0000] {dag.py:4180} INFO - Setting next_dagrun for power_consumption_etl to 2026-05-01 00:00:00+00:00, run_after=2026-05-02 00:00:00+00:00
[2026-05-01T20:53:24.783+0000] {processor.py:208} INFO - Processing /opt/airflow/dags/scttion.py took 0.117 seconds
[2026-05-01T20:53:54.841+0000] {processor.py:186} INFO - Started process (PID=743) to work on /opt/airflow/dags/scttion.py
[2026-05-01T20:53:54.842+0000] {processor.py:914} INFO - Processing file /opt/airflow/dags/scttion.py for tasks to queue
[2026-05-01T20:53:54.844+0000] {logging_mixin.py:190} INFO - [2026-05-01T20:53:54.844+0000] {dagbag.py:588} INFO - Filling up the DagBag from /opt/airflow/dags/scttion.py
[2026-05-01T20:53:54.864+0000] {processor.py:925} INFO - DAG(s) 'power_consumption_etl' retrieved from /opt/airflow/dags/scttion.py
[2026-05-01T20:53:54.905+0000] {logging_mixin.py:190} INFO - [2026-05-01T20:53:54.905+0000] {dag.py:3239} INFO - Sync 1 DAGs
[2026-05-01T20:53:54.947+0000] {logging_mixin.py:190} INFO - [2026-05-01T20:53:54.947+0000] {dag.py:4180} INFO - Setting next_dagrun for power_consumption_etl to 2026-05-01 00:00:00+00:00, run_after=2026-05-02 00:00:00+00:00
[2026-05-01T20:53:54.979+0000] {processor.py:208} INFO - Processing /opt/airflow/dags/scttion.py took 0.148 seconds
[2026-05-01T20:54:25.253+0000] {processor.py:186} INFO - Started process (PID=759) to work on /opt/airflow/dags/scttion.py
[2026-05-01T20:54:25.260+0000] {processor.py:914} INFO - Processing file /opt/airflow/dags/scttion.py for tasks to queue
[2026-05-01T20:54:25.261+0000] {logging_mixin.py:190} INFO - [2026-05-01T20:54:25.260+0000] {dagbag.py:588} INFO - Filling up the DagBag from /opt/airflow/dags/scttion.py
[2026-05-01T20:54:25.274+0000] {processor.py:925} INFO - DAG(s) 'power_consumption_etl' retrieved from /opt/airflow/dags/scttion.py
[2026-05-01T20:54:25.298+0000] {logging_mixin.py:190} INFO - [2026-05-01T20:54:25.297+0000] {dag.py:3239} INFO - Sync 1 DAGs
[2026-05-01T20:54:25.326+0000] {logging_mixin.py:190} INFO - [2026-05-01T20:54:25.326+0000] {dag.py:4180} INFO - Setting next_dagrun for power_consumption_etl to 2026-05-01 00:00:00+00:00, run_after=2026-05-02 00:00:00+00:00
[2026-05-01T20:54:25.342+0000] {processor.py:208} INFO - Processing /opt/airflow/dags/scttion.py took 0.095 seconds
[2026-05-01T20:54:55.638+0000] {processor.py:186} INFO - Started process (PID=775) to work on /opt/airflow/dags/scttion.py
[2026-05-01T20:54:55.638+0000] {processor.py:914} INFO - Processing file /opt/airflow/dags/scttion.py for tasks to queue
[2026-05-01T20:54:55.640+0000] {logging_mixin.py:190} INFO - [2026-05-01T20:54:55.639+0000] {dagbag.py:588} INFO - Filling up the DagBag from /opt/airflow/dags/scttion.py
[2026-05-01T20:54:55.654+0000] {processor.py:925} INFO - DAG(s) 'power_consumption_etl' retrieved from /opt/airflow/dags/scttion.py
[2026-05-01T20:54:55.679+0000] {logging_mixin.py:190} INFO - [2026-05-01T20:54:55.679+0000] {dag.py:3239} INFO - Sync 1 DAGs
[2026-05-01T20:54:55.705+0000] {logging_mixin.py:190} INFO - [2026-05-01T20:54:55.705+0000] {dag.py:4180} INFO - Setting next_dagrun for power_consumption_etl to 2026-05-01 00:00:00+00:00, run_after=2026-05-02 00:00:00+00:00
[2026-05-01T20:54:55.721+0000] {processor.py:208} INFO - Processing /opt/airflow/dags/scttion.py took 0.092 seconds
[2026-05-01T20:55:26.002+0000] {processor.py:186} INFO - Started process (PID=791) to work on /opt/airflow/dags/scttion.py
[2026-05-01T20:55:26.008+0000] {processor.py:914} INFO - Processing file /opt/airflow/dags/scttion.py for tasks to queue
[2026-05-01T20:55:26.010+0000] {logging_mixin.py:190} INFO - [2026-05-01T20:55:26.010+0000] {dagbag.py:588} INFO - Filling up the DagBag from /opt/airflow/dags/scttion.py
[2026-05-01T20:55:26.028+0000] {processor.py:925} INFO - DAG(s) 'power_consumption_etl' retrieved from /opt/airflow/dags/scttion.py
[2026-05-01T20:55:26.058+0000] {logging_mixin.py:190} INFO - [2026-05-01T20:55:26.058+0000] {dag.py:3239} INFO - Sync 1 DAGs
[2026-05-01T20:55:26.085+0000] {logging_mixin.py:190} INFO - [2026-05-01T20:55:26.085+0000] {dag.py:4180} INFO - Setting next_dagrun for power_consumption_etl to 2026-05-01 00:00:00+00:00, run_after=2026-05-02 00:00:00+00:00
[2026-05-01T20:55:26.104+0000] {processor.py:208} INFO - Processing /opt/airflow/dags/scttion.py took 0.111 seconds
[2026-05-01T20:55:56.403+0000] {processor.py:186} INFO - Started process (PID=807) to work on /opt/airflow/dags/scttion.py
[2026-05-01T20:55:56.403+0000] {processor.py:914} INFO - Processing file /opt/airflow/dags/scttion.py for tasks to queue
[2026-05-01T20:55:56.405+0000] {logging_mixin.py:190} INFO - [2026-05-01T20:55:56.404+0000] {dagbag.py:588} INFO - Filling up the DagBag from /opt/airflow/dags/scttion.py
[2026-05-01T20:55:56.417+0000] {processor.py:925} INFO - DAG(s) 'power_consumption_etl' retrieved from /opt/airflow/dags/scttion.py
[2026-05-01T20:55:56.441+0000] {logging_mixin.py:190} INFO - [2026-05-01T20:55:56.441+0000] {dag.py:3239} INFO - Sync 1 DAGs
[2026-05-01T20:55:56.467+0000] {logging_mixin.py:190} INFO - [2026-05-01T20:55:56.467+0000] {dag.py:4180} INFO - Setting next_dagrun for power_consumption_etl to 2026-05-01 00:00:00+00:00, run_after=2026-05-02 00:00:00+00:00
[2026-05-01T20:55:56.485+0000] {processor.py:208} INFO - Processing /opt/airflow/dags/scttion.py took 0.091 seconds
[2026-05-01T20:56:26.792+0000] {processor.py:186} INFO - Started process (PID=823) to work on /opt/airflow/dags/scttion.py
[2026-05-01T20:56:26.798+0000] {processor.py:914} INFO - Processing file /opt/airflow/dags/scttion.py for tasks to queue
[2026-05-01T20:56:26.800+0000] {logging_mixin.py:190} INFO - [2026-05-01T20:56:26.800+0000] {dagbag.py:588} INFO - Filling up the DagBag from /opt/airflow/dags/scttion.py
[2026-05-01T20:56:26.816+0000] {processor.py:925} INFO - DAG(s) 'power_consumption_etl' retrieved from /opt/airflow/dags/scttion.py
[2026-05-01T20:56:26.844+0000] {logging_mixin.py:190} INFO - [2026-05-01T20:56:26.844+0000] {dag.py:3239} INFO - Sync 1 DAGs
[2026-05-01T20:56:26.870+0000] {logging_mixin.py:190} INFO - [2026-05-01T20:56:26.870+0000] {dag.py:4180} INFO - Setting next_dagrun for power_consumption_etl to 2026-05-01 00:00:00+00:00, run_after=2026-05-02 00:00:00+00:00
[2026-05-01T20:56:26.893+0000] {processor.py:208} INFO - Processing /opt/airflow/dags/scttion.py took 0.111 seconds
[2026-05-01T20:56:57.153+0000] {processor.py:186} INFO - Started process (PID=839) to work on /opt/airflow/dags/scttion.py
[2026-05-01T20:56:57.154+0000] {processor.py:914} INFO - Processing file /opt/airflow/dags/scttion.py for tasks to queue
[2026-05-01T20:56:57.155+0000] {logging_mixin.py:190} INFO - [2026-05-01T20:56:57.155+0000] {dagbag.py:588} INFO - Filling up the DagBag from /opt/airflow/dags/scttion.py
[2026-05-01T20:56:57.166+0000] {processor.py:925} INFO - DAG(s) 'power_consumption_etl' retrieved from /opt/airflow/dags/scttion.py
[2026-05-01T20:56:57.189+0000] {logging_mixin.py:190} INFO - [2026-05-01T20:56:57.189+0000] {dag.py:3239} INFO - Sync 1 DAGs
[2026-05-01T20:56:57.217+0000] {logging_mixin.py:190} INFO - [2026-05-01T20:56:57.217+0000] {dag.py:4180} INFO - Setting next_dagrun for power_consumption_etl to 2026-05-01 00:00:00+00:00, run_after=2026-05-02 00:00:00+00:00
[2026-05-01T20:56:57.240+0000] {processor.py:208} INFO - Processing /opt/airflow/dags/scttion.py took 0.092 seconds
[2026-05-01T20:57:27.509+0000] {processor.py:186} INFO - Started process (PID=856) to work on /opt/airflow/dags/scttion.py
[2026-05-01T20:57:27.515+0000] {processor.py:914} INFO - Processing file /opt/airflow/dags/scttion.py for tasks to queue
[2026-05-01T20:57:27.516+0000] {logging_mixin.py:190} INFO - [2026-05-01T20:57:27.516+0000] {dagbag.py:588} INFO - Filling up the DagBag from /opt/airflow/dags/scttion.py
[2026-05-01T20:57:27.528+0000] {processor.py:925} INFO - DAG(s) 'power_consumption_etl' retrieved from /opt/airflow/dags/scttion.py
[2026-05-01T20:57:27.554+0000] {logging_mixin.py:190} INFO - [2026-05-01T20:57:27.554+0000] {dag.py:3239} INFO - Sync 1 DAGs
[2026-05-01T20:57:27.584+0000] {logging_mixin.py:190} INFO - [2026-05-01T20:57:27.584+0000] {dag.py:4180} INFO - Setting next_dagrun for power_consumption_etl to 2026-05-01 00:00:00+00:00, run_after=2026-05-02 00:00:00+00:00
[2026-05-01T20:57:27.603+0000] {processor.py:208} INFO - Processing /opt/airflow/dags/scttion.py took 0.102 seconds
[2026-05-01T20:57:57.891+0000] {processor.py:186} INFO - Started process (PID=872) to work on /opt/airflow/dags/scttion.py
[2026-05-01T20:57:57.892+0000] {processor.py:914} INFO - Processing file /opt/airflow/dags/scttion.py for tasks to queue
[2026-05-01T20:57:57.893+0000] {logging_mixin.py:190} INFO - [2026-05-01T20:57:57.893+0000] {dagbag.py:588} INFO - Filling up the DagBag from /opt/airflow/dags/scttion.py
[2026-05-01T20:57:57.905+0000] {processor.py:925} INFO - DAG(s) 'power_consumption_etl' retrieved from /opt/airflow/dags/scttion.py
[2026-05-01T20:57:57.929+0000] {logging_mixin.py:190} INFO - [2026-05-01T20:57:57.928+0000] {dag.py:3239} INFO - Sync 1 DAGs
[2026-05-01T20:57:57.955+0000] {logging_mixin.py:190} INFO - [2026-05-01T20:57:57.954+0000] {dag.py:4180} INFO - Setting next_dagrun for power_consumption_etl to 2026-05-01 00:00:00+00:00, run_after=2026-05-02 00:00:00+00:00
[2026-05-01T20:57:57.972+0000] {processor.py:208} INFO - Processing /opt/airflow/dags/scttion.py took 0.092 seconds
[2026-05-01T20:58:28.219+0000] {processor.py:186} INFO - Started process (PID=888) to work on /opt/airflow/dags/scttion.py
[2026-05-01T20:58:28.226+0000] {processor.py:914} INFO - Processing file /opt/airflow/dags/scttion.py for tasks to queue
[2026-05-01T20:58:28.227+0000] {logging_mixin.py:190} INFO - [2026-05-01T20:58:28.227+0000] {dagbag.py:588} INFO - Filling up the DagBag from /opt/airflow/dags/scttion.py
[2026-05-01T20:58:28.239+0000] {processor.py:925} INFO - DAG(s) 'power_consumption_etl' retrieved from /opt/airflow/dags/scttion.py
[2026-05-01T20:58:28.262+0000] {logging_mixin.py:190} INFO - [2026-05-01T20:58:28.262+0000] {dag.py:3239} INFO - Sync 1 DAGs
[2026-05-01T20:58:28.288+0000] {logging_mixin.py:190} INFO - [2026-05-01T20:58:28.288+0000] {dag.py:4180} INFO - Setting next_dagrun for power_consumption_etl to 2026-05-01 00:00:00+00:00, run_after=2026-05-02 00:00:00+00:00
[2026-05-01T20:58:28.305+0000] {processor.py:208} INFO - Processing /opt/airflow/dags/scttion.py took 0.094 seconds
[2026-05-01T20:58:58.608+0000] {processor.py:186} INFO - Started process (PID=904) to work on /opt/airflow/dags/scttion.py
[2026-05-01T20:58:58.609+0000] {processor.py:914} INFO - Processing file /opt/airflow/dags/scttion.py for tasks to queue
[2026-05-01T20:58:58.610+0000] {logging_mixin.py:190} INFO - [2026-05-01T20:58:58.610+0000] {dagbag.py:588} INFO - Filling up the DagBag from /opt/airflow/dags/scttion.py
[2026-05-01T20:58:58.623+0000] {processor.py:925} INFO - DAG(s) 'power_consumption_etl' retrieved from /opt/airflow/dags/scttion.py
[2026-05-01T20:58:58.646+0000] {logging_mixin.py:190} INFO - [2026-05-01T20:58:58.646+0000] {dag.py:3239} INFO - Sync 1 DAGs
[2026-05-01T20:58:58.671+0000] {logging_mixin.py:190} INFO - [2026-05-01T20:58:58.671+0000] {dag.py:4180} INFO - Setting next_dagrun for power_consumption_etl to 2026-05-01 00:00:00+00:00, run_after=2026-05-02 00:00:00+00:00
[2026-05-01T20:58:58.688+0000] {processor.py:208} INFO - Processing /opt/airflow/dags/scttion.py took 0.087 seconds
[2026-05-01T20:59:28.962+0000] {processor.py:186} INFO - Started process (PID=920) to work on /opt/airflow/dags/scttion.py
[2026-05-01T20:59:28.968+0000] {processor.py:914} INFO - Processing file /opt/airflow/dags/scttion.py for tasks to queue
[2026-05-01T20:59:28.969+0000] {logging_mixin.py:190} INFO - [2026-05-01T20:59:28.969+0000] {dagbag.py:588} INFO - Filling up the DagBag from /opt/airflow/dags/scttion.py
[2026-05-01T20:59:28.983+0000] {processor.py:925} INFO - DAG(s) 'power_consumption_etl' retrieved from /opt/airflow/dags/scttion.py
[2026-05-01T20:59:29.005+0000] {logging_mixin.py:190} INFO - [2026-05-01T20:59:29.005+0000] {dag.py:3239} INFO - Sync 1 DAGs
[2026-05-01T20:59:29.032+0000] {logging_mixin.py:190} INFO - [2026-05-01T20:59:29.031+0000] {dag.py:4180} INFO - Setting next_dagrun for power_consumption_etl to 2026-05-01 00:00:00+00:00, run_after=2026-05-02 00:00:00+00:00
[2026-05-01T20:59:29.048+0000] {processor.py:208} INFO - Processing /opt/airflow/dags/scttion.py took 0.093 seconds
[2026-05-01T20:59:59.329+0000] {processor.py:186} INFO - Started process (PID=936) to work on /opt/airflow/dags/scttion.py
[2026-05-01T20:59:59.330+0000] {processor.py:914} INFO - Processing file /opt/airflow/dags/scttion.py for tasks to queue
[2026-05-01T20:59:59.332+0000] {logging_mixin.py:190} INFO - [2026-05-01T20:59:59.331+0000] {dagbag.py:588} INFO - Filling up the DagBag from /opt/airflow/dags/scttion.py
[2026-05-01T20:59:59.342+0000] {processor.py:925} INFO - DAG(s) 'power_consumption_etl' retrieved from /opt/airflow/dags/scttion.py
[2026-05-01T20:59:59.366+0000] {logging_mixin.py:190} INFO - [2026-05-01T20:59:59.366+0000] {dag.py:3239} INFO - Sync 1 DAGs
[2026-05-01T20:59:59.391+0000] {logging_mixin.py:190} INFO - [2026-05-01T20:59:59.391+0000] {dag.py:4180} INFO - Setting next_dagrun for power_consumption_etl to 2026-05-01 00:00:00+00:00, run_after=2026-05-02 00:00:00+00:00
[2026-05-01T20:59:59.408+0000] {processor.py:208} INFO - Processing /opt/airflow/dags/scttion.py took 0.087 seconds
[2026-05-01T21:00:29.682+0000] {processor.py:186} INFO - Started process (PID=952) to work on /opt/airflow/dags/scttion.py
[2026-05-01T21:00:29.689+0000] {processor.py:914} INFO - Processing file /opt/airflow/dags/scttion.py for tasks to queue
[2026-05-01T21:00:29.690+0000] {logging_mixin.py:190} INFO - [2026-05-01T21:00:29.690+0000] {dagbag.py:588} INFO - Filling up the DagBag from /opt/airflow/dags/scttion.py
[2026-05-01T21:00:29.701+0000] {processor.py:925} INFO - DAG(s) 'power_consumption_etl' retrieved from /opt/airflow/dags/scttion.py
[2026-05-01T21:00:29.725+0000] {logging_mixin.py:190} INFO - [2026-05-01T21:00:29.724+0000] {dag.py:3239} INFO - Sync 1 DAGs
[2026-05-01T21:00:29.754+0000] {logging_mixin.py:190} INFO - [2026-05-01T21:00:29.753+0000] {dag.py:4180} INFO - Setting next_dagrun for power_consumption_etl to 2026-05-01 00:00:00+00:00, run_after=2026-05-02 00:00:00+00:00
[2026-05-01T21:00:29.776+0000] {processor.py:208} INFO - Processing /opt/airflow/dags/scttion.py took 0.103 seconds
[2026-05-01T21:01:00.062+0000] {processor.py:186} INFO - Started process (PID=968) to work on /opt/airflow/dags/scttion.py
[2026-05-01T21:01:00.063+0000] {processor.py:914} INFO - Processing file /opt/airflow/dags/scttion.py for tasks to queue
[2026-05-01T21:01:00.064+0000] {logging_mixin.py:190} INFO - [2026-05-01T21:01:00.064+0000] {dagbag.py:588} INFO - Filling up the DagBag from /opt/airflow/dags/scttion.py
[2026-05-01T21:01:00.077+0000] {processor.py:925} INFO - DAG(s) 'power_consumption_etl' retrieved from /opt/airflow/dags/scttion.py
[2026-05-01T21:01:00.101+0000] {logging_mixin.py:190} INFO - [2026-05-01T21:01:00.100+0000] {dag.py:3239} INFO - Sync 1 DAGs
[2026-05-01T21:01:00.125+0000] {logging_mixin.py:190} INFO - [2026-05-01T21:01:00.124+0000] {dag.py:4180} INFO - Setting next_dagrun for power_consumption_etl to 2026-05-01 00:00:00+00:00, run_after=2026-05-02 00:00:00+00:00
[2026-05-01T21:01:00.141+0000] {processor.py:208} INFO - Processing /opt/airflow/dags/scttion.py took 0.089 seconds
[2026-05-01T21:01:30.447+0000] {processor.py:186} INFO - Started process (PID=984) to work on /opt/airflow/dags/scttion.py
[2026-05-01T21:01:30.447+0000] {processor.py:914} INFO - Processing file /opt/airflow/dags/scttion.py for tasks to queue
[2026-05-01T21:01:30.449+0000] {logging_mixin.py:190} INFO - [2026-05-01T21:01:30.448+0000] {dagbag.py:588} INFO - Filling up the DagBag from /opt/airflow/dags/scttion.py
[2026-05-01T21:01:30.462+0000] {processor.py:925} INFO - DAG(s) 'power_consumption_etl' retrieved from /opt/airflow/dags/scttion.py
[2026-05-01T21:01:30.491+0000] {logging_mixin.py:190} INFO - [2026-05-01T21:01:30.491+0000] {dag.py:3239} INFO - Sync 1 DAGs
[2026-05-01T21:01:30.522+0000] {logging_mixin.py:190} INFO - [2026-05-01T21:01:30.522+0000] {dag.py:4180} INFO - Setting next_dagrun for power_consumption_etl to 2026-05-01 00:00:00+00:00, run_after=2026-05-02 00:00:00+00:00
[2026-05-01T21:01:30.543+0000] {processor.py:208} INFO - Processing /opt/airflow/dags/scttion.py took 0.104 seconds
[2026-05-01T21:02:00.839+0000] {processor.py:186} INFO - Started process (PID=1000) to work on /opt/airflow/dags/scttion.py
[2026-05-01T21:02:00.846+0000] {processor.py:914} INFO - Processing file /opt/airflow/dags/scttion.py for tasks to queue
[2026-05-01T21:02:00.848+0000] {logging_mixin.py:190} INFO - [2026-05-01T21:02:00.848+0000] {dagbag.py:588} INFO - Filling up the DagBag from /opt/airflow/dags/scttion.py
[2026-05-01T21:02:00.865+0000] {processor.py:925} INFO - DAG(s) 'power_consumption_etl' retrieved from /opt/airflow/dags/scttion.py
[2026-05-01T21:02:00.889+0000] {logging_mixin.py:190} INFO - [2026-05-01T21:02:00.888+0000] {dag.py:3239} INFO - Sync 1 DAGs
[2026-05-01T21:02:00.918+0000] {logging_mixin.py:190} INFO - [2026-05-01T21:02:00.917+0000] {dag.py:4180} INFO - Setting next_dagrun for power_consumption_etl to 2026-05-01 00:00:00+00:00, run_after=2026-05-02 00:00:00+00:00
[2026-05-01T21:02:00.937+0000] {processor.py:208} INFO - Processing /opt/airflow/dags/scttion.py took 0.110 seconds
[2026-05-01T21:02:31.201+0000] {processor.py:186} INFO - Started process (PID=1017) to work on /opt/airflow/dags/scttion.py
[2026-05-01T21:02:31.201+0000] {processor.py:914} INFO - Processing file /opt/airflow/dags/scttion.py for tasks to queue
[2026-05-01T21:02:31.202+0000] {logging_mixin.py:190} INFO - [2026-05-01T21:02:31.202+0000] {dagbag.py:588} INFO - Filling up the DagBag from /opt/airflow/dags/scttion.py
[2026-05-01T21:02:31.212+0000] {processor.py:925} INFO - DAG(s) 'power_consumption_etl' retrieved from /opt/airflow/dags/scttion.py
[2026-05-01T21:02:31.234+0000] {logging_mixin.py:190} INFO - [2026-05-01T21:02:31.234+0000] {dag.py:3239} INFO - Sync 1 DAGs
[2026-05-01T21:02:31.256+0000] {logging_mixin.py:190} INFO - [2026-05-01T21:02:31.256+0000] {dag.py:4180} INFO - Setting next_dagrun for power_consumption_etl to 2026-05-01 00:00:00+00:00, run_after=2026-05-02 00:00:00+00:00
[2026-05-01T21:02:31.270+0000] {processor.py:208} INFO - Processing /opt/airflow/dags/scttion.py took 0.074 seconds
[2026-05-01T21:03:01.562+0000] {processor.py:186} INFO - Started process (PID=1033) to work on /opt/airflow/dags/scttion.py
[2026-05-01T21:03:01.568+0000] {processor.py:914} INFO - Processing file /opt/airflow/dags/scttion.py for tasks to queue
[2026-05-01T21:03:01.570+0000] {logging_mixin.py:190} INFO - [2026-05-01T21:03:01.570+0000] {dagbag.py:588} INFO - Filling up the DagBag from /opt/airflow/dags/scttion.py
[2026-05-01T21:03:01.580+0000] {processor.py:925} INFO - DAG(s) 'power_consumption_etl' retrieved from /opt/airflow/dags/scttion.py
[2026-05-01T21:03:01.603+0000] {logging_mixin.py:190} INFO - [2026-05-01T21:03:01.603+0000] {dag.py:3239} INFO - Sync 1 DAGs
[2026-05-01T21:03:01.625+0000] {logging_mixin.py:190} INFO - [2026-05-01T21:03:01.625+0000] {dag.py:4180} INFO - Setting next_dagrun for power_consumption_etl to 2026-05-01 00:00:00+00:00, run_after=2026-05-02 00:00:00+00:00
[2026-05-01T21:03:01.640+0000] {processor.py:208} INFO - Processing /opt/airflow/dags/scttion.py took 0.083 seconds
[2026-05-01T21:03:31.965+0000] {processor.py:186} INFO - Started process (PID=1049) to work on /opt/airflow/dags/scttion.py
[2026-05-01T21:03:31.966+0000] {processor.py:914} INFO - Processing file /opt/airflow/dags/scttion.py for tasks to queue
[2026-05-01T21:03:31.968+0000] {logging_mixin.py:190} INFO - [2026-05-01T21:03:31.967+0000] {dagbag.py:588} INFO - Filling up the DagBag from /opt/airflow/dags/scttion.py
[2026-05-01T21:03:31.983+0000] {processor.py:925} INFO - DAG(s) 'power_consumption_etl' retrieved from /opt/airflow/dags/scttion.py
[2026-05-01T21:03:32.006+0000] {logging_mixin.py:190} INFO - [2026-05-01T21:03:32.006+0000] {dag.py:3239} INFO - Sync 1 DAGs
[2026-05-01T21:03:32.029+0000] {logging_mixin.py:190} INFO - [2026-05-01T21:03:32.029+0000] {dag.py:4180} INFO - Setting next_dagrun for power_consumption_etl to 2026-05-01 00:00:00+00:00, run_after=2026-05-02 00:00:00+00:00
[2026-05-01T21:03:32.045+0000] {processor.py:208} INFO - Processing /opt/airflow/dags/scttion.py took 0.089 seconds
[2026-05-01T21:04:02.299+0000] {processor.py:186} INFO - Started process (PID=1065) to work on /opt/airflow/dags/scttion.py
[2026-05-01T21:04:02.306+0000] {processor.py:914} INFO - Processing file /opt/airflow/dags/scttion.py for tasks to queue
[2026-05-01T21:04:02.307+0000] {logging_mixin.py:190} INFO - [2026-05-01T21:04:02.307+0000] {dagbag.py:588} INFO - Filling up the DagBag from /opt/airflow/dags/scttion.py
[2026-05-01T21:04:02.322+0000] {processor.py:925} INFO - DAG(s) 'power_consumption_etl' retrieved from /opt/airflow/dags/scttion.py
[2026-05-01T21:04:02.346+0000] {logging_mixin.py:190} INFO - [2026-05-01T21:04:02.346+0000] {dag.py:3239} INFO - Sync 1 DAGs
[2026-05-01T21:04:02.372+0000] {logging_mixin.py:190} INFO - [2026-05-01T21:04:02.372+0000] {dag.py:4180} INFO - Setting next_dagrun for power_consumption_etl to 2026-05-01 00:00:00+00:00, run_after=2026-05-02 00:00:00+00:00
[2026-05-01T21:04:02.388+0000] {processor.py:208} INFO - Processing /opt/airflow/dags/scttion.py took 0.099 seconds
[2026-05-01T21:04:32.653+0000] {processor.py:186} INFO - Started process (PID=1081) to work on /opt/airflow/dags/scttion.py
[2026-05-01T21:04:32.653+0000] {processor.py:914} INFO - Processing file /opt/airflow/dags/scttion.py for tasks to queue
[2026-05-01T21:04:32.654+0000] {logging_mixin.py:190} INFO - [2026-05-01T21:04:32.654+0000] {dagbag.py:588} INFO - Filling up the DagBag from /opt/airflow/dags/scttion.py
[2026-05-01T21:04:32.666+0000] {processor.py:925} INFO - DAG(s) 'power_consumption_etl' retrieved from /opt/airflow/dags/scttion.py
[2026-05-01T21:04:32.689+0000] {logging_mixin.py:190} INFO - [2026-05-01T21:04:32.689+0000] {dag.py:3239} INFO - Sync 1 DAGs
[2026-05-01T21:04:32.715+0000] {logging_mixin.py:190} INFO - [2026-05-01T21:04:32.715+0000] {dag.py:4180} INFO - Setting next_dagrun for power_consumption_etl to 2026-05-01 00:00:00+00:00, run_after=2026-05-02 00:00:00+00:00
[2026-05-01T21:04:32.730+0000] {processor.py:208} INFO - Processing /opt/airflow/dags/scttion.py took 0.082 seconds
[2026-05-01T21:05:03.029+0000] {processor.py:186} INFO - Started process (PID=1097) to work on /opt/airflow/dags/scttion.py
[2026-05-01T21:05:03.030+0000] {processor.py:914} INFO - Processing file /opt/airflow/dags/scttion.py for tasks to queue
[2026-05-01T21:05:03.032+0000] {logging_mixin.py:190} INFO - [2026-05-01T21:05:03.031+0000] {dagbag.py:588} INFO - Filling up the DagBag from /opt/airflow/dags/scttion.py
[2026-05-01T21:05:03.045+0000] {processor.py:925} INFO - DAG(s) 'power_consumption_etl' retrieved from /opt/airflow/dags/scttion.py
[2026-05-01T21:05:03.067+0000] {logging_mixin.py:190} INFO - [2026-05-01T21:05:03.067+0000] {dag.py:3239} INFO - Sync 1 DAGs
[2026-05-01T21:05:03.092+0000] {logging_mixin.py:190} INFO - [2026-05-01T21:05:03.091+0000] {dag.py:4180} INFO - Setting next_dagrun for power_consumption_etl to 2026-05-01 00:00:00+00:00, run_after=2026-05-02 00:00:00+00:00
[2026-05-01T21:05:03.107+0000] {processor.py:208} INFO - Processing /opt/airflow/dags/scttion.py took 0.087 seconds
[2026-05-01T21:05:33.413+0000] {processor.py:186} INFO - Started process (PID=1113) to work on /opt/airflow/dags/scttion.py
[2026-05-01T21:05:33.414+0000] {processor.py:914} INFO - Processing file /opt/airflow/dags/scttion.py for tasks to queue
[2026-05-01T21:05:33.416+0000] {logging_mixin.py:190} INFO - [2026-05-01T21:05:33.416+0000] {dagbag.py:588} INFO - Filling up the DagBag from /opt/airflow/dags/scttion.py
[2026-05-01T21:05:33.434+0000] {processor.py:925} INFO - DAG(s) 'power_consumption_etl' retrieved from /opt/airflow/dags/scttion.py
[2026-05-01T21:05:33.460+0000] {logging_mixin.py:190} INFO - [2026-05-01T21:05:33.460+0000] {dag.py:3239} INFO - Sync 1 DAGs
[2026-05-01T21:05:33.491+0000] {logging_mixin.py:190} INFO - [2026-05-01T21:05:33.491+0000] {dag.py:4180} INFO - Setting next_dagrun for power_consumption_etl to 2026-05-01 00:00:00+00:00, run_after=2026-05-02 00:00:00+00:00
[2026-05-01T21:05:33.514+0000] {processor.py:208} INFO - Processing /opt/airflow/dags/scttion.py took 0.115 seconds
[2026-05-01T21:06:03.784+0000] {processor.py:186} INFO - Started process (PID=1129) to work on /opt/airflow/dags/scttion.py
[2026-05-01T21:06:03.785+0000] {processor.py:914} INFO - Processing file /opt/airflow/dags/scttion.py for tasks to queue
[2026-05-01T21:06:03.787+0000] {logging_mixin.py:190} INFO - [2026-05-01T21:06:03.786+0000] {dagbag.py:588} INFO - Filling up the DagBag from /opt/airflow/dags/scttion.py
[2026-05-01T21:06:03.808+0000] {processor.py:925} INFO - DAG(s) 'power_consumption_etl' retrieved from /opt/airflow/dags/scttion.py
[2026-05-01T21:06:03.844+0000] {logging_mixin.py:190} INFO - [2026-05-01T21:06:03.843+0000] {dag.py:3239} INFO - Sync 1 DAGs
[2026-05-01T21:06:03.880+0000] {logging_mixin.py:190} INFO - [2026-05-01T21:06:03.879+0000] {dag.py:4180} INFO - Setting next_dagrun for power_consumption_etl to 2026-05-01 00:00:00+00:00, run_after=2026-05-02 00:00:00+00:00
[2026-05-01T21:06:03.911+0000] {processor.py:208} INFO - Processing /opt/airflow/dags/scttion.py took 0.136 seconds
[2026-05-01T21:06:34.203+0000] {processor.py:186} INFO - Started process (PID=1145) to work on /opt/airflow/dags/scttion.py
[2026-05-01T21:06:34.204+0000] {processor.py:914} INFO - Processing file /opt/airflow/dags/scttion.py for tasks to queue
[2026-05-01T21:06:34.205+0000] {logging_mixin.py:190} INFO - [2026-05-01T21:06:34.205+0000] {dagbag.py:588} INFO - Filling up the DagBag from /opt/airflow/dags/scttion.py
[2026-05-01T21:06:34.216+0000] {processor.py:925} INFO - DAG(s) 'power_consumption_etl' retrieved from /opt/airflow/dags/scttion.py
[2026-05-01T21:06:34.241+0000] {logging_mixin.py:190} INFO - [2026-05-01T21:06:34.241+0000] {dag.py:3239} INFO - Sync 1 DAGs
[2026-05-01T21:06:34.265+0000] {logging_mixin.py:190} INFO - [2026-05-01T21:06:34.265+0000] {dag.py:4180} INFO - Setting next_dagrun for power_consumption_etl to 2026-05-01 00:00:00+00:00, run_after=2026-05-02 00:00:00+00:00
[2026-05-01T21:06:34.280+0000] {processor.py:208} INFO - Processing /opt/airflow/dags/scttion.py took 0.087 seconds
[2026-05-01T21:07:04.516+0000] {processor.py:186} INFO - Started process (PID=1161) to work on /opt/airflow/dags/scttion.py
[2026-05-01T21:07:04.517+0000] {processor.py:914} INFO - Processing file /opt/airflow/dags/scttion.py for tasks to queue
[2026-05-01T21:07:04.518+0000] {logging_mixin.py:190} INFO - [2026-05-01T21:07:04.518+0000] {dagbag.py:588} INFO - Filling up the DagBag from /opt/airflow/dags/scttion.py
[2026-05-01T21:07:04.531+0000] {processor.py:925} INFO - DAG(s) 'power_consumption_etl' retrieved from /opt/airflow/dags/scttion.py
[2026-05-01T21:07:04.556+0000] {logging_mixin.py:190} INFO - [2026-05-01T21:07:04.555+0000] {dag.py:3239} INFO - Sync 1 DAGs
[2026-05-01T21:07:04.586+0000] {logging_mixin.py:190} INFO - [2026-05-01T21:07:04.585+0000] {dag.py:4180} INFO - Setting next_dagrun for power_consumption_etl to 2026-05-01 00:00:00+00:00, run_after=2026-05-02 00:00:00+00:00
[2026-05-01T21:07:04.605+0000] {processor.py:208} INFO - Processing /opt/airflow/dags/scttion.py took 0.095 seconds
[2026-05-01T21:07:34.865+0000] {processor.py:186} INFO - Started process (PID=1177) to work on /opt/airflow/dags/scttion.py
[2026-05-01T21:07:34.866+0000] {processor.py:914} INFO - Processing file /opt/airflow/dags/scttion.py for tasks to queue
[2026-05-01T21:07:34.868+0000] {logging_mixin.py:190} INFO - [2026-05-01T21:07:34.867+0000] {dagbag.py:588} INFO - Filling up the DagBag from /opt/airflow/dags/scttion.py
[2026-05-01T21:07:34.897+0000] {processor.py:925} INFO - DAG(s) 'power_consumption_etl' retrieved from /opt/airflow/dags/scttion.py
[2026-05-01T21:07:34.928+0000] {logging_mixin.py:190} INFO - [2026-05-01T21:07:34.928+0000] {dag.py:3239} INFO - Sync 1 DAGs
[2026-05-01T21:07:34.973+0000] {logging_mixin.py:190} INFO - [2026-05-01T21:07:34.972+0000] {dag.py:4180} INFO - Setting next_dagrun for power_consumption_etl to 2026-05-01 00:00:00+00:00, run_after=2026-05-02 00:00:00+00:00
[2026-05-01T21:07:34.996+0000] {processor.py:208} INFO - Processing /opt/airflow/dags/scttion.py took 0.138 seconds
[2026-05-01T21:08:05.150+0000] {processor.py:186} INFO - Started process (PID=1193) to work on /opt/airflow/dags/scttion.py
[2026-05-01T21:08:05.151+0000] {processor.py:914} INFO - Processing file /opt/airflow/dags/scttion.py for tasks to queue
[2026-05-01T21:08:05.152+0000] {logging_mixin.py:190} INFO - [2026-05-01T21:08:05.151+0000] {dagbag.py:588} INFO - Filling up the DagBag from /opt/airflow/dags/scttion.py
[2026-05-01T21:08:05.166+0000] {processor.py:925} INFO - DAG(s) 'power_consumption_etl' retrieved from /opt/airflow/dags/scttion.py
[2026-05-01T21:08:05.191+0000] {logging_mixin.py:190} INFO - [2026-05-01T21:08:05.191+0000] {dag.py:3239} INFO - Sync 1 DAGs
[2026-05-01T21:08:05.216+0000] {logging_mixin.py:190} INFO - [2026-05-01T21:08:05.216+0000] {dag.py:4180} INFO - Setting next_dagrun for power_consumption_etl to 2026-05-01 00:00:00+00:00, run_after=2026-05-02 00:00:00+00:00
[2026-05-01T21:08:05.234+0000] {processor.py:208} INFO - Processing /opt/airflow/dags/scttion.py took 0.090 seconds
[2026-05-01T21:08:35.434+0000] {processor.py:186} INFO - Started process (PID=1209) to work on /opt/airflow/dags/scttion.py
[2026-05-01T21:08:35.435+0000] {processor.py:914} INFO - Processing file /opt/airflow/dags/scttion.py for tasks to queue
[2026-05-01T21:08:35.437+0000] {logging_mixin.py:190} INFO - [2026-05-01T21:08:35.436+0000] {dagbag.py:588} INFO - Filling up the DagBag from /opt/airflow/dags/scttion.py
[2026-05-01T21:08:35.452+0000] {processor.py:925} INFO - DAG(s) 'power_consumption_etl' retrieved from /opt/airflow/dags/scttion.py
[2026-05-01T21:08:35.478+0000] {logging_mixin.py:190} INFO - [2026-05-01T21:08:35.478+0000] {dag.py:3239} INFO - Sync 1 DAGs
[2026-05-01T21:08:35.505+0000] {logging_mixin.py:190} INFO - [2026-05-01T21:08:35.505+0000] {dag.py:4180} INFO - Setting next_dagrun for power_consumption_etl to 2026-05-01 00:00:00+00:00, run_after=2026-05-02 00:00:00+00:00
[2026-05-01T21:08:35.521+0000] {processor.py:208} INFO - Processing /opt/airflow/dags/scttion.py took 0.097 seconds
[2026-05-01T21:09:05.799+0000] {processor.py:186} INFO - Started process (PID=1225) to work on /opt/airflow/dags/scttion.py
[2026-05-01T21:09:05.800+0000] {processor.py:914} INFO - Processing file /opt/airflow/dags/scttion.py for tasks to queue
[2026-05-01T21:09:05.803+0000] {logging_mixin.py:190} INFO - [2026-05-01T21:09:05.802+0000] {dagbag.py:588} INFO - Filling up the DagBag from /opt/airflow/dags/scttion.py
[2026-05-01T21:09:05.815+0000] {processor.py:925} INFO - DAG(s) 'power_consumption_etl' retrieved from /opt/airflow/dags/scttion.py
[2026-05-01T21:09:05.839+0000] {logging_mixin.py:190} INFO - [2026-05-01T21:09:05.839+0000] {dag.py:3239} INFO - Sync 1 DAGs
[2026-05-01T21:09:05.865+0000] {logging_mixin.py:190} INFO - [2026-05-01T21:09:05.865+0000] {dag.py:4180} INFO - Setting next_dagrun for power_consumption_etl to 2026-05-01 00:00:00+00:00, run_after=2026-05-02 00:00:00+00:00
[2026-05-01T21:09:05.882+0000] {processor.py:208} INFO - Processing /opt/airflow/dags/scttion.py took 0.090 seconds
[2026-05-01T21:09:36.201+0000] {processor.py:186} INFO - Started process (PID=1241) to work on /opt/airflow/dags/scttion.py
[2026-05-01T21:09:36.201+0000] {processor.py:914} INFO - Processing file /opt/airflow/dags/scttion.py for tasks to queue
[2026-05-01T21:09:36.203+0000] {logging_mixin.py:190} INFO - [2026-05-01T21:09:36.203+0000] {dagbag.py:588} INFO - Filling up the DagBag from /opt/airflow/dags/scttion.py
[2026-05-01T21:09:36.216+0000] {processor.py:925} INFO - DAG(s) 'power_consumption_etl' retrieved from /opt/airflow/dags/scttion.py
[2026-05-01T21:09:36.239+0000] {logging_mixin.py:190} INFO - [2026-05-01T21:09:36.239+0000] {dag.py:3239} INFO - Sync 1 DAGs
[2026-05-01T21:09:36.263+0000] {logging_mixin.py:190} INFO - [2026-05-01T21:09:36.263+0000] {dag.py:4180} INFO - Setting next_dagrun for power_consumption_etl to 2026-05-01 00:00:00+00:00, run_after=2026-05-02 00:00:00+00:00
[2026-05-01T21:09:36.283+0000] {processor.py:208} INFO - Processing /opt/airflow/dags/scttion.py took 0.093 seconds
[2026-05-01T21:10:06.601+0000] {processor.py:186} INFO - Started process (PID=1257) to work on /opt/airflow/dags/scttion.py
[2026-05-01T21:10:06.608+0000] {processor.py:914} INFO - Processing file /opt/airflow/dags/scttion.py for tasks to queue
[2026-05-01T21:10:06.609+0000] {logging_mixin.py:190} INFO - [2026-05-01T21:10:06.609+0000] {dagbag.py:588} INFO - Filling up the DagBag from /opt/airflow/dags/scttion.py
[2026-05-01T21:10:06.626+0000] {processor.py:925} INFO - DAG(s) 'power_consumption_etl' retrieved from /opt/airflow/dags/scttion.py
[2026-05-01T21:10:06.658+0000] {logging_mixin.py:190} INFO - [2026-05-01T21:10:06.658+0000] {dag.py:3239} INFO - Sync 1 DAGs
[2026-05-01T21:10:06.684+0000] {logging_mixin.py:190} INFO - [2026-05-01T21:10:06.684+0000] {dag.py:4180} INFO - Setting next_dagrun for power_consumption_etl to 2026-05-01 00:00:00+00:00, run_after=2026-05-02 00:00:00+00:00
[2026-05-01T21:10:06.701+0000] {processor.py:208} INFO - Processing /opt/airflow/dags/scttion.py took 0.112 seconds
[2026-05-01T21:10:37.025+0000] {processor.py:186} INFO - Started process (PID=1273) to work on /opt/airflow/dags/scttion.py
[2026-05-01T21:10:37.026+0000] {processor.py:914} INFO - Processing file /opt/airflow/dags/scttion.py for tasks to queue
[2026-05-01T21:10:37.028+0000] {logging_mixin.py:190} INFO - [2026-05-01T21:10:37.027+0000] {dagbag.py:588} INFO - Filling up the DagBag from /opt/airflow/dags/scttion.py
[2026-05-01T21:10:37.041+0000] {processor.py:925} INFO - DAG(s) 'power_consumption_etl' retrieved from /opt/airflow/dags/scttion.py
[2026-05-01T21:10:37.073+0000] {logging_mixin.py:190} INFO - [2026-05-01T21:10:37.073+0000] {dag.py:3239} INFO - Sync 1 DAGs
[2026-05-01T21:10:37.098+0000] {logging_mixin.py:190} INFO - [2026-05-01T21:10:37.098+0000] {dag.py:4180} INFO - Setting next_dagrun for power_consumption_etl to 2026-05-01 00:00:00+00:00, run_after=2026-05-02 00:00:00+00:00
[2026-05-01T21:10:37.113+0000] {processor.py:208} INFO - Processing /opt/airflow/dags/scttion.py took 0.098 seconds
[2026-05-01T21:11:07.422+0000] {processor.py:186} INFO - Started process (PID=1289) to work on /opt/airflow/dags/scttion.py
[2026-05-01T21:11:07.429+0000] {processor.py:914} INFO - Processing file /opt/airflow/dags/scttion.py for tasks to queue
[2026-05-01T21:11:07.430+0000] {logging_mixin.py:190} INFO - [2026-05-01T21:11:07.430+0000] {dagbag.py:588} INFO - Filling up the DagBag from /opt/airflow/dags/scttion.py
[2026-05-01T21:11:07.444+0000] {processor.py:925} INFO - DAG(s) 'power_consumption_etl' retrieved from /opt/airflow/dags/scttion.py
[2026-05-01T21:11:07.470+0000] {logging_mixin.py:190} INFO - [2026-05-01T21:11:07.470+0000] {dag.py:3239} INFO - Sync 1 DAGs
[2026-05-01T21:11:07.497+0000] {logging_mixin.py:190} INFO - [2026-05-01T21:11:07.496+0000] {dag.py:4180} INFO - Setting next_dagrun for power_consumption_etl to 2026-05-01 00:00:00+00:00, run_after=2026-05-02 00:00:00+00:00
[2026-05-01T21:11:07.512+0000] {processor.py:208} INFO - Processing /opt/airflow/dags/scttion.py took 0.100 seconds
[2026-05-01T21:11:37.849+0000] {processor.py:186} INFO - Started process (PID=1305) to work on /opt/airflow/dags/scttion.py
[2026-05-01T21:11:37.850+0000] {processor.py:914} INFO - Processing file /opt/airflow/dags/scttion.py for tasks to queue
[2026-05-01T21:11:37.851+0000] {logging_mixin.py:190} INFO - [2026-05-01T21:11:37.851+0000] {dagbag.py:588} INFO - Filling up the DagBag from /opt/airflow/dags/scttion.py
[2026-05-01T21:11:37.865+0000] {processor.py:925} INFO - DAG(s) 'power_consumption_etl' retrieved from /opt/airflow/dags/scttion.py
[2026-05-01T21:11:37.890+0000] {logging_mixin.py:190} INFO - [2026-05-01T21:11:37.889+0000] {dag.py:3239} INFO - Sync 1 DAGs
[2026-05-01T21:11:37.921+0000] {logging_mixin.py:190} INFO - [2026-05-01T21:11:37.921+0000] {dag.py:4180} INFO - Setting next_dagrun for power_consumption_etl to 2026-05-01 00:00:00+00:00, run_after=2026-05-02 00:00:00+00:00
[2026-05-01T21:11:37.937+0000] {processor.py:208} INFO - Processing /opt/airflow/dags/scttion.py took 0.096 seconds
[2026-05-01T21:12:08.226+0000] {processor.py:186} INFO - Started process (PID=1321) to work on /opt/airflow/dags/scttion.py
[2026-05-01T21:12:08.227+0000] {processor.py:914} INFO - Processing file /opt/airflow/dags/scttion.py for tasks to queue
[2026-05-01T21:12:08.228+0000] {logging_mixin.py:190} INFO - [2026-05-01T21:12:08.228+0000] {dagbag.py:588} INFO - Filling up the DagBag from /opt/airflow/dags/scttion.py
[2026-05-01T21:12:08.239+0000] {processor.py:925} INFO - DAG(s) 'power_consumption_etl' retrieved from /opt/airflow/dags/scttion.py
[2026-05-01T21:12:08.265+0000] {logging_mixin.py:190} INFO - [2026-05-01T21:12:08.264+0000] {dag.py:3239} INFO - Sync 1 DAGs
[2026-05-01T21:12:08.289+0000] {logging_mixin.py:190} INFO - [2026-05-01T21:12:08.288+0000] {dag.py:4180} INFO - Setting next_dagrun for power_consumption_etl to 2026-05-01 00:00:00+00:00, run_after=2026-05-02 00:00:00+00:00
[2026-05-01T21:12:08.305+0000] {processor.py:208} INFO - Processing /opt/airflow/dags/scttion.py took 0.087 seconds
[2026-05-01T21:12:38.591+0000] {processor.py:186} INFO - Started process (PID=1337) to work on /opt/airflow/dags/scttion.py
[2026-05-01T21:12:38.591+0000] {processor.py:914} INFO - Processing file /opt/airflow/dags/scttion.py for tasks to queue
[2026-05-01T21:12:38.593+0000] {logging_mixin.py:190} INFO - [2026-05-01T21:12:38.593+0000] {dagbag.py:588} INFO - Filling up the DagBag from /opt/airflow/dags/scttion.py
[2026-05-01T21:12:38.605+0000] {processor.py:925} INFO - DAG(s) 'power_consumption_etl' retrieved from /opt/airflow/dags/scttion.py
[2026-05-01T21:12:38.628+0000] {logging_mixin.py:190} INFO - [2026-05-01T21:12:38.628+0000] {dag.py:3239} INFO - Sync 1 DAGs
[2026-05-01T21:12:38.653+0000] {logging_mixin.py:190} INFO - [2026-05-01T21:12:38.653+0000] {dag.py:4180} INFO - Setting next_dagrun for power_consumption_etl to 2026-05-01 00:00:00+00:00, run_after=2026-05-02 00:00:00+00:00
[2026-05-01T21:12:38.670+0000] {processor.py:208} INFO - Processing /opt/airflow/dags/scttion.py took 0.089 seconds
[2026-05-01T21:13:08.965+0000] {processor.py:186} INFO - Started process (PID=1353) to work on /opt/airflow/dags/scttion.py
[2026-05-01T21:13:08.967+0000] {processor.py:914} INFO - Processing file /opt/airflow/dags/scttion.py for tasks to queue
[2026-05-01T21:13:08.969+0000] {logging_mixin.py:190} INFO - [2026-05-01T21:13:08.968+0000] {dagbag.py:588} INFO - Filling up the DagBag from /opt/airflow/dags/scttion.py
[2026-05-01T21:13:08.990+0000] {processor.py:925} INFO - DAG(s) 'power_consumption_etl' retrieved from /opt/airflow/dags/scttion.py
[2026-05-01T21:13:09.013+0000] {logging_mixin.py:190} INFO - [2026-05-01T21:13:09.013+0000] {dag.py:3239} INFO - Sync 1 DAGs
[2026-05-01T21:13:09.041+0000] {logging_mixin.py:190} INFO - [2026-05-01T21:13:09.040+0000] {dag.py:4180} INFO - Setting next_dagrun for power_consumption_etl to 2026-05-01 00:00:00+00:00, run_after=2026-05-02 00:00:00+00:00
[2026-05-01T21:13:09.055+0000] {processor.py:208} INFO - Processing /opt/airflow/dags/scttion.py took 0.105 seconds
[2026-05-01T21:13:39.376+0000] {processor.py:186} INFO - Started process (PID=1369) to work on /opt/airflow/dags/scttion.py
[2026-05-01T21:13:39.376+0000] {processor.py:914} INFO - Processing file /opt/airflow/dags/scttion.py for tasks to queue
[2026-05-01T21:13:39.377+0000] {logging_mixin.py:190} INFO - [2026-05-01T21:13:39.377+0000] {dagbag.py:588} INFO - Filling up the DagBag from /opt/airflow/dags/scttion.py
[2026-05-01T21:13:39.393+0000] {processor.py:925} INFO - DAG(s) 'power_consumption_etl' retrieved from /opt/airflow/dags/scttion.py
[2026-05-01T21:13:39.415+0000] {logging_mixin.py:190} INFO - [2026-05-01T21:13:39.415+0000] {dag.py:3239} INFO - Sync 1 DAGs
[2026-05-01T21:13:39.441+0000] {logging_mixin.py:190} INFO - [2026-05-01T21:13:39.441+0000] {dag.py:4180} INFO - Setting next_dagrun for power_consumption_etl to 2026-05-01 00:00:00+00:00, run_after=2026-05-02 00:00:00+00:00
[2026-05-01T21:13:39.458+0000] {processor.py:208} INFO - Processing /opt/airflow/dags/scttion.py took 0.091 seconds
[2026-05-01T21:14:09.752+0000] {processor.py:186} INFO - Started process (PID=1385) to work on /opt/airflow/dags/scttion.py
[2026-05-01T21:14:09.752+0000] {processor.py:914} INFO - Processing file /opt/airflow/dags/scttion.py for tasks to queue
[2026-05-01T21:14:09.754+0000] {logging_mixin.py:190} INFO - [2026-05-01T21:14:09.754+0000] {dagbag.py:588} INFO - Filling up the DagBag from /opt/airflow/dags/scttion.py
[2026-05-01T21:14:09.766+0000] {processor.py:925} INFO - DAG(s) 'power_consumption_etl' retrieved from /opt/airflow/dags/scttion.py
[2026-05-01T21:14:09.790+0000] {logging_mixin.py:190} INFO - [2026-05-01T21:14:09.790+0000] {dag.py:3239} INFO - Sync 1 DAGs
[2026-05-01T21:14:09.815+0000] {logging_mixin.py:190} INFO - [2026-05-01T21:14:09.814+0000] {dag.py:4180} INFO - Setting next_dagrun for power_consumption_etl to 2026-05-01 00:00:00+00:00, run_after=2026-05-02 00:00:00+00:00
[2026-05-01T21:14:09.830+0000] {processor.py:208} INFO - Processing /opt/airflow/dags/scttion.py took 0.088 seconds
[2026-05-01T21:14:40.141+0000] {processor.py:186} INFO - Started process (PID=1401) to work on /opt/airflow/dags/scttion.py
[2026-05-01T21:14:40.142+0000] {processor.py:914} INFO - Processing file /opt/airflow/dags/scttion.py for tasks to queue
[2026-05-01T21:14:40.143+0000] {logging_mixin.py:190} INFO - [2026-05-01T21:14:40.143+0000] {dagbag.py:588} INFO - Filling up the DagBag from /opt/airflow/dags/scttion.py
[2026-05-01T21:14:40.157+0000] {processor.py:925} INFO - DAG(s) 'power_consumption_etl' retrieved from /opt/airflow/dags/scttion.py
[2026-05-01T21:14:40.179+0000] {logging_mixin.py:190} INFO - [2026-05-01T21:14:40.179+0000] {dag.py:3239} INFO - Sync 1 DAGs
[2026-05-01T21:14:40.201+0000] {logging_mixin.py:190} INFO - [2026-05-01T21:14:40.201+0000] {dag.py:4180} INFO - Setting next_dagrun for power_consumption_etl to 2026-05-01 00:00:00+00:00, run_after=2026-05-02 00:00:00+00:00
[2026-05-01T21:14:40.225+0000] {processor.py:208} INFO - Processing /opt/airflow/dags/scttion.py took 0.095 seconds
[2026-05-01T21:15:10.498+0000] {processor.py:186} INFO - Started process (PID=1417) to work on /opt/airflow/dags/scttion.py
[2026-05-01T21:15:10.500+0000] {processor.py:914} INFO - Processing file /opt/airflow/dags/scttion.py for tasks to queue
[2026-05-01T21:15:10.503+0000] {logging_mixin.py:190} INFO - [2026-05-01T21:15:10.502+0000] {dagbag.py:588} INFO - Filling up the DagBag from /opt/airflow/dags/scttion.py
[2026-05-01T21:15:10.515+0000] {processor.py:925} INFO - DAG(s) 'power_consumption_etl' retrieved from /opt/airflow/dags/scttion.py
[2026-05-01T21:15:10.538+0000] {logging_mixin.py:190} INFO - [2026-05-01T21:15:10.538+0000] {dag.py:3239} INFO - Sync 1 DAGs
[2026-05-01T21:15:10.563+0000] {logging_mixin.py:190} INFO - [2026-05-01T21:15:10.563+0000] {dag.py:4180} INFO - Setting next_dagrun for power_consumption_etl to 2026-05-01 00:00:00+00:00, run_after=2026-05-02 00:00:00+00:00
[2026-05-01T21:15:10.581+0000] {processor.py:208} INFO - Processing /opt/airflow/dags/scttion.py took 0.088 seconds
[2026-05-01T21:15:40.879+0000] {processor.py:186} INFO - Started process (PID=1433) to work on /opt/airflow/dags/scttion.py
[2026-05-01T21:15:40.886+0000] {processor.py:914} INFO - Processing file /opt/airflow/dags/scttion.py for tasks to queue
[2026-05-01T21:15:40.888+0000] {logging_mixin.py:190} INFO - [2026-05-01T21:15:40.888+0000] {dagbag.py:588} INFO - Filling up the DagBag from /opt/airflow/dags/scttion.py
[2026-05-01T21:15:40.903+0000] {processor.py:925} INFO - DAG(s) 'power_consumption_etl' retrieved from /opt/airflow/dags/scttion.py
[2026-05-01T21:15:40.927+0000] {logging_mixin.py:190} INFO - [2026-05-01T21:15:40.926+0000] {dag.py:3239} INFO - Sync 1 DAGs
[2026-05-01T21:15:40.954+0000] {logging_mixin.py:190} INFO - [2026-05-01T21:15:40.954+0000] {dag.py:4180} INFO - Setting next_dagrun for power_consumption_etl to 2026-05-01 00:00:00+00:00, run_after=2026-05-02 00:00:00+00:00
[2026-05-01T21:15:40.972+0000] {processor.py:208} INFO - Processing /opt/airflow/dags/scttion.py took 0.102 seconds
[2026-05-01T21:16:11.291+0000] {processor.py:186} INFO - Started process (PID=1449) to work on /opt/airflow/dags/scttion.py
[2026-05-01T21:16:11.292+0000] {processor.py:914} INFO - Processing file /opt/airflow/dags/scttion.py for tasks to queue
[2026-05-01T21:16:11.293+0000] {logging_mixin.py:190} INFO - [2026-05-01T21:16:11.293+0000] {dagbag.py:588} INFO - Filling up the DagBag from /opt/airflow/dags/scttion.py
[2026-05-01T21:16:11.306+0000] {processor.py:925} INFO - DAG(s) 'power_consumption_etl' retrieved from /opt/airflow/dags/scttion.py
[2026-05-01T21:16:11.329+0000] {logging_mixin.py:190} INFO - [2026-05-01T21:16:11.329+0000] {dag.py:3239} INFO - Sync 1 DAGs
[2026-05-01T21:16:11.356+0000] {logging_mixin.py:190} INFO - [2026-05-01T21:16:11.355+0000] {dag.py:4180} INFO - Setting next_dagrun for power_consumption_etl to 2026-05-01 00:00:00+00:00, run_after=2026-05-02 00:00:00+00:00
[2026-05-01T21:16:11.373+0000] {processor.py:208} INFO - Processing /opt/airflow/dags/scttion.py took 0.091 seconds
[2026-05-01T21:16:41.698+0000] {processor.py:186} INFO - Started process (PID=1465) to work on /opt/airflow/dags/scttion.py
[2026-05-01T21:16:41.704+0000] {processor.py:914} INFO - Processing file /opt/airflow/dags/scttion.py for tasks to queue
[2026-05-01T21:16:41.705+0000] {logging_mixin.py:190} INFO - [2026-05-01T21:16:41.705+0000] {dagbag.py:588} INFO - Filling up the DagBag from /opt/airflow/dags/scttion.py
[2026-05-01T21:16:41.718+0000] {processor.py:925} INFO - DAG(s) 'power_consumption_etl' retrieved from /opt/airflow/dags/scttion.py
[2026-05-01T21:16:41.742+0000] {logging_mixin.py:190} INFO - [2026-05-01T21:16:41.742+0000] {dag.py:3239} INFO - Sync 1 DAGs
[2026-05-01T21:16:41.768+0000] {logging_mixin.py:190} INFO - [2026-05-01T21:16:41.768+0000] {dag.py:4180} INFO - Setting next_dagrun for power_consumption_etl to 2026-05-01 00:00:00+00:00, run_after=2026-05-02 00:00:00+00:00
[2026-05-01T21:16:41.784+0000] {processor.py:208} INFO - Processing /opt/airflow/dags/scttion.py took 0.095 seconds
[2026-05-01T21:17:12.075+0000] {processor.py:186} INFO - Started process (PID=1481) to work on /opt/airflow/dags/scttion.py
[2026-05-01T21:17:12.076+0000] {processor.py:914} INFO - Processing file /opt/airflow/dags/scttion.py for tasks to queue
[2026-05-01T21:17:12.077+0000] {logging_mixin.py:190} INFO - [2026-05-01T21:17:12.077+0000] {dagbag.py:588} INFO - Filling up the DagBag from /opt/airflow/dags/scttion.py
[2026-05-01T21:17:12.091+0000] {processor.py:925} INFO - DAG(s) 'power_consumption_etl' retrieved from /opt/airflow/dags/scttion.py
[2026-05-01T21:17:12.114+0000] {logging_mixin.py:190} INFO - [2026-05-01T21:17:12.113+0000] {dag.py:3239} INFO - Sync 1 DAGs
[2026-05-01T21:17:12.139+0000] {logging_mixin.py:190} INFO - [2026-05-01T21:17:12.139+0000] {dag.py:4180} INFO - Setting next_dagrun for power_consumption_etl to 2026-05-01 00:00:00+00:00, run_after=2026-05-02 00:00:00+00:00
[2026-05-01T21:17:12.154+0000] {processor.py:208} INFO - Processing /opt/airflow/dags/scttion.py took 0.088 seconds
[2026-05-01T21:17:42.452+0000] {processor.py:186} INFO - Started process (PID=1497) to work on /opt/airflow/dags/scttion.py
[2026-05-01T21:17:42.459+0000] {processor.py:914} INFO - Processing file /opt/airflow/dags/scttion.py for tasks to queue
[2026-05-01T21:17:42.461+0000] {logging_mixin.py:190} INFO - [2026-05-01T21:17:42.460+0000] {dagbag.py:588} INFO - Filling up the DagBag from /opt/airflow/dags/scttion.py
[2026-05-01T21:17:42.476+0000] {processor.py:925} INFO - DAG(s) 'power_consumption_etl' retrieved from /opt/airflow/dags/scttion.py
[2026-05-01T21:17:42.502+0000] {logging_mixin.py:190} INFO - [2026-05-01T21:17:42.502+0000] {dag.py:3239} INFO - Sync 1 DAGs
[2026-05-01T21:17:42.528+0000] {logging_mixin.py:190} INFO - [2026-05-01T21:17:42.527+0000] {dag.py:4180} INFO - Setting next_dagrun for power_consumption_etl to 2026-05-01 00:00:00+00:00, run_after=2026-05-02 00:00:00+00:00
[2026-05-01T21:17:42.544+0000] {processor.py:208} INFO - Processing /opt/airflow/dags/scttion.py took 0.101 seconds
[2026-05-01T21:18:12.838+0000] {processor.py:186} INFO - Started process (PID=1513) to work on /opt/airflow/dags/scttion.py
[2026-05-01T21:18:12.838+0000] {processor.py:914} INFO - Processing file /opt/airflow/dags/scttion.py for tasks to queue
[2026-05-01T21:18:12.840+0000] {logging_mixin.py:190} INFO - [2026-05-01T21:18:12.839+0000] {dagbag.py:588} INFO - Filling up the DagBag from /opt/airflow/dags/scttion.py
[2026-05-01T21:18:12.853+0000] {processor.py:925} INFO - DAG(s) 'power_consumption_etl' retrieved from /opt/airflow/dags/scttion.py
[2026-05-01T21:18:12.878+0000] {logging_mixin.py:190} INFO - [2026-05-01T21:18:12.878+0000] {dag.py:3239} INFO - Sync 1 DAGs
[2026-05-01T21:18:12.903+0000] {logging_mixin.py:190} INFO - [2026-05-01T21:18:12.903+0000] {dag.py:4180} INFO - Setting next_dagrun for power_consumption_etl to 2026-05-01 00:00:00+00:00, run_after=2026-05-02 00:00:00+00:00
[2026-05-01T21:18:12.922+0000] {processor.py:208} INFO - Processing /opt/airflow/dags/scttion.py took 0.093 seconds
[2026-05-01T21:18:43.227+0000] {processor.py:186} INFO - Started process (PID=1529) to work on /opt/airflow/dags/scttion.py
[2026-05-01T21:18:43.234+0000] {processor.py:914} INFO - Processing file /opt/airflow/dags/scttion.py for tasks to queue
[2026-05-01T21:18:43.236+0000] {logging_mixin.py:190} INFO - [2026-05-01T21:18:43.236+0000] {dagbag.py:588} INFO - Filling up the DagBag from /opt/airflow/dags/scttion.py
[2026-05-01T21:18:43.255+0000] {processor.py:925} INFO - DAG(s) 'power_consumption_etl' retrieved from /opt/airflow/dags/scttion.py
[2026-05-01T21:18:43.278+0000] {logging_mixin.py:190} INFO - [2026-05-01T21:18:43.278+0000] {dag.py:3239} INFO - Sync 1 DAGs
[2026-05-01T21:18:43.308+0000] {logging_mixin.py:190} INFO - [2026-05-01T21:18:43.307+0000] {dag.py:4180} INFO - Setting next_dagrun for power_consumption_etl to 2026-05-01 00:00:00+00:00, run_after=2026-05-02 00:00:00+00:00
[2026-05-01T21:18:43.326+0000] {processor.py:208} INFO - Processing /opt/airflow/dags/scttion.py took 0.108 seconds
[2026-05-01T21:19:13.634+0000] {processor.py:186} INFO - Started process (PID=1545) to work on /opt/airflow/dags/scttion.py
[2026-05-01T21:19:13.635+0000] {processor.py:914} INFO - Processing file /opt/airflow/dags/scttion.py for tasks to queue
[2026-05-01T21:19:13.636+0000] {logging_mixin.py:190} INFO - [2026-05-01T21:19:13.636+0000] {dagbag.py:588} INFO - Filling up the DagBag from /opt/airflow/dags/scttion.py
[2026-05-01T21:19:13.648+0000] {processor.py:925} INFO - DAG(s) 'power_consumption_etl' retrieved from /opt/airflow/dags/scttion.py
[2026-05-01T21:19:13.672+0000] {logging_mixin.py:190} INFO - [2026-05-01T21:19:13.672+0000] {dag.py:3239} INFO - Sync 1 DAGs
[2026-05-01T21:19:13.697+0000] {logging_mixin.py:190} INFO - [2026-05-01T21:19:13.697+0000] {dag.py:4180} INFO - Setting next_dagrun for power_consumption_etl to 2026-05-01 00:00:00+00:00, run_after=2026-05-02 00:00:00+00:00
[2026-05-01T21:19:13.714+0000] {processor.py:208} INFO - Processing /opt/airflow/dags/scttion.py took 0.088 seconds
[2026-05-01T21:19:44.028+0000] {processor.py:186} INFO - Started process (PID=1561) to work on /opt/airflow/dags/scttion.py
[2026-05-01T21:19:44.035+0000] {processor.py:914} INFO - Processing file /opt/airflow/dags/scttion.py for tasks to queue
[2026-05-01T21:19:44.037+0000] {logging_mixin.py:190} INFO - [2026-05-01T21:19:44.036+0000] {dagbag.py:588} INFO - Filling up the DagBag from /opt/airflow/dags/scttion.py
[2026-05-01T21:19:44.051+0000] {processor.py:925} INFO - DAG(s) 'power_consumption_etl' retrieved from /opt/airflow/dags/scttion.py
[2026-05-01T21:19:44.074+0000] {logging_mixin.py:190} INFO - [2026-05-01T21:19:44.074+0000] {dag.py:3239} INFO - Sync 1 DAGs
[2026-05-01T21:19:44.099+0000] {logging_mixin.py:190} INFO - [2026-05-01T21:19:44.098+0000] {dag.py:4180} INFO - Setting next_dagrun for power_consumption_etl to 2026-05-01 00:00:00+00:00, run_after=2026-05-02 00:00:00+00:00
[2026-05-01T21:19:44.114+0000] {processor.py:208} INFO - Processing /opt/airflow/dags/scttion.py took 0.095 seconds
[2026-05-01T21:20:14.422+0000] {processor.py:186} INFO - Started process (PID=1577) to work on /opt/airflow/dags/scttion.py
[2026-05-01T21:20:14.423+0000] {processor.py:914} INFO - Processing file /opt/airflow/dags/scttion.py for tasks to queue
[2026-05-01T21:20:14.425+0000] {logging_mixin.py:190} INFO - [2026-05-01T21:20:14.424+0000] {dagbag.py:588} INFO - Filling up the DagBag from /opt/airflow/dags/scttion.py
[2026-05-01T21:20:14.439+0000] {processor.py:925} INFO - DAG(s) 'power_consumption_etl' retrieved from /opt/airflow/dags/scttion.py
[2026-05-01T21:20:14.462+0000] {logging_mixin.py:190} INFO - [2026-05-01T21:20:14.462+0000] {dag.py:3239} INFO - Sync 1 DAGs
[2026-05-01T21:20:14.489+0000] {logging_mixin.py:190} INFO - [2026-05-01T21:20:14.489+0000] {dag.py:4180} INFO - Setting next_dagrun for power_consumption_etl to 2026-05-01 00:00:00+00:00, run_after=2026-05-02 00:00:00+00:00
[2026-05-01T21:20:14.506+0000] {processor.py:208} INFO - Processing /opt/airflow/dags/scttion.py took 0.092 seconds
[2026-05-01T21:20:44.798+0000] {processor.py:186} INFO - Started process (PID=1593) to work on /opt/airflow/dags/scttion.py
[2026-05-01T21:20:44.799+0000] {processor.py:914} INFO - Processing file /opt/airflow/dags/scttion.py for tasks to queue
[2026-05-01T21:20:44.800+0000] {logging_mixin.py:190} INFO - [2026-05-01T21:20:44.800+0000] {dagbag.py:588} INFO - Filling up the DagBag from /opt/airflow/dags/scttion.py
[2026-05-01T21:20:44.813+0000] {processor.py:925} INFO - DAG(s) 'power_consumption_etl' retrieved from /opt/airflow/dags/scttion.py
[2026-05-01T21:20:44.837+0000] {logging_mixin.py:190} INFO - [2026-05-01T21:20:44.837+0000] {dag.py:3239} INFO - Sync 1 DAGs
[2026-05-01T21:20:44.863+0000] {logging_mixin.py:190} INFO - [2026-05-01T21:20:44.862+0000] {dag.py:4180} INFO - Setting next_dagrun for power_consumption_etl to 2026-05-01 00:00:00+00:00, run_after=2026-05-02 00:00:00+00:00
[2026-05-01T21:20:44.880+0000] {processor.py:208} INFO - Processing /opt/airflow/dags/scttion.py took 0.090 seconds
[2026-05-01T21:21:15.174+0000] {processor.py:186} INFO - Started process (PID=1609) to work on /opt/airflow/dags/scttion.py
[2026-05-01T21:21:15.175+0000] {processor.py:914} INFO - Processing file /opt/airflow/dags/scttion.py for tasks to queue
[2026-05-01T21:21:15.177+0000] {logging_mixin.py:190} INFO - [2026-05-01T21:21:15.177+0000] {dagbag.py:588} INFO - Filling up the DagBag from /opt/airflow/dags/scttion.py
[2026-05-01T21:21:15.196+0000] {processor.py:925} INFO - DAG(s) 'power_consumption_etl' retrieved from /opt/airflow/dags/scttion.py
[2026-05-01T21:21:15.219+0000] {logging_mixin.py:190} INFO - [2026-05-01T21:21:15.219+0000] {dag.py:3239} INFO - Sync 1 DAGs
[2026-05-01T21:21:15.243+0000] {logging_mixin.py:190} INFO - [2026-05-01T21:21:15.243+0000] {dag.py:4180} INFO - Setting next_dagrun for power_consumption_etl to 2026-05-01 00:00:00+00:00, run_after=2026-05-02 00:00:00+00:00
[2026-05-01T21:21:15.261+0000] {processor.py:208} INFO - Processing /opt/airflow/dags/scttion.py took 0.101 seconds
[2026-05-01T21:21:45.602+0000] {processor.py:186} INFO - Started process (PID=1625) to work on /opt/airflow/dags/scttion.py
[2026-05-01T21:21:45.609+0000] {processor.py:914} INFO - Processing file /opt/airflow/dags/scttion.py for tasks to queue
[2026-05-01T21:21:45.611+0000] {logging_mixin.py:190} INFO - [2026-05-01T21:21:45.610+0000] {dagbag.py:588} INFO - Filling up the DagBag from /opt/airflow/dags/scttion.py
[2026-05-01T21:21:45.623+0000] {processor.py:925} INFO - DAG(s) 'power_consumption_etl' retrieved from /opt/airflow/dags/scttion.py
[2026-05-01T21:21:45.649+0000] {logging_mixin.py:190} INFO - [2026-05-01T21:21:45.649+0000] {dag.py:3239} INFO - Sync 1 DAGs
[2026-05-01T21:21:45.676+0000] {logging_mixin.py:190} INFO - [2026-05-01T21:21:45.676+0000] {dag.py:4180} INFO - Setting next_dagrun for power_consumption_etl to 2026-05-01 00:00:00+00:00, run_after=2026-05-02 00:00:00+00:00
[2026-05-01T21:21:45.694+0000] {processor.py:208} INFO - Processing /opt/airflow/dags/scttion.py took 0.102 seconds
[2026-05-01T21:22:16.015+0000] {processor.py:186} INFO - Started process (PID=1641) to work on /opt/airflow/dags/scttion.py
[2026-05-01T21:22:16.016+0000] {processor.py:914} INFO - Processing file /opt/airflow/dags/scttion.py for tasks to queue
[2026-05-01T21:22:16.017+0000] {logging_mixin.py:190} INFO - [2026-05-01T21:22:16.017+0000] {dagbag.py:588} INFO - Filling up the DagBag from /opt/airflow/dags/scttion.py
[2026-05-01T21:22:16.028+0000] {processor.py:925} INFO - DAG(s) 'power_consumption_etl' retrieved from /opt/airflow/dags/scttion.py
[2026-05-01T21:22:16.051+0000] {logging_mixin.py:190} INFO - [2026-05-01T21:22:16.051+0000] {dag.py:3239} INFO - Sync 1 DAGs
[2026-05-01T21:22:16.075+0000] {logging_mixin.py:190} INFO - [2026-05-01T21:22:16.075+0000] {dag.py:4180} INFO - Setting next_dagrun for power_consumption_etl to 2026-05-01 00:00:00+00:00, run_after=2026-05-02 00:00:00+00:00
[2026-05-01T21:22:16.090+0000] {processor.py:208} INFO - Processing /opt/airflow/dags/scttion.py took 0.087 seconds
[2026-05-01T21:22:46.385+0000] {processor.py:186} INFO - Started process (PID=1657) to work on /opt/airflow/dags/scttion.py
[2026-05-01T21:22:46.392+0000] {processor.py:914} INFO - Processing file /opt/airflow/dags/scttion.py for tasks to queue
[2026-05-01T21:22:46.393+0000] {logging_mixin.py:190} INFO - [2026-05-01T21:22:46.393+0000] {dagbag.py:588} INFO - Filling up the DagBag from /opt/airflow/dags/scttion.py
[2026-05-01T21:22:46.407+0000] {processor.py:925} INFO - DAG(s) 'power_consumption_etl' retrieved from /opt/airflow/dags/scttion.py
[2026-05-01T21:22:46.432+0000] {logging_mixin.py:190} INFO - [2026-05-01T21:22:46.431+0000] {dag.py:3239} INFO - Sync 1 DAGs
[2026-05-01T21:22:46.457+0000] {logging_mixin.py:190} INFO - [2026-05-01T21:22:46.457+0000] {dag.py:4180} INFO - Setting next_dagrun for power_consumption_etl to 2026-05-01 00:00:00+00:00, run_after=2026-05-02 00:00:00+00:00
[2026-05-01T21:22:46.474+0000] {processor.py:208} INFO - Processing /opt/airflow/dags/scttion.py took 0.097 seconds
[2026-05-01T21:23:16.790+0000] {processor.py:186} INFO - Started process (PID=1673) to work on /opt/airflow/dags/scttion.py
[2026-05-01T21:23:16.791+0000] {processor.py:914} INFO - Processing file /opt/airflow/dags/scttion.py for tasks to queue
[2026-05-01T21:23:16.793+0000] {logging_mixin.py:190} INFO - [2026-05-01T21:23:16.792+0000] {dagbag.py:588} INFO - Filling up the DagBag from /opt/airflow/dags/scttion.py
[2026-05-01T21:23:16.808+0000] {processor.py:925} INFO - DAG(s) 'power_consumption_etl' retrieved from /opt/airflow/dags/scttion.py
[2026-05-01T21:23:16.832+0000] {logging_mixin.py:190} INFO - [2026-05-01T21:23:16.832+0000] {dag.py:3239} INFO - Sync 1 DAGs
[2026-05-01T21:23:16.859+0000] {logging_mixin.py:190} INFO - [2026-05-01T21:23:16.858+0000] {dag.py:4180} INFO - Setting next_dagrun for power_consumption_etl to 2026-05-01 00:00:00+00:00, run_after=2026-05-02 00:00:00+00:00
[2026-05-01T21:23:16.875+0000] {processor.py:208} INFO - Processing /opt/airflow/dags/scttion.py took 0.096 seconds
[2026-05-01T21:23:47.189+0000] {processor.py:186} INFO - Started process (PID=1689) to work on /opt/airflow/dags/scttion.py
[2026-05-01T21:23:47.190+0000] {processor.py:914} INFO - Processing file /opt/airflow/dags/scttion.py for tasks to queue
[2026-05-01T21:23:47.192+0000] {logging_mixin.py:190} INFO - [2026-05-01T21:23:47.192+0000] {dagbag.py:588} INFO - Filling up the DagBag from /opt/airflow/dags/scttion.py
[2026-05-01T21:23:47.207+0000] {processor.py:925} INFO - DAG(s) 'power_consumption_etl' retrieved from /opt/airflow/dags/scttion.py
[2026-05-01T21:23:47.231+0000] {logging_mixin.py:190} INFO - [2026-05-01T21:23:47.231+0000] {dag.py:3239} INFO - Sync 1 DAGs
[2026-05-01T21:23:47.257+0000] {logging_mixin.py:190} INFO - [2026-05-01T21:23:47.256+0000] {dag.py:4180} INFO - Setting next_dagrun for power_consumption_etl to 2026-05-01 00:00:00+00:00, run_after=2026-05-02 00:00:00+00:00
[2026-05-01T21:23:47.275+0000] {processor.py:208} INFO - Processing /opt/airflow/dags/scttion.py took 0.096 seconds
[2026-05-01T21:24:17.570+0000] {processor.py:186} INFO - Started process (PID=1705) to work on /opt/airflow/dags/scttion.py
[2026-05-01T21:24:17.571+0000] {processor.py:914} INFO - Processing file /opt/airflow/dags/scttion.py for tasks to queue
[2026-05-01T21:24:17.574+0000] {logging_mixin.py:190} INFO - [2026-05-01T21:24:17.573+0000] {dagbag.py:588} INFO - Filling up the DagBag from /opt/airflow/dags/scttion.py
[2026-05-01T21:24:17.589+0000] {processor.py:925} INFO - DAG(s) 'power_consumption_etl' retrieved from /opt/airflow/dags/scttion.py
[2026-05-01T21:24:17.614+0000] {logging_mixin.py:190} INFO - [2026-05-01T21:24:17.614+0000] {dag.py:3239} INFO - Sync 1 DAGs
[2026-05-01T21:24:17.641+0000] {logging_mixin.py:190} INFO - [2026-05-01T21:24:17.641+0000] {dag.py:4180} INFO - Setting next_dagrun for power_consumption_etl to 2026-05-01 00:00:00+00:00, run_after=2026-05-02 00:00:00+00:00
[2026-05-01T21:24:17.658+0000] {processor.py:208} INFO - Processing /opt/airflow/dags/scttion.py took 0.096 seconds
[2026-05-01T21:24:47.947+0000] {processor.py:186} INFO - Started process (PID=1721) to work on /opt/airflow/dags/scttion.py
[2026-05-01T21:24:47.947+0000] {processor.py:914} INFO - Processing file /opt/airflow/dags/scttion.py for tasks to queue
[2026-05-01T21:24:47.949+0000] {logging_mixin.py:190} INFO - [2026-05-01T21:24:47.949+0000] {dagbag.py:588} INFO - Filling up the DagBag from /opt/airflow/dags/scttion.py
[2026-05-01T21:24:47.961+0000] {processor.py:925} INFO - DAG(s) 'power_consumption_etl' retrieved from /opt/airflow/dags/scttion.py
[2026-05-01T21:24:47.988+0000] {logging_mixin.py:190} INFO - [2026-05-01T21:24:47.987+0000] {dag.py:3239} INFO - Sync 1 DAGs
[2026-05-01T21:24:48.014+0000] {logging_mixin.py:190} INFO - [2026-05-01T21:24:48.014+0000] {dag.py:4180} INFO - Setting next_dagrun for power_consumption_etl to 2026-05-01 00:00:00+00:00, run_after=2026-05-02 00:00:00+00:00
[2026-05-01T21:24:48.029+0000] {processor.py:208} INFO - Processing /opt/airflow/dags/scttion.py took 0.089 seconds
[2026-05-01T21:25:18.312+0000] {processor.py:186} INFO - Started process (PID=1737) to work on /opt/airflow/dags/scttion.py
[2026-05-01T21:25:18.313+0000] {processor.py:914} INFO - Processing file /opt/airflow/dags/scttion.py for tasks to queue
[2026-05-01T21:25:18.317+0000] {logging_mixin.py:190} INFO - [2026-05-01T21:25:18.316+0000] {dagbag.py:588} INFO - Filling up the DagBag from /opt/airflow/dags/scttion.py
[2026-05-01T21:25:18.337+0000] {processor.py:925} INFO - DAG(s) 'power_consumption_etl' retrieved from /opt/airflow/dags/scttion.py
[2026-05-01T21:25:18.361+0000] {logging_mixin.py:190} INFO - [2026-05-01T21:25:18.361+0000] {dag.py:3239} INFO - Sync 1 DAGs
[2026-05-01T21:25:18.386+0000] {logging_mixin.py:190} INFO - [2026-05-01T21:25:18.386+0000] {dag.py:4180} INFO - Setting next_dagrun for power_consumption_etl to 2026-05-01 00:00:00+00:00, run_after=2026-05-02 00:00:00+00:00
[2026-05-01T21:25:18.402+0000] {processor.py:208} INFO - Processing /opt/airflow/dags/scttion.py took 0.099 seconds
[2026-05-01T21:25:48.678+0000] {processor.py:186} INFO - Started process (PID=1753) to work on /opt/airflow/dags/scttion.py
[2026-05-01T21:25:48.679+0000] {processor.py:914} INFO - Processing file /opt/airflow/dags/scttion.py for tasks to queue
[2026-05-01T21:25:48.682+0000] {logging_mixin.py:190} INFO - [2026-05-01T21:25:48.681+0000] {dagbag.py:588} INFO - Filling up the DagBag from /opt/airflow/dags/scttion.py
[2026-05-01T21:25:48.695+0000] {processor.py:925} INFO - DAG(s) 'power_consumption_etl' retrieved from /opt/airflow/dags/scttion.py
[2026-05-01T21:25:48.719+0000] {logging_mixin.py:190} INFO - [2026-05-01T21:25:48.719+0000] {dag.py:3239} INFO - Sync 1 DAGs
[2026-05-01T21:25:48.744+0000] {logging_mixin.py:190} INFO - [2026-05-01T21:25:48.744+0000] {dag.py:4180} INFO - Setting next_dagrun for power_consumption_etl to 2026-05-01 00:00:00+00:00, run_after=2026-05-02 00:00:00+00:00
[2026-05-01T21:25:48.762+0000] {processor.py:208} INFO - Processing /opt/airflow/dags/scttion.py took 0.091 seconds
[2026-05-01T21:26:19.071+0000] {processor.py:186} INFO - Started process (PID=1769) to work on /opt/airflow/dags/scttion.py
[2026-05-01T21:26:19.072+0000] {processor.py:914} INFO - Processing file /opt/airflow/dags/scttion.py for tasks to queue
[2026-05-01T21:26:19.073+0000] {logging_mixin.py:190} INFO - [2026-05-01T21:26:19.073+0000] {dagbag.py:588} INFO - Filling up the DagBag from /opt/airflow/dags/scttion.py
[2026-05-01T21:26:19.084+0000] {processor.py:925} INFO - DAG(s) 'power_consumption_etl' retrieved from /opt/airflow/dags/scttion.py
[2026-05-01T21:26:19.107+0000] {logging_mixin.py:190} INFO - [2026-05-01T21:26:19.106+0000] {dag.py:3239} INFO - Sync 1 DAGs
[2026-05-01T21:26:19.130+0000] {logging_mixin.py:190} INFO - [2026-05-01T21:26:19.130+0000] {dag.py:4180} INFO - Setting next_dagrun for power_consumption_etl to 2026-05-01 00:00:00+00:00, run_after=2026-05-02 00:00:00+00:00
[2026-05-01T21:26:19.153+0000] {processor.py:208} INFO - Processing /opt/airflow/dags/scttion.py took 0.094 seconds
[2026-05-01T21:26:49.517+0000] {processor.py:186} INFO - Started process (PID=1785) to work on /opt/airflow/dags/scttion.py
[2026-05-01T21:26:49.523+0000] {processor.py:914} INFO - Processing file /opt/airflow/dags/scttion.py for tasks to queue
[2026-05-01T21:26:49.525+0000] {logging_mixin.py:190} INFO - [2026-05-01T21:26:49.524+0000] {dagbag.py:588} INFO - Filling up the DagBag from /opt/airflow/dags/scttion.py
[2026-05-01T21:26:49.538+0000] {processor.py:925} INFO - DAG(s) 'power_consumption_etl' retrieved from /opt/airflow/dags/scttion.py
[2026-05-01T21:26:49.562+0000] {logging_mixin.py:190} INFO - [2026-05-01T21:26:49.562+0000] {dag.py:3239} INFO - Sync 1 DAGs
[2026-05-01T21:26:49.588+0000] {logging_mixin.py:190} INFO - [2026-05-01T21:26:49.588+0000] {dag.py:4180} INFO - Setting next_dagrun for power_consumption_etl to 2026-05-01 00:00:00+00:00, run_after=2026-05-02 00:00:00+00:00
[2026-05-01T21:26:49.606+0000] {processor.py:208} INFO - Processing /opt/airflow/dags/scttion.py took 0.097 seconds
[2026-05-01T21:27:19.911+0000] {processor.py:186} INFO - Started process (PID=1801) to work on /opt/airflow/dags/scttion.py
[2026-05-01T21:27:19.912+0000] {processor.py:914} INFO - Processing file /opt/airflow/dags/scttion.py for tasks to queue
[2026-05-01T21:27:19.913+0000] {logging_mixin.py:190} INFO - [2026-05-01T21:27:19.913+0000] {dagbag.py:588} INFO - Filling up the DagBag from /opt/airflow/dags/scttion.py
[2026-05-01T21:27:19.927+0000] {processor.py:925} INFO - DAG(s) 'power_consumption_etl' retrieved from /opt/airflow/dags/scttion.py
[2026-05-01T21:27:19.951+0000] {logging_mixin.py:190} INFO - [2026-05-01T21:27:19.950+0000] {dag.py:3239} INFO - Sync 1 DAGs
[2026-05-01T21:27:19.979+0000] {logging_mixin.py:190} INFO - [2026-05-01T21:27:19.979+0000] {dag.py:4180} INFO - Setting next_dagrun for power_consumption_etl to 2026-05-01 00:00:00+00:00, run_after=2026-05-02 00:00:00+00:00
[2026-05-01T21:27:19.995+0000] {processor.py:208} INFO - Processing /opt/airflow/dags/scttion.py took 0.092 seconds
[2026-05-01T21:27:50.267+0000] {processor.py:186} INFO - Started process (PID=1817) to work on /opt/airflow/dags/scttion.py
[2026-05-01T21:27:50.273+0000] {processor.py:914} INFO - Processing file /opt/airflow/dags/scttion.py for tasks to queue
[2026-05-01T21:27:50.276+0000] {logging_mixin.py:190} INFO - [2026-05-01T21:27:50.275+0000] {dagbag.py:588} INFO - Filling up the DagBag from /opt/airflow/dags/scttion.py
[2026-05-01T21:27:50.287+0000] {processor.py:925} INFO - DAG(s) 'power_consumption_etl' retrieved from /opt/airflow/dags/scttion.py
[2026-05-01T21:27:50.313+0000] {logging_mixin.py:190} INFO - [2026-05-01T21:27:50.313+0000] {dag.py:3239} INFO - Sync 1 DAGs
[2026-05-01T21:27:50.341+0000] {logging_mixin.py:190} INFO - [2026-05-01T21:27:50.340+0000] {dag.py:4180} INFO - Setting next_dagrun for power_consumption_etl to 2026-05-01 00:00:00+00:00, run_after=2026-05-02 00:00:00+00:00
[2026-05-01T21:27:50.358+0000] {processor.py:208} INFO - Processing /opt/airflow/dags/scttion.py took 0.097 seconds
[2026-05-01T21:28:20.664+0000] {processor.py:186} INFO - Started process (PID=1833) to work on /opt/airflow/dags/scttion.py
[2026-05-01T21:28:20.664+0000] {processor.py:914} INFO - Processing file /opt/airflow/dags/scttion.py for tasks to queue
[2026-05-01T21:28:20.666+0000] {logging_mixin.py:190} INFO - [2026-05-01T21:28:20.665+0000] {dagbag.py:588} INFO - Filling up the DagBag from /opt/airflow/dags/scttion.py
[2026-05-01T21:28:20.678+0000] {processor.py:925} INFO - DAG(s) 'power_consumption_etl' retrieved from /opt/airflow/dags/scttion.py
[2026-05-01T21:28:20.702+0000] {logging_mixin.py:190} INFO - [2026-05-01T21:28:20.702+0000] {dag.py:3239} INFO - Sync 1 DAGs
[2026-05-01T21:28:20.727+0000] {logging_mixin.py:190} INFO - [2026-05-01T21:28:20.727+0000] {dag.py:4180} INFO - Setting next_dagrun for power_consumption_etl to 2026-05-01 00:00:00+00:00, run_after=2026-05-02 00:00:00+00:00
[2026-05-01T21:28:20.743+0000] {processor.py:208} INFO - Processing /opt/airflow/dags/scttion.py took 0.094 seconds
[2026-05-01T21:28:51.011+0000] {processor.py:186} INFO - Started process (PID=1849) to work on /opt/airflow/dags/scttion.py
[2026-05-01T21:28:51.013+0000] {processor.py:914} INFO - Processing file /opt/airflow/dags/scttion.py for tasks to queue
[2026-05-01T21:28:51.016+0000] {logging_mixin.py:190} INFO - [2026-05-01T21:28:51.015+0000] {dagbag.py:588} INFO - Filling up the DagBag from /opt/airflow/dags/scttion.py
[2026-05-01T21:28:51.032+0000] {processor.py:925} INFO - DAG(s) 'power_consumption_etl' retrieved from /opt/airflow/dags/scttion.py
[2026-05-01T21:28:51.055+0000] {logging_mixin.py:190} INFO - [2026-05-01T21:28:51.054+0000] {dag.py:3239} INFO - Sync 1 DAGs
[2026-05-01T21:28:51.083+0000] {logging_mixin.py:190} INFO - [2026-05-01T21:28:51.083+0000] {dag.py:4180} INFO - Setting next_dagrun for power_consumption_etl to 2026-05-01 00:00:00+00:00, run_after=2026-05-02 00:00:00+00:00
[2026-05-01T21:28:51.098+0000] {processor.py:208} INFO - Processing /opt/airflow/dags/scttion.py took 0.097 seconds
[2026-05-01T21:29:21.404+0000] {processor.py:186} INFO - Started process (PID=1865) to work on /opt/airflow/dags/scttion.py
[2026-05-01T21:29:21.405+0000] {processor.py:914} INFO - Processing file /opt/airflow/dags/scttion.py for tasks to queue
[2026-05-01T21:29:21.406+0000] {logging_mixin.py:190} INFO - [2026-05-01T21:29:21.406+0000] {dagbag.py:588} INFO - Filling up the DagBag from /opt/airflow/dags/scttion.py
[2026-05-01T21:29:21.418+0000] {processor.py:925} INFO - DAG(s) 'power_consumption_etl' retrieved from /opt/airflow/dags/scttion.py
[2026-05-01T21:29:21.443+0000] {logging_mixin.py:190} INFO - [2026-05-01T21:29:21.443+0000] {dag.py:3239} INFO - Sync 1 DAGs
[2026-05-01T21:29:21.470+0000] {logging_mixin.py:190} INFO - [2026-05-01T21:29:21.470+0000] {dag.py:4180} INFO - Setting next_dagrun for power_consumption_etl to 2026-05-01 00:00:00+00:00, run_after=2026-05-02 00:00:00+00:00
[2026-05-01T21:29:21.489+0000] {processor.py:208} INFO - Processing /opt/airflow/dags/scttion.py took 0.096 seconds
[2026-05-01T21:29:51.789+0000] {processor.py:186} INFO - Started process (PID=1881) to work on /opt/airflow/dags/scttion.py
[2026-05-01T21:29:51.796+0000] {processor.py:914} INFO - Processing file /opt/airflow/dags/scttion.py for tasks to queue
[2026-05-01T21:29:51.800+0000] {logging_mixin.py:190} INFO - [2026-05-01T21:29:51.799+0000] {dagbag.py:588} INFO - Filling up the DagBag from /opt/airflow/dags/scttion.py
[2026-05-01T21:29:51.824+0000] {processor.py:925} INFO - DAG(s) 'power_consumption_etl' retrieved from /opt/airflow/dags/scttion.py
[2026-05-01T21:29:51.849+0000] {logging_mixin.py:190} INFO - [2026-05-01T21:29:51.849+0000] {dag.py:3239} INFO - Sync 1 DAGs
[2026-05-01T21:29:51.881+0000] {logging_mixin.py:190} INFO - [2026-05-01T21:29:51.881+0000] {dag.py:4180} INFO - Setting next_dagrun for power_consumption_etl to 2026-05-01 00:00:00+00:00, run_after=2026-05-02 00:00:00+00:00
[2026-05-01T21:29:51.897+0000] {processor.py:208} INFO - Processing /opt/airflow/dags/scttion.py took 0.115 seconds
[2026-05-01T21:30:22.079+0000] {processor.py:186} INFO - Started process (PID=1897) to work on /opt/airflow/dags/scttion.py
[2026-05-01T21:30:22.081+0000] {processor.py:914} INFO - Processing file /opt/airflow/dags/scttion.py for tasks to queue
[2026-05-01T21:30:22.083+0000] {logging_mixin.py:190} INFO - [2026-05-01T21:30:22.082+0000] {dagbag.py:588} INFO - Filling up the DagBag from /opt/airflow/dags/scttion.py
[2026-05-01T21:30:22.099+0000] {processor.py:925} INFO - DAG(s) 'power_consumption_etl' retrieved from /opt/airflow/dags/scttion.py
[2026-05-01T21:30:22.123+0000] {logging_mixin.py:190} INFO - [2026-05-01T21:30:22.123+0000] {dag.py:3239} INFO - Sync 1 DAGs
[2026-05-01T21:30:22.148+0000] {logging_mixin.py:190} INFO - [2026-05-01T21:30:22.148+0000] {dag.py:4180} INFO - Setting next_dagrun for power_consumption_etl to 2026-05-01 00:00:00+00:00, run_after=2026-05-02 00:00:00+00:00
[2026-05-01T21:30:22.163+0000] {processor.py:208} INFO - Processing /opt/airflow/dags/scttion.py took 0.103 seconds
[2026-05-01T21:30:52.467+0000] {processor.py:186} INFO - Started process (PID=1913) to work on /opt/airflow/dags/scttion.py
[2026-05-01T21:30:52.474+0000] {processor.py:914} INFO - Processing file /opt/airflow/dags/scttion.py for tasks to queue
[2026-05-01T21:30:52.475+0000] {logging_mixin.py:190} INFO - [2026-05-01T21:30:52.475+0000] {dagbag.py:588} INFO - Filling up the DagBag from /opt/airflow/dags/scttion.py
[2026-05-01T21:30:52.487+0000] {processor.py:925} INFO - DAG(s) 'power_consumption_etl' retrieved from /opt/airflow/dags/scttion.py
[2026-05-01T21:30:52.513+0000] {logging_mixin.py:190} INFO - [2026-05-01T21:30:52.513+0000] {dag.py:3239} INFO - Sync 1 DAGs
[2026-05-01T21:30:52.542+0000] {logging_mixin.py:190} INFO - [2026-05-01T21:30:52.541+0000] {dag.py:4180} INFO - Setting next_dagrun for power_consumption_etl to 2026-05-01 00:00:00+00:00, run_after=2026-05-02 00:00:00+00:00
[2026-05-01T21:30:52.558+0000] {processor.py:208} INFO - Processing /opt/airflow/dags/scttion.py took 0.097 seconds
[2026-05-01T21:31:22.878+0000] {processor.py:186} INFO - Started process (PID=1929) to work on /opt/airflow/dags/scttion.py
[2026-05-01T21:31:22.879+0000] {processor.py:914} INFO - Processing file /opt/airflow/dags/scttion.py for tasks to queue
[2026-05-01T21:31:22.880+0000] {logging_mixin.py:190} INFO - [2026-05-01T21:31:22.880+0000] {dagbag.py:588} INFO - Filling up the DagBag from /opt/airflow/dags/scttion.py
[2026-05-01T21:31:22.892+0000] {processor.py:925} INFO - DAG(s) 'power_consumption_etl' retrieved from /opt/airflow/dags/scttion.py
[2026-05-01T21:31:22.917+0000] {logging_mixin.py:190} INFO - [2026-05-01T21:31:22.916+0000] {dag.py:3239} INFO - Sync 1 DAGs
[2026-05-01T21:31:22.940+0000] {logging_mixin.py:190} INFO - [2026-05-01T21:31:22.940+0000] {dag.py:4180} INFO - Setting next_dagrun for power_consumption_etl to 2026-05-01 00:00:00+00:00, run_after=2026-05-02 00:00:00+00:00
[2026-05-01T21:31:22.957+0000] {processor.py:208} INFO - Processing /opt/airflow/dags/scttion.py took 0.086 seconds
[2026-05-01T21:31:53.276+0000] {processor.py:186} INFO - Started process (PID=1945) to work on /opt/airflow/dags/scttion.py
[2026-05-01T21:31:53.283+0000] {processor.py:914} INFO - Processing file /opt/airflow/dags/scttion.py for tasks to queue
[2026-05-01T21:31:53.285+0000] {logging_mixin.py:190} INFO - [2026-05-01T21:31:53.284+0000] {dagbag.py:588} INFO - Filling up the DagBag from /opt/airflow/dags/scttion.py
[2026-05-01T21:31:53.302+0000] {processor.py:925} INFO - DAG(s) 'power_consumption_etl' retrieved from /opt/airflow/dags/scttion.py
[2026-05-01T21:31:53.326+0000] {logging_mixin.py:190} INFO - [2026-05-01T21:31:53.326+0000] {dag.py:3239} INFO - Sync 1 DAGs
[2026-05-01T21:31:53.352+0000] {logging_mixin.py:190} INFO - [2026-05-01T21:31:53.352+0000] {dag.py:4180} INFO - Setting next_dagrun for power_consumption_etl to 2026-05-01 00:00:00+00:00, run_after=2026-05-02 00:00:00+00:00
[2026-05-01T21:31:53.368+0000] {processor.py:208} INFO - Processing /opt/airflow/dags/scttion.py took 0.108 seconds
[2026-05-01T21:32:23.664+0000] {processor.py:186} INFO - Started process (PID=1961) to work on /opt/airflow/dags/scttion.py
[2026-05-01T21:32:23.664+0000] {processor.py:914} INFO - Processing file /opt/airflow/dags/scttion.py for tasks to queue
[2026-05-01T21:32:23.666+0000] {logging_mixin.py:190} INFO - [2026-05-01T21:32:23.665+0000] {dagbag.py:588} INFO - Filling up the DagBag from /opt/airflow/dags/scttion.py
[2026-05-01T21:32:23.680+0000] {processor.py:925} INFO - DAG(s) 'power_consumption_etl' retrieved from /opt/airflow/dags/scttion.py
[2026-05-01T21:32:23.705+0000] {logging_mixin.py:190} INFO - [2026-05-01T21:32:23.705+0000] {dag.py:3239} INFO - Sync 1 DAGs
[2026-05-01T21:32:23.731+0000] {logging_mixin.py:190} INFO - [2026-05-01T21:32:23.731+0000] {dag.py:4180} INFO - Setting next_dagrun for power_consumption_etl to 2026-05-01 00:00:00+00:00, run_after=2026-05-02 00:00:00+00:00
[2026-05-01T21:32:23.748+0000] {processor.py:208} INFO - Processing /opt/airflow/dags/scttion.py took 0.093 seconds
[2026-05-01T21:32:54.059+0000] {processor.py:186} INFO - Started process (PID=1977) to work on /opt/airflow/dags/scttion.py
[2026-05-01T21:32:54.060+0000] {processor.py:914} INFO - Processing file /opt/airflow/dags/scttion.py for tasks to queue
[2026-05-01T21:32:54.062+0000] {logging_mixin.py:190} INFO - [2026-05-01T21:32:54.062+0000] {dagbag.py:588} INFO - Filling up the DagBag from /opt/airflow/dags/scttion.py
[2026-05-01T21:32:54.081+0000] {processor.py:925} INFO - DAG(s) 'power_consumption_etl' retrieved from /opt/airflow/dags/scttion.py
[2026-05-01T21:32:54.104+0000] {logging_mixin.py:190} INFO - [2026-05-01T21:32:54.104+0000] {dag.py:3239} INFO - Sync 1 DAGs
[2026-05-01T21:32:54.132+0000] {logging_mixin.py:190} INFO - [2026-05-01T21:32:54.132+0000] {dag.py:4180} INFO - Setting next_dagrun for power_consumption_etl to 2026-05-01 00:00:00+00:00, run_after=2026-05-02 00:00:00+00:00
[2026-05-01T21:32:54.151+0000] {processor.py:208} INFO - Processing /opt/airflow/dags/scttion.py took 0.103 seconds
[2026-05-01T21:33:24.456+0000] {processor.py:186} INFO - Started process (PID=1993) to work on /opt/airflow/dags/scttion.py
[2026-05-01T21:33:24.463+0000] {processor.py:914} INFO - Processing file /opt/airflow/dags/scttion.py for tasks to queue
[2026-05-01T21:33:24.466+0000] {logging_mixin.py:190} INFO - [2026-05-01T21:33:24.465+0000] {dagbag.py:588} INFO - Filling up the DagBag from /opt/airflow/dags/scttion.py
[2026-05-01T21:33:24.482+0000] {processor.py:925} INFO - DAG(s) 'power_consumption_etl' retrieved from /opt/airflow/dags/scttion.py
[2026-05-01T21:33:24.504+0000] {logging_mixin.py:190} INFO - [2026-05-01T21:33:24.504+0000] {dag.py:3239} INFO - Sync 1 DAGs
[2026-05-01T21:33:24.531+0000] {logging_mixin.py:190} INFO - [2026-05-01T21:33:24.531+0000] {dag.py:4180} INFO - Setting next_dagrun for power_consumption_etl to 2026-05-01 00:00:00+00:00, run_after=2026-05-02 00:00:00+00:00
[2026-05-01T21:33:24.548+0000] {processor.py:208} INFO - Processing /opt/airflow/dags/scttion.py took 0.102 seconds
[2026-05-01T21:33:54.831+0000] {processor.py:186} INFO - Started process (PID=2009) to work on /opt/airflow/dags/scttion.py
[2026-05-01T21:33:54.831+0000] {processor.py:914} INFO - Processing file /opt/airflow/dags/scttion.py for tasks to queue
[2026-05-01T21:33:54.833+0000] {logging_mixin.py:190} INFO - [2026-05-01T21:33:54.832+0000] {dagbag.py:588} INFO - Filling up the DagBag from /opt/airflow/dags/scttion.py
[2026-05-01T21:33:54.846+0000] {processor.py:925} INFO - DAG(s) 'power_consumption_etl' retrieved from /opt/airflow/dags/scttion.py
[2026-05-01T21:33:54.875+0000] {logging_mixin.py:190} INFO - [2026-05-01T21:33:54.875+0000] {dag.py:3239} INFO - Sync 1 DAGs
[2026-05-01T21:33:54.901+0000] {logging_mixin.py:190} INFO - [2026-05-01T21:33:54.901+0000] {dag.py:4180} INFO - Setting next_dagrun for power_consumption_etl to 2026-05-01 00:00:00+00:00, run_after=2026-05-02 00:00:00+00:00
[2026-05-01T21:33:54.919+0000] {processor.py:208} INFO - Processing /opt/airflow/dags/scttion.py took 0.094 seconds
[2026-05-01T21:34:25.221+0000] {processor.py:186} INFO - Started process (PID=2025) to work on /opt/airflow/dags/scttion.py
[2026-05-01T21:34:25.229+0000] {processor.py:914} INFO - Processing file /opt/airflow/dags/scttion.py for tasks to queue
[2026-05-01T21:34:25.233+0000] {logging_mixin.py:190} INFO - [2026-05-01T21:34:25.233+0000] {dagbag.py:588} INFO - Filling up the DagBag from /opt/airflow/dags/scttion.py
[2026-05-01T21:34:25.254+0000] {processor.py:925} INFO - DAG(s) 'power_consumption_etl' retrieved from /opt/airflow/dags/scttion.py
[2026-05-01T21:34:25.279+0000] {logging_mixin.py:190} INFO - [2026-05-01T21:34:25.279+0000] {dag.py:3239} INFO - Sync 1 DAGs
[2026-05-01T21:34:25.304+0000] {logging_mixin.py:190} INFO - [2026-05-01T21:34:25.304+0000] {dag.py:4180} INFO - Setting next_dagrun for power_consumption_etl to 2026-05-01 00:00:00+00:00, run_after=2026-05-02 00:00:00+00:00
[2026-05-01T21:34:25.320+0000] {processor.py:208} INFO - Processing /opt/airflow/dags/scttion.py took 0.112 seconds
[2026-05-01T21:34:55.648+0000] {processor.py:186} INFO - Started process (PID=2041) to work on /opt/airflow/dags/scttion.py
[2026-05-01T21:34:55.649+0000] {processor.py:914} INFO - Processing file /opt/airflow/dags/scttion.py for tasks to queue
[2026-05-01T21:34:55.651+0000] {logging_mixin.py:190} INFO - [2026-05-01T21:34:55.650+0000] {dagbag.py:588} INFO - Filling up the DagBag from /opt/airflow/dags/scttion.py
[2026-05-01T21:34:55.665+0000] {processor.py:925} INFO - DAG(s) 'power_consumption_etl' retrieved from /opt/airflow/dags/scttion.py
[2026-05-01T21:34:55.689+0000] {logging_mixin.py:190} INFO - [2026-05-01T21:34:55.689+0000] {dag.py:3239} INFO - Sync 1 DAGs
[2026-05-01T21:34:55.715+0000] {logging_mixin.py:190} INFO - [2026-05-01T21:34:55.715+0000] {dag.py:4180} INFO - Setting next_dagrun for power_consumption_etl to 2026-05-01 00:00:00+00:00, run_after=2026-05-02 00:00:00+00:00
[2026-05-01T21:34:55.731+0000] {processor.py:208} INFO - Processing /opt/airflow/dags/scttion.py took 0.095 seconds
[2026-05-01T21:35:26.050+0000] {processor.py:186} INFO - Started process (PID=2057) to work on /opt/airflow/dags/scttion.py
[2026-05-01T21:35:26.050+0000] {processor.py:914} INFO - Processing file /opt/airflow/dags/scttion.py for tasks to queue
[2026-05-01T21:35:26.052+0000] {logging_mixin.py:190} INFO - [2026-05-01T21:35:26.051+0000] {dagbag.py:588} INFO - Filling up the DagBag from /opt/airflow/dags/scttion.py
[2026-05-01T21:35:26.066+0000] {processor.py:925} INFO - DAG(s) 'power_consumption_etl' retrieved from /opt/airflow/dags/scttion.py
[2026-05-01T21:35:26.090+0000] {logging_mixin.py:190} INFO - [2026-05-01T21:35:26.090+0000] {dag.py:3239} INFO - Sync 1 DAGs
[2026-05-01T21:35:26.116+0000] {logging_mixin.py:190} INFO - [2026-05-01T21:35:26.115+0000] {dag.py:4180} INFO - Setting next_dagrun for power_consumption_etl to 2026-05-01 00:00:00+00:00, run_after=2026-05-02 00:00:00+00:00
[2026-05-01T21:35:26.131+0000] {processor.py:208} INFO - Processing /opt/airflow/dags/scttion.py took 0.091 seconds
[2026-05-01T21:35:56.432+0000] {processor.py:186} INFO - Started process (PID=2073) to work on /opt/airflow/dags/scttion.py
[2026-05-01T21:35:56.432+0000] {processor.py:914} INFO - Processing file /opt/airflow/dags/scttion.py for tasks to queue
[2026-05-01T21:35:56.434+0000] {logging_mixin.py:190} INFO - [2026-05-01T21:35:56.434+0000] {dagbag.py:588} INFO - Filling up the DagBag from /opt/airflow/dags/scttion.py
[2026-05-01T21:35:56.450+0000] {processor.py:925} INFO - DAG(s) 'power_consumption_etl' retrieved from /opt/airflow/dags/scttion.py
[2026-05-01T21:35:56.473+0000] {logging_mixin.py:190} INFO - [2026-05-01T21:35:56.473+0000] {dag.py:3239} INFO - Sync 1 DAGs
[2026-05-01T21:35:56.499+0000] {logging_mixin.py:190} INFO - [2026-05-01T21:35:56.499+0000] {dag.py:4180} INFO - Setting next_dagrun for power_consumption_etl to 2026-05-01 00:00:00+00:00, run_after=2026-05-02 00:00:00+00:00
[2026-05-01T21:35:56.516+0000] {processor.py:208} INFO - Processing /opt/airflow/dags/scttion.py took 0.093 seconds
[2026-05-01T21:36:26.839+0000] {processor.py:186} INFO - Started process (PID=2089) to work on /opt/airflow/dags/scttion.py
[2026-05-01T21:36:26.845+0000] {processor.py:914} INFO - Processing file /opt/airflow/dags/scttion.py for tasks to queue
[2026-05-01T21:36:26.847+0000] {logging_mixin.py:190} INFO - [2026-05-01T21:36:26.847+0000] {dagbag.py:588} INFO - Filling up the DagBag from /opt/airflow/dags/scttion.py
[2026-05-01T21:36:26.865+0000] {processor.py:925} INFO - DAG(s) 'power_consumption_etl' retrieved from /opt/airflow/dags/scttion.py
[2026-05-01T21:36:26.906+0000] {logging_mixin.py:190} INFO - [2026-05-01T21:36:26.906+0000] {dag.py:3239} INFO - Sync 1 DAGs
[2026-05-01T21:36:26.930+0000] {logging_mixin.py:190} INFO - [2026-05-01T21:36:26.930+0000] {dag.py:4180} INFO - Setting next_dagrun for power_consumption_etl to 2026-05-01 00:00:00+00:00, run_after=2026-05-02 00:00:00+00:00
[2026-05-01T21:36:26.946+0000] {processor.py:208} INFO - Processing /opt/airflow/dags/scttion.py took 0.119 seconds
[2026-05-01T21:36:57.248+0000] {processor.py:186} INFO - Started process (PID=2106) to work on /opt/airflow/dags/scttion.py
[2026-05-01T21:36:57.249+0000] {processor.py:914} INFO - Processing file /opt/airflow/dags/scttion.py for tasks to queue
[2026-05-01T21:36:57.250+0000] {logging_mixin.py:190} INFO - [2026-05-01T21:36:57.250+0000] {dagbag.py:588} INFO - Filling up the DagBag from /opt/airflow/dags/scttion.py
[2026-05-01T21:36:57.263+0000] {processor.py:925} INFO - DAG(s) 'power_consumption_etl' retrieved from /opt/airflow/dags/scttion.py
[2026-05-01T21:36:57.291+0000] {logging_mixin.py:190} INFO - [2026-05-01T21:36:57.291+0000] {dag.py:3239} INFO - Sync 1 DAGs
[2026-05-01T21:36:57.320+0000] {logging_mixin.py:190} INFO - [2026-05-01T21:36:57.320+0000] {dag.py:4180} INFO - Setting next_dagrun for power_consumption_etl to 2026-05-01 00:00:00+00:00, run_after=2026-05-02 00:00:00+00:00
[2026-05-01T21:36:57.338+0000] {processor.py:208} INFO - Processing /opt/airflow/dags/scttion.py took 0.101 seconds
[2026-05-01T21:37:27.650+0000] {processor.py:186} INFO - Started process (PID=2123) to work on /opt/airflow/dags/scttion.py
[2026-05-01T21:37:27.657+0000] {processor.py:914} INFO - Processing file /opt/airflow/dags/scttion.py for tasks to queue
[2026-05-01T21:37:27.659+0000] {logging_mixin.py:190} INFO - [2026-05-01T21:37:27.658+0000] {dagbag.py:588} INFO - Filling up the DagBag from /opt/airflow/dags/scttion.py
[2026-05-01T21:37:27.671+0000] {processor.py:925} INFO - DAG(s) 'power_consumption_etl' retrieved from /opt/airflow/dags/scttion.py
[2026-05-01T21:37:27.700+0000] {logging_mixin.py:190} INFO - [2026-05-01T21:37:27.700+0000] {dag.py:3239} INFO - Sync 1 DAGs
[2026-05-01T21:37:27.725+0000] {logging_mixin.py:190} INFO - [2026-05-01T21:37:27.725+0000] {dag.py:4180} INFO - Setting next_dagrun for power_consumption_etl to 2026-05-01 00:00:00+00:00, run_after=2026-05-02 00:00:00+00:00
[2026-05-01T21:37:27.741+0000] {processor.py:208} INFO - Processing /opt/airflow/dags/scttion.py took 0.099 seconds
[2026-05-01T21:37:58.047+0000] {processor.py:186} INFO - Started process (PID=2139) to work on /opt/airflow/dags/scttion.py
[2026-05-01T21:37:58.047+0000] {processor.py:914} INFO - Processing file /opt/airflow/dags/scttion.py for tasks to queue
[2026-05-01T21:37:58.049+0000] {logging_mixin.py:190} INFO - [2026-05-01T21:37:58.048+0000] {dagbag.py:588} INFO - Filling up the DagBag from /opt/airflow/dags/scttion.py
[2026-05-01T21:37:58.061+0000] {processor.py:925} INFO - DAG(s) 'power_consumption_etl' retrieved from /opt/airflow/dags/scttion.py
[2026-05-01T21:37:58.087+0000] {logging_mixin.py:190} INFO - [2026-05-01T21:37:58.087+0000] {dag.py:3239} INFO - Sync 1 DAGs
[2026-05-01T21:37:58.110+0000] {logging_mixin.py:190} INFO - [2026-05-01T21:37:58.110+0000] {dag.py:4180} INFO - Setting next_dagrun for power_consumption_etl to 2026-05-01 00:00:00+00:00, run_after=2026-05-02 00:00:00+00:00
[2026-05-01T21:37:58.127+0000] {processor.py:208} INFO - Processing /opt/airflow/dags/scttion.py took 0.089 seconds
[2026-05-01T21:38:28.418+0000] {processor.py:186} INFO - Started process (PID=2155) to work on /opt/airflow/dags/scttion.py
[2026-05-01T21:38:28.425+0000] {processor.py:914} INFO - Processing file /opt/airflow/dags/scttion.py for tasks to queue
[2026-05-01T21:38:28.427+0000] {logging_mixin.py:190} INFO - [2026-05-01T21:38:28.427+0000] {dagbag.py:588} INFO - Filling up the DagBag from /opt/airflow/dags/scttion.py
[2026-05-01T21:38:28.440+0000] {processor.py:925} INFO - DAG(s) 'power_consumption_etl' retrieved from /opt/airflow/dags/scttion.py
[2026-05-01T21:38:28.470+0000] {logging_mixin.py:190} INFO - [2026-05-01T21:38:28.470+0000] {dag.py:3239} INFO - Sync 1 DAGs
[2026-05-01T21:38:28.496+0000] {logging_mixin.py:190} INFO - [2026-05-01T21:38:28.495+0000] {dag.py:4180} INFO - Setting next_dagrun for power_consumption_etl to 2026-05-01 00:00:00+00:00, run_after=2026-05-02 00:00:00+00:00
[2026-05-01T21:38:28.512+0000] {processor.py:208} INFO - Processing /opt/airflow/dags/scttion.py took 0.104 seconds
[2026-05-01T21:38:58.802+0000] {processor.py:186} INFO - Started process (PID=2177) to work on /opt/airflow/dags/scttion.py
[2026-05-01T21:38:58.802+0000] {processor.py:914} INFO - Processing file /opt/airflow/dags/scttion.py for tasks to queue
[2026-05-01T21:38:58.804+0000] {logging_mixin.py:190} INFO - [2026-05-01T21:38:58.803+0000] {dagbag.py:588} INFO - Filling up the DagBag from /opt/airflow/dags/scttion.py
[2026-05-01T21:38:58.815+0000] {processor.py:925} INFO - DAG(s) 'power_consumption_etl' retrieved from /opt/airflow/dags/scttion.py
[2026-05-01T21:38:58.845+0000] {logging_mixin.py:190} INFO - [2026-05-01T21:38:58.845+0000] {dag.py:3239} INFO - Sync 1 DAGs
[2026-05-01T21:38:58.872+0000] {logging_mixin.py:190} INFO - [2026-05-01T21:38:58.872+0000] {dag.py:4180} INFO - Setting next_dagrun for power_consumption_etl to 2026-05-01 00:00:00+00:00, run_after=2026-05-02 00:00:00+00:00
[2026-05-01T21:38:58.896+0000] {processor.py:208} INFO - Processing /opt/airflow/dags/scttion.py took 0.101 seconds
[2026-05-01T21:39:29.185+0000] {processor.py:186} INFO - Started process (PID=2193) to work on /opt/airflow/dags/scttion.py
[2026-05-01T21:39:29.191+0000] {processor.py:914} INFO - Processing file /opt/airflow/dags/scttion.py for tasks to queue
[2026-05-01T21:39:29.193+0000] {logging_mixin.py:190} INFO - [2026-05-01T21:39:29.193+0000] {dagbag.py:588} INFO - Filling up the DagBag from /opt/airflow/dags/scttion.py
[2026-05-01T21:39:29.209+0000] {processor.py:925} INFO - DAG(s) 'power_consumption_etl' retrieved from /opt/airflow/dags/scttion.py
[2026-05-01T21:39:29.245+0000] {logging_mixin.py:190} INFO - [2026-05-01T21:39:29.244+0000] {dag.py:3239} INFO - Sync 1 DAGs
[2026-05-01T21:39:29.274+0000] {logging_mixin.py:190} INFO - [2026-05-01T21:39:29.274+0000] {dag.py:4180} INFO - Setting next_dagrun for power_consumption_etl to 2026-05-01 00:00:00+00:00, run_after=2026-05-02 00:00:00+00:00
[2026-05-01T21:39:29.293+0000] {processor.py:208} INFO - Processing /opt/airflow/dags/scttion.py took 0.117 seconds
[2026-05-01T21:39:59.567+0000] {processor.py:186} INFO - Started process (PID=2209) to work on /opt/airflow/dags/scttion.py
[2026-05-01T21:39:59.568+0000] {processor.py:914} INFO - Processing file /opt/airflow/dags/scttion.py for tasks to queue
[2026-05-01T21:39:59.570+0000] {logging_mixin.py:190} INFO - [2026-05-01T21:39:59.569+0000] {dagbag.py:588} INFO - Filling up the DagBag from /opt/airflow/dags/scttion.py
[2026-05-01T21:39:59.588+0000] {processor.py:925} INFO - DAG(s) 'power_consumption_etl' retrieved from /opt/airflow/dags/scttion.py
[2026-05-01T21:39:59.626+0000] {logging_mixin.py:190} INFO - [2026-05-01T21:39:59.626+0000] {dag.py:3239} INFO - Sync 1 DAGs
[2026-05-01T21:39:59.672+0000] {logging_mixin.py:190} INFO - [2026-05-01T21:39:59.671+0000] {dag.py:4180} INFO - Setting next_dagrun for power_consumption_etl to 2026-05-01 00:00:00+00:00, run_after=2026-05-02 00:00:00+00:00
[2026-05-01T21:39:59.696+0000] {processor.py:208} INFO - Processing /opt/airflow/dags/scttion.py took 0.137 seconds
[2026-05-01T21:40:29.816+0000] {processor.py:186} INFO - Started process (PID=2225) to work on /opt/airflow/dags/scttion.py
[2026-05-01T21:40:29.818+0000] {processor.py:914} INFO - Processing file /opt/airflow/dags/scttion.py for tasks to queue
[2026-05-01T21:40:29.819+0000] {logging_mixin.py:190} INFO - [2026-05-01T21:40:29.819+0000] {dagbag.py:588} INFO - Filling up the DagBag from /opt/airflow/dags/scttion.py
[2026-05-01T21:40:29.834+0000] {processor.py:925} INFO - DAG(s) 'power_consumption_etl' retrieved from /opt/airflow/dags/scttion.py
[2026-05-01T21:40:29.862+0000] {logging_mixin.py:190} INFO - [2026-05-01T21:40:29.862+0000] {dag.py:3239} INFO - Sync 1 DAGs
[2026-05-01T21:40:29.904+0000] {logging_mixin.py:190} INFO - [2026-05-01T21:40:29.904+0000] {dag.py:4180} INFO - Setting next_dagrun for power_consumption_etl to 2026-05-01 00:00:00+00:00, run_after=2026-05-02 00:00:00+00:00
[2026-05-01T21:40:29.930+0000] {processor.py:208} INFO - Processing /opt/airflow/dags/scttion.py took 0.127 seconds
[2026-05-01T21:41:00.172+0000] {processor.py:186} INFO - Started process (PID=2241) to work on /opt/airflow/dags/scttion.py
[2026-05-01T21:41:00.173+0000] {processor.py:914} INFO - Processing file /opt/airflow/dags/scttion.py for tasks to queue
[2026-05-01T21:41:00.174+0000] {logging_mixin.py:190} INFO - [2026-05-01T21:41:00.173+0000] {dagbag.py:588} INFO - Filling up the DagBag from /opt/airflow/dags/scttion.py
[2026-05-01T21:41:00.185+0000] {processor.py:925} INFO - DAG(s) 'power_consumption_etl' retrieved from /opt/airflow/dags/scttion.py
[2026-05-01T21:41:00.215+0000] {logging_mixin.py:190} INFO - [2026-05-01T21:41:00.215+0000] {dag.py:3239} INFO - Sync 1 DAGs
[2026-05-01T21:41:00.242+0000] {logging_mixin.py:190} INFO - [2026-05-01T21:41:00.242+0000] {dag.py:4180} INFO - Setting next_dagrun for power_consumption_etl to 2026-05-01 00:00:00+00:00, run_after=2026-05-02 00:00:00+00:00
[2026-05-01T21:41:00.264+0000] {processor.py:208} INFO - Processing /opt/airflow/dags/scttion.py took 0.097 seconds
[2026-05-01T21:41:30.552+0000] {processor.py:186} INFO - Started process (PID=2257) to work on /opt/airflow/dags/scttion.py
[2026-05-01T21:41:30.559+0000] {processor.py:914} INFO - Processing file /opt/airflow/dags/scttion.py for tasks to queue
[2026-05-01T21:41:30.560+0000] {logging_mixin.py:190} INFO - [2026-05-01T21:41:30.560+0000] {dagbag.py:588} INFO - Filling up the DagBag from /opt/airflow/dags/scttion.py
[2026-05-01T21:41:30.584+0000] {processor.py:925} INFO - DAG(s) 'power_consumption_etl' retrieved from /opt/airflow/dags/scttion.py
[2026-05-01T21:41:30.610+0000] {logging_mixin.py:190} INFO - [2026-05-01T21:41:30.610+0000] {dag.py:3239} INFO - Sync 1 DAGs
[2026-05-01T21:41:30.639+0000] {logging_mixin.py:190} INFO - [2026-05-01T21:41:30.638+0000] {dag.py:4180} INFO - Setting next_dagrun for power_consumption_etl to 2026-05-01 00:00:00+00:00, run_after=2026-05-02 00:00:00+00:00
[2026-05-01T21:41:30.656+0000] {processor.py:208} INFO - Processing /opt/airflow/dags/scttion.py took 0.116 seconds
[2026-05-01T21:42:00.957+0000] {processor.py:186} INFO - Started process (PID=2273) to work on /opt/airflow/dags/scttion.py
[2026-05-01T21:42:00.958+0000] {processor.py:914} INFO - Processing file /opt/airflow/dags/scttion.py for tasks to queue
[2026-05-01T21:42:00.960+0000] {logging_mixin.py:190} INFO - [2026-05-01T21:42:00.959+0000] {dagbag.py:588} INFO - Filling up the DagBag from /opt/airflow/dags/scttion.py
[2026-05-01T21:42:00.980+0000] {processor.py:925} INFO - DAG(s) 'power_consumption_etl' retrieved from /opt/airflow/dags/scttion.py
[2026-05-01T21:42:01.003+0000] {logging_mixin.py:190} INFO - [2026-05-01T21:42:01.003+0000] {dag.py:3239} INFO - Sync 1 DAGs
[2026-05-01T21:42:01.029+0000] {logging_mixin.py:190} INFO - [2026-05-01T21:42:01.029+0000] {dag.py:4180} INFO - Setting next_dagrun for power_consumption_etl to 2026-05-01 00:00:00+00:00, run_after=2026-05-02 00:00:00+00:00
[2026-05-01T21:42:01.049+0000] {processor.py:208} INFO - Processing /opt/airflow/dags/scttion.py took 0.101 seconds
[2026-05-01T21:42:31.354+0000] {processor.py:186} INFO - Started process (PID=2289) to work on /opt/airflow/dags/scttion.py
[2026-05-01T21:42:31.356+0000] {processor.py:914} INFO - Processing file /opt/airflow/dags/scttion.py for tasks to queue
[2026-05-01T21:42:31.358+0000] {logging_mixin.py:190} INFO - [2026-05-01T21:42:31.357+0000] {dagbag.py:588} INFO - Filling up the DagBag from /opt/airflow/dags/scttion.py
[2026-05-01T21:42:31.376+0000] {processor.py:925} INFO - DAG(s) 'power_consumption_etl' retrieved from /opt/airflow/dags/scttion.py
[2026-05-01T21:42:31.399+0000] {logging_mixin.py:190} INFO - [2026-05-01T21:42:31.399+0000] {dag.py:3239} INFO - Sync 1 DAGs
[2026-05-01T21:42:31.427+0000] {logging_mixin.py:190} INFO - [2026-05-01T21:42:31.427+0000] {dag.py:4180} INFO - Setting next_dagrun for power_consumption_etl to 2026-05-01 00:00:00+00:00, run_after=2026-05-02 00:00:00+00:00
[2026-05-01T21:42:31.443+0000] {processor.py:208} INFO - Processing /opt/airflow/dags/scttion.py took 0.098 seconds
[2026-05-01T21:43:01.737+0000] {processor.py:186} INFO - Started process (PID=2305) to work on /opt/airflow/dags/scttion.py
[2026-05-01T21:43:01.738+0000] {processor.py:914} INFO - Processing file /opt/airflow/dags/scttion.py for tasks to queue
[2026-05-01T21:43:01.740+0000] {logging_mixin.py:190} INFO - [2026-05-01T21:43:01.739+0000] {dagbag.py:588} INFO - Filling up the DagBag from /opt/airflow/dags/scttion.py
[2026-05-01T21:43:01.762+0000] {processor.py:925} INFO - DAG(s) 'power_consumption_etl' retrieved from /opt/airflow/dags/scttion.py
[2026-05-01T21:43:01.788+0000] {logging_mixin.py:190} INFO - [2026-05-01T21:43:01.788+0000] {dag.py:3239} INFO - Sync 1 DAGs
[2026-05-01T21:43:01.815+0000] {logging_mixin.py:190} INFO - [2026-05-01T21:43:01.815+0000] {dag.py:4180} INFO - Setting next_dagrun for power_consumption_etl to 2026-05-01 00:00:00+00:00, run_after=2026-05-02 00:00:00+00:00
[2026-05-01T21:43:01.833+0000] {processor.py:208} INFO - Processing /opt/airflow/dags/scttion.py took 0.106 seconds
[2026-05-01T21:43:32.116+0000] {processor.py:186} INFO - Started process (PID=2321) to work on /opt/airflow/dags/scttion.py
[2026-05-01T21:43:32.118+0000] {processor.py:914} INFO - Processing file /opt/airflow/dags/scttion.py for tasks to queue
[2026-05-01T21:43:32.119+0000] {logging_mixin.py:190} INFO - [2026-05-01T21:43:32.119+0000] {dagbag.py:588} INFO - Filling up the DagBag from /opt/airflow/dags/scttion.py
[2026-05-01T21:43:32.138+0000] {processor.py:925} INFO - DAG(s) 'power_consumption_etl' retrieved from /opt/airflow/dags/scttion.py
[2026-05-01T21:43:32.160+0000] {logging_mixin.py:190} INFO - [2026-05-01T21:43:32.160+0000] {dag.py:3239} INFO - Sync 1 DAGs
[2026-05-01T21:43:32.184+0000] {logging_mixin.py:190} INFO - [2026-05-01T21:43:32.184+0000] {dag.py:4180} INFO - Setting next_dagrun for power_consumption_etl to 2026-05-01 00:00:00+00:00, run_after=2026-05-02 00:00:00+00:00
[2026-05-01T21:43:32.201+0000] {processor.py:208} INFO - Processing /opt/airflow/dags/scttion.py took 0.097 seconds
[2026-05-01T21:44:02.474+0000] {processor.py:186} INFO - Started process (PID=2337) to work on /opt/airflow/dags/scttion.py
[2026-05-01T21:44:02.475+0000] {processor.py:914} INFO - Processing file /opt/airflow/dags/scttion.py for tasks to queue
[2026-05-01T21:44:02.477+0000] {logging_mixin.py:190} INFO - [2026-05-01T21:44:02.476+0000] {dagbag.py:588} INFO - Filling up the DagBag from /opt/airflow/dags/scttion.py
[2026-05-01T21:44:02.494+0000] {processor.py:925} INFO - DAG(s) 'power_consumption_etl' retrieved from /opt/airflow/dags/scttion.py
[2026-05-01T21:44:02.517+0000] {logging_mixin.py:190} INFO - [2026-05-01T21:44:02.517+0000] {dag.py:3239} INFO - Sync 1 DAGs
[2026-05-01T21:44:02.543+0000] {logging_mixin.py:190} INFO - [2026-05-01T21:44:02.543+0000] {dag.py:4180} INFO - Setting next_dagrun for power_consumption_etl to 2026-05-01 00:00:00+00:00, run_after=2026-05-02 00:00:00+00:00
[2026-05-01T21:44:02.560+0000] {processor.py:208} INFO - Processing /opt/airflow/dags/scttion.py took 0.094 seconds
[2026-05-01T21:44:32.805+0000] {processor.py:186} INFO - Started process (PID=2353) to work on /opt/airflow/dags/scttion.py
[2026-05-01T21:44:32.811+0000] {processor.py:914} INFO - Processing file /opt/airflow/dags/scttion.py for tasks to queue
[2026-05-01T21:44:32.813+0000] {logging_mixin.py:190} INFO - [2026-05-01T21:44:32.812+0000] {dagbag.py:588} INFO - Filling up the DagBag from /opt/airflow/dags/scttion.py
[2026-05-01T21:44:32.828+0000] {processor.py:925} INFO - DAG(s) 'power_consumption_etl' retrieved from /opt/airflow/dags/scttion.py
[2026-05-01T21:44:32.854+0000] {logging_mixin.py:190} INFO - [2026-05-01T21:44:32.854+0000] {dag.py:3239} INFO - Sync 1 DAGs
[2026-05-01T21:44:32.879+0000] {logging_mixin.py:190} INFO - [2026-05-01T21:44:32.879+0000] {dag.py:4180} INFO - Setting next_dagrun for power_consumption_etl to 2026-05-01 00:00:00+00:00, run_after=2026-05-02 00:00:00+00:00
[2026-05-01T21:44:32.896+0000] {processor.py:208} INFO - Processing /opt/airflow/dags/scttion.py took 0.097 seconds
